Date,AMD,UPS,VIX,AvgVIX,zscore
2020-01-30,48.779998779296875,83.85881805419922,15.489999771118164,13.696000051498412,-0.4520553138682614
2020-01-31,47.0,80.38024139404297,18.84000015258789,14.014500045776368,-0.4380598540027811
2020-02-03,48.02000045776367,79.22327423095703,17.969999313354492,14.211999988555908,-0.3456824497268129
2020-02-04,49.45000076293945,80.27151489257812,16.049999237060547,14.32199993133545,-0.30127160559541877
2020-02-05,49.84000015258789,82.33692932128906,15.149999618530273,14.389999914169312,-0.3458714667350339
2020-02-06,49.31999969482422,82.70187377929688,14.960000038146973,14.465499925613404,-0.3857990780453641
2020-02-07,49.72999954223633,80.06964111328125,15.470000267028809,14.611999940872192,-0.2796012180358573
2020-02-10,52.2599983215332,80.03081512451172,15.039999961853027,14.735999917984008,-0.14068732677736862
2020-02-11,53.79999923706055,81.428466796875,15.180000305175781,14.878999948501587,-0.10142589138645233
2020-02-12,53.88999938964844,81.94869995117188,13.739999771118164,14.946499919891357,-0.11310760962399419
2020-02-13,54.529998779296875,81.71576690673828,14.149999618530273,15.032999897003174,-0.07085701298784003
2020-02-14,55.310001373291016,82.26704406738281,13.680000305175781,15.100999927520752,-0.04597977308172845
2020-02-18,56.88999938964844,82.63199615478516,14.829999923706055,15.237499904632568,0.02836931916873856
2020-02-19,58.900001525878906,82.89599609375,14.380000114440918,15.313999891281128,0.1293354625193664
2020-02-20,57.27000045776367,82.67858123779297,15.5600004196167,15.446499919891357,0.04756345762092617
2020-02-21,53.279998779296875,79.92988586425781,17.079999923706055,15.651499938964843,-0.08196480079149193
2020-02-24,49.119998931884766,77.23234558105469,25.030000686645508,16.174999952316284,-0.22237421908970573
2020-02-25,47.56999969482422,73.6330337524414,27.850000381469727,16.655999994277956,-0.19201501868558038
2020-02-26,47.4900016784668,73.49974060058594,27.559999465942383,17.219999933242796,-0.19212040113724446
2020-02-27,44.0099983215332,70.76299285888672,39.15999984741211,18.35849995613098,-0.2942765171027762
2020-02-28,45.47999954223633,70.95903778076172,40.11000061035156,19.589499998092652,-0.22053028665608268
2020-03-02,47.459999084472656,72.73123931884766,33.41999816894531,20.318499898910524,-0.1692616993130329
2020-03-03,46.75,71.59420776367188,36.81999969482422,21.26099991798401,-0.1716621035850769
2020-03-04,50.11000061035156,75.13861846923828,31.989999771118164,22.05799994468689,-0.10177566893026081
2020-03-05,48.11000061035156,72.91944122314453,39.619998931884766,23.281499910354615,-0.1398879623154632
2020-03-06,48.59000015258789,73.71144104003906,41.939998626708984,24.630499839782715,-0.1390077702240458
2020-03-09,43.27000045776367,68.36345672607422,54.459999084472656,26.57999978065491,-0.2580746179494687
2020-03-10,45.380001068115234,72.78614044189453,47.29999923706055,28.192999744415282,-0.2841999126617451
2020-03-11,45.70000076293945,68.99862670898438,53.900001525878906,30.12899980545044,-0.14608198866068997
2020-03-12,39.0099983215332,67.57144165039062,75.47000122070312,33.21549987792969,-0.46465311844359225
2020-03-13,43.900001525878906,73.89183044433594,57.83000183105469,35.39949998855591,-0.39997522625092014
2020-03-16,38.709999084472656,68.26934051513672,82.69000244140625,38.850000095367434,-0.5032197100154515
2020-03-17,41.880001068115234,75.8992691040039,75.91000366210938,41.9040002822876,-0.5738739449852202
2020-03-18,39.119998931884766,77.83616638183594,76.44999694824219,45.007500123977664,-0.785793719908726
2020-03-19,39.81999969482422,75.47581481933594,72.0,47.829500102996825,-0.6724792769746432
2020-03-20,39.61000061035156,73.28800964355469,66.04000091552734,50.27750015258789,-0.6141837537946175
2020-03-23,41.63999938964844,72.06470489501953,61.59000015258789,52.10550012588501,-0.4647305184062928
2020-03-24,46.220001220703125,74.69950866699219,61.66999816894531,53.796500015258786,-0.2994662359610808
2020-03-25,44.630001068115234,74.10353088378906,63.95000076293945,55.61600008010864,-0.3669970615003676
2020-03-26,47.5,78.2439193725586,61.0,56.708000087738036,-0.3427685780205039
2020-03-27,46.58000183105469,76.47169494628906,65.54000091552734,57.97950010299682,-0.3363536700081984
2020-03-30,47.86000061035156,76.7226333618164,57.08000183105469,59.16250028610229,-0.2746963238066181
2020-03-31,45.47999954223633,73.25664520263672,53.540000915527344,59.99850034713745,-0.2937527514314904
2020-04-01,43.65999984741211,70.88060760498047,57.060001373291016,61.252000427246095,-0.3170708707429725
2020-04-02,44.4900016784668,72.95865631103516,50.90999984741211,61.81650047302246,-0.3381294822763458
2020-04-03,42.59000015258789,70.57478332519531,46.79999923706055,62.059500503540036,-0.3655514058528811
2020-04-06,47.52000045776367,75.02885437011719,45.2400016784668,61.598500633239745,-0.23921927450593597
2020-04-07,47.560001373291016,72.85671997070312,46.70000076293945,61.568500709533694,-0.16781875509041114
2020-04-08,48.790000915527344,77.46760559082031,43.349998474121094,61.041000556945804,-0.24782943277233344
2020-04-09,48.380001068115234,77.38919067382812,41.66999816894531,59.35100040435791,-0.2676416486218987
2020-04-13,50.939998626708984,77.17745208740234,41.16999816894531,58.51800022125244,-0.1215847421780951
2020-04-14,54.93000030517578,79.5142593383789,37.7599983215332,56.27150001525879,0.021069981294591363
2020-04-15,54.9900016784668,78.35371398925781,40.84000015258789,54.51799983978272,0.06132054074406002
2020-04-16,56.95000076293945,80.15728759765625,40.11000061035156,52.70100002288818,0.11050095381466644
2020-04-17,56.599998474121094,80.57289123535156,38.150001525878906,51.00850009918213,0.07820978280524508
2020-04-20,56.970001220703125,79.35741424560547,43.83000183105469,49.898000144958495,0.13708050006658218
2020-04-21,52.91999816894531,78.90261840820312,45.40999984741211,49.089000129699706,-0.06881718921190366
2020-04-22,55.91999816894531,76.54227447509766,41.97999954223633,48.104500198364256,0.16965752544192972
2020-04-23,55.900001525878906,77.98516082763672,41.380001068115234,46.976000213623045,0.12258600158881215
2020-04-24,56.18000030517578,78.55757141113281,35.93000030517578,45.722500228881835,0.11958071612391462
2020-04-27,56.4900016784668,80.41605377197266,33.290000915527344,44.11000022888184,0.07722227159095876
2020-04-28,55.5099983215332,75.61697387695312,33.56999969482422,42.93450012207031,0.1768347144691861
2020-04-29,53.65999984741211,75.36605072021484,31.229999542236328,41.81900005340576,0.08415884766356656
2020-04-30,52.38999938964844,74.22899627685547,34.150001525878906,40.673500061035156,0.05128522348747351
2020-05-01,49.880001068115234,72.06470489501953,37.189998626708984,39.9875,-0.01632912943443248
2020-05-04,52.560001373291016,70.9198226928711,35.970001220703125,39.44600009918213,0.16599640197034032
2020-05-05,52.189998626708984,72.69986724853516,33.61000061035156,38.86450004577637,0.0891334775481167
2020-05-06,52.15999984741211,72.87238311767578,34.119998931884766,38.235499954223634,0.08200310570625692
2020-05-07,51.95000076293945,72.79397583007812,31.440000534057617,37.64000005722046,0.0730742148744249
2020-05-08,53.189998626708984,74.3623046875,27.979999542236328,36.95550012588501,0.0905708819942099
2020-05-11,55.7400016784668,73.6408920288086,27.56999969482422,36.275500202178954,0.25232671711175825
2020-05-12,53.7599983215332,72.8096694946289,33.040000915527344,36.03950033187866,0.17106985663514576
2020-05-13,52.18000030517578,71.15505981445312,35.279998779296875,35.76150026321411,0.13782086998153756
2020-05-14,54.5099983215332,71.90001678466797,32.61000061035156,35.38650026321411,0.24087280923734217
2020-05-15,54.20000076293945,71.38247680664062,31.889999389648438,35.07350015640259,0.24049696047738703
2020-05-18,54.59000015258789,75.35820770263672,29.299999237060547,34.34700002670288,0.13501721232838923
2020-05-19,55.470001220703125,75.61697387695312,30.530000686645508,33.60300006866455,0.17465816690683275
2020-05-20,56.38999938964844,76.205078125,27.989999771118164,32.90350008010864,0.20597999199099395
2020-05-21,54.650001525878906,76.30703735351562,29.530000686645508,32.31100006103516,0.10804408718966053
2020-05-22,55.16999816894531,76.63983154296875,28.15999984741211,31.92250003814697,0.1257352537519924
2020-05-26,53.189998626708984,76.91718292236328,28.010000228881836,31.658500003814698,0.009149452129107795
2020-05-27,52.7400016784668,78.93778991699219,27.6200008392334,31.361000061035156,-0.07973305323506269
2020-05-28,51.7400016784668,79.01702117919922,28.59000015258789,31.229000091552734,-0.13667570801583453
2020-05-29,53.79999923706055,79.00909423828125,27.510000228881836,30.89700002670288,-0.024322892735076755
2020-06-01,53.630001068115234,78.66836547851562,28.229999542236328,30.449000072479247,-0.022715103840226993
2020-06-02,53.540000915527344,80.16595458984375,26.84000015258789,29.992500019073486,-0.07533937554729751
2020-06-03,52.72999954223633,82.13109588623047,25.65999984741211,29.594999980926513,-0.18204483299544935
2020-06-04,52.630001068115234,81.77449035644531,25.809999465942383,29.179500007629393,-0.17612184950354406
2020-06-05,53.099998474121094,84.50825500488281,24.520000457763672,28.8335000038147,-0.23766806511226646
2020-06-08,52.970001220703125,87.51934814453125,25.809999465942383,28.725,-0.340702753382115
2020-06-09,56.38999938964844,85.44327545166016,27.56999969482422,28.725,-0.088432174290928
2020-06-10,57.439998626708984,84.49240112304688,27.56999969482422,28.451499938964844,-0.0009902812304257123
2020-06-11,52.83000183105469,79.6113052368164,40.790000915527344,28.727000045776368,-0.09629972172962638
2020-06-12,53.5,80.41162109375,36.09000015258789,28.901000022888184,-0.0853452779900672
2020-06-15,54.68000030517578,83.70794677734375,34.400001525878906,29.026500129699706,-0.12618307727511432
2020-06-16,54.459999084472656,83.85850524902344,33.66999816894531,29.245000076293945,-0.14295317185001793
2020-06-17,54.54999923706055,84.77767181396484,33.470001220703125,29.392000102996825,-0.1673485013557606
2020-06-18,54.040000915527344,85.24518585205078,32.939998626708984,29.639500045776366,-0.2100006106511014
2020-06-19,54.22999954223633,85.39573669433594,35.119998931884766,29.91899995803833,-0.20445924077298894
2020-06-22,54.7599983215332,84.70634460449219,31.770000457763672,30.09949998855591,-0.15364772093434537
2020-06-23,53.9900016784668,87.64611053466797,31.3700008392334,30.267500019073488,-0.28923653397483384
2020-06-24,52.38999938964844,86.7665786743164,33.84000015258789,30.57849998474121,-0.34827506550118326
2020-06-25,51.93000030517578,87.57482147216797,32.220001220703125,30.760000038146973,-0.3990650215520267
2020-06-26,50.099998474121094,85.03915405273438,34.72999954223633,31.121000003814697,-0.4178401896918837
2020-06-29,50.279998779296875,86.75071716308594,31.780000686645508,31.298500061035156,-0.46259081418688563
2020-06-30,52.61000061035156,88.09778594970703,30.43000030517578,31.47800006866455,-0.3787273724502615
2020-07-01,52.58000183105469,90.66513061523438,28.6200008392334,31.626000118255615,-0.4621785576377957
2020-07-02,52.34000015258789,90.61756896972656,27.68000030517578,31.719500160217287,-0.4737231385785566
2020-07-06,53.400001525878906,91.40995788574219,27.940000534057617,31.890500164031984,-0.44129301978708957
2020-07-07,52.93000030517578,90.68890380859375,29.43000030517578,32.07150020599365,-0.44389009709217575
2020-07-08,53.43000030517578,90.70474243164062,28.079999923706055,32.097000217437746,-0.4171860416615312
2020-07-09,57.2599983215332,90.68890380859375,29.260000228881836,32.18150024414062,-0.20826185324680146
2020-07-10,55.880001068115234,91.18017578125,27.290000915527344,31.506500244140625,-0.29901438706878286
2020-07-13,53.59000015258789,90.14213562011719,32.189998626708984,31.31150016784668,-0.39054950878445793
2020-07-14,54.720001220703125,91.38619232177734,29.520000457763672,31.067500114440918,-0.36870437565828296
2020-07-15,55.34000015258789,94.4606704711914,27.760000228881836,30.772000217437743,-0.43294606386719275
2020-07-16,54.91999816894531,94.88062286376953,28.0,30.49850015640259,-0.4691850430897983
2020-07-17,55.040000915527344,93.93769836425781,25.68000030517578,30.13550024032593,-0.4326047110844061
2020-07-20,57.459999084472656,93.77919006347656,24.459999084472656,29.602500247955323,-0.2958626363698553
2020-07-21,57.0,94.32597351074219,24.84000015258789,29.256000232696532,-0.33832014280106065
2020-07-22,61.790000915527344,94.07238006591797,24.31999969482422,28.903500175476076,-0.06957785889254506
2020-07-23,59.56999969482422,93.6128158569336,26.079999923706055,28.515500164031984,-0.17573921649609703
2020-07-24,69.4000015258789,93.77919006347656,25.84000015258789,28.19650011062622,0.35388403698885196
2020-07-27,68.97000122070312,95.88697052001953,24.739999771118164,27.697000122070314,0.2633115700293264
2020-07-28,67.61000061035156,94.78556060791016,25.440000534057617,27.380000114440918,0.2244043947798084
2020-07-29,76.08999633789062,98.00263977050781,24.100000381469727,27.063500118255615,0.583340576664027
2020-07-30,78.19999694824219,112.09132385253906,24.760000228881836,26.870500087738037,0.24916945802401705
2020-07-31,77.43000030517578,113.12141418457031,24.459999084472656,26.70950002670288,0.1744401081304061
2020-08-03,77.66999816894531,112.66179656982422,24.280000686645508,26.526500034332276,0.20214778038617012
2020-08-04,85.04000091552734,114.67449951171875,23.760000228881836,26.243000030517578,0.5390630444056079
2020-08-05,85.30999755859375,114.95975494384766,22.989999771118164,25.988500022888182,0.544664815609629
2020-08-06,86.70999908447266,115.26881408691406,22.649999618530273,25.657999992370605,0.6110001774424231
2020-08-07,84.8499984741211,124.32579040527344,22.209999084472656,25.403999900817873,0.22114651358554616
2020-08-10,82.23999786376953,126.45732116699219,22.1299991607666,24.90099992752075,0.011186691006913376
2020-08-11,76.87999725341797,123.4937744140625,24.030000686645508,24.626499938964844,-0.1860465668712877
2020-08-12,82.61000061035156,125.03099060058594,22.280000686645508,24.352499961853027,0.07677710217364649
2020-08-13,81.83999633789062,126.21957397460938,22.1299991607666,24.058999919891356,-0.00300367860404354
2020-08-14,81.30000305175781,127.36857604980469,22.049999237060547,23.877499866485596,-0.0690063892430175
2020-08-17,82.41999816894531,127.01991271972656,21.350000381469727,23.72199993133545,0.003052648006461974
2020-08-18,81.66000366210938,126.7742691040039,21.510000228881836,23.555499935150145,-0.03047603643664924
2020-08-19,81.08999633789062,127.05160522460938,22.540000915527344,23.466499996185302,-0.07033291243092135
2020-08-20,82.7699966430664,126.42565155029297,22.719999313354492,23.298499965667723,0.04103724938482221
2020-08-21,83.80999755859375,126.81637573242188,22.540000915527344,23.133500003814696,0.08517964642678223
2020-08-24,83.08000183105469,127.86900329589844,22.3700008392334,23.01500005722046,0.011908812517558494
2020-08-25,86.3499984741211,126.82434844970703,22.030000686645508,22.844500064849854,0.2231464020206443
2020-08-26,86.0199966430664,126.71268463134766,23.270000457763672,22.803000068664552,0.20874709832064434
2020-08-27,83.80000305175781,127.75736236572266,24.469999313354492,22.788500022888183,0.054647460331703174
2020-08-28,85.55000305175781,129.47181701660156,22.959999084472656,22.713500022888184,0.09524035284377638
2020-08-31,90.81999969482422,130.47659301757812,26.40999984741211,22.819999980926514,0.3499998847424915
2020-09-01,92.18000030517578,129.70306396484375,26.1200008392334,22.938000011444093,0.44865950116286707
2020-09-02,90.22000122070312,132.1990509033203,26.56999969482422,23.117000007629393,0.262456367110462
2020-09-03,82.54000091552734,126.01097869873047,33.599998474121094,23.664499950408935,0.04173663784987842
2020-09-04,82.01000213623047,128.2118682861328,30.75,24.091499996185302,-0.05724480484825068
2020-09-08,78.69000244140625,124.75901794433594,31.459999084472656,24.557999992370604,-0.12787242213872216
2020-09-09,81.91000366210938,127.43040466308594,28.809999465942383,24.79699993133545,-0.03778201622156909
2020-09-10,78.9800033569336,125.90727996826172,29.709999084472656,25.168499851226805,-0.14868522804864254
2020-09-11,76.33999633789062,126.68878173828125,26.8700008392334,25.405499935150146,-0.31725384629624953
2020-09-14,77.9000015258789,127.70150756835938,25.850000381469727,25.595499992370605,-0.26463662175622943
2020-09-15,78.93000030517578,128.80999755859375,25.59000015258789,25.807499980926515,-0.24391300015944062
2020-09-16,76.66000366210938,127.4862289428711,26.040000915527344,26.03400001525879,-0.3252536548723359
2020-09-17,76.55000305175781,127.39054107666016,26.459999084472656,26.229999923706053,-0.3281901505541131
2020-09-18,74.93000030517578,127.3187484741211,25.829999923706055,26.385499954223633,-0.41405890693050657
2020-09-21,77.94000244140625,128.4351806640625,27.780000686645508,26.64749994277954,-0.28584129891588816
2020-09-22,77.69999694824219,129.09701538085938,26.860000610351562,26.87199993133545,-0.3199938443892635
2020-09-23,74.7300033569336,128.82594299316406,28.579999923706055,27.199499893188477,-0.47297505871390055
2020-09-24,75.81999969482422,127.91686248779297,28.510000228881836,27.461499881744384,-0.3846885456958414
2020-09-25,78.05999755859375,132.47018432617188,26.3799991607666,27.55699987411499,-0.40790300466875107
2020-09-28,79.4800033569336,134.6870880126953,26.190000534057617,27.71849994659424,-0.40128016692859036
2020-09-29,81.7699966430664,134.3680877685547,26.270000457763672,27.711499977111817,-0.26649793153197104
2020-09-30,81.98999786376953,132.8768768310547,26.3700008392334,27.723999977111816,-0.2070025754437309
2020-10-01,84.86000061035156,133.69029235839844,26.700000762939453,27.73050003051758,-0.07674656301773611
2020-10-02,81.80000305175781,133.14004516601562,27.6299991607666,27.432000064849852,-0.22572855668818725
2020-10-05,86.1500015258789,134.89442443847656,27.959999084472656,27.292500019073486,-0.044922258875934526
2020-10-06,84.4800033569336,135.04592895507812,29.479999542236328,27.19350004196167,-0.14062790504427378
2020-10-07,86.69000244140625,139.54342651367188,28.059999465942383,27.15600004196167,-0.16369576227672145
2020-10-08,86.51000213623047,138.9214630126953,26.360000610351562,26.988500118255615,-0.15366959429990562
2020-10-09,83.0999984741211,139.30421447753906,25.0,26.895000076293947,-0.35143183156235364
2020-10-12,84.29000091552734,140.77947998046875,25.06999969482422,26.85600004196167,-0.3336899603936079
2020-10-13,85.27999877929688,139.81460571289062,26.06999969482422,26.880000019073485,-0.2490670359175823
2020-10-14,84.20999908447266,139.05703735351562,26.399999618530273,26.897999954223632,-0.2831509362323814
2020-10-15,83.12999725341797,138.785888671875,26.969999313354492,26.923499965667723,-0.33328084076923353
2020-10-16,83.16999816894531,139.1048583984375,27.40999984741211,27.002499961853026,-0.34126933375833374
2020-10-19,82.0,137.2388916015625,29.18000030517578,27.07249994277954,-0.34547135787420985
2020-10-20,81.55999755859375,139.45578002929688,29.350000381469727,27.196999931335448,-0.4400652800059134
2020-10-21,79.19999694824219,137.7412109375,28.649999618530273,27.20049991607666,-0.5138493148704311
2020-10-22,79.41999816894531,137.94857788085938,28.110000610351562,27.180499935150145,-0.5084859475046228
2020-10-23,81.95999908447266,137.07937622070312,27.549999237060547,27.238999938964845,-0.34256451638935326
2020-10-26,82.2300033569336,133.96939086914062,32.459999084472656,27.552499866485597,-0.22875938101317142
2020-10-27,78.87999725341797,136.2340850830078,33.349998474121094,27.906499767303465,-0.4832323379497833
2020-10-28,76.4000015258789,124.22467041015625,40.279998779296875,28.60199966430664,-0.23545972721852018
2020-10-29,78.0199966430664,128.6743927001953,37.59000015258789,29.146499633789062,-0.2891116536124279
2020-10-30,75.29000091552734,125.2853012084961,38.02000045776367,29.665999698638917,-0.3296645825979655
2020-11-02,74.69999694824219,127.23107147216797,37.130001068115234,30.124499797821045,-0.42378096634104717
2020-11-03,76.58000183105469,130.36497497558594,35.54999923706055,30.427999782562257,-0.4213499398374192
2020-11-04,81.3499984741211,129.6472930908203,29.56999969482422,30.50349979400635,-0.13890620380072255
2020-11-05,83.0,130.42877197265625,27.579999923706055,30.56449975967407,-0.07402198116805465
2020-11-06,85.87999725341797,133.7141571044922,24.860000610351562,30.55749979019165,-0.022001305559082595
2020-11-09,83.12000274658203,130.15760803222656,25.75,30.59149980545044,-0.058849990468746546
2020-11-10,77.98999786376953,131.3617706298828,24.799999237060547,30.527999782562254,-0.37638817961892235
2020-11-11,81.27999877929688,132.8848419189453,23.450000762939453,30.380499839782715,-0.24589288463455017
2020-11-12,81.83999633789062,130.8630828857422,25.350000381469727,30.299499893188475,-0.15098769207935087
2020-11-13,81.43000030517578,131.3123779296875,23.100000381469727,30.083999919891358,-0.1876172922677429
2020-11-16,83.7300033569336,135.13931274414062,22.450000762939453,29.74749994277954,-0.18441717848670772
2020-11-17,83.36000061035156,135.4923553466797,22.709999084472656,29.415499877929687,-0.21580296906425392
2020-11-18,82.54000091552734,135.14735412597656,23.84000015258789,29.174999904632568,-0.24943056570593639
2020-11-19,85.54000091552734,133.56680297851562,23.110000610351562,28.924999904632568,-0.035807072037617085
2020-11-20,84.63999938964844,131.38453674316406,23.700000762939453,28.732499980926512,-0.015236369152577265
2020-11-23,85.30999755859375,133.66307067871094,22.65999984741211,28.242500019073486,-0.05139126626956094
2020-11-24,85.06999969482422,138.5491180419922,21.639999389648438,27.657000064849854,-0.2201648548594715
2020-11-25,86.70999908447266,136.7920684814453,21.25,26.70550012588501,-0.07492454657748793
2020-11-27,87.19000244140625,135.50038146972656,20.84000015258789,25.86800012588501,-0.007639118799822045
2020-11-30,92.66000366210938,137.24940490722656,20.56999969482422,24.995500087738037,0.23428576280449942
2020-12-01,92.62999725341797,134.7542266845703,20.770000457763672,24.17750005722046,0.3121717348787068
2020-12-02,93.73999786376953,135.4521942138672,21.170000076293945,23.458500099182128,0.3503318095556299
2020-12-03,92.30999755859375,134.6499481201172,21.280000686645508,23.044000148773193,0.29808136305814353
2020-12-04,94.04000091552734,134.1845703125,20.790000915527344,22.704500198364258,0.4070551793400949
2020-12-07,94.06999969482422,134.36114501953125,21.299999237060547,22.526500129699706,0.4030603815059649
2020-12-08,92.91999816894531,133.49462890625,20.68000030517578,22.273000144958495,0.36809502751873097
2020-12-09,89.83000183105469,135.7330322265625,22.270000457763672,22.146500205993654,0.1286090512835404
2020-12-10,91.66000366210938,131.76963806152344,22.520000457763672,22.100000190734864,0.35450285222878253
2020-12-11,91.6500015258789,135.10723876953125,23.309999465942383,21.998000144958496,0.24759254256888558
2020-12-14,94.77999877929688,133.6791229248047,24.719999313354492,22.079000091552736,0.46343221751017805
2020-12-15,97.12000274658203,134.12037658691406,22.889999389648438,22.101000022888183,0.5767073794898975
2020-12-16,96.8499984741211,136.4952392578125,22.5,22.09050006866455,0.48632987325438043
2020-12-17,96.83999633789062,139.99319458007812,21.93000030517578,21.995000076293945,0.3743092214262444
2020-12-18,95.91999816894531,140.5468292236328,21.56999969482422,21.91800003051758,0.30660131272437546
2020-12-21,93.2300033569336,138.46885681152344,25.15999984741211,21.99099998474121,0.2264410770384284
2020-12-22,93.16000366210938,140.0493927001953,24.229999542236328,22.069499969482422,0.1722617515588446
2020-12-23,91.55000305175781,138.509033203125,23.309999465942383,22.15299997329712,0.13373905497600239
2020-12-24,91.80999755859375,138.14793395996094,21.530000686645508,22.167000007629394,0.15939521464182696
2020-12-28,91.5999984741211,137.4820556640625,21.700000762939453,22.210000038146973,0.16918844091421828
2020-12-29,90.62000274658203,135.6126708984375,23.079999923706055,22.335500049591065,0.1754348272301
2020-12-30,92.29000091552734,133.36622619628906,22.770000457763672,22.435500049591063,0.3379041347978318
2020-12-31,91.70999908447266,135.10723876953125,22.75,22.514500045776366,0.2508574677058139
2021-01-04,92.30000305175781,131.41668701171875,26.969999313354492,22.798999977111816,0.40057830340145584
2021-01-05,92.7699966430664,129.58741760253906,25.34000015258789,23.026499938964843,0.4844512400895328
2021-01-06,90.33000183105469,129.20230102539062,25.06999969482422,23.214999961853028,0.36394577989837024
2021-01-07,95.16000366210938,127.56558227539062,22.3700008392334,23.299499988555908,0.678943647642775
2021-01-08,94.58000183105469,127.07617950439453,21.559999465942383,23.263999938964844,0.6629781005989943
2021-01-11,97.25,129.86016845703125,24.079999923706055,23.34199991226196,0.7195501209119375
2021-01-12,95.36000061035156,131.5049285888672,23.329999923706055,23.342999935150146,0.5642839568083182
2021-01-13,91.77999877929688,130.8630828857422,22.209999084472656,23.217499923706054,0.38992371486341715
2021-01-14,90.79000091552734,131.15191650390625,23.25,23.235499954223634,0.3268455339180639
2021-01-15,88.20999908447266,127.48538970947266,24.34000015258789,23.32749996185303,0.3032965051097908
2021-01-19,89.44999694824219,125.38337707519531,23.239999771118164,23.392999935150147,0.43776330734967533
2021-01-20,88.75,128.23951721191406,21.579999923706055,23.39349994659424,0.3086487829424955
2021-01-21,91.52999877929688,128.44813537597656,21.31999969482422,23.201499938964844,0.45328128330502737
2021-01-22,92.79000091552734,127.55760955810547,21.90999984741211,23.085499954223632,0.5502277900526062
2021-01-25,94.12999725341797,129.7719268798828,23.190000534057617,23.079500007629395,0.5525791271945543
2021-01-26,94.70999908447266,129.51516723632812,23.020000457763672,23.153999996185302,0.5923241287247724
2021-01-27,88.83999633789062,126.48249053955078,37.209999084472656,23.929499912261964,0.3695408642590288
2021-01-28,87.5199966430664,126.17761993408203,30.209999084472656,24.285999870300294,0.3074255281945905
2021-01-29,85.63999938964844,124.35639953613281,33.09000015258789,24.801999855041505,0.2631610110648349
2021-02-01,87.66000366210938,125.36729431152344,30.239999771118164,25.176499843597412,0.3408686509525616
2021-02-02,88.86000061035156,128.6005859375,25.559999465942383,25.105999851226805,0.3031278544174015
2021-02-03,87.88999938964844,128.13523864746094,22.90999984741211,24.984499835968016,0.26517283936879743
2021-02-04,87.83999633789062,130.18109130859375,21.770000457763672,24.81949987411499,0.19725250085097212
2021-02-05,87.9000015258789,131.88198852539062,20.8700008392334,24.74449987411499,0.14631193750809085
2021-02-08,91.47000122070312,131.13584899902344,21.239999771118164,24.72849988937378,0.3643615965163762
2021-02-09,90.91000366210938,133.91986083984375,21.6299991607666,24.605999851226805,0.2451641646411288
2021-02-10,92.3499984741211,132.908935546875,21.989999771118164,24.538999843597413,0.3557424583970266
2021-02-11,92.66000366210938,130.26937866210938,21.25,24.49099988937378,0.45673226127873817
2021-02-12,93.7699966430664,131.0876922607422,19.969999313354492,24.326999855041503,0.49105661117307564
2021-02-16,91.45999908447266,129.7719268798828,21.459999084472656,24.18299980163574,0.40728414617093767
2021-02-17,89.94000244140625,129.1702117919922,21.5,24.095999813079835,0.3437455881337264
2021-02-18,88.63999938964844,130.0687713623047,22.489999771118164,24.14149980545044,0.24436629853202338
2021-02-19,89.58000183105469,129.61663818359375,22.049999237060547,24.177999782562257,0.3099280416004085
2021-02-22,85.37000274658203,130.47250366210938,23.450000762939453,24.254999828338622,0.05355427352257468
2021-02-23,84.73999786376953,129.83465576171875,23.110000610351562,24.25099983215332,0.039598477472310004
2021-02-24,86.94000244140625,129.23721313476562,21.34000015258789,24.16699981689453,0.1783574223131536
2021-02-25,82.41999816894531,127.17030334472656,28.889999389648438,23.75099983215332,-0.0017401517280667403
2021-02-26,84.51000213623047,127.42867279052734,27.950000762939453,23.63799991607666,0.10375894014144058
2021-03-01,86.38999938964844,130.36752319335938,23.350000381469727,23.15099992752075,0.11240569990963334
2021-03-02,84.12999725341797,130.28680419921875,24.100000381469727,22.84399995803833,-0.008005833278223528
2021-03-03,80.86000061035156,129.52784729003906,26.670000076293945,22.89949998855591,-0.1617641088790246
2021-03-04,77.75,128.73658752441406,28.56999969482422,23.182499980926515,-0.30578631913007404
2021-03-05,78.5199966430664,132.73313903808594,24.65999984741211,23.326999950408936,-0.391251048512732
2021-03-08,73.95999908447266,129.88307189941406,25.469999313354492,23.55699987411499,-0.5485665162658434
2021-03-09,78.52999877929688,131.82083129882812,24.030000686645508,23.69649991989136,-0.36163241509116356
2021-03-10,77.5199966430664,133.40325927734375,22.559999465942383,23.742999935150145,-0.46702474766442176
2021-03-11,81.2300033569336,135.0260772705078,21.90999984741211,23.738999938964845,-0.31685255951495733
2021-03-12,81.05000305175781,135.38943481445312,20.690000534057617,23.710999965667725,-0.3382275938572839
2021-03-15,82.5,131.3121795654297,20.030000686645508,23.714000034332276,-0.12938411967043176
2021-03-16,82.75,131.4574737548828,19.790000915527344,23.63050012588501,-0.12041009276780844
2021-03-17,82.62999725341797,129.7054443359375,19.229999542236328,23.517000102996825,-0.07110492210341343
2021-03-18,78.12000274658203,129.3421630859375,21.579999923706055,23.47150011062622,-0.3049507366006248
2021-03-19,79.05999755859375,128.60743713378906,20.950000762939453,23.416500186920167,-0.23038345790596665
2021-03-22,80.30000305175781,130.03648376464844,18.8799991607666,23.188000106811522,-0.20844758949481443
2021-03-23,78.37999725341797,129.0676727294922,20.299999237060547,23.04750003814697,-0.2820547160676315
2021-03-24,76.4800033569336,129.10804748535156,21.200000762939453,23.04050006866455,-0.3867345903617199
2021-03-25,76.22000122070312,131.80465698242188,19.809999465942383,22.586500072479247,-0.48682155555899
2021-03-26,77.41000366210938,135.62356567382812,18.860000610351562,22.132000064849855,-0.5437692632889344
2021-03-29,77.13999938964844,135.75277709960938,20.739999771118164,22.001500034332274,-0.5625800964592775
2021-03-30,76.0,136.15646362304688,19.610000610351562,21.77700004577637,-0.637481253350923
2021-03-31,78.5,137.2464141845703,19.399999618530273,21.413500022888183,-0.5361728113453178
2021-04-01,81.08999633789062,138.28790283203125,17.329999923706055,20.851500034332275,-0.4284225486029831
2021-04-05,81.43000030517578,138.828857421875,17.90999984741211,20.514000034332277,-0.4271600225060673
2021-04-06,81.44000244140625,139.65240478515625,18.1200008392334,20.14650011062622,-0.4528613658093094
2021-04-07,82.19999694824219,138.828857421875,17.15999984741211,19.803000068664552,-0.3852586276123117
2021-04-08,83.3499984741211,139.69276428222656,16.950000762939453,19.522500133514406,-0.35021011932773577
2021-04-09,82.76000213623047,142.05029296875,16.690000534057617,19.26150016784668,-0.4574484195567475
2021-04-12,78.58000183105469,144.18179321289062,16.90999984741211,19.072500133514403,-0.7528429371000681
2021-04-13,80.19000244140625,144.85997009277344,16.649999618530273,18.903500080108643,-0.6868433374937054
2021-04-14,78.55000305175781,142.2682647705078,16.989999771118164,18.763500022888184,-0.6934931502054039
2021-04-15,83.01000213623047,145.03761291503906,16.56999969482422,18.630500030517577,-0.5390469286276103
2021-04-16,82.1500015258789,145.09413146972656,16.25,18.364000034332275,-0.5876473165603252
2021-04-19,81.11000061035156,143.76193237304688,17.290000915527344,18.18100004196167,-0.6017858438761995
2021-04-20,79.2699966430664,145.07798767089844,18.68000030517578,18.17100009918213,-0.7438558790882253
2021-04-21,81.61000061035156,144.17373657226562,17.5,18.0310001373291,-0.5877008177790594
2021-04-22,79.05999755859375,143.31790161132812,18.709999084472656,17.90650005340576,-0.699191339000587
2021-04-23,82.76000213623047,144.4886016845703,17.329999923706055,17.782500076293946,-0.5351548947169054
2021-04-26,85.41000366210938,141.94532775878906,17.639999389648438,17.72150001525879,-0.30989647161203937
2021-04-27,85.20999908447266,156.73651123046875,17.559999465942383,17.5625,-0.792160562563171
2021-04-28,84.0199966430664,160.1597900390625,17.280000686645508,17.446000003814696,-0.9660141719193703
2021-04-29,83.91000366210938,164.4792938232422,17.610000610351562,17.35650005340576,-1.109658021744201
2021-04-30,81.62000274658203,164.59234619140625,18.610000610351562,17.420500087738038,-1.2378773182136698
2021-05-03,78.55000305175781,171.32589721679688,18.309999465942383,17.44050006866455,-1.6195310137664596
2021-05-04,78.61000061035156,173.02940368652344,19.479999542236328,17.508500003814696,-1.6705551465802762
2021-05-05,77.83000183105469,173.19900512695312,19.149999618530273,17.607999992370605,-1.718405863381958
2021-05-06,77.88999938964844,173.40892028808594,18.389999389648438,17.679999923706056,-1.7218307257803296
2021-05-07,78.80999755859375,175.60499572753906,16.690000534057617,17.679999923706056,-1.7417533442863322
2021-05-10,75.98999786376953,174.49887084960938,19.65999984741211,17.817499923706055,-1.8599599529245103
2021-05-11,76.83000183105469,173.04559326171875,21.84000015258789,18.076999950408936,-1.7679344129321608
2021-05-12,74.63999938964844,170.1147918701172,27.59000015258789,18.606999969482423,-1.7937074353002824
2021-05-13,73.08999633789062,174.12747192382812,23.1299991607666,18.93499994277954,-2.005935057658198
2021-05-14,74.58999633789062,174.70071411132812,18.809999465942383,19.06299991607666,-1.9425772665746097
2021-05-17,74.6500015258789,174.62802124023438,19.719999313354492,19.18449983596802,-1.936995276717082
2021-05-18,74.44000244140625,172.77108764648438,21.34000015258789,19.317499828338622,-1.8892443019789718
2021-05-19,76.2300033569336,173.06173706054688,22.18000030517578,19.551499843597412,-1.801099396644376
2021-05-20,78.05999755859375,172.730712890625,20.670000076293945,19.649499893188477,-1.6909660321394007
2021-05-21,77.16999816894531,171.87892150878906,20.149999618530273,19.790499877929687,-1.7122519477991323
2021-05-24,77.44000244140625,173.14443969726562,18.399999618530273,19.82849988937378,-1.7378897611116022
2021-05-25,77.86000061035156,171.57066345214844,18.84000015258789,19.892499923706055,-1.6648797701651332
2021-05-26,78.33999633789062,173.45269775390625,17.360000610351562,19.896499919891358,-1.698738101228255
2021-05-27,78.41999816894531,172.63336181640625,16.739999771118164,19.852999877929687,-1.6682731689996322
2021-05-28,80.08000183105469,174.09361267089844,16.760000228881836,19.7604998588562,-1.6244764418738171
2021-06-01,80.80999755859375,173.03085327148438,17.899999618530273,19.739999866485597,-1.550882716424037
2021-06-02,81.97000122070312,171.91136169433594,17.479999542236328,19.639999866485596,-1.4520809788001507
2021-06-03,80.27999877929688,171.96810913085938,18.040000915527344,19.58449993133545,-1.5458553961737518
2021-06-04,81.58000183105469,170.8729705810547,16.420000076293945,19.485999965667723,-1.4402113298898316
2021-06-07,81.3499984741211,172.730712890625,16.420000076293945,19.472499942779542,-1.5119319690643493
2021-06-08,80.88999938964844,170.16717529296875,17.06999969482422,19.342999935150146,-1.455266635369043
2021-06-09,79.95999908447266,163.10931396484375,17.889999389648438,19.145499897003173,-1.2809480256556722
2021-06-10,81.55999755859375,164.8454132080078,16.100000381469727,18.570999908447266,-1.2492076528015004
2021-06-11,81.30999755859375,164.8454132080078,15.649999618530273,18.196999931335448,-1.2628120611034928
2021-06-14,81.55000305175781,163.13363647460938,16.389999389648438,18.07599992752075,-1.195198907175045
2021-06-15,80.47000122070312,164.14772033691406,17.020000457763672,17.94099998474121,-1.286287895400983
2021-06-16,80.11000061035156,162.59011840820312,18.149999618530273,17.78149995803833,-1.2562390513159882
2021-06-17,84.55999755859375,160.66746520996094,17.75,17.55999994277954,-0.9528077032473552
2021-06-18,84.6500015258789,160.4403533935547,20.700000762939453,17.561499977111815,-0.9406720725225162
2021-06-21,82.58999633789062,164.94276428222656,17.889999389648438,17.448499965667725,-1.1962600389960785
2021-06-22,83.58000183105469,166.63011169433594,16.65999984741211,17.361499977111816,-1.1961603680413535
2021-06-23,83.81999969482422,165.51060485839844,16.31999969482422,17.235499954223634,-1.14742268221829
2021-06-24,86.0999984741211,167.19801330566406,15.970000267028809,17.165999937057496,-1.0771265749078085
2021-06-25,85.62000274658203,166.8004913330078,15.619999885559082,17.10999994277954,-1.0905781762079758
2021-06-28,87.08000183105469,166.49224853515625,15.760000228881836,17.05999994277954,-1.0013050899626612
2021-06-29,89.5199966430664,168.42300415039062,16.020000457763672,16.96599998474121,-0.930057609591822
2021-06-30,93.93000030517578,168.71505737304688,15.829999923706055,16.883500003814696,-0.6993830937743869
2021-07-01,93.30999755859375,170.5403594970703,15.479999542236328,16.755499935150148,-0.7912927402174151
2021-07-02,94.69999694824219,171.6030731201172,15.069999694824219,16.68799991607666,-0.7495198901300777
2021-07-06,94.47000122070312,171.40835571289062,16.440000534057617,16.688999938964844,-0.7558302630462339
2021-07-07,90.54000091552734,173.81776428222656,16.200000762939453,16.645499992370606,-1.0464770343781644
2021-07-08,89.73999786376953,172.04115295410156,19.0,16.701000022888184,-1.0333924698903305
2021-07-09,90.9000015258789,173.54196166992188,16.18000030517578,16.705000019073488,-1.0180970980956086
2021-07-12,90.80999755859375,173.06333923339844,16.170000076293945,16.73100004196167,-1.0077416796603724
2021-07-13,90.26000213623047,171.3921356201172,17.1200008392334,16.767500114440917,-0.9844115307965999
2021-07-14,89.05000305175781,171.6030731201172,16.329999923706055,16.733000087738038,-1.0569791856162316
2021-07-15,86.93000030517578,172.68206787109375,17.010000228881836,16.676000118255615,-1.206731207701592
2021-07-16,85.88999938964844,170.82427978515625,18.450000762939453,16.711000156402587,-1.2041197363510856
2021-07-19,86.58000183105469,171.5057373046875,22.5,16.801000118255615,-1.1882888103791205
2021-07-20,87.11000061035156,172.3575439453125,19.729999542236328,16.89300012588501,-1.186593762170586
2021-07-21,89.41000366210938,172.3494110107422,17.90999984741211,16.95550012588501,-1.06117385118198
2021-07-22,91.20999908447266,172.98219299316406,17.690000534057617,17.02400016784668,-0.9833884933233682
2021-07-23,92.1500015258789,171.69232177734375,17.200000762939453,17.08550019264221,-0.8911288717012993
2021-07-26,91.81999969482422,170.24827575683594,17.579999923706055,17.18350019454956,-0.8630664789707673
2021-07-27,91.02999877929688,158.34727478027344,19.360000610351562,17.36350021362305,-0.526783387176524
2021-07-28,97.93000030517578,155.79185485839844,18.309999465942383,17.478000164031982,-0.06986294211507167
2021-07-29,102.94999694824219,155.60528564453125,17.700000762939453,17.57150020599365,0.20925916931374017
2021-07-30,106.19000244140625,155.24024963378906,18.239999771118164,17.709500217437743,0.39720593465896303
2021-08-02,108.62999725341797,155.71075439453125,19.459999084472656,17.929000186920167,0.5149901583125416
2021-08-03,112.55999755859375,157.5035858154297,18.040000915527344,18.00900020599365,0.6717157180688041
2021-08-04,118.7699966430664,154.7777862548828,17.969999313354492,18.097500133514405,1.0965176930929184
2021-08-05,112.3499984741211,154.47764587402344,17.280000686645508,18.01150016784668,0.7567217631459688
2021-08-06,110.11000061035156,156.24618530273438,16.149999618530273,18.010000133514403,0.5784647872961519
2021-08-09,107.58000183105469,154.93194580078125,16.719999313354492,18.03750009536743,0.4826717483164258
2021-08-10,106.4800033569336,154.6317901611328,16.790000915527344,18.021000099182128,0.4323780967113709
2021-08-11,107.68000030517578,156.0839080810547,16.170000076293945,18.013000106811525,0.45140153574959646
2021-08-12,106.5,157.08984375,15.59000015258789,17.942000102996825,0.3551305420608588
2021-08-13,110.55000305175781,157.3656768798828,15.449999809265137,17.79200005531311,0.5667315949438924
2021-08-16,107.4800033569336,159.87246704101562,16.1200008392334,17.47300009727478,0.31978056684880984
2021-08-17,107.55999755859375,160.4322052001953,17.90999984741211,17.382000112533568,0.30629536320507933
2021-08-18,103.44000244140625,158.0309295654297,21.56999969482422,17.565000104904176,0.15862124777617137
2021-08-19,103.69999694824219,157.4305877685547,21.670000076293945,17.76400008201599,0.19190182982812393
2021-08-20,104.6500015258789,157.5937042236328,18.559999465942383,17.832000017166138,0.238400471189864
2021-08-23,108.7699966430664,157.3979949951172,17.149999618530273,17.81050000190735,0.46883791287870236
2021-08-24,107.6500015258789,157.61819458007812,17.219999313354492,17.703499937057494,0.40087288749661326
2021-08-25,108.30000305175781,157.2919464111328,16.790000915527344,17.627500009536742,0.4466416369789277
2021-08-26,107.2699966430664,156.87600708007812,18.84000015258789,17.684499979019165,0.40384669907714726
2021-08-27,111.4000015258789,157.64260864257812,16.389999389648438,17.591999959945678,0.6041609601215434
2021-08-30,111.31999969482422,158.22166442871094,16.190000534057617,17.428500032424928,0.58135351748501
2021-08-31,110.72000122070312,159.5428466796875,16.479999542236328,17.350499963760377,0.5065982554758125
2021-09-01,109.98999786376953,160.17080688476562,16.110000610351562,17.25750002861023,0.4468607329972645
2021-09-02,109.19999694824219,161.63059997558594,16.40999984741211,17.21399998664856,0.3573485981326164
2021-09-03,109.91999816894531,160.9374237060547,16.40999984741211,17.22699999809265,0.41862019918159227
2021-09-07,109.1500015258789,159.4857177734375,18.139999389648438,17.298000001907347,0.4229832294038411
2021-09-08,106.16999816894531,158.67837524414062,17.959999084472656,17.356499910354614,0.2865477036997241
2021-09-09,106.1500015258789,154.14401245117188,18.799999237060547,17.487999868392944,0.42996516888965824
2021-09-10,105.19999694824219,157.61001586914062,20.950000762939453,17.755999898910524,0.2678100844210926
2021-09-13,104.80000305175781,158.5315399169922,19.3700008392334,17.951999950408936,0.21667530784177508
2021-09-14,105.7300033569336,155.77505493164062,19.459999084472656,18.118999862670897,0.3551301599436268
2021-09-15,105.5999984741211,157.6834259033203,18.18000030517578,18.13249988555908,0.2872377159172846
2021-09-16,106.22000122070312,157.37350463867188,18.690000534057617,17.988499927520753,0.3308536806196946
2021-09-17,103.87999725341797,154.975830078125,20.809999465942383,17.945499897003174,0.27992770804362327
2021-09-20,101.55000305175781,154.45391845703125,25.709999084472656,18.302999877929686,0.16976774279918203
2021-09-21,102.81999969482422,154.73117065429688,24.360000610351562,18.663499927520753,0.23004220235126543
2021-09-22,104.37999725341797,151.11839294433594,20.8700008392334,18.846000003814698,0.4300692119130951
2021-09-23,106.1500015258789,152.33351135253906,18.6299991607666,18.93799991607666,0.4876640393138728
2021-09-24,105.80000305175781,153.3366241455078,17.75,18.883499908447266,0.43664974308092247
2021-09-27,108.16000366210938,152.37425231933594,18.760000228881836,19.001999950408937,0.5957452241941025
2021-09-28,101.5199966430664,152.3090362548828,23.25,19.354999923706053,0.23649012888459192
2021-09-29,100.3499984741211,150.6616668701172,22.559999465942383,19.658999919891357,0.22532162252471588
2021-09-30,102.9000015258789,148.5086669921875,23.139999389648438,20.0104998588562,0.4327007193603417
2021-10-01,102.44999694824219,148.01119995117188,21.100000381469727,20.244999885559082,0.4240663154409584
2021-10-04,100.33999633789062,145.50747680664062,22.959999084472656,20.57249984741211,0.38903624414125393
2021-10-05,101.80999755859375,146.52691650390625,21.299999237060547,20.730499839782716,0.4365417015284258
2021-10-06,103.63999938964844,147.36692810058594,21.0,20.88249988555908,0.5093557353033401
2021-10-07,106.44999694824219,148.10089111328125,19.540000915527344,20.919499969482423,0.6388784800870052
2021-10-08,105.05999755859375,149.6422576904297,18.770000457763672,20.810499954223634,0.5141161824048593
2021-10-11,104.68000030517578,148.215087890625,20.0,20.84199991226196,0.5389201141998485
2021-10-12,105.04000091552734,148.41897583007812,19.850000381469727,20.861499977111816,0.552012789397341
2021-10-13,109.16000366210938,150.10711669921875,18.639999389648438,20.884499931335448,0.7224142161436065
2021-10-14,111.98999786376953,156.1094207763672,16.860000610351562,20.792999935150146,0.6851283377797162
2021-10-15,112.12000274658203,158.00961303710938,16.299999237060547,20.567499923706055,0.6316456571978063
2021-10-18,116.43000030517578,157.71604919433594,16.309999465942383,20.097499942779542,0.8755411113432605
2021-10-19,116.33000183105469,158.04225158691406,15.699999809265137,19.66449990272522,0.8597036850420889
2021-10-20,116.38999938964844,159.249267578125,15.489999771118164,19.395499849319457,0.8245022102804338
2021-10-21,119.33000183105469,162.65000915527344,15.010000228881836,19.21449990272522,0.8761119309490107
2021-10-22,119.81999969482422,166.21389770507812,15.430000305175781,19.098499917984007,0.7891988692990379
2021-10-25,122.36000061035156,166.28726196289062,15.239999771118164,18.922499895095825,0.9250816614937188
2021-10-26,122.93000030517578,177.84341430664062,15.979999542236328,18.558999872207643,0.5878166071234513
2021-10-27,122.27999877929688,173.0643768310547,16.979999542236328,18.279999876022337,0.7047482366162465
2021-10-28,121.16000366210938,174.442626953125,16.530000686645508,17.949499940872194,0.5998772916874517
2021-10-29,120.2300033569336,174.0919647216797,16.260000228881836,17.707499933242797,0.5604441329644669
2021-11-01,125.2300033569336,171.99598693847656,16.40999984741211,17.379999971389772,0.8993290276096683
2021-11-02,127.62999725341797,170.56069946289062,16.030000686645508,17.116500043869017,1.075672200379842
2021-11-03,130.52999877929688,173.49661254882812,15.100000381469727,16.821500062942505,1.1399187878871906
2021-11-04,137.5,171.8492431640625,15.4399995803833,16.616499996185304,1.5717097826263007
2021-11-05,136.33999633789062,169.81040954589844,16.479999542236328,16.501999950408937,1.5735607296870457
2021-11-08,150.16000366210938,170.69119262695312,17.219999313354492,16.36299991607666,2.297543137869227
2021-11-09,148.9199981689453,171.2294158935547,17.780000686645508,16.259499931335448,2.2129123332391623
2021-11-10,139.8699951171875,172.59951782226562,18.729999542236328,16.263999938964844,1.6767688000139098
2021-11-11,146.00999450683594,173.94512939453125,17.65999984741211,16.30399990081787,1.9680097313904257
2021-11-12,147.88999938964844,173.86361694335938,16.290000915527344,16.30349998474121,2.07291286833018
2021-11-15,146.49000549316406,172.50167846679688,16.489999771118164,16.3125,2.0401321394958667
2021-11-16,152.4499969482422,172.787109375,16.3700008392334,16.346000051498415,2.355364369087125
2021-11-17,151.33999633789062,169.5086669921875,17.110000610351562,16.427000093460084,2.3994414630694063
2021-11-18,155.02000427246094,169.19874572753906,17.59000015258789,16.556000089645387,2.6095756677062467
2021-11-19,155.41000366210938,170.854248046875,17.90999984741211,16.680000066757202,2.5780392980508426
2021-11-22,152.52000427246094,172.8294219970703,19.170000076293945,16.87650008201599,2.3578255407705555
2021-11-23,149.9199981689453,173.59158325195312,19.3799991607666,17.046500062942506,2.192050040665556
2021-11-24,157.8000030517578,170.854248046875,18.579999923706055,17.12650008201599,2.7080974082040026
2021-11-26,154.80999755859375,168.2562713623047,28.6200008392334,17.731000089645384,2.628183320605756
2021-11-29,161.91000366210938,167.71531677246094,22.959999084472656,18.066000032424927,3.0317885336052774
2021-11-30,158.3699951171875,162.57664489746094,27.190000534057617,18.605000066757203,3.0029140120097764
2021-12-01,149.11000061035156,159.11810302734375,31.1200008392334,19.359500074386595,2.6092273191323514
2021-12-02,150.67999267578125,163.83058166503906,27.950000762939453,20.002000093460083,2.5444805613815196
2021-12-03,144.00999450683594,164.51083374023438,30.670000076293945,20.763500118255614,2.1598360900417473
2021-12-06,139.05999755859375,165.60086059570312,27.18000030517578,21.29850015640259,1.8557308993052126
2021-12-07,144.85000610351562,168.32998657226562,21.889999389648438,21.532000160217287,2.0838349283782764
2021-12-08,145.24000549316406,167.7808837890625,19.899999618530273,21.638000106811525,2.122557132022838
2021-12-09,138.10000610351562,169.27247619628906,21.579999923706055,21.78050012588501,1.6864796967160958
2021-12-10,138.5500030517578,171.37876892089844,18.690000534057617,21.832000160217284,1.6438420100550486
2021-12-13,133.8000030517578,169.083984375,20.309999465942383,22.03300008773804,1.4584907548410897
2021-12-14,135.60000610351562,166.9777374267578,21.889999389648438,22.303000068664552,1.6235666573727476
2021-12-15,146.5,168.64144897460938,19.290000915527344,22.449000072479247,2.1636976938550756
2021-12-16,138.63999938964844,170.44447326660156,20.56999969482422,22.62200002670288,1.6785144715982252
2021-12-17,137.75,169.31346130371094,21.56999969482422,22.821000003814696,1.6661270383189866
2021-12-20,135.8000030517578,165.90408325195312,22.8700008392334,23.069000053405762,1.6686663093126652
2021-12-21,144.25,169.73147583007812,21.010000228881836,23.161000061035157,2.0065199467106214
2021-12-22,143.8800048828125,170.82965087890625,18.6299991607666,23.123500061035156,1.951387940884971
2021-12-23,146.13999938964844,173.9030303955078,17.959999084472656,23.092500019073487,1.9764259426721702
2021-12-27,154.36000061035156,176.29615783691406,17.68000030517578,22.545499992370605,2.3474723612159076
2021-12-28,153.14999389648438,175.9437255859375,17.540000915527344,22.27450008392334,2.2928583252119825
2021-12-29,148.25999450683594,175.878173828125,16.950000762939453,21.762500095367432,2.028845201403705
2021-12-30,145.14999389648438,175.3044891357422,17.329999923706055,21.073000049591066,1.877889089832176
2021-12-31,143.89999389648438,175.66510009765625,17.219999313354492,20.536499977111816,1.7983747354035735
2022-01-03,150.24000549316406,174.97665405273438,16.600000381469727,19.832999992370606,2.16532325216084
2022-01-04,144.4199981689453,178.0828094482422,16.90999984741211,19.319499969482422,1.7496221433035788
2022-01-05,136.14999389648438,175.8453826904297,19.729999542236328,19.211499977111817,1.370892651006149
2022-01-06,136.22999572753906,177.5500946044922,19.610000610351562,19.19700002670288,1.3209186870408975
2022-01-07,132.0,178.7958221435547,18.760000228881836,19.05600004196167,1.051032232618019
2022-01-10,132.0,173.52601623535156,19.399999618530273,19.091499996185302,1.2189757088676498
2022-01-11,137.30999755859375,173.1490478515625,18.40999984741211,18.99650001525879,1.5199468160413794
2022-01-12,137.47000122070312,173.10804748535156,17.6200008392334,18.78300008773804,1.529960477555865
2022-01-13,132.74000549316406,172.49339294433594,20.309999465942383,18.834000015258788,1.2921537342515288
2022-01-14,136.8800048828125,169.27247619628906,19.190000534057617,18.76500005722046,1.6200901177745979
2022-01-18,131.92999267578125,168.49392700195312,22.790000915527344,18.826000118255614,1.375533758084005
2022-01-19,128.27000427246094,166.99411010742188,23.850000381469727,18.875000095367433,1.224163525257906
2022-01-20,121.88999938964844,165.78939819335938,25.59000015258789,19.104000091552734,0.9153717309300134
2022-01-21,118.80999755859375,165.5106964111328,28.850000381469727,19.61500015258789,0.7566472697853178
2022-01-24,116.52999877929688,167.29736328125,29.899999618530273,20.212000179290772,0.5756358352469212
2022-01-25,111.12999725341797,165.50253295898438,31.15999984741211,20.886000156402588,0.3389799912468867
2022-01-26,110.70999908447266,163.093017578125,31.959999084472656,21.607000064849853,0.3929135451359522
2022-01-27,102.5999984741211,159.6754150390625,30.489999771118164,22.28400001525879,0.06050210252069469
2022-01-28,105.23999786376953,162.4783172607422,27.65999984741211,22.800500011444093,0.11483891318005283
2022-01-31,114.25,165.7238311767578,24.829999923706055,23.18100004196167,0.5017106020822607
2022-02-01,116.77999877929688,189.06497192382812,21.959999084472656,23.448999977111818,-0.10447180747472498
2022-02-02,122.76000213623047,190.2287139892578,22.09000015258789,23.707999992370606,0.18385851888826543
2022-02-03,120.08000183105469,187.42579650878906,24.350000381469727,23.939000034332274,0.1273454393621973
2022-02-04,123.5999984741211,184.2295379638672,23.219999313354492,24.119499969482423,0.420756908409826
2022-02-07,123.66999816894531,184.4508056640625,22.860000610351562,24.324499988555907,0.417514544456336
2022-02-08,128.22999572753906,184.56553649902344,21.440000534057617,24.426500034332275,0.6620024613582757
2022-02-09,132.85000610351562,184.45899963378906,19.959999084472656,24.503999996185303,0.9168077154154333
2022-02-10,125.7699966430664,180.8611297607422,23.90999984741211,24.818499946594237,0.6461908941562355
2022-02-11,113.18000030517578,174.9684600830078,27.360000610351562,25.171000003814697,0.14886661682604277
2022-02-14,114.2699966430664,175.37823486328125,28.329999923706055,25.62799997329712,0.1951225227971594
2022-02-15,121.47000122070312,178.05821228027344,25.700000762939453,25.773499965667725,0.5015215145443562
2022-02-16,117.69000244140625,176.46009826660156,24.290000915527344,25.795499992370605,0.3467532325795438
2022-02-17,112.37000274658203,172.69009399414062,28.110000610351562,25.92150001525879,0.1773977294009515
2022-02-18,113.83000183105469,172.83042907714844,27.75,25.866499996185304,0.25237508445758133
2022-02-22,115.6500015258789,172.50848388671875,28.809999465942383,25.811999988555907,0.3616752335033086
2022-02-23,109.76000213623047,168.80189514160156,31.020000457763672,25.805000019073486,0.15928070617999465
2022-02-24,116.61000061035156,171.03907775878906,30.31999969482422,25.723000049591064,0.4607446243092262
2022-02-25,121.05999755859375,173.3174591064453,27.59000015258789,25.57800006866455,0.6302931771149988
2022-02-28,123.33999633789062,173.7054443359375,30.149999618530273,25.70250005722046,0.7420006107843222
2022-03-01,113.83000183105469,169.7099609375,33.31999969482422,26.127000045776366,0.35182130240708953
2022-03-02,118.27999877929688,174.56402587890625,30.739999771118164,26.566000080108644,0.4392853792400056
2022-03-03,111.9800033569336,175.36474609375,30.479999542236328,26.985500049591064,0.0709363817811588
2022-03-04,108.41000366210938,173.6807098388672,31.979999542236328,27.367000007629393,-0.06966599060780648
2022-03-07,102.94999694824219,166.07765197753906,36.45000076293945,28.028500080108643,-0.12448473646980851
2022-03-08,105.52999877929688,167.91856384277344,35.130001068115234,28.642000102996825,-0.04275517447990936
2022-03-09,111.05000305175781,170.70059204101562,32.45000076293945,29.192500114440918,0.1689699199082387
2022-03-10,106.45999908447266,171.03079223632812,30.229999542236328,29.706000137329102,-0.09133038442113971
2022-03-11,104.29000091552734,168.32308959960938,30.75,30.048000144958497,-0.12312475719186565
2022-03-14,102.25,168.65330505371094,31.770000457763672,30.268500137329102,-0.24466041705392494
2022-03-15,109.33000183105469,173.7963104248047,29.829999923706055,30.3435001373291,-0.02328594346810368
2022-03-16,115.37000274658203,179.8803253173828,26.670000076293945,30.392000102996825,0.11150510364895154
2022-03-17,111.69000244140625,183.52914428710938,25.670000076293945,30.461000061035158,-0.20503603690095867
2022-03-18,113.45999908447266,181.43228149414062,23.8700008392334,30.249000072479248,-0.04189207581232548
2022-03-21,115.91999816894531,180.42518615722656,23.530000686645508,30.038000106811523,0.12407037942032348
2022-03-22,114.77999877929688,180.3095703125,22.940000534057617,29.744500160217285,0.06571887282953241
2022-03-23,113.91999816894531,177.13961791992188,23.56999969482422,29.37200012207031,0.1199429069611578
2022-03-24,120.52999877929688,177.2056884765625,21.670000076293945,28.9395001411438,0.4775378927119377
2022-03-25,119.66999816894531,177.77528381347656,20.809999465942383,28.600500106811523,0.4125862577141324
2022-03-28,120.23999786376953,181.24246215820312,19.6299991607666,28.07450008392334,0.33310876447096616
2022-03-29,123.2300033569336,183.63644409179688,18.899999618530273,27.353500080108642,0.41952396201756054
2022-03-30,119.22000122070312,181.77903747558594,19.329999923706055,26.78300008773804,0.2605028392516073
2022-03-31,109.33999633789062,177.04055786132812,20.559999465942383,26.28700008392334,-0.12613300716864628
2022-04-01,108.19000244140625,170.58502197265625,19.6299991607666,25.669500064849853,0.017018558924643476
2022-04-04,110.52999877929688,169.404541015625,18.56999969482422,24.77550001144409,0.1819763760823525
2022-04-05,106.81999969482422,162.80038452148438,21.030000686645508,24.070499992370607,0.1905549098166166
2022-04-06,103.66999816894531,160.472412109375,22.100000381469727,23.55299997329712,0.0933294490089901
2022-04-07,103.72000122070312,159.07730102539062,21.549999237060547,23.11899995803833,0.14051130028265457
2022-04-08,101.0,157.64913940429688,21.15999984741211,22.639499950408936,0.03800936283936551
2022-04-11,97.37000274658203,157.54180908203125,24.3700008392334,22.26949996948242,-0.15610598555590843
2022-04-12,95.0999984741211,155.10655212402344,24.260000228881836,21.99099998474121,-0.20202502676317358
2022-04-13,97.73999786376953,155.9155731201172,21.81999969482422,21.748499965667726,-0.08414520330850053
2022-04-14,93.05999755859375,155.21385192871094,22.700000762939453,21.6,-0.3164565864505444
2022-04-18,93.88999938964844,154.50390625,22.170000076293945,21.51499996185303,-0.2486645881325879
2022-04-19,96.93000030517578,157.41798400878906,21.3700008392334,21.40699996948242,-0.1761036950175164
2022-04-20,94.0199966430664,157.203369140625,20.31999969482422,21.27599992752075,-0.32761964440902885
2022-04-21,89.8499984741211,155.85780334472656,22.68000030517578,21.23149995803833,-0.5116592307853912
2022-04-22,88.13999938964844,154.49569702148438,28.209999084472656,21.558499908447267,-0.5613043591253717
2022-04-25,90.69000244140625,156.5511932373047,27.020000457763672,21.86899995803833,-0.4880458496660592
2022-04-26,85.16000366210938,151.11106872558594,33.52000045776367,22.563500022888185,-0.6156039340267769
2022-04-27,84.91000366210938,153.8765411376953,31.600000381469727,23.198500061035155,-0.7173411992977775
2022-04-28,89.63999938964844,156.98049926757812,29.989999771118164,23.73150005340576,-0.5588660870700753
2022-04-29,85.5199966430664,148.57669067382812,33.400001525878906,24.37350015640259,-0.5152458586254541
2022-05-02,89.83999633789062,147.42098999023438,32.34000015258789,25.00900020599365,-0.2433306677231149
2022-05-03,91.12999725341797,147.04124450683594,29.25,25.54300022125244,-0.1610297599648536
2022-05-04,99.41999816894531,151.73016357421875,25.420000076293945,25.762500190734862,0.14066127913152127
2022-05-05,93.87000274658203,148.4198455810547,31.200000762939453,26.21750020980835,-0.055859791993131465
2022-05-06,95.33999633789062,148.5271453857422,30.190000534057617,26.6495002746582,0.02071424195448403
2022-05-09,86.36000061035156,149.77371215820312,34.75,27.3290002822876,-0.5076827157404828
2022-05-10,88.7300033569336,150.2525177001953,32.9900016784668,27.76000032424927,-0.39397183227861055
2022-05-11,87.91999816894531,146.49639892578125,32.560001373291016,28.175000381469726,-0.3183466256351903
2022-05-12,87.05999755859375,147.47874450683594,31.770000457763672,28.6725004196167,-0.39645220065115716
2022-05-13,95.12000274658203,148.23643493652344,28.8700008392334,28.981000423431396,0.01800736445281238
2022-05-16,94.23999786376953,149.6768341064453,27.469999313354492,29.246000385284425,-0.07578450830882213
2022-05-17,102.47000122070312,152.48272705078125,26.100000381469727,29.48250036239624,0.28265177651499795
2022-05-18,96.27999877929688,143.39901733398438,30.959999084472656,30.01450033187866,0.23529529381420888
2022-05-19,96.66999816894531,139.36920166015625,29.350000381469727,30.34800033569336,0.3849443575483459
2022-05-20,93.5,142.40823364257812,29.43000030517578,30.409000396728516,0.11558963135670425
2022-05-23,95.06999969482422,145.19744873046875,28.479999542236328,30.48200035095215,0.11213578643969462
2022-05-24,91.16000366210938,144.9643096923828,29.450000762939453,30.278500366210938,-0.09320703410330902
2022-05-25,92.6500015258789,144.75613403320312,28.3700008392334,30.117000389099122,-0.00549052553496855
2022-05-26,98.75,148.51951599121094,27.5,29.992500400543214,0.20652171169728392
2022-05-27,102.26000213623047,151.97479248046875,25.719999313354492,29.608500289916993,0.28741149324476484
2022-05-31,101.86000061035156,151.74166870117188,26.190000534057617,29.301000308990478,0.27307378005430677
2022-06-01,101.22000122070312,150.05982971191406,25.690000534057617,29.12300033569336,0.29184506490018974
2022-06-02,108.58999633789062,153.25701904296875,24.719999313354492,29.088000297546387,0.5910115098709927
2022-06-03,106.30000305175781,154.43931579589844,24.790000915527344,28.76750030517578,0.4287168728326893
2022-06-06,105.6500015258789,155.78811645507812,25.06999969482422,28.51150026321411,0.35036039187617524
2022-06-07,105.27999877929688,154.4559783935547,24.020000457763672,27.975000286102294,0.37267963403821525
2022-06-08,101.9000015258789,149.40206909179688,23.959999084472656,27.523500156402587,0.34981124925538865
2022-06-09,98.80000305175781,146.99586486816406,26.09000015258789,27.200000095367432,0.2578000062505417
2022-06-10,94.81999969482422,144.08172607421875,27.75,26.999000072479248,0.13408835019419113
2022-06-13,86.98999786376953,143.80697631835938,34.02000045776367,27.256500053405762,-0.28324581584047487
2022-06-14,86.98999786376953,145.0059356689453,32.689998626708984,27.517500019073488,-0.3214554586104227
2022-06-15,89.30000305175781,146.43801879882812,29.6200008392334,27.69350004196167,-0.24138950947936652
2022-06-16,82.05000305175781,143.36572265625,32.95000076293945,27.79300012588501,-0.5380063259526034
2022-06-17,81.56999969482422,142.43321228027344,31.1299991607666,27.882000064849855,-0.5344087937765754
2022-06-21,83.79000091552734,145.28903198242188,30.190000534057617,27.920000076293945,-0.5046137169268937
2022-06-22,83.75,146.66282653808594,28.950000762939453,27.943500137329103,-0.5505719390503577
2022-06-23,82.43000030517578,148.7277069091797,29.049999237060547,27.923500061035156,-0.6882088832693486
2022-06-24,87.08000183105469,152.61590576171875,27.229999542236328,27.866499996185304,-0.5590798384833026
2022-06-27,86.16000366210938,151.37535095214844,26.950000762939453,27.839000034332276,-0.5696087126899556
2022-06-28,80.77999877929688,149.8017120361328,28.360000610351562,27.971000099182127,-0.8122255369611122
2022-06-29,77.98999786376953,150.80917358398438,28.15999984741211,28.069500064849855,-0.9961575815726285
2022-06-30,76.47000122070312,151.983154296875,28.709999084472656,28.220499992370605,-1.116285799787051
2022-07-01,73.66999816894531,154.0230255126953,26.700000762939453,28.319500064849855,-1.3336640069100791
2022-07-05,75.19999694824219,153.72328186035156,27.540000915527344,28.457000064849854,-1.240852562266563
2022-07-06,75.3499984741211,154.17288208007812,26.729999542236328,28.54000005722046,-1.2470181463628545
2022-07-07,79.30000305175781,155.0221710205078,26.079999923706055,28.643000030517577,-1.059134240448434
2022-07-08,79.3499984741211,154.36439514160156,24.639999389648438,28.677000045776367,-1.035450944442915
2022-07-11,76.94999694824219,153.73159790039062,26.170000076293945,28.68100004196167,-1.1458867280827423
2022-07-12,76.36000061035156,149.34381103515625,27.290000915527344,28.65800008773804,-1.0381585263387856
2022-07-13,77.5199966430664,148.13653564453125,26.81999969482422,28.298000049591064,-0.9365596210077362
2022-07-14,78.5999984741211,148.436279296875,26.399999618530273,27.98350009918213,-0.8873410097645633
2022-07-15,81.11000061035156,152.0247802734375,24.229999542236328,27.714000034332276,-0.8651145934139094
2022-07-18,81.43000030517578,149.9349365234375,25.299999237060547,27.33149995803833,-0.7810997243300699
2022-07-19,85.87999725341797,154.70574951171875,24.5,27.0,-0.6909824905012542
2022-07-20,89.43000030517578,155.57164001464844,23.8799991607666,26.68449993133545,-0.5253947962001109
2022-07-21,91.08999633789062,155.70484924316406,23.110000610351562,26.392499923706055,-0.43930698667156565
2022-07-22,88.0999984741211,156.51251220703125,23.030000686645508,26.091499996185302,-0.6277550095780549
2022-07-25,87.54000091552734,156.4542236328125,23.360000610351562,25.898000049591065,-0.6563711523958857
2022-07-26,85.25,151.14222717285156,24.690000534057617,25.785000038146972,-0.6116995350650843
2022-07-27,89.81999969482422,153.11544799804688,23.239999771118164,25.528999996185302,-0.42589555428235215
2022-07-28,91.66999816894531,156.72898864746094,22.329999923706055,25.2375,-0.44038296461730336
2022-07-29,94.47000122070312,162.26577758789062,21.329999923706055,24.86850004196167,-0.4644653856783166
2022-08-01,96.77999877929688,162.6404266357422,22.84000015258789,24.675500011444093,-0.3507004785874462
2022-08-02,99.29000091552734,161.13343811035156,23.93000030517578,24.494999980926515,-0.16608587658854712
2022-08-03,98.08999633789062,161.0418701171875,21.950000762939453,24.25600004196167,-0.22846910461624087
2022-08-04,103.91000366210938,161.95767211914062,21.440000534057617,24.024000072479247,0.05905621970101169
2022-08-05,102.30999755859375,163.82272338867188,21.149999618530273,23.84950008392334,-0.0874496557199648
2022-08-08,100.06999969482422,163.26487731933594,21.290000915527344,23.60550012588501,-0.19156703811140738
2022-08-09,95.54000091552734,163.73117065429688,21.770000457763672,23.329500102996825,-0.45293915521795325
2022-08-10,99.05000305175781,168.49359130859375,19.739999771118164,22.975500106811523,-0.41370675894425657
2022-08-11,98.12000274658203,170.2087860107422,20.200000762939453,22.665500164031982,-0.5189767247348546
2022-08-12,100.83000183105469,171.86968994140625,19.530000686645508,22.43050022125244,-0.4244363459386842
2022-08-15,101.01000213623047,172.7001495361328,19.950000762939453,22.163000297546386,-0.44110707718382436
2022-08-16,100.19999694824219,173.09442138671875,19.690000534057617,21.922500324249267,-0.49775069438292174
2022-08-17,98.2699966430664,171.94520568847656,19.899999618530273,21.723500347137453,-0.5661523810676471
2022-08-18,100.44000244140625,174.5204315185547,19.559999465942383,21.546000289916993,-0.5301356889740609
2022-08-19,95.94999694824219,174.83920288085938,20.600000381469727,21.424500274658204,-0.7846300874693537
2022-08-22,92.83999633789062,173.13632202148438,23.799999237060547,21.44650020599365,-0.8995998395893472
2022-08-23,92.48999786376953,172.1884765625,24.110000610351562,21.41750020980835,-0.8884390355323822
2022-08-24,92.7300033569336,170.31785583496094,22.81999969482422,21.396500205993654,-0.8157636813973145
2022-08-25,97.18000030517578,171.96200561523438,21.780000686645508,21.369000244140626,-0.6260027989481073
2022-08-26,91.18000030517578,166.87020874023438,25.559999465942383,21.580500221252443,-0.790238092898304
2022-08-29,88.48999786376953,165.4777374267578,26.209999084472656,21.74900016784668,-0.892244982401687
2022-08-30,86.94000244140625,163.61553955078125,26.209999084472656,21.863000106811523,-0.917245669436926
2022-08-31,84.87000274658203,163.1625518798828,25.8700008392334,22.059000110626222,-1.0154538867564615
2022-09-01,82.33000183105469,164.9241180419922,25.559999465942383,22.26500005722046,-1.2098140875627539
2022-09-02,80.23999786376953,164.45437622070312,25.469999313354492,22.48100004196167,-1.3085769519238852
2022-09-06,78.72000122070312,164.37887573242188,26.90999984741211,22.761999988555907,-1.3888854462075415
2022-09-07,79.61000061035156,164.6556854248047,24.639999389648438,22.905499935150146,-1.3492754356212153
2022-09-08,82.77999877929688,164.52145385742188,23.610000610351562,23.098999977111816,-1.1724938113636771
2022-09-09,85.44999694824219,166.66888427734375,22.790000915527344,23.228499984741212,-1.0956353033351085
2022-09-12,84.63999938964844,167.910400390625,23.8700008392334,23.445499992370607,-1.1792793378747883
2022-09-13,77.02999877929688,161.65264892578125,27.270000457763672,23.811499977111815,-1.3939692406527682
2022-09-14,77.44999694824219,160.18466186523438,26.15999984741211,24.13499994277954,-1.3243306458669615
2022-09-15,76.66000366210938,155.1851806640625,26.270000457763672,24.45349998474121,-1.2079917142164898
2022-09-16,76.51000213623047,148.23121643066406,26.299999237060547,24.79049997329712,-0.9945385141667061
2022-09-19,76.7699966430664,151.0161895751953,25.760000228881836,25.048499965667723,-1.0691445543857123
2022-09-20,75.25,147.36720275878906,27.15999984741211,25.216499996185302,-1.035569591340961
2022-09-21,74.4800033569336,145.8153839111328,27.989999771118164,25.41049995422363,-1.0280160620259522
2022-09-22,69.5,140.80751037597656,27.350000381469727,25.636999988555907,-1.1394201062036873
2022-09-23,67.95999908447266,137.8463897705078,29.920000076293945,26.04399995803833,-1.1288553407424426
2022-09-26,66.30000305175781,135.68218994140625,32.2599983215332,26.37899990081787,-1.1502174985801394
2022-09-27,67.16999816894531,138.21546936035156,32.599998474121094,26.698499870300292,-1.1836075204707421
2022-09-28,68.36000061035156,140.18675231933594,30.18000030517578,26.89699993133545,-1.1816732325984984
2022-09-29,64.13999938964844,138.67686462402344,31.84000015258789,27.195499897003174,-1.3631970911019022
2022-09-30,63.36000061035156,135.50604248046875,31.6200008392334,27.498499965667726,-1.3045918285728628
2022-10-03,66.11000061035156,136.8062744140625,30.100000381469727,27.730000019073486,-1.19638043657914
2022-10-04,67.9000015258789,141.67149353027344,29.06999969482422,27.83800001144409,-1.2540225206532316
2022-10-05,67.94000244140625,140.8662109375,28.549999237060547,28.033500003814698,-1.2261822097015487
2022-10-06,67.8499984741211,138.91172790527344,30.520000457763672,28.378999996185303,-1.1687925810468425
2022-10-07,58.439998626708984,133.49281311035156,31.360000610351562,28.807499980926515,-1.5081670729712149
2022-10-10,57.810001373291016,133.9961395263672,32.45000076293945,29.236499977111816,-1.5584905450152913
2022-10-11,57.630001068115234,133.71926879882812,33.630001068115234,29.554500007629393,-1.559462140715028
2022-10-12,57.849998474121094,133.7780303955078,33.56999969482422,29.925,-1.5493630762470378
2022-10-13,58.939998626708984,137.2843780517578,31.940000534057617,30.2085000038147,-1.6017916623366577
2022-10-14,55.939998626708984,135.6234893798828,32.02000045776367,30.494500064849852,-1.7121136908664112
2022-10-17,57.959999084472656,138.17355346679688,31.3700008392334,30.77500009536743,-1.68345805463099
2022-10-18,57.91999816894531,140.0777130126953,30.5,30.942000102996825,-1.7463184818247417
2022-10-19,57.22999954223633,139.0710906982422,30.760000228881836,31.08050012588501,-1.7517865214007768
2022-10-20,57.77000045776367,135.03627014160156,29.979999542236328,31.21200008392334,-1.5938152290102099
2022-10-21,58.81999969482422,138.8697967529297,29.690000534057617,31.200500106811525,-1.6588474383402714
2022-10-24,58.70000076293945,140.5474853515625,29.850000381469727,31.08000020980835,-1.718843764262178
2022-10-25,61.470001220703125,140.08607482910156,28.459999084472656,30.87300024032593,-1.5534022006444597
2022-10-26,59.72999954223633,141.75537109375,27.280000686645508,30.728000259399415,-1.7012877864834417
2022-10-27,58.599998474121094,139.65829467773438,27.389999389648438,30.50550022125244,-1.6959480291916753
2022-10-28,62.0099983215332,140.2286834716797,25.75,30.212000179290772,-1.5285616321679456
2022-10-31,60.060001373291016,140.7319793701172,25.8799991607666,30.001000118255615,-1.6507153908747165
2022-11-01,59.65999984741211,140.421630859375,25.809999465942383,29.838000106811524,-1.6625920286333107
2022-11-02,58.630001068115234,138.0561065673828,25.860000610351562,29.703500175476073,-1.6432552164912368
2022-11-03,60.11000061035156,137.5779571533203,25.299999237060547,29.442500114440918,-1.5474789976952947
2022-11-04,62.189998626708984,138.9872283935547,24.549999237060547,29.102000045776368,-1.4792025022165554
2022-11-07,63.08000183105469,141.87283325195312,24.350000381469727,28.69700002670288,-1.5227319929123848
2022-11-08,63.849998474121094,141.5876007080078,25.540000915527344,28.292500019073486,-1.471740520356541
2022-11-09,59.91999816894531,137.5779571533203,26.09000015258789,27.91850004196167,-1.5578184808603588
2022-11-10,68.47000122070312,145.90089416503906,23.530000686645508,27.498000049591063,-1.3577912806515642
2022-11-11,72.37000274658203,150.8709259033203,22.520000457763672,27.023000049591065,-1.3039523995274165
2022-11-14,73.52999877929688,150.5322265625,23.729999542236328,26.64099998474121,-1.2300341495624973
2022-11-15,76.37000274658203,153.64804077148438,24.540000915527344,26.34300003051758,-1.1747857571667215
2022-11-16,72.69999694824219,149.91419982910156,24.110000610351562,26.010500049591066,-1.2555049870752542
2022-11-17,73.9000015258789,149.0675048828125,23.93000030517578,25.708000087738036,-1.1632202517752204
2022-11-18,73.56999969482422,151.5313262939453,23.1200008392334,25.379500102996825,-1.2596977097763495
2022-11-21,72.45999908447266,152.91989135742188,22.360000610351562,25.005000114440918,-1.3643535042278954
2022-11-22,75.25,154.72335815429688,21.290000915527344,24.646500205993654,-1.2700029519759277
2022-11-23,76.4000015258789,154.80801391601562,20.350000381469727,24.300000190734863,-1.2101204857324792
2022-11-25,75.13999938964844,154.537109375,20.5,23.955500221252443,-1.2700533613727591
2022-11-28,73.19000244140625,152.32723999023438,22.209999084472656,23.778500175476076,-1.30574123931689
2022-11-29,73.38999938964844,156.54371643066406,21.889999389648438,23.579000186920165,-1.4292327918374785
2022-11-30,77.62999725341797,160.64169311523438,20.579999923706055,23.31750020980835,-1.3291005869433594
2022-12-01,77.4800033569336,161.03115844726562,19.84000015258789,23.016500186920165,-1.3496747727994902
2022-12-02,74.9800033569336,160.3538055419922,19.059999465942383,22.704500198364258,-1.464132291998851
2022-12-05,73.62000274658203,153.38558959960938,20.75,22.514500236511232,-1.3160701905103613
2022-12-06,70.2699966430664,148.25469970703125,22.170000076293945,22.405500221252442,-1.3348532329855027
2022-12-07,70.13999938964844,147.89060974121094,22.68000030517578,22.262500190734862,-1.3303241905249488
2022-12-08,70.47000122070312,152.0901641845703,22.290000915527344,22.072500228881836,-1.4462018977907793
2022-12-09,68.58999633789062,150.40525817871094,22.829999923706055,22.037500190734864,-1.4948110342772052
2022-12-12,70.66999816894531,154.54554748535156,25.0,22.16150016784668,-1.5135691624298082
2022-12-13,71.6500015258789,155.66317749023438,22.549999237060547,22.10250015258789,-1.4958574565711804
2022-12-14,68.93000030517578,156.0526580810547,21.139999389648438,21.932500076293945,-1.6562858446208837
2022-12-15,66.52999877929688,153.4279327392578,22.829999923706055,21.86850004196167,-1.7032408596177928
2022-12-16,65.41000366210938,150.87939453125,22.6200008392334,21.803000068664552,-1.6829689635885852
2022-12-19,64.58999633789062,151.07415771484375,22.420000076293945,21.768000030517577,-1.7337987304575566
2022-12-20,65.05000305175781,147.01004028320312,21.479999542236328,21.723999977111816,-1.579246870905749
2022-12-21,67.68000030517578,149.5924072265625,20.06999969482422,21.66299991607666,-1.5184261127131204
2022-12-22,63.86000061035156,148.68650817871094,21.969999313354492,21.743999862670897,-1.697431352744788
2022-12-23,64.5199966430664,149.87184143066406,20.8700008392334,21.76249990463257,-1.6992913232682914
2022-12-27,63.27000045776367,149.80410766601562,21.649999618530273,21.73449993133545,-1.7651545494376442
2022-12-28,62.56999969482422,146.9930877685547,22.139999389648438,21.74699993133545,-1.7136625241463908
2022-12-29,64.81999969482422,148.80503845214844,21.440000534057617,21.789999961853027,-1.64896791668453
2022-12-30,64.7699966430664,147.18783569335938,21.670000076293945,21.88149995803833,-1.6001503199476401
2023-01-03,64.0199966430664,148.40708923339844,22.899999618530273,22.073499965667725,-1.67981994326956
2023-01-04,64.66000366210938,149.95651245117188,22.010000228881836,22.136499977111818,-1.694370853922345
2023-01-05,62.33000183105469,147.18783569335938,22.459999084472656,22.15099992752075,-1.7329290626570428
2023-01-06,63.959999084472656,151.514404296875,21.1299991607666,22.073499870300292,-1.7821119108922028
2023-01-09,67.23999786376953,153.8343505859375,21.969999313354492,22.05749979019165,-1.6775565226662796
2023-01-10,68.05000305175781,151.36203002929688,20.579999923706055,21.944999790191652,-1.5546875587295315
2023-01-11,69.05999755859375,154.29153442382812,21.09000015258789,21.749499797821045,-1.5930864413199006
2023-01-12,70.80000305175781,154.90115356445312,18.829999923706055,21.56349983215332,-1.5178274166797976
2023-01-13,71.0,154.22381591796875,18.350000381469727,21.423999881744386,-1.4853579785695177
2023-01-17,71.58999633789062,151.5567626953125,19.360000610351562,21.25049991607666,-1.3682554390329864
2023-01-18,70.52999877929688,149.6262969970703,20.34000015258789,21.136499881744385,-1.3644159744056927
2023-01-19,67.70999908447266,149.14370727539062,20.520000457763672,21.041499900817872,-1.5024940286964463
2023-01-20,70.06999969482422,150.8201446533203,19.850000381469727,20.95999994277954,-1.4274947740128752
2023-01-23,76.52999877929688,152.80982971191406,19.809999465942383,20.946999931335448,-1.1393661984343733
2023-01-24,74.69999694824219,152.39498901367188,19.200000762939453,20.808500003814697,-1.2257300061340957
2023-01-25,74.91000366210938,150.25286865234375,19.079999923706055,20.71899995803833,-1.1460346911019406
2023-01-26,75.16000366210938,152.14944458007812,18.729999542236328,20.572999954223633,-1.1928722724715735
2023-01-27,75.4000015258789,154.17298889160156,18.510000228881836,20.391499996185303,-1.2443005026101024
2023-01-30,72.44999694824219,149.83799743652344,19.940000534057617,20.316499996185303,-1.2666809008689028
2023-01-31,75.1500015258789,156.83160400390625,19.399999618530273,20.202999973297118,-1.3426323319495992
2023-02-01,84.63999938964844,156.6199188232422,17.8700008392334,19.951500034332277,-0.8194629127561639
2023-02-02,88.30999755859375,161.9625244140625,18.729999542236328,19.7875,-0.7900138282982992
2023-02-03,86.08999633789062,162.27578735351562,18.329999923706055,19.58100004196167,-0.9208044189532337
2023-02-06,83.68000030517578,159.82040405273438,19.43000030517578,19.49600009918213,-0.9737000738829859
2023-02-07,85.91000366210938,159.42245483398438,18.65999984741211,19.33050012588501,-0.8396663231020497
2023-02-08,84.69000244140625,157.78836059570312,19.6299991607666,19.28300008773804,-0.8539789429150813
2023-02-09,83.20999908447266,156.4251708984375,20.709999084472656,19.264000034332277,-0.891073722061159
2023-02-10,81.4800033569336,156.82315063476562,20.530000686645508,19.34900007247925,-0.9978992136293977
2023-02-13,83.12999725341797,158.6773681640625,20.34000015258789,19.448500061035155,-0.9672025205916485
2023-02-14,85.94999694824219,158.13552856445312,18.90999984741211,19.426000022888182,-0.7964769220865006
2023-02-15,85.18000030517578,158.19476318359375,18.229999542236328,19.320499992370607,-0.8402660654146562
2023-02-16,80.08000183105469,157.10250854492188,20.170000076293945,19.30299997329712,-1.0829868420777329
2023-02-17,78.5,156.48756408691406,20.020000457763672,19.311499977111815,-1.1493691335494676
2023-02-21,76.7699966430664,152.4303741455078,22.8700008392334,19.46450004577637,-1.1142132109802885
2023-02-22,76.61000061035156,150.85023498535156,22.290000915527344,19.619000053405763,-1.072562351984781
2023-02-23,79.75,153.6945343017578,21.139999389648438,19.72200002670288,-0.9923360089827786
2023-02-24,78.08999633789062,153.87387084960938,21.670000076293945,19.869000053405763,-1.088384756915675
2023-02-27,78.7699966430664,155.65049743652344,20.950000762939453,19.99100008010864,-1.1080000731333994
2023-02-28,78.58000183105469,155.8726043701172,20.700000762939453,20.029000091552735,-1.1254174683302078
2023-03-01,78.29000091552734,156.37655639648438,20.579999923706055,20.088000106811524,-1.1572590819469635
2023-03-02,80.44000244140625,157.74314880371094,19.59000015258789,20.17400007247925,-1.0838130291774624
2023-03-03,81.5199966430664,158.59730529785156,18.489999771118164,20.16200008392334,-1.0522634193045524
2023-03-06,81.16000366210938,159.3062286376953,18.610000610351562,20.176000118255615,-1.094446067489875
2023-03-07,82.11000061035156,156.538818359375,19.59000015258789,20.184000110626222,-0.9545548671727769
2023-03-08,85.37000274658203,157.41860961914062,19.110000610351562,20.206500148773195,-0.80519133962616
2023-03-09,84.02999877929688,156.20567321777344,22.610000610351562,20.35550022125244,-0.8394561065295728
2023-03-10,82.66999816894531,155.06114196777344,24.799999237060547,20.560000228881837,-0.876989047601962
2023-03-13,82.01000213623047,155.65049743652344,26.520000457763672,20.859500217437745,-0.9316866426145908
2023-03-14,87.44999694824219,158.0677032470703,23.729999542236328,21.029000186920165,-0.7126889468260905
2023-03-15,89.68000030517578,157.46983337402344,26.139999389648438,21.390500164031984,-0.5722839235084465
2023-03-16,96.5999984741211,160.5105743408203,22.989999771118164,21.628500175476074,-0.2926193935483457
2023-03-17,97.83999633789062,159.54537963867188,25.510000228881836,21.89550018310547,-0.19438184883907517
2023-03-20,96.80999755859375,156.7267303466797,24.149999618530273,22.102000141143797,-0.1606043933410189
2023-03-21,95.93000030517578,159.54537963867188,21.3799991607666,22.027500057220458,-0.2983193123760287
2023-03-22,97.58000183105469,158.4777069091797,22.260000228881836,22.026000022888184,-0.17450446589711283
2023-03-23,100.27999877929688,158.26417541503906,22.610000610351562,22.09950008392334,-0.02077198583131106
2023-03-24,97.94999694824219,158.930419921875,21.739999771118164,22.10300006866455,-0.16879772105135124
2023-03-27,96.61000061035156,159.9980926513672,20.600000381469727,22.085500049591065,-0.27574281891775243
2023-03-28,94.55999755859375,160.34829711914062,19.969999313354492,22.048999977111816,-0.39845980135768044
2023-03-29,96.08999633789062,163.5427703857422,19.1200008392334,21.976000022888183,-0.4170055767636689
2023-03-30,97.87999725341797,163.21820068359375,19.020000457763672,21.947500038146973,-0.3092542497066223
2023-03-31,98.01000213623047,165.69522094726562,18.700000762939453,21.958000087738036,-0.3811198653904401
2023-04-03,96.55999755859375,165.46461486816406,18.549999237060547,21.955000019073488,-0.4526764961214019
2023-04-04,95.87000274658203,162.80819702148438,19.0,21.925500011444093,-0.40556698435079974
2023-04-05,92.55999755859375,161.77471923828125,19.079999923706055,21.923999977111816,-0.552753722885555
2023-04-06,92.47000122070312,161.0743408203125,18.399999618530273,21.71349992752075,-0.5353307465675222
2023-04-10,95.4800033569336,162.50929260253906,18.969999313354492,21.42199993133545,-0.41726404135915623
2023-04-11,94.02999877929688,164.37985229492188,19.100000381469727,21.050999927520753,-0.5557827367252738
2023-04-12,92.33000183105469,162.15908813476562,19.09000015258789,20.81899995803833,-0.5775190007048262
2023-04-13,92.08999633789062,163.14134216308594,17.799999237060547,20.401999950408936,-0.6218829911483087
2023-04-14,91.75,164.7385711669922,17.06999969482422,20.10599994659424,-0.691286887907676
2023-04-17,89.87000274658203,165.0973358154297,16.950000762939453,19.67799997329712,-0.8050253616194941
2023-04-18,89.77999877929688,165.80625915527344,16.829999923706055,19.311999988555907,-0.8325158466886392
2023-04-19,89.94000244140625,167.4376678466797,16.459999084472656,19.06599998474121,-0.8758001995109608
2023-04-20,90.11000061035156,166.5408172607422,17.170000076293945,18.811499977111815,-0.8379675647787104
2023-04-21,88.43000030517578,166.73727416992188,16.770000457763672,18.51949996948242,-0.9356500915977358
2023-04-24,87.56999969482422,167.28395080566406,16.889999389648438,18.276999950408936,-0.9998713303697636
2023-04-25,83.80000305175781,150.57687377929688,18.760000228881836,18.18499994277954,-0.6725876864406254
2023-04-26,85.94000244140625,147.39950561523438,18.84000015258789,18.12849998474121,-0.45487441941896056
2023-04-27,87.44000244140625,151.83248901367188,17.030000686645508,18.023999977111817,-0.5145227442493892
2023-04-28,89.37000274658203,153.58349609375,15.779999732971191,17.86199994087219,-0.46529955073938906
2023-05-01,89.69000244140625,155.62484741210938,16.079999923706055,17.73099989891052,-0.5129417621877961
2023-05-02,89.91000366210938,151.9008331298828,17.780000686645508,17.692499971389772,-0.38228918284936564
2023-05-03,81.62000274658203,150.18399047851562,18.34000015258789,17.659499979019166,-0.7786973431604384
2023-05-04,86.61000061035156,148.0144500732422,20.09000015258789,17.709999990463256,-0.4380123734498031
2023-05-05,89.83999633789062,150.10714721679688,17.190000534057617,17.649500036239623,-0.32893582856589715
2023-05-08,95.04000091552734,148.95401000976562,16.979999542236328,17.550000047683717,-0.009214550179465587
2023-05-09,95.05999755859375,147.77528381347656,17.709999084472656,17.480499982833862,0.029438452062028088
2023-05-10,97.0199966430664,146.54531860351562,16.940000534057617,17.37300000190735,0.17529473201805923
2023-05-11,97.0999984741211,145.40078735351562,16.93000030517578,17.32950005531311,0.2161233156206963
2023-05-12,95.26000213623047,145.30593872070312,17.030000686645508,17.327500104904175,0.11901780145211051
2023-05-15,97.4000015258789,145.60772705078125,17.1200008392334,17.33600010871887,0.2258538091931415
2023-05-16,101.4800033569336,143.6760711669922,17.989999771118164,17.39400010108948,0.5094378053258781
2023-05-17,103.75,147.77224731445312,16.8700008392334,17.414500188827514,0.5024245877005131
2023-05-18,107.93000030517578,147.4962921142578,16.049999237060547,17.358500146865843,0.738684729054976
2023-05-19,105.81999969482422,147.4014434814453,16.809999465942383,17.36050009727478,0.6268862214230261
2023-05-22,108.0,147.90159606933594,17.209999084472656,17.37650008201599,0.729577312585439
2023-05-23,108.12000274658203,146.4183807373047,18.530000686645508,17.365000104904176,0.783376176388728
2023-05-24,108.2699966430664,144.63328552246094,20.030000686645508,17.424500131607054,0.8484276993916676
2023-05-25,120.3499984741211,147.66014099121094,19.139999389648438,17.530000066757204,1.4093299330091604
2023-05-26,127.02999877929688,147.9533233642578,17.950000762939453,17.638500118255614,1.7634963086317013
2023-05-30,125.2699966430664,146.3924560546875,17.459999084472656,17.707500076293947,1.7174644476331078
2023-05-31,118.20999908447266,144.0124053955078,17.940000534057617,17.71550006866455,1.4091259388423476
2023-06-01,119.47000122070312,144.7281494140625,15.649999618530273,17.58100004196167,1.454882222491889
2023-06-02,117.86000061035156,146.72018432617188,14.600000381469727,17.306500053405763,1.303785627193168
2023-06-05,117.93000030517578,144.74542236328125,14.729999542236328,17.183500003814697,1.370528545808028
2023-06-06,124.2300033569336,144.5211944580078,13.960000038146973,17.03250002861023,1.7205057215522543
2023-06-07,117.83000183105469,147.89297485351562,13.9399995803833,16.84400005340576,1.2647774962403806
2023-06-08,121.05000305175781,147.87571716308594,13.649999618530273,16.679500007629393,1.4405523270381335
2023-06-09,124.91999816894531,147.02200317382812,13.829999923706055,16.52449998855591,1.6783553181108657
2023-06-12,129.19000244140625,147.89297485351562,15.010000228881836,16.423499965667723,1.8829618426968033
2023-06-13,124.52999877929688,149.09164428710938,14.609999656677246,16.297999906539918,1.5911750692607631
2023-06-14,127.33000183105469,150.80772399902344,13.880000114440918,16.092499923706054,1.688854853630719
2023-06-15,124.23999786376953,154.36058044433594,14.5,15.973999881744385,1.407478147659104
2023-06-16,120.08000183105469,153.99839782714844,13.539999961853027,15.84849991798401,1.1926434094142406
2023-06-20,118.93000030517578,152.8687286376953,13.880000114440918,15.701999950408936,1.1660644823975521
2023-06-21,112.11000061035156,149.7297821044922,13.199999809265137,15.50149998664856,0.8949713465112149
2023-06-22,110.69999694824219,147.78948974609375,12.90999984741211,15.220499944686889,0.8800774732685898
2023-06-23,110.01000213623047,145.9871826171875,13.4399995803833,14.890999889373779,0.8999673254267471
2023-06-26,107.51000213623047,148.9709014892578,14.25,14.646499919891358,0.668835087689949
2023-06-27,110.38999938964844,150.6266326904297,13.739999771118164,14.435999870300293,0.7727912142371745
2023-06-28,110.16999816894531,151.4803466796875,13.430000305175781,14.23449993133545,0.7336122522346569
2023-06-29,111.23999786376953,151.81666564941406,13.539999961853027,14.01449990272522,0.7811209518870318
2023-06-30,113.91000366210938,154.576171875,13.59000015258789,13.9114999294281,0.838473627549507
2023-07-03,115.81999969482422,158.47402954101562,13.569999694824219,13.859999895095825,0.8181902416358308
2023-07-05,113.94999694824219,155.19705200195312,14.180000305175781,13.832499933242797,0.8208631350171519
2023-07-06,113.4800033569336,154.60205078125,15.4399995803833,13.906499910354615,0.8142492936438828
2023-07-07,113.16999816894531,155.0159912109375,14.829999923706055,13.950999927520751,0.7841876749828398
2023-07-10,113.58000183105469,156.36988830566406,15.069999694824219,14.021999931335449,0.7633517492096574
2023-07-11,111.31999969482422,159.7416534423828,14.84000015258789,14.07249994277954,0.5329129784473313
2023-07-12,114.58000183105469,160.81961059570312,13.539999961853027,13.9989999294281,0.6759611559379082
2023-07-13,115.91999816894531,159.84512329101562,13.609999656677246,13.948999929428101,0.7799365269395815
2023-07-14,115.94000244140625,159.75889587402344,13.34000015258789,13.92199993133545,0.7837730941727689
2023-07-17,118.31999969482422,157.58578491210938,13.479999542236328,13.870999908447265,0.9825417980878163
2023-07-18,117.93000030517578,159.1638946533203,13.300000190734863,13.858999919891357,0.9110261654966814
2023-07-19,116.43000030517578,160.414306640625,13.760000228881836,13.852999925613403,0.7895503285250844
2023-07-20,110.25,161.20765686035156,13.989999771118164,13.892499923706055,0.4279660557589027
2023-07-21,110.94999694824219,161.5181121826172,13.600000381469727,13.926999950408936,0.4561643303986474
2023-07-24,110.61000061035156,162.41494750976562,13.90999984741211,13.950499963760375,0.40908128394514526
2023-07-25,113.0,159.26736450195312,13.859999656677246,13.930999946594238,0.6394497359447558
2023-07-26,110.08999633789062,159.00865173339844,13.1899995803833,13.903499937057495,0.4893391428065697
2023-07-27,111.0999984741211,160.845458984375,14.40999984741211,13.952499914169312,0.48576384724342064
2023-07-28,112.95999908447266,162.02688598632812,13.329999923706055,13.941999912261963,0.5493297739784306
2023-07-31,114.4000015258789,161.3715057373047,13.630000114440918,13.943999910354615,0.6485776157595594
2023-08-01,117.5999984741211,159.9658660888672,13.930000305175781,13.961999940872193,0.8675102143834663
2023-08-02,109.3499984741211,158.11183166503906,16.09000015258789,14.057499933242799,0.4776509746449555
2023-08-03,113.1500015258789,156.5164794921875,15.920000076293945,14.08149995803833,0.7352804349164666
2023-08-04,115.81999969482422,156.03353881835938,17.100000381469727,14.194999980926514,0.8959662551849935
2023-08-07,116.80999755859375,157.07699584960938,15.770000457763672,14.230000019073486,0.9165856573944586
2023-08-08,113.2300033569336,155.69725036621094,15.989999771118164,14.2875,0.7657419631680051
2023-08-09,110.47000122070312,154.67967224121094,15.960000038146973,14.408500003814698,0.6479783826639687
2023-08-10,110.2300033569336,155.5506591796875,15.850000381469727,14.520500040054321,0.6071607789509162
2023-08-11,107.56999969482422,153.68849182128906,14.84000015258789,14.595500040054322,0.5217550981024697
2023-08-14,111.9800033569336,152.72262573242188,14.819999694824219,14.662500047683716,0.7925182520403214
2023-08-15,111.3499984741211,150.76473999023438,16.459999084472656,14.820499992370605,0.8206307499261459
2023-08-16,107.19000244140625,148.57192993164062,16.780000686645508,14.971500015258789,0.6641362886446451
2023-08-17,104.44000244140625,148.57192993164062,17.889999389648438,15.166499996185303,0.5144877973227286
2023-08-18,105.44999694824219,149.0070037841797,17.299999237060547,15.351499938964844,0.5555839367090346
2023-08-21,108.22000122070312,146.6140594482422,17.1299991607666,15.512499904632568,0.782581770656584
2023-08-22,105.66000366210938,145.19569396972656,16.969999313354492,15.667999887466431,0.6884746604830303
2023-08-23,109.43000030517578,146.9534149169922,15.979999542236328,15.807499885559082,0.8376121355385074
2023-08-24,101.80000305175781,145.3175048828125,17.200000762939453,15.94699993133545,0.4745405703630907
2023-08-25,102.25,146.94471740722656,15.680000305175781,16.064499950408937,0.4471706934894825
2023-08-28,102.61000061035156,146.91859436035156,15.079999923706055,16.136999940872194,0.4675935901965415
2023-08-29,105.91999816894531,149.4508056640625,14.449999809265137,16.16299991607666,0.5670167659597775
2023-08-30,106.58999633789062,149.67701721191406,13.880000114440918,16.05249991416931,0.5962673433855968
2023-08-31,105.72000122070312,147.40589904785156,13.569999694824219,15.934999895095824,0.6213025466642933
2023-09-01,109.44999694824219,146.18768310546875,13.09000015258789,15.734499883651733,0.8631034172427898
2023-09-05,110.77999877929688,142.68092346191406,14.010000228881836,15.646499872207642,1.0472359132667266
2023-09-06,109.27999877929688,141.23641967773438,14.449999809265137,15.56949987411499,1.0116443632588148
2023-09-07,106.58999633789062,141.17552185058594,14.399999618530273,15.491499853134155,0.8672015502942518
2023-09-08,106.08999633789062,140.1313018798828,13.84000015258789,15.390999841690064,0.8732709862301153
2023-09-11,105.31999969482422,140.0008087158203,13.800000190734863,15.338999843597412,0.8355282787683492
2023-09-12,105.30999755859375,136.24169921875,14.229999542236328,15.309499835968017,0.9547830694059399
2023-09-13,107.70999908447266,137.34683227539062,13.479999542236328,15.160499858856202,1.0501659800970715
2023-09-14,106.62999725341797,139.861572265625,12.819999694824219,14.962499809265136,0.911252572685692
2023-09-15,101.48999786376953,139.6527557373047,13.789999961853027,14.757499837875367,0.6382007464101926
2023-09-18,102.37000274658203,137.86891174316406,14.0,14.59249987602234,0.7429378643447955
2023-09-19,101.61000061035156,137.49473571777344,14.109999656677246,14.44149990081787,0.7135049648664644
2023-09-20,100.33999633789062,137.17279052734375,15.140000343322754,14.349999952316285,0.6546544114092969
2023-09-21,96.11000061035156,135.24969482421875,17.540000915527344,14.428000020980836,0.4857552039901808
2023-09-22,96.19999694824219,133.81393432617188,17.200000762939453,14.428000020980836,0.5364088516611538
2023-09-25,97.37999725341797,134.27513122558594,16.899999618530273,14.48899998664856,0.5859237886864422
2023-09-26,95.95999908447266,132.17800903320312,18.940000534057617,14.682000017166137,0.5754840489611852
2023-09-27,98.06999969482422,132.62181091308594,18.219999313354492,14.870499992370606,0.6761617634591108
2023-09-28,102.76000213623047,135.31060791015625,17.34000015258789,15.043499994277955,0.8456913083550325
2023-09-29,102.81999969482422,135.63258361816406,17.520000457763672,15.241000032424926,0.8386951877129131
2023-10-02,103.2699966430664,134.9451446533203,17.610000610351562,15.467000055313111,0.8850909531008602
2023-10-03,100.08000183105469,133.787841796875,19.780000686645508,15.755500078201294,0.7483810771925974
2023-10-04,104.06999969482422,133.76171875,18.579999923706055,15.96200008392334,0.9663398329820925
2023-10-05,102.91000366210938,133.4658660888672,18.489999771118164,16.166500091552734,0.9126441245918614
2023-10-06,107.23999786376953,134.24029541015625,17.450000762939453,16.347000122070312,1.1235918681427943
2023-10-09,106.97000122070312,134.30120849609375,17.700000762939453,16.542000150680543,1.1069580503501584
2023-10-10,109.01000213623047,135.35409545898438,17.030000686645508,16.682000207901,1.18441561094914
2023-10-11,108.30999755859375,135.13658142089844,16.09000015258789,16.81250023841858,1.1532549747901224
2023-10-12,108.79000091552734,135.20620727539062,16.690000534057617,17.00600028038025,1.177156714629882
2023-10-13,105.08999633789062,134.9451446533203,19.31999969482422,17.28250026702881,0.9841310289324211
2023-10-16,106.45999908447266,136.31129455566406,17.209999084472656,17.44300022125244,1.0151454964182585
2023-10-17,105.13999938964844,136.77247619628906,17.8799991607666,17.63150019645691,0.9286168367060635
2023-10-18,102.16999816894531,133.8487548828125,19.219999313354492,17.835500144958495,0.8601724918110641
2023-10-19,102.4000015258789,132.31724548339844,21.399999618530273,18.028500080108643,0.9214964124056076
2023-10-20,101.80999755859375,132.23023986816406,21.709999084472656,18.253999996185303,0.8921625753989239
2023-10-23,100.01000213623047,128.923583984375,20.3700008392334,18.42750005722046,0.8995909210184139
2023-10-24,101.66999816894531,129.93299865722656,18.969999313354492,18.428999996185304,0.9577549339605292
2023-10-25,96.05999755859375,127.8532943725586,20.190000534057617,18.527500057220458,0.7187500868323874
2023-10-26,93.66999816894531,120.26546478271484,20.68000030517578,18.694500064849855,0.8305085636097858
2023-10-27,96.43000030517578,117.32430267333984,21.270000457763672,18.882000064849855,1.0744332605024354
2023-10-30,96.18000030517578,120.76145935058594,19.75,18.989000034332275,0.9512900853375534
2023-10-31,98.5,122.91079711914062,18.139999389648438,18.90699996948242,1.0090417194729775
2023-11-01,108.04000091552734,121.64901733398438,16.8700008392334,18.82150001525879,1.5683976576757266
2023-11-02,107.83000183105469,123.55469512939453,15.65999984741211,18.680000019073486,1.4962379473754435
2023-11-03,112.25,124.31171417236328,14.90999984741211,18.55299997329712,1.7126383420700837
2023-11-06,111.75,123.79833221435547,14.890000343322754,18.412499952316285,1.7017904981800018
2023-11-07,113.44999694824219,123.43287658691406,14.8100004196167,18.301499938964845,1.8059470161576432
2023-11-08,113.58999633789062,123.51988983154297,14.449999809265137,18.219499921798707,1.810792425975364
2023-11-09,113.48999786376953,121.77954864501953,15.289999961853027,18.149499893188477,1.860813689451633
2023-11-10,118.58999633789062,121.58586120605469,14.170000076293945,17.891999912261962,2.1445161619372834
2023-11-13,116.79000091552734,121.63868713378906,14.760000228881836,17.76949996948242,2.0448811614577456
2023-11-14,119.87999725341797,126.04047393798828,14.15999984741211,17.5835000038147,2.0727508785944653
2023-11-15,118.0,129.5618896484375,14.180000305175781,17.33150005340576,1.8582218591261073
2023-11-16,119.83000183105469,129.3330078125,14.319999694824219,16.97750005722046,1.9651004641473162
2023-11-17,120.62000274658203,130.27496337890625,13.800000190734863,16.58200011253357,1.9780712565794791
2023-11-20,121.52999877929688,131.67477416992188,13.40999984741211,16.234000062942506,1.9829805083729304
2023-11-21,119.16000366210938,131.85081481933594,13.350000381469727,15.953000116348267,1.8484007428639684
2023-11-22,122.51000213623047,132.71356201171875,12.850000381469727,15.586000108718872,2.0032048356021255
2023-11-24,122.30999755859375,133.84039306640625,12.460000038146973,15.175000095367432,1.9564100741831318
2023-11-27,122.6500015258789,131.69236755371094,12.6899995803833,14.746000051498413,2.043367723374341
2023-11-28,122.01000213623047,132.70474243164062,12.6899995803833,14.393000030517578,1.9762770902488058
2023-11-29,123.8499984741211,134.06930541992188,12.979999542236328,14.135000038146973,2.0329180699703926
2023-11-30,121.16000366210938,133.47067260742188,12.920000076293945,13.9375,1.9056127516685188
2023-12-01,121.38999938964844,136.37586975097656,12.630000114440918,13.78600001335144,1.8255428295315805
2023-12-04,118.56999969482422,137.26499938964844,13.079999923706055,13.694500017166138,1.6437494426784336
2023-12-05,118.37999725341797,135.71559143066406,12.850000381469727,13.592500019073487,1.6827880510965199
2023-12-06,116.81999969482422,136.7103729248047,12.970000267028809,13.500500011444093,1.5661939787153243
2023-12-07,128.3699951171875,137.7755889892578,13.0600004196167,13.43100004196167,2.1607700159851073
2023-12-08,128.9199981689453,137.5995330810547,12.350000381469727,13.284000062942505,2.196310607118541
2023-12-11,134.41000366210938,137.14173889160156,12.630000114440918,13.207000064849854,2.509653158138088
2023-12-12,137.61000061035156,136.78082275390625,12.069999694824219,13.072500038146973,2.695291456901606
2023-12-13,138.19000244140625,138.43588256835938,12.1899995803833,12.974000024795533,2.674108672602043
2023-12-14,138.0,142.93450927734375,12.479999542236328,12.88899998664856,2.5204024277351453
2023-12-15,139.14999389648438,143.44509887695312,12.279999732971191,12.786999988555909,2.5667103907581628
2023-12-18,138.89999389648438,142.239013671875,12.5600004196167,12.725,2.591542719125877
2023-12-19,140.14999389648438,142.28302001953125,12.529999732971191,12.680999994277954,2.6581623220771564
2023-12-20,135.47000122070312,138.1805877685547,13.670000076293945,12.696999979019164,2.534228635362228
2023-12-21,139.91000366210938,138.35665893554688,13.649999618530273,12.736999940872192,2.770231846579108
2023-12-22,139.60000610351562,139.31622314453125,13.029999732971191,12.765499925613403,2.722782155580773
2023-12-26,143.41000366210938,139.12254333496094,12.989999771118164,12.780499935150146,2.9362855882660917
2023-12-27,146.07000732421875,138.07492065429688,12.430000305175781,12.767499971389771,3.1144233854067176
2023-12-28,148.75999450683594,138.4886932373047,12.470000267028809,12.742000007629395,3.247619600302837
2023-12-29,147.41000366210938,138.4182586669922,12.449999809265137,12.718499994277954,3.1764009734261887
