Date,AVGO,GILD,VIX,AvgVIX,zscore
2020-01-30,27.060224533081055,50.49644088745117,15.489999771118164,13.696000051498412,-0.621434132320392
2020-01-31,26.198284149169922,49.841880798339844,18.84000015258789,14.014500045776368,-0.6203718451046246
2020-02-03,26.204296112060547,52.33396530151367,17.969999313354492,14.211999988555908,-0.8412905611928894
2020-02-04,26.751161575317383,53.15415954589844,16.049999237060547,14.32199993133545,-0.8779231171457779
2020-02-05,27.24738121032715,51.947547912597656,15.149999618530273,14.389999914169312,-0.7379125115819131
2020-02-06,27.445697784423828,53.7929573059082,14.960000038146973,14.465499925613404,-0.8886691706251749
2020-02-07,27.06279945373535,54.313453674316406,15.470000267028809,14.611999940872192,-0.9602444914586823
2020-02-10,26.97437858581543,54.40808868408203,15.039999961853027,14.735999917984008,-0.9745030429831717
2020-02-11,27.48604965209961,53.43805694580078,15.180000305175781,14.878999948501587,-0.8544795813900615
2020-02-12,27.875812530517578,52.79926681518555,13.739999771118164,14.946499919891357,-0.7719443498121796
2020-02-13,27.813138961791992,52.68098068237305,14.149999618530273,15.032999897003174,-0.765589133535543
2020-02-14,27.280864715576172,53.280338287353516,13.680000305175781,15.100999927520752,-0.8540579149144432
2020-02-18,26.678190231323242,52.84658432006836,14.829999923706055,15.237499904632568,-0.8554393370848402
2020-02-19,27.102291107177734,53.11473083496094,14.380000114440918,15.313999891281128,-0.8511737642284006
2020-02-20,26.54855728149414,52.83869934082031,15.5600004196167,15.446499919891357,-0.8633218966201818
2020-02-21,26.14162254333496,54.968013763427734,17.079999923706055,15.651499938964843,-1.0793643650327767
2020-02-24,25.03414535522461,57.491668701171875,25.030000686645508,16.174999952316284,-1.3768092717422558
2020-02-25,24.268348693847656,55.283470153808594,27.850000381469727,16.655999994277956,-1.2314061004808339
2020-02-26,24.543075561523438,58.91119384765625,27.559999465942383,17.219999933242796,-1.5353873131039406
2020-02-27,23.51887321472168,57.30239486694336,39.15999984741211,18.35849995613098,-1.4603242131615948
2020-02-28,23.40468978881836,54.69989013671875,40.11000061035156,19.589499998092652,-1.2367611842598731
2020-03-02,24.464950561523438,59.4632453918457,33.41999816894531,20.318499898910524,-1.589586386256542
2020-03-03,23.544626235961914,58.5247688293457,36.81999969482422,21.26099991798401,-1.567175592237362
2020-03-04,24.506160736083984,59.944339752197266,31.989999771118164,22.05799994468689,-1.6295828945800988
2020-03-05,23.52659797668457,60.038936614990234,39.619998931884766,23.281499910354615,-1.7028392587483292
2020-03-06,23.132545471191406,63.26448440551758,41.939998626708984,24.630499839782715,-2.0153829826298697
2020-03-09,21.267004013061523,57.98060989379883,54.459999084472656,26.57999978065491,-1.6696480208347866
2020-03-10,22.570220947265625,57.050018310546875,47.29999923706055,28.192999744415282,-1.5007200626385127
2020-03-11,21.116764068603516,58.12257766723633,53.900001525878906,30.12899980545044,-1.6922030456761419
2020-03-12,18.782474517822266,54.58842849731445,75.47000122070312,33.21549987792969,-1.5328926197710706
2020-03-13,20.108013153076172,56.315696716308594,57.83000183105469,35.39949998855591,-1.5985256878238274
2020-03-16,16.103925704956055,54.843143463134766,82.69000244140625,38.850000095367434,-1.7328561143983772
2020-03-17,17.12812614440918,59.3165397644043,75.91000366210938,41.9040002822876,-2.062318176227861
2020-03-18,14.41180419921875,63.21685791015625,76.44999694824219,45.007500123977664,-2.5885408904986034
2020-03-19,16.693723678588867,62.524356842041016,72.0,47.829500102996825,-2.375958784778432
2020-03-20,16.782779693603516,58.313602447509766,66.04000091552734,50.27750015258789,-1.9961143152328036
2020-03-23,16.891916275024414,57.796226501464844,61.59000015258789,52.10550012588501,-1.9429414772688591
2020-03-24,18.576128005981445,58.87078857421875,61.66999816894531,53.796500015258786,-1.926861870810192
2020-03-25,18.99434471130371,55.44807052612305,63.95000076293945,55.61600008010864,-1.5952079966381625
2020-03-26,21.23123550415039,58.791194915771484,61.0,56.708000087738036,-1.7440025446258263
2020-03-27,20.1416015625,57.98725891113281,65.54000091552734,57.97950010299682,-1.7447497551742788
2020-03-30,20.964069366455078,60.43889236450195,57.08000183105469,59.16250028610229,-1.9080197526906897
2020-03-31,20.701263427734375,59.50758361816406,53.540000915527344,59.99850034713745,-1.842712187204893
2020-04-01,19.525190353393555,57.71662139892578,57.060001373291016,61.252000427246095,-1.7615266935293195
2020-04-02,20.697771072387695,61.274654388427734,50.90999984741211,61.81650047302246,-1.9998732325113897
2020-04-03,20.453304290771484,62.25370407104492,46.79999923706055,62.059500503540036,-2.103006354068977
2020-04-06,22.040603637695312,61.87165451049805,45.2400016784668,61.598500633239745,-1.963984573153215
2020-04-07,22.113073348999023,59.435943603515625,46.70000076293945,61.568500709533694,-1.7428761202485339
2020-04-08,22.796707153320312,59.69065475463867,43.349998474121094,61.041000556945804,-1.7202340857705527
2020-04-09,22.2029972076416,58.512611389160156,41.66999816894531,59.35100040435791,-1.6549232100725442
2020-04-13,22.693683624267578,59.92148971557617,41.16999816894531,58.51800022125244,-1.7475550880117274
2020-04-14,23.36684226989746,61.8875617980957,37.7599983215332,56.27150001525879,-1.8775889469461018
2020-04-15,22.477153778076172,59.404090881347656,40.84000015258789,54.51799983978272,-1.7159421149366128
2020-04-16,22.551366806030273,60.92443084716797,40.11000061035156,52.70100002288818,-1.846046759101173
2020-04-17,23.214048385620117,66.85449981689453,38.150001525878906,51.00850009918213,-2.3288084775080593
2020-04-20,22.550491333007812,64.68145751953125,43.83000183105469,49.898000144958495,-2.179758323667056
2020-04-21,21.62238311767578,62.50843048095703,45.40999984741211,49.089000129699706,-2.0482250702242077
2020-04-22,22.69804573059082,64.72126770019531,41.97999954223633,48.104500198364256,-2.173524420989962
2020-04-23,22.60724639892578,61.91143798828125,41.380001068115234,46.976000213623045,-1.930001071853298
2020-04-24,23.120628356933594,63.39197540283203,35.93000030517578,45.722500228881835,-2.027494203426962
2020-04-27,23.438438415527344,63.59894943237305,33.290000915527344,44.11000022888184,-2.0248333908420015
2020-04-28,23.113649368286133,62.619873046875,33.56999969482422,42.93450012207031,-1.9593874931469277
2020-04-29,24.099374771118164,66.17790222167969,31.229999542236328,41.81900005340576,-2.210105110363036
2020-04-30,23.7152099609375,66.86244201660156,34.150001525878906,40.673500061035156,-2.2963326330614073
2020-05-01,22.674474716186523,63.63871765136719,37.189998626708984,39.9875,-2.0789460407741274
2020-05-04,22.89798927307129,63.87751388549805,35.970001220703125,39.44600009918213,-2.085354458104668
2020-05-05,23.125864028930664,62.99397277832031,33.61000061035156,38.86450004577637,-1.991801785079517
2020-05-06,23.06562042236328,61.66469955444336,34.119998931884766,38.235499954223634,-1.877740479628658
2020-05-07,23.377321243286133,61.77610778808594,31.440000534057617,37.64000005722046,-1.8669971543101014
2020-05-08,24.012943267822266,61.68062210083008,27.979999542236328,36.95550012588501,-1.816433668196874
2020-05-11,24.045244216918945,64.31529998779297,27.56999969482422,36.275500202178954,-2.0482752461213067
2020-05-12,23.438438415527344,62.0467529296875,33.040000915527344,36.03950033187866,-1.8869860989805205
2020-05-13,22.97569465637207,61.338348388671875,35.279998779296875,35.76150026321411,-1.8547117754786937
2020-05-14,23.276918411254883,61.473670959472656,32.61000061035156,35.38650026321411,-1.8467859031247047
2020-05-15,22.736467361450195,60.70154571533203,31.889999389648438,35.07350015640259,-1.8139975645946254
2020-05-18,23.881977081298828,59.50758361816406,29.299999237060547,34.34700002670288,-1.6321217913656885
2020-05-19,23.7440185546875,57.581298828125,30.530000686645508,33.60300006866455,-1.4701865412292772
2020-05-20,24.331621170043945,58.81508255004883,27.989999771118164,32.90350008010864,-1.5408519576149662
2020-05-21,23.992855072021484,58.50465393066406,29.530000686645508,32.31100006103516,-1.5357126553590097
2020-05-22,24.154386520385742,58.37728500366211,28.15999984741211,31.92250003814697,-1.5137065292767298
2020-05-26,24.62323570251465,58.24993896484375,28.010000228881836,31.658500003814698,-1.4713553784708706
2020-05-27,25.10955810546875,59.6190299987793,27.6200008392334,31.361000061035156,-1.5607427659872468
2020-05-28,24.721025466918945,59.95332717895508,28.59000015258789,31.229000091552734,-1.6161551696001795
2020-05-29,25.43086051940918,61.95124053955078,27.510000228881836,30.89700002670288,-1.746588493944865
2020-06-01,25.319101333618164,59.825984954833984,28.229999542236328,30.449000072479247,-1.5652484479150501
2020-06-02,26.023696899414062,58.313602447509766,26.84000015258789,29.992500019073486,-1.3842867116671294
2020-06-03,27.025144577026367,59.221031188964844,25.65999984741211,29.594999980926513,-1.398569155887932
2020-06-04,26.969263076782227,61.72040939331055,25.809999465942383,29.179500007629393,-1.624233485776246
2020-06-05,27.684335708618164,61.09157180786133,24.520000457763672,28.8335000038147,-1.5210438360427652
2020-06-08,27.722755432128906,61.266700744628906,25.809999465942383,28.725,-1.5340529532336655
2020-06-09,27.530670166015625,61.76020050048828,27.56999969482422,28.725,-1.590597308206946
2020-06-10,27.506221771240234,61.34629440307617,27.56999969482422,28.451499938964844,-1.555457874649314
2020-06-11,25.64738655090332,58.49542236328125,40.790000915527344,28.727000045776368,-1.425348711652859
2020-06-12,26.214906692504883,58.78451919555664,36.09000015258789,28.901000022888184,-1.4134481125360268
2020-06-15,26.550174713134766,59.402870178222656,34.400001525878906,29.026500129699706,-1.44616495186899
2020-06-16,27.129043579101562,59.924861907958984,33.66999816894531,29.245000076293945,-1.4541958740954448
2020-06-17,27.36652183532715,59.234222412109375,33.470001220703125,29.392000102996825,-1.3771385518982542
2020-06-18,27.826658248901367,59.45909118652344,32.939998626708984,29.639500045776366,-1.3666437141365608
2020-06-19,26.707271575927734,62.21361541748047,35.119998931884766,29.91899995803833,-1.6853801445490846
2020-06-22,27.657289505004883,60.768089294433594,31.770000457763672,30.09949998855591,-1.494106727049378
2020-06-23,27.459697723388672,60.27019119262695,31.3700008392334,30.267500019073488,-1.4629717112801919
2020-06-24,27.07775115966797,60.976898193359375,33.84000015258789,30.57849998474121,-1.5510209898392713
2020-06-25,27.243579864501953,60.6235466003418,32.220001220703125,30.760000038146973,-1.5086613055916678
2020-06-26,27.116559982299805,59.88471984863281,34.72999954223633,31.121000003814697,-1.451457463294173
2020-06-29,27.325620651245117,59.876670837402344,31.780000686645508,31.298500061035156,-1.4369010466948982
2020-06-30,27.83988380432129,61.78799819946289,30.43000030517578,31.47800006866455,-1.5725933806811088
2020-07-01,27.585840225219727,61.08128356933594,28.6200008392334,31.626000118255615,-1.5266514011185435
2020-07-02,27.827529907226562,61.31416702270508,27.68000030517578,31.719500160217287,-1.5313313684484349
2020-07-06,28.120389938354492,61.6434211730957,27.940000534057617,31.890500164031984,-1.54118189984053
2020-07-07,27.6202449798584,61.370399475097656,29.43000030517578,32.07150020599365,-1.5500492854025227
2020-07-08,28.18919563293457,60.71990966796875,28.079999923706055,32.097000217437746,-1.4546112699648288
2020-07-09,28.359439849853516,59.99714660644531,29.260000228881836,32.18150024414062,-1.379152589113566
2020-07-10,28.177724838256836,61.29008865356445,27.290000915527344,31.506500244140625,-1.5060071255063456
2020-07-13,27.46058464050293,61.57918930053711,32.189998626708984,31.31150016784668,-1.579162346056756
2020-07-14,27.793134689331055,61.988746643066406,29.520000457763672,31.067500114440918,-1.5935166162917007
2020-07-15,27.67845916748047,61.555091857910156,27.760000228881836,30.772000217437743,-1.5625971495322084
2020-07-16,27.463224411010742,61.54704666137695,28.0,30.49850015640259,-1.576133050843318
2020-07-17,27.584074020385742,62.24574279785156,25.68000030517578,30.13550024032593,-1.6301815027247195
2020-07-20,27.973962783813477,62.70348358154297,24.459999084472656,29.602500247955323,-1.645018530190369
2020-07-21,27.727859497070312,61.659488677978516,24.84000015258789,29.256000232696532,-1.5685976870269305
2020-07-22,27.680219650268555,61.23388671875,24.31999969482422,28.903500175476076,-1.5339550407894604
2020-07-23,27.315916061401367,60.67975997924805,26.079999923706055,28.515500164031984,-1.5088642232740963
2020-07-24,26.973657608032227,59.13785934448242,25.84000015258789,28.19650011062622,-1.3945917169710684
2020-07-27,27.581430435180664,59.86063003540039,24.739999771118164,27.697000122070314,-1.418539705559179
2020-07-28,27.111268997192383,59.210140228271484,25.440000534057617,27.380000114440918,-1.3918997808686175
2020-07-29,27.243579864501953,58.63192367553711,24.100000381469727,27.063500118255615,-1.3317894816192708
2020-07-30,27.53026580810547,58.085838317871094,24.760000228881836,26.870500087738037,-1.2643117380515574
2020-07-31,27.94044303894043,55.837249755859375,24.459999084472656,26.70950002670288,-1.037462104631093
2020-08-03,28.335620880126953,57.60399627685547,24.280000686645508,26.526500034332276,-1.1681989838102649
2020-08-04,28.967208862304688,56.92139434814453,23.760000228881836,26.243000030517578,-1.0657620328162638
2020-08-05,29.06863784790039,55.41163635253906,22.989999771118164,25.988500022888182,-0.9249681504138638
2020-08-06,29.035127639770508,55.25904083251953,22.649999618530273,25.657999992370605,-0.9136351265268656
2020-08-07,28.750205993652344,55.69270324707031,22.209999084472656,25.403999900817873,-0.971012014493795
2020-08-10,28.87635040283203,55.01813888549805,22.1299991607666,24.90099992752075,-0.9027535420768098
2020-08-11,28.582611083984375,54.68886947631836,24.030000686645508,24.626499938964844,-0.892959871936932
2020-08-12,29.4303035736084,55.28313446044922,22.280000686645508,24.352499961853027,-0.8896108105013713
2020-08-13,29.058061599731445,54.753116607666016,22.1299991607666,24.058999919891356,-0.8671866411304899
2020-08-14,28.91692543029785,55.01010513305664,22.049999237060547,23.877499866485596,-0.8993536683119681
2020-08-17,29.137453079223633,55.5320930480957,21.350000381469727,23.72199993133545,-0.9311094992898546
2020-08-18,28.989253997802734,55.45981216430664,21.510000228881836,23.555499935150145,-0.9345024310011739
2020-08-19,29.039541244506836,52.761505126953125,22.540000915527344,23.466499996185302,-0.6915420390974885
2020-08-20,29.006013870239258,53.04258346557617,22.719999313354492,23.298499965667723,-0.7187238108581484
2020-08-21,29.11098861694336,53.403968811035156,22.540000915527344,23.133500003814696,-0.7438674554966391
2020-08-24,29.462064743041992,53.06666946411133,22.3700008392334,23.01500005722046,-0.6906683766674707
2020-08-25,29.650827407836914,53.04258346557617,22.030000686645508,22.844500064849854,-0.676031650256708
2020-08-26,29.96221160888672,52.68121337890625,23.270000457763672,22.803000068664552,-0.6233228441542916
2020-08-27,29.915462493896484,52.64106369018555,24.469999313354492,22.788500022888183,-0.6228524256122505
2020-08-28,30.416492462158203,52.408164978027344,22.959999084472656,22.713500022888184,-0.568996722151571
2020-08-31,30.62201690673828,53.604732513427734,26.40999984741211,22.819999980926514,-0.6616538841369541
2020-09-01,31.71493148803711,52.86591339111328,26.1200008392334,22.938000011444093,-0.5236806440079939
2020-09-02,33.07954788208008,53.63684844970703,26.56999969482422,23.117000007629393,-0.5017965034472277
2020-09-03,31.057771682739258,52.930152893066406,33.599998474121094,23.664499950408935,-0.5728952073650706
2020-09-04,32.01573181152344,53.01045608520508,30.75,24.091499996185302,-0.5166016260958824
2020-09-08,30.921052932739258,51.508731842041016,31.459999084472656,24.557999992370604,-0.45571375539948455
2020-09-09,31.758155822753906,51.80585479736328,28.809999465942383,24.79699993133545,-0.4266772600904655
2020-09-10,31.497943878173828,51.211585998535156,29.709999084472656,25.168499851226805,-0.3911297556761232
2020-09-11,31.729042053222656,52.66513442993164,26.8700008392334,25.405499935150146,-0.5049156488098788
2020-09-14,31.94957733154297,53.833675384521484,25.850000381469727,25.595499992370605,-0.5940899840364493
2020-09-15,32.36504364013672,53.72006607055664,25.59000015258789,25.807499980926515,-0.556493164669093
2020-09-16,32.37651443481445,53.27375411987305,26.040000915527344,26.03400001525879,-0.5160976787869609
2020-09-17,32.27770233154297,52.778743743896484,26.459999084472656,26.229999923706053,-0.4786790579141634
2020-09-18,31.731689453125,52.78687286376953,25.829999923706055,26.385499954223633,-0.5155517014323485
2020-09-21,31.314212799072266,52.1052131652832,27.780000686645508,26.64749994277954,-0.48265546211024685
2020-09-22,32.186553955078125,51.44792556762695,26.860000610351562,26.87199993133545,-0.3665267080895006
2020-09-23,31.296417236328125,51.19635009765625,28.579999923706055,27.199499893188477,-0.4031194715204776
2020-09-24,31.37920379638672,50.51471710205078,28.510000228881836,27.461499881744384,-0.33710390838341425
2020-09-25,31.76017189025879,50.51471710205078,26.3799991607666,27.55699987411499,-0.3118805684575711
2020-09-28,32.694828033447266,51.00160217285156,26.190000534057617,27.71849994659424,-0.2932375875696527
2020-09-29,32.42422103881836,50.393001556396484,26.270000457763672,27.711499977111817,-0.2571055457626509
2020-09-30,32.4295654296875,51.27750778198242,26.3700008392334,27.723999977111816,-0.33530283053966886
2020-10-01,32.810546875,51.38300704956055,26.700000762939453,27.73050003051758,-0.3194477736850924
2020-10-02,31.76285171508789,50.44980239868164,27.6299991607666,27.432000064849852,-0.3059382035258522
2020-10-05,32.58802032470703,51.610225677490234,27.959999084472656,27.292500019073486,-0.3543597371691222
2020-10-06,32.39930725097656,50.73381423950195,29.479999542236328,27.19350004196167,-0.2890219054969591
2020-10-07,32.64498519897461,50.99348831176758,28.059999465942383,27.15600004196167,-0.29581703383255675
2020-10-08,33.23158645629883,51.38300704956055,26.360000610351562,26.988500118255615,-0.2915713592237249
2020-10-09,33.531558990478516,51.80497360229492,25.0,26.895000076293947,-0.30918457476406014
2020-10-12,34.04161071777344,52.38111877441406,25.06999969482422,26.85600004196167,-0.32658103182449766
2020-10-13,33.95793533325195,52.33243942260742,26.06999969482422,26.880000019073485,-0.32779794618747954
2020-10-14,33.85200881958008,51.975379943847656,26.399999618530273,26.897999954223632,-0.30310148772865325
2020-10-15,33.81907272338867,51.09087371826172,26.969999313354492,26.923499965667723,-0.22673100937892432
2020-10-16,33.705142974853516,50.31184387207031,27.40999984741211,27.002499961853026,-0.1650901366112268
2020-10-19,33.44878387451172,49.151432037353516,29.18000030517578,27.07249994277954,-0.07900957417080758
2020-10-20,33.55739212036133,49.13520431518555,29.350000381469727,27.196999931335448,-0.07037763144855648
2020-10-21,33.117645263671875,48.859291076660156,28.649999618530273,27.20049991607666,-0.07498935548126735
2020-10-22,33.235137939453125,49.232574462890625,28.110000610351562,27.180499935150145,-0.1003608462185573
2020-10-23,33.177284240722656,49.3299560546875,27.549999237060547,27.238999938964845,-0.11283950835498949
2020-10-26,32.31563186645508,48.65642166137695,32.459999084472656,27.552499866485597,-0.11007308457596711
2020-10-27,32.009422302246094,48.69699478149414,33.349998474121094,27.906499767303465,-0.13394998473948255
2020-10-28,30.906543731689453,47.65019607543945,40.279998779296875,28.60199966430664,-0.11400597940065986
2020-10-29,31.60084342956543,47.496002197265625,37.59000015258789,29.146499633789062,-0.05434378001941883
2020-10-30,31.121957778930664,47.187644958496094,38.02000045776367,29.665999698638917,-0.0586655432045813
2020-11-02,31.266159057617188,47.496002197265625,37.130001068115234,30.124499797821045,-0.07650274245566056
2020-11-03,31.489585876464844,47.739444732666016,35.54999923706055,30.427999782562257,-0.08332959699208617
2020-11-04,32.45717239379883,48.58338165283203,29.56999969482422,30.50349979400635,-0.09421536457644128
2020-11-05,33.90276336669922,48.38862991333008,27.579999923706055,30.56449975967407,0.018790588537075464
2020-11-06,33.8804931640625,47.934207916259766,24.860000610351562,30.55749979019165,0.0576723684533494
2020-11-09,33.42830276489258,47.9179801940918,25.75,30.59149980545044,0.02917465365097369
2020-11-10,32.323646545410156,49.19200134277344,24.799999237060547,30.527999782562254,-0.15710614432324607
2020-11-11,33.46213150024414,48.77002716064453,23.450000762939453,30.380499839782715,-0.04425408615285627
2020-11-12,32.95296859741211,48.672645568847656,25.350000381469727,30.299499893188475,-0.06931676334341319
2020-11-13,33.246707916259766,49.167659759521484,23.100000381469727,30.083999919891358,-0.09382987733567173
2020-11-16,33.89741516113281,49.573402404785156,22.450000762939453,29.74749994277954,-0.08678065005811257
2020-11-17,33.878719329833984,49.47602844238281,22.709999084472656,29.415499877929687,-0.07937089782054736
2020-11-18,33.8804931640625,49.41921615600586,23.84000015258789,29.174999904632568,-0.07420807573449195
2020-11-19,34.210731506347656,49.20011520385742,23.110000610351562,28.924999904632568,-0.032885585780049346
2020-11-20,34.12172317504883,48.77814483642578,23.700000762939453,28.732499980926512,-0.001304400350407058
2020-11-23,34.448402404785156,48.5996208190918,22.65999984741211,28.242500019073486,0.03617889412282722
2020-11-24,34.91394805908203,48.89175033569336,21.639999389648438,27.657000064849854,0.04105858539350089
2020-11-25,34.78932571411133,48.28314208984375,21.25,26.70550012588501,0.08685673474757805
2020-11-27,35.156070709228516,48.713226318359375,20.84000015258789,25.86800012588501,0.07294351248566669
2020-11-30,35.7462272644043,49.232574462890625,20.56999969482422,24.995500087738037,0.06589470285812811
2020-12-01,36.01237869262695,49.59774398803711,20.770000457763672,24.17750005722046,0.05108626540865404
2020-12-02,35.93760299682617,49.60586166381836,21.170000076293945,23.458500099182128,0.04541456239356858
2020-12-03,35.58778762817383,49.38676071166992,21.280000686645508,23.044000148773193,0.04171169144582581
2020-12-04,36.645267486572266,49.95479965209961,20.790000915527344,22.704500198364258,0.06127954706134957
2020-12-07,37.465091705322266,49.3624153137207,21.299999237060547,22.526500129699706,0.16816731020178738
2020-12-08,37.68940353393555,49.6383171081543,20.68000030517578,22.273000144958495,0.15851641265314356
2020-12-09,37.04938507080078,49.354305267333984,22.270000457763672,22.146500205993654,0.1413642184258422
2020-12-10,36.499290466308594,49.05405044555664,22.520000457763672,22.100000190734864,0.13160825609034232
2020-12-11,36.123653411865234,49.30561065673828,23.309999465942383,21.998000144958496,0.08439734563408059
2020-12-14,36.65595245361328,49.108642578125,24.719999313354492,22.079000091552736,0.1371324050366803
2020-12-15,37.213172912597656,48.772178649902344,22.889999389648438,22.101000022888183,0.20390580667199654
2020-12-16,37.8220329284668,48.370052337646484,22.5,22.09050006866455,0.27992952538300797
2020-12-17,37.928855895996094,48.47674560546875,21.93000030517578,21.995000076293945,0.2775269140318183
2020-12-18,39.011497497558594,48.48493957519531,21.56999969482422,21.91800003051758,0.34847934082212845
2020-12-21,38.50159454345703,48.041786193847656,25.15999984741211,21.99099998474121,0.3540749279898484
2020-12-22,38.880435943603516,46.7779541015625,24.229999542236328,22.069499969482422,0.49139572047819097
2020-12-23,38.194580078125,47.089805603027344,23.309999465942383,22.15299997329712,0.4182913344627079
2020-12-24,38.733211517333984,46.83540344238281,21.530000686645508,22.167000007629394,0.4765462521095572
2020-12-28,38.77091598510742,46.68768310546875,21.700000762939453,22.210000038146973,0.4921613407500898
2020-12-29,38.51596450805664,46.63844680786133,23.079999923706055,22.335500049591065,0.47965394815330553
2020-12-30,39.03574752807617,46.4907341003418,22.770000457763672,22.435500049591063,0.5271860746370574
2020-12-31,39.306861877441406,47.811988830566406,22.75,22.514500045776366,0.42779831792446565
2021-01-04,38.17303466796875,49.330223083496094,26.969999313354492,22.798999977111816,0.21789810159128184
2021-01-05,38.43157958984375,49.23995590209961,25.34000015258789,23.026499938964843,0.24303242013253934
2021-01-06,38.194580078125,50.84025955200195,25.06999969482422,23.214999961853028,0.08522144336137326
2021-01-07,39.804195404052734,51.30803298950195,22.3700008392334,23.299499988555908,0.15024974766924565
2021-01-08,40.00619888305664,51.73479080200195,21.559999465942383,23.263999938964844,0.12572464271262923
2021-01-11,40.01696014404297,51.29983139038086,24.079999923706055,23.34199991226196,0.16506495639945085
2021-01-12,40.342830657958984,50.94694137573242,23.329999923706055,23.342999935150146,0.21797978279596236
2021-01-13,40.50621795654297,50.50377655029297,22.209999084472656,23.217499923706054,0.2681539485193415
2021-01-14,40.58341598510742,51.209556579589844,23.25,23.235499954223634,0.21058628380473648
2021-01-15,40.025047302246094,51.97277069091797,24.34000015258789,23.32749996185303,0.10583807784005195
2021-01-19,41.22978591918945,55.04206085205078,23.239999771118164,23.392999935150147,-0.08697511583146461
2021-01-20,41.46409606933594,55.79706954956055,21.579999923706055,23.39349994659424,-0.1385125109307566
2021-01-21,41.90755844116211,54.968196868896484,21.31999969482422,23.201499938964844,-0.03554108483079192
2021-01-22,41.7459716796875,54.935386657714844,21.90999984741211,23.085499954223632,-0.043325702283873
2021-01-25,41.7253303527832,55.93659210205078,23.190000534057617,23.079500007629395,-0.13360727445350146
2021-01-26,41.642738342285156,54.738407135009766,23.020000457763672,23.153999996185302,-0.032667295239833034
2021-01-27,39.92180633544922,53.73720932006836,37.209999084472656,23.929499912261964,-0.05769342215156758
2021-01-28,40.55379104614258,53.08066940307617,30.209999084472656,24.285999870300294,0.042455283460921076
2021-01-29,40.44247817993164,53.835693359375,33.09000015258789,24.801999855041505,-0.031966660812406573
2021-02-01,41.90038299560547,53.42534255981445,30.239999771118164,25.176499843597412,0.10100147080670183
2021-02-02,42.81067657470703,53.44997787475586,25.559999465942383,25.105999851226805,0.15908286614083061
2021-02-03,41.76123809814453,52.94935989379883,22.90999984741211,24.984499835968016,0.13405990568652099
2021-02-04,42.249595642089844,54.024444580078125,21.770000457763672,24.81949987411499,0.07091734442376132
2021-02-05,41.83485412597656,56.18278884887695,20.8700008392334,24.74449987411499,-0.148220078636345
2021-02-08,42.435420989990234,55.780670166015625,21.239999771118164,24.72849988937378,-0.07274611492257287
2021-02-09,42.60869216918945,55.230812072753906,21.6299991607666,24.605999851226805,-0.012442348239755834
2021-02-10,42.19753646850586,55.22261047363281,21.989999771118164,24.538999843597413,-0.03893599874195338
2021-02-11,42.946231842041016,54.918968200683594,21.25,24.49099988937378,0.03759985489291768
2021-02-12,43.65812301635742,54.89434051513672,19.969999313354492,24.326999855041503,0.08692026036847428
2021-02-16,43.91038513183594,53.17915344238281,21.459999084472656,24.18299980163574,0.25594430585006556
2021-02-17,43.31340789794922,53.42534255981445,21.5,24.095999813079835,0.1945557815450337
2021-02-18,43.383426666259766,53.53204345703125,22.489999771118164,24.14149980545044,0.18971574047829265
2021-02-19,43.984893798828125,52.826263427734375,22.049999237060547,24.177999782562257,0.2922168322447398
2021-02-22,42.763999938964844,52.612892150878906,23.450000762939453,24.254999828338622,0.23033228891213073
2021-02-23,42.36360168457031,52.26000213623047,23.110000610351562,24.25099983215332,0.23516192309626902
2021-02-24,43.16976547241211,52.284629821777344,21.34000015258789,24.16699981689453,0.2863497149016302
2021-02-25,41.04035949707031,51.52961349487305,28.889999389648438,23.75099983215332,0.2124162665504165
2021-02-26,42.18136978149414,50.38889694213867,27.950000762939453,23.63799991607666,0.3892655144432089
2021-03-01,43.950782775878906,51.2587890625,23.350000381469727,23.15099992752075,0.42916247789355094
2021-03-02,43.13655090332031,51.71015930175781,24.100000381469727,22.84399995803833,0.33516814001250667
2021-03-03,41.570011138916016,51.49678421020508,26.670000076293945,22.89949998855591,0.2503992259887471
2021-03-04,39.8221549987793,51.890708923339844,28.56999969482422,23.182499980926515,0.09969260756772141
2021-03-05,40.41015625,53.03143310546875,24.65999984741211,23.326999950408936,0.03731800538849611
2021-03-08,37.81663513183594,53.13812255859375,25.469999313354492,23.55699987411499,-0.14387009698733524
2021-03-09,39.82305145263672,52.79343795776367,24.030000686645508,23.69649991989136,0.019582502239953642
2021-03-10,39.28351974487305,52.44876480102539,22.559999465942383,23.742999935150145,0.014470592316492443
2021-03-11,40.72884750366211,51.775814056396484,21.90999984741211,23.738999938964845,0.16992696169652438
2021-03-12,40.50261688232422,51.095211029052734,20.690000534057617,23.710999965667725,0.21539148021315463
2021-03-15,42.26217269897461,52.3485221862793,20.030000686645508,23.714000034332276,0.22058517979113876
2021-03-16,42.927391052246094,53.12872314453125,19.790000915527344,23.63050012588501,0.19534031471170085
2021-03-17,43.413055419921875,53.469024658203125,19.229999542236328,23.517000102996825,0.19727398327014156
2021-03-18,41.667869567871094,53.18682861328125,21.579999923706055,23.47150011062622,0.10678901670355254
2021-03-19,42.926368713378906,53.50222396850586,20.950000762939453,23.416500186920167,0.16210280812165206
2021-03-22,43.00055694580078,54.39033126831055,18.8799991607666,23.188000106811522,0.08814376954391606
2021-03-23,41.98543930053711,53.53541946411133,20.299999237060547,23.04750003814697,0.09685722697549498
2021-03-24,41.37111282348633,53.41092300415039,21.200000762939453,23.04050006866455,0.06723983760133674
2021-03-25,41.77192306518555,53.11212921142578,19.809999465942383,22.586500072479247,0.12031214252321026
2021-03-26,43.61216735839844,54.14962387084961,18.860000610351562,22.132000064849855,0.15001431522626937
2021-03-29,42.75989532470703,54.938148498535156,20.739999771118164,22.001500034332274,0.023559425067485328
2021-03-30,41.270694732666016,54.365440368652344,19.610000610351562,21.77700004577637,-0.02417736762350194
2021-03-31,41.94924545288086,53.64331817626953,19.399999618530273,21.413500022888183,0.08487862863990694
2021-04-01,43.06117248535156,55.145652770996094,17.329999923706055,20.851500034332275,0.02507852892270517
2021-04-05,44.1948127746582,55.06263732910156,17.90999984741211,20.514000034332277,0.1075076193241721
2021-04-06,43.777732849121094,54.971343994140625,18.1200008392334,20.14650011062622,0.08800093606531746
2021-04-07,43.65016174316406,54.44844055175781,17.15999984741211,19.803000068664552,0.1259925897547811
2021-04-08,43.92339324951172,53.9670295715332,16.950000762939453,19.522500133514406,0.18683593990915653
2021-04-09,43.88811111450195,54.04172897338867,16.690000534057617,19.26150016784668,0.17786606533671992
2021-04-12,43.75963592529297,53.66822814941406,16.90999984741211,19.072500133514403,0.20252973012016612
2021-04-13,43.8763427734375,53.859134674072266,16.649999618530273,18.903500080108643,0.19330271462835696
2021-04-14,43.18331527709961,54.199432373046875,16.989999771118164,18.763500022888184,0.11719725873118926
2021-04-15,43.427589416503906,54.58953094482422,16.56999969482422,18.630500030517577,0.09872646204755
2021-04-16,43.318119049072266,55.5025520324707,16.25,18.364000034332275,0.010395115509382975
2021-04-19,41.79906463623047,54.73893356323242,17.290000915527344,18.18100004196167,-0.02236391108872327
2021-04-20,41.37021255493164,55.0958366394043,18.68000030517578,18.17100009918213,-0.08245338785695489
2021-04-21,41.59910202026367,55.436153411865234,17.5,18.0310001373291,-0.09752176487819421
2021-04-22,41.17568588256836,54.48163986206055,18.709999084472656,17.90650005340576,-0.04078719603608113
2021-04-23,42.17272186279297,54.34884262084961,17.329999923706055,17.782500076293946,0.03701853940592282
2021-04-26,42.690223693847656,54.58123779296875,17.639999389648438,17.72150001525879,0.050643054023184565
2021-04-27,42.1926155090332,53.67652893066406,17.559999465942383,17.5625,0.0980424269424394
2021-04-28,41.54573059082031,53.485626220703125,17.280000686645508,17.446000003814696,0.07216678958690427
2021-04-29,42.187191009521484,52.98762512207031,17.610000610351562,17.35650005340576,0.15886337046690507
2021-04-30,41.27431106567383,52.680519104003906,18.610000610351562,17.420500087738038,0.12569636203751836
2021-05-03,40.72603988647461,54.61444091796875,18.309999465942383,17.44050006866455,-0.0823513805417298
2021-05-04,40.21937561035156,54.48163986206055,19.479999542236328,17.508500003814696,-0.10410309954268764
2021-05-05,40.15513610839844,55.20375442504883,19.149999618530273,17.607999992370605,-0.17248577157552403
2021-05-06,40.58489227294922,55.2286376953125,18.389999389648438,17.679999923706056,-0.1462420755520433
2021-05-07,40.94679641723633,55.2286376953125,16.690000534057617,17.679999923706056,-0.12228093182699826
2021-05-10,39.455772399902344,56.008846282958984,19.65999984741211,17.817499923706055,-0.29028812602588944
2021-05-11,39.814964294433594,55.79304504394531,21.84000015258789,18.076999950408936,-0.24734170430421057
2021-05-12,38.21446990966797,55.98394775390625,27.59000015258789,18.606999969482423,-0.3702617614258271
2021-05-13,38.95817184448242,57.195762634277344,23.1299991607666,18.93499994277954,-0.42864106392916207
2021-05-14,39.95519256591797,56.88035202026367,18.809999465942383,19.06299991607666,-0.3346188309433795
2021-05-17,39.80319595336914,57.32855987548828,19.719999313354492,19.18449983596802,-0.3844866968354241
2021-05-18,39.242252349853516,57.145957946777344,21.34000015258789,19.317499828338622,-0.4054094603696635
2021-05-19,39.96424102783203,56.855464935302734,22.18000030517578,19.551499843597412,-0.33180957609004536
2021-05-20,41.165740966796875,57.56095504760742,20.670000076293945,19.649499893188477,-0.31491310988411675
2021-05-21,40.825557708740234,57.062965393066406,20.149999618530273,19.790499877929687,-0.29321073647405504
2021-05-24,41.544830322265625,55.96735382080078,18.399999618530273,19.82849988937378,-0.14828980054917254
2021-05-25,41.57649230957031,54.971343994140625,18.84000015258789,19.892499923706055,-0.05773997841210387
2021-05-26,41.66242980957031,55.07094192504883,17.360000610351562,19.896499919891358,-0.06089526412125772
2021-05-27,42.31295394897461,54.697425842285156,16.739999771118164,19.852999877929687,0.015346161198718393
2021-05-28,42.73365783691406,54.871734619140625,16.760000228881836,19.7604998588562,0.027720355707997524
2021-06-01,42.369956970214844,54.21603775024414,17.899999618530273,19.739999866485597,0.061871307166133954
2021-06-02,42.860328674316406,54.805328369140625,17.479999542236328,19.639999866485596,0.0420044452188691
2021-06-03,42.05238723754883,55.17884063720703,18.040000915527344,19.58449993133545,-0.04465901019476401
2021-06-04,42.97522735595703,55.96735382080078,16.420000076293945,19.485999965667723,-0.0535853064194581
2021-06-07,41.960105895996094,55.959041595458984,16.420000076293945,19.472499942779542,-0.12005682142273091
2021-06-08,41.9374885559082,56.03374481201172,17.06999969482422,19.342999935150146,-0.1281885172342745
2021-06-09,41.973663330078125,56.979957580566406,17.889999389648438,19.145499897003173,-0.2098245951600803
2021-06-10,42.40251922607422,57.51115417480469,16.100000381469727,18.570999908447266,-0.22860512114342285
2021-06-11,42.58617401123047,57.079551696777344,15.649999618530273,18.196999931335448,-0.17811590244104936
2021-06-14,43.05031204223633,57.155029296875,16.389999389648438,18.07599992752075,-0.1540890088943405
2021-06-15,42.58980178833008,57.104713439941406,17.020000457763672,17.94099998474121,-0.180110273876428
2021-06-16,42.13833236694336,56.46733093261719,18.149999618530273,17.78149995803833,-0.15339680972558623
2021-06-17,42.62871170043945,56.37507629394531,17.75,17.55999994277954,-0.11273657221287475
2021-06-18,41.93476867675781,55.86349105834961,20.700000762939453,17.561499977111815,-0.1132487203082343
2021-06-21,42.364234924316406,56.48409652709961,17.889999389648438,17.448499965667725,-0.1399290490466981
2021-06-22,42.349647521972656,56.23250198364258,16.65999984741211,17.361499977111816,-0.1185512797808089
2021-06-23,42.5511589050293,55.89703369140625,16.31999969482422,17.235499954223634,-0.07541727578964025
2021-06-24,42.861175537109375,56.34152603149414,15.970000267028809,17.165999937057496,-0.09436595388961709
2021-06-25,42.14448928833008,56.9286003112793,15.619999885559082,17.10999994277954,-0.19395352790242876
2021-06-28,43.111026763916016,56.77762985229492,15.760000228881836,17.05999994277954,-0.11655312874281125
2021-06-29,43.507659912109375,56.970523834228516,16.020000457763672,16.96599998474121,-0.10742313547859889
2021-06-30,43.479400634765625,57.75049591064453,15.829999923706055,16.883500003814696,-0.17856181302312257
2021-07-01,42.8228874206543,57.97690963745117,15.479999542236328,16.755499935150148,-0.24213591678520305
2021-07-02,42.68885040283203,58.11949920654297,15.069999694824219,16.68799991607666,-0.2636733899262554
2021-07-06,43.15479278564453,57.37309265136719,16.440000534057617,16.688999938964844,-0.1665372375666459
2021-07-07,42.81376266479492,57.331146240234375,16.200000762939453,16.645499992370606,-0.18539117060359464
2021-07-08,42.901302337646484,56.76925277709961,19.0,16.701000022888184,-0.12969472571328497
2021-07-09,43.7839469909668,57.2137451171875,16.18000030517578,16.705000019073488,-0.11073054060205674
2021-07-12,44.291831970214844,57.08793640136719,16.170000076293945,16.73100004196167,-0.06593141320748605
2021-07-13,44.133174896240234,57.03761291503906,17.1200008392334,16.767500114440917,-0.07196674337594317
2021-07-14,43.91251754760742,56.970523834228516,16.329999923706055,16.733000087738038,-0.08061810396546258
2021-07-15,43.524986267089844,57.28083419799805,17.010000228881836,16.676000118255615,-0.13383399064388082
2021-07-16,42.67972183227539,57.557594299316406,18.450000762939453,16.711000156402587,-0.2143761916266758
2021-07-19,42.46089172363281,57.22214126586914,22.5,16.801000118255615,-0.19907373770699785
2021-07-20,42.72714614868164,58.002098083496094,19.729999542236328,16.89300012588501,-0.25071173895358334
2021-07-21,43.67817687988281,57.37309265136719,17.90999984741211,16.95550012588501,-0.13188474269082898
2021-07-22,43.43289566040039,57.574363708496094,17.690000534057617,17.02400016784668,-0.1659989105793181
2021-07-23,44.05475616455078,57.88467025756836,17.200000762939453,17.08550019264221,-0.15238410572447914
2021-07-26,43.971778869628906,57.65823745727539,17.579999923706055,17.18350019454956,-0.13776889240119553
2021-07-27,43.34444808959961,57.80919647216797,19.360000610351562,17.36350021362305,-0.19270989637153457
2021-07-28,43.553253173828125,58.75688934326172,18.309999465942383,17.478000164031982,-0.2630478189023449
2021-07-29,44.142295837402344,58.563995361328125,17.700000762939453,17.57150020599365,-0.20691765926450528
2021-07-30,44.259925842285156,57.2724609375,18.239999771118164,17.709500217437743,-0.08443110542443097
2021-08-02,44.19426727294922,57.322776794433594,19.459999084472656,17.929000186920167,-0.09324670814989279
2021-08-03,44.386661529541016,58.563995361328125,18.040000915527344,18.00900020599365,-0.1907385644317043
2021-08-04,44.478763580322266,58.069175720214844,17.969999313354492,18.097500133514405,-0.14069673559349133
2021-08-05,44.46690368652344,58.11949920654297,17.280000686645508,18.01150016784668,-0.14595108429960613
2021-08-06,44.26265335083008,57.68339538574219,16.149999618530273,18.010000133514403,-0.12074474118541348
2021-08-09,44.19426727294922,57.415016174316406,16.719999313354492,18.03750009536743,-0.10143829259028363
2021-08-10,43.97360610961914,58.069175720214844,16.790000915527344,18.021000099182128,-0.1741424724007914
2021-08-11,44.09123229980469,58.57236862182617,16.170000076293945,18.013000106811525,-0.21104211292780284
2021-08-12,44.15597152709961,59.444583892822266,15.59000015258789,17.942000102996825,-0.2842154188046294
2021-08-13,44.329219818115234,59.679420471191406,15.449999809265137,17.79200005531311,-0.29360024336861945
2021-08-16,44.50975799560547,60.14067840576172,16.1200008392334,17.47300009727478,-0.3226104174705572
2021-08-17,43.64808654785156,61.24771499633789,17.90999984741211,17.382000112533568,-0.47797400353749153
2021-08-18,42.76179122924805,60.35034942626953,21.56999969482422,17.565000104904176,-0.4569611791480208
2021-08-19,43.177581787109375,60.107139587402344,21.670000076293945,17.76400008201599,-0.4078333429197432
2021-08-20,43.327117919921875,60.752906799316406,18.559999465942383,17.832000017166138,-0.45528199610887676
2021-08-23,43.99093246459961,60.84516143798828,17.149999618530273,17.81050000190735,-0.41952474617897406
2021-08-24,43.89792251586914,60.59356689453125,17.219999313354492,17.703499937057494,-0.4033392189332963
2021-08-25,44.07847213745117,59.889095306396484,16.790000915527344,17.627500009536742,-0.3288226594265642
2021-08-26,44.29092025756836,59.905853271484375,18.84000015258789,17.684499979019165,-0.3162450197966098
2021-08-27,45.22098922729492,59.780052185058594,16.389999389648438,17.591999959945678,-0.24349438583420321
2021-08-30,45.489967346191406,60.39228820800781,16.190000534057617,17.428500032424928,-0.28005712588920734
2021-08-31,45.33678436279297,61.03804397583008,16.479999542236328,17.350499963760377,-0.3475473523896526
2021-09-01,44.967498779296875,60.274864196777344,16.110000610351562,17.25750002861023,-0.3042208267002291
2021-09-02,44.852596282958984,60.66903305053711,16.40999984741211,17.21399998664856,-0.346833655903031
2021-09-03,45.37964630126953,60.35034942626953,16.40999984741211,17.22699999809265,-0.2836368262158204
2021-09-07,45.28024673461914,59.7045783996582,18.139999389648438,17.298000001907347,-0.23286836558373125
2021-09-08,45.078731536865234,60.283260345458984,17.959999084472656,17.356499910354614,-0.29760191284207627
2021-09-09,44.99758529663086,59.21814727783203,18.799999237060547,17.487999868392944,-0.20838404552262313
2021-09-10,45.4224967956543,59.53684616088867,20.950000762939453,17.755999898910524,-0.20855425150017495
2021-09-13,45.49635696411133,59.671043395996094,19.3700008392334,17.951999950408936,-0.21558185075805306
2021-09-14,45.76169204711914,59.67949295043945,19.459999084472656,18.118999862670897,-0.19876479032331795
2021-09-15,46.47929382324219,60.789222717285156,18.18000030517578,18.13249988555908,-0.24980618289174428
2021-09-16,46.26137924194336,60.42497253417969,18.690000534057617,17.988499927520753,-0.23188569922917457
2021-09-17,46.13827896118164,60.66216278076172,20.809999465942383,17.945499897003174,-0.2611003533078756
2021-09-20,45.11884307861328,60.11152267456055,25.709999084472656,18.302999877929686,-0.2796945266701987
2021-09-21,45.09773254394531,60.76380920410156,24.360000610351562,18.663499927520753,-0.339020412785862
2021-09-22,45.979496002197266,60.46731948852539,20.8700008392334,18.846000003814698,-0.25430951952303
2021-09-23,46.32026672363281,60.729915618896484,18.6299991607666,18.93799991607666,-0.255068196309758
2021-09-24,46.3772087097168,60.30636978149414,17.75,18.883499908447266,-0.21368393981377215
2021-09-27,46.370784759521484,59.64561080932617,18.760000228881836,19.001999950408937,-0.15542865191376448
2021-09-28,45.100486755371094,59.27287673950195,23.25,19.354999923706053,-0.20643149839816693
2021-09-29,44.95903778076172,60.094573974609375,22.559999465942383,19.658999919891357,-0.2887698233236269
2021-09-30,44.541114807128906,59.17122268676758,23.139999389648438,20.0104998588562,-0.23443901477257564
2021-10-01,44.76340103149414,58.078453063964844,21.100000381469727,20.244999885559082,-0.12267520783211225
2021-10-04,43.7162971496582,57.23133087158203,22.959999084472656,20.57249984741211,-0.11677129127744164
2021-10-05,44.586124420166016,57.09578323364258,21.299999237060547,20.730499839782716,-0.0471436014059744
2021-10-06,44.894744873046875,57.16355514526367,21.0,20.88249988555908,-0.03272897318499062
2021-10-07,45.36685562133789,57.7226448059082,19.540000915527344,20.919499969482423,-0.051122782997899206
2021-10-08,45.268577575683594,57.64641189575195,18.770000457763672,20.810499954223634,-0.050859544881839226
2021-10-11,45.22173309326172,57.67182922363281,20.0,20.84199991226196,-0.056218308689676075
2021-10-12,44.57326889038086,57.07037353515625,19.850000381469727,20.861499977111816,-0.045738165582261216
2021-10-13,44.548465728759766,57.29062271118164,18.639999389648438,20.884499931335448,-0.06694021058395867
2021-10-14,45.70486831665039,57.73112487792969,16.860000610351562,20.792999935150146,-0.029496554422106417
2021-10-15,46.223819732666016,57.29062271118164,16.299999237060547,20.567499923706055,0.0439825260346095
2021-10-18,46.23392105102539,55.825103759765625,16.309999465942383,20.097499942779542,0.17480096120828936
2021-10-19,46.879634857177734,56.6722412109375,15.699999809265137,19.66449990272522,0.14232024010000088
2021-10-20,46.78779220581055,56.63834762573242,15.489999771118164,19.395499849319457,0.1392494902605119
2021-10-21,47.22499465942383,56.74845504760742,15.010000228881836,19.21449990272522,0.1584176173450834
2021-10-22,47.340721130371094,56.96024703979492,15.430000305175781,19.098499917984007,0.14727089827024625
2021-10-25,47.95244598388672,57.32451248168945,15.239999771118164,18.922499895095825,0.1554226612656166
2021-10-26,49.036285400390625,57.375335693359375,15.979999542236328,18.558999872207643,0.22266858072187817
2021-10-27,48.0479736328125,56.56209945678711,16.979999542236328,18.279999876022337,0.2294556969758585
2021-10-28,48.641326904296875,57.04495620727539,16.530000686645508,17.949499940872194,0.2258592608610259
2021-10-29,48.83422088623047,54.96104049682617,16.260000228881836,17.707499933242797,0.42369864035870103
2021-11-01,48.501712799072266,55.604862213134766,16.40999984741211,17.379999971389772,0.3445073202198475
2021-11-02,49.33020782470703,55.825103759765625,16.030000686645508,17.116500043869017,0.3798015768942048
2021-11-03,49.8170280456543,57.10426330566406,15.100000381469727,16.821500062942505,0.29843377462034826
2021-11-04,50.39108657836914,56.307960510253906,15.4399995803833,16.616499996185304,0.4071593187030559
2021-11-05,51.33714294433594,56.1808967590332,16.479999542236328,16.501999950408937,0.48108058936465337
2021-11-08,51.33989715576172,55.88440704345703,17.219999313354492,16.36299991607666,0.5075935668773515
2021-11-09,51.23427200317383,56.03689956665039,17.780000686645508,16.259499931335448,0.48705774132060814
2021-11-10,50.404869079589844,57.028018951416016,18.729999542236328,16.263999938964844,0.3441249691456519
2021-11-11,51.01382827758789,57.1212043762207,17.65999984741211,16.30399990081787,0.37616766570609544
2021-11-12,51.73210525512695,57.16355514526367,16.290000915527344,16.30349998474121,0.4199626508296203
2021-11-15,51.96632385253906,56.926368713378906,16.489999771118164,16.3125,0.45653394725028434
2021-11-16,52.24186325073242,56.66376495361328,16.3700008392334,16.346000051498415,0.4980982926015946
2021-11-17,52.32179641723633,57.1466178894043,17.110000610351562,16.427000093460084,0.4605094015320198
2021-11-18,52.796653747558594,57.42616271972656,17.59000015258789,16.556000089645387,0.4671232246431861
2021-11-19,52.23728942871094,58.188575744628906,17.90999984741211,16.680000066757202,0.36238024186992523
2021-11-22,50.81911087036133,59.27287673950195,19.170000076293945,16.87650008201599,0.17219023470938113
2021-11-23,50.988121032714844,59.83198928833008,19.3799991607666,17.046500062942506,0.13372654605603015
2021-11-24,51.319698333740234,59.35758972167969,18.579999923706055,17.12650008201599,0.19781021705794863
2021-11-26,50.20463180541992,59.527015686035156,28.6200008392334,17.731000089645384,0.10893693225938958
2021-11-29,51.83498001098633,59.84892272949219,22.959999084472656,18.066000032424927,0.1882920164470207
2021-11-30,50.8558464050293,58.39188003540039,27.190000534057617,18.605000066757203,0.25286189658176966
2021-12-01,50.95504379272461,58.39188003540039,31.1200008392334,19.359500074386595,0.2594296104398092
2021-12-02,50.74286651611328,59.01874923706055,27.950000762939453,20.002000093460083,0.1897107341639633
2021-12-03,51.263668060302734,58.925567626953125,30.670000076293945,20.763500118255614,0.23246750409662054
2021-12-06,51.89376449584961,58.874732971191406,27.18000030517578,21.29850015640259,0.27869978528336276
2021-12-07,54.22860336303711,59.00180435180664,21.889999389648438,21.532000160217287,0.4220011086735142
2021-12-08,54.05959701538086,59.05263137817383,19.899999618530273,21.638000106811525,0.40629760492369577
2021-12-09,53.587486267089844,59.55244064331055,21.579999923706055,21.78050012588501,0.33065283842140775
2021-12-10,58.02019500732422,59.51007080078125,18.690000534057617,21.832000160217284,0.6278987727742285
2021-12-13,57.099849700927734,59.81503677368164,20.309999465942383,22.03300008773804,0.53988067330858
2021-12-14,56.4798583984375,60.345584869384766,21.889999389648438,22.303000068664552,0.45171510114834473
2021-12-15,58.771522521972656,60.936038970947266,19.290000915527344,22.449000072479247,0.5510058475560483
2021-12-16,57.00983810424805,61.877323150634766,20.56999969482422,22.62200002670288,0.3507738413725653
2021-12-17,58.32146453857422,61.791748046875,21.56999969482422,22.821000003814696,0.4452144521045805
2021-12-20,59.246402740478516,62.014251708984375,22.8700008392334,23.069000053405762,0.4866931766332684
2021-12-21,59.73725891113281,61.47515106201172,21.010000228881836,23.161000061035157,0.5670684347196582
2021-12-22,60.56548309326172,61.980018615722656,18.6299991607666,23.123500061035156,0.5770677249221661
2021-12-23,61.452903747558594,62.02281951904297,17.959999084472656,23.092500019073487,0.6320214898579014
2021-12-27,62.329219818115234,62.356544494628906,17.68000030517578,22.545499992370605,0.6604036843743631
2021-12-28,61.84113693237305,62.44210433959961,17.540000915527344,22.27450008392334,0.6204900417900263
2021-12-29,62.174842834472656,63.01543426513672,16.950000762939453,21.762500095367432,0.5916680018367788
2021-12-30,61.478790283203125,62.77583694458008,17.329999923706055,21.073000049591066,0.5668615129394245
2021-12-31,61.509281158447266,62.1340446472168,17.219999313354492,20.536499977111816,0.6258764870888738
2022-01-03,61.316104888916016,62.108375549316406,16.600000381469727,19.832999992370606,0.6153661873580013
2022-01-04,62.01862716674805,61.791748046875,16.90999984741211,19.319499969482422,0.6899981786989315
2022-01-05,59.43775177001953,61.76609420776367,19.729999542236328,19.211499977111817,0.5214004591949618
2022-01-06,58.885887145996094,61.26121139526367,19.610000610351562,19.19700002670288,0.5296998859668116
2022-01-07,57.23310089111328,60.978824615478516,18.760000228881836,19.05600004196167,0.4453495002566323
2022-01-10,57.41890335083008,61.689064025878906,19.399999618530273,19.091499996185302,0.39457634776574335
2022-01-11,57.50117111206055,61.92867660522461,18.40999984741211,18.99650001525879,0.37874368892428034
2022-01-12,57.49654769897461,61.82600021362305,17.6200008392334,18.78300008773804,0.3875560529099026
2022-01-13,55.203155517578125,61.50936508178711,20.309999465942383,18.834000015258788,0.26383361015442547
2022-01-14,55.127357482910156,61.415245056152344,19.190000534057617,18.76500005722046,0.2671737338301028
2022-01-18,53.40985870361328,60.26856994628906,22.790000915527344,18.826000118255614,0.25529444708083926
2022-01-19,52.13235855102539,59.10478591918945,23.850000381469727,18.875000095367433,0.27406623223322407
2022-01-20,50.6302375793457,58.02657699584961,25.59000015258789,19.104000091552734,0.2703664575409991
2022-01-21,49.290809631347656,58.6255989074707,28.850000381469727,19.61500015258789,0.12848702310244722
2022-01-24,50.06266784667969,58.67693328857422,29.899999618530273,20.212000179290772,0.1750317279547538
2022-01-25,49.37492370605469,58.9079704284668,31.15999984741211,20.886000156402588,0.10897927470888596
2022-01-26,51.4991569519043,57.6243896484375,31.959999084472656,21.607000064849853,0.363613746049377
2022-01-27,50.130149841308594,57.564491271972656,30.489999771118164,22.28400001525879,0.27829323713822113
2022-01-28,51.77462387084961,58.92509841918945,27.65999984741211,22.800500011444093,0.2663388098488912
2022-01-31,54.157684326171875,58.77105712890625,24.829999923706055,23.18100004196167,0.4377978363708341
2022-02-01,54.78995132446289,58.59135437011719,21.959999084472656,23.448999977111818,0.49561833129236343
2022-02-02,55.779972076416016,56.32368469238281,22.09000015258789,23.707999992370606,0.7625531091826342
2022-02-03,53.69271469116211,55.95572280883789,24.350000381469727,23.939000034332274,0.6570367699633306
2022-02-04,54.553314208984375,54.68070602416992,23.219999313354492,24.119499969482423,0.8272473512404332
2022-02-07,54.3194465637207,54.56089401245117,22.860000610351562,24.324499988555907,0.8224035683439074
2022-02-08,55.483238220214844,54.509552001953125,21.440000534057617,24.426500034332275,0.9040160861170963
2022-02-09,56.51115036010742,54.2357292175293,19.959999084472656,24.503999996185303,0.9963902674300276
2022-02-10,54.664241790771484,52.8751220703125,23.90999984741211,24.818499946594237,0.994941800114505
2022-02-11,53.00590515136719,53.1147346496582,27.360000610351562,25.171000003814697,0.8638662713849088
2022-02-14,53.482879638671875,52.29323196411133,28.329999923706055,25.62799997329712,0.9684019719089942
2022-02-15,55.718963623046875,52.48149490356445,25.700000762939453,25.773499965667725,1.099730585989312
2022-02-16,55.20500946044922,52.969261169433594,24.290000915527344,25.795499992370605,1.0223849415861324
2022-02-17,53.52170944213867,52.447265625,28.110000610351562,25.92150001525879,0.9572934323916823
2022-02-18,53.61322021484375,52.24188995361328,27.75,25.866499996185304,0.9815912061710677
2022-02-22,53.379356384277344,52.18198776245117,28.809999465942383,25.811999988555907,0.9714272112562621
2022-02-23,52.24513244628906,52.49861145019531,31.020000457763672,25.805000019073486,0.868213223592604
2022-02-24,53.61414337158203,51.86536407470703,30.31999969482422,25.723000049591064,1.0150907947945431
2022-02-25,54.35456848144531,52.301788330078125,27.59000015258789,25.57800006866455,1.025355341637359
2022-02-28,54.30188751220703,51.685672760009766,30.149999618530273,25.70250005722046,1.0765833337903008
2022-03-01,52.700862884521484,51.56587600708008,33.31999969482422,26.127000045776366,0.9812207329022291
2022-03-02,54.1484375,52.404483795166016,30.739999771118164,26.566000080108644,1.0025875437653717
2022-03-03,53.484737396240234,52.806663513183594,30.479999542236328,26.985500049591064,0.9229282002439867
2022-03-04,55.092227935791016,52.935028076171875,31.979999542236328,27.367000007629393,1.017958010584514
2022-03-07,52.75447082519531,51.56587600708008,36.45000076293945,28.028500080108643,0.9847700361958389
2022-03-08,53.239768981933594,50.94974899291992,35.130001068115234,28.642000102996825,1.0716178552409064
2022-03-09,55.18745422363281,50.48765563964844,32.45000076293945,29.192500114440918,1.2416087789157788
2022-03-10,54.32868194580078,49.5634765625,30.229999542236328,29.706000137329102,1.266825114464271
2022-03-11,53.41539764404297,49.63193130493164,30.75,30.048000144958497,1.2002785764492179
2022-03-14,52.48640060424805,50.39456558227539,31.770000457763672,30.268500137329102,1.071043103239624
2022-03-15,54.79365921020508,50.54189682006836,29.829999923706055,30.3435001373291,1.210719142788927
2022-03-16,56.121070861816406,50.23857879638672,26.670000076293945,30.392000102996825,1.3255421583172178
2022-03-17,55.709716796875,51.304534912109375,25.670000076293945,30.461000061035158,1.2036416972753632
2022-03-18,56.42518615722656,51.49519729614258,23.8700008392334,30.249000072479248,1.2340795530053679
2022-03-21,55.9580078125,51.70318603515625,23.530000686645508,30.038000106811523,1.1846773180792811
2022-03-22,56.89329147338867,51.980506896972656,22.940000534057617,29.744500160217285,1.2219728006200916
2022-03-23,55.7802619934082,51.00120544433594,23.56999969482422,29.37200012207031,1.2352504406372318
2022-03-24,58.2976188659668,51.252532958984375,21.670000076293945,28.9395001411438,1.3796010893068396
2022-03-25,58.524688720703125,51.0532112121582,20.809999465942383,28.600500106811523,1.4123363952594972
2022-03-28,58.89788055419922,51.287200927734375,19.6299991607666,28.07450008392334,1.4162647481092496
2022-03-29,59.69729995727539,52.457149505615234,18.899999618530273,27.353500080108642,1.3652924755010822
2022-03-30,58.731300354003906,51.70318603515625,19.329999923706055,26.78300008773804,1.3682929583739465
2022-03-31,58.60008239746094,51.521202087402344,20.559999465942383,26.28700008392334,1.3757668194136654
2022-04-01,58.348812103271484,51.711849212646484,19.6299991607666,25.669500064849853,1.3421996125982143
2022-04-04,59.081214904785156,52.5784797668457,18.56999969482422,24.77550001144409,1.3137273017042468
2022-04-05,57.152015686035156,51.78117752075195,21.030000686645508,24.070499992370607,1.2568045728323562
2022-04-06,56.02408218383789,52.708473205566406,22.100000381469727,23.55299997329712,1.0997745759080746
2022-04-07,56.12180709838867,52.85580062866211,21.549999237060547,23.11899995803833,1.09316096230833
2022-04-08,54.628135681152344,53.991092681884766,21.15999984741211,22.639499950408936,0.8934442752930698
2022-04-11,54.033470153808594,53.635772705078125,24.3700008392334,22.26949996948242,0.8856275574620792
2022-04-12,54.44852066040039,53.41044616699219,24.260000228881836,21.99099998474121,0.9331182178210716
2022-04-13,55.14370346069336,53.78309631347656,21.81999969482422,21.748499965667726,0.9460509814278193
2022-04-14,53.40435791015625,53.57510757446289,22.700000762939453,21.6,0.8493624986272391
2022-04-18,54.58161544799805,53.36711502075195,22.170000076293945,21.51499996185303,0.9457783764616271
2022-04-19,55.61647033691406,54.407066345214844,21.3700008392334,21.40699996948242,0.9219387242098248
2022-04-20,55.625770568847656,55.117698669433594,20.31999969482422,21.27599992752075,0.8594447236928562
2022-04-21,55.16138458251953,55.247703552246094,22.68000030517578,21.23149995803833,0.8171529482314052
2022-04-22,54.62348556518555,53.947757720947266,28.209999084472656,21.558499908447267,0.8969848842416732
2022-04-25,54.71003341674805,54.29440689086914,27.020000457763672,21.86899995803833,0.8719299104589899
2022-04-26,52.121944427490234,53.531768798828125,33.52000045776367,22.563500022888185,0.76830460392445
2022-04-27,52.07261657714844,53.37578582763672,31.600000381469727,23.198500061035155,0.7788911972520894
2022-04-28,53.8780403137207,53.349788665771484,29.989999771118164,23.73150005340576,0.9007344135231194
2022-04-29,51.59334182739258,51.42586135864258,33.400001525878906,24.37350015640259,0.9203277897318143
2022-05-02,53.63700866699219,52.26649856567383,32.34000015258789,25.00900020599365,0.9809807659289523
2022-05-03,54.08558654785156,52.2838249206543,29.25,25.54300022125244,1.0091417339222788
2022-05-04,56.17857360839844,53.80043029785156,25.420000076293945,25.762500190734862,1.0130288247850443
2022-05-05,53.975765228271484,53.16779327392578,31.200000762939453,26.21750020980835,0.9233672633120823
2022-05-06,53.98599624633789,53.02046585083008,30.190000534057617,26.6495002746582,0.9371284812104932
2022-05-09,52.38718032836914,53.45378112792969,34.75,27.3290002822876,0.7927914050102136
2022-05-10,54.106048583984375,53.54043960571289,32.9900016784668,27.76000032424927,0.898899200232268
2022-05-11,52.7771110534668,52.483150482177734,32.560001373291016,28.175000381469726,0.9048078044946599
2022-05-12,53.19217300415039,54.1470832824707,31.770000457763672,28.6725004196167,0.7845180924104729
2022-05-13,54.7435417175293,54.05175018310547,28.8700008392334,28.981000423431396,0.8956982755341527
2022-05-16,54.22517013549805,53.9390983581543,27.469999313354492,29.246000385284425,0.8713820223141466
2022-05-17,56.5964241027832,54.753726959228516,26.100000381469727,29.48250036239624,0.9560338321351668
2022-05-18,53.0991096496582,54.78839874267578,30.959999084472656,30.01450033187866,0.7214026328890887
2022-05-19,50.83207702636719,54.83172607421875,29.350000381469727,30.34800033569336,0.5674579120672124
2022-05-20,50.551029205322266,55.32570266723633,29.43000030517578,30.409000396728516,0.5049811296333502
2022-05-23,48.98478317260742,55.16971206665039,28.479999542236328,30.48200035095215,0.4151354677563112
2022-05-24,48.78376007080078,55.76768112182617,29.450000762939453,30.278500366210938,0.3487216540173948
2022-05-25,49.4752197265625,56.33966064453125,28.3700008392334,30.117000389099122,0.3437058929225827
2022-05-26,51.246219635009766,55.87168502807617,27.5,29.992500400543214,0.502521130637377
2022-05-27,54.28193664550781,56.15766525268555,25.719999313354492,29.608500289916993,0.6781142114330964
2022-05-31,53.98879623413086,56.20099639892578,26.190000534057617,29.301000308990478,0.6548576662783874
2022-06-01,53.38294982910156,56.13166427612305,25.690000534057617,29.12300033569336,0.6209027018320509
2022-06-02,53.673309326171875,54.996376037597656,24.719999313354492,29.088000297546387,0.7409495289563611
2022-06-03,52.424400329589844,54.98771667480469,24.790000915527344,28.76750030517578,0.6590301118589398
2022-06-06,52.229896545410156,53.7570915222168,25.06999969482422,28.51150026321411,0.7554415206641864
2022-06-07,53.3243293762207,54.19908905029297,24.020000457763672,27.975000286102294,0.7886494500260933
2022-06-08,52.61424255371094,54.060420989990234,23.959999084472656,27.523500156402587,0.7539504582140869
2022-06-09,51.76365280151367,53.02046585083008,26.09000015258789,27.200000095367432,0.7899903742602725
2022-06-10,50.372352600097656,52.63914108276367,27.75,26.999000072479248,0.7317390711489358
2022-06-13,48.171409606933594,51.261199951171875,34.02000045776367,27.256500053405762,0.7083898973105723
2022-06-14,48.40871810913086,50.70840072631836,32.689998626708984,27.517500019073488,0.7731946771091931
2022-06-15,49.017356872558594,51.23487854003906,29.6200008392334,27.69350004196167,0.7667363765833379
2022-06-16,46.26919174194336,50.6469841003418,32.95000076293945,27.79300012588501,0.6369940484510968
2022-06-17,46.40599822998047,51.35771942138672,31.1299991607666,27.882000064849855,0.5829329036072484
2022-06-21,47.271148681640625,53.095088958740234,30.190000534057617,27.920000076293945,0.48592113098316086
2022-06-22,46.55144500732422,53.9725456237793,28.950000762939453,27.943500137329103,0.36034553153868265
2022-06-23,46.59648513793945,54.91143798828125,29.049999237060547,27.923500061035156,0.27994652550523086
2022-06-24,47.77035903930664,55.350162506103516,27.229999542236328,27.866499996185304,0.3187048010072733
2022-06-27,47.45319366455078,55.130802154541016,26.950000762939453,27.839000034332276,0.31718667508410536
2022-06-28,46.77195358276367,54.58677673339844,28.360000610351562,27.971000099182127,0.3203965145175858
2022-06-29,46.01751708984375,54.82368850708008,28.15999984741211,28.069500064849855,0.24940674441984045
2022-06-30,45.58588409423828,54.23579025268555,28.709999084472656,28.220499992370605,0.2730389573394681
2022-07-01,44.8380241394043,54.71839141845703,26.700000762939453,28.319500064849855,0.18066545439398232
2022-07-05,44.693519592285156,54.700843811035156,27.540000915527344,28.457000064849854,0.1726563857600683
2022-07-06,45.28561782836914,55.04305648803711,26.729999542236328,28.54000005722046,0.18146715859616708
2022-07-07,46.78041076660156,55.034278869628906,26.079999923706055,28.643000030517577,0.28121473306344663
2022-07-08,46.794471740722656,55.13957214355469,24.639999389648438,28.677000045776367,0.27279481639136904
2022-07-11,45.30907440185547,54.98163604736328,26.170000076293945,28.68100004196167,0.18847480356132063
2022-07-12,45.16926193237305,54.700843811035156,27.290000915527344,28.65800008773804,0.204154589820124
2022-07-13,45.203033447265625,54.8061408996582,26.81999969482422,28.298000049591064,0.19703934042977564
2022-07-14,45.476097106933594,54.23579025268555,26.399999618530273,27.98350009918213,0.2657701215897997
2022-07-15,46.397544860839844,54.928985595703125,24.229999542236328,27.714000034332276,0.26521661497951493
2022-07-18,46.078521728515625,53.43729782104492,25.299999237060547,27.33149995803833,0.3765681998682263
2022-07-19,47.76190948486328,54.5078010559082,24.5,27.0,0.392953708991336
2022-07-20,48.021827697753906,54.00764846801758,23.8799991607666,26.68449993133545,0.45458000804952864
2022-07-21,48.57640075683594,53.53382110595703,23.110000610351562,26.392499923706055,0.533377085544197
2022-07-22,48.09220504760742,53.34955978393555,23.030000686645508,26.091499996185302,0.517683054979484
2022-07-25,48.14757537841797,53.30569076538086,23.360000610351562,25.898000049591065,0.5252449583943312
2022-07-26,47.95802307128906,53.191612243652344,24.690000534057617,25.785000038146972,0.5228260500454901
2022-07-27,49.52507400512695,53.43729782104492,23.239999771118164,25.528999996185302,0.6047593818687546
2022-07-28,50.0711784362793,52.99857711791992,22.329999923706055,25.2375,0.6798780156972062
2022-07-29,50.24665069580078,52.428218841552734,21.329999923706055,24.86850004196167,0.7421480906347493
2022-08-01,50.33016586303711,52.29660415649414,22.84000015258789,24.675500011444093,0.7593659297274137
2022-08-02,49.845985412597656,52.24395751953125,23.93000030517578,24.494999980926515,0.7319844873254389
2022-08-03,51.3032341003418,54.63941955566406,21.950000762939453,24.25600004196167,0.6157308679687581
2022-08-04,51.87187194824219,54.32353591918945,21.440000534057617,24.024000072479247,0.6814325059868847
2022-08-05,51.7442626953125,53.60401916503906,21.149999618530273,23.84950008392334,0.7368824468268341
2022-08-08,51.189701080322266,54.0515251159668,21.290000915527344,23.60550012588501,0.6604236759385241
2022-08-09,49.995182037353516,54.402503967285156,21.770000457763672,23.329500102996825,0.5501666281294942
2022-08-10,51.64760971069336,55.402809143066406,19.739999771118164,22.975500106811523,0.5707364567784229
2022-08-11,51.1803092956543,54.797367095947266,20.200000762939453,22.665500164031982,0.5935652092233936
2022-08-12,52.38140106201172,55.244873046875,19.530000686645508,22.43050022125244,0.6333456792111394
2022-08-15,52.449893951416016,58.09660720825195,19.950000762939453,22.163000297546386,0.38462400755976894
2022-08-16,51.76396942138672,58.2019157409668,19.690000534057617,21.922500324249267,0.3298577200274266
2022-08-17,50.538482666015625,57.92988967895508,19.899999618530273,21.723500347137453,0.2728780953468033
2022-08-18,52.402042388916016,57.19282913208008,19.559999465942383,21.546000289916993,0.46171844704708787
2022-08-19,51.46181869506836,57.33321762084961,20.600000381469727,21.424500274658204,0.3870000072813566
2022-08-22,49.615142822265625,56.47332000732422,23.799999237060547,21.44650020599365,0.3410999906944594
2022-08-23,49.711795806884766,55.87664031982422,24.110000610351562,21.41750020980835,0.400489105707197
2022-08-24,49.81126403808594,55.8239860534668,22.81999969482422,21.396500205993654,0.41175086586255416
2022-08-25,51.621334075927734,55.79766845703125,21.780000686645508,21.369000244140626,0.5339301640576647
2022-08-26,48.874786376953125,54.727169036865234,25.559999465942383,21.580500221252443,0.4471540523557253
2022-08-29,48.247982025146484,54.797367095947266,26.209999084472656,21.74900016784668,0.39942011227814883
2022-08-30,47.51700973510742,54.84123611450195,26.209999084472656,21.863000106811523,0.34712759192636516
2022-08-31,46.83388137817383,55.69237518310547,25.8700008392334,22.059000110626222,0.22631080085023794
2022-09-01,46.16766357421875,56.99100875854492,25.559999465942383,22.26500005722046,0.06687259106917358
2022-09-02,46.938045501708984,55.99948501586914,25.469999313354492,22.48100004196167,0.20593357964515244
2022-09-06,46.74848937988281,55.62217330932617,26.90999984741211,22.761999988555907,0.22689160170470007
2022-09-07,47.39877700805664,56.85062026977539,24.639999389648438,22.905499935150146,0.1608504147852512
2022-09-08,48.03684997558594,57.12263107299805,23.610000610351562,23.098999977111816,0.17893958738864504
2022-09-09,49.0192985534668,57.280582427978516,22.790000915527344,23.228499984741212,0.22995874374834693
2022-09-12,49.64423751831055,59.6760368347168,23.8700008392334,23.445499992370607,0.05859979332353996
2022-09-13,47.259891510009766,57.12263107299805,27.270000457763672,23.811499977111815,0.12749830450769567
2022-09-14,47.92612075805664,57.84143829345703,26.15999984741211,24.13499994277954,0.10777261743011311
2022-09-15,46.93053436279297,57.681697845458984,26.270000457763672,24.45349998474121,0.05604251098029551
2022-09-16,47.151981353759766,58.21415328979492,26.299999237060547,24.79049997329712,0.023417949132785696
2022-09-19,47.090057373046875,58.40938186645508,25.760000228881836,25.048499965667723,0.0019802155926607863
2022-09-20,46.26617431640625,57.30898666381836,27.15999984741211,25.216499996185302,0.04515589720201922
2022-09-21,45.62087631225586,56.350589752197266,27.989999771118164,25.41049995422363,0.08754486556142285
2022-09-22,45.192222595214844,56.590187072753906,27.350000381469727,25.636999988555907,0.03788619850834286
2022-09-23,44.34725570678711,55.78263854980469,29.920000076293945,26.04399995803833,0.05365885558749044
2022-09-26,43.73979187011719,55.321189880371094,32.2599983215332,26.37899990081787,0.05441984538640983
2022-09-27,43.975399017333984,55.57854461669922,32.599998474121094,26.698499870300292,0.04716391939452571
2022-09-28,44.08988952636719,56.732181549072266,30.18000030517578,26.89699993133545,-0.047707890080460204
2022-09-29,42.5920295715332,55.96900177001953,31.84000015258789,27.195499897003174,-0.07910262178171298
2022-09-30,42.01294708251953,54.7443733215332,31.6200008392334,27.498499965667726,-0.008686160790940926
2022-10-03,43.22126388549805,55.30344772338867,30.100000381469727,27.730000019073486,0.021664509896550867
2022-10-04,45.40513229370117,57.9567985534668,29.06999969482422,27.83800001144409,-0.0693832401323109
2022-10-05,45.87256622314453,58.08103561401367,28.549999237060547,28.033500003814698,-0.04946835463538094
2022-10-06,45.37106704711914,57.6373291015625,30.520000457763672,28.378999996185303,-0.04326724321603946
2022-10-07,43.57136154174805,57.05164337158203,31.360000610351562,28.807499980926515,-0.11040959853114542
2022-10-10,41.41587829589844,57.202510833740234,32.45000076293945,29.236499977111816,-0.2665192101166715
2022-10-11,40.759212493896484,58.27626419067383,33.630001068115234,29.554500007629393,-0.40535385875863544
2022-10-12,40.74122619628906,58.02779769897461,33.56999969482422,29.925,-0.38447892104120995
2022-10-13,41.44143295288086,58.97732162475586,31.940000534057617,30.2085000038147,-0.4224444701384455
2022-10-14,40.41289520263672,58.719974517822266,32.02000045776367,30.494500064849852,-0.46768799642238923
2022-10-17,41.19540786743164,58.90633773803711,31.3700008392334,30.77500009536743,-0.43242950197178154
2022-10-18,41.144317626953125,59.34116744995117,30.5,30.942000102996825,-0.47442842000997754
2022-10-19,41.18878936767578,58.73772048950195,30.760000228881836,31.08050012588501,-0.4178931615728192
2022-10-20,40.7156867980957,58.71110153198242,29.979999542236328,31.21200008392334,-0.4468526169152879
2022-10-21,42.55418014526367,60.15757369995117,29.690000534057617,31.200500106811525,-0.45358680021730546
2022-10-24,43.19666290283203,61.23134231567383,29.850000381469727,31.08000020980835,-0.5064080792119952
2022-10-25,43.53257369995117,61.763790130615234,28.459999084472656,30.87300024032593,-0.5314534824283265
2022-10-26,43.637596130371094,62.846439361572266,27.280000686645508,30.728000259399415,-0.6206478917540629
2022-10-27,43.0906867980957,62.29623794555664,27.389999389648438,30.50550022125244,-0.6079957329406497
2022-10-28,44.746559143066406,70.34504699707031,25.75,30.212000179290772,-1.2131605744711889
2022-10-31,44.483516693115234,69.62625122070312,25.8799991607666,30.001000118255615,-1.166741495905122
2022-11-01,44.273460388183594,70.40717315673828,25.809999465942383,29.838000106811524,-1.2500010436013713
2022-11-02,43.150299072265625,69.1115493774414,25.860000610351562,29.703500175476073,-1.2093023001207146
2022-11-03,42.023345947265625,70.5136489868164,25.299999237060547,29.442500114440918,-1.4084337210613598
2022-11-04,44.02743911743164,71.29458618164062,24.549999237060547,29.102000045776368,-1.3450990276514396
2022-11-07,44.966087341308594,72.2884750366211,24.350000381469727,28.69700002670288,-1.3712176717991804
2022-11-08,45.6180305480957,72.9718017578125,25.540000915527344,28.292500019073486,-1.3887382685847476
2022-11-09,44.42200469970703,73.05165100097656,26.09000015258789,27.91850004196167,-1.475016632128482
2022-11-10,47.93247985839844,73.30014038085938,23.530000686645508,27.498000049591063,-1.2646610264695914
2022-11-11,49.02251434326172,72.60795593261719,22.520000457763672,27.023000049591065,-1.1310200001832142
2022-11-14,48.56169891357422,73.52198028564453,23.729999542236328,26.64099998474121,-1.242702486957717
2022-11-15,49.62147521972656,73.65509033203125,24.540000915527344,26.34300003051758,-1.184357470752368
2022-11-16,48.42071533203125,73.54861450195312,24.110000610351562,26.010500049591066,-1.2544021320303764
2022-11-17,48.45668029785156,74.20529174804688,23.93000030517578,25.708000087738036,-1.3103390630522636
2022-11-18,48.745262145996094,74.20529174804688,23.1200008392334,25.379500102996825,-1.2912324812432843
2022-11-21,48.96101760864258,74.85309600830078,22.360000610351562,25.005000114440918,-1.334477755479137
2022-11-22,50.15419006347656,75.63404083251953,21.290000915527344,24.646500205993654,-1.3248336133511414
2022-11-23,50.493873596191406,75.8026351928711,20.350000381469727,24.300000190734863,-1.317316172727116
2022-11-25,50.14094161987305,76.5480728149414,20.5,23.955500221252443,-1.4068840225682913
2022-11-28,49.412357330322266,75.61627197265625,22.209999084472656,23.778500175476076,-1.3723712579953233
2022-11-29,49.33476257324219,76.10436248779297,21.889999389648438,23.579000186920165,-1.420854980689452
2022-11-30,52.13935089111328,77.9412841796875,20.579999923706055,23.31750020980835,-1.3983004271812578
2022-12-01,52.11286163330078,78.00341033935547,19.84000015258789,23.016500186920165,-1.4055715351499318
2022-12-02,51.17136764526367,79.00617980957031,19.059999465942383,22.704500198364258,-1.556960312124386
2022-12-05,50.21001434326172,78.07440948486328,20.75,22.514500236511232,-1.5378615533961735
2022-12-06,49.75393295288086,78.0566635131836,22.170000076293945,22.405500221252442,-1.5664820525006105
2022-12-07,49.061309814453125,77.90579986572266,22.68000030517578,22.262500190734862,-1.5989417350204826
2022-12-08,50.25164794921875,79.39664459228516,22.290000915527344,22.072500228881836,-1.6525299594986387
2022-12-09,51.54228591918945,78.06553649902344,22.829999923706055,22.037500190734864,-1.4488658110873165
2022-12-12,52.66923522949219,78.57135009765625,25.0,22.16150016784668,-1.4191723836010535
2022-12-13,54.03273391723633,78.75770568847656,22.549999237060547,22.10250015258789,-1.3454469773281117
2022-12-14,54.35444259643555,79.09772491455078,21.139999389648438,21.932500076293945,-1.3543435055796986
2022-12-15,52.798866271972656,77.46923828125,22.829999923706055,21.86850004196167,-1.312713480171447
2022-12-16,52.60110092163086,77.63030242919922,22.6200008392334,21.803000068664552,-1.3401110012529265
2022-12-19,52.440818786621094,77.32606506347656,22.420000076293945,21.768000030517577,-1.3237043691843844
2022-12-20,51.905555725097656,75.8497085571289,21.479999542236328,21.723999977111816,-1.2280312510741274
2022-12-21,53.547584533691406,76.2970962524414,20.06999969482422,21.66299991607666,-1.1590464828261233
2022-12-22,52.770931243896484,76.30603790283203,21.969999313354492,21.743999862670897,-1.2112616495441584
2022-12-23,52.70796585083008,75.83180236816406,20.8700008392334,21.76249990463257,-1.1733146402151835
2022-12-27,52.81387710571289,76.06446075439453,21.649999618530273,21.73449993133545,-1.1869643107481112
2022-12-28,51.98857116699219,75.6707534790039,22.139999389648438,21.74699993133545,-1.2066422977793885
2022-12-29,53.22127914428711,76.28815460205078,21.440000534057617,21.789999961853027,-1.1798565960123497
2022-12-30,53.34721755981445,76.8160629272461,21.670000076293945,21.88149995803833,-1.2184008208136878
2023-01-03,52.808143615722656,76.40446472167969,22.899999618530273,22.073499965667725,-1.2175389506898573
2023-01-04,53.453121185302734,76.50289154052734,22.010000228881836,22.136499977111818,-1.183577007592724
2023-01-05,52.955078125,76.8160629272461,22.459999084472656,22.15099992752075,-1.2443637988734053
2023-01-06,56.14276885986328,78.81139373779297,21.1299991607666,22.073499870300292,-1.2105125741637712
2023-01-09,55.041717529296875,76.14497375488281,21.969999313354492,22.05749979019165,-1.0466124463416808
2023-01-10,54.85471725463867,77.9703140258789,20.579999923706055,21.944999790191652,-1.2210980736570034
2023-01-11,55.16097640991211,78.01504516601562,21.09000015258789,21.749499797821045,-1.204793581260632
2023-01-12,55.5235481262207,76.69973754882812,18.829999923706055,21.56349983215332,-1.0639785481204909
2023-01-13,55.2430305480957,77.19186401367188,18.350000381469727,21.423999881744386,-1.1262559179725735
2023-01-17,55.26594161987305,76.42236328125,19.360000610351562,21.25049991607666,-1.0564012752270355
2023-01-18,54.79365539550781,74.9281005859375,20.34000015258789,21.136499881744385,-0.9549683420898094
2023-01-19,53.7374382019043,74.82071685791016,20.520000457763672,21.041499900817872,-1.0153624146401887
2023-01-20,54.45875930786133,74.27491760253906,19.850000381469727,20.95999994277954,-0.9191335212277414
2023-01-23,55.49396514892578,74.47177124023438,19.809999465942383,20.946999931335448,-0.8680762132196681
2023-01-24,55.818363189697266,75.17863464355469,19.200000762939453,20.808500003814697,-0.909373339075967
2023-01-25,55.88038635253906,75.22335815429688,19.079999923706055,20.71899995803833,-0.9092386767342093
2023-01-26,57.1111946105957,74.82071685791016,18.729999542236328,20.572999954223633,-0.7919909405135633
2023-01-27,56.387020111083984,74.91915130615234,18.510000228881836,20.391499996185303,-0.8486792296260557
2023-01-30,55.47678756713867,74.57913208007812,19.940000534057617,20.316499996185303,-0.878748005119686
2023-01-31,55.81645965576172,75.10704803466797,19.399999618530273,20.202999973297118,-0.9031419137876873
2023-02-01,57.50904846191406,75.16073608398438,17.8700008392334,19.951500034332277,-0.7958460083621227
2023-02-02,57.79719924926758,72.82540130615234,18.729999542236328,19.7875,-0.5693718190254448
2023-02-03,57.019588470458984,75.60812377929688,18.329999923706055,19.58100004196167,-0.8679839940049292
2023-02-06,57.37070083618164,77.27239990234375,19.43000030517578,19.49600009918213,-0.9925382042837535
2023-02-07,58.625362396240234,76.99501037597656,18.65999984741211,19.33050012588501,-0.8848345209068347
2023-02-08,57.409820556640625,76.65499877929688,19.6299991607666,19.28300008773804,-0.935118055577861
2023-02-09,57.19038009643555,76.52973175048828,20.709999084472656,19.264000034332277,-0.9385221871245262
2023-02-10,56.60264587402344,77.57660675048828,20.530000686645508,19.34900007247925,-1.0704059666776873
2023-02-13,57.35353088378906,78.28349304199219,20.34000015258789,19.448500061035155,-1.083468047157115
2023-02-14,57.467071533203125,76.66395568847656,18.90999984741211,19.426000022888182,-0.9321229963895985
2023-02-15,57.980384826660156,76.1002426147461,18.229999542236328,19.320499992370607,-0.8480751074515173
2023-02-16,57.298194885253906,74.61492919921875,20.170000076293945,19.30299997329712,-0.7613343588423513
2023-02-17,56.82590103149414,75.84076690673828,20.020000457763672,19.311499977111815,-0.9014683004762143
2023-02-21,55.48538589477539,75.73338317871094,22.8700008392334,19.46450004577637,-0.9806853237533325
2023-02-22,54.973018646240234,74.7133560180664,22.290000915527344,19.619000053405763,-0.9240219524157492
2023-02-23,55.701011657714844,73.85436248779297,21.139999389648438,19.72200002670288,-0.7995372000788581
2023-02-24,55.1237678527832,72.17219543457031,21.670000076293945,19.869000053405763,-0.6883659657250237
2023-02-27,55.858436584472656,72.37799072265625,20.950000762939453,19.99100008010864,-0.6580008689536844
2023-02-28,56.701873779296875,72.0558853149414,20.700000762939453,20.029000091552735,-0.57355262600265
2023-03-01,56.63317108154297,71.21479034423828,20.579999923706055,20.088000106811524,-0.5034054638209583
2023-03-02,57.117862701416016,71.24164581298828,19.59000015258789,20.17400007247925,-0.4736997184825231
2023-03-03,60.37234115600586,72.53904724121094,18.489999771118164,20.16200008392334,-0.37344494276611334
2023-03-06,60.387603759765625,72.57484436035156,18.610000610351562,20.176000118255615,-0.37561349462621973
2023-03-07,59.64626693725586,71.8321762084961,19.59000015258789,20.184000110626222,-0.3587415312264257
2023-03-08,60.32463455200195,71.76060485839844,19.110000610351562,20.206500148773195,-0.3074717039019709
2023-03-09,59.395328521728516,70.64212799072266,22.610000610351562,20.35550022125244,-0.2696701286155955
2023-03-10,58.661617279052734,71.13427734375,24.799999237060547,20.560000228881837,-0.3619548203729739
2023-03-13,58.81808853149414,71.14323425292969,26.520000457763672,20.859500217437745,-0.3523905319335334
2023-03-14,60.343711853027344,72.05553436279297,23.729999542236328,21.029000186920165,-0.33240068986842614
2023-03-15,59.73117446899414,71.94715881347656,26.139999389648438,21.390500164031984,-0.3633312900257782
2023-03-16,60.729183197021484,72.12779998779297,22.989999771118164,21.628500175476074,-0.3132969538133607
2023-03-17,60.20155715942383,69.83345794677734,25.510000228881836,21.89550018310547,-0.1444746324644693
2023-03-20,61.41709899902344,71.7755126953125,24.149999618530273,22.102000141143797,-0.23646516524973785
2023-03-21,61.190303802490234,71.4864501953125,21.3799991607666,22.027500057220458,-0.2258099134016213
2023-03-22,60.63005065917969,70.28507995605469,22.260000228881836,22.026000022888184,-0.1562123014104326
2023-03-23,61.42862319946289,71.1432113647461,22.610000610351562,22.09950008392334,-0.1795488195885929
2023-03-24,61.13455581665039,72.2633056640625,21.739999771118164,22.10300006866455,-0.298491798762387
2023-03-27,60.23796844482422,71.88392639160156,20.600000381469727,22.085500049591065,-0.3241616648223829
2023-03-28,60.032325744628906,73.13949584960938,19.969999313354492,22.048999977111816,-0.44928143778098895
2023-03-29,60.109195709228516,73.42855072021484,19.1200008392334,21.976000022888183,-0.4698623422605406
2023-03-30,60.902008056640625,73.57306671142578,19.020000457763672,21.947500038146973,-0.4302055569066855
2023-03-31,61.65060806274414,74.9460678100586,18.700000762939453,21.958000087738036,-0.5025751727618102
2023-04-03,61.73998260498047,75.1899642944336,18.549999237060547,21.955000019073488,-0.5183177465885195
2023-04-04,60.965431213378906,74.17828369140625,19.0,21.925500011444093,-0.4797544437883479
2023-04-05,60.446502685546875,75.56031799316406,19.079999923706055,21.923999977111816,-0.6368474884558949
2023-04-06,59.8343620300293,75.30738830566406,18.399999618530273,21.71349992752075,-0.6549142742064654
2023-04-10,60.29082489013672,74.61184692382812,18.969999313354492,21.42199993133545,-0.5629229757456825
2023-04-11,59.731536865234375,74.55765533447266,19.100000381469727,21.050999927520753,-0.5951399767707014
2023-04-12,59.2635383605957,74.21440887451172,19.09000015258789,20.81899995803833,-0.595642479934762
2023-04-13,59.98810577392578,75.21704864501953,17.799999237060547,20.401999950408936,-0.6367122515475365
2023-04-14,59.53644943237305,74.97315979003906,17.06999969482422,20.10599994659424,-0.6449565029830504
2023-04-17,60.28794479370117,75.54224395751953,16.950000762939453,19.67799997329712,-0.6457402574980534
2023-04-18,60.764583587646484,75.677734375,16.829999923706055,19.311999988555907,-0.6262153182470513
2023-04-19,60.97408676147461,75.97582244873047,16.459999084472656,19.06599998474121,-0.6388169917439842
2023-04-20,60.831851959228516,76.49974822998047,17.170000076293945,18.811499977111815,-0.6947628914933665
2023-04-21,60.8203239440918,78.19792175292969,16.770000457763672,18.51949996948242,-0.8463373471087231
2023-04-24,60.9779167175293,78.3153305053711,16.889999389648438,18.276999950408936,-0.8463301834642831
2023-04-25,59.774776458740234,77.31268310546875,18.760000228881836,18.18499994277954,-0.8369453419791629
2023-04-26,59.21452713012695,75.64161682128906,18.84000015258789,18.12849998474121,-0.7256347640652788
2023-04-27,59.427860260009766,75.4699935913086,17.030000686645508,18.023999977111817,-0.6962687933192077
2023-04-28,60.20529556274414,74.25957489013672,15.779999732971191,17.86199994087219,-0.5373012123172155
2023-05-01,61.30561828613281,73.54597473144531,16.079999923706055,17.73099989891052,-0.40107713281848323
2023-05-02,58.84455490112305,72.66073608398438,17.780000686645508,17.692499971389772,-0.4854043637137233
2023-05-03,58.92719268798828,71.76648712158203,18.34000015258789,17.659499979019166,-0.40051667584422745
2023-05-04,58.63505172729492,70.92644500732422,20.09000015258789,17.709999990463256,-0.34525653599298417
2023-05-05,60.55316925048828,72.0374755859375,17.190000534057617,17.649500036239623,-0.3169290603186378
2023-05-08,60.4513053894043,70.98966217041016,16.979999542236328,17.550000047683717,-0.2306192219057485
2023-05-09,59.43747329711914,71.1793441772461,17.709999084472656,17.480499982833862,-0.3145888191919521
2023-05-10,60.18319320678711,70.55607604980469,16.940000534057617,17.37300000190735,-0.20986466984562693
2023-05-11,60.31773376464844,71.0890121459961,16.93000030517578,17.32950005531311,-0.24828586511206804
2023-05-12,60.652156829833984,70.61028289794922,17.030000686645508,17.327500104904175,-0.1836292703731499
2023-05-15,61.4833984375,70.79995727539062,17.1200008392334,17.33600010871887,-0.14543856081009507
2023-05-16,61.6409912109375,70.74575805664062,17.989999771118164,17.39400010108948,-0.1301912558242407
2023-05-17,63.18144989013672,71.1883773803711,16.8700008392334,17.414500188827514,-0.06750782818413668
2023-05-18,65.14470672607422,70.64641571044922,16.049999237060547,17.358500146865843,0.11060700440808918
2023-05-19,65.5627670288086,71.22450256347656,16.809999465942383,17.36050009727478,0.08694749318341266
2023-05-22,65.18988037109375,71.01676940917969,17.209999084472656,17.37650008201599,0.08070755584417731
2023-05-23,65.97116088867188,70.98062133789062,18.530000686645508,17.365000104904176,0.1356452292987061
2023-05-24,65.30136108398438,71.4051742553711,20.030000686645508,17.424500131607054,0.05359511693284938
2023-05-25,70.03609466552734,70.14056396484375,19.139999389648438,17.530000066757204,0.47938226578628035
2023-05-26,78.10157775878906,69.63472747802734,17.950000762939453,17.638500118255614,1.0583083667205901
2023-05-30,77.19923400878906,68.9482192993164,17.459999084472656,17.707500076293947,1.0595328485364965
2023-05-31,77.6432113647461,69.49923706054688,17.940000534057617,17.71550006866455,1.0399932163243801
2023-06-01,75.91248321533203,68.83983612060547,15.649999618530273,17.58100004196167,0.9839642428429591
2023-06-02,78.03144073486328,70.35735321044922,14.600000381469727,17.306500053405763,0.9894898325119399
2023-06-05,77.09928894042969,70.20379638671875,14.729999542236328,17.183500003814697,0.9414104835365795
2023-06-06,75.91730499267578,68.8307876586914,13.960000038146973,17.03250002861023,0.9850870604485722
2023-06-07,76.17002868652344,68.72240447998047,13.9399995803833,16.84400005340576,1.0114448074471545
2023-06-08,77.28187561035156,70.81803894042969,13.649999618530273,16.679500007629393,0.8989496963265114
2023-06-09,77.32223510742188,70.56510925292969,13.829999923706055,16.52449998855591,0.9240839907060665
2023-06-12,82.1982421875,70.33025360107422,15.010000228881836,16.423499965667723,1.2677743173811429
2023-06-13,81.7907943725586,70.86319732666016,14.609999656677246,16.297999906539918,1.1934681876331898
2023-06-14,85.15997314453125,71.09119415283203,13.880000114440918,16.092499923706054,1.3962886667206775
2023-06-15,84.89571380615234,72.0488052368164,14.5,15.973999881744385,1.2937490255956774
2023-06-16,83.4234848022461,71.921142578125,13.539999961853027,15.84849991798401,1.2076123489292911
2023-06-20,83.41580963134766,70.872314453125,13.880000114440918,15.701999950408936,1.3002483968729737
2023-06-21,81.89227294921875,70.78111267089844,13.199999809265137,15.50149998664856,1.2074767005204343
2023-06-22,81.38701629638672,71.23710632324219,12.90999984741211,15.220499944686889,1.133528564186273
2023-06-23,79.42774963378906,70.6534194946289,13.4399995803833,14.890999889373779,1.0556443799713626
2023-06-26,79.37752532958984,69.823486328125,14.25,14.646499919891358,1.1260237132982513
2023-06-27,81.96376037597656,69.32189178466797,13.739999771118164,14.435999870300293,1.3418001022266326
2023-06-28,81.91931915283203,69.4769287109375,13.430000305175781,14.23449993133545,1.3250892120307414
2023-06-29,83.33271789550781,69.32189178466797,13.539999961853027,14.01449990272522,1.4324367760441803
2023-06-30,83.80224609375,70.28861999511719,13.59000015258789,13.9114999294281,1.3776704610389137
2023-07-03,84.67268371582031,69.96942901611328,13.569999694824219,13.859999895095825,1.4636475385050844
2023-07-05,83.26412200927734,70.44367218017578,14.180000305175781,13.832499933242797,1.3282721960278512
2023-07-06,81.92510986328125,69.53166961669922,15.4399995803833,13.906499910354615,1.3206111823125828
2023-07-07,81.80435943603516,67.87181091308594,14.829999923706055,13.950999927520751,1.4600250177029654
2023-07-10,84.79733276367188,69.0300521850586,15.069999694824219,14.021999931335449,1.5553244411455827
2023-07-11,85.21466827392578,69.42222595214844,14.84000015258789,14.07249994277954,1.548127490829156
2023-07-12,85.97789764404297,69.65933990478516,13.539999961853027,13.9989999294281,1.5776022012431614
2023-07-13,86.01750946044922,69.96029663085938,13.609999656677246,13.948999929428101,1.553497510663769
2023-07-14,85.84556579589844,70.39807891845703,13.34000015258789,13.92199993133545,1.5032348522857701
2023-07-17,87.94874572753906,70.66255187988281,13.479999542236328,13.870999908447265,1.6189960325156678
2023-07-18,87.28019714355469,71.33744049072266,13.300000190734863,13.858999919891357,1.5147969776332144
2023-07-19,87.08116149902344,72.01232147216797,13.760000228881836,13.852999925613403,1.4416843648622957
2023-07-20,85.82235717773438,72.90609741210938,13.989999771118164,13.892499923706055,1.2789664202634958
2023-07-21,86.63484954833984,73.54450988769531,13.600000381469727,13.926999950408936,1.2760642878967394
2023-07-24,87.10243225097656,70.82670593261719,13.90999984741211,13.950499963760375,1.5483846812703106
2023-07-25,88.68684387207031,70.43455505371094,13.859999656677246,13.930999946594238,1.6881123468262524
2023-07-26,86.28125762939453,70.39807891845703,13.1899995803833,13.903499937057495,1.5320813709206773
2023-07-27,86.32376861572266,69.77790832519531,14.40999984741211,13.952499914169312,1.5899720011747807
2023-07-28,86.92852783203125,70.09709930419922,13.329999923706055,13.941999912261963,1.6016655473395085
2023-07-31,86.81840515136719,69.44046020507812,13.630000114440918,13.943999910354615,1.6526892168437675
2023-08-01,88.88101959228516,69.02094268798828,13.930000305175781,13.961999940872193,1.8265083645378213
2023-08-02,86.20494079589844,69.02094268798828,16.09000015258789,14.057499933242799,1.6493291040292766
2023-08-03,85.49775695800781,68.8841323852539,15.920000076293945,14.08149995803833,1.6146573310557095
2023-08-04,85.17603302001953,71.7569580078125,17.100000381469727,14.194999980926514,1.3382268862635043
2023-08-07,86.66478729248047,73.57186126708984,15.770000457763672,14.230000019073486,1.2756174039056685
2023-08-08,85.32190704345703,73.03377532958984,15.989999771118164,14.2875,1.234493543222982
2023-08-09,82.18885803222656,73.1158676147461,15.960000038146973,14.408500003814698,1.01976851119577
2023-08-10,81.43240356445312,72.96080780029297,15.850000381469727,14.520500040054321,0.9834553025056079
2023-08-11,80.16294860839844,72.96080780029297,14.84000015258789,14.595500040054322,0.8994065477879335
2023-08-14,82.51444244384766,72.82402038574219,14.819999694824219,14.662500047683716,1.0672433143585782
2023-08-15,81.39569091796875,72.63249969482422,16.459999084472656,14.820499992370605,1.0101809610973749
2023-08-16,80.47500610351562,71.13679504394531,16.780000686645508,14.971500015258789,1.0820541368700747
2023-08-17,79.90597534179688,69.76878356933594,17.889999389648438,15.166499996185303,1.1658696516184166
2023-08-18,79.78424835205078,69.20332336425781,17.299999237060547,15.351499938964844,1.2080276118683582
2023-08-21,83.58100891113281,69.25806427001953,17.1299991607666,15.512499904632568,1.4545441475187029
2023-08-22,82.6777114868164,69.6319808959961,16.969999313354492,15.667999887466431,1.3615314015569553
2023-08-23,84.68621826171875,70.26127624511719,15.979999542236328,15.807499885559082,1.4386253051989135
2023-08-24,82.5492172241211,69.61373901367188,17.200000762939453,15.94699993133545,1.3546440075099264
2023-08-25,82.29415893554688,70.09709930419922,15.680000305175781,16.064499950408937,1.2948307653773399
2023-08-28,83.18877410888672,70.26127624511719,15.079999923706055,16.136999940872194,1.3394817194383384
2023-08-29,85.9759521484375,71.32832336425781,14.449999809265137,16.16299991607666,1.4292544980848179
2023-08-30,86.20298767089844,70.82670593261719,13.880000114440918,16.05249991416931,1.4888337720138887
2023-08-31,89.16024017333984,69.75053405761719,13.569999694824219,15.934999895095824,1.7802016825262452
2023-09-01,84.29398345947266,69.90559387207031,13.09000015258789,15.734499883651733,1.4442434130516626
2023-09-05,84.26018524169922,68.54669952392578,14.010000228881836,15.646499872207642,1.5626862184516954
2023-09-06,84.26983642578125,67.7076416015625,14.449999809265137,15.56949987411499,1.63784017051508
2023-09-07,82.7975082397461,67.43402862548828,14.399999618530273,15.491499853134155,1.5646584664622762
2023-09-08,82.84774017333984,69.31277465820312,13.84000015258789,15.390999841690064,1.4011367835914506
2023-09-11,83.0013427734375,70.26127624511719,13.800000190734863,15.338999843597412,1.3270721650351345
2023-09-12,81.58892822265625,70.04239654541016,14.229999542236328,15.309499835968017,1.2529965084537853
2023-09-13,82.40139770507812,70.50749969482422,13.479999542236328,15.160499858856202,1.2654840957764315
2023-09-14,84.20896911621094,71.2442626953125,12.819999694824219,14.962499809265136,1.3197303880080204
2023-09-15,82.2806396484375,69.6878662109375,13.789999961853027,14.757499837875367,1.3302787995328529
2023-09-18,82.11833190917969,69.64183807373047,14.0,14.59249987602234,1.3236203032788993
2023-09-19,82.04105377197266,69.77996826171875,14.109999656677246,14.44149990081787,1.3062367807672364
2023-09-20,80.67823028564453,69.82601165771484,15.140000343322754,14.349999952316285,1.2119172155944369
2023-09-21,78.52082824707031,69.31948852539062,17.540000915527344,14.428000020980836,1.1140620332860764
2023-09-22,80.53349304199219,69.08004760742188,17.200000762939453,14.428000020980836,1.2685818657280017
2023-09-25,81.00072479248047,68.91426849365234,16.899999618530273,14.48899998664856,1.31423908893564
2023-09-26,79.28141784667969,69.5589370727539,18.940000534057617,14.682000017166137,1.1431546379331783
2023-09-27,79.34162902832031,69.57736206054688,18.219999313354492,14.870499992370606,1.1455048479101124
2023-09-28,80.817138671875,69.45763397216797,17.34000015258789,15.043499994277955,1.253828980476592
2023-09-29,80.67920684814453,69.01557922363281,17.520000457763672,15.241000032424926,1.2839546645255029
2023-10-02,81.10369873046875,68.24198913574219,17.610000610351562,15.467000055313111,1.3807605520190158
2023-10-03,79.14930725097656,67.47760772705078,19.780000686645508,15.755500078201294,1.3192462504204965
2023-10-04,80.02159881591797,68.83139038085938,18.579999923706055,15.96200008392334,1.2567728211254388
2023-10-05,80.02645111083984,68.79454040527344,18.489999771118164,16.166500091552734,1.2603666529442985
2023-10-06,82.10516357421875,68.83139038085938,17.450000762939453,16.347000122070312,1.3947225943517907
2023-10-09,83.1367416381836,69.1260986328125,17.700000762939453,16.542000150680543,1.4368494510064194
2023-10-10,83.38250732421875,69.96416473388672,17.030000686645508,16.682000207901,1.3786943576488606
2023-10-11,84.95124053955078,70.87588500976562,16.09000015258789,16.81250023841858,1.4015899365195559
2023-10-12,87.96633911132812,70.69169616699219,16.690000534057617,17.00600028038025,1.6175726221463957
2023-10-13,85.78855895996094,71.51133728027344,19.31999969482422,17.28250026702881,1.4005943901345193
2023-10-16,87.67203521728516,72.93880462646484,17.209999084472656,17.44300022125244,1.3985262375466951
2023-10-17,85.90705871582031,74.11760711669922,17.8799991607666,17.63150019645691,1.1769827679953226
2023-10-18,86.16253662109375,73.37163543701172,19.219999313354492,17.835500144958495,1.2601457549510378
2023-10-19,84.29751586914062,72.23890686035156,21.399999618530273,18.028500080108643,1.237260692152387
2023-10-20,82.9181900024414,71.64949035644531,21.709999084472656,18.253999996185303,1.1982823796130058
2023-10-23,83.75257873535156,71.42845916748047,20.3700008392334,18.42750005722046,1.273155349330081
2023-10-24,85.58747863769531,71.97181701660156,18.969999313354492,18.428999996185304,1.3463869238267607
2023-10-25,82.52963256835938,72.19282531738281,20.190000534057617,18.527500057220458,1.1243041306779977
2023-10-26,80.30717468261719,72.29414367675781,20.68000030517578,18.694500064849855,0.9681605773354232
2023-10-27,81.43492126464844,70.5627670288086,21.270000457763672,18.882000064849855,1.196586929991092
2023-10-30,81.71565246582031,71.6218490600586,19.75,18.989000034332275,1.1211188944288955
2023-10-31,81.72731018066406,72.33097839355469,18.139999389648438,18.90699996948242,1.0589144568355926
2023-11-01,82.85115814208984,73.85054016113281,16.8700008392334,18.82150001525879,0.9983737155548226
2023-11-02,84.63458251953125,74.8083267211914,15.65999984741211,18.680000019073486,1.031392632688181
2023-11-03,85.73998260498047,75.13986206054688,14.90999984741211,18.55299997329712,1.0751366015199
2023-11-06,85.56028747558594,74.7254409790039,14.890000343322754,18.412499952316285,1.1000431106437962
2023-11-07,87.21062469482422,74.23734283447266,14.8100004196167,18.301499938964845,1.252656487505848
2023-11-08,88.5035171508789,71.74158477783203,14.449999809265137,18.219499921798707,1.559900004670496
2023-11-09,88.52779388427734,69.05242156982422,15.289999961853027,18.149499893188477,1.8003262343913957
2023-11-10,93.00963592529297,69.9180908203125,14.170000076293945,17.891999912261962,2.020184179369376
2023-11-13,91.9809799194336,69.0063705444336,14.760000228881836,17.76949996948242,2.0330463221028015
2023-11-14,94.5094223022461,68.81297302246094,14.15999984741211,17.5835000038147,2.2176260170517303
2023-11-15,94.74642944335938,69.10765838623047,14.180000305175781,17.33150005340576,2.2071475284573094
2023-11-16,93.20683288574219,68.62876892089844,14.319999694824219,16.97750005722046,2.1477422552680348
2023-11-17,94.97277069091797,69.48526000976562,13.800000190734863,16.58200011253357,2.1885992488197616
2023-11-20,96.71926879882812,69.99176788330078,13.40999984741211,16.234000062942506,2.2592504383619736
2023-11-21,95.3098373413086,68.78533935546875,13.350000381469727,15.953000116348267,2.273074412913196
2023-11-22,94.4161605834961,69.71549987792969,12.850000381469727,15.586000108718872,2.131299792007531
2023-11-24,95.08348846435547,69.42079162597656,12.460000038146973,15.175000095367432,2.201655011509985
2023-11-27,92.302490234375,68.99715423583984,12.6899995803833,14.746000051498413,2.055151530399266
2023-11-28,91.92464447021484,68.61958312988281,12.6899995803833,14.393000030517578,2.063666207526846
2023-11-29,91.38844299316406,69.28265380859375,12.979999542236328,14.135000038146973,1.969279186479591
2023-11-30,89.92169189453125,70.54434204101562,12.920000076293945,13.9375,1.760119876739737
2023-12-01,90.33645629882812,71.51133728027344,12.630000114440918,13.78600001335144,1.7017040168231132
2023-12-04,89.75072479248047,72.14678192138672,13.079999923706055,13.694500017166138,1.606491095055917
2023-12-05,88.69680786132812,72.77302551269531,12.850000381469727,13.592500019073487,1.4810974273223845
2023-12-06,87.77595520019531,73.08615112304688,12.970000267028809,13.500500011444093,1.3923210964801536
2023-12-07,89.58463287353516,71.87972259521484,13.0600004196167,13.43100004196167,1.6192113666917745
2023-12-08,91.72550964355469,72.77302551269531,12.350000381469727,13.284000062942505,1.6816233396387072
2023-12-11,99.97623443603516,73.75843811035156,12.630000114440918,13.207000064849854,2.1403793419439605
2023-12-12,104.1569595336914,74.43074035644531,12.069999694824219,13.072500038146973,2.357473289911485
2023-12-13,105.84810638427734,76.52127838134766,12.1899995803833,12.974000024795533,2.2837853827746035
2023-12-14,107.47998809814453,76.00084686279297,12.479999542236328,12.88899998664856,2.438048306268556
2023-12-15,109.73838806152344,74.6533203125,12.279999732971191,12.786999988555909,2.7072446483656742
2023-12-18,111.41496276855469,73.88196563720703,12.5600004196167,12.725,2.8867505849157498
2023-12-19,111.20321655273438,73.87267303466797,12.529999732971191,12.680999994277954,2.8735564342671633
2023-12-20,108.35381317138672,73.03627014160156,13.670000076293945,12.696999979019164,2.7591807804073665
2023-12-21,110.00391387939453,73.35225677490234,13.649999618530273,12.736999940872192,2.8403694279897826
2023-12-22,109.48575592041016,74.03067779541016,13.029999732971191,12.765499925613403,2.745813810443772
2023-12-26,110.45282745361328,74.3001708984375,12.989999771118164,12.780499935150146,2.7859090882063433
2023-12-27,109.89462280273438,74.69049835205078,12.430000305175781,12.767499971389771,2.714287018781154
2023-12-28,109.52771759033203,75.40607452392578,12.470000267028809,12.742000007629395,2.626445953728914
2023-12-29,108.9266128540039,75.28526306152344,12.449999809265137,12.718499994277954,2.5973766996098298
