Date,BAC,HD,VIX,AvgVIX,zscore
2015-01-30,11.95394229888916,80.13097381591797,20.969999313354492,19.119499969482423,0.8073428967416808
2015-02-02,12.198545455932617,80.13865661621094,19.43000030517578,19.201499938964844,0.9253261644995637
2015-02-03,12.53783130645752,82.29500579833984,17.329999923706055,19.071999931335448,0.8924148813613043
2015-02-04,12.458927154541016,83.19285583496094,18.329999923706055,18.932499885559082,0.7718777970549386
2015-02-05,12.60095500946045,83.6379623413086,16.850000381469727,18.80949993133545,0.8000173024396017
2015-02-06,13.011256217956543,83.67632293701172,17.290000915527344,18.823499965667725,0.9955907210069996
2015-02-09,12.90079402923584,83.13914489746094,18.549999237060547,18.873499965667726,0.9912021668462232
2015-02-10,12.956021308898926,84.92716979980469,17.229999542236328,18.754999923706055,0.854200878436198
2015-02-11,12.908681869506836,84.6509017944336,16.959999084472656,18.57499990463257,0.85653927666797
2015-02-12,13.15328311920166,86.07058715820312,15.34000015258789,18.267999935150147,0.8451697430429175
2015-02-13,13.105940818786621,85.86336517333984,14.6899995803833,17.88299994468689,0.8411815292012159
2015-02-17,13.12171745300293,85.94780731201172,15.800000190734863,17.62549991607666,0.8411010712155792
2015-02-18,12.86133861541748,85.94013214111328,15.449999809265137,17.403499937057497,0.7154623813507831
2015-02-19,12.79032039642334,85.1343765258789,15.289999961853027,17.22549991607666,0.7548170212367586
2015-02-20,12.92446231842041,86.1319808959961,14.300000190734863,17.12049994468689,0.728516418166885
2015-02-23,12.782435417175293,86.16268157958984,14.5600004196167,17.015499973297118,0.6567892446166173
2015-02-24,12.92446231842041,89.59291076660156,13.6899995803833,16.9239999294281,0.4114647479515097
2015-02-25,13.011256217956543,89.2552719116211,13.84000015258789,16.754999971389772,0.4845098391118661
2015-02-26,12.65618896484375,88.54155731201172,13.90999984741211,16.428499937057495,0.3776055838597366
2015-02-27,12.47470760345459,88.05810546875,13.34000015258789,16.157499933242796,0.3338351000564092
2015-03-02,12.632514953613281,89.10944366455078,13.039999961853027,15.760999965667725,0.31409501537822504
2015-03-03,12.65618896484375,89.07107543945312,13.859999656677246,15.482499933242797,0.3290970578302135
2015-03-04,12.537461280822754,88.06580352783203,14.229999542236328,15.327499914169312,0.363579418197752
2015-03-05,12.664104461669922,88.94831848144531,14.039999961853027,15.11299991607666,0.34418345797922445
2015-03-06,12.838231086730957,87.82791137695312,15.199999809265137,15.03049988746643,0.5313128656180645
2015-03-09,12.798660278320312,88.44183349609375,15.0600004196167,14.918999862670898,0.45587152353036203
2015-03-10,12.497886657714844,86.82201385498047,16.690000534057617,14.825999927520751,0.4583189934768491
2015-03-11,12.75117015838623,87.21538543701172,16.8700008392334,14.807999992370606,0.5451816730016339
2015-03-12,12.735337257385254,89.55255889892578,15.420000076293945,14.73100004196167,0.32339350330952643
2015-03-13,12.735337257385254,88.56523895263672,16.0,14.764000034332275,0.41384070961282443
2015-03-16,12.767000198364258,89.86109924316406,15.609999656677246,14.810000038146972,0.31049207675158064
2015-03-17,12.735337257385254,89.15145111083984,15.65999984741211,14.803000020980836,0.3601385108374579
2015-03-18,12.648274421691895,89.53711700439453,13.970000267028809,14.729000043869018,0.2825632257685027
2015-03-19,12.35541820526123,88.82750701904297,14.069999694824219,14.668000030517579,0.2054691781185898
2015-03-20,12.537461280822754,90.62472534179688,13.020000457763672,14.604000043869018,0.12915963351538381
2015-03-23,12.442480087280273,89.5294189453125,13.40999984741211,14.54650001525879,0.1834122895569444
2015-03-24,12.35541820526123,89.59113311767578,13.619999885559082,14.543000030517579,0.13551429921512737
2015-03-25,12.19711685180664,87.68592071533203,15.4399995803833,14.623000001907348,0.23323708288672912
2015-03-26,12.20502758026123,86.67544555664062,15.800000190734863,14.717500019073487,0.3296439781323175
2015-03-27,12.117959976196289,87.82476043701172,15.069999694824219,14.803999996185302,0.1821094036770087
2015-03-30,12.284178733825684,88.41868591308594,14.510000228881836,14.877500009536742,0.20835376281059068
2015-03-31,12.18128490447998,87.63192749023438,15.289999961853027,14.949000024795533,0.23050131291135828
2015-04-01,12.19711685180664,87.26166534423828,15.109999656677246,14.993000030517578,0.2721026129702929
2015-04-02,12.300008773803711,88.34922790527344,14.670000076293945,15.024500036239624,0.22239782795329605
2015-04-06,12.276263236999512,88.6655044555664,14.739999771118164,15.001500034332276,0.1819022284239027
2015-04-07,12.236689567565918,88.16413879394531,14.779999732971191,14.9875,0.20862968556077033
2015-04-08,12.35541820526123,89.15916442871094,13.979999542236328,14.851999950408935,0.1750864371773127
2015-04-09,12.434563636779785,88.37240600585938,13.09000015258789,14.66299991607666,0.28556362525472656
2015-04-10,12.442480087280273,88.88920593261719,12.579999923706055,14.520999908447266,0.24206144240243635
2015-04-13,12.505799293518066,88.2721176147461,13.9399995803833,14.417999887466431,0.3293161052520192
2015-04-14,12.521631240844727,87.97130584716797,13.670000076293945,14.320999908447266,0.3645551387242978
2015-04-15,12.379159927368164,87.50849914550781,12.84000015258789,14.179999923706054,0.3378219508901208
2015-04-16,12.497886657714844,87.44679260253906,12.600000381469727,14.111499929428101,0.40108375530836626
2015-04-17,12.315837860107422,86.46717071533203,13.890000343322754,14.102499961853027,0.4024914861487006
2015-04-20,12.323756217956543,87.05339813232422,13.300000190734863,14.116499948501588,0.352630058958482
2015-04-21,12.268349647521973,87.29251098632812,13.25,14.10849995613098,0.3038406718770623
2015-04-22,12.458308219909668,87.15367889404297,12.710000038146973,14.062999963760376,0.40873118491855953
2015-04-23,12.41873550415039,87.90188598632812,12.479999542236328,13.914999961853027,0.32098723062365986
2015-04-24,12.379159927368164,87.70135498046875,12.289999961853027,13.739499950408936,0.32015465716525504
2015-04-27,12.315837860107422,85.91951751708984,13.119999885559082,13.641999959945679,0.4526613444507116
2015-04-28,12.387073516845703,85.29474639892578,12.40999984741211,13.536999940872192,0.5444610634351006
2015-04-29,12.648274421691895,83.85235595703125,13.390000343322754,13.44199995994568,0.8033374258324071
2015-04-30,12.608696937561035,82.51793670654297,14.550000190734863,13.413999986648559,0.9063780807212222
2015-05-01,12.75117015838623,84.5002670288086,12.699999809265137,13.315499973297118,0.7939104419560626
2015-05-04,13.012368202209473,84.89366912841797,12.850000381469727,13.221000003814698,0.8846106442475858
2015-05-05,12.941132545471191,83.3509750366211,14.3100004196167,13.197500038146973,0.9913698359156146
2015-05-06,12.893640518188477,83.54381561279297,15.149999618530273,13.25600004196167,0.950659715631958
2015-05-07,12.854066848754883,84.87823486328125,15.130000114440918,13.358000040054321,0.8092130998169709
2015-05-08,13.020281791687012,86.75259399414062,12.859999656677246,13.372000026702882,0.718156603360923
2015-05-11,13.051942825317383,86.31292724609375,13.850000381469727,13.367500066757202,0.7737966133795121
2015-05-12,13.004450798034668,86.79115295410156,13.859999656677246,13.377000045776366,0.7069427005065555
2015-05-13,13.036110877990723,85.76529693603516,13.760000228881836,13.423000049591064,0.816282349796507
2015-05-14,13.075688362121582,86.34380340576172,12.739999771118164,13.430000019073486,0.7824899659325312
2015-05-15,12.941132545471191,87.43136596679688,12.380000114440918,13.354500007629394,0.6175700746053479
2015-05-18,13.067771911621094,88.18729400634766,12.729999542236328,13.325999975204468,0.6097687400865854
2015-05-19,13.273560523986816,86.65230560302734,12.850000381469727,13.305999994277954,0.8502405723137472
2015-05-20,13.249822616577148,86.46717071533203,12.880000114440918,13.314499998092652,0.8556823803712067
2015-05-21,13.241904258728027,86.39776611328125,12.109999656677246,13.296000003814697,0.8581982840146215
2015-05-22,13.257732391357422,86.51348876953125,12.130000114440918,13.288000011444092,0.855277243222835
2015-05-26,13.059854507446289,85.5647201538086,14.0600004196167,13.335000038146973,0.8461779056571079
2015-05-27,13.249822616577148,86.51348876953125,13.270000457763672,13.378000068664551,0.8514392385006596
2015-05-28,13.194412231445312,86.53661346435547,13.3100004196167,13.374000072479248,0.8224344188813277
2015-05-29,13.059854507446289,85.94266510009766,13.84000015258789,13.3385000705719,0.8115548185243303
2015-06-01,13.099431037902832,86.13550567626953,13.970000267028809,13.402000093460083,0.8130923658467961
2015-06-02,13.233988761901855,86.53099060058594,14.239999771118164,13.471500062942505,0.8421529659531759
2015-06-03,13.440398216247559,87.74842071533203,13.65999984741211,13.439000034332276,0.8307802573270192
2015-06-04,13.32131576538086,86.43017578125,14.710000038146973,13.41700005531311,0.8937615631040443
2015-06-05,13.646805763244629,85.58494567871094,14.210000038146973,13.371000051498413,1.129127324051047
2015-06-08,13.55947494506836,85.24378967285156,15.289999961853027,13.492500066757202,1.1180052976904766
2015-06-09,13.742067337036133,84.93356323242188,14.470000267028809,13.523500061035156,1.2350228029376644
2015-06-10,13.964356422424316,86.0579605102539,13.220000267028809,13.491500091552734,1.239877884242004
2015-06-11,13.884971618652344,86.2983627319336,12.850000381469727,13.446000099182129,1.1793355891820312
2015-06-12,13.884971618652344,85.76332092285156,13.779999732971191,13.49800009727478,1.2283501331186968
2015-06-15,13.869087219238281,85.30581665039062,15.390000343322754,13.648500108718872,1.262554079436355
2015-06-16,13.932598114013672,85.47638702392578,14.8100004196167,13.75250015258789,1.277745277823611
2015-06-17,13.789702415466309,85.66249084472656,14.5,13.835000133514404,1.19136024721494
2015-06-18,13.797645568847656,86.73262023925781,13.1899995803833,13.850500106811523,1.0971811666104752
2015-06-19,13.630929946899414,87.18231964111328,13.960000038146973,13.94300012588501,0.9750904833355414
2015-06-22,13.869087219238281,87.67864227294922,12.739999771118164,13.973500108718872,1.0451823455703853
2015-06-23,14.027865409851074,87.7639389038086,12.109999656677246,13.8760000705719,1.1144112541081137
2015-06-24,13.884971618652344,87.12030792236328,13.260000228881836,13.875500059127807,1.1040381676235753
2015-06-25,13.789702415466309,87.03501892089844,14.010000228881836,13.910500049591064,1.065624582166153
2015-06-26,13.82145881652832,87.3141860961914,14.020000457763672,13.919500064849853,1.055459345671749
2015-06-29,13.408638954162598,85.71678161621094,18.850000381469727,14.1635000705719,1.0014859747462692
2015-06-30,13.511848449707031,86.17427825927734,18.229999542236328,14.363000059127808,1.0096548732846444
2015-07-01,13.670619010925293,86.9031753540039,16.09000015258789,14.484500074386597,1.0199206066451127
2015-07-02,13.519783020019531,86.45344543457031,16.790000915527344,14.588500118255615,0.9879307363857045
2015-07-06,13.44833755493164,86.32164764404297,17.010000228881836,14.728500127792358,0.9653375916868392
2015-07-07,13.249865531921387,87.15911102294922,16.09000015258789,14.768500137329102,0.7923153750569227
2015-07-08,12.900559425354004,86.0734634399414,19.65999984741211,15.028000116348267,0.7222788990297834
2015-07-09,13.083147048950195,86.3681411743164,19.969999313354492,15.36550006866455,0.7838795383629347
2015-07-10,13.257805824279785,87.701904296875,16.829999923706055,15.564500045776366,0.7464435411960977
2015-07-13,13.511848449707031,89.09766387939453,13.899999618530273,15.570500040054322,0.741846992687626
2015-07-14,13.599169731140137,89.45438385009766,13.369999885559082,15.469500017166137,0.7515385952880294
2015-07-15,14.035809516906738,89.62500762939453,13.229999542236328,15.39049997329712,0.9477756245996344
2015-07-16,14.250154495239258,88.96585083007812,12.109999656677246,15.270999956130982,1.1121653106381577
2015-07-17,14.369232177734375,88.76421356201172,11.949999809265137,15.208999967575073,1.1884162924550843
2015-07-20,14.385116577148438,87.94229125976562,12.25,15.123499965667724,1.271419093339684
2015-07-21,14.35335922241211,88.29122924804688,12.220000267028809,15.097499990463257,1.2240438999049772
2015-07-22,14.6470947265625,89.09766387939453,12.119999885559082,15.098000001907348,1.292694607498325
2015-07-23,14.432745933532715,88.85731506347656,12.640000343322754,15.067000007629394,1.2107057103322307
2015-07-24,14.210461616516113,88.08185577392578,13.739999771118164,15.053499984741212,1.1738871485509936
2015-07-27,14.027865409851074,87.67864227294922,15.600000381469727,15.132499980926514,1.1222251770388831
2015-07-28,14.19458293914795,89.05117797851562,13.4399995803833,14.861999940872192,1.0773839943473826
2015-07-29,14.416866302490234,90.23758697509766,12.5,14.575499963760375,1.076555479363956
2015-07-30,14.393052101135254,90.30735778808594,12.130000114440918,14.377499961853028,1.0586086597005668
2015-07-31,14.19458293914795,90.74937438964844,12.119999885559082,14.143999910354614,0.9218142403698996
2015-08-03,14.107258796691895,90.64080047607422,12.5600004196167,13.921499919891357,0.8893888843006912
2015-08-04,14.131072044372559,91.13709259033203,13.0,13.766999912261962,0.85547888953345
2015-08-05,14.186638832092285,91.50154113769531,12.510000228881836,13.40949993133545,0.849054475415675
2015-08-06,14.139008522033691,90.38491821289062,13.770000457763672,13.099499988555909,0.9282356514496631
2015-08-07,14.091377258300781,90.67182159423828,13.390000343322754,12.927500009536743,0.8788409887001853
2015-08-10,14.321600914001465,91.1913833618164,12.229999542236328,12.844000005722046,0.9429543680020428
2015-08-11,14.12313461303711,91.26113891601562,13.710000038146973,12.86100001335144,0.8402637288161885
2015-08-12,13.908787727355957,91.26113891601562,13.609999656677246,12.880000019073487,0.7362576879008951
2015-08-13,13.988176345825195,92.29246520996094,13.489999771118164,12.949000024795533,0.6803002967765968
2015-08-14,14.051687240600586,92.85853576660156,12.829999923706055,12.993000030517578,0.6592601936604395
2015-08-17,14.107258796691895,92.81979370117188,13.020000457763672,13.031500053405761,0.6897739058890255
2015-08-18,14.043744087219238,95.22361755371094,13.789999961853027,13.110000038146973,0.4387436625647014
2015-08-19,13.861150741577148,95.1926040649414,15.25,13.26650004386902,0.35298627873419836
2015-08-20,13.273682594299316,93.47114562988281,19.139999389648438,13.591499996185302,0.22563397674353342
2015-08-21,12.781476974487305,90.07472229003906,28.030000686645508,14.30600004196167,0.29794678831272564
2015-08-24,12.138433456420898,87.26766967773438,40.7400016784668,15.563000106811524,0.24307802941016496
2015-08-25,12.114617347717285,86.05021667480469,36.02000045776367,16.692000150680542,0.3430513274555892
2015-08-26,12.74971866607666,89.89639282226562,30.31999969482422,17.583000135421752,0.29887347683324955
2015-08-27,13.051396369934082,91.2379150390625,26.100000381469727,18.281500148773194,0.3223591850140784
2015-08-28,12.987886428833008,91.12932586669922,26.049999237060547,18.978000116348266,0.3014904252311536
2015-08-31,12.972007751464844,90.30735778808594,28.43000030517578,19.77150011062622,0.3690852439317925
2015-09-01,12.368659019470215,88.12510681152344,31.399999618530273,20.691500091552733,0.27623997365477143
2015-09-02,12.623517990112305,90.78279876708984,26.09000015258789,21.370500087738037,0.15643541043840356
2015-09-03,12.695199012756348,90.8763198852539,25.610000610351562,21.96250009536743,0.18264933352572899
2015-09-04,12.464228630065918,89.17725372314453,27.799999237060547,22.68300004005432,0.2262266201959163
2015-09-08,12.870413780212402,90.74382781982422,24.899999618530273,23.31650004386902,0.2798050108474077
2015-09-09,12.663337707519531,88.8265380859375,26.229999542236328,23.942500019073485,0.3549675684520042
2015-09-10,12.774837493896484,89.23181915283203,24.3700008392334,24.480500078201295,0.37194251370252385
2015-09-11,12.774837493896484,89.97223663330078,23.200000762939453,24.96600012779236,0.3041137487127819
2015-09-14,12.7111234664917,89.41885375976562,24.25,25.537000131607055,0.3238929836402501
2015-09-15,12.989877700805664,90.54898071289062,22.540000915527344,26.013000154495238,0.3556213656891298
2015-09-16,13.005806922912598,91.82715606689453,21.350000381469727,26.391000175476073,0.24625846641506846
2015-09-17,12.631484985351562,91.89733123779297,21.139999389648438,26.685500144958496,0.05820018544150982
2015-09-18,12.392548561096191,89.72284698486328,22.280000686645508,26.84250020980835,0.1414646514534406
2015-09-21,12.504053115844727,90.86072540283203,20.139999389648438,26.448000144958495,0.09132953819310848
2015-09-22,12.40051555633545,90.25281524658203,22.440000534057617,25.53300008773804,0.09678065856348614
2015-09-23,12.51998233795166,90.54118347167969,22.1299991607666,24.838500022888184,0.128331619640874
2015-09-24,12.384586334228516,90.67367553710938,23.469999313354492,24.496000003814697,0.05049692268632735
2015-09-25,12.655374526977539,90.98542785644531,23.6200008392334,24.37200002670288,0.15333032518463838
2015-09-28,12.320873260498047,88.9278564453125,27.6299991607666,24.451000022888184,0.17951428444300857
2015-09-29,12.225299835205078,88.0003890991211,26.829999923706055,24.371000003814697,0.2181040401846365
2015-09-30,12.408477783203125,90.01116943359375,24.5,24.026000022888184,0.1227809998434132
2015-10-01,12.384586334228516,91.21145629882812,22.549999237060547,23.848999977111816,0.00123146655537189
2015-10-02,12.249192237854004,91.8193588256836,20.940000534057617,23.61549997329712,-0.12015409199247254
2015-10-05,12.496085166931152,92.90274047851562,19.540000915527344,23.20250005722046,-0.09960326697528572
2015-10-06,12.496085166931152,92.49744415283203,19.399999618530273,22.92750005722046,-0.0624745524984286
2015-10-07,12.54387378692627,93.25346374511719,18.399999618530273,22.536000061035157,-0.10854447039314825
2015-10-08,12.54387378692627,94.35237121582031,17.420000076293945,22.188500022888185,-0.2092140771244811
2015-10-09,12.408477783203125,94.56281280517578,17.079999923706055,21.882499980926514,-0.2941896372797149
2015-10-12,12.36069107055664,95.00704193115234,16.170000076293945,21.478499984741212,-0.358072151815562
2015-10-13,12.36069107055664,94.78104400634766,17.670000076293945,21.23499994277954,-0.3373687506478303
2015-10-14,12.456268310546875,93.73666381835938,18.030000686645508,21.06899995803833,-0.19531804743659062
2015-10-15,12.894305229187012,94.9369125366211,16.049999237060547,20.814499950408937,-0.09272581348705176
2015-10-16,12.838554382324219,95.66172790527344,15.050000190734863,20.452999925613405,-0.18617688125368936
2015-10-19,12.854483604431152,95.94229888916016,14.979999542236328,20.194999933242798,-0.20415043038628772
2015-10-20,12.902270317077637,95.74749755859375,15.75,19.860499906539918,-0.16311769960497008
2015-10-21,12.663337707519531,96.09820556640625,16.700000762939453,19.58899998664856,-0.3111812430320363
2015-10-22,12.870413780212402,96.92435455322266,14.449999809265137,19.138000011444092,-0.2863856942222506
2015-10-23,13.157130241394043,97.11918640136719,14.460000038146973,18.67999997138977,-0.16511258404016066
2015-10-26,13.149164199829102,97.43093872070312,15.289999961853027,18.063000011444093,-0.19753714998509633
2015-10-27,13.061554908752441,97.01008605957031,15.430000305175781,17.493000030517578,-0.20149338197840538
2015-10-28,13.762422561645508,96.50346374511719,14.329999923706055,16.984500026702882,0.1849947975413818
2015-10-29,13.611096382141113,96.35538482666016,14.609999656677246,16.587500047683715,0.12513318697471174
2015-10-30,13.364204406738281,96.36318969726562,15.069999694824219,16.294000005722047,0.004620524769297923
2015-11-02,13.587203025817871,96.96331024169922,14.149999618530273,16.024499940872193,0.05784825630016182
2015-11-03,13.682777404785156,97.93753814697266,14.539999961853027,15.78149995803833,0.01497528408655766
2015-11-04,13.547384262084961,97.71932220458984,15.510000228881836,15.636999988555909,-0.03073008104870685
2015-11-05,13.786312103271484,97.98431396484375,15.050000190734863,15.518499994277954,0.060927625002154664
2015-11-06,14.296034812927246,98.18694305419922,14.329999923706055,15.380999994277953,0.28969420217700986
2015-11-09,14.080994606018066,97.03343200683594,16.520000457763672,15.398500013351441,0.291023521311604
2015-11-10,14.216391563415527,97.62578582763672,15.289999961853027,15.279500007629395,0.3024564112538392
2015-11-11,14.136744499206543,97.1971435546875,16.059999465942383,15.180999946594238,0.3030772320186383
2015-11-12,13.834101676940918,96.49567413330078,18.3700008392334,15.29700002670288,0.22048875064889786
2015-11-13,13.69870662689209,93.5262222290039,20.079999923706055,15.54850001335144,0.42681991512837386
2015-11-16,13.881887435913086,94.18090057373047,18.15999984741211,15.70750002861023,0.45572915382413215
2015-11-17,13.873923301696777,98.34280395507812,18.84000015258789,15.862000036239625,0.0705977526133606
2015-11-18,14.208426475524902,98.62342834472656,16.850000381469727,15.869500017166137,0.20719872259753366
2015-11-19,14.088957786560059,98.87281036376953,16.989999771118164,15.996500015258789,0.12638417557879178
2015-11-20,14.057100296020508,101.4837646484375,15.470000267028809,16.047000026702882,-0.12826022930528055
2015-11-23,13.913741111755371,103.26854705810547,15.619999885559082,16.063500022888185,-0.3613231984604643
2015-11-24,13.913741111755371,104.1258773803711,15.930000305175781,16.088500022888184,-0.43986220987159413
2015-11-25,13.889852523803711,104.94422912597656,15.1899995803833,16.131500005722046,-0.5264217327575583
2015-11-27,13.921708106994629,105.01435089111328,15.119999885559082,16.157000017166137,-0.5173884423426645
2015-11-30,13.881887435913086,104.34410095214844,16.1299991607666,16.209999990463256,-0.47530954825370964
2015-12-01,14.184530258178711,105.23651885986328,14.670000076293945,16.23600001335144,-0.41021363066851974
2015-12-02,14.072720527648926,104.75115966796875,15.90999984741211,16.304500007629393,-0.42000310613953457
2015-12-03,13.817138671875,102.4966049194336,18.110000610351562,16.43450002670288,-0.3374802236066746
2015-12-04,14.216479301452637,105.3147964477539,14.8100004196167,16.42250003814697,-0.4018821364956705
2015-12-07,14.008821487426758,104.84505462646484,15.84000015258789,16.498000049591063,-0.4596099962324925
2015-12-08,13.729288101196289,104.77465057373047,17.600000381469727,16.552000045776367,-0.5887963955565968
2015-12-09,13.657403945922852,103.25595092773438,19.610000610351562,16.768000078201293,-0.4845499729484874
2015-12-10,13.737272262573242,103.7569351196289,19.34000015258789,16.93200011253357,-0.4916905941140081
2015-12-11,13.361895561218262,102.11302185058594,24.389999389648438,17.23300004005432,-0.5232350669096533
2015-12-14,13.417804718017578,103.342041015625,22.729999542236328,17.365500020980836,-0.6086956419368781
2015-12-15,13.912983894348145,102.77841186523438,20.950000762939453,17.5050000667572,-0.31678991554757974
2015-12-16,14.176543235778809,104.0387954711914,17.860000610351562,17.456000089645386,-0.30436710223411995
2015-12-17,13.817138671875,102.82540130615234,18.940000534057617,17.56050009727478,-0.3676008696374822
2015-12-18,13.385852813720703,101.99560546875,20.700000762939453,17.746000146865846,-0.5008540816290005
2015-12-21,13.553574562072754,102.7940902709961,18.700000762939453,17.907500171661376,-0.4926198734525641
2015-12-22,13.641430854797363,103.24031829833984,16.600000381469727,17.956500196456908,-0.4908683977022394
2015-12-23,13.849085807800293,104.20317840576172,15.569999694824219,17.93850016593933,-0.4783159060481825
2015-12-24,13.79317855834961,104.0387954711914,15.739999771118164,17.966000175476076,-0.4903844646953163
2015-12-28,13.681364059448242,103.86653900146484,16.90999984741211,18.055500173568724,-0.5288592219718573
2015-12-29,13.801169395446777,104.66503143310547,16.079999923706055,18.0530002117157,-0.5438758585146736
2015-12-30,13.617471694946289,104.39106750488281,17.290000915527344,18.184000253677368,-0.6079126998557314
2015-12-31,13.441764831542969,103.52996063232422,18.209999084472656,18.299000215530395,-0.614284736187025
2016-01-04,13.122292518615723,102.606201171875,20.700000762939453,18.42850022315979,-0.6846755474976828
2016-01-05,13.122292518615723,102.10517883300781,19.34000015258789,18.65500020980835,-0.6387774867764274
2016-01-06,12.842752456665039,101.0483627319336,20.59000015258789,18.89250020980835,-0.6776030904618736
2016-01-07,12.37951946258545,98.16751098632812,24.989999771118164,19.262000179290773,-0.6384629949519451
2016-01-08,12.139914512634277,96.99324798583984,27.010000228881836,19.632000160217284,-0.6471519926095306
2016-01-11,12.227767944335938,98.4649887084961,24.299999237060547,19.880000114440918,-0.7393479037214854
2016-01-12,12.227767944335938,99.80363464355469,22.469999313354492,19.78400011062622,-0.8619796661105618
2016-01-13,11.900313377380371,95.03618621826172,25.219999313354492,19.908500099182127,-0.5841278750247472
2016-01-14,11.97219181060791,93.64274597167969,23.950000762939453,20.05850009918213,-0.4215994012322501
2016-01-15,11.548892974853516,93.33744812011719,27.020000457763672,20.516500091552736,-0.5990257630057508
2016-01-19,11.373184204101562,93.75232696533203,26.049999237060547,20.87200002670288,-0.7222902592164223
2016-01-20,10.93391227722168,91.16895294189453,27.59000015258789,21.216499996185302,-0.6987752829834621
2016-01-21,10.67034912109375,94.1124496459961,26.690000534057617,21.61599998474121,-1.0963124238416604
2016-01-22,10.830081939697266,96.10083770751953,22.34000015258789,21.90299997329712,-1.2009602509230635
2016-01-25,10.350873947143555,95.27886199951172,24.149999618530273,22.33199996948242,-1.358182777937682
2016-01-26,10.630412101745605,95.66244506835938,22.5,22.669999980926512,-1.2576840221695014
2016-01-27,10.67034912109375,95.16926574707031,23.110000610351562,22.980000019073486,-1.193126090250181
2016-01-28,10.806121826171875,95.72504425048828,22.420000076293945,23.297000026702882,-1.1781602575521468
2016-01-29,11.293313980102539,98.44934844970703,20.200000762939453,23.442500019073485,-1.1913336828365284
2016-02-01,11.149552345275879,99.0364761352539,19.979999542236328,23.53100004196167,-1.3148762050631053
2016-02-02,10.566515922546387,98.06572723388672,21.979999542236328,23.594999980926513,-1.5088497400794763
2016-02-03,10.406780242919922,96.90715789794922,21.649999618530273,23.710499954223632,-1.4802220079843031
2016-02-04,10.582491874694824,94.80915832519531,21.84000015258789,23.772999954223632,-1.202767435010212
2016-02-05,10.342887878417969,91.14549255371094,23.3799991607666,23.692499923706055,-0.9834047421052144
2016-02-08,9.799786567687988,87.56010437011719,26.0,23.641999912261962,-0.9184768461996269
2016-02-09,9.743880271911621,89.13359832763672,26.540000915527344,23.753999996185303,-1.0897497777577798
2016-02-10,9.568169593811035,89.50153350830078,26.290000915527344,23.945000076293944,-1.2087147461669272
2016-02-11,8.913253784179688,88.67171478271484,28.139999389648438,24.091000080108643,-1.4504762594359468
2016-02-12,9.544206619262695,91.05936431884766,25.399999618530273,24.163500022888183,-1.363053161000297
2016-02-16,9.783815383911133,93.4939956665039,24.110000610351562,24.018000030517577,-1.46982315800248
2016-02-17,10.031405448913574,94.88743591308594,22.309999465942383,23.83100004196167,-1.4773381656908773
2016-02-18,9.775824546813965,93.9167251586914,21.639999389648438,23.533500003814698,-1.512426242157317
2016-02-19,9.687973022460938,95.2632064819336,20.530000686645508,23.22550001144409,-1.6784033761638755
2016-02-22,10.01542854309082,96.17129516601562,19.3799991607666,23.07749996185303,-1.6027033475978614
2016-02-23,9.711932182312012,97.48645782470703,20.979999542236328,22.91899995803833,-1.870447252466082
2016-02-24,9.687973022460938,98.3319320678711,20.719999313354492,22.829999923706055,-1.959525678212697
2016-02-25,9.839720726013184,99.31046295166016,19.110000610351562,22.629999923706055,-1.9755362515712624
2016-02-26,10.143219947814941,98.84075927734375,19.809999465942383,22.499499893188478,-1.7852424507315023
2016-02-29,9.999455451965332,97.16552734375,20.549999237060547,22.516999816894533,-1.7015342865494039
2016-03-01,10.53456974029541,98.4023666381836,17.700000762939453,22.402999877929688,-1.5551898983139543
2016-03-02,10.751035690307617,98.3162612915039,17.09000015258789,22.158499908447265,-1.442267630201476
2016-03-03,10.823190689086914,99.26351165771484,16.700000762939453,21.910999965667724,-1.4940328442712594
2016-03-04,10.855259895324707,98.29277038574219,16.860000610351562,21.66199998855591,-1.3895436738509466
2016-03-07,10.84724235534668,98.77029418945312,17.350000381469727,21.360500049591064,-1.4371793565832864
2016-03-08,10.47043514251709,99.74635314941406,18.670000076293945,20.994000053405763,-1.7094304870734387
2016-03-09,10.534570693969727,99.20323944091797,18.34000015258789,20.584000015258788,-1.6285564407471158
2016-03-10,10.638794898986816,99.09304809570312,18.049999237060547,20.17199993133545,-1.5678899602297478
2016-03-11,11.055686950683594,101.11600494384766,16.5,19.589999961853028,-1.5509250157853787
2016-03-14,10.935433387756348,101.41509246826172,16.920000076293945,19.165999984741212,-1.6366738639546587
2016-03-15,10.879307746887207,102.09990692138672,16.84000015258789,18.802499961853027,-1.7266423540887108
2016-03-16,10.67086410522461,102.68238067626953,14.989999771118164,18.436499977111815,-1.881143733268742
2016-03-17,10.74301815032959,103.0208511352539,14.4399995803833,18.07649998664856,-1.8771398066541038
2016-03-18,11.055686950683594,103.39083099365234,14.020000457763672,17.75099997520447,-1.7593191253180989
2016-03-21,11.095773696899414,103.1231918334961,13.789999961853027,17.47150001525879,-1.7153500084595235
2016-03-22,11.031636238098145,102.79259490966797,14.170000076293945,17.13100004196167,-1.716185388136759
2016-03-23,10.919395446777344,102.50135803222656,14.9399995803833,16.84200005531311,-1.7439673386272343
2016-03-24,10.967497825622559,102.69027709960938,14.739999771118164,16.62350001335144,-1.737933608735062
2016-03-28,10.919395446777344,103.17827606201172,15.239999771118164,16.39500002861023,-1.8059789944440972
2016-03-29,10.759051322937012,104.2724380493164,13.819999694824219,16.058500051498413,-1.9840165313855405
2016-03-30,10.807154655456543,105.02017211914062,13.5600004196167,15.851500034332275,-2.029174716661367
2016-03-31,10.83922290802002,105.02804565429688,13.949999809265137,15.694500017166138,-2.014335747841487
2016-04-01,10.871292114257812,106.14579772949219,13.100000381469727,15.514499998092651,-2.1011709696248975
2016-04-04,10.831208229064941,106.14579772949219,14.119999885559082,15.377499961853028,-2.1206205930246753
2016-04-05,10.574658393859863,105.93327331542969,15.420000076293945,15.280999946594239,-2.2256353672421048
2016-04-06,10.638794898986816,106.61022186279297,14.09000015258789,15.051999950408936,-2.2565293107110356
2016-04-07,10.30207347869873,105.37442779541016,16.15999984741211,14.942999935150146,-2.3067046664886
2016-04-08,10.32612419128418,105.17761993408203,15.359999656677246,14.808499956130982,-2.277005373189652
2016-04-11,10.398277282714844,104.69747924804688,16.260000228881836,14.796499967575073,-2.198009915696949
2016-04-12,10.638794898986816,105.77586364746094,14.850000381469727,14.692999982833863,-2.1800947467010277
2016-04-13,11.055686950683594,105.35078430175781,13.84000015258789,14.542999982833862,-1.9388681173842914
2016-04-14,11.33629035949707,105.76795959472656,13.720000267028809,14.479500007629394,-1.8409298194706996
2016-04-15,11.224048614501953,106.27174377441406,13.619999885559082,14.438500022888183,-1.9415431664269018
2016-04-18,11.360339164733887,107.68073272705078,13.350000381469727,14.405000019073487,-2.004487658085012
2016-04-19,11.584819793701172,106.61022186279297,13.239999771118164,14.377500009536742,-1.797496264376465
2016-04-20,11.969645500183105,106.4134292602539,13.279999732971191,14.332999992370606,-1.5927420406798798
2016-04-21,11.945595741271973,105.94903564453125,13.949999809265137,14.283500003814698,-1.5618689901254177
2016-04-22,12.1139554977417,106.78339385986328,13.220000267028809,14.20750002861023,-1.5566115264475289
2016-04-25,11.993698120117188,106.7755126953125,14.079999923706055,14.149500036239624,-1.6142411890018218
2016-04-26,12.097919464111328,106.53150939941406,13.960000038146973,14.156500053405761,-1.5413177430260627
2016-04-27,12.041797637939453,106.8542251586914,13.770000457763672,14.16700005531311,-1.5981129513925652
2016-04-28,11.857405662536621,104.47708129882812,15.220000267028809,14.230500078201294,-1.4698168581469253
2016-04-29,11.673011779785156,105.3901596069336,15.699999809265137,14.360500049591064,-1.6429350309481465
2016-05-02,11.841373443603516,107.09039306640625,14.680000305175781,14.388500070571899,-1.7169984433245433
2016-05-03,11.51266860961914,105.90179443359375,15.600000381469727,14.39750008583069,-1.7676074846141863
2016-05-04,11.328271865844727,106.38980865478516,16.049999237060547,14.49550004005432,-1.901787430071317
2016-05-05,11.26413345336914,106.00411224365234,15.90999984741211,14.483000040054321,-1.8975756739775307
2016-05-06,11.312233924865723,106.81484985351562,14.720000267028809,14.451000070571899,-1.9485069268759196
2016-05-09,11.216032028198242,107.23994445800781,14.569999694824219,14.366500043869019,-2.0341287119395206
2016-05-10,11.464564323425293,108.23957824707031,13.630000114440918,14.305500030517578,-2.0051103865264133
2016-05-11,11.384392738342285,105.7128677368164,14.6899995803833,14.348000001907348,-1.812542538854484
2016-05-12,11.33629035949707,105.62630462646484,14.40999984741211,14.382499980926514,-1.8279529762635796
2016-05-13,11.127842903137207,104.79193878173828,15.039999961853027,14.45349998474121,-1.8526612154003725
2016-05-16,11.167925834655762,106.53150939941406,14.680000305175781,14.519999980926514,-1.9925720505880546
2016-05-17,11.23206615447998,103.9024658203125,15.569999694824219,14.636499977111816,-1.7206061353741793
2016-05-18,11.777233123779297,103.72142028808594,15.949999809265137,14.769999980926514,-1.4394932119973713
2016-05-19,11.648961067199707,103.68993377685547,16.329999923706055,14.88899998664856,-1.4988493234519271
2016-05-20,11.640941619873047,103.78439331054688,15.199999809265137,14.987999963760377,-1.511393869381134
2016-05-23,11.600855827331543,103.44590759277344,15.819999694824219,15.074999952316285,-1.4998361441427603
2016-05-24,11.769214630126953,104.97296905517578,14.420000076293945,15.097999954223633,-1.5580368640124793
2016-05-25,11.96163272857666,104.84703063964844,13.899999618530273,15.104499912261963,-1.4531341067301071
2016-05-26,11.78525161743164,105.51609802246094,13.430000305175781,15.014999914169312,-1.6000107476551608
2016-05-27,11.929561614990234,105.42950439453125,13.119999885559082,14.885999917984009,-1.5220554770701151
2016-05-31,11.857405662536621,104.5354232788086,14.1899995803833,14.861499881744384,-1.475161497561201
2016-06-01,11.953938484191895,104.30596160888672,14.199999809265137,14.791499853134155,-1.4073008405971135
2016-06-02,12.018293380737305,104.76490020751953,13.630000114440918,14.670499897003173,-1.41811718334706
2016-06-03,11.599985122680664,104.23477935791016,13.470000267028809,14.548499917984008,-1.5725262344671531
2016-06-06,11.680429458618164,102.21717834472656,13.649999618530273,14.494999885559082,-1.3486627619160967
2016-06-07,11.54367446899414,102.79474639892578,14.050000190734863,14.468999910354615,-1.4679297522111463
2016-06-08,11.60802936553955,102.53364562988281,14.079999923706055,14.491499900817871,-1.412784144653647
2016-06-09,11.41496467590332,102.30421447753906,14.640000343322754,14.488999938964843,-1.485445659298124
2016-06-10,11.1253662109375,101.93236541748047,17.030000686645508,14.619999980926513,-1.591900847728824
2016-06-13,10.940343856811523,101.14112091064453,20.969999313354492,14.916499948501587,-1.6091929827559113
2016-06-14,10.666839599609375,99.09186553955078,20.5,15.207499933242797,-1.554173693634319
2016-06-15,10.73119068145752,100.11251068115234,20.139999389648438,15.43599991798401,-1.6164491558653842
2016-06-16,10.707059860229492,100.76924133300781,19.3700008392334,15.606999969482422,-1.688320299688364
2016-06-17,10.779459953308105,100.59517669677734,19.40999984741211,15.760999965667725,-1.6372442542945358
2016-06-20,10.892083168029785,100.97496032714844,18.3700008392334,15.919500017166138,-1.6173884059197006
2016-06-21,10.956435203552246,101.06990814208984,18.479999542236328,16.052500009536743,-1.594861374014358
2016-06-22,10.948392868041992,100.9591293334961,21.170000076293945,16.39000000953674,-1.5886153853195137
2016-06-23,11.29429817199707,101.50505828857422,17.25,16.557500028610228,-1.470786075219816
2016-06-24,10.457686424255371,100.00965118408203,25.760000228881836,17.174000024795532,-1.739736878394244
2016-06-27,9.798047065734863,98.64086151123047,23.850000381469727,17.710500049591065,-1.9344158786563699
2016-06-28,10.216354370117188,100.90373229980469,18.75,17.938500070571898,-1.9387424518571796
2016-06-29,10.610527992248535,100.77716827392578,16.639999389648438,18.060500049591063,-1.7358859608003268
2016-06-30,10.674882888793945,101.03033447265625,15.630000114440918,18.160500049591064,-1.727851738669611
2016-07-01,10.538129806518555,102.55738830566406,14.770000457763672,18.225500059127807,-1.9340990666824793
2016-07-05,10.24853229522705,102.3437728881836,15.579999923706055,18.322000074386597,-2.055049388216773
2016-07-06,10.345063209533691,104.10026550292969,14.960000038146973,18.367500066757202,-2.1691205673546605
2016-07-07,10.465728759765625,103.77587127685547,14.760000228881836,18.401500082015993,-2.0808534966175207
2016-07-08,10.594436645507812,106.29193878173828,13.199999809265137,18.32950005531311,-2.248895421353879
2016-07-11,10.626618385314941,106.93283081054688,13.539999961853027,18.155000019073487,-2.291991457422746
2016-07-12,10.892083168029785,106.6875228881836,13.550000190734863,17.784000062942503,-2.140709469593597
2016-07-13,10.811635971069336,105.6747817993164,13.039999961853027,17.411000061035157,-2.0869682936488436
2016-07-14,10.980568885803223,106.45018005371094,12.819999694824219,17.045000076293945,-2.076031468478247
2016-07-15,10.988611221313477,106.64005279541016,12.670000076293945,16.710000038146973,-2.0895231583379648
2016-07-18,11.350606918334961,107.87435913085938,12.4399995803833,16.361500024795532,-2.0269478525911993
2016-07-19,11.47127628326416,108.38072204589844,11.970000267028809,16.0414999961853,-2.01478360475787
2016-07-20,11.583897590637207,108.72096252441406,11.770000457763672,15.70600004196167,-1.9913061807499217
2016-07-21,11.47932243347168,107.66075134277344,12.739999771118164,15.284500026702881,-1.9449237675108908
2016-07-22,11.56781005859375,108.01678466796875,12.020000457763672,15.023000049591065,-1.934603325337276
2016-07-25,11.55976390838623,108.00093078613281,12.869999885559082,14.378500032424927,-1.9370551472907858
2016-07-26,11.688474655151367,108.19877624511719,13.050000190734863,13.838500022888184,-1.8927261186582722
2016-07-27,11.768917083740234,107.85063934326172,12.829999923706055,13.542500019073486,-1.821801193753276
2016-07-28,11.809138298034668,109.15612030029297,12.720000267028809,13.346500062942505,-1.9218784933004927
2016-07-29,11.656293869018555,109.37767028808594,11.869999885559082,13.158500051498413,-2.0163380580571992
2016-08-01,11.527585983276367,109.79703521728516,12.4399995803833,13.042000007629394,-2.117207608220873
2016-08-02,11.36669921875,108.57064056396484,13.369999885559082,12.931500005722047,-2.0829250123273413
2016-08-03,11.648250579833984,108.44403839111328,12.859999656677246,12.82649998664856,-1.934711939097035
2016-08-04,11.648250579833984,107.6449203491211,12.420000076293945,12.709499979019165,-1.8615056854642387
2016-08-05,12.106781959533691,108.32533264160156,11.390000343322754,12.619000005722047,-1.701347470591847
2016-08-08,12.171135902404785,107.77152252197266,11.5,12.517000007629395,-1.6193875702189695
2016-08-09,12.219399452209473,107.69235229492188,11.65999984741211,12.422499990463256,-1.5887162949782765
2016-08-10,11.913714408874512,107.28886413574219,12.050000190734863,12.373000001907348,-1.700078641125514
2016-08-11,11.970027923583984,108.42819213867188,11.680000305175781,12.316000032424927,-1.7771265116774688
2016-08-12,11.994159698486328,108.05634307861328,11.550000190734863,12.260000038146973,-1.7313525689948248
2016-08-15,12.082647323608398,108.44403839111328,11.8100004196167,12.228500080108642,-1.723932643830397
2016-08-16,12.203312873840332,107.78731536865234,12.640000343322754,12.26200008392334,-1.6052213272129896
2016-08-17,12.187222480773926,107.72403717041016,12.1899995803833,12.283000040054322,-1.6072319156585133
2016-08-18,12.195269584655762,106.6558837890625,11.430000305175781,12.217500066757202,-1.505475014522669
2016-08-19,12.243534088134766,107.17810821533203,11.34000015258789,12.183500051498413,-1.5298963256375058
2016-08-22,12.211358070373535,107.0831527709961,12.270000457763672,12.153500080108643,-1.5368101144560415
2016-08-23,12.348112106323242,107.77938079833984,12.380000114440918,12.120000076293945,-1.5342345313241692
2016-08-24,12.388331413269043,106.86161041259766,13.449999809265137,12.1510000705719,-1.430643344414155
2016-08-25,12.49290943145752,107.15434265136719,13.630000114440918,12.196500062942505,-1.406716536036127
2016-08-26,12.702066421508789,106.30776977539062,13.649999618530273,12.285500049591064,-1.2276752173488172
2016-08-29,12.742287635803223,107.00401306152344,12.9399995803833,12.310500049591065,-1.271940978281215
2016-08-30,13.023839950561523,106.6461181640625,13.119999885559082,12.298000049591064,-1.102538990824147
2016-08-31,13.044044494628906,106.66204071044922,13.420000076293945,12.326000070571899,-1.0941939266909264
2016-09-01,12.9147367477417,106.74952697753906,13.479999542236328,12.379000043869018,-1.164951533670225
2016-09-02,12.930899620056152,107.48119354248047,11.979999542236328,12.408500003814698,-1.2241360401496335
2016-09-06,12.753098487854004,106.6461181640625,12.020000457763672,12.434500026702882,-1.2339089781152695
2016-09-07,12.688443183898926,105.6043472290039,11.9399995803833,12.44850001335144,-1.1698458226315402
2016-09-08,12.81775188446045,104.38756561279297,12.510000228881836,12.471500015258789,-0.9956343487671292
2016-09-09,12.720772743225098,101.58821868896484,17.5,12.7625,-0.7862460164030297
2016-09-12,12.850079536437988,102.26420593261719,15.15999984741211,12.942999982833863,-0.7854297726766908
2016-09-13,12.704607009887695,99.98176574707031,17.850000381469727,13.244999980926513,-0.6469247583329167
2016-09-14,12.631871223449707,100.41120147705078,18.139999389648438,13.519999933242797,-0.7215579321173439
2016-09-15,12.664198875427246,100.96790313720703,16.299999237060547,13.72549991607666,-0.7568705886783947
2016-09-16,12.518726348876953,100.29193115234375,15.369999885559082,13.922499895095825,-0.7655322160226007
2016-09-19,12.599544525146484,100.43506622314453,15.529999732971191,14.13199987411499,-0.7394298109636155
2016-09-20,12.607626914978027,100.86453247070312,15.920000076293945,14.314499855041504,-0.7748509417272997
2016-09-21,12.648036003112793,101.88246154785156,13.300000190734863,14.360499858856201,-0.8484947947628373
2016-09-22,12.607626914978027,102.39144897460938,12.020000457763672,14.288999891281128,-0.9147299470647302
2016-09-23,12.542970657348633,101.62796783447266,12.289999961853027,14.221999883651733,-0.8761610515370611
2016-09-26,12.195454597473145,99.76702117919922,14.5,14.26449990272522,-0.8743047295833032
2016-09-27,12.357090950012207,100.85657501220703,13.100000381469727,14.272499942779541,-0.8956877832877689
2016-09-28,12.429828643798828,102.00971221923828,12.390000343322754,14.235999965667725,-0.9660313090096455
2016-09-29,12.252025604248047,101.73931884765625,14.020000457763672,14.26599998474121,-1.0275350196738449
2016-09-30,12.648036003112793,102.33573913574219,13.289999961853027,14.256500005722046,-0.8900190156181921
2016-10-03,12.631871223449707,102.1926040649414,13.569999694824219,14.336000013351441,-0.8847501050110148
2016-10-04,12.769264221191406,101.95402526855469,13.630000114440918,14.416499996185303,-0.7962279413289538
2016-10-05,13.019798278808594,101.46099090576172,12.989999771118164,14.469000005722046,-0.629496760215716
2016-10-06,13.108696937561035,103.53665924072266,12.84000015258789,14.485500001907349,-0.7765105935736246
2016-10-07,13.035962104797363,102.04151153564453,13.479999542236328,14.284499979019165,-0.6748345045602899
2016-10-10,13.17335319519043,101.19853973388672,13.380000114440918,14.195499992370605,-0.530945541801248
2016-10-11,13.019798278808594,100.08516693115234,15.359999656677246,14.070999956130981,-0.503459161830071
2016-10-12,12.955143928527832,100.75318145751953,15.90999984741211,13.959499979019165,-0.5960269566964402
2016-10-13,12.793506622314453,100.43506622314453,16.690000534057617,13.979000043869018,-0.6453149384756793
2016-10-14,12.930899620056152,100.5384292602539,16.1200008392334,14.016500091552734,-0.5881176595730604
2016-10-17,12.971304893493652,99.52051544189453,16.209999084472656,14.050500059127808,-0.4752622166561436
2016-10-18,13.141024589538574,99.9976806640625,15.279999732971191,14.01850004196167,-0.4366228536228627
2016-10-19,13.310744285583496,100.11695861816406,14.40999984741211,14.074000024795533,-0.3651978635091273
2016-10-20,13.383479118347168,100.40326690673828,13.75,14.160500001907348,-0.35613361095128404
2016-10-21,13.47237777709961,100.6816177368164,13.34000015258789,14.213000011444091,-0.3384973247935543
2016-10-24,13.553199768066406,101.62001037597656,13.020000457763672,14.139000034332275,-0.38524566898928464
2016-10-25,13.512787818908691,98.0889892578125,13.460000038146973,14.157000017166137,-0.08138183051137035
2016-10-26,13.63401985168457,97.58799743652344,14.239999771118164,14.249499988555907,0.023338006304130604
2016-10-27,13.666342735290527,97.23009490966797,15.359999656677246,14.316499948501587,0.07180883807830175
2016-10-28,13.480461120605469,98.27986145019531,16.190000534057617,14.461499977111817,-0.11455306293139314
2016-10-31,13.334988594055176,97.03128814697266,17.059999465942383,14.635999965667725,-0.07075936435430041
2016-11-01,13.42388916015625,95.3453140258789,18.559999465942383,14.882499933242798,0.12682732038226066
2016-11-02,13.31882381439209,95.66341400146484,19.31999969482422,15.198999929428101,0.04670643660649885
2016-11-03,13.31882381439209,95.57597351074219,22.079999923706055,15.66099991798401,0.05471675599018058
2016-11-04,13.375393867492676,96.156494140625,22.510000228881836,16.112499952316284,0.028985042761335355
2016-11-07,13.747163772583008,98.4150619506836,18.709999084472656,16.37899990081787,0.002471643374025529
2016-11-08,13.739076614379883,98.81269836425781,18.739999771118164,16.547999906539918,-0.037879430902958
2016-11-09,14.523015022277832,100.22032928466797,14.380000114440918,16.471499919891357,0.2135541276530765
2016-11-10,15.161480903625488,102.6141128540039,14.739999771118164,16.373999881744385,0.3040607975186115
2016-11-11,15.371606826782227,103.26624298095703,14.170000076293945,16.276499843597414,0.34627786478288536
2016-11-14,16.22827911376953,101.53254699707031,14.479999542236328,16.189999866485596,0.920776797529326
2016-11-15,16.29293441772461,98.93199920654297,13.369999885559082,16.09449987411499,1.190382129584679
2016-11-16,15.96157455444336,99.67162322998047,13.720000267028809,16.059999895095824,0.9618426222105353
2016-11-17,16.22827911376953,102.53456115722656,13.350000381469727,16.03999991416931,0.8289834717658602
2016-11-18,16.163623809814453,102.05741119384766,12.850000381469727,16.015499925613405,0.8413223713985575
2016-11-21,16.430328369140625,101.96995544433594,12.420000076293945,15.985499906539918,0.9787452775057253
2016-11-22,16.40607261657715,104.16490173339844,12.40999984741211,15.932999897003175,0.7658994086203552
2016-11-23,16.61620330810547,104.34781646728516,12.430000305175781,15.842499923706054,0.8511030538448459
2016-11-25,16.85865592956543,104.63410186767578,12.34000015258789,15.691499948501587,0.9425203793336391
2016-11-28,16.40607261657715,103.89449310302734,13.149999618530273,15.53949990272522,0.7906712217183222
2016-11-29,16.39799690246582,103.63066101074219,12.899999618530273,15.331499910354614,0.8109220436783319
2016-11-30,17.132112503051758,103.45478820800781,13.329999923706055,15.069999933242798,1.18324332294272
2016-12-01,17.44036293029785,103.51074981689453,14.069999694824219,14.807499933242799,1.327686946436137
2016-12-02,17.221336364746094,103.83053588867188,14.119999885559082,14.40949993133545,1.1921149953784544
2016-12-05,17.716163635253906,103.67864227294922,12.140000343322754,13.890999937057495,1.4461313662100745
2016-12-06,17.975736618041992,102.92710876464844,11.789999961853027,13.544999980926514,1.6409292411466907
2016-12-07,18.30832290649414,105.90126037597656,12.220000267028809,13.219000005722046,1.529849268210058
2016-12-08,18.6165714263916,105.95718383789062,12.640000343322754,13.132000017166138,1.674295460812837
2016-12-09,18.73013687133789,106.64479064941406,11.75,12.982500028610229,1.6664091853656249
2016-12-12,18.340774536132812,107.59618377685547,12.640000343322754,12.90600004196167,1.390325628201783
2016-12-13,18.340774536132812,109.16316986083984,12.720000267028809,12.818000078201294,1.2467758962782696
2016-12-14,18.389442443847656,108.71544647216797,13.1899995803833,12.809000062942506,1.311406092187664
2016-12-15,18.78692054748535,108.60354614257812,12.789999961853027,12.762500047683716,1.5145226699242518
2016-12-16,18.381330490112305,108.0199203491211,12.199999809265137,12.705000019073486,1.3711863066990282
2016-12-19,18.23531723022461,108.28376770019531,11.710000038146973,12.648000001907349,1.2761665712278307
2016-12-20,18.42188262939453,109.61888122558594,11.449999809265137,12.599499988555909,1.2443842331142736
2016-12-21,18.35700225830078,109.39502716064453,11.270000457763672,12.542500019073486,1.2334097889191546
2016-12-22,18.28398895263672,108.27571868896484,11.430000305175781,12.492500019073486,1.3005205711950663
2016-12-23,18.33265495300293,107.97190856933594,11.4399995803833,12.447499990463257,1.3519661181585676
2016-12-27,18.340774536132812,108.13983917236328,11.989999771118164,12.389499998092651,1.3405220038546655
2016-12-28,18.113637924194336,107.98793029785156,12.949999809265137,12.392000007629395,1.2442262848422518
2016-12-29,17.8459529876709,108.01191711425781,13.369999885559082,12.394000005722045,1.1121419906549632
2016-12-30,17.92706871032715,107.19641876220703,14.039999961853027,12.392500019073486,1.2262080400681352
2017-01-03,18.27587890625,107.38030242919922,12.850000381469727,12.32900004386902,1.37861340894061
2017-01-04,18.6165714263916,108.33171081542969,11.850000381469727,12.314500045776366,1.4567678678401077
2017-01-05,18.39755630493164,107.05249786376953,11.670000076293945,12.308500051498413,1.467683868960804
2017-01-06,18.39755630493164,106.75672912597656,11.319999694824219,12.263500022888184,1.494778891345163
2017-01-09,18.29210662841797,107.38030242919922,11.5600004196167,12.20950002670288,1.3864874731258687
2017-01-10,18.608461380004883,108.81140899658203,11.489999771118164,12.196500015258788,1.4088881067378025
2017-01-11,18.713916778564453,108.49165344238281,11.260000228881836,12.127500009536742,1.4893499186929489
2017-01-12,18.592239379882812,107.98793029785156,11.539999961853027,12.068499994277953,1.4764547234513397
2017-01-13,18.66524314880371,107.96394348144531,11.229999542236328,11.970499992370605,1.5140752356304963
2017-01-17,17.886512756347656,108.6755142211914,11.869999885559082,11.924499988555908,1.071031181757172
2017-01-18,18.35700225830078,108.85938262939453,12.479999542236328,11.938499975204468,1.2824795475169601
2017-01-19,18.27587890625,108.2437744140625,12.779999732971191,11.991999959945678,1.2995117671216758
2017-01-20,18.3651065826416,108.41165161132812,11.539999961853027,11.996499967575073,1.3274280583513003
2017-01-23,18.300212860107422,110.38639068603516,11.770000457763672,12.021499967575073,1.1150366324517622
2017-01-24,18.6165714263916,110.37843322753906,11.069999694824219,12.003499937057494,1.2692700613292258
2017-01-25,18.95726776123047,109.91468811035156,10.8100004196167,11.971999979019165,1.4770669009624973
2017-01-26,19.014049530029297,110.69822692871094,10.630000114440918,11.903999996185302,1.4328396622150326
2017-01-27,18.949155807495117,110.59428405761719,10.579999923706055,11.785500001907348,1.41087381770625
2017-01-30,18.6165714263916,110.7061767578125,11.880000114440918,11.711000013351441,1.2392458662254697
2017-01-31,18.3651065826416,109.99466705322266,11.989999771118164,11.608500003814697,1.182409896009402
2017-02-01,18.56790542602539,109.88272857666016,11.8100004196167,11.556500005722047,1.291067111826105
2017-02-02,18.430004119873047,109.4909896850586,11.930000305175781,11.560500001907348,1.260040959122503
2017-02-03,18.89237403869629,110.31446075439453,10.970000267028809,11.525500011444091,1.4089562770567399
2017-02-06,18.754470825195312,109.12322235107422,11.369999885559082,11.528000020980835,1.4511703984845534
2017-02-07,18.576007843017578,109.25113677978516,11.289999961853027,11.514499998092651,1.3528579644973528
2017-02-08,18.389442443847656,110.23452758789062,11.449999809265137,11.5125,1.1722448774450367
2017-02-09,18.754470825195312,110.89812469482422,10.880000114440918,11.493499994277954,1.2885737052274686
2017-02-10,18.722023010253906,111.80950164794922,10.850000381469727,11.45900001525879,1.1893391198149028
2017-02-13,18.98159408569336,111.8255386352539,11.069999694824219,11.451000022888184,1.3138198488420487
2017-02-14,19.516979217529297,113.01677703857422,10.739999771118164,11.394500017166138,1.464473099991463
2017-02-15,19.938796997070312,113.68033599853516,11.970000267028809,11.369000053405761,1.6083609450633332
2017-02-16,19.938796997070312,113.16063690185547,11.760000228881836,11.318000078201294,1.6559699613601282
2017-02-17,19.890121459960938,114.32791900634766,11.489999771118164,11.315500068664551,1.5254181451304718
2017-02-21,20.101030349731445,115.94291687011719,11.569999694824219,11.305500030517578,1.4798079573428087
2017-02-22,20.109140396118164,116.12679290771484,11.739999771118164,11.339000034332276,1.4668984732906765
2017-02-23,19.938796997070312,115.69507598876953,11.710000038146973,11.384000015258788,1.4237930101916092
2017-02-24,19.65488052368164,116.68645477294922,11.470000267028809,11.426000022888184,1.195211172953259
2017-02-27,19.930683135986328,116.16678619384766,12.09000015258789,11.501500034332276,1.3766431671004449
2017-02-28,20.01991844177246,115.85498809814453,12.920000076293945,11.553500032424926,1.4485056435171233
2017-03-01,20.748130798339844,117.27008819580078,12.539999961853027,11.58100004196167,1.6722153973010103
2017-03-02,20.528444290161133,118.28545379638672,11.8100004196167,11.58100004196167,1.4726020133429991
2017-03-03,20.699310302734375,118.17347717285156,10.960000038146973,11.53250002861023,1.5657681794955094
2017-03-06,20.544719696044922,117.62983703613281,11.239999771118164,11.546000003814697,1.5405594866077998
2017-03-07,20.51216697692871,117.452880859375,11.449999809265137,11.55,1.5409749032180853
2017-03-08,20.552852630615234,118.17681884765625,11.859999656677246,11.57849998474121,1.4943974202318422
2017-03-09,20.62608528137207,117.93550872802734,12.300000190734863,11.621000003814697,1.55203772054341
2017-03-10,20.59353256225586,118.12049865722656,11.65999984741211,11.659999990463257,1.5192956847602574
2017-03-13,20.58540153503418,118.5870361328125,11.350000381469727,11.684999990463258,1.4726113798622282
2017-03-14,20.601673126220703,118.36986541748047,12.300000190734863,11.746500015258789,1.5004014813086546
2017-03-15,20.48776626586914,119.00531005859375,11.630000114440918,11.791000032424927,1.3869189237483976
2017-03-16,20.520309448242188,119.63272094726562,11.210000038146973,11.753000020980835,1.3452332591472023
2017-03-17,20.22739028930664,120.33252716064453,11.279999732971191,11.728999996185303,1.1389937282512261
2017-03-20,19.885662078857422,118.8846435546875,11.34000015258789,11.721500015258789,1.1058182331274615
2017-03-21,18.73027801513672,117.9274673461914,12.470000267028809,11.76650004386902,0.632885075098939
2017-03-22,18.665178298950195,118.53072357177734,12.8100004196167,11.820000076293946,0.5460336093809981
2017-03-23,18.770957946777344,119.0374984741211,13.119999885559082,11.89050006866455,0.5509352822065728
2017-03-24,18.811643600463867,118.812255859375,12.960000038146973,11.96500005722046,0.5913111056371442
2017-03-27,18.738407135009766,118.13658905029297,12.5,11.985500049591064,0.6176721204512672
2017-03-28,19.104549407958984,118.40204620361328,11.529999732971191,11.916000032424927,0.7710145618095076
2017-03-29,18.998779296875,118.27334594726562,11.420000076293945,11.860000038146973,0.7314825476624305
2017-03-30,19.4218807220459,118.20093536376953,11.539999961853027,11.846500015258789,0.9434145418987064
2017-03-31,19.194055557250977,118.10442352294922,12.369999885559082,11.917000007629394,0.8417098648107588
2017-04-03,19.194055557250977,117.93550872802734,12.380000114440918,11.974000024795533,0.8571839483248236
2017-04-04,19.072010040283203,117.71027374267578,11.789999961853027,11.991000032424926,0.8185981644954903
2017-04-05,18.852319717407227,117.95159149169922,12.890000343322754,12.042500066757203,0.6898925328559227
2017-04-06,18.925552368164062,118.43421936035156,12.390000343322754,12.047000074386597,0.6812137348620464
2017-04-07,18.84418296813965,118.34574127197266,12.869999885559082,12.107500076293945,0.6498368021842984
2017-04-10,18.73027801513672,119.21443939208984,14.050000190734863,12.242500066757202,0.5149870962528041
2017-04-11,18.64891242980957,119.20641326904297,15.069999694824219,12.38100004196167,0.47624190567156843
2017-04-12,18.429229736328125,117.87112426757812,15.770000457763672,12.588000059127808,0.49197104573222344
2017-04-13,18.176986694335938,117.36439514160156,15.960000038146973,12.825500059127808,0.4159977705115107
2017-04-17,18.55940818786621,118.49051666259766,14.65999984741211,12.994500064849854,0.4983948249231876
2017-04-18,18.478038787841797,118.85247039794922,14.420000076293945,13.148500061035156,0.425754368461031
2017-04-19,18.502450942993164,118.41813659667969,14.930000305175781,13.271500062942504,0.47738851093650203
2017-04-20,18.770957946777344,119.62466430664062,14.149999618530273,13.338500022888184,0.4971457184610504
2017-04-21,18.478038787841797,120.65428161621094,14.630000114440918,13.414000034332275,0.26069258520601923
2017-04-24,19.226600646972656,122.17447662353516,10.84000015258789,13.30800004005432,0.48464876615134755
2017-04-25,19.51137924194336,123.09149169921875,10.760000228881836,13.221000051498413,0.5388232322984894
2017-04-26,19.438148498535156,124.04865264892578,10.850000381469727,13.18700008392334,0.41560561411784663
2017-04-27,19.242876052856445,125.57691955566406,10.359999656677246,13.134000062942505,0.18085221624705672
2017-04-28,18.990642547607422,125.56084442138672,10.819999694824219,13.098000049591064,0.05993533970784507
2017-05-01,19.210323333740234,124.04065704345703,10.109999656677246,12.985000038146973,0.30579206995988323
2017-05-02,19.145235061645508,124.63582611083984,10.59000015258789,12.895500040054321,0.21968701212552846
2017-05-03,19.340513229370117,124.67608642578125,10.680000305175781,12.84000005722046,0.31075227274936285
2017-05-04,19.40560531616211,124.56346893310547,10.460000038146973,12.71850004196167,0.352653205583335
2017-05-05,19.316099166870117,125.26324462890625,10.569999694824219,12.627500009536742,0.24511714304685808
2017-05-08,19.495101928710938,126.1963119506836,9.770000457763672,12.472500038146972,0.24649621394840743
2017-05-09,19.51137924194336,126.83171081542969,9.960000038146973,12.268000030517578,0.1961862063830534
2017-05-10,19.649696350097656,127.19368743896484,10.210000038146973,12.025000047683715,0.23014060177397141
2017-05-11,19.58460807800293,125.64127349853516,10.600000381469727,11.76650004386902,0.34077306969421756
2017-05-12,19.527650833129883,126.22039794921875,10.399999618530273,11.488500022888184,0.26008320161539183
2017-05-15,19.576465606689453,126.55018615722656,10.420000076293945,11.276500034332276,0.2535577473429991
2017-05-16,19.51951789855957,127.29830932617188,10.649999618530273,11.088000011444091,0.15739073507995194
2017-05-17,18.364131927490234,125.55281829833984,15.59000015258789,11.121000003814697,-0.24332676518714674
2017-05-18,18.502450942993164,125.23912048339844,14.65999984741211,11.14650001525879,-0.14747371241100782
2017-05-19,18.754680633544922,125.72174835205078,12.039999961853027,11.017000007629395,-0.06929902809061128
2017-05-22,18.74654769897461,125.44825744628906,10.930000305175781,11.02150001525879,-0.04819113839616554
2017-05-23,19.031326293945312,124.5393295288086,10.720000267028809,11.019500017166138,0.17325579421082132
2017-05-24,19.006914138793945,124.67608642578125,10.020000457763672,10.978000020980835,0.14888231810312713
2017-05-25,18.917417526245117,125.85041046142578,9.989999771118164,10.95950002670288,-0.0021219261358507244
2017-05-26,18.909278869628906,124.59558868408203,9.8100004196167,10.909000062942505,0.10888174138098315
2017-05-30,18.640769958496094,124.490478515625,10.380000114440918,10.922500085830688,-0.011775942965793299
2017-05-31,18.29383087158203,124.19115447998047,10.40999984741211,10.9135000705719,-0.15269805178673448
2017-06-01,18.473426818847656,125.51787567138672,9.890000343322754,10.874000072479248,-0.1870933165894492
2017-06-02,18.326488494873047,125.6797103881836,9.75,10.8385000705719,-0.2732166583130739
2017-06-05,18.29383087158203,125.22661590576172,10.069999694824219,10.8135000705719,-0.24755544178351738
2017-06-06,18.146892547607422,124.74932098388672,10.449999809265137,10.847500038146972,-0.27512887726774843
2017-06-07,18.448932647705078,125.36417388916016,10.390000343322754,10.869000053405761,-0.18489801451268617
2017-06-08,18.750974655151367,124.18303680419922,10.15999984741211,10.866500043869019,0.06986228120900008
2017-06-09,19.322399139404297,123.74617004394531,10.699999809265137,10.871500015258789,0.38715143352414333
2017-06-12,19.412200927734375,123.11514282226562,11.460000038146973,10.924500036239625,0.4885329809557415
2017-06-13,19.404037475585938,124.5794448852539,10.420000076293945,10.924500036239625,0.35042891528072445
2017-06-14,19.3958740234375,126.82040405273438,10.640000343322754,10.924000072479249,0.1411762157500294
2017-06-15,19.21628189086914,126.8284912109375,10.899999618530273,10.689500045776366,0.05329312578246433
2017-06-16,19.126482009887695,126.72331237792969,10.380000114440918,10.475500059127807,0.019355465121841813
2017-06-19,19.518320083618164,128.47882080078125,10.369999885559082,10.39200005531311,0.04866427521177686
2017-06-20,19.175464630126953,127.55662536621094,10.859999656677246,10.388500022888184,-0.03321585248246793
2017-06-21,18.8815860748291,126.68292236328125,10.75,10.390000009536744,-0.09577359624914178
2017-06-22,18.71831703186035,125.78482818603516,10.479999542236328,10.412999963760376,-0.0927221529168637
2017-06-23,18.628530502319336,122.41131591796875,10.020000457763672,10.414499998092651,0.17275480461101234
2017-06-26,18.6856689453125,122.5002670288086,9.899999618530273,10.41899995803833,0.19233098637339702
2017-06-27,18.99587059020996,123.16366577148438,11.0600004196167,10.45299997329712,0.2820747920163444
2017-06-28,19.49382972717285,123.96460723876953,10.029999732971191,10.433999967575073,0.45032272753173314
2017-06-29,19.85300636291504,123.09895324707031,11.4399995803833,10.511499929428101,0.7039050284858962
2017-06-30,19.804033279418945,124.10211181640625,11.180000305175781,10.58299994468689,0.5882439978070538
2017-07-03,20.146896362304688,124.59558868408203,11.220000267028809,10.64049997329712,0.7094022256029684
2017-07-05,20.34280776977539,123.52771759033203,11.069999694824219,10.671499967575073,0.9022893494447268
2017-07-06,20.1713809967041,123.00996398925781,12.539999961853027,10.778999948501587,0.8665399264893647
2017-07-07,20.269338607788086,123.15558624267578,11.1899995803833,10.830499935150147,0.9007309318454338
2017-07-10,20.318315505981445,122.30612182617188,11.109999656677246,10.850999927520752,1.002314074912791
2017-07-11,20.081584930419922,121.83692169189453,10.890000343322754,10.82249994277954,0.9304298190304402
2017-07-12,19.877504348754883,123.44680786132812,10.300000190734863,10.816499948501587,0.6839254673037414
2017-07-13,20.097915649414062,124.01309204101562,9.899999618530273,10.779499912261963,0.7389974815456445
2017-07-14,19.763216018676758,123.68147277832031,9.510000228881836,10.709999942779541,0.6069727658329833
2017-07-17,19.608116149902344,124.49852752685547,9.819999694824219,10.681999921798706,0.4568653267647734
2017-07-18,19.510154724121094,123.10704803466797,9.890000343322754,10.657999944686889,0.5368039706825782
2017-07-19,19.640764236450195,124.02118682861328,9.789999961853027,10.604499959945679,0.5164355433514201
2017-07-20,19.542810440063477,118.94873809814453,9.579999923706055,10.54599995613098,0.9335871042765714
2017-07-21,19.428524017333984,118.64132690429688,9.359999656677246,10.489999961853027,0.906294276251796
2017-07-24,19.518320083618164,116.96664428710938,9.430000305175781,10.460499954223632,1.1032810770354282
2017-07-25,19.983625411987305,118.90020751953125,9.430000305175781,10.436999988555907,1.15192650012188
2017-07-26,19.763216018676758,118.67366027832031,9.600000381469727,10.36399998664856,1.065732514400979
2017-07-27,19.681589126586914,119.51504516601562,10.109999656677246,10.367999982833862,0.9490469990670316
2017-07-28,19.61627960205078,119.79821014404297,10.289999961853027,10.310500001907348,0.8914169080935288
2017-07-31,19.68974494934082,121.02790832519531,10.260000228881836,10.264499998092651,0.814412796790208
2017-08-01,19.95913314819336,121.23014068603516,10.09000015258789,10.207999992370606,0.926599883209729
2017-08-02,20.07341766357422,121.7560043334961,10.279999732971191,10.168499994277955,0.9338796162212043
2017-08-03,19.893829345703125,121.99063110351562,10.4399995803833,10.063499975204468,0.8252453527617445
2017-08-04,20.383623123168945,123.57632446289062,10.029999732971191,10.005499982833863,0.9176410802471654
2017-08-07,20.375457763671875,124.0616683959961,9.930000305175781,9.946500015258788,0.8692172793276748
2017-08-08,20.326480865478516,124.0616683959961,10.960000038146973,9.95,0.8454525613975994
2017-08-09,20.195871353149414,125.60693359375,11.109999656677246,9.99049997329712,0.6405179134121272
2017-08-10,19.68974494934082,124.490478515625,16.040000915527344,10.297500038146973,0.49721085882616456
2017-08-11,19.47750473022461,125.29945373535156,15.510000228881836,10.597500038146972,0.3201177630368816
2017-08-14,19.93464469909668,124.7978515625,12.329999923706055,10.723000049591064,0.5878837730508684
2017-08-15,19.975460052490234,121.48902130126953,12.039999961853027,10.830500030517578,0.9108063275073316
2017-08-16,19.746891021728516,123.1717529296875,11.739999771118164,10.928000020980836,0.6457463309351855
2017-08-17,19.29791259765625,121.08448791503906,15.550000190734863,11.226500034332275,0.6191035349951874
2017-08-18,19.28158950805664,119.32087707519531,14.260000228881836,11.471500062942505,0.7727454883481902
2017-08-21,19.085664749145508,120.70428466796875,13.1899995803833,11.659500026702881,0.550945962594568
2017-08-22,19.453012466430664,121.2786865234375,11.350000381469727,11.755500030517577,0.6765712564690591
2017-08-23,19.3958740234375,120.6233901977539,12.25,11.888000011444092,0.7088772864237484
2017-08-24,19.4611759185791,119.93572998046875,12.229999542236328,11.994000005722047,0.8035590033414031
2017-08-25,19.404037475585938,121.06835174560547,11.279999732971191,12.043499994277955,0.6720759829263154
2017-08-28,19.36322021484375,122.47603607177734,11.319999694824219,12.096499967575074,0.5233142215268887
2017-08-29,19.248937606811523,121.93894958496094,11.699999809265137,12.176999950408936,0.5170635249736562
2017-08-30,19.58534049987793,122.06912994384766,11.220000267028809,12.223999977111816,0.6683682812156297
2017-08-31,19.60174560546875,121.96331024169922,10.59000015258789,12.231500005722046,0.6860224330076647
2017-09-01,19.765844345092773,122.70391082763672,10.130000114440918,12.236500024795532,0.6978013782147797
2017-09-05,19.12586212158203,124.45352935791016,12.229999542236328,12.351499986648559,0.2269868046232401
2017-09-06,19.20790672302246,127.40764617919922,11.630000114440918,12.384999990463257,-0.003826396360136291
2017-09-07,18.846885681152344,128.52247619628906,11.550000190734863,12.407000017166137,-0.2811303650085667
2017-09-08,18.7812442779541,129.93038940429688,12.119999885559082,12.210999965667725,-0.44195833910792254
2017-09-11,19.166881561279297,128.880615234375,10.729999542236328,11.97199993133545,-0.15866969250591514
2017-09-12,19.65097999572754,130.1338348388672,10.579999923706055,11.88449993133545,-0.03857995114303991
2017-09-13,19.9627685546875,130.22332763671875,10.5,11.807499933242799,0.10450870291736984
2017-09-14,19.88892364501953,129.70254516601562,10.4399995803833,11.742499923706054,0.11638571652589272
2017-09-15,20.00379753112793,128.90496826171875,10.170000076293945,11.47349991798401,0.2451902410803134
2017-09-18,20.26634979248047,128.4248809814453,10.149999618530273,11.26799988746643,0.4165668643421761
2017-09-19,20.397626876831055,128.30276489257812,10.180000305175781,11.117499923706054,0.4914524359681946
2017-09-20,20.561729431152344,129.1328582763672,9.779999732971191,11.038999891281128,0.49503490335474076
2017-09-21,20.64377784729004,129.54791259765625,9.670000076293945,10.909999895095826,0.49682404989408774
2017-09-22,20.528915405273438,130.18264770507812,9.59000015258789,10.777999925613404,0.382942821660436
2017-09-25,20.315582275390625,131.1022491455078,10.210000038146973,10.724499940872192,0.19518508388191208
2017-09-26,20.356605529785156,131.2324676513672,10.170000076293945,10.666999959945679,0.20316134834760538
2017-09-27,20.848907470703125,130.95574951171875,9.869999885559082,10.575499963760375,0.46738739736984
2017-09-28,20.881731033325195,132.12762451171875,9.550000190734863,10.491999959945678,0.37596006987502867
2017-09-29,20.791471481323242,133.10415649414062,9.510000228881836,10.437999963760376,0.2427051246690462
2017-10-02,21.02121353149414,133.47848510742188,9.449999809265137,10.403999948501587,0.3198894544615678
2017-10-03,21.218130111694336,134.41436767578125,9.510000228881836,10.267999982833862,0.3297028208245231
2017-10-04,21.095050811767578,134.51206970214844,9.630000114440918,10.167999982833862,0.26103154606264645
2017-10-05,21.439668655395508,135.18751525878906,9.1899995803833,10.049999952316284,0.366371288921014
2017-10-06,21.505311965942383,134.9677734375,9.649999618530273,9.926499938964843,0.418353220571861
2017-10-09,21.209924697875977,134.85382080078125,10.329999923706055,9.90649995803833,0.28546358699063346
2017-10-10,21.275569915771484,134.40625,10.079999923706055,9.88149995803833,0.35831758604135777
2017-10-11,21.19351577758789,134.47946166992188,9.850000381469727,9.848999977111816,0.3117961961532341
2017-10-12,20.881731033325195,133.94236755371094,9.90999984741211,9.822499990463257,0.20971361762469878
2017-10-13,21.19351577758789,133.8447265625,9.609999656677246,9.794499969482422,0.3699435246101483
2017-10-16,21.529922485351562,133.64129638671875,9.90999984741211,9.782499980926513,0.5518117962311662
2017-10-17,21.497102737426758,132.9332733154297,10.3100004196167,9.788999986648559,0.6007480510604168
2017-10-18,21.72684669494629,133.0146484375,10.069999694824219,9.803499984741212,0.7047704273348395
2017-10-19,21.80889129638672,132.84376525878906,10.050000190734863,9.822499990463257,0.7602347605592615
2017-10-20,22.29298973083496,132.99839782714844,9.970000267028809,9.841499996185302,0.9809647540234986
2017-10-23,22.28478240966797,134.064453125,11.069999694824219,9.884499979019164,0.8793223147087448
2017-10-24,22.711444854736328,135.1142578125,11.15999984741211,9.933999967575073,0.990177391134076
2017-10-25,22.670413970947266,135.14678955078125,11.229999542236328,10.001999950408935,0.9672880683636339
2017-10-26,22.76067352294922,136.43252563476562,11.300000190734863,10.089499950408936,0.8932993259639123
2017-10-27,22.80990219116211,136.18032836914062,9.800000190734863,10.103999948501587,0.9402897001283931
2017-10-30,22.64579963684082,134.5283203125,10.5,10.15649995803833,1.0120018586212562
2017-10-31,22.47348976135254,134.9108123779297,10.180000305175781,10.189999961853028,0.8933534989853965
2017-11-01,22.588369369506836,134.5852813720703,10.199999809265137,10.218499946594239,0.9789172365401202
2017-11-02,22.86734390258789,132.41246032714844,9.930000305175781,10.255499982833863,1.3133316513389055
2017-11-03,22.82631492614746,133.77960205078125,9.140000343322754,10.230000019073486,1.1681812202225312
2017-11-06,22.768877029418945,133.64129638671875,9.399999618530273,10.183500003814697,1.1529810485530416
2017-11-07,22.301191329956055,133.18556213378906,9.890000343322754,10.174000024795532,0.9677984590475555
2017-11-08,21.981201171875,133.50296020507812,9.779999732971191,10.170499992370605,0.7834554116731585
2017-11-09,21.73505210876465,132.86819458007812,10.5,10.2,0.7221683466577032
2017-11-10,21.75145721435547,133.55172729492188,11.289999961853027,10.284000015258789,0.667510862111341
2017-11-13,21.66120147705078,134.5608673095703,11.5,10.363500022888184,0.5312705848246654
2017-11-14,21.529922485351562,136.76625061035156,11.59000015258789,10.427500009536743,0.265538455541936
2017-11-15,21.981201171875,134.65847778320312,13.130000114440918,10.580500030517578,0.6775998203133528
2017-11-16,21.956586837768555,136.31051635742188,11.760000228881836,10.666000032424927,0.5143150896231211
2017-11-17,21.841716766357422,136.5058135986328,11.430000305175781,10.739000034332275,0.4406865398401444
2017-11-20,21.940176010131836,138.71121215820312,10.649999618530273,10.718000030517578,0.2864272906974713
2017-11-21,21.931970596313477,140.67247009277344,9.729999542236328,10.64650001525879,0.10277732776618784
2017-11-22,21.874530792236328,140.0214080810547,9.880000114440918,10.57900004386902,0.13454922992131257
2017-11-24,21.817096710205078,140.2411651611328,9.670000076293945,10.497500038146972,0.08654920699574654
2017-11-27,21.817096710205078,141.7304229736328,9.869999885559082,10.501000022888183,-0.04987993040015698
2017-11-28,22.67862319946289,143.69161987304688,10.029999732971191,10.477500009536744,0.18848962936612534
2017-11-29,23.203744888305664,144.97576904296875,10.699999809265137,10.503499984741211,0.3256513769675955
2017-11-30,23.21198272705078,147.07778930664062,11.279999732971191,10.557499980926513,0.137084988933632
2017-12-01,23.154306411743164,147.56857299804688,11.430000305175781,10.632499980926514,0.06413900325011705
2017-12-04,23.94533920288086,151.23280334472656,11.680000305175781,10.759499979019164,0.11229052956813697
2017-12-05,23.838220596313477,149.55609130859375,11.329999923706055,10.855999994277955,0.21391571286179556
2017-12-06,23.599258422851562,147.87933349609375,11.020000457763672,10.9125,0.2515715573818434
2017-12-07,23.71462631225586,148.86087036132812,10.15999984741211,10.931500005722047,0.21763328673683482
2017-12-08,23.93709373474121,150.01414489746094,9.579999923706055,10.88550000190735,0.21992949000781237
2017-12-11,23.846460342407227,149.06532287597656,9.34000015258789,10.788000011444092,0.26287253981983116
2017-12-12,24.159574508666992,148.69729614257812,9.920000076293945,10.70900001525879,0.44851722928607973
2017-12-13,23.76405906677246,149.70327758789062,10.180000305175781,10.638500022888184,0.16444727228578152
2017-12-14,23.673418045043945,148.9672088623047,10.489999771118164,10.506500005722046,0.18789654367782127
2017-12-15,23.928861618041992,149.33526611328125,9.420000076293945,10.389499998092651,0.27812635576519
2017-12-18,24.291418075561523,151.0937957763672,9.529999732971191,10.294499969482422,0.29295027969313003
2017-12-19,24.266698837280273,152.11619567871094,10.029999732971191,10.263499975204468,0.18729509713990522
2017-12-20,24.291418075561523,153.2040252685547,9.720000267028809,10.263000011444092,0.09963466508960489
2017-12-21,24.571578979492188,153.8338165283203,9.619999885559082,10.25,0.17788075354580557
2017-12-22,24.621015548706055,153.87466430664062,9.899999618530273,10.261499977111816,0.1981264980300332
2017-12-26,24.53862190246582,155.69863891601562,10.25,10.280499982833863,-0.00894494011152336
2017-12-27,24.497417449951172,155.5595703125,10.470000267028809,10.302500009536743,-0.016198379151298115
2017-12-28,24.555095672607422,155.22422790527344,10.180000305175781,10.276500034332276,0.04250874080596361
2017-12-29,24.324377059936523,155.01980590820312,11.039999961853027,10.264500045776368,-0.050714382664654126
2018-01-02,24.637495040893555,153.79290771484375,9.770000457763672,10.181500053405761,0.21361235098338377
2018-01-03,24.555095672607422,154.59446716308594,9.149999618530273,10.055000019073486,0.10020037357854251
2018-01-04,24.87645721435547,155.82135009765625,9.220000267028809,9.949500036239623,0.14373910114877894
2018-01-05,24.9918155670166,157.44898986816406,9.220000267028809,9.85950002670288,0.05060748415537725
2018-01-08,24.81877899169922,157.07276916503906,9.520000457763672,9.827500057220458,0.0011112876187647268
2018-01-09,24.942373275756836,157.93975830078125,10.079999923706055,9.852500057220459,-0.01834176576104636
2018-01-10,25.173095703125,156.87646484375,9.819999694824219,9.876500034332276,0.19101711405719782
2018-01-11,25.26373291015625,159.23207092285156,9.880000114440918,9.874500036239624,0.019202100447269797
2018-01-12,25.700450897216797,160.6551971435547,10.15999984741211,9.87350001335144,0.10073681546124885
2018-01-16,25.741655349731445,160.56527709960938,11.65999984741211,9.932000017166137,0.1289676322151672
2018-01-17,25.692214965820312,163.4361114501953,11.90999984741211,10.056500005722047,-0.15801570093121006
2018-01-18,25.93940544128418,162.21742248535156,12.220000267028809,10.191000032424927,0.07356945243930371
2018-01-19,26.13716697692871,164.6711883544922,11.270000457763672,10.253000068664551,-0.055258673714382665
2018-01-22,26.318452835083008,167.23130798339844,11.029999732971191,10.31850004196167,-0.20182411915280257
2018-01-23,26.30196762084961,167.59117126464844,11.100000381469727,10.392500066757203,-0.24278977171154875
2018-01-24,26.442049026489258,168.67079162597656,11.470000267028809,10.47100009918213,-0.2737217880878107
2018-01-25,26.442049026489258,167.97560119628906,11.579999923706055,10.537500095367431,-0.21003621944275505
2018-01-26,26.532686233520508,169.49688720703125,11.079999923706055,10.568000078201294,-0.30542016364148417
2018-01-29,26.598608016967773,167.6074676513672,13.84000015258789,10.7510000705719,-0.10034591862195395
2018-01-30,26.26900863647461,165.0637969970703,14.789999961853027,10.9385000705719,-0.027252477825549192
2018-01-31,26.367887496948242,164.3194580078125,13.539999961853027,11.127000045776366,0.08891383016172241
2018-02-01,26.779890060424805,163.50157165527344,13.470000267028809,11.343000078201294,0.3637525501177498
2018-02-02,26.326690673828125,158.6513214111328,17.309999465942383,11.747500038146972,0.5881754375758047
2018-02-05,24.93413543701172,149.7687530517578,37.31999969482422,13.152500009536743,0.7261971204331071
2018-02-06,25.70869255065918,156.2548065185547,29.979999542236328,14.175499963760377,0.5078504082029479
2018-02-07,25.749887466430664,156.45925903320312,27.729999542236328,15.05799994468689,0.5091094774415984
2018-02-08,24.505659103393555,148.22286987304688,33.459999084472656,16.23999991416931,0.6599070642629751
2018-02-09,24.9918155670166,150.5948486328125,29.059999465942383,17.198999881744385,0.6785072127852764
2018-02-12,25.64276695251465,150.54576110839844,25.610000610351562,17.971499919891357,0.9988606527419338
2018-02-13,25.692214965820312,150.26766967773438,24.969999313354492,18.636999893188477,1.0483295918620978
2018-02-14,26.367887496948242,151.06101989746094,19.260000228881836,19.004499912261963,1.303503580458727
2018-02-15,26.540925979614258,151.53549194335938,19.1299991607666,19.349999856948852,1.3440000137994113
2018-02-16,26.343168258666992,152.9259490966797,19.459999084472656,19.7594997882843,1.1206652908311983
2018-02-20,26.310211181640625,152.71324157714844,20.600000381469727,20.237999820709227,1.1241596416806758
2018-02-21,26.260772705078125,149.72789001464844,20.020000457763672,20.683999824523926,1.3736554622031623
2018-02-22,26.112449645996094,151.6990203857422,18.719999313354492,21.04649977684021,1.1211127916027612
2018-02-23,26.392608642578125,154.05462646484375,16.489999771118164,21.291999769210815,1.041258111056312
2018-02-26,26.713964462280273,154.1446075439453,15.800000190734863,21.527999782562254,1.1889442893005737
2018-02-27,26.639808654785156,151.29823303222656,18.59000015258789,21.765499782562255,1.4137151697538828
2018-02-28,26.450284957885742,149.08172607421875,19.850000381469727,22.01849980354309,1.524805478078689
2018-03-01,26.036741256713867,146.9305877685547,22.469999313354492,22.464999771118165,1.52120778126113
2018-03-02,26.160804748535156,145.96542358398438,19.59000015258789,22.77099976539612,1.6698237854299203
2018-03-05,26.57435417175293,148.648193359375,18.729999542236328,22.841999769210815,1.624722131912421
2018-03-06,26.55781364440918,148.56640625,18.360000610351562,21.893999814987183,1.6241887072990238
2018-03-07,26.61570930480957,146.89657592773438,17.760000228881836,21.28299984931946,1.8052521841720415
2018-03-08,26.632246017456055,146.3701171875,16.540000915527344,20.723499917984007,1.8615044368524074
2018-03-09,27.06233787536621,149.84141540527344,14.640000343322754,19.782499980926513,1.752193400274162
2018-03-12,27.16158676147461,147.8260498046875,15.779999732971191,19.118499994277954,1.9849764897585942
2018-03-13,26.764583587646484,146.7073516845703,16.350000381469727,18.655499982833863,1.8948240196236994
2018-03-14,26.582622528076172,145.93417358398438,17.229999542236328,18.268499994277953,1.8773622531587835
2018-03-15,26.549537658691406,146.47703552246094,16.59000015258789,18.134999990463257,1.8115777765799648
2018-03-16,26.607433319091797,147.2091827392578,15.800000190734863,17.96850004196167,1.7725989471792776
2018-03-19,26.450288772583008,145.6791534423828,19.020000457763672,17.94650011062622,1.8365129620191538
2018-03-20,26.450288772583008,146.55108642578125,18.200000762939453,17.826500129699706,1.7566362181849928
2018-03-21,26.359315872192383,146.4358673095703,17.860000610351562,17.7185001373291,1.723049159922426
2018-03-22,25.267555236816406,144.19024658203125,23.34000015258789,17.949500179290773,1.3990204236206352
2018-03-23,24.12616729736328,141.31948852539062,24.8700008392334,18.368500232696533,1.1081794648858
2018-03-26,25.176570892333984,145.08689880371094,21.030000686645508,18.630000257492064,1.2727314823264075
2018-03-27,24.4156494140625,143.68849182128906,22.5,18.82550024986267,1.0316212736384032
2018-03-28,24.308130264282227,143.7542724609375,22.8700008392334,18.976500272750854,0.9734244220376302
2018-03-29,24.80438232421875,146.61688232421875,19.969999313354492,18.851500272750854,0.9519770541779188
2018-04-02,24.241962432861328,142.22433471679688,23.6200008392334,19.05300030708313,1.0814740453162162
2018-04-03,24.473552703857422,142.93174743652344,21.100000381469727,19.1715003490448,1.1290417354428526
2018-04-04,24.71340560913086,145.9588623046875,20.059999465942383,19.25650029182434,0.9681134902703221
2018-04-05,25.07732391357422,147.3489990234375,18.940000534057617,19.31550030708313,1.017346253252611
2018-04-06,24.50663185119629,143.49932861328125,21.489999771118164,19.56300024986267,1.0930970621429983
2018-04-09,24.705135345458984,141.90347290039062,21.770000457763672,19.919500255584715,1.3356099692959784
2018-04-10,25.209651947021484,142.70965576171875,20.469999313354492,20.15400023460388,1.5065595796421256
2018-04-11,24.72994613647461,142.1914520263672,20.239999771118164,20.348500204086303,1.3212673106688428
2018-04-12,25.350265502929688,142.60272216796875,18.489999771118164,20.411500215530396,1.584584571769169
2018-04-13,24.64723777770996,142.14202880859375,17.40999984741211,20.452500200271608,1.2856629141439255
2018-04-16,24.7547550201416,143.4828643798828,16.559999465942383,20.49050016403198,1.2150004017132068
2018-04-17,24.845741271972656,143.8777618408203,15.25,20.3020001411438,1.2229729377939937
2018-04-18,24.42392349243164,147.94125366210938,15.600000381469727,20.172000122070312,0.6460455913681088
2018-04-19,24.961524963378906,145.6627197265625,15.960000038146973,20.077000093460082,1.115635979469528
2018-04-20,25.02770233154297,145.6051025390625,16.8799991607666,19.75400004386902,1.1530250032380012
2018-04-23,25.07732391357422,146.13980102539062,16.34000015258789,19.32750000953674,1.1281194440525675
2018-04-24,24.969802856445312,144.98814392089844,18.020000457763672,19.17699999809265,1.1814496911044574
2018-04-25,24.928443908691406,145.91770935058594,17.84000015258789,18.944000005722046,1.0762249943010622
2018-04-26,24.87055206298828,152.76980590820312,16.239999771118164,18.612499952316284,0.4204221205782052
2018-04-27,24.93671989440918,153.3784942626953,15.40999984741211,18.384499979019164,0.39676705847049654
2018-04-30,24.746484756469727,152.01300048828125,15.930000305175781,17.999999952316283,0.42955185338406393
2018-05-01,24.771299362182617,151.87318420410156,15.489999771118164,17.719499921798707,0.45440087458859824
2018-05-02,24.46527671813965,152.9261016845703,15.970000267028809,17.51499996185303,0.20945512790589646
2018-05-03,24.150985717773438,150.68865966796875,15.899999618530273,17.36299991607666,0.26192330559876276
2018-05-04,24.23369598388672,152.2021942138672,14.770000457763672,17.026999950408936,0.1634031297502991
2018-05-07,24.51490020751953,150.99302673339844,14.75,16.675999927520753,0.4106202845046272
2018-05-08,24.7547550201416,152.21043395996094,14.710000038146973,16.387999963760375,0.4154781300294451
2018-05-09,25.408157348632812,153.29624938964844,13.420000076293945,16.046999979019166,0.6330537137560849
2018-05-10,25.548763275146484,153.9542999267578,13.229999542236328,15.783999967575074,0.6409957173043873
2018-05-11,25.573575973510742,156.54541015625,12.649999618530273,15.54599995613098,0.4156668823197393
2018-05-14,25.738994598388672,157.17881774902344,12.930000305175781,15.36449999809265,0.4379060888673102
2018-05-15,25.821704864501953,154.6287841796875,14.630000114440918,15.333500003814697,0.7116445562555573
2018-05-16,25.68936538696289,153.31268310546875,13.420000076293945,15.224499988555909,0.7679968512026569
2018-05-17,25.482593536376953,152.44900512695312,13.430000305175781,15.098000001907348,0.7467869042646951
2018-05-18,25.02770233154297,154.168212890625,13.420000076293945,14.925000047683715,0.3685686459277348
2018-05-21,25.267555236816406,156.11769104003906,13.079999923706055,14.762000036239623,0.30636141919217363
2018-05-22,25.548763275146484,153.7157440185547,13.220000267028809,14.52200002670288,0.662849540399137
2018-05-23,25.176570892333984,153.55125427246094,12.579999923706055,14.259000015258788,0.49732194240575367
2018-05-24,24.98634147644043,153.9461212158203,12.529999732971191,14.07350001335144,0.36884496159550983
2018-05-25,24.944992065429688,153.69932556152344,13.220000267028809,13.964000034332276,0.3713899323868705
2018-05-29,23.952484130859375,152.17755126953125,17.020000457763672,14.01850004196167,0.029210178987945118
2018-05-30,24.39084243774414,154.7583465576172,14.9399995803833,13.991000032424926,0.0054881281908513956
2018-05-31,24.116785049438477,154.31167602539062,15.430000305175781,13.964000034332276,-0.0865718661556739
2018-06-01,24.41575050354004,154.97344970703125,13.460000038146973,13.842000055313111,-0.0021312489152097713
2018-06-04,24.41575050354004,158.2904815673828,12.739999771118164,13.740500020980836,-0.30600059351365866
2018-06-05,24.183223724365234,158.77024841308594,12.399999618530273,13.623000001907348,-0.4627788073260419
2018-06-06,24.947250366210938,160.13507080078125,11.640000343322754,13.469500017166137,-0.21708525703500672
2018-06-07,24.98877716064453,162.26922607421875,12.130000114440918,13.405000019073487,-0.3924429278460273
2018-06-08,24.922338485717773,164.05593872070312,12.180000305175781,13.352500057220459,-0.5883591226788021
2018-06-11,24.9638614654541,165.13958740234375,12.350000381469727,13.337500095367432,-0.6674829847027411
2018-06-12,24.830984115600586,166.52096557617188,12.34000015258789,13.308000087738037,-0.858504544245129
2018-06-13,24.781158447265625,165.6937713623047,12.9399995803833,13.223500061035157,-0.8069028266233659
2018-06-14,24.498796463012695,165.16439819335938,12.119999885559082,13.158500051498413,-0.8954161117949268
2018-06-15,24.316097259521484,165.884033203125,11.979999542236328,13.086000013351441,-1.0499908766791197
2018-06-18,24.41575050354004,166.0081024169922,12.3100004196167,13.030500030517578,-1.0130026628822542
2018-06-19,24.29948616027832,164.78384399414062,13.350000381469727,13.044000053405762,-0.9572639389912972
2018-06-20,24.282878875732422,164.67633056640625,12.789999961853027,13.022500038146973,-0.9554729983002838
2018-06-21,24.32440185546875,165.6937713623047,14.640000343322754,13.125500059127807,-1.0285316346361009
2018-06-22,24.07526206970215,163.29490661621094,13.770000457763672,13.187500095367431,-0.929662844223801
2018-06-25,23.65172576904297,162.44288635253906,17.329999923706055,13.393000078201293,-1.057119839341876
2018-06-26,23.701555252075195,162.4263916015625,15.920000076293945,13.338000059127808,-1.0314303631067367
2018-06-27,23.45240592956543,161.31797790527344,17.90999984741211,13.486500072479249,-1.0507828863989186
2018-06-28,23.80951499938965,161.4751434326172,16.850000381469727,13.557500076293945,-0.8919030959538989
2018-06-29,23.410886764526367,161.3841552734375,16.09000015258789,13.68900008201599,-1.0769913706140057
2018-07-02,23.485628128051758,160.49073791503906,15.600000381469727,13.832000112533569,-0.9588802393993532
2018-07-03,23.070392608642578,160.15985107421875,16.139999389648438,14.019000101089478,-1.1300499176712455
2018-07-05,23.18665885925293,160.8133087158203,14.970000267028809,14.18550009727478,-1.1334973352151154
2018-07-06,23.278013229370117,160.8712615966797,13.369999885559082,14.247500085830689,-1.0944790873359111
2018-07-09,24.12508773803711,162.19480895996094,12.6899995803833,14.273000049591065,-0.8047076452772809
2018-07-10,23.942386627197266,163.4603729248047,12.640000343322754,14.287500047683716,-1.009295238086888
2018-07-11,23.81781578063965,162.9144287109375,13.630000114440918,14.352000045776368,-1.0197265788555252
2018-07-12,23.89255714416504,163.7416229248047,12.579999923706055,14.334000062942504,-1.0592386278769077
2018-07-13,23.709856033325195,164.35374450683594,12.180000305175781,14.33700008392334,-1.2039651409750178
2018-07-16,24.73133659362793,164.51087951660156,12.829999923706055,14.379500102996825,-0.722714220913742
2018-07-17,24.922338485717773,166.34722900390625,12.0600004196167,14.367000102996826,-0.7982615010562988
2018-07-18,25.021991729736328,166.23971557617188,12.100000381469727,14.304500102996826,-0.7400582768264655
2018-07-19,24.639986038208008,167.6128387451172,12.869999885559082,14.30850009918213,-1.0512064088493358
2018-07-20,25.021991729736328,167.46395874023438,12.859999656677246,14.219500064849854,-0.8522097373956076
2018-07-23,25.53688621520996,167.2819366455078,12.619999885559082,14.162000036239624,-0.585696257991797
2018-07-24,25.60332489013672,167.08346557617188,12.40999984741211,13.916000032424927,-0.5352769855373761
2018-07-25,25.802629470825195,166.26451110839844,12.289999961853027,13.73450002670288,-0.3635463721061654
2018-07-26,25.694673538208008,164.94097900390625,12.140000343322754,13.446000051498412,-0.2946818722659642
2018-07-27,25.79433250427246,163.0715789794922,13.029999732971191,13.255000019073487,-0.07507153542340608
2018-07-30,26.0019474029541,163.18736267089844,14.260000228881836,13.163500022888183,0.015061184204347183
2018-07-31,25.644845962524414,163.38587951660156,12.829999923706055,13.025,-0.17639854355235057
2018-08-01,25.95211410522461,162.3767852783203,13.149999618530273,12.875500011444093,0.06513695262833503
2018-08-02,25.977035522460938,161.8473663330078,12.1899995803833,12.736499977111816,0.12572883776967192
2018-08-03,26.168039321899414,161.830810546875,11.640000343322754,12.65,0.21992493201265798
2018-08-06,26.176347732543945,161.87217712402344,11.270000457763672,12.57900004386902,0.22016682108302976
2018-08-07,26.168039321899414,162.99713134765625,10.930000305175781,12.49350004196167,0.11307967027092328
2018-08-08,26.408870697021484,163.79954528808594,10.850000381469727,12.35450005531311,0.15642840788421633
2018-08-09,26.242786407470703,163.8491668701172,11.270000457763672,12.289000082015992,0.07129471497524349
2018-08-10,25.90229034423828,162.3767852783203,13.15999984741211,12.338000059127808,0.04096131738534771
2018-08-13,25.31265640258789,160.5900115966797,14.779999732971191,12.435500049591065,-0.08145842579235021
2018-08-14,25.570104598999023,159.72975158691406,13.3100004196167,12.498000049591065,0.12226875942178095
2018-08-15,25.213003158569336,160.46595764160156,14.640000343322754,12.625000047683717,-0.11844803742873744
2018-08-16,25.51197624206543,161.6240234375,13.449999809265137,12.654000043869019,-0.07946844869978074
2018-08-17,25.528579711914062,161.7646026611328,12.640000343322754,12.643000078201293,-0.08429035861493572
2018-08-20,25.636539459228516,163.7250213623047,12.489999771118164,12.636500072479247,-0.21149743130583726
2018-08-21,25.761106491088867,165.62757873535156,12.859999656677246,12.659000062942505,-0.32534565994290676
2018-08-22,25.727890014648438,164.58535766601562,12.25,12.657000064849854,-0.24598642569612925
2018-08-23,25.611631393432617,165.56971740722656,12.40999984741211,12.670500040054321,-0.39257380918144
2018-08-24,25.65315055847168,166.51266479492188,11.989999771118164,12.61850004196167,-0.458810043947302
2018-08-27,26.0019474029541,167.07513427734375,12.15999984741211,12.513500022888184,-0.34109294989365513
2018-08-28,25.968727111816406,167.06692504882812,12.5,12.497000026702882,-0.35646016186790985
2018-08-29,25.860763549804688,167.6821746826172,12.25,12.452000045776368,-0.46520885371420706
2018-08-30,25.752803802490234,165.6701202392578,13.529999732971191,12.519000053405762,-0.3332714920791697
2018-08-31,25.686370849609375,166.925537109375,12.859999656677246,12.580000019073486,-0.4805135361097213
2018-09-04,25.860763549804688,170.50900268554688,13.15999984741211,12.674499988555908,-0.7241712058128512
2018-09-05,25.893983840942383,169.73577880859375,13.90999984741211,12.823499965667725,-0.6372178362123782
2018-09-06,25.743778228759766,171.1824951171875,14.649999618530273,13.013499927520751,-0.842633016184262
2018-09-07,25.752120971679688,171.4651336669922,14.880000114440918,13.193999910354615,-0.8644771068336607
2018-09-10,25.718740463256836,175.17332458496094,14.15999984741211,13.243999910354614,-1.2203770583419857
2018-09-11,25.743778228759766,177.80062866210938,13.220000267028809,13.165999937057496,-1.448912360919669
2018-09-12,25.393291473388672,176.24583435058594,13.140000343322754,13.157499933242798,-1.4765437409535747
2018-09-13,25.151290893554688,174.142333984375,12.369999885559082,13.043999910354614,-1.4012688231912853
2018-09-14,25.34322738647461,173.826416015625,12.069999694824219,12.974999904632568,-1.2791959510185227
2018-09-17,25.268123626708984,173.2693328857422,13.680000305175781,13.026999902725219,-1.2646043002186809
2018-09-18,25.209707260131836,175.44772338867188,12.789999961853027,13.041999912261963,-1.4925090291551408
2018-09-19,25.868955612182617,175.9963836669922,11.75,12.986499929428101,-1.222888675573656
2018-09-20,26.02750587463379,175.48095703125,11.800000190734863,12.963999938964843,-1.0987388188631642
2018-09-21,25.893983840942383,176.58676147460938,11.680000305175781,12.927499961853027,-1.264828212061119
2018-09-24,25.651981353759766,172.92845153808594,12.199999809265137,12.937999963760376,-1.047119963803713
2018-09-25,25.593570709228516,172.48780822753906,12.420000076293945,12.950999975204468,-1.0350953427905913
2018-09-26,25.142946243286133,172.53768920898438,12.890000343322754,12.970499992370605,-1.2583182396415356
2018-09-27,24.98440170288086,171.97230529785156,12.40999984741211,12.97849998474121,-1.2834535508260514
2018-09-28,24.583847045898438,172.23001098632812,12.119999885559082,12.907999992370605,-1.5014199985922354
2018-10-01,24.742395401000977,172.60418701171875,12.0,12.865000009536743,-1.4587665093723992
2018-10-02,24.683988571166992,170.23460388183594,12.050000190734863,12.809500026702882,-1.2700321541436783
2018-10-03,25.034465789794922,169.39488220214844,11.609999656677246,12.694500017166138,-1.0230466388097847
2018-10-04,25.393291473388672,165.32923889160156,14.220000267028809,12.673000049591064,-0.4764874113721062
2018-10-05,25.226394653320312,163.2755889892578,14.819999694824219,12.670000028610229,-0.369337163002745
2018-10-08,25.259782791137695,164.96340942382812,15.6899995803833,12.746500015258789,-0.507755693396541
2018-10-09,25.017778396606445,162.75177001953125,15.949999809265137,12.882999992370605,-0.42257613791718823
2018-10-10,24.4002685546875,161.04736328125,22.959999084472656,13.3739999294281,-0.5660674470540208
2018-10-11,23.66591453552246,157.75497436523438,24.979999542236328,14.004499912261963,-0.62078108039291
2018-10-12,23.74936294555664,160.0247039794922,21.309999465942383,14.46649990081787,-0.7882172228827472
2018-10-15,23.298748016357422,158.94384765625,21.299999237060547,14.84749984741211,-0.9078499923112096
2018-10-16,23.80777931213379,160.94761657714844,17.6200008392334,15.088999891281128,-0.8444191833756426
2018-10-17,24.116539001464844,153.9552764892578,17.399999618530273,15.371499872207641,-0.05404191656687551
2018-10-18,23.574127197265625,150.0226287841797,20.059999465942383,15.784499835968017,0.0430325756255682
2018-10-19,23.632537841796875,149.53208923339844,19.889999389648438,16.194999790191652,0.11631250931247102
2018-10-22,22.848121643066406,148.6175537109375,19.639999389648438,16.566999769210817,-0.18052476743847654
2018-10-23,22.547706604003906,148.4346466064453,20.709999084472656,16.98149971961975,-0.30953715439058366
2018-10-24,21.855085372924805,147.1375732421875,25.229999542236328,17.59849967956543,-0.5267895638653771
2018-10-25,22.188880920410156,148.88360595703125,24.219999313354492,18.18899965286255,-0.5247762646869782
2018-10-26,22.021984100341797,143.19664001464844,24.15999984741211,18.7909996509552,-0.0847822540968085
2018-10-29,22.20557403564453,144.0031280517578,24.700000762939453,19.425999689102174,-0.06958160332476485
2018-10-30,22.347434997558594,146.53067016601562,23.350000381469727,19.990999698638916,-0.2322925281796981
2018-10-31,22.948261260986328,146.23133850097656,21.229999542236328,20.47199969291687,0.08666361737088371
2018-11-01,23.206951141357422,150.0392608642578,19.34000015258789,20.727999687194824,-0.13665334026348372
2018-11-02,23.273710250854492,149.59861755371094,19.510000228881836,20.962499713897706,-0.06389347452097521
2018-11-05,23.415573120117188,151.47764587402344,19.959999084472656,21.175999689102174,-0.16719389634073495
2018-11-06,23.540742874145508,151.32801818847656,19.90999984741211,21.373999691009523,-0.09275143725372187
2018-11-07,23.81612777709961,155.6680145263672,16.360000610351562,21.043999767303468,-0.3567102499387153
2018-11-08,24.091508865356445,156.3082275390625,16.719999313354492,20.630999755859374,-0.2817381624217805
2018-11-09,23.799434661865234,154.63710021972656,17.360000610351562,20.433499813079834,-0.27036929972910856
2018-11-12,23.156883239746094,149.18292236328125,20.450000762939453,20.39099988937378,-0.08249928631307205
2018-11-13,23.16522216796875,148.8253936767578,20.020000457763672,20.510999870300292,-0.04570026861443594
2018-11-14,22.70625877380371,149.5736846923828,21.25,20.70349988937378,-0.33694991809664576
2018-11-15,23.282052993774414,147.4618682861328,19.979999542236328,20.699499893188477,0.13589967599850064
2018-11-16,23.156883239746094,147.1791534423828,18.139999389648438,20.611999893188475,0.10106360194197654
2018-11-19,23.156883239746094,144.32737731933594,20.100000381469727,20.63499994277954,0.36231142165990676
2018-11-20,22.848121643066406,140.55270385742188,22.479999542236328,20.723499965667724,0.5582865381041066
2018-11-21,22.756328582763672,140.7605743408203,20.799999237060547,20.501999950408937,0.49470366533144317
2018-11-23,22.505985260009766,140.3863983154297,21.520000457763672,20.367000007629393,0.4075091456645028
2018-11-26,22.998334884643555,141.19290161132812,18.899999618530273,20.1039999961853,0.5725257042206197
2018-11-27,23.14853286743164,144.01976013183594,19.020000457763672,19.819999980926514,0.38644007364986427
2018-11-28,23.724332809448242,148.4024658203125,18.489999771118164,19.576999950408936,0.2643369974496995
2018-11-29,23.398880004882812,146.92202758789062,18.790000915527344,19.455000019073488,0.24204099436853233
2018-11-30,23.699296951293945,150.81968688964844,18.06999969482422,19.391499996185303,0.030750275057697042
2018-12-03,23.81612777709961,152.00733947753906,16.440000534057617,19.238000011444093,-0.021360161454066363
2018-12-04,22.522676467895508,146.62098693847656,20.739999771118164,19.27700004577637,-0.15553514671334068
2018-12-06,22.05275535583496,147.17295837402344,21.190000534057617,19.341000080108643,-0.43411712975195993
2018-12-07,21.339479446411133,144.52159118652344,23.229999542236328,19.68450002670288,-0.5373264175909652
2018-12-10,20.777254104614258,143.6016387939453,22.639999389648438,19.98050003051758,-0.7258553450597584
2018-12-11,20.626205444335938,144.03651428222656,21.760000228881836,20.200500011444092,-0.8389860569497124
2018-12-12,20.575855255126953,145.70928955078125,21.459999084472656,20.250999927520752,-1.016658080612104
2018-12-13,20.47515869140625,145.4248504638672,20.649999618530273,20.282499885559083,-1.0394612437530961
2018-12-14,20.54229164123535,144.10340881347656,21.6299991607666,20.301499843597412,-0.8858310934829294
2018-12-17,20.533899307250977,140.4901123046875,24.520000457763672,20.52849988937378,-0.5588934502670198
2018-12-18,20.533899307250977,142.22149658203125,25.579999923706055,20.90049991607666,-0.7175035052059371
2018-12-19,20.29054832458496,140.14723205566406,25.579999923706055,21.174499893188475,-0.6455620944947515
2018-12-20,20.23180389404297,137.3034210205078,28.3799991607666,21.46949987411499,-0.4135480963777804
2018-12-21,19.610843658447266,134.2255401611328,30.110000610351562,21.93499994277954,-0.432891284818714
2018-12-24,19.07378578186035,132.268310546875,36.06999969482422,22.66249990463257,-0.5141846461806234
2018-12-26,20.23180389404297,140.74942016601562,30.40999984741211,23.23799991607666,-0.7292319806203891
2018-12-27,20.449981689453125,142.4556884765625,29.959999084472656,23.78499984741211,-0.7796763052427201
2018-12-28,20.46676254272461,142.3720245361328,28.34000015258789,24.277499866485595,-0.7638694950169854
2018-12-31,20.67655372619629,143.71029663085938,25.420000076293945,24.608999824523927,-0.784671500958257
