Date,BP,AMD,VIX,AvgVIX,zscore
2020-01-30,26.357297897338867,48.779998779296875,15.489999771118164,13.696000051498412,1.208527654906334
2020-01-31,25.716697692871094,47.0,18.84000015258789,14.014500045776368,1.1150523351655337
2020-02-03,25.076093673706055,48.02000045776367,17.969999313354492,14.211999988555908,0.9674126893967636
2020-02-04,25.980052947998047,49.45000076293945,16.049999237060547,14.32199993133545,1.1202430094728422
2020-02-05,26.81283950805664,49.84000015258789,15.149999618530273,14.389999914169312,1.278980279513438
2020-02-06,26.250530242919922,49.31999969482422,14.960000038146973,14.465499925613404,1.1767636374742292
2020-02-07,25.88752555847168,49.72999954223633,15.470000267028809,14.611999940872192,1.0963518447928733
2020-02-10,25.7593994140625,52.2599983215332,15.039999961853027,14.735999917984008,1.0218284157448125
2020-02-11,26.015634536743164,53.79999923706055,15.180000305175781,14.878999948501587,1.0432005821985912
2020-02-12,26.45694351196289,53.88999938964844,13.739999771118164,14.946499919891357,1.1295752288801924
2020-02-13,26.1962890625,54.529998779296875,14.149999618530273,15.032999897003174,1.065150439800161
2020-02-14,26.06595802307129,55.310001373291016,13.680000305175781,15.100999927520752,1.0240389252198543
2020-02-18,26.13112449645996,56.88999938964844,14.829999923706055,15.237499904632568,1.006486939480271
2020-02-19,26.246976852416992,58.900001525878906,14.380000114440918,15.313999891281128,0.9907372838312268
2020-02-20,26.051475524902344,57.27000045776367,15.5600004196167,15.446499919891357,0.9832327349059388
2020-02-21,25.602563858032227,53.279998779296875,17.079999923706055,15.651499938964843,0.9707822256706733
2020-02-24,24.661293029785156,49.119998931884766,25.030000686645508,16.174999952316284,0.8633114341564563
2020-02-25,23.843114852905273,47.56999969482422,27.850000381469727,16.655999994277956,0.729930196176411
2020-02-26,23.66209602355957,47.4900016784668,27.559999465942383,17.219999933242796,0.6953338809994773
2020-02-27,22.82943344116211,44.0099983215332,39.15999984741211,18.35849995613098,0.5963948205455855
2020-02-28,22.65566635131836,45.47999954223633,40.11000061035156,19.589499998092652,0.5332630561944763
2020-03-02,23.33626937866211,47.459999084472656,33.41999816894531,20.318499898910524,0.6308568486779481
2020-03-03,23.111814498901367,46.75,36.81999969482422,21.26099991798401,0.5997745365503495
2020-03-04,23.995161056518555,50.11000061035156,31.989999771118164,22.05799994468689,0.7111549535505796
2020-03-05,23.604171752929688,48.11000061035156,39.619998931884766,23.281499910354615,0.671774869642504
2020-03-06,22.626697540283203,48.59000015258789,41.939998626708984,24.630499839782715,0.46731861633506533
2020-03-09,18.30409812927246,43.27000045776367,54.459999084472656,26.57999978065491,-0.29285871200940194
2020-03-10,19.397415161132812,45.380001068115234,47.29999923706055,28.192999744415282,-0.11537357869898991
2020-03-11,17.855180740356445,45.70000076293945,53.900001525878906,30.12899980545044,-0.42949975137650914
2020-03-12,15.617856979370117,39.0099983215332,75.47000122070312,33.21549987792969,-0.7468111296366899
2020-03-13,16.05228614807129,43.900001525878906,57.83000183105469,35.39949998855591,-0.7546620744218484
2020-03-16,13.641183853149414,38.709999084472656,82.69000244140625,38.850000095367434,-1.135687802509362
2020-03-17,13.641183853149414,41.880001068115234,75.91000366210938,41.9040002822876,-1.1970087500884008
2020-03-18,11.66451644897461,39.119998931884766,76.44999694824219,45.007500123977664,-1.5382976512896407
2020-03-19,12.308924674987793,39.81999969482422,72.0,47.829500102996825,-1.4231703607009212
2020-03-20,12.59130859375,39.61000061035156,66.04000091552734,50.27750015258789,-1.362724859260871
2020-03-23,13.170550346374512,41.63999938964844,61.59000015258789,52.10550012588501,-1.2863369401929425
2020-03-24,16.016082763671875,46.220001220703125,61.66999816894531,53.796500015258786,-0.806769147998344
2020-03-25,17.587282180786133,44.630001068115234,63.95000076293945,55.61600008010864,-0.4622925092187434
2020-03-26,17.68140983581543,47.5,61.0,56.708000087738036,-0.4990158037125657
2020-03-27,16.182619094848633,46.58000183105469,65.54000091552734,57.97950010299682,-0.7804809435577147
2020-03-30,17.319377899169922,47.86000061035156,57.08000183105469,59.16250028610229,-0.5782661770217946
2020-03-31,17.659683227539062,45.47999954223633,53.540000915527344,59.99850034713745,-0.46427876658338346
2020-04-01,17.645206451416016,43.65999984741211,57.060001373291016,61.252000427246095,-0.43196300619775085
2020-04-02,18.847135543823242,44.4900016784668,50.90999984741211,61.81650047302246,-0.20803096627587994
2020-04-03,17.89862632751465,42.59000015258789,46.79999923706055,62.059500503540036,-0.36066475138429915
2020-04-06,18.137561798095703,47.52000045776367,45.2400016784668,61.598500633239745,-0.40832339243503213
2020-04-07,17.95655059814453,47.560001373291016,46.70000076293945,61.568500709533694,-0.4452394598459417
2020-04-08,18.38374137878418,48.790000915527344,43.349998474121094,61.041000556945804,-0.3837360783056424
2020-04-09,18.028955459594727,48.380001068115234,41.66999816894531,59.35100040435791,-0.44664465508620654
2020-04-13,18.036191940307617,50.939998626708984,41.16999816894531,58.51800022125244,-0.49472069524614554
2020-04-14,17.695892333984375,54.93000030517578,37.7599983215332,56.27150001525879,-0.6398510329659023
2020-04-15,16.537403106689453,54.9900016784668,40.84000015258789,54.51799983978272,-0.8723258307878281
2020-04-16,15.820587158203125,56.95000076293945,40.11000061035156,52.70100002288818,-1.0533660797183149
2020-04-17,16.9645938873291,56.599998474121094,38.150001525878906,51.00850009918213,-0.818173167567978
2020-04-20,16.182619094848633,56.970001220703125,43.83000183105469,49.898000144958495,-0.9814664985215559
2020-04-21,15.668534278869629,52.91999816894531,45.40999984741211,49.089000129699706,-1.005769375815944
2020-04-22,16.89218521118164,55.91999816894531,41.97999954223633,48.104500198364256,-0.8194769011524369
2020-04-23,16.928390502929688,55.900001525878906,41.380001068115234,46.976000213623045,-0.8118610171837514
2020-04-24,16.935632705688477,56.18000030517578,35.93000030517578,45.722500228881835,-0.8158313097390262
2020-04-27,17.60176658630371,56.4900016784668,33.290000915527344,44.11000022888184,-0.6888218833443703
2020-04-28,17.49315643310547,55.5099983215332,33.56999969482422,42.93450012207031,-0.6915506217980436
2020-04-29,18.412700653076172,53.65999984741211,31.229999542236328,41.81900005340576,-0.47215973424578356
2020-04-30,17.232494354248047,52.38999938964844,34.150001525878906,40.673500061035156,-0.6832430176072359
2020-05-01,16.53015899658203,49.880001068115234,37.189998626708984,39.9875,-0.7749237096848186
2020-05-04,16.83426284790039,52.560001373291016,35.970001220703125,39.44600009918213,-0.7660459554400851
2020-05-05,17.283174514770508,52.189998626708984,33.61000061035156,38.86450004577637,-0.6692549302769458
2020-05-06,17.073196411132812,52.15999984741211,34.119998931884766,38.235499954223634,-0.7106007002447885
2020-05-07,17.420751571655273,51.95000076293945,31.440000534057617,37.64000005722046,-0.6371425368946548
2020-05-08,17.866863250732422,53.189998626708984,27.979999542236328,36.95550012588501,-0.5720546516551996
2020-05-11,17.472795486450195,55.7400016784668,27.56999969482422,36.275500202178954,-0.7000652831223009
2020-05-12,17.145641326904297,53.7599983215332,33.040000915527344,36.03950033187866,-0.7270862998837408
2020-05-13,16.528518676757812,52.18000030517578,35.279998779296875,35.76150026321411,-0.8197427269860283
2020-05-14,16.461606979370117,54.5099983215332,32.61000061035156,35.38650026321411,-0.8781747006387859
2020-05-15,16.223676681518555,54.20000076293945,31.889999389648438,35.07350015640259,-0.9196853166444926
2020-05-18,17.4802303314209,54.59000015258789,29.299999237060547,34.34700002670288,-0.676334991522913
2020-05-19,17.034114837646484,55.470001220703125,30.530000686645508,33.60300006866455,-0.7824331848172966
2020-05-20,17.56201934814453,56.38999938964844,27.989999771118164,32.90350008010864,-0.6948237078229633
2020-05-21,17.383573532104492,54.650001525878906,29.530000686645508,32.31100006103516,-0.6967950107822841
2020-05-22,17.086166381835938,55.16999816894531,28.15999984741211,31.92250003814697,-0.7662368171773419
2020-05-26,17.294347763061523,53.189998626708984,28.010000228881836,31.658500003814698,-0.6863681168911989
2020-05-27,17.792509078979492,52.7400016784668,27.6200008392334,31.361000061035156,-0.5781960560392554
2020-05-28,17.294347763061523,51.7400016784668,28.59000015258789,31.229000091552734,-0.6583191795997604
2020-05-29,17.205129623413086,53.79999923706055,27.510000228881836,30.89700002670288,-0.715982127807864
2020-06-01,17.7255916595459,53.630001068115234,28.229999542236328,30.449000072479247,-0.6087736437999381
2020-06-02,18.550907135009766,53.540000915527344,26.84000015258789,29.992500019073486,-0.4422429399218046
2020-06-03,19.257253646850586,52.72999954223633,25.65999984741211,29.594999980926513,-0.2855388219964829
2020-06-04,19.101112365722656,52.630001068115234,25.809999465942383,29.179500007629393,-0.3147809760699819
2020-06-05,20.603029251098633,53.099998474121094,24.520000457763672,28.8335000038147,-0.02398676711798239
2020-06-08,21.10118865966797,52.970001220703125,25.809999465942383,28.725,0.07799479547245133
2020-06-09,20.327922821044922,56.38999938964844,27.56999969482422,28.725,-0.14255915375507497
2020-06-10,19.614145278930664,57.439998626708984,27.56999969482422,28.451499938964844,-0.3053895675526239
2020-06-11,17.89659881591797,52.83000183105469,40.790000915527344,28.727000045776368,-0.5591535610676414
2020-06-12,18.402202606201172,53.5,36.09000015258789,28.901000022888184,-0.4711608076777418
2020-06-15,18.112228393554688,54.68000030517578,34.400001525878906,29.026500129699706,-0.5518856887363487
2020-06-16,18.253494262695312,54.459999084472656,33.66999816894531,29.245000076293945,-0.519423572506193
2020-06-17,17.621503829956055,54.54999923706055,33.470001220703125,29.392000102996825,-0.6473533022156565
2020-06-18,17.614063262939453,54.040000915527344,32.939998626708984,29.639500045776366,-0.638973474522273
2020-06-19,17.59919548034668,54.22999954223633,35.119998931884766,29.91899995803833,-0.645617465597539
2020-06-22,17.747896194458008,54.7599983215332,31.770000457763672,30.09949998855591,-0.6261789445383238
2020-06-23,17.9709529876709,53.9900016784668,31.3700008392334,30.267500019073488,-0.5667465488970994
2020-06-24,17.205129623413086,52.38999938964844,33.84000015258789,30.57849998474121,-0.6887068998503534
2020-06-25,17.472795486450195,51.93000030517578,32.220001220703125,30.760000038146973,-0.6263641006961674
2020-06-26,16.922588348388672,50.099998474121094,34.72999954223633,31.121000003814697,-0.7008234819308085
2020-06-29,17.457927703857422,50.279998779296875,31.780000686645508,31.298500061035156,-0.5974148796900285
2020-06-30,17.338958740234375,52.61000061035156,30.43000030517578,31.47800006866455,-0.6662411376360542
2020-07-01,17.257169723510742,52.58000183105469,28.6200008392334,31.626000118255615,-0.68199154984301
2020-07-02,17.40587615966797,52.34000015258789,27.68000030517578,31.719500160217287,-0.6476568931594916
2020-07-06,17.57689094543457,53.400001525878906,27.940000534057617,31.890500164031984,-0.6340153907197259
2020-07-07,17.115907669067383,52.93000030517578,29.43000030517578,32.07150020599365,-0.7169675888685432
2020-07-08,17.219999313354492,53.43000030517578,28.079999923706055,32.097000217437746,-0.7058558056198877
2020-07-09,16.394681930541992,57.2599983215332,29.260000228881836,32.18150024414062,-0.9447339153956963
2020-07-10,16.69952964782715,55.880001068115234,27.290000915527344,31.506500244140625,-0.8571704918624604
2020-07-13,16.69952964782715,53.59000015258789,32.189998626708984,31.31150016784668,-0.8128724040941853
2020-07-14,17.309223175048828,54.720001220703125,29.520000457763672,31.067500114440918,-0.7129945389596641
2020-07-15,17.70328712463379,55.34000015258789,27.760000228881836,30.772000217437743,-0.6463056167475268
2020-07-16,17.636367797851562,54.91999816894531,28.0,30.49850015640259,-0.6515427414115115
2020-07-17,17.286914825439453,55.040000915527344,25.68000030517578,30.13550024032593,-0.723638937188641
2020-07-20,17.056419372558594,57.459999084472656,24.459999084472656,29.602500247955323,-0.8164744538034727
2020-07-21,17.911474227905273,57.0,24.84000015258789,29.256000232696532,-0.6368484149843595
2020-07-22,17.43562126159668,61.790000915527344,24.31999969482422,28.903500175476076,-0.8245198193957721
2020-07-23,17.26460838317871,59.56999969482422,26.079999923706055,28.515500164031984,-0.8157217468892131
2020-07-24,17.048992156982422,69.4000015258789,25.84000015258789,28.19650011062622,-1.0489264606902973
2020-07-27,17.205129623413086,68.97000122070312,24.739999771118164,27.697000122070314,-1.0094327001459769
2020-07-28,16.96719741821289,67.61000061035156,25.440000534057617,27.380000114440918,-1.0306322957896104
2020-07-29,17.26460838317871,76.08999633789062,24.100000381469727,27.063500118255615,-1.1352867987038928
2020-07-30,16.68465805053711,78.19999694824219,24.760000228881836,26.870500087738037,-1.2919009078099213
2020-07-31,16.387250900268555,77.43000030517578,24.459999084472656,26.70950002670288,-1.3363889094173345
2020-08-03,16.42443084716797,77.66999816894531,24.280000686645508,26.526500034332276,-1.333607786192589
2020-08-04,17.6512393951416,85.04000091552734,23.760000228881836,26.243000030517578,-1.2312187590960755
2020-08-05,17.80738067626953,85.30999755859375,22.989999771118164,25.988500022888182,-1.205265072619827
2020-08-06,17.294347763061523,86.70999908447266,22.649999618530273,25.657999992370605,-1.3347835442399207
2020-08-07,17.086166381835938,84.8499984741211,22.209999084472656,25.403999900817873,-1.3403707616514793
2020-08-10,17.472795486450195,82.23999786376953,22.1299991607666,24.90099992752075,-1.2126847973399018
2020-08-11,17.70328712463379,76.87999725341797,24.030000686645508,24.626499938964844,-1.0629782371081284
2020-08-12,18.03787612915039,82.61000061035156,22.280000686645508,24.352499961853027,-1.1070132217073971
2020-08-13,17.66498565673828,81.83999633789062,22.1299991607666,24.058999919891356,-1.1665727380832733
2020-08-14,17.31846809387207,81.30000305175781,22.049999237060547,23.877499866485596,-1.2253157716185903
2020-08-17,17.13767433166504,82.41999816894531,21.350000381469727,23.72199993133545,-1.2830799775662594
2020-08-18,16.843889236450195,81.66000366210938,21.510000228881836,23.555499935150145,-1.3270382505610272
2020-08-19,16.753490447998047,81.08999633789062,22.540000915527344,23.466499996185302,-1.3340617669208916
2020-08-20,16.542564392089844,82.7699966430664,22.719999313354492,23.298499965667723,-1.4086752671740108
2020-08-21,16.165910720825195,83.80999755859375,22.540000915527344,23.133500003814696,-1.5039991622742048
2020-08-24,16.504898071289062,83.08000183105469,22.3700008392334,23.01500005722046,-1.422192837580848
2020-08-25,16.286441802978516,86.3499984741211,22.030000686645508,22.844500064849854,-1.5290669905488146
2020-08-26,16.105648040771484,86.0199966430664,23.270000457763672,22.803000068664552,-1.558782259205045
2020-08-27,15.92485523223877,83.80000305175781,24.469999313354492,22.788500022888183,-1.5519370809335045
2020-08-28,16.105648040771484,85.55000305175781,22.959999084472656,22.713500022888184,-1.5496906395392422
2020-08-31,15.766661643981934,90.81999969482422,26.40999984741211,22.819999980926514,-1.7193191662242195
2020-09-01,15.646129608154297,92.18000030517578,26.1200008392334,22.938000011444093,-1.7696936859320975
2020-09-02,15.49547004699707,90.22000122070312,26.56999969482422,23.117000007629393,-1.761861208057967
2020-09-03,15.525605201721191,82.54000091552734,33.599998474121094,23.664499950408935,-1.6072811929256425
2020-09-04,15.472872734069824,82.01000213623047,30.75,24.091499996185302,-1.6075578519187497
2020-09-08,15.179084777832031,78.69000244140625,31.459999084472656,24.557999992370604,-1.6019956091980438
2020-09-09,15.307145118713379,81.91000366210938,28.809999465942383,24.79699993133545,-1.6387140975900671
2020-09-10,14.99828815460205,78.9800033569336,29.709999084472656,25.168499851226805,-1.6437048661873577
2020-09-11,15.111284255981445,76.33999633789062,26.8700008392334,25.405499935150146,-1.5700744199897472
2020-09-14,14.945556640625,77.9000015258789,25.850000381469727,25.595499992370605,-1.633342001259743
2020-09-15,14.809964179992676,78.93000030517578,25.59000015258789,25.807499980926515,-1.6803400174157967
2020-09-16,15.035951614379883,76.66000366210938,26.040000915527344,26.03400001525879,-1.5913062611508282
2020-09-17,14.734635353088379,76.55000305175781,26.459999084472656,26.229999923706053,-1.6493418427797373
2020-09-18,14.222387313842773,74.93000030517578,25.829999923706055,26.385499954223633,-1.7202842280336386
2020-09-21,13.800532341003418,77.94000244140625,27.780000686645508,26.64749994277954,-1.8627413819248224
2020-09-22,13.921065330505371,77.69999694824219,26.860000610351562,26.87199993133545,-1.8340320089883573
2020-09-23,13.536877632141113,74.7300033569336,28.579999923706055,27.199499893188477,-1.8532903373592713
2020-09-24,13.506746292114258,75.81999969482422,28.510000228881836,27.461499881744384,-1.8803916618084453
2020-09-25,13.454015731811523,78.05999755859375,26.3799991607666,27.55699987411499,-1.934251130075165
2020-09-28,13.695073127746582,79.4800033569336,26.190000534057617,27.71849994659424,-1.9135882799114745
2020-09-29,13.31088638305664,81.7699966430664,26.270000457763672,27.711499977111817,-2.0345963162049174
2020-09-30,13.152693748474121,81.98999786376953,26.3700008392334,27.723999977111816,-2.0704381789302673
2020-10-01,12.678112030029297,84.86000061035156,26.700000762939453,27.73050003051758,-2.220715050298618
2020-10-02,12.693180084228516,81.80000305175781,27.6299991607666,27.432000064849852,-2.158513423310879
2020-10-05,12.949300765991211,86.1500015258789,27.959999084472656,27.292500019073486,-2.1915210803723535
2020-10-06,12.753442764282227,84.4800033569336,29.479999542236328,27.19350004196167,-2.1983231366626375
2020-10-07,12.82877254486084,86.69000244140625,28.059999465942383,27.15600004196167,-2.2260326532824655
2020-10-08,13.175292015075684,86.51000213623047,26.360000610351562,26.988500118255615,-2.153361585394236
2020-10-09,13.077363014221191,83.0999984741211,25.0,26.895000076293947,-2.106951376342736
2020-10-12,12.986968994140625,84.29000091552734,25.06999969482422,26.85600004196167,-2.148019807813265
2020-10-13,12.565118789672852,85.27999877929688,26.06999969482422,26.880000019073485,-2.2514007734613695
2020-10-14,12.497320175170898,84.20999908447266,26.399999618530273,26.897999954223632,-2.2442398206933394
2020-10-15,12.384322166442871,83.12999725341797,26.969999313354492,26.923499965667723,-2.245910292856112
2020-10-16,12.241195678710938,83.16999816894531,27.40999984741211,27.002499961853026,-2.2752619662436073
2020-10-19,12.075468063354492,82.0,29.18000030517578,27.07249994277954,-2.2857199929439362
2020-10-20,12.16586685180664,81.55999755859375,29.350000381469727,27.196999931335448,-2.259158710925944
2020-10-21,11.92480754852295,79.19999694824219,28.649999618530273,27.20049991607666,-2.2616385550119507
2020-10-22,12.128199577331543,79.41999816894531,28.110000610351562,27.180499935150145,-2.225283251479694
2020-10-23,12.090535163879395,81.95999908447266,27.549999237060547,27.238999938964845,-2.2819377803359004
2020-10-26,11.90220832824707,82.2300033569336,32.459999084472656,27.552499866485597,-2.3247637678288706
2020-10-27,11.585821151733398,78.87999725341797,33.349998474121094,27.906499767303465,-2.323133435670332
2020-10-28,11.224234580993652,76.4000015258789,40.279998779296875,28.60199966430664,-2.3473576096294213
2020-10-29,11.495427131652832,78.0199966430664,37.59000015258789,29.146499633789062,-2.324546330544236
2020-10-30,11.661150932312012,75.29000091552734,38.02000045776367,29.665999698638917,-2.2386470555403655
2020-11-02,12.128199577331543,74.69999694824219,37.130001068115234,30.124499797821045,-2.133978908794345
2020-11-03,12.188465118408203,76.58000183105469,35.54999923706055,30.427999782562257,-2.158312831122313
2020-11-04,12.150800704956055,81.3499984741211,29.56999969482422,30.50349979400635,-2.258104699265852
2020-11-05,12.162322044372559,83.0,27.579999923706055,30.56449975967407,-2.2877221004766013
2020-11-06,12.016345977783203,85.87999725341797,24.860000610351562,30.55749979019165,-2.3725800194655395
2020-11-09,13.891019821166992,83.12000274658203,25.75,30.59149980545044,-1.9448764850006777
2020-11-10,14.67469310760498,77.98999786376953,24.799999237060547,30.527999782562254,-1.689165892030498
2020-11-11,14.50566577911377,81.27999877929688,23.450000762939453,30.380499839782715,-1.786557594564069
2020-11-12,14.044683456420898,81.83999633789062,25.350000381469727,30.299499893188475,-1.8894340381389456
2020-11-13,14.444198608398438,81.43000030517578,23.100000381469727,30.083999919891358,-1.8017323189779328
2020-11-16,15.181775093078613,83.7300033569336,22.450000762939453,29.74749994277954,-1.6989528973613122
2020-11-17,15.404583930969238,83.36000061035156,22.709999084472656,29.415499877929687,-1.6473075467465719
2020-11-18,15.028116226196289,82.54000091552734,23.84000015258789,29.174999904632568,-1.706614206501075
2020-11-19,15.00506591796875,85.54000091552734,23.110000610351562,28.924999904632568,-1.769249039463554
2020-11-20,14.974332809448242,84.63999938964844,23.700000762939453,28.732499980926512,-1.7579757301741084
2020-11-23,15.681177139282227,85.30999755859375,22.65999984741211,28.242500019073486,-1.6298015250725726
2020-11-24,16.79522705078125,85.06999969482422,21.639999389648438,27.657000064849854,-1.402717994448298
2020-11-25,16.44948959350586,86.70999908447266,21.25,26.70550012588501,-1.5034753387409774
2020-11-27,16.21131134033203,87.19000244140625,20.84000015258789,25.86800012588501,-1.5603173483551556
2020-11-30,15.028116226196289,92.66000366210938,20.56999969482422,24.995500087738037,-1.9023769098448156
2020-12-01,15.550562858581543,92.62999725341797,20.770000457763672,24.17750005722046,-1.79748018350202
2020-12-02,16.188261032104492,93.73999786376953,21.170000076293945,23.458500099182128,-1.6916237734251025
2020-12-03,16.411069869995117,92.30999755859375,21.280000686645508,23.044000148773193,-1.6194736865168702
2020-12-04,17.110231399536133,94.04000091552734,20.790000915527344,22.704500198364258,-1.51333838060445
2020-12-07,16.65692710876465,94.06999969482422,21.299999237060547,22.526500129699706,-1.6044293928159032
2020-12-08,16.741443634033203,92.91999816894531,20.68000030517578,22.273000144958495,-1.5653082966517209
2020-12-09,16.825956344604492,89.83000183105469,22.270000457763672,22.146500205993654,-1.4886604398512269
2020-12-10,17.217790603637695,91.66000366210938,22.520000457763672,22.100000190734864,-1.4458231771286634
2020-12-11,16.925838470458984,91.6500015258789,23.309999465942383,21.998000144958496,-1.503923418805196
2020-12-14,16.411069869995117,94.77999877929688,24.719999313354492,22.079000091552736,-1.6672537245598928
2020-12-15,16.856691360473633,97.12000274658203,22.889999389648438,22.101000022888183,-1.623542381680194
2020-12-16,16.77217674255371,96.8499984741211,22.5,22.09050006866455,-1.6351943125793862
2020-12-17,16.825956344604492,96.83999633789062,21.93000030517578,21.995000076293945,-1.6242627227208095
2020-12-18,16.703025817871094,95.91999816894531,21.56999969482422,21.91800003051758,-1.6310115410753272
2020-12-21,15.888623237609863,93.2300033569336,25.15999984741211,21.99099998474121,-1.741586681555907
2020-12-22,15.73495864868164,93.16000366210938,24.229999542236328,22.069499969482422,-1.7709146179839916
2020-12-23,16.295822143554688,91.55000305175781,23.309999465942383,22.15299997329712,-1.6277836220635988
2020-12-24,16.180578231811523,91.80999755859375,21.530000686645508,22.167000007629394,-1.6558236015179058
2020-12-28,16.12679672241211,91.5999984741211,21.700000762939453,22.210000038146973,-1.6624998388137482
2020-12-29,16.188261032104492,90.62000274658203,23.079999923706055,22.335500049591065,-1.6312701654415294
2020-12-30,16.157529830932617,92.29000091552734,22.770000457763672,22.435500049591063,-1.669710897379995
2020-12-31,15.765693664550781,91.70999908447266,22.75,22.514500045776366,-1.7367287101862574
2021-01-04,16.003864288330078,92.30000305175781,26.969999313354492,22.798999977111816,-1.7005865904789572
2021-01-05,17.194746017456055,92.7699966430664,25.34000015258789,23.026499938964843,-1.471896315900384
2021-01-06,17.986099243164062,90.33000183105469,25.06999969482422,23.214999961853028,-1.2666881979033249
2021-01-07,18.37026023864746,95.16000366210938,22.3700008392334,23.299499988555908,-1.283415452492302
2021-01-08,18.746728897094727,94.58000183105469,21.559999465942383,23.263999938964844,-1.197026783246784
2021-01-11,18.731359481811523,97.25,24.079999923706055,23.34199991226196,-1.2517443816345977
2021-01-12,19.215396881103516,95.36000061035156,23.329999923706055,23.342999935150146,-1.1185368236944717
2021-01-13,19.038686752319336,91.77999877929688,22.209999084472656,23.217499923706054,-1.0845682782348005
2021-01-14,19.568817138671875,90.79000091552734,23.25,23.235499954223634,-0.959567141474841
2021-01-15,18.6391658782959,88.20999908447266,24.34000015258789,23.32749996185303,-1.0952815636783366
2021-01-19,18.93880271911621,89.44999694824219,23.239999771118164,23.392999935150147,-1.0594401297430014
2021-01-20,19.061729431152344,88.75,21.579999923706055,23.39349994659424,-1.021354668175719
2021-01-21,18.45477294921875,91.52999877929688,21.31999969482422,23.201499938964844,-1.196321597283524
2021-01-22,18.339523315429688,92.79000091552734,21.90999984741211,23.085499954223632,-1.2437070022323478
2021-01-25,17.724872589111328,94.12999725341797,23.190000534057617,23.079500007629395,-1.392354629481526
2021-01-26,17.69414520263672,94.70999908447266,23.020000457763672,23.153999996185302,-1.4097095630021244
2021-01-27,17.463653564453125,88.83999633789062,37.209999084472656,23.929499912261964,-1.3421814177932196
2021-01-28,17.563535690307617,87.5199966430664,30.209999084472656,24.285999870300294,-1.2967038234086212
2021-01-29,17.071813583374023,85.63999938964844,33.09000015258789,24.801999855041505,-1.3585184519901279
2021-02-01,17.064132690429688,87.66000366210938,30.239999771118164,25.176499843597412,-1.3991273226119223
2021-02-02,15.942401885986328,88.86000061035156,25.559999465942383,25.105999851226805,-1.6463148399804584
2021-02-03,16.341922760009766,87.88999938964844,22.90999984741211,24.984499835968016,-1.547779162126321
2021-02-04,16.12679672241211,87.83999633789062,21.770000457763672,24.81949987411499,-1.5897658483990402
2021-02-05,15.988499641418457,87.9000015258789,20.8700008392334,24.74449987411499,-1.61854020542134
2021-02-08,16.925838470458984,91.47000122070312,21.239999771118164,24.72849988937378,-1.5004414685304486
2021-02-09,16.695343017578125,90.91000366210938,21.6299991607666,24.605999851226805,-1.5356315443105062
2021-02-10,16.580097198486328,92.3499984741211,21.989999771118164,24.538999843597413,-1.5864979902741123
2021-02-11,16.41874885559082,92.66000366210938,21.25,24.49099988937378,-1.6247109983372507
2021-02-12,16.833635330200195,93.7699966430664,19.969999313354492,24.326999855041503,-1.5633429793209832
2021-02-16,17.809391021728516,91.45999908447266,21.459999084472656,24.18299980163574,-1.3238301316135432
2021-02-17,18.11671257019043,89.94000244140625,21.5,24.095999813079835,-1.2330645940945855
2021-02-18,17.489850997924805,88.63999938964844,22.489999771118164,24.14149980545044,-1.3330818403372426
2021-02-19,17.809123992919922,89.58000183105469,22.049999237060547,24.177999782562257,-1.2875165275129123
2021-02-22,18.40094566345215,85.37000274658203,23.450000762939453,24.254999828338622,-1.087909428114367
2021-02-23,18.8681697845459,84.73999786376953,23.110000610351562,24.25099983215332,-0.9824324611498797
2021-02-24,19.701391220092773,86.94000244140625,21.34000015258789,24.16699981689453,-0.8586213454788859
2021-02-25,19.927217483520508,82.41999816894531,28.889999389648438,23.75099983215332,-0.726095317795353
2021-02-26,19.008338928222656,84.51000213623047,27.950000762939453,23.63799991607666,-0.9499959916545094
2021-03-01,19.14072036743164,86.38999938964844,23.350000381469727,23.15099992752075,-0.9599304734681274
2021-03-02,19.288673400878906,84.12999725341797,24.100000381469727,22.84399995803833,-0.8866710854235096
2021-03-03,19.919435501098633,80.86000061035156,26.670000076293945,22.89949998855591,-0.6974723326891815
2021-03-04,20.269853591918945,77.75,28.56999969482422,23.182499980926515,-0.5673445093909275
2021-03-05,20.846099853515625,78.5199966430664,24.65999984741211,23.326999950408936,-0.46718104441933805
2021-03-08,20.666994094848633,73.95999908447266,25.469999313354492,23.55699987411499,-0.4147336613985459
2021-03-09,20.332149505615234,78.52999877929688,24.030000686645508,23.69649991989136,-0.5699943627046948
2021-03-10,20.752649307250977,77.5199966430664,22.559999465942383,23.742999935150145,-0.46649606497880536
2021-03-11,20.752649307250977,81.2300033569336,21.90999984741211,23.738999938964845,-0.538262937174108
2021-03-12,20.99405288696289,81.05000305175781,20.690000534057617,23.710999965667725,-0.4865802302185096
2021-03-15,20.62805938720703,82.5,20.030000686645508,23.714000034332276,-0.5877066407170883
2021-03-16,20.30878448486328,82.75,19.790000915527344,23.63050012588501,-0.6562919027282158
2021-03-17,20.61248207092285,82.62999725341797,19.229999542236328,23.517000102996825,-0.5933316288253556
2021-03-18,19.78704833984375,78.12000274658203,21.579999923706055,23.47150011062622,-0.6709030251416599
2021-03-19,19.81041145324707,79.05999755859375,20.950000762939453,23.416500186920167,-0.6844215278588015
2021-03-22,19.740327835083008,80.30000305175781,18.8799991607666,23.188000106811522,-0.7224018720927093
2021-03-23,18.735788345336914,78.37999725341797,20.299999237060547,23.04750003814697,-0.8858361878225629
2021-03-24,19.273099899291992,76.4800033569336,21.200000762939453,23.04050006866455,-0.7417981096678736
2021-03-25,19.132932662963867,76.22000122070312,19.809999465942383,22.586500072479247,-0.7647556133044836
2021-03-26,19.646879196166992,77.41000366210938,18.860000610351562,22.132000064849855,-0.6851561077213835
2021-03-29,19.60794448852539,77.13999938964844,20.739999771118164,22.001500034332274,-0.6877071538388249
2021-03-30,19.374332427978516,76.0,19.610000610351562,21.77700004577637,-0.7122998848988612
2021-03-31,18.96161460876465,78.5,19.399999618530273,21.413500022888183,-0.8430670841565225
2021-04-01,19.14072036743164,81.08999633789062,17.329999923706055,20.851500034332275,-0.8574064968325872
2021-04-05,18.89153480529785,81.43000030517578,17.90999984741211,20.514000034332277,-0.9137381551775947
2021-04-06,19.545650482177734,81.44000244140625,18.1200008392334,20.14650011062622,-0.78332516292194
2021-04-07,19.755903244018555,82.19999694824219,17.15999984741211,19.803000068664552,-0.7560456884799936
2021-04-08,19.249736785888672,83.3499984741211,16.950000762939453,19.522500133514406,-0.8793571095871618
2021-04-09,18.99276351928711,82.76000213623047,16.690000534057617,19.26150016784668,-0.9192536775094811
2021-04-12,19.171871185302734,78.58000183105469,16.90999984741211,19.072500133514403,-0.8026329776496507
2021-04-13,19.171871185302734,80.19000244140625,16.649999618530273,18.903500080108643,-0.8337770474448828
2021-04-14,19.88828468322754,78.55000305175781,16.989999771118164,18.763500022888184,-0.6590072727479591
2021-04-15,19.623519897460938,83.01000213623047,16.56999969482422,18.630500030517577,-0.7981473589480568
2021-04-16,19.60794448852539,82.1500015258789,16.25,18.364000034332275,-0.7846213134992698
2021-04-19,19.709178924560547,81.11000061035156,17.290000915527344,18.18100004196167,-0.7442900392970977
2021-04-20,19.296464920043945,79.2699966430664,18.68000030517578,18.17100009918213,-0.7911028525139353
2021-04-21,19.436628341674805,81.61000061035156,17.5,18.0310001373291,-0.8083819475983256
2021-04-22,18.95383071899414,79.05999755859375,18.709999084472656,17.90650005340576,-0.8554539524752968
2021-04-23,19.093997955322266,82.76000213623047,17.329999923706055,17.782500076293946,-0.8990403218298473
2021-04-26,19.405479431152344,85.41000366210938,17.639999389648438,17.72150001525879,-0.8881091858990259
2021-04-27,19.421058654785156,85.20999908447266,17.559999465942383,17.5625,-0.881129585794356
2021-04-28,19.966154098510742,84.0199966430664,17.280000686645508,17.446000003814696,-0.7492714787535424
2021-04-29,19.857133865356445,83.91000366210938,17.610000610351562,17.35650005340576,-0.7689116958784081
2021-04-30,19.592374801635742,81.62000274658203,18.610000610351562,17.420500087738038,-0.7774777256376403
2021-05-03,20.00508689880371,78.55000305175781,18.309999465942383,17.44050006866455,-0.6356855176211709
2021-05-04,20.1841983795166,78.61000061035156,19.479999542236328,17.508500003814696,-0.601083148843424
2021-05-05,20.853883743286133,77.83000183105469,19.149999618530273,17.607999992370605,-0.4522794916292618
2021-05-06,20.881465911865234,77.88999938964844,18.389999389648438,17.679999923706056,-0.44793279475536063
2021-05-07,21.06269645690918,78.80999755859375,16.690000534057617,17.679999923706056,-0.42954328324944335
2021-05-10,20.976024627685547,75.98999786376953,19.65999984741211,17.817499923706055,-0.3922984851729604
2021-05-11,20.46383285522461,76.83000183105469,21.84000015258789,18.076999950408936,-0.510816338656544
2021-05-12,20.637191772460938,74.63999938964844,27.59000015258789,18.606999969482423,-0.43383827253034724
2021-05-13,20.400794982910156,73.08999633789062,23.1299991607666,18.93499994277954,-0.45105586066219644
2021-05-14,20.999658584594727,74.58999633789062,18.809999465942383,19.06299991607666,-0.3604977029117956
2021-05-17,21.338491439819336,74.6500015258789,19.719999313354492,19.18449983596802,-0.2940041107667643
2021-05-18,21.16514015197754,74.44000244140625,21.34000015258789,19.317499828338622,-0.32455469907248985
2021-05-19,20.62931251525879,76.2300033569336,22.18000030517578,19.551499843597412,-0.4661687661763111
2021-05-20,20.8972225189209,78.05999755859375,20.670000076293945,19.649499893188477,-0.44807515994720265
2021-05-21,20.8972225189209,77.16999816894531,20.149999618530273,19.790499877929687,-0.43085889125096083
2021-05-24,21.291215896606445,77.44000244140625,18.399999618530273,19.82849988937378,-0.3574137159634454
2021-05-25,20.70810890197754,77.86000061035156,18.84000015258789,19.892499923706055,-0.48196647584972013
2021-05-26,20.731746673583984,78.33999633789062,17.360000610351562,19.896499919891358,-0.4865318533279642
2021-05-27,20.70810890197754,78.41999816894531,16.739999771118164,19.852999877929687,-0.4927991444449172
2021-05-28,20.668710708618164,80.08000183105469,16.760000228881836,19.7604998588562,-0.5327770689899837
2021-06-01,21.291215896606445,80.80999755859375,17.899999618530273,19.739999866485597,-0.4226033577961658
2021-06-02,21.771881103515625,81.97000122070312,17.479999542236328,19.639999866485596,-0.3490687933663539
2021-06-03,21.87432098388672,80.27999877929688,18.040000915527344,19.58449993133545,-0.29592311204750543
2021-06-04,21.622167587280273,81.58000183105469,16.420000076293945,19.485999965667723,-0.37141770653227585
2021-06-07,21.480327606201172,81.3499984741211,16.420000076293945,19.472499942779542,-0.39528950551015196
2021-06-08,21.850675582885742,80.88999938964844,17.06999969482422,19.342999935150146,-0.3124442946630524
2021-06-09,21.74036407470703,79.95999908447266,17.889999389648438,19.145499897003173,-0.31648000638241836
2021-06-10,21.677324295043945,81.55999755859375,16.100000381469727,18.570999908447266,-0.3600176689875223
2021-06-11,21.70096206665039,81.30999755859375,15.649999618530273,18.196999931335448,-0.35046191027331897
2021-06-14,22.09494972229004,81.55000305175781,16.389999389648438,18.07599992752075,-0.27643757705123867
2021-06-15,22.36286735534668,80.47000122070312,17.020000457763672,17.94099998474121,-0.20205109020990747
2021-06-16,22.008270263671875,80.11000061035156,18.149999618530273,17.78149995803833,-0.26588915604364344
2021-06-17,21.41728973388672,84.55999755859375,17.75,17.55999994277954,-0.46997085707252584
2021-06-18,20.56627082824707,84.6500015258789,20.700000762939453,17.561499977111815,-0.6416338071207552
2021-06-21,21.22817611694336,82.58999633789062,17.889999389648438,17.448499965667725,-0.4696229706760172
2021-06-22,21.393646240234375,83.58000183105469,16.65999984741211,17.361499977111816,-0.4557345544098731
2021-06-23,21.45669174194336,83.81999969482422,16.31999969482422,17.235499954223634,-0.44778888758026814
2021-06-24,21.527606964111328,86.0999984741211,15.970000267028809,17.165999937057496,-0.4777339372379163
2021-06-25,21.527606964111328,85.62000274658203,15.619999885559082,17.10999994277954,-0.4684488348946161
2021-06-28,20.849945068359375,87.08000183105469,15.760000228881836,17.05999994277954,-0.6319991744395763
2021-06-29,20.70022964477539,89.5199966430664,16.020000457763672,16.96599998474121,-0.7090922594519377
2021-06-30,20.818424224853516,93.93000030517578,15.829999923706055,16.883500003814696,-0.7708002005520713
2021-07-01,21.338491439819336,93.30999755859375,15.479999542236328,16.755499935150148,-0.654965600523423
2021-07-02,21.25969696044922,94.69999694824219,15.069999694824219,16.68799991607666,-0.6975867339727737
2021-07-06,20.46383285522461,94.47000122070312,16.440000534057617,16.688999938964844,-0.8520468752456594
2021-07-07,20.274717330932617,90.54000091552734,16.200000762939453,16.645499992370606,-0.8137848820198825
2021-07-08,20.156526565551758,89.73999786376953,19.0,16.701000022888184,-0.8219085198322358
2021-07-09,20.4953556060791,90.9000015258789,16.18000030517578,16.705000019073488,-0.776694208782569
2021-07-12,20.392915725708008,90.80999755859375,16.170000076293945,16.73100004196167,-0.7954072051248939
2021-07-13,20.156526565551758,90.26000213623047,17.1200008392334,16.767500114440917,-0.831967552885525
2021-07-14,19.880725860595703,89.05000305175781,16.329999923706055,16.733000087738038,-0.8636299552561911
2021-07-15,19.4237003326416,86.93000030517578,17.010000228881836,16.676000118255615,-0.9138740617123442
2021-07-16,18.809078216552734,85.88999938964844,18.450000762939453,16.711000156402587,-1.016476987278462
2021-07-19,18.1944522857666,86.58000183105469,22.5,16.801000118255615,-1.1525460936935816
2021-07-20,18.21021270751953,87.11000061035156,19.729999542236328,16.89300012588501,-1.1596515977589947
2021-07-21,18.84059715270996,89.41000366210938,17.90999984741211,16.95550012588501,-1.0782750791968165
2021-07-22,18.619962692260742,91.20999908447266,17.690000534057617,17.02400016784668,-1.1571482464711378
2021-07-23,18.549047470092773,92.1500015258789,17.200000762939453,17.08550019264221,-1.189491336403954
2021-07-26,19.171546936035156,91.81999969482422,17.579999923706055,17.18350019454956,-1.058814031430531
2021-07-27,19.10850715637207,91.02999877929688,19.360000610351562,17.36350021362305,-1.0561192222445093
2021-07-28,19.226707458496094,97.93000030517578,18.309999465942383,17.478000164031982,-1.165992876644733
2021-07-29,19.40793800354004,102.94999694824219,17.700000762939453,17.57150020599365,-1.2269142907480246
2021-07-30,19.05335235595703,106.19000244140625,18.239999771118164,17.709500217437743,-1.360389077048942
2021-08-02,18.974550247192383,108.62999725341797,19.459999084472656,17.929000186920167,-1.423322987466136
2021-08-03,20.24319839477539,112.55999755859375,18.040000915527344,18.00900020599365,-1.246036025840508
2021-08-04,19.746768951416016,118.7699966430664,17.969999313354492,18.097500133514405,-1.4652845470306965
2021-08-05,19.9674072265625,112.3499984741211,17.280000686645508,18.01150016784668,-1.2970406594179527
2021-08-06,20.14076042175293,110.11000061035156,16.149999618530273,18.010000133514403,-1.2190966175862372
2021-08-09,19.920129776000977,107.58000183105469,16.719999313354492,18.03750009536743,-1.2142090290812726
2021-08-10,20.392915725708008,106.4800033569336,16.790000915527344,18.021000099182128,-1.0985299189533222
2021-08-11,20.542631149291992,107.68000030517578,16.170000076293945,18.013000106811525,-1.0918493273937824
2021-08-12,20.48517608642578,106.5,15.59000015258789,17.942000102996825,-1.0804952236566077
2021-08-13,20.126062393188477,110.55000305175781,15.449999809265137,17.79200005531311,-1.2305428217240388
2021-08-16,19.735034942626953,107.4800033569336,16.1200008392334,17.47300009727478,-1.2492323034203687
2021-08-17,19.766958236694336,107.55999755859375,17.90999984741211,17.382000112533568,-1.2444056371155436
2021-08-18,19.431787490844727,103.44000244140625,21.56999969482422,17.565000104904176,-1.231631025474007
2021-08-19,18.80135154724121,103.69999694824219,21.670000076293945,17.76400008201599,-1.3625387660495398
2021-08-20,18.86519432067871,104.6500015258789,18.559999465942383,17.832000017166138,-1.368168374957286
2021-08-23,19.463714599609375,108.7699966430664,17.149999618530273,17.81050000190735,-1.3283603083253526
2021-08-24,19.67119789123535,107.6500015258789,17.219999313354492,17.703499937057494,-1.2652670367731709
2021-08-25,19.655231475830078,108.30000305175781,16.790000915527344,17.627500009536742,-1.2810287488790082
2021-08-26,19.391887664794922,107.2699966430664,18.84000015258789,17.684499979019165,-1.3136857012095104
2021-08-27,19.90262222290039,111.4000015258789,16.389999389648438,17.591999959945678,-1.2915993320475543
2021-08-30,19.71109962463379,111.31999969482422,16.190000534057617,17.428500032424928,-1.3282928480900855
2021-08-31,19.51957130432129,110.72000122070312,16.479999542236328,17.350499963760377,-1.3549286211772547
2021-09-01,19.39986801147461,109.98999786376953,16.110000610351562,17.25750002861023,-1.3647083470680004
2021-09-02,19.82282066345215,109.19999694824219,16.40999984741211,17.21399998664856,-1.2649760251234687
2021-09-03,19.774934768676758,109.91999816894531,16.40999984741211,17.22699999809265,-1.2884651441004626
2021-09-07,19.623313903808594,109.1500015258789,18.139999389648438,17.298000001907347,-1.3038441769080957
2021-09-08,19.487648010253906,106.16999816894531,17.959999084472656,17.356499910354614,-1.2732868310618373
2021-09-09,19.39986801147461,106.1500015258789,18.799999237060547,17.487999868392944,-1.2904269379854365
2021-09-10,19.551490783691406,105.19999694824219,20.950000762939453,17.755999898910524,-1.241775587844261
2021-09-13,19.982421875,104.80000305175781,19.3700008392334,17.951999950408936,-1.147994569285999
2021-09-14,19.67119789123535,105.7300033569336,19.459999084472656,18.118999862670897,-1.228126332231889
2021-09-15,20.564973831176758,105.5999984741211,18.18000030517578,18.13249988555908,-1.0471523544599575
2021-09-16,20.22182846069336,106.22000122070312,18.690000534057617,17.988499927520753,-1.1276611867945172
2021-09-17,20.14202308654785,103.87999725341797,20.809999465942383,17.945499897003174,-1.0983304743975566
2021-09-20,19.814836502075195,101.55000305175781,25.709999084472656,18.302999877929686,-1.118587695116396
2021-09-21,20.134044647216797,102.81999969482422,24.360000610351562,18.663499927520753,-1.0794187832997824
2021-09-22,20.46921157836914,104.37999725341797,20.8700008392334,18.846000003814698,-1.0426732172288673
2021-09-23,20.876203536987305,106.1500015258789,18.6299991607666,18.93799991607666,-0.9956488343241116
2021-09-24,20.940044403076172,105.80000305175781,17.75,18.883499908447266,-0.9761313890206372
2021-09-27,21.610382080078125,108.16000366210938,18.760000228881836,19.001999950408937,-0.887938058561984
2021-09-28,21.738067626953125,101.5199966430664,23.25,19.354999923706053,-0.7339980472124361
2021-09-29,21.634326934814453,100.3499984741211,22.559999465942383,19.658999919891357,-0.7320792209805088
2021-09-30,21.809886932373047,102.9000015258789,23.139999389648438,20.0104998588562,-0.746352975886322
2021-10-01,22.025352478027344,102.44999694824219,21.100000381469727,20.244999885559082,-0.6946262851740028
2021-10-04,22.352540969848633,100.33999633789062,22.959999084472656,20.57249984741211,-0.5884808228134916
2021-10-05,22.679729461669922,101.80999755859375,21.299999237060547,20.730499839782716,-0.5515874005929408
2021-10-06,22.432344436645508,103.63999938964844,21.0,20.88249988555908,-0.6363822683190555
2021-10-07,22.52810287475586,106.44999694824219,19.540000915527344,20.919499969482423,-0.6716192716663082
2021-10-08,23.038841247558594,105.05999755859375,18.770000457763672,20.810499954223634,-0.542752430792191
2021-10-11,23.222381591796875,104.68000030517578,20.0,20.84199991226196,-0.4987544370489558
2021-10-12,23.222381591796875,105.04000091552734,19.850000381469727,20.861499977111816,-0.5057183375984511
2021-10-13,23.294206619262695,109.16000366210938,18.639999389648438,20.884499931335448,-0.5710750134215745
2021-10-14,23.501686096191406,111.98999786376953,16.860000610351562,20.792999935150146,-0.5843916317441885
2021-10-15,23.88473892211914,112.12000274658203,16.299999237060547,20.567499923706055,-0.5104227758588266
2021-10-18,23.70917510986328,116.43000030517578,16.309999465942383,20.097499942779542,-0.6288505632562649
2021-10-19,23.82887840270996,116.33000183105469,15.699999809265137,19.66449990272522,-0.6030151695661798
2021-10-20,24.044343948364258,116.38999938964844,15.489999771118164,19.395499849319457,-0.5611540292296526
2021-10-21,23.493711471557617,119.33000183105469,15.010000228881836,19.21449990272522,-0.7279699458186498
2021-10-22,23.549571990966797,119.81999969482422,15.430000305175781,19.098499917984007,-0.726294929441651
2021-10-25,23.70917510986328,122.36000061035156,15.239999771118164,18.922499895095825,-0.7435612920614022
2021-10-26,23.6533145904541,122.93000030517578,15.979999542236328,18.558999872207643,-0.7657410447318925
2021-10-27,23.342084884643555,122.27999877929688,16.979999542236328,18.279999876022337,-0.8153101808448879
2021-10-28,23.31814956665039,121.16000366210938,16.530000686645508,17.949499940872194,-0.7984239792416467
2021-10-29,22.974998474121094,120.2300033569336,16.260000228881836,17.707499933242797,-0.8489504851917626
2021-11-01,23.366029739379883,125.2300033569336,16.40999984741211,17.379999971389772,-0.8675944290382879
2021-11-02,22.296680450439453,127.62999725341797,16.030000686645508,17.116500043869017,-1.1275358968942997
2021-11-03,21.754030227661133,130.52999877929688,15.100000381469727,16.821500062942505,-1.2919842234857066
2021-11-04,21.793930053710938,137.5,15.4399995803833,16.616499996185304,-1.4188461214829453
2021-11-05,22.224863052368164,136.33999633789062,16.479999542236328,16.501999950408937,-1.3103629902777405
2021-11-08,22.360525131225586,150.16000366210938,17.219999313354492,16.36299991607666,-1.5506116022426548
2021-11-09,22.50416374206543,148.9199981689453,17.780000686645508,16.259499931335448,-1.4979446228359872
2021-11-10,22.139217376708984,139.8699951171875,18.729999542236328,16.263999938964844,-1.3957485316291505
2021-11-11,22.131145477294922,146.00999450683594,17.65999984741211,16.30399990081787,-1.5161332174133502
2021-11-12,22.106916427612305,147.88999938964844,16.290000915527344,16.30349998474121,-1.5573380710460503
2021-11-15,22.244178771972656,146.49000549316406,16.489999771118164,16.3125,-1.5028493956111728
2021-11-16,22.341068267822266,152.4499969482422,16.3700008392334,16.346000051498415,-1.5987944704788888
2021-11-17,22.147289276123047,151.33999633789062,17.110000610351562,16.427000093460084,-1.616014081985615
2021-11-18,22.03425407409668,155.02000427246094,17.59000015258789,16.556000089645387,-1.7097702538839876
2021-11-19,21.178394317626953,155.41000366210938,17.90999984741211,16.680000066757202,-1.888202922748733
2021-11-22,21.52558135986328,152.52000427246094,19.170000076293945,16.87650008201599,-1.7629759723590752
2021-11-23,22.1715087890625,149.9199981689453,19.3799991607666,17.046500062942506,-1.583709564699113
2021-11-24,22.324918746948242,157.8000030517578,18.579999923706055,17.12650008201599,-1.7055102679434886
2021-11-26,20.96039581298828,154.80999755859375,28.6200008392334,17.731000089645384,-1.9201238174907256
2021-11-29,21.13802719116211,161.91000366210938,22.959999084472656,18.066000032424927,-2.0219998574577307
2021-11-30,20.96039581298828,158.3699951171875,27.190000534057617,18.605000066757203,-1.9889888922756909
2021-12-01,20.782764434814453,149.11000061035156,31.1200008392334,19.359500074386595,-1.8453297441797942
2021-12-02,21.84855079650879,150.67999267578125,27.950000762939453,20.002000093460083,-1.6628956276069233
2021-12-03,21.727436065673828,144.00999450683594,30.670000076293945,20.763500118255614,-1.5580531096910748
2021-12-06,22.066547393798828,139.05999755859375,27.18000030517578,21.29850015640259,-1.3945897555431235
2021-12-07,22.236103057861328,144.85000610351562,21.889999389648438,21.532000160217287,-1.4727374932992772
2021-12-08,22.203811645507812,145.24000549316406,19.899999618530273,21.638000106811525,-1.486729280996602
2021-12-09,21.92928695678711,138.10000610351562,21.579999923706055,21.78050012588501,-1.4034261739654452
2021-12-10,22.131145477294922,138.5500030517578,18.690000534057617,21.832000160217284,-1.3718261326489183
2021-12-13,21.46906280517578,133.8000030517578,20.309999465942383,22.03300008773804,-1.4121387246162151
2021-12-14,21.436769485473633,135.60000610351562,21.889999389648438,22.303000068664552,-1.4534061949010328
2021-12-15,21.493289947509766,146.5,19.290000915527344,22.449000072479247,-1.652971781323922
2021-12-16,21.582101821899414,138.63999938964844,20.56999969482422,22.62200002670288,-1.4831939072679232
2021-12-17,21.23491096496582,137.75,21.56999969482422,22.821000003814696,-1.5353008111478437
2021-12-20,20.710094451904297,135.8000030517578,22.8700008392334,23.069000053405762,-1.6023692756363987
2021-12-21,21.339876174926758,144.25,21.010000228881836,23.161000061035157,-1.6400794164920556
2021-12-22,21.614397048950195,143.8800048828125,18.6299991607666,23.123500061035156,-1.578108934631259
2021-12-23,21.77587890625,146.13999938964844,17.959999084472656,23.092500019073487,-1.5895836899766425
2021-12-27,21.91313934326172,154.36000061035156,17.68000030517578,22.545499992370605,-1.7211858834411322
2021-12-28,21.856626510620117,153.14999389648438,17.540000915527344,22.27450008392334,-1.7090631977181583
2021-12-29,21.792030334472656,148.25999450683594,16.950000762939453,21.762500095367432,-1.6273682267000504
2021-12-30,21.5498046875,145.14999389648438,17.329999923706055,21.073000049591066,-1.615572851652476
2021-12-31,21.501361846923828,143.89999389648438,17.219999313354492,20.536499977111816,-1.6010652049696932
2022-01-03,22.098846435546875,150.24000549316406,16.600000381469727,19.832999992370606,-1.6044082327131692
2022-01-04,23.051591873168945,144.4199981689453,16.90999984741211,19.319499969482422,-1.3015917100316332
2022-01-05,22.906259536743164,136.14999389648438,19.729999542236328,19.211499977111817,-1.170633957019561
2022-01-06,23.261520385742188,136.22999572753906,19.610000610351562,19.19700002670288,-1.1012470252773947
2022-01-07,23.955890655517578,132.0,18.760000228881836,19.05600004196167,-0.8807773550723333
2022-01-10,23.867074966430664,132.0,19.399999618530273,19.091499996185302,-0.8985110747803396
2022-01-11,24.658336639404297,137.30999755859375,18.40999984741211,18.99650001525879,-0.8432381387449921
2022-01-12,25.18315315246582,137.47000122070312,17.6200008392334,18.78300008773804,-0.7415438017704977
2022-01-13,25.207378387451172,132.74000549316406,20.309999465942383,18.834000015258788,-0.6452091010342912
2022-01-14,25.869457244873047,136.8800048828125,19.190000534057617,18.76500005722046,-0.593097336344276
2022-01-18,26.14397621154785,131.92999267578125,22.790000915527344,18.826000118255614,-0.4425307646168101
2022-01-19,25.917898178100586,128.27000427246094,23.850000381469727,18.875000095367433,-0.4168721770479256
2022-01-20,25.320411682128906,121.88999938964844,25.59000015258789,19.104000091552734,-0.4127558946005036
2022-01-21,24.795597076416016,118.80999755859375,28.850000381469727,19.61500015258789,-0.4579650107991643
2022-01-24,24.206186294555664,116.52999877929688,29.899999618530273,20.212000179290772,-0.5315473336132042
2022-01-25,25.35271453857422,111.12999725341797,31.15999984741211,20.886000156402588,-0.1981630846825184
2022-01-26,25.433454513549805,110.70999908447266,31.959999084472656,21.607000064849853,-0.1739173314599019
2022-01-27,25.45767593383789,102.5999984741211,30.489999771118164,22.28400001525879,-0.01220012030536107
2022-01-28,25.086265563964844,105.23999786376953,27.65999984741211,22.800500011444093,-0.13742767896531066
2022-01-31,24.96515464782715,114.25,24.829999923706055,23.18100004196167,-0.33590044829542237
2022-02-01,25.643383026123047,116.77999877929688,21.959999084472656,23.448999977111818,-0.24942005878456125
2022-02-02,25.80486488342285,122.76000213623047,22.09000015258789,23.707999992370606,-0.33285516900274487
2022-02-03,25.958274841308594,120.08000183105469,24.350000381469727,23.939000034332274,-0.2503817021019877
2022-02-04,26.54768180847168,123.5999984741211,23.219999313354492,24.119499969482423,-0.20078682753211152
2022-02-07,26.919090270996094,123.66999816894531,22.860000610351562,24.324499988555907,-0.1279822389247968
2022-02-08,26.49116325378418,128.22999572753906,21.440000534057617,24.426500034332275,-0.3016351117828078
2022-02-09,26.636497497558594,132.85000610351562,19.959999084472656,24.503999996185303,-0.3619865078265988
2022-02-10,26.69301414489746,125.7699966430664,23.90999984741211,24.818499946594237,-0.21374523655775524
2022-02-11,26.830272674560547,113.18000030517578,27.360000610351562,25.171000003814697,0.05720359951592695
2022-02-14,26.20049476623535,114.2699966430664,28.329999923706055,25.62799997329712,-0.08962841976199967
2022-02-15,25.96634292602539,121.47000122070312,25.700000762939453,25.773499965667725,-0.2756590939165847
2022-02-16,26.22471809387207,117.69000244140625,24.290000915527344,25.795499992370605,-0.15094883286276758
2022-02-17,26.3372745513916,112.37000274658203,28.110000610351562,25.92150001525879,-0.025564028633254417
2022-02-18,25.91314125061035,113.83000183105469,27.75,25.866499996185304,-0.13849262457190872
2022-02-22,25.334030151367188,115.6500015258789,28.809999465942383,25.811999988555907,-0.28932934799949045
2022-02-23,25.391124725341797,109.76000213623047,31.020000457763672,25.805000019073486,-0.16399239876098745
2022-02-24,23.792457580566406,116.61000061035156,30.31999969482422,25.723000049591064,-0.6157036047512342
2022-02-25,25.064868927001953,121.05999755859375,27.59000015258789,25.57800006866455,-0.44772413529551186
2022-02-28,23.825075149536133,123.33999633789062,30.149999618530273,25.70250005722046,-0.7393768433323106
2022-03-01,23.237812042236328,113.83000183105469,33.31999969482422,26.127000045776366,-0.6726723263306787
2022-03-02,24.559165954589844,118.27999877929688,30.739999771118164,26.566000080108644,-0.49492055476591656
2022-03-03,23.441726684570312,111.9800033569336,30.479999542236328,26.985500049591064,-0.5961703188292113
2022-03-04,22.84630012512207,108.41000366210938,31.979999542236328,27.367000007629393,-0.6459998522042204
2022-03-07,23.245969772338867,102.94999694824219,36.45000076293945,28.028500080108643,-0.46057919479783843
2022-03-08,24.26552391052246,105.52999877929688,35.130001068115234,28.642000102996825,-0.3069139752479051
2022-03-09,23.678266525268555,111.05000305175781,32.45000076293945,29.192500114440918,-0.5309506471296801
2022-03-10,23.678266525268555,106.45999908447266,30.229999542236328,29.706000137329102,-0.4421609889156331
2022-03-11,23.058374404907227,104.29000091552734,30.75,30.048000144958497,-0.5239573499033089
2022-03-14,22.723955154418945,102.25,31.770000457763672,30.268500137329102,-0.5512683775657161
2022-03-15,22.878923416137695,109.33000183105469,29.829999923706055,30.3435001373291,-0.6572825688441186
2022-03-16,23.335691452026367,115.37000274658203,26.670000076293945,30.392000102996825,-0.6829188508473182
2022-03-17,23.686420440673828,111.69000244140625,25.670000076293945,30.461000061035158,-0.5417027996885375
2022-03-18,23.441726684570312,113.45999908447266,23.8700008392334,30.249000072479248,-0.6247995565691008
2022-03-21,24.30631446838379,115.91999816894531,23.530000686645508,30.038000106811523,-0.4997549295529806
2022-03-22,24.20027732849121,114.77999877929688,22.940000534057617,29.744500160217285,-0.49887493267594596
2022-03-23,25.089336395263672,113.91999816894531,23.56999969482422,29.37200012207031,-0.30472163099199057
2022-03-24,25.073020935058594,120.52999877929688,21.670000076293945,28.9395001411438,-0.43584406569849155
2022-03-25,25.32587242126465,119.66999816894531,20.809999465942383,28.600500106811523,-0.3687215513209629
2022-03-28,24.412349700927734,120.23999786376953,19.6299991607666,28.07450008392334,-0.562149663732494
2022-03-29,24.15134048461914,123.2300033569336,18.899999618530273,27.353500080108642,-0.6721041249227051
2022-03-30,24.526535034179688,119.22000122070312,19.329999923706055,26.78300008773804,-0.5196194651222467
2022-03-31,23.98005485534668,109.33999633789062,20.559999465942383,26.28700008392334,-0.4376143400026639
2022-04-01,24.338939666748047,108.19000244140625,19.6299991607666,25.669500064849853,-0.3437106122416506
2022-04-04,24.29815673828125,110.52999877929688,18.56999969482422,24.77550001144409,-0.3971188955362476
2022-04-05,24.224746704101562,106.81999969482422,21.030000686645508,24.070499992370607,-0.3400098624126208
2022-04-06,24.13502311706543,103.66999816894531,22.100000381469727,23.55299997329712,-0.2969908049745507
2022-04-07,24.355249404907227,103.72000122070312,21.549999237060547,23.11899995803833,-0.25398575799101397
2022-04-08,24.85279655456543,101.0,21.15999984741211,22.639499950408936,-0.10202505696556563
2022-04-11,24.44497299194336,97.37000274658203,24.3700008392334,22.26949996948242,-0.11323552916148433
2022-04-12,24.90989112854004,95.0999984741211,24.260000228881836,21.99099998474121,0.023505374950434473
2022-04-13,25.456375122070312,97.73999786376953,21.81999969482422,21.748499965667726,0.08155265803859345
2022-04-14,25.521629333496094,93.05999755859375,22.700000762939453,21.6,0.18511244595943094
2022-04-18,25.48900032043457,93.88999938964844,22.170000076293945,21.51499996185303,0.16254178314141113
2022-04-19,25.6195068359375,96.93000030517578,21.3700008392334,21.40699996948242,0.12979366971060619
2022-04-20,25.61134910583496,94.0199966430664,20.31999969482422,21.27599992752075,0.18445633059086058
2022-04-21,25.130117416381836,89.8499984741211,22.68000030517578,21.23149995803833,0.16903439856951208
2022-04-22,24.37156105041504,88.13999938964844,28.209999084472656,21.558499908447267,0.05065283316041671
2022-04-25,23.43356704711914,90.69000244140625,27.020000457763672,21.86899995803833,-0.18596288332785924
2022-04-26,23.12361717224121,85.16000366210938,33.52000045776367,22.563500022888185,-0.14087714956314265
2022-04-27,23.32753562927246,84.91000366210938,31.600000381469727,23.198500061035155,-0.09532496750348599
2022-04-28,23.93927001953125,89.63999938964844,29.989999771118164,23.73150005340576,-0.0646783898683467
2022-04-29,23.425411224365234,85.5199966430664,33.400001525878906,24.37350015640259,-0.08758205428981922
2022-05-02,23.53960609436035,89.83999633789062,32.34000015258789,25.00900020599365,-0.14834756366720933
2022-05-03,25.431909561157227,91.12999725341797,29.25,25.54300022125244,0.20453239627613992
2022-05-04,25.978391647338867,99.41999816894531,25.420000076293945,25.762500190734862,0.15328490401879796
2022-05-05,25.46453094482422,93.87000274658203,31.200000762939453,26.21750020980835,0.1580428306958072
2022-05-06,25.986549377441406,95.33999633789062,30.190000534057617,26.6495002746582,0.23383785582121372
2022-05-09,24.208436965942383,86.36000061035156,34.75,27.3290002822876,0.0525145846770801
2022-05-10,24.37972068786621,88.7300033569336,32.9900016784668,27.76000032424927,0.04086894133485087
2022-05-11,24.648880004882812,87.91999816894531,32.560001373291016,28.175000381469726,0.11028050206944713
2022-05-12,24.416351318359375,87.05999755859375,31.770000457763672,28.6725004196167,0.0804877526743198
2022-05-13,25.141992568969727,95.12000274658203,28.8700008392334,28.981000423431396,0.06946181953483377
2022-05-16,25.579030990600586,94.23999786376953,27.469999313354492,29.246000385284425,0.17374767875931513
2022-05-17,25.958343505859375,102.47000122070312,26.100000381469727,29.48250036239624,0.0902822442053145
2022-05-18,25.65324592590332,96.27999877929688,30.959999084472656,30.01450033187866,0.14910402994785593
2022-05-19,25.5872745513916,96.66999816894531,29.350000381469727,30.34800033569336,0.12838740551469924
2022-05-20,25.793428421020508,93.5,29.43000030517578,30.409000396728516,0.23087076960387995
2022-05-23,26.477842330932617,95.06999969482422,28.479999542236328,30.48200035095215,0.3371565688966689
2022-05-24,26.453107833862305,91.16000366210938,29.450000762939453,30.278500366210938,0.4078533548603344
2022-05-25,26.692235946655273,92.6500015258789,28.3700008392334,30.117000389099122,0.4267770514349408
2022-05-26,26.939617156982422,98.75,27.5,29.992500400543214,0.35817215788681556
2022-05-27,26.848913192749023,102.26000213623047,25.719999313354492,29.608500289916993,0.27216345203070935
2022-05-31,26.692235946655273,101.86000061035156,26.190000534057617,29.301000308990478,0.24861758214243704
2022-06-01,26.95610809326172,101.22000122070312,25.690000534057617,29.12300033569336,0.31368484486463316
2022-06-02,27.063304901123047,108.58999633789062,24.719999313354492,29.088000297546387,0.1925225165949021
2022-06-03,27.19524383544922,106.30000305175781,24.790000915527344,28.76750030517578,0.2631645419736305
2022-06-06,27.2941951751709,105.6500015258789,25.06999969482422,28.51150026321411,0.29549575213714974
2022-06-07,28.193004608154297,105.27999877929688,24.020000457763672,27.975000286102294,0.48211731246287254
2022-06-08,28.135282516479492,101.9000015258789,23.959999084472656,27.523500156402587,0.5359751377242251
2022-06-09,27.640525817871094,98.80000305175781,26.09000015258789,27.200000095367432,0.49715446474220615
2022-06-10,26.76645278930664,94.81999969482422,27.75,26.999000072479248,0.39961909899014075
2022-06-13,25.74394989013672,86.98999786376953,34.02000045776367,27.256500053405762,0.3469218147828018
2022-06-14,25.44709587097168,86.98999786376953,32.689998626708984,27.517500019073488,0.28764933686601923
2022-06-15,25.579030990600586,89.30000305175781,29.6200008392334,27.69350004196167,0.26930760726131997
2022-06-16,24.39160919189453,82.05000305175781,32.95000076293945,27.79300012588501,0.17246153470557657
2022-06-17,22.890844345092773,81.56999969482422,31.1299991607666,27.882000064849855,-0.11790909164775963
2022-06-21,24.012298583984375,83.79000091552734,30.190000534057617,27.920000076293945,0.06306629658009683
2022-06-22,23.162960052490234,83.75,28.950000762939453,27.943500137329103,-0.10574630316812643
2022-06-23,22.561004638671875,82.43000030517578,29.049999237060547,27.923500061035156,-0.20040374952993703
2022-06-24,23.278404235839844,87.08000183105469,27.229999542236328,27.866499996185304,-0.14711171096120929
2022-06-27,23.665966033935547,86.16000366210938,26.950000762939453,27.839000034332276,-0.05193115293326434
2022-06-28,23.9710636138916,80.77999877929688,28.360000610351562,27.971000099182127,0.11305884954341354
2022-06-29,23.72368621826172,77.98999786376953,28.15999984741211,28.069500064849855,0.11763546383164532
2022-06-30,23.377351760864258,76.47000122070312,28.709999084472656,28.220499992370605,0.07788630836633174
2022-07-01,23.31963348388672,73.66999816894531,26.700000762939453,28.319500064849855,0.12052540893745811
2022-07-05,22.387834548950195,75.19999694824219,27.540000915527344,28.457000064849854,-0.09512224509813656
2022-07-06,22.033260345458984,75.3499984741211,26.729999542236328,28.54000005722046,-0.16882129125211848
2022-07-07,22.907333374023438,79.30000305175781,26.079999923706055,28.643000030517577,-0.07070562505160143
2022-07-08,22.956806182861328,79.3499984741211,24.639999389648438,28.677000045776367,-0.06179456820848607
2022-07-11,22.643461227416992,76.94999694824219,26.170000076293945,28.68100004196167,-0.07793381667748561
2022-07-12,22.165197372436523,76.36000061035156,27.290000915527344,28.65800008773804,-0.16201520496967292
2022-07-13,22.27239418029785,77.5199966430664,26.81999969482422,28.298000049591064,-0.16305047013666818
2022-07-14,21.45604133605957,78.5999984741211,26.399999618530273,27.98350009918213,-0.34694234294172155
2022-07-15,21.98378562927246,81.11000061035156,24.229999542236328,27.714000034332276,-0.2901221083604877
2022-07-18,22.536264419555664,81.43000030517578,25.299999237060547,27.33149995803833,-0.1859994633405324
2022-07-19,23.138221740722656,85.87999725341797,24.5,27.0,-0.1518887268018296
2022-07-20,23.204187393188477,89.43000030517578,23.8799991607666,26.68449993133545,-0.20738918557201572
2022-07-21,22.907333374023438,91.08999633789062,23.110000610351562,26.392499923706055,-0.29877285150343563
2022-07-22,22.71767807006836,88.0999984741211,23.030000686645508,26.091499996185302,-0.27880216992063717
2022-07-25,23.18769645690918,87.54000091552734,23.360000610351562,25.898000049591065,-0.17412150650002492
2022-07-26,23.146469116210938,85.25,24.690000534057617,25.785000038146972,-0.1380552312838506
2022-07-27,23.71544075012207,89.81999969482422,23.239999771118164,25.528999996185302,-0.11285205584059807
2022-07-28,23.476306915283203,91.66999816894531,22.329999923706055,25.2375,-0.1963862363133601
2022-07-29,24.2266902923584,94.47000122070312,21.329999923706055,24.86850004196167,-0.10072174589810728
2022-08-01,23.954572677612305,96.77999877929688,22.84000015258789,24.675500011444093,-0.1997400418228582
2022-08-02,24.210201263427734,99.29000091552734,23.93000030517578,24.494999980926515,-0.1972528167891849
2022-08-03,24.482315063476562,98.08999633789062,21.950000762939453,24.25600004196167,-0.11970713705325493
2022-08-04,24.201953887939453,103.91000366210938,21.440000534057617,24.024000072479247,-0.2882695188000654
2022-08-05,24.457576751708984,102.30999755859375,21.149999618530273,23.84950008392334,-0.2062788804095315
2022-08-08,24.8698787689209,100.06999969482422,21.290000915527344,23.60550012588501,-0.08062422035426584
2022-08-09,25.207962036132812,95.54000091552734,21.770000457763672,23.329500102996825,0.074509360685683
2022-08-10,25.397619247436523,99.05000305175781,19.739999771118164,22.975500106811523,0.044480026887557755
2022-08-11,26.215282440185547,98.12000274658203,20.200000762939453,22.665500164031982,0.22573188554631854
2022-08-12,26.42386817932129,100.83000183105469,19.530000686645508,22.43050022125244,0.21495735503556218
2022-08-15,25.831480026245117,101.01000213623047,19.950000762939453,22.163000297546386,0.0931939887970646
2022-08-16,25.806455612182617,100.19999694824219,19.690000534057617,21.922500324249267,0.1038662447619034
2022-08-17,26.1068172454834,98.2699966430664,19.899999618530273,21.723500347137453,0.20117327090987866
2022-08-18,26.632455825805664,100.44000244140625,19.559999465942383,21.546000289916993,0.26414999557538804
2022-08-19,26.290374755859375,95.94999694824219,20.600000381469727,21.424500274658204,0.28270236209105026
2022-08-22,26.457242965698242,92.83999633789062,23.799999237060547,21.44650020599365,0.3761810057767073
2022-08-23,27.158098220825195,92.48999786376953,24.110000610351562,21.41750020980835,0.5228903328446026
2022-08-24,26.9411678314209,92.7300033569336,22.81999969482422,21.396500205993654,0.4749334093005426
2022-08-25,27.25821876525879,97.18000030517578,21.780000686645508,21.369000244140626,0.45215723691743587
2022-08-26,26.974544525146484,91.18000030517578,25.559999465942383,21.580500221252443,0.51158116169872
2022-08-29,27.091354370117188,88.48999786376953,26.209999084472656,21.74900016784668,0.5869402116210758
2022-08-30,26.215282440185547,86.94000244140625,26.209999084472656,21.863000106811523,0.44199932518355123
2022-08-31,25.73135757446289,84.87000274658203,25.8700008392334,22.059000110626222,0.3854169951436015
2022-09-01,25.52277183532715,82.33000183105469,25.559999465942383,22.26500005722046,0.39290305805710746
2022-09-02,25.97332000732422,80.23999786376953,25.469999313354492,22.48100004196167,0.5232927786873608
2022-09-06,25.97332000732422,78.72000122070312,26.90999984741211,22.761999988555907,0.5526957995531994
2022-09-07,25.589521408081055,79.61000061035156,24.639999389648438,22.905499935150146,0.45884693527304815
2022-09-08,25.614553451538086,82.77999877929688,23.610000610351562,23.098999977111816,0.4025241789014249
2022-09-09,26.440555572509766,85.44999694824219,22.790000915527344,23.228499984741212,0.5158022032198375
2022-09-12,26.807674407958984,84.63999938964844,23.8700008392334,23.445499992370607,0.6047730732689979
2022-09-13,26.507305145263672,77.02999877929688,27.270000457763672,23.811499977111815,0.6920075931627224
2022-09-14,26.76595687866211,77.44999694824219,26.15999984741211,24.13499994277954,0.735527766088993
2022-09-15,26.282032012939453,76.66000366210938,26.270000457763672,24.45349998474121,0.6541848187708151
2022-09-16,25.873197555541992,76.51000213623047,26.299999237060547,24.79049997329712,0.5754549939218828
2022-09-19,25.781417846679688,76.7699966430664,25.760000228881836,25.048499965667723,0.552100083078075
2022-09-20,25.864856719970703,75.25,27.15999984741211,25.216499996185302,0.5981632414365886
2022-09-21,25.464370727539062,74.4800033569336,27.989999771118164,25.41049995422363,0.5330936138401327
2022-09-22,25.68964195251465,69.5,27.350000381469727,25.636999988555907,0.6744071022490228
2022-09-23,23.428552627563477,67.95999908447266,29.920000076293945,26.04399995803833,0.2527281561710774
2022-09-26,22.744386672973633,66.30000305175781,32.2599983215332,26.37899990081787,0.1482327671587229
2022-09-27,22.986347198486328,67.16999816894531,32.599998474121094,26.698499870300292,0.17971542518327782
2022-09-28,23.829038619995117,68.36000061035156,30.18000030517578,26.89699993133545,0.32495501941048577
2022-09-29,23.987565994262695,64.13999938964844,31.84000015258789,27.195499897003174,0.4382402607845528
2022-09-30,23.820697784423828,63.36000061035156,31.6200008392334,27.498499965667726,0.42001029198490547
2022-10-03,25.11393928527832,66.11000061035156,30.100000381469727,27.730000019073486,0.6250338639659686
2022-10-04,26.09847640991211,67.9000015258789,29.06999969482422,27.83800001144409,0.786989164041987
2022-10-05,26.18190574645996,67.94000244140625,28.549999237060547,28.033500003814698,0.8028736142189031
2022-10-06,25.981666564941406,67.8499984741211,30.520000457763672,28.378999996185303,0.7646331513667961
2022-10-07,25.931604385375977,58.439998626708984,31.360000610351562,28.807499980926515,0.9366656085041936
2022-10-10,25.322528839111328,57.810001373291016,32.45000076293945,29.236499977111816,0.8272389933790982
2022-10-11,24.871978759765625,57.630001068115234,33.630001068115234,29.554500007629393,0.7407601619082034
2022-10-12,24.988784790039062,57.849998474121094,33.56999969482422,29.925,0.7598270191022402
2022-10-13,25.990007400512695,58.939998626708984,31.940000534057617,30.2085000038147,0.9386547992072555
2022-10-14,25.30584144592285,55.939998626708984,32.02000045776367,30.494500064849852,0.8600806283700324
2022-10-17,25.430994033813477,57.959999084472656,31.3700008392334,30.77500009536743,0.8459945297390059
2022-10-18,25.430994033813477,57.91999816894531,30.5,30.942000102996825,0.8467683128649547
2022-10-19,25.781417846679688,57.22999954223633,30.760000228881836,31.08050012588501,0.9300844326454979
2022-10-20,25.831480026245117,57.77000045776367,29.979999542236328,31.21200008392334,0.9296344358140829
2022-10-21,26.16521644592285,58.81999969482422,29.690000534057617,31.200500106811525,0.9759598499971492
2022-10-24,26.532333374023438,58.70000076293945,29.850000381469727,31.08000020980835,1.0515829123498275
2022-10-25,26.76595687866211,61.470001220703125,28.459999084472656,30.87300024032593,1.0446469670794303
2022-10-26,26.957855224609375,59.72999954223633,27.280000686645508,30.728000259399415,1.1166219025109585
2022-10-27,27.725454330444336,58.599998474121094,27.389999389648438,30.50550022125244,1.2917463681766512
2022-10-28,27.658710479736328,62.0099983215332,25.75,30.212000179290772,1.212456206616078
2022-10-31,27.767173767089844,60.060001373291016,25.8799991607666,30.001000118255615,1.2718339431620327
2022-11-01,27.70042610168457,59.65999984741211,25.809999465942383,29.838000106811524,1.2662442023516685
2022-11-02,27.333309173583984,58.630001068115234,25.860000610351562,29.703500175476073,1.2128668514298557
2022-11-03,27.56692886352539,60.11000061035156,25.299999237060547,29.442500114440918,1.230884096855219
2022-11-04,28.301156997680664,62.189998626708984,24.549999237060547,29.102000045776368,1.3372507646219836
2022-11-07,28.643247604370117,63.08000183105469,24.350000381469727,28.69700002670288,1.3883392339990666
2022-11-08,28.14263153076172,63.849998474121094,25.540000915527344,28.292500019073486,1.2734869172662755
2022-11-09,27.265546798706055,59.91999816894531,26.09000015258789,27.91850004196167,1.1743829425685126
2022-11-10,27.788423538208008,68.47000122070312,23.530000686645508,27.498000049591063,1.1133926831648273
2022-11-11,28.53900909423828,72.37000274658203,22.520000457763672,27.023000049591065,1.1878190229846286
2022-11-14,28.29443359375,73.52999877929688,23.729999542236328,26.64099998474121,1.1165458124563619
2022-11-15,28.598041534423828,76.37000274658203,24.540000915527344,26.34300003051758,1.1222294163271396
2022-11-16,28.64864158630371,72.69999694824219,24.110000610351562,26.010500049591066,1.2033257556946524
2022-11-17,28.969112396240234,73.9000015258789,23.93000030517578,25.708000087738036,1.2441007182325743
2022-11-18,28.707677841186523,73.56999969482422,23.1200008392334,25.379500102996825,1.198284001374158
2022-11-21,27.94022560119629,72.45999908447266,22.360000610351562,25.005000114440918,1.0665197559884005
2022-11-22,29.424524307250977,75.25,21.290000915527344,24.646500205993654,1.3089177026751764
2022-11-23,29.500425338745117,76.4000015258789,20.350000381469727,24.300000190734863,1.3018269833185077
2022-11-25,29.74500274658203,75.13999938964844,20.5,23.955500221252443,1.3750351062916282
2022-11-28,29.289588928222656,73.19000244140625,22.209999084472656,23.778500175476076,1.321824192732209
2022-11-29,29.77873420715332,73.38999938964844,21.889999389648438,23.579000186920165,1.4156224625964688
2022-11-30,30.27631378173828,77.62999725341797,20.579999923706055,23.31750020980835,1.4329544732170965
2022-12-01,30.124507904052734,77.4800033569336,19.84000015258789,23.016500186920165,1.4055450820509932
2022-12-02,29.820898056030273,74.9800033569336,19.059999465942383,22.704500198364258,1.3932840145637115
2022-12-05,29.517297744750977,73.62000274658203,20.75,22.514500236511232,1.3589725487208524
2022-12-06,28.985979080200195,70.2699966430664,22.170000076293945,22.405500221252442,1.3176877742753665
2022-12-07,28.598041534423828,70.13999938964844,22.68000030517578,22.262500190734862,1.2427434447848704
2022-12-08,28.614906311035156,70.47000122070312,22.290000915527344,22.072500228881836,1.23972721394525
2022-12-09,28.429367065429688,68.58999633789062,22.829999923706055,22.037500190734864,1.2390478893374934
2022-12-12,28.75827407836914,70.66999816894531,25.0,22.16150016784668,1.264484512163309
2022-12-13,29.52572250366211,71.6500015258789,22.549999237060547,22.10250015258789,1.3987626803444437
2022-12-14,29.348621368408203,68.93000030517578,21.139999389648438,21.932500076293945,1.4160171857740813
2022-12-15,28.910076141357422,66.52999877929688,22.829999923706055,21.86850004196167,1.3748793526309004
2022-12-16,28.40407371520996,65.41000366210938,22.6200008392334,21.803000068664552,1.295511806001758
2022-12-19,28.631772994995117,64.58999633789062,22.420000076293945,21.768000030517577,1.356838574630368
2022-12-20,28.741411209106445,65.05000305175781,21.479999542236328,21.723999977111816,1.3698314702148944
2022-12-21,29.5425968170166,67.68000030517578,20.06999969482422,21.66299991607666,1.4789281949335846
2022-12-22,29.019718170166016,63.86000061035156,21.969999313354492,21.743999862670897,1.4484202481364619
2022-12-23,29.52572250366211,64.5199966430664,20.8700008392334,21.76249990463257,1.5366864601759125
2022-12-27,29.551027297973633,63.27000045776367,21.649999618530273,21.73449993133545,1.5659191328736128
2022-12-28,29.1630916595459,62.56999969482422,22.139999389648438,21.74699993133545,1.5020014092857943
2022-12-29,29.2642879486084,64.81999969482422,21.440000534057617,21.789999961853027,1.4786828435638584
2022-12-30,29.458263397216797,64.7699966430664,21.670000076293945,21.88149995803833,1.51838094928107
2023-01-03,28.943815231323242,64.0199966430664,22.899999618530273,22.073499965667725,1.4301698165125292
2023-01-04,28.4884033203125,64.66000366210938,22.010000228881836,22.136499977111818,1.3268578963702045
2023-01-05,28.589609146118164,62.33000183105469,22.459999084472656,22.15099992752075,1.392137410374629
2023-01-06,29.06188201904297,63.959999084472656,21.1299991607666,22.073499870300292,1.4549046681051323
2023-01-09,29.323326110839844,67.23999786376953,21.969999313354492,22.05749979019165,1.4436581487670375
2023-01-10,29.39078712463379,68.05000305175781,20.579999923706055,21.944999790191652,1.4414591566223087
2023-01-11,29.551027297973633,69.05999755859375,21.09000015258789,21.749499797821045,1.4539166450092953
2023-01-12,29.77873420715332,70.80000305175781,18.829999923706055,21.56349983215332,1.465723702433296
2023-01-13,29.98957061767578,71.0,18.350000381469727,21.423999881744386,1.5039523818868605
2023-01-17,30.099206924438477,71.58999633789062,19.360000610351562,21.25049991607666,1.5144303597461635
2023-01-18,29.804035186767578,70.52999877929688,20.34000015258789,21.136499881744385,1.475998517205498
2023-01-19,29.972707748413086,67.70999908447266,20.520000457763672,21.041499900817872,1.564227616628263
2023-01-20,29.93897247314453,70.06999969482422,19.850000381469727,20.95999994277954,1.5118395642488551
2023-01-23,30.00643539428711,76.52999877929688,19.809999465942383,20.946999931335448,1.4003467060185908
2023-01-24,29.761863708496094,74.69999694824219,19.200000762939453,20.808500003814697,1.38691318067852
2023-01-25,29.71969985961914,74.91000366210938,19.079999923706055,20.71899995803833,1.3744319783797585
2023-01-26,30.571481704711914,75.16000366210938,18.729999542236328,20.572999954223633,1.5396701808343107
2023-01-27,30.630516052246094,75.4000015258789,18.510000228881836,20.391499996185303,1.546814945429492
2023-01-30,30.50401496887207,72.44999694824219,19.940000534057617,20.316499996185303,1.5786219172354805
2023-01-31,30.55462074279785,75.1500015258789,19.399999618530273,20.202999973297118,1.5364970559263085
2023-02-01,30.73171615600586,84.63999938964844,17.8700008392334,19.951500034332277,1.388281676284852
2023-02-02,29.685964584350586,88.30999755859375,18.729999542236328,19.7875,1.1084848010959585
2023-02-03,29.643800735473633,86.08999633789062,18.329999923706055,19.58100004196167,1.1430100012983127
2023-02-06,29.382356643676758,83.68000030517578,19.43000030517578,19.49600009918213,1.1374270697111197
2023-02-07,31.836511611938477,85.91000366210938,18.65999984741211,19.33050012588501,1.5843076953443411
2023-02-08,32.595523834228516,84.69000244140625,19.6299991607666,19.28300008773804,1.7594586036417612
2023-02-09,33.354549407958984,83.20999908447266,20.709999084472656,19.264000034332277,1.9396416943315613
2023-02-10,34.282230377197266,81.4800033569336,20.530000686645508,19.34900007247925,2.158335887252553
2023-02-13,34.24849319458008,83.12999725341797,20.34000015258789,19.448500061035155,2.1196819200407164
2023-02-14,34.59426498413086,85.94999694824219,18.90999984741211,19.426000022888182,2.1341712932580097
2023-02-15,34.476200103759766,85.18000030517578,18.229999542236328,19.320499992370607,2.125492342718668
2023-02-16,34.87390899658203,80.08000183105469,20.170000076293945,19.30299997329712,2.3035574505664123
2023-02-17,34.08189392089844,78.5,20.020000457763672,19.311499977111815,2.1759805411537947
2023-02-21,33.868995666503906,76.7699966430664,22.8700008392334,19.46450004577637,2.166936826990512
2023-02-22,33.153629302978516,76.61000061035156,22.290000915527344,19.619000053405763,2.027195487498251
2023-02-23,33.7923469543457,79.75,21.139999389648438,19.72200002670288,2.0939868842243126
2023-02-24,33.80937957763672,78.08999633789062,21.670000076293945,19.869000053405763,2.129499102825085
2023-02-27,34.25222396850586,78.7699966430664,20.950000762939453,19.99100008010864,2.204767281230556
2023-02-28,33.724212646484375,78.58000183105469,20.700000762939453,20.029000091552735,2.103015193533853
2023-03-01,34.005252838134766,78.29000091552734,20.579999923706055,20.088000106811524,2.1647399608814584
2023-03-02,34.28628158569336,80.44000244140625,19.59000015258789,20.17400007247925,2.1792627056067193
2023-03-03,34.25222396850586,81.5199966430664,18.489999771118164,20.16200008392334,2.1515709088899353
2023-03-06,34.42253875732422,81.16000366210938,18.610000610351562,20.176000118255615,2.1925412068485546
2023-03-07,33.894535064697266,82.11000061035156,19.59000015258789,20.184000110626222,2.0687384875423525
2023-03-08,33.77531433105469,85.37000274658203,19.110000610351562,20.206500148773195,1.981871907163131
2023-03-09,33.50278854370117,84.02999877929688,22.610000610351562,20.35550022125244,1.9533782356288378
2023-03-10,33.221763610839844,82.66999816894531,24.799999237060547,20.560000228881837,1.9235743679061108
2023-03-13,32.37013244628906,82.01000213623047,26.520000457763672,20.859500217437745,1.76629727041947
2023-03-14,32.574527740478516,87.44999694824219,23.729999542236328,21.029000186920165,1.701876631920221
2023-03-15,30.5306339263916,89.68000030517578,26.139999389648438,21.390500164031984,1.2506373740151795
2023-03-16,30.334760665893555,96.5999984741211,22.989999771118164,21.628500175476074,1.0776662188048332
2023-03-17,29.9515323638916,97.83999633789062,25.510000228881836,21.89550018310547,0.9771608072033707
2023-03-20,30.48805809020996,96.80999755859375,24.149999618530273,22.102000141143797,1.1042126767764022
2023-03-21,31.527029037475586,95.93000030517578,21.3799991607666,22.027500057220458,1.3286855175432455
2023-03-22,31.356708526611328,97.58000183105469,22.260000228881836,22.026000022888184,1.262759977115013
2023-03-23,31.06715965270996,100.27999877929688,22.610000610351562,22.09950008392334,1.1527170020561304
2023-03-24,30.556180953979492,97.94999694824219,21.739999771118164,22.10300006866455,1.0957623828875405
2023-03-27,31.407808303833008,96.61000061035156,20.600000381469727,22.085500049591065,1.291726841907395
2023-03-28,31.87619400024414,94.55999755859375,19.969999313354492,22.048999977111816,1.4249043760338258
2023-03-29,32.09761047363281,96.08999633789062,19.1200008392334,21.976000022888183,1.4395178281658607
2023-03-30,32.3445930480957,97.87999725341797,19.020000457763672,21.947500038146973,1.454206515816051
2023-03-31,32.310516357421875,98.01000213623047,18.700000762939453,21.958000087738036,1.444887632728748
2023-04-03,33.84344482421875,96.55999755859375,18.549999237060547,21.955000019073488,1.779014664440818
2023-04-04,33.494285583496094,95.87000274658203,19.0,21.925500011444093,1.7226458201542059
2023-04-05,33.97119140625,92.55999755859375,19.079999923706055,21.923999977111816,1.8818982093808418
2023-04-06,33.64756774902344,92.47000122070312,18.399999618530273,21.71349992752075,1.8190215720104888
2023-04-10,33.80937957763672,95.4800033569336,18.969999313354492,21.42199993133545,1.793104452501076
2023-04-11,33.94563674926758,94.02999877929688,19.100000381469727,21.050999927520753,1.848359839717381
2023-04-12,34.23519515991211,92.33000183105469,19.09000015258789,20.81899995803833,1.9390605835694854
2023-04-13,34.45661544799805,92.08999633789062,17.799999237060547,20.401999950408936,1.9879139996764714
2023-04-14,34.55881118774414,91.75,17.06999969482422,20.10599994659424,2.014896232883535
2023-04-17,34.43106460571289,89.87000274658203,16.950000762939453,19.67799997329712,2.025756150945202
2023-04-18,34.6184196472168,89.77999877929688,16.829999923706055,19.311999988555907,2.064906151221704
2023-04-19,34.115962982177734,89.94000244140625,16.459999084472656,19.06599998474121,1.9614861126700305
2023-04-20,33.94563674926758,90.11000061035156,17.170000076293945,18.811499977111815,1.9241888150518416
2023-04-21,33.75828552246094,88.43000030517578,16.770000457763672,18.51949996948242,1.9192787787502916
2023-04-24,34.150020599365234,87.56999969482422,16.889999389648438,18.276999950408936,2.0141320093425406
2023-04-25,33.698665618896484,83.80000305175781,18.760000228881836,18.18499994277954,1.9969378394850312
2023-04-26,33.5709228515625,85.94000244140625,18.84000015258789,18.12849998474121,1.9300351598653116
2023-04-27,33.50278854370117,87.44000244140625,17.030000686645508,18.023999977111817,1.8874146630861282
2023-04-28,34.30331802368164,89.37000274658203,15.779999732971191,17.86199994087219,2.009921215289832
2023-05-01,34.07337951660156,89.69000244140625,16.079999923706055,17.73099989891052,1.9578195581759812
2023-05-02,31.3226375579834,89.91000366210938,17.780000686645508,17.692499971389772,1.4043265516686108
2023-05-03,31.050121307373047,81.62000274658203,18.34000015258789,17.659499979019166,1.5102764662968087
2023-05-04,30.752056121826172,86.61000061035156,20.09000015258789,17.709999990463256,1.354234961968604
2023-05-05,31.620716094970703,89.83999633789062,17.190000534057617,17.649500036239623,1.4651977587155405
2023-05-08,31.535545349121094,95.04000091552734,16.979999542236328,17.550000047683717,1.3476022277405335
2023-05-09,31.50148582458496,95.05999755859375,17.709999084472656,17.480499982833862,1.3404147864792786
2023-05-10,31.297101974487305,97.0199966430664,16.940000534057617,17.37300000190735,1.2616912261387716
2023-05-11,30.967357635498047,97.0999984741211,16.93000030517578,17.32950005531311,1.1943040121505955
2023-05-12,30.829614639282227,95.26000213623047,17.030000686645508,17.327500104904175,1.2023941753266314
2023-05-15,31.156763076782227,97.4000015258789,17.1200008392334,17.33600010871887,1.2263190646544322
2023-05-16,30.597169876098633,101.4800033569336,17.989999771118164,17.39400010108948,1.0356616687738156
2023-05-17,30.99319076538086,103.75,16.8700008392334,17.414500188827514,1.0708235516059696
2023-05-18,30.958749771118164,107.93000030517578,16.049999237060547,17.358500146865843,0.9830882686621308
2023-05-19,31.01901626586914,105.81999969482422,16.809999465942383,17.36050009727478,1.0359377432460455
2023-05-22,30.89849090576172,108.0,17.209999084472656,17.37650008201599,0.9697023713491926
2023-05-23,31.148157119750977,108.12000274658203,18.530000686645508,17.365000104904176,1.017231568704278
2023-05-24,31.027624130249023,108.2699966430664,20.030000686645508,17.424500131607054,0.9902633922812477
2023-05-25,30.44219970703125,120.3499984741211,19.139999389648438,17.530000066757204,0.639695224706375
2023-05-26,30.605770111083984,127.02999877929688,17.950000762939453,17.638500118255614,0.5431362963127607
2023-05-30,30.123661041259766,125.2699966430664,17.459999084472656,17.707500076293947,0.48091988926673873
2023-05-31,29.02167510986328,118.20999908447266,17.940000534057617,17.71550006866455,0.39745725859780856
2023-06-01,29.89120864868164,119.47000122070312,15.649999618530273,17.58100004196167,0.5467023018921016
2023-06-02,30.691871643066406,117.86000061035156,14.600000381469727,17.306500053405763,0.7377137697671683
2023-06-05,30.42498207092285,117.93000030517578,14.729999542236328,17.183500003814697,0.6830701726615284
2023-06-06,30.390541076660156,124.2300033569336,13.960000038146973,17.03250002861023,0.5543252695466655
2023-06-07,30.743520736694336,117.83000183105469,13.9399995803833,16.84400005340576,0.7486067813929658
2023-06-08,30.829614639282227,121.05000305175781,13.649999618530273,16.679500007629393,0.703508905738504
2023-06-09,30.536901473999023,124.91999816894531,13.829999923706055,16.52449998855591,0.5702015175065565
2023-06-12,29.93425941467285,129.19000244140625,15.010000228881836,16.423499965667723,0.3672731758677315
2023-06-13,30.201141357421875,124.52999877929688,14.609999656677246,16.297999906539918,0.5107049078355701
2023-06-14,30.175315856933594,127.33000183105469,13.880000114440918,16.092499923706054,0.45138472368384885
2023-06-15,30.459423065185547,124.23999786376953,14.5,15.973999881744385,0.567885516618675
2023-06-16,30.43359375,120.08000183105469,13.539999961853027,15.84849991798401,0.6431997354412077
2023-06-20,30.192527770996094,118.93000030517578,13.880000114440918,15.701999950408936,0.6173121723025452
2023-06-21,30.502466201782227,112.11000061035156,13.199999809265137,15.50149998664856,0.811124196141128
2023-06-22,30.338891983032227,110.69999694824219,12.90999984741211,15.220499944686889,0.8057388342557698
2023-06-23,29.968700408935547,110.01000213623047,13.4399995803833,14.890999889373779,0.7451704897604124
2023-06-26,30.338891983032227,107.51000213623047,14.25,14.646499919891358,0.8674465258137427
2023-06-27,30.003124237060547,110.38999938964844,13.739999771118164,14.435999870300293,0.7446931349810373
2023-06-28,30.037567138671875,110.16999816894531,13.430000305175781,14.23449993133545,0.7558260403024282
2023-06-29,30.106443405151367,111.23999786376953,13.539999961853027,14.01449990272522,0.7488802609830195
2023-06-30,30.381935119628906,113.91000366210938,13.59000015258789,13.9114999294281,0.7522384000508389
2023-07-03,30.93292808532715,115.81999969482422,13.569999694824219,13.859999895095825,0.8253072678580332
2023-07-05,30.390541076660156,113.94999694824219,14.180000305175781,13.832499933242797,0.7531831053941996
2023-07-06,29.951473236083984,113.4800033569336,15.4399995803833,13.906499910354615,0.6746065878465661
2023-07-07,30.347505569458008,113.16999816894531,14.829999923706055,13.950999927520751,0.7596786604498642
2023-07-10,30.313058853149414,113.58000183105469,15.069999694824219,14.021999931335449,0.7448695605003031
2023-07-11,30.91571044921875,111.31999969482422,14.84000015258789,14.07249994277954,0.9089180528582625
2023-07-12,31.26007843017578,114.58000183105469,13.539999961853027,13.9989999294281,0.9146156625340145
2023-07-13,31.449481964111328,115.91999816894531,13.609999656677246,13.948999929428101,0.926512563261391
2023-07-14,30.5799503326416,115.94000244140625,13.34000015258789,13.92199993133545,0.7525072835268313
2023-07-17,30.407766342163086,118.31999969482422,13.479999542236328,13.870999908447265,0.6720885282171205
2023-07-18,30.812400817871094,117.93000030517578,13.300000190734863,13.858999919891357,0.7604255986976185
2023-07-19,31.122337341308594,116.43000030517578,13.760000228881836,13.852999925613403,0.8513264472917443
2023-07-20,31.45808982849121,110.25,13.989999771118164,13.892499923706055,1.0379124972631142
2023-07-21,31.59583854675293,110.94999694824219,13.600000381469727,13.926999950408936,1.051875779146353
2023-07-24,32.00907897949219,110.61000061035156,13.90999984741211,13.950499963760375,1.1409639247086738
2023-07-25,32.052127838134766,113.0,13.859999656677246,13.930999946594238,1.1033269657235125
2023-07-26,31.940200805664062,110.08999633789062,13.1899995803833,13.903499937057495,1.1372701372724217
2023-07-27,31.561397552490234,111.0999984741211,14.40999984741211,13.952499914169312,1.0420973382373242
2023-07-28,31.60443878173828,112.95999908447266,13.329999923706055,13.941999912261963,1.0147112240470597
2023-07-31,32.11238479614258,114.4000015258789,13.630000114440918,13.943999910354615,1.0882765795520548
2023-08-01,31.819671630859375,117.5999984741211,13.930000305175781,13.961999940872193,0.9679297266156534
2023-08-02,31.01901626586914,109.3499984741211,16.09000015258789,14.057499933242799,0.9676529689095308
2023-08-03,31.389211654663086,113.1500015258789,15.920000076293945,14.08149995803833,0.9680616546066542
2023-08-04,31.681928634643555,115.81999969482422,17.100000381469727,14.194999980926514,0.9748592888947866
2023-08-07,31.888551712036133,116.80999755859375,15.770000457763672,14.230000019073486,0.996964812616548
2023-08-08,31.82828712463379,113.2300033569336,15.989999771118164,14.2875,1.0541837489200425
2023-08-09,32.2156982421875,110.47000122070312,15.960000038146973,14.408500003814698,1.184927506622402
2023-08-10,32.299320220947266,110.2300033569336,15.850000381469727,14.520500040054321,1.2062667557310953
2023-08-11,32.316741943359375,107.56999969482422,14.84000015258789,14.595500040054322,1.2612008006727378
2023-08-14,31.95089340209961,111.9800033569336,14.819999694824219,14.662500047683716,1.102844563211422
2023-08-15,31.419538497924805,111.3499984741211,16.459999084472656,14.820499992370605,1.0089364809524848
2023-08-16,31.262746810913086,107.19000244140625,16.780000686645508,14.971500015258789,1.0581016036171493
2023-08-17,31.436962127685547,104.44000244140625,17.889999389648438,15.166499996185303,1.1460833345835537
2023-08-18,31.567626953125,105.44999694824219,17.299999237060547,15.351499938964844,1.1526355495292793
2023-08-21,31.86379051208496,108.22000122070312,17.1299991607666,15.512499904632568,1.158186826408144
2023-08-22,31.68086051940918,105.66000366210938,16.969999313354492,15.667999887466431,1.171182358521625
2023-08-23,31.35856056213379,109.43000030517578,15.979999542236328,15.807499885559082,1.0339017958434942
2023-08-24,31.158214569091797,101.80000305175781,17.200000762939453,15.94699993133545,1.1414946570818343
2023-08-25,31.489227294921875,102.25,15.680000305175781,16.064499950408937,1.1988827601681011
2023-08-28,31.916051864624023,102.61000061035156,15.079999923706055,16.136999940872194,1.2771423979529335
2023-08-29,32.316741943359375,105.91999816894531,14.449999809265137,16.16299991607666,1.293118653593918
2023-08-30,32.48224639892578,106.58999633789062,13.880000114440918,16.05249991416931,1.3132041899509685
2023-08-31,32.38642883300781,105.72000122070312,13.569999694824219,15.934999895095824,1.3109017174251183
2023-09-01,33.21394729614258,109.44999694824219,13.09000015258789,15.734499883651733,1.403977771629957
2023-09-05,33.44913864135742,110.77999877929688,14.010000228881836,15.646499872207642,1.4252104035704167
2023-09-06,33.823699951171875,109.27999877929688,14.449999809265137,15.56949987411499,1.5290148039984672
2023-09-07,33.54494857788086,106.58999633789062,14.399999618530273,15.491499853134155,1.5253926306242687
2023-09-08,33.68431854248047,106.08999633789062,13.84000015258789,15.390999841690064,1.5628925282176358
2023-09-11,33.63206100463867,105.31999969482422,13.800000190734863,15.338999843597412,1.567353249048757
2023-09-12,33.187808990478516,105.30999755859375,14.229999542236328,15.309499835968017,1.4788434769316658
2023-09-13,33.327186584472656,107.70999908447266,13.479999542236328,15.160499858856202,1.4602468757099636
2023-09-14,34.05888366699219,106.62999725341797,12.819999694824219,14.962499809265136,1.6272356364024827
2023-09-15,33.75401306152344,101.48999786376953,13.789999961853027,14.757499837875367,1.6657913406624865
2023-09-18,33.58850860595703,102.37000274658203,14.0,14.59249987602234,1.6157223354071057
2023-09-19,33.81499099731445,101.61000061035156,14.109999656677246,14.44149990081787,1.6756453809349132
2023-09-20,33.640777587890625,100.33999633789062,15.140000343322754,14.349999952316285,1.6654275377478247
2023-09-21,33.196529388427734,96.11000061035156,17.540000915527344,14.428000020980836,1.6585506547096713
2023-09-22,33.483985900878906,96.19999694824219,17.200000762939453,14.428000020980836,1.7142058426415345
2023-09-25,33.75401306152344,97.37999725341797,16.899999618530273,14.48899998664856,1.7452957489491918
2023-09-26,33.65819549560547,95.95999908447266,18.940000534057617,14.682000017166137,1.7536326099250812
2023-09-27,34.389892578125,98.06999969482422,18.219999313354492,14.870499992370606,1.8589135314755871
2023-09-28,34.34634017944336,102.76000213623047,17.34000015258789,15.043499994277955,1.759493435210715
2023-09-29,33.727882385253906,102.81999969482422,17.520000457763672,15.241000032424926,1.6348461250832527
2023-10-02,32.943912506103516,103.2699966430664,17.610000610351562,15.467000055313111,1.4696070189533983
2023-10-03,32.75227737426758,100.08000183105469,19.780000686645508,15.755500078201294,1.4930511587771758
2023-10-04,31.628599166870117,104.06999969482422,18.579999923706055,15.96200008392334,1.1915046503827043
2023-10-05,31.715702056884766,102.91000366210938,18.489999771118164,16.166500091552734,1.2313354979170332
2023-10-06,32.46482467651367,107.23999786376953,17.450000762939453,16.347000122070312,1.297151898480003
2023-10-09,33.43171310424805,106.97000122070312,17.700000762939453,16.542000150680543,1.4954321765822316
2023-10-10,33.640777587890625,109.01000213623047,17.030000686645508,16.682000207901,1.4977137716955222
2023-10-11,33.666908264160156,108.30999755859375,16.09000015258789,16.81250023841858,1.5164722351051587
2023-10-12,34.22439193725586,108.79000091552734,16.690000534057617,17.00600028038025,1.6184990664340302
2023-10-13,34.8515625,105.08999633789062,19.31999969482422,17.28250026702881,1.8152988329935456
2023-10-16,35.034488677978516,106.45999908447266,17.209999084472656,17.44300022125244,1.8253219599689336
2023-10-17,35.54841995239258,105.13999938964844,17.8799991607666,17.63150019645691,1.953472240017308
2023-10-18,35.470027923583984,102.16999816894531,19.219999313354492,17.835500144958495,1.9952719055138268
2023-10-19,35.130306243896484,102.4000015258789,21.399999618530273,18.028500080108643,1.9229908783192922
2023-10-20,34.503135681152344,101.80999755859375,21.709999084472656,18.253999996185303,1.8091776179052705
2023-10-23,33.884674072265625,100.01000213623047,20.3700008392334,18.42750005722046,1.7205095021622223
2023-10-24,33.788856506347656,101.66999816894531,18.969999313354492,18.428999996185304,1.6692665382804874
2023-10-25,34.02404022216797,96.05999755859375,20.190000534057617,18.527500057220458,1.8247459937483228
2023-10-26,33.81499099731445,93.66999816894531,20.68000030517578,18.694500064849855,1.8292378632107271
2023-10-27,33.65819549560547,96.43000030517578,21.270000457763672,18.882000064849855,1.7445408426752378
2023-10-30,33.40557861328125,96.18000030517578,19.75,18.989000034332275,1.6989371734639929
2023-10-31,31.86379051208496,98.5,18.139999389648438,18.90699996948242,1.3462118460764394
2023-11-01,31.436962127685547,108.04000091552734,16.8700008392334,18.82150001525879,1.0764444766726393
2023-11-02,32.107688903808594,107.83000183105469,15.65999984741211,18.680000019073486,1.214429920141447
2023-11-03,31.532785415649414,112.25,14.90999984741211,18.55299997329712,1.0141386027440675
2023-11-06,31.619884490966797,111.75,14.890000343322754,18.412499952316285,1.0412016359844238
2023-11-07,30.896900177001953,113.44999694824219,14.8100004196167,18.301499938964845,0.8639592736109544
2023-11-08,30.400390625,113.58999633789062,14.449999809265137,18.219499921798707,0.7621136531802917
2023-11-09,30.590919494628906,113.48999786376953,15.289999961853027,18.149499893188477,0.8020907029192847
2023-11-10,30.94375991821289,118.58999633789062,14.170000076293945,17.891999912261962,0.7738868565335684
2023-11-13,31.490650177001953,116.79000091552734,14.760000228881836,17.76949996948242,0.9179031189113772
2023-11-14,31.622966766357422,119.87999725341797,14.15999984741211,17.5835000038147,0.8845493024872572
2023-11-15,31.39362335205078,118.0,14.180000305175781,17.33150005340576,0.8751235056564817
2023-11-16,30.890832901000977,119.83000183105469,14.319999694824219,16.97750005722046,0.7393321497692951
2023-11-17,31.41126823425293,120.62000274658203,13.800000190734863,16.58200011253357,0.8279649497751091
2023-11-20,31.649431228637695,121.52999877929688,13.40999984741211,16.234000062942506,0.8579155762910543
2023-11-21,31.525930404663086,119.16000366210938,13.350000381469727,15.953000116348267,0.8791018246772891
2023-11-22,31.11135482788086,122.51000213623047,12.850000381469727,15.586000108718872,0.7315212036741904
2023-11-24,31.59649658203125,122.30999755859375,12.460000038146973,15.175000095367432,0.8322577783313191
2023-11-27,31.70235252380371,122.6500015258789,12.6899995803833,14.746000051498413,0.846816821614726
2023-11-28,31.70235252380371,122.01000213623047,12.6899995803833,14.393000030517578,0.8591970564618199
2023-11-29,31.817026138305664,123.8499984741211,12.979999542236328,14.135000038146973,0.8465006581334521
2023-11-30,32.011085510253906,121.16000366210938,12.920000076293945,13.9375,0.9372838787772314
2023-12-01,31.73763656616211,121.38999938964844,12.630000114440918,13.78600001335144,0.8782355949999687
2023-12-04,31.39362335205078,118.56999969482422,13.079999923706055,13.694500017166138,0.8640973543837869
2023-12-05,31.12899398803711,118.37999725341797,12.850000381469727,13.592500019073487,0.8149345667899521
2023-12-06,30.740873336791992,116.81999969482422,12.970000267028809,13.500500011444093,0.7676157963755735
2023-12-07,30.5997371673584,128.3699951171875,13.0600004196167,13.43100004196167,0.5160106352473566
2023-12-08,31.13780975341797,128.9199981689453,12.350000381469727,13.284000062942505,0.6128075950609202
2023-12-11,30.98786163330078,134.41000366210938,12.630000114440918,13.207000064849854,0.47666822823992033
2023-12-12,30.661483764648438,137.61000061035156,12.069999694824219,13.072500038146973,0.34959958527138374
2023-12-13,30.8996524810791,138.19000244140625,12.1899995803833,12.974000024795533,0.38593480681821907
2023-12-14,31.57886505126953,138.0,12.479999542236328,12.88899998664856,0.5252277806097252
2023-12-15,30.70559310913086,139.14999389648438,12.279999732971191,12.786999988555909,0.3286170053475178
2023-12-18,30.97903823852539,138.89999389648438,12.5600004196167,12.725,0.3880514928038504
2023-12-19,31.226028442382812,140.14999389648438,12.529999732971191,12.680999994277954,0.41318755463013274
2023-12-20,30.890832901000977,135.47000122070312,13.670000076293945,12.696999979019164,0.43678988397335844
2023-12-21,31.278949737548828,139.91000366210938,13.649999618530273,12.736999940872192,0.42839668831584865
2023-12-22,31.16427993774414,139.60000610351562,13.029999732971191,12.765499925613403,0.4114973447768058
2023-12-26,31.46419334411621,143.41000366210938,12.989999771118164,12.780499935150146,0.39767957815078164
2023-12-27,31.517114639282227,146.07000732421875,12.430000305175781,12.767499971389771,0.3567908372536206
2023-12-28,31.16427993774414,148.75999450683594,12.470000267028809,12.742000007629395,0.2343052888717889
2023-12-29,31.226028442382812,147.41000366210938,12.449999809265137,12.718499994277954,0.2727489427433212
2024-01-02,31.314231872558594,138.5800018310547,13.199999809265137,12.746999979019165,0.4611691644375289
2024-01-03,31.755279541015625,135.32000732421875,14.039999961853027,12.794999980926514,0.6122943865880601
2024-01-04,31.54357147216797,136.00999450683594,14.130000114440918,12.858999967575073,0.5566756906576286
2024-01-05,31.78173828125,138.5800018310547,13.350000381469727,12.877999973297118,0.5545155956667787
2024-01-08,31.252487182617188,146.17999267578125,13.079999923706055,12.878999948501587,0.30182542601323636
2024-01-09,30.776159286499023,149.25999450683594,12.760000228881836,12.899499940872193,0.14713764676732852
2024-01-10,30.608562469482422,148.5399932861328,12.6899995803833,12.902499914169312,0.12760159696923323
2024-01-11,30.529176712036133,148.02000427246094,12.4399995803833,12.920999908447266,0.12180947803135662
2024-01-12,30.749696731567383,146.55999755859375,12.699999809265137,12.946499919891357,0.19408300741748855
2024-01-16,30.238079071044922,158.74000549316406,13.84000015258789,13.014499950408936,-0.143682785980511
2024-01-17,29.90288734436035,160.1699981689453,14.789999961853027,13.139999961853027,-0.23827207887316473
2024-01-18,30.017559051513672,162.6699981689453,14.130000114440918,13.218499946594239,-0.2637360582415834
2024-01-19,29.858783721923828,174.22999572753906,13.300000190734863,13.256999969482422,-0.5190566915213584
2024-01-22,30.211620330810547,168.17999267578125,13.1899995803833,13.23299994468689,-0.3315741603942187
2024-01-23,30.211620330810547,168.4199981689453,12.550000190734863,13.17799997329712,-0.3362168591499092
2024-01-24,30.48506736755371,178.2899932861328,13.140000343322754,13.183500003814697,-0.47254454661531314
2024-01-25,31.005504608154297,180.3300018310547,13.449999809265137,13.206500005722045,-0.408091682601314
2024-01-26,31.42889976501465,177.25,13.260000228881836,13.248000001907348,-0.2639729184812859
2024-01-29,31.42889976501465,177.8300018310547,13.600000381469727,13.304500007629395,-0.2751925524314779
2024-01-30,31.658246994018555,172.05999755859375,13.3100004196167,13.347500038146972,-0.1177833286240595
2024-01-31,30.96139144897461,167.69000244140625,14.350000381469727,13.405000066757202,-0.17238984338399546
2024-02-01,30.98786163330078,170.47999572753906,13.880000114440918,13.397000074386597,-0.22107458202766045
2024-02-02,30.555635452270508,177.66000366210938,13.850000381469727,13.383000087738036,-0.44626769910574116
2024-02-05,30.202804565429688,174.22999572753906,13.670000076293945,13.399000072479248,-0.45036647163830734
2024-02-06,32.09929275512695,167.8800048828125,13.0600004196167,13.39800009727478,0.05113808183320156
2024-02-07,31.905235290527344,170.94000244140625,12.829999923706055,13.40150008201599,-0.04680214119960842
2024-02-08,31.940519332885742,169.35000610351562,12.789999961853027,13.406500101089478,-0.008999915297362712
2024-02-09,32.07283020019531,172.47999572753906,12.930000305175781,13.431000137329102,-0.0431285097772763
2024-02-12,32.13457107543945,171.91000366210938,13.930000305175781,13.492500162124633,-0.01977478125348598
2024-02-13,31.79056739807129,171.5399932861328,15.850000381469727,13.593000173568726,-0.08130404278384369
2024-02-14,31.54357147216797,178.6999969482422,14.380000114440918,13.57250018119812,-0.2691254966496699
2024-02-15,31.798973083496094,176.75999450683594,14.010000228881836,13.566500186920166,-0.18060210026824547
2024-02-16,31.656091690063477,173.8699951171875,14.239999771118164,13.613500165939332,-0.15322651336223475
2024-02-20,31.59358787536621,165.69000244140625,15.420000076293945,13.725000190734864,-0.007471687518813268
2024-02-21,31.879337310791016,164.2899932861328,15.34000015258789,13.864500188827515,0.07666551843834458
2024-02-22,31.691804885864258,181.86000061035156,14.539999961853027,13.934500169754028,-0.3006554514380002
2024-02-23,31.59358787536621,176.52000427246094,13.75,13.949500179290771,-0.21696870928404735
2024-02-26,31.540006637573242,176.00999450683594,13.739999771118164,13.973500156402588,-0.21780151135722914
2024-02-27,31.62929916381836,178.0,13.430000305175781,13.96500015258789,-0.23846751785840503
2024-02-28,31.21852684020996,176.5399932861328,13.84000015258789,13.99150013923645,-0.29224335635021204
2024-02-29,31.245325088500977,192.52999877929688,13.399999618530273,13.944000101089477,-0.5962054142338318
2024-03-01,31.825759887695312,202.63999938964844,13.109999656677246,13.905500078201294,-0.6758799304451846
2024-03-04,31.852540969848633,205.36000061035156,13.489999771118164,13.887500047683716,-0.723148656510658
2024-03-05,31.9686336517334,205.1300048828125,14.460000038146973,13.927000045776367,-0.6955195046116412
2024-03-06,32.52227783203125,210.6300048828125,14.5,13.999000024795532,-0.6913667948545008
2024-03-07,32.531211853027344,211.3800048828125,14.4399995803833,14.079500007629395,-0.7040910513871824
2024-03-08,32.51335144042969,207.38999938964844,14.739999771118164,14.17699999809265,-0.630474011571953
2024-03-11,32.58479309082031,198.38999938964844,15.220000267028809,14.291499996185303,-0.4421121262919619
2024-03-12,32.7276725769043,202.75999450683594,13.84000015258789,14.286999988555909,-0.49811733177582385
2024-03-13,33.325965881347656,194.7899932861328,13.75,14.181999969482423,-0.22448405875696054
2024-03-14,33.47776794433594,187.05999755859375,14.399999618530273,14.18299994468689,-0.044643843055951773
2024-03-15,33.47776794433594,191.05999755859375,14.40999984741211,14.202999925613403,-0.12202038464231002
2024-03-18,33.745662689208984,190.64999389648438,14.329999923706055,14.207499933242797,-0.0605990031520696
2024-03-19,33.79030990600586,181.4199981689453,13.819999694824219,14.127499914169311,0.12686193892964237
2024-03-20,33.834957122802734,179.72999572753906,13.039999961853027,14.012499904632568,0.16846822999502598
2024-03-21,33.69208908081055,178.67999267578125,12.920000076293945,13.931499910354614,0.16025334447738704
2024-03-22,33.75458526611328,179.64999389648438,13.0600004196167,13.896999931335449,0.15396804619740126
2024-03-25,34.16536331176758,178.6300048828125,13.1899995803833,13.869499921798706,0.2557184003395748
2024-03-26,33.5492057800293,177.8699951171875,13.239999771118164,13.859999895095825,0.14739271350035968
2024-03-27,33.45097732543945,179.58999633789062,12.779999732971191,13.80699987411499,0.09450762195351074
2024-03-28,33.647430419921875,180.49000549316406,13.010000228881836,13.787499904632568,0.11632327142234455
2024-04-01,33.87960433959961,183.33999633789062,13.649999618530273,13.81449990272522,0.1075505444248694
2024-04-02,34.51362609863281,178.6999969482422,14.609999656677246,13.870499897003175,0.32390166786011154
2024-04-03,34.65650177001953,180.77000427246094,14.329999923706055,13.863999891281129,0.31238697597801535
2024-04-04,34.29037857055664,165.8300018310547,16.350000381469727,13.956499910354614,0.5282850358413879
2024-04-05,34.522552490234375,170.4199981689453,16.030000686645508,14.035999965667724,0.4858534069933376
2024-04-08,34.74580001831055,169.89999389648438,15.1899995803833,14.058499956130982,0.5404880001656714
2024-04-09,35.08513259887695,170.77999877929688,14.979999542236328,14.046499919891357,0.5912191867349468
2024-04-10,35.20121765136719,167.13999938964844,15.800000190734863,14.144499921798706,0.6848103878248252
2024-04-11,35.40660095214844,170.5,14.90999984741211,14.202499914169312,0.6608227128510102
2024-04-12,35.21907424926758,163.27999877929688,17.309999465942383,14.347999906539917,0.7630441672641312
2024-04-15,34.888675689697266,160.32000732421875,19.229999542236328,14.588999891281128,0.7543323675866104
2024-04-16,34.49577331542969,163.4600067138672,18.399999618530273,14.792499876022339,0.6151414590707405
2024-04-17,34.263587951660156,154.02000427246094,18.209999084472656,15.01199984550476,0.7513899776317094
2024-04-18,33.861751556396484,155.0800018310547,18.0,15.259999847412109,0.6506510611461562
2024-04-19,34.39753341674805,146.63999938964844,18.709999084472656,15.549499797821046,0.9208945180430128
2024-04-22,34.74580001831055,148.63999938964844,16.940000534057617,15.743499803543092,0.9517442124366541
2024-04-23,35.08513259887695,152.27000427246094,15.6899995803833,15.868499803543092,0.9492790266653094
2024-04-24,35.12977600097656,151.74000549316406,15.970000267028809,16.004999828338622,0.9684452881543848
2024-04-25,35.37981033325195,153.75999450683594,15.369999885559082,16.13449983596802,0.9792943956339203
2024-04-26,35.24586486816406,157.39999389648438,15.029999732971191,16.235499811172485,0.8821370278663704
2024-04-29,35.24586486816406,160.1999969482422,14.670000076293945,16.28649983406067,0.8279733897223038
2024-04-30,34.62078094482422,158.3800048828125,15.649999618530273,16.33849983215332,0.7383698223455873
2024-05-01,34.129638671875,144.27000427246094,15.390000343322754,16.391499853134157,0.9132498093418449
2024-05-02,34.53147888183594,146.16000366210938,14.680000305175781,16.307999849319458,0.9569243471170004
2024-05-03,34.55826950073242,150.60000610351562,13.489999771118164,16.18099980354309,0.8763855887457568
2024-05-06,34.86188507080078,155.77999877929688,13.489999771118164,16.095999813079835,0.8368056575647442
2024-05-07,33.55813980102539,154.42999267578125,13.229999542236328,16.008499813079833,0.60260313943807
2024-05-08,33.513484954833984,153.6199951171875,13.0,15.868499803543092,0.6093556635123121
2024-05-09,33.968910217285156,152.38999938964844,12.6899995803833,15.75749979019165,0.7240830709799787
2024-05-10,33.79030990600586,151.9199981689453,12.550000190734863,15.519499826431275,0.697513933129032
2024-05-13,34.022483825683594,150.55999755859375,13.600000381469727,15.237999868392944,0.7701798508570732
2024-05-14,33.89746856689453,153.16000366210938,13.420000076293945,14.988999891281129,0.6949233373668564
2024-05-15,33.7188720703125,159.6699981689453,12.449999809265137,14.700999927520751,0.5333329787707018
2024-05-16,33.52553939819336,162.6199951171875,12.420000076293945,14.42199993133545,0.43766534086386144
2024-05-17,33.868839263916016,164.47000122070312,11.989999771118164,14.085999965667725,0.4704248354462921
2024-05-20,33.66105270385742,166.3300018310547,12.149999618530273,13.846499919891357,0.3929562442041413
2024-05-21,33.480369567871094,164.66000366210938,11.859999656677246,13.654999923706054,0.3891841347408069
2024-05-22,33.02867126464844,165.52000427246094,12.289999961853027,13.470999908447265,0.28235812029415364
2024-05-23,32.902191162109375,160.42999267578125,12.770000457763672,13.340999937057495,0.35556586684374486
2024-05-24,33.17321014404297,166.36000061035156,11.930000305175781,13.185999965667724,0.29496901817388477
2024-05-28,33.78752899169922,171.61000061035156,12.920000076293945,13.098499965667724,0.3160725981944619
2024-05-29,33.53457260131836,165.13999938964844,14.279999732971191,13.02999997138977,0.39072168560618536
2024-05-30,33.36293029785156,166.75,14.470000267028809,12.983999967575073,0.3253060075961244
2024-05-31,33.94111251831055,166.89999389648438,12.920000076293945,12.895999956130982,0.43784944017544714
2024-06-03,32.884124755859375,163.5500030517578,13.109999656677246,12.876999950408935,0.29160466651450545
2024-06-04,32.1252555847168,159.99000549316406,13.15999984741211,12.860499954223632,0.20894726464649907
2024-06-05,31.917470932006836,166.1699981689453,12.630000114440918,12.830499982833862,0.04791254281644635
2024-06-06,32.025882720947266,166.77999877929688,12.579999923706055,12.809499979019165,0.057759057349047335
2024-06-07,31.85423469543457,167.8699951171875,12.220000267028809,12.78600001335144,0.0024012698783892027
2024-06-10,32.45048141479492,160.33999633789062,12.739999771118164,12.795499992370605,0.2671144369624624
2024-06-11,32.224632263183594,158.9600067138672,12.850000381469727,12.757999992370605,0.24871411999602894
2024-06-12,32.1252555847168,160.24000549316406,12.039999961853027,12.68899998664856,0.20411123079735116
2024-06-13,31.790996551513672,159.89999389648438,11.9399995803833,12.663499975204468,0.14394736996722077
2024-06-14,31.51997184753418,159.6300048828125,12.65999984741211,12.675499963760377,0.09505490377007646
2024-06-17,31.71872329711914,158.39999389648438,12.75,12.713499975204467,0.15853286099991765
2024-06-18,31.971677780151367,154.6300048828125,12.300000190734863,12.721000003814698,0.281967150303736
2024-06-20,32.26076889038086,161.77999877929688,13.279999732971191,12.792000007629394,0.20137916769614342
2024-06-21,32.08008575439453,161.22999572753906,13.199999809265137,12.8375,0.17594172104241343
2024-06-24,32.74861145019531,160.25,13.329999923706055,12.86549997329712,0.328382596821284
2024-06-25,32.595035552978516,160.25,12.84000015258789,12.910999965667724,0.29771828578404025
2024-06-26,32.269805908203125,157.5399932861328,12.550000190734863,12.892499971389771,0.2852028183029081
2024-06-27,32.49565505981445,159.47000122070312,12.239999771118164,12.79049997329712,0.2929635065995199
2024-06-28,32.61309814453125,162.2100067138672,12.4399995803833,12.688999938964844,0.26341018603442934
2024-07-01,32.91122817993164,157.69000244140625,12.220000267028809,12.653999948501587,0.41037301918754493
2024-07-02,33.2093505859375,164.30999755859375,12.029999732971191,12.599999952316285,0.341840672477528
2024-07-03,33.39906692504883,163.89999389648438,12.09000015258789,12.546499967575073,0.38765226757473076
2024-07-05,33.471336364746094,171.89999389648438,12.479999542236328,12.538999938964844,0.24732913478827848
2024-07-08,33.01963424682617,178.69000244140625,12.369999885559082,12.528499937057495,0.02579148227652295
2024-07-09,31.438663482666016,177.10000610351562,12.510000228881836,12.542999935150146,-0.25912190671073054
2024-07-10,31.529008865356445,183.9600067138672,12.850000381469727,12.548499965667725,-0.37378353558439825
2024-07-11,31.66451644897461,181.94000244140625,12.920000076293945,12.551999950408936,-0.3076516664145281
2024-07-12,31.790996551513672,181.61000061035156,12.460000038146973,12.572999954223633,-0.27601393936669255
2024-07-15,31.64644432067871,179.8300018310547,13.119999885559082,12.631999969482422,-0.2704439686124725
2024-07-16,31.51997184753418,177.5500030517578,13.1899995803833,12.658499956130981,-0.2515919671166367
2024-07-17,31.998775482177734,159.42999267578125,14.479999542236328,12.744999933242799,0.19452610146298666
2024-07-18,32.1523551940918,155.77000427246094,15.930000305175781,12.926499938964843,0.29599048539993006
2024-07-19,31.962648391723633,151.5800018310547,16.520000457763672,13.088499975204467,0.33916393538408174
2024-07-22,31.917470932006836,155.8699951171875,14.90999984741211,13.173999977111816,0.24715719643493433
2024-07-23,31.574180603027344,154.0,14.720000267028809,13.243499994277954,0.21478627622922727
2024-07-24,31.30315589904785,144.6300048828125,18.040000915527344,13.503500032424927,0.34192556020828
2024-07-25,31.781959533691406,138.32000732421875,18.459999084472656,13.798999977111816,0.5595891418129932
2024-07-26,31.845199584960938,139.99000549316406,16.389999389648438,14.00649995803833,0.5399115345942543
2024-07-29,31.583215713500977,139.75,16.600000381469727,14.214499998092652,0.49224423505738146
2024-07-30,31.447708129882812,138.44000244140625,17.690000534057617,14.488000011444091,0.4905283721783241
2024-07-31,31.971677780151367,144.47999572753906,16.360000610351562,14.70450005531311,0.4783103016799678
2024-08-01,31.40252685546875,132.5399932861328,18.59000015258789,15.029500055313111,0.5956376584713912
2024-08-02,30.7882137298584,132.5,23.389999389648438,15.575000047683716,0.4737521456745132
2024-08-05,29.803497314453125,134.82000732421875,38.56999969482422,16.885000038146973,0.23225649095930528
2024-08-06,29.758317947387695,130.17999267578125,27.709999084472656,17.644999980926514,0.31299265375114166
2024-08-07,29.85770034790039,128.6699981689453,27.850000381469727,18.394999980926514,0.36204575395785826
2024-08-08,30.26422882080078,136.32000732421875,23.790000915527344,18.938500022888185,0.29523398265207607
2024-08-09,30.48419761657715,134.27000427246094,20.3700008392334,19.334000062942504,0.3788104189107923
2024-08-12,30.841655731201172,136.77000427246094,20.709999084472656,19.713500022888184,0.4018233037457902
2024-08-13,30.896644592285156,141.1300048828125,18.1200008392334,19.96000008583069,0.3284624200590258
2024-08-14,30.887481689453125,140.75,16.190000534057617,20.045500135421754,0.33398374039329637
2024-08-15,31.27242660522461,147.36000061035156,15.229999542236328,20.01050009727478,0.28298047281428473
2024-08-16,31.263263702392578,148.55999755859375,14.800000190734863,19.92450008392334,0.2579380238017745
2024-08-19,31.290760040283203,155.27999877929688,14.649999618530273,19.91150007247925,0.13343557038575304
2024-08-20,30.59419059753418,156.39999389648438,15.880000114440918,19.969500064849854,-0.02731293309956292
2024-08-21,30.722503662109375,157.80999755859375,16.270000457763672,19.88100004196167,-0.028968122620666545
2024-08-22,30.70417022705078,151.6999969482422,17.549999237060547,19.835500049591065,0.08556394196693168
2024-08-23,31.263263702392578,154.97999572753906,15.859999656677246,19.809000062942506,0.1337487099758395
2024-08-26,31.519899368286133,149.99000549316406,16.149999618530273,19.786500024795533,0.2815178853439136
2024-08-27,31.510730743408203,150.5,15.430000305175781,19.67350001335144,0.2698217944680566
2024-08-28,31.373249053955078,146.36000061035156,17.110000610351562,19.71100001335144,0.3224557028906813
2024-08-29,31.593219757080078,145.49000549316406,15.649999618530273,19.56399998664856,0.3832062867319802
2024-08-30,31.125783920288086,148.55999755859375,15.0,19.144500017166138,0.23048760432720372
2024-09-03,30.126750946044922,136.94000244140625,20.719999313354492,18.25199999809265,0.2557906745233685
2024-09-04,29.705141067504883,140.8699951171875,21.31999969482422,17.932500028610228,0.09558603674967071
2024-09-05,29.650146484375,139.44000244140625,19.899999618530273,17.534999990463255,0.11226730772313931
2024-09-06,29.237701416015625,134.35000610351562,22.3799991607666,17.46449990272522,0.12837648511384114
2024-09-09,29.14605140686035,138.14999389648438,19.450000762939453,17.41849989891052,0.03656936182148944
2024-09-10,28.550296783447266,142.83999633789062,19.079999923706055,17.336999940872193,-0.17310827538237164
2024-09-11,28.67861557006836,149.86000061035156,17.690000534057617,17.315499925613402,-0.28328293377117914
2024-09-12,28.944412231445312,150.77000427246094,17.06999969482422,17.359499883651733,-0.2478148744434929
2024-09-13,29.18271255493164,152.30999755859375,16.559999465942383,17.425999879837036,-0.23002357976386895
2024-09-16,29.604318618774414,152.0800018310547,17.139999389648438,17.542999839782716,-0.1413929455998603
2024-09-17,29.833457946777344,150.82000732421875,17.610000610351562,17.690999889373778,-0.07126747267650826
2024-09-18,29.723474502563477,148.2899932861328,18.229999542236328,17.80849986076355,-0.044286797980566193
2024-09-19,30.025930404663086,156.74000549316406,16.329999923706055,17.81149983406067,-0.1473539792045645
2024-09-20,29.91594696044922,155.9499969482422,16.149999618530273,17.741499853134155,-0.15403220635919723
2024-09-23,30.117584228515625,156.75,15.890000343322754,17.742999887466432,-0.12924690770231967
2024-09-24,30.090091705322266,158.32000732421875,15.390000343322754,17.704999923706055,-0.1651067403422267
2024-09-25,29.03606605529785,162.02000427246094,15.40999984741211,17.70399990081787,-0.44713599105942337
2024-09-26,28.22034454345703,167.49000549316406,15.369999885559082,17.616999864578247,-0.7158225490833061
2024-09-27,28.797761917114258,164.35000610351562,16.959999084472656,17.682499837875366,-0.5397897569459865
2024-09-30,28.770267486572266,164.0800018310547,16.729999542236328,17.768999814987183,-0.5400565369663888
2024-10-01,29.411846160888672,159.75,19.260000228881836,17.69599986076355,-0.32819316827111567
2024-10-02,29.66847801208496,159.77999877929688,18.899999618530273,17.574999856948853,-0.2775321017488262
2024-10-03,29.75096893310547,162.85000610351562,20.489999771118164,17.604499864578248,-0.320447878071553
2024-10-04,30.135915756225586,170.89999389648438,19.209999084472656,17.44599986076355,-0.3993060718425032
2024-10-07,30.374216079711914,170.97000122070312,22.639999389648438,17.605499792099,-0.35307916968452757
2024-10-08,29.356853485107422,172.8000030517578,21.420000076293945,17.722499799728393,-0.5916145143552379
2024-10-09,29.31102752685547,171.02000427246094,20.860000610351562,17.88099980354309,-0.5663319898416246
2024-10-10,29.6409854888916,164.17999267578125,20.93000030517578,18.07399983406067,-0.3681355778131694
2024-10-11,29.430177688598633,167.88999938964844,20.459999084472656,18.268999814987183,-0.4819941849383054
2024-10-14,29.320194244384766,165.27000427246094,19.700000762939453,18.396999883651734,-0.4532729040650915
2024-10-15,28.174514770507812,156.63999938964844,20.639999389648438,18.548499822616577,-0.5150893365178714
2024-10-16,28.34865951538086,156.1300048828125,19.579999923706055,18.615999841690062,-0.470452666104937
2024-10-17,28.70611000061035,156.25,19.110000610351562,18.75499987602234,-0.40140216792411804
2024-10-18,28.715274810791016,155.97000122070312,18.030000686645508,18.8489999294281,-0.39415590721833804
2024-10-21,28.843589782714844,157.89999389648438,18.3700008392334,18.97299995422363,-0.40586945378668743
2024-10-22,28.944412231445312,154.08999633789062,18.200000762939453,19.11349997520447,-0.3120372504727675
2024-10-23,28.696945190429688,152.91000366210938,19.239999771118164,19.30499997138977,-0.3386227529480304
2024-10-24,28.687780380249023,153.44000244140625,19.079999923706055,19.49049997329712,-0.3507050475029576
2024-10-25,28.88941764831543,156.22999572753906,20.329999923706055,19.65900001525879,-0.364414389377721
2024-10-28,28.458641052246094,159.9199981689453,19.799999237060547,19.8125,-0.521806930809953
2024-10-29,26.909687042236328,166.25,19.34000015258789,19.816499996185303,-0.953533090685198
2024-10-30,26.59806251525879,148.60000610351562,20.350000381469727,19.889000034332277,-0.6743309060983805
2024-10-31,26.909687042236328,144.07000732421875,23.15999984741211,20.022500038146973,-0.5244803092695226
2024-11-01,26.790536880493164,141.86000061035156,21.8799991607666,20.15600004196167,-0.5055202068273118
2024-11-04,27.248809814453125,140.7100067138672,21.979999542236328,20.123000049591063,-0.3917717745340362
2024-11-05,27.459609985351562,141.66000366210938,20.489999771118164,20.076500034332277,-0.3680584325491952
2024-11-06,27.642921447753906,145.10000610351562,16.270000457763672,19.84700002670288,-0.3980007306730292
2024-11-07,27.76207160949707,149.82000732421875,15.199999809265137,19.56050000190735,-0.46551450670017036
2024-11-08,26.942527770996094,147.9499969482422,14.9399995803833,19.28450002670288,-0.5929780858615141
2024-11-11,26.93321418762207,147.35000610351562,14.970000267028809,19.048000001907347,-0.5832314134936394
2024-11-12,26.22542381286621,143.6300048828125,14.710000038146973,18.751500034332274,-0.6525948422311924
2024-11-13,26.607257843017578,139.3000030517578,14.020000457763672,18.473500061035157,-0.49259436806090606
2024-11-14,27.054279327392578,138.83999633789062,14.3100004196167,18.233500051498414,-0.3944397043888736
2024-11-15,26.989089965820312,134.89999389648438,16.139999389648438,18.13899998664856,-0.3312400435701415
2024-11-18,27.39886474609375,138.92999267578125,15.579999923706055,17.99949994087219,-0.3273776578143763
2024-11-19,27.091535568237305,139.38999938964844,16.350000381469727,17.906999921798707,-0.3976401299757317
2024-11-20,27.082223892211914,137.60000610351562,17.15999984741211,17.802999925613403,-0.3648735084210603
2024-11-21,27.491994857788086,137.49000549316406,16.8700008392334,17.692499971389772,-0.2809271756060628
2024-11-22,27.678253173828125,138.35000610351562,15.239999771118164,17.437999963760376,-0.2603731743349881
2024-11-25,27.305734634399414,141.1300048828125,14.600000381469727,17.178000020980836,-0.388530166999752
2024-11-26,26.970462799072266,137.72000122070312,14.100000381469727,16.916000032424925,-0.38950991060766305
2024-11-27,27.1287841796875,136.24000549316406,14.100000381469727,16.603500032424925,-0.32926883698067405
2024-11-29,27.29642105102539,137.17999267578125,13.510000228881836,16.121000051498413,-0.31398022781798823
2024-12-02,26.998403549194336,142.05999755859375,13.34000015258789,15.694000101089477,-0.4678844920808317
2024-12-03,27.426803588867188,141.97999572753906,13.300000190734863,15.260000133514405,-0.38079881533786303
2024-12-04,27.1287841796875,143.99000549316406,13.449999809265137,14.908000135421753,-0.47918588630424264
2024-12-05,27.138099670410156,141.36000061035156,13.539999961853027,14.77150011062622,-0.42645070315023387
2024-12-06,26.72832679748535,138.58999633789062,12.770000457763672,14.650000143051148,-0.45468621240723006
2024-12-09,28.02283477783203,130.8699951171875,14.1899995803833,14.612500143051147,-0.04687664280355365
2024-12-10,28.032148361206055,127.73999786376953,14.180000305175781,14.573000144958495,0.015530079626746664
2024-12-11,28.24634552001953,130.14999389648438,13.579999923706055,14.51650013923645,0.011679274053260087
2024-12-12,28.078710556030273,130.60000610351562,13.920000076293945,14.511500120162964,-0.03049729066599977
2024-12-13,27.920391082763672,126.91000366210938,13.8100004196167,14.486500120162964,0.009271161125171267
2024-12-16,26.96115493774414,126.69000244140625,14.6899995803833,14.414000129699707,-0.1780026100520711
2024-12-17,27.082223892211914,125.0199966430664,15.869999885559082,14.428500127792358,-0.12152410212775433
2024-12-18,26.579320907592773,121.41000366210938,27.6200008392334,14.992000150680543,-0.1521059312544092
2024-12-19,26.458248138427734,118.87999725341797,24.09000015258789,15.338500165939331,-0.12733959605450895
2024-12-20,26.63519859313965,119.20999908447266,18.360000610351562,15.41300015449524,-0.09839171589203198
2024-12-23,26.774890899658203,124.5999984741211,16.780000686645508,15.490000200271606,-0.17476440236224905
2024-12-24,26.812145233154297,126.29000091552734,14.270000457763672,15.473500204086303,-0.20001751133245835
2024-12-26,26.868022918701172,125.05999755859375,14.729999542236328,15.505000162124634,-0.16506713091821976
2024-12-27,26.970462799072266,125.19000244140625,15.949999809265137,15.597500133514405,-0.14712791770184325
2024-12-30,27.091535568237305,122.44000244140625,17.399999618530273,15.792000102996827,-0.06975709403715646
2024-12-31,27.529245376586914,120.79000091552734,17.350000381469727,15.992500114440919,0.04955773946840198
2025-01-02,27.87382698059082,120.62999725341797,17.93000030517578,16.224000120162962,0.12145505821612147
2025-01-03,28.37672996520996,125.37000274658203,16.1299991607666,16.358000087738038,0.13017777230680375
2025-01-06,28.888944625854492,129.5500030517578,16.040000915527344,16.483000135421754,0.15159255350799122
2025-01-07,29.64329719543457,127.33000183105469,17.81999969482422,16.73550009727478,0.34515721006044253
2025-01-08,28.982072830200195,121.83999633789062,17.700000762939453,16.911000156402586,0.31933076163010343
2025-01-10,29.140398025512695,116.04000091552734,19.540000915527344,17.179000186920167,0.46313925594292193
2025-01-13,29.075204849243164,117.31999969482422,19.190000534057617,17.459500217437743,0.42536174470208565
2025-01-14,28.95413589477539,116.08999633789062,18.709999084472656,17.69900016784668,0.42498140652872723
2025-01-15,29.149709701538086,119.95999908447266,16.1200008392334,17.814500188827516,0.38916953153972833
2025-01-16,29.59673309326172,118.44000244140625,16.600000381469727,17.910000228881835,0.5078291647591745
2025-01-17,29.512914657592773,121.45999908447266,15.970000267028809,17.915000247955323,0.4326740165513062
2025-01-21,29.354595184326172,122.27999877929688,15.0600004196167,17.287000226974488,0.38520037638032717
2025-01-22,28.99138832092285,123.75,15.100000381469727,16.837500238418578,0.28424340478947074
2025-01-23,29.326656341552734,123.04000091552734,15.020000457763672,16.670500230789184,0.36492027768566054
2025-01-24,29.289403915405273,122.83999633789062,14.850000381469727,16.574000215530397,0.3613510470764451
2025-01-27,29.289403915405273,115.01000213623047,17.899999618530273,16.755500173568727,0.5128155150678687
2025-01-28,29.01932716369629,114.16999816894531,16.40999984741211,16.839500188827515,0.4751387717786952
2025-01-29,28.99138832092285,117.3499984741211,16.559999465942383,16.870000171661378,0.4080459008444512
2025-01-30,29.438411712646484,118.86000061035156,15.84000015258789,16.792000198364256,0.4680928274256769
2025-01-31,28.926197052001953,115.94999694824219,16.43000030517578,16.74600019454956,0.42211105920779884
2025-02-03,28.749250411987305,114.2699966430664,18.6200008392334,16.780500221252442,0.4192784939898333
2025-02-04,29.466350555419922,119.5,17.209999084472656,16.834500217437743,0.46129110704831094
2025-02-05,29.49428939819336,112.01000213623047,15.770000457763672,16.821000194549562,0.611757154314963
2025-02-06,29.764368057250977,110.16000366210938,15.5,16.70500020980835,0.7014700498858176
2025-02-07,30.053070068359375,107.55999755859375,16.540000915527344,16.647000217437743,0.8094096964506913
2025-02-10,32.055362701416016,110.4800033569336,15.8100004196167,16.46050019264221,1.152720023169764
2025-02-11,32.17643356323242,111.0999984741211,16.020000457763672,16.302000188827513,1.1649008241637686
2025-02-12,32.29750442504883,111.72000122070312,15.890000343322754,16.16100025177002,1.1770814775737315
2025-02-13,32.12055587768555,111.80999755859375,15.100000381469727,16.110000228881837,1.1400094768028195
2025-02-14,32.59552001953125,113.0999984741211,14.770000457763672,16.018500232696532,1.2098910320924314
2025-02-18,32.88422393798828,114.27999877929688,15.350000381469727,15.98750023841858,1.244710103725565
2025-02-19,32.16712188720703,114.69000244140625,15.270000457763672,15.998000240325927,1.093596050415043
2025-02-20,32.269569396972656,114.16999816894531,15.65999984741211,16.026000213623046,1.1241106520919002
2025-02-21,32.0051383972168,110.83999633789062,18.209999084472656,16.185500144958496,1.1357280449846978
2025-02-24,31.863481521606445,108.11000061035156,18.979999542236328,16.392000102996825,1.160252997358622
2025-02-25,31.38184356689453,103.95999908447266,19.43000030517578,16.4685001373291,1.1443631290803793
2025-02-26,30.862436294555664,104.73999786376953,19.100000381469727,16.603000164031982,1.0255653140668852
2025-02-27,31.277963638305664,99.51000213623047,21.1299991607666,16.831500148773195,1.209702894628435
2025-02-28,31.277963638305664,99.86000061035156,19.6299991607666,17.021000099182128,1.202932476756437
2025-03-03,30.040821075439453,98.2300033569336,22.780000686645508,17.338500118255617,0.9874446261440052
2025-03-04,29.6914005279541,100.75,23.510000228881836,17.583000087738036,0.8689290977276503
2025-03-05,30.106929779052734,101.66999816894531,21.93000030517578,17.819000148773192,0.93410074450537
2025-03-06,29.94638442993164,98.8499984741211,24.8700008392334,18.27400016784668,0.9565953074694128
2025-03-07,30.28636360168457,100.30999755859375,23.3700008392334,18.66750020980835,0.9962361117417096
2025-03-10,30.418575286865234,96.62999725341797,27.860000610351562,19.23350019454956,1.0938210809276034
2025-03-11,30.201364517211914,96.76000213623047,26.920000076293945,19.78900017738342,1.0479360409034544
2025-03-12,30.409130096435547,100.79000091552734,24.229999542236328,20.199500131607056,1.0114634972488326
2025-03-13,30.569677352905273,98.11000061035156,24.65999984741211,20.638000106811525,1.0953620598039948
2025-03-14,31.532949447631836,100.97000122070312,21.770000457763672,20.97150011062622,1.2323731784688954
2025-03-17,31.882366180419922,104.58999633789062,20.510000228881836,21.25850009918213,1.232115113265031
2025-03-18,32.3167839050293,103.51000213623047,21.700000762939453,21.576000118255614,1.3397463215911654
2025-03-19,32.685096740722656,106.2300033569336,19.899999618530273,21.807500076293945,1.3606708218681234
2025-03-20,32.81731033325195,107.13999938964844,19.799999237060547,22.014500045776366,1.369466661261974
2025-03-21,32.6284294128418,106.44000244140625,19.280000686645508,22.06800012588501,1.3452938752891341
2025-03-24,32.21290588378906,113.8499984741211,17.479999542236328,21.99300012588501,1.1189868353355814
2025-03-25,32.382896423339844,114.80999755859375,17.149999618530273,21.879000091552733,1.1343582856045373
2025-03-26,32.50566101074219,110.19000244140625,18.329999923706055,21.84050006866455,1.2482403512794973
2025-03-27,32.4962158203125,106.6500015258789,18.690000534057617,21.7185001373291,1.3148326987048895
2025-03-28,31.976810455322266,103.22000122070312,21.649999618530273,21.819500160217284,1.2774740568389151
2025-03-31,31.910701751708984,102.73999786376953,22.280000686645508,21.794500160217286,1.2735594629977707
2025-04-01,31.929594039916992,102.77999877929688,21.770000457763672,21.707500171661376,1.276557879887023
2025-04-02,31.929594039916992,102.95999908447266,21.510000228881836,21.68650016784668,1.2730759296122747
2025-04-03,29.596961975097656,93.80000305175781,30.020000457763672,21.944000148773192,0.984514349679875
2025-04-04,26.80158805847168,85.76000213623047,45.310001373291016,23.041000175476075,0.5818923345573084
2025-04-07,25.658885955810547,83.63999938964844,46.97999954223633,23.99700012207031,0.3947400274081319
2025-04-08,24.657838821411133,78.20999908447266,52.33000183105469,25.26750020980835,0.2999008349685142
2025-04-09,26.34828758239746,96.83999633789062,33.619998931884766,25.73700017929077,0.2770494764398894
2025-04-10,24.771163940429688,88.69999694824219,40.720001220703125,26.540000247955323,0.11960838350359146
2025-04-11,25.11114501953125,93.4000015258789,37.560001373291016,27.32950029373169,0.09657446366839204
2025-04-14,25.413345336914062,94.5,30.889999389648438,27.84850025177002,0.13563591097366973
2025-04-15,25.6966609954834,95.29000091552734,30.1200008392334,28.269500255584717,0.1769233163616463
2025-04-16,26.121633529663086,88.29000091552734,32.63999938964844,28.906500244140624,0.3971860088108419
2025-04-17,26.744924545288086,87.5,29.649999618530273,29.399000263214113,0.5369196461109077
2025-04-21,26.518274307250977,85.55999755859375,33.81999969482422,30.126000213623048,0.529192340963646
2025-04-22,27.26433563232422,86.26000213623047,30.56999969482422,30.780500221252442,0.6646165073726724
2025-04-23,27.009353637695312,90.38999938964844,28.450000762939453,31.3455002784729,0.5338133391815406
2025-04-24,27.38710594177246,94.47000122070312,26.469999313354492,31.75250024795532,0.530314570587146
2025-04-25,27.566539764404297,96.6500015258789,24.84000015258789,32.06000022888183,0.5239716808094745
2025-04-28,27.50987434387207,96.38999938964844,25.149999618530273,32.23500022888184,0.5176868823182909
2025-04-29,26.508831024169922,96.05999755859375,24.170000076293945,32.32950019836426,0.324193390548799
2025-04-30,25.932756423950195,97.3499984741211,24.700000762939453,32.476000213623045,0.18421532930372259
2025-05-01,26.329397201538086,96.6500015258789,24.600000381469727,32.63050022125244,0.27695294263085624
2025-05-02,26.556049346923828,98.80000305175781,22.68000030517578,32.26350021362305,0.280618377892881
2025-05-05,27.55709457397461,100.58999633789062,23.639999389648438,31.18000011444092,0.44586997811544016
2025-05-06,26.820476531982422,98.62000274658203,24.760000228881836,30.069000148773192,0.3368981798897202
2025-05-07,26.565492630004883,100.36000061035156,23.549999237060547,28.630000019073485,0.25232710265175134
2025-05-08,26.999910354614258,101.69999694824219,22.479999542236328,28.073000049591066,0.3131456863223501
2025-05-09,28.11427879333496,102.83999633789062,21.899999618530273,27.131999969482422,0.5135979631692665
2025-05-12,28.510921478271484,108.12000274658203,18.389999389648438,26.173499870300294,0.4906579627257788
2025-05-13,28.860342025756836,112.45999908447266,18.219999313354492,25.539999866485594,0.47647285809884726
2025-05-14,28.671466827392578,117.72000122070312,18.6200008392334,24.964999866485595,0.337010185386306
2025-05-15,28.43537139892578,114.98999786376953,17.829999923706055,24.224499893188476,0.3426788553238156
2025-05-16,28.56013298034668,117.16999816894531,17.239999771118164,23.603999900817872,0.32541962619877246
2025-05-19,28.214645385742188,114.73999786376953,18.139999389648438,22.81999988555908,0.3034427968398938
2025-05-20,28.022708892822266,113.51000213623047,18.09000015258789,22.195999908447266,0.2889122765984195
2025-05-21,27.715608596801758,112.05999755859375,20.8700008392334,21.816999912261963,0.2556430220243896
2025-05-22,27.773193359375,110.70999908447266,20.280000686645508,21.507499980926514,0.2932554542085664
2025-05-23,27.917142868041992,110.30999755859375,22.290000915527344,21.380000019073485,0.3297353597262296
2025-05-27,27.9747257232666,114.55999755859375,18.959999084472656,21.070499992370607,0.259020282368352
2025-05-28,27.773193359375,112.86000061035156,19.309999465942383,20.82749996185303,0.2516655335890915
2025-05-29,27.99391746520996,113.02999877929688,19.18000030517578,20.551499938964845,0.2924487774869472
2025-05-30,27.926740646362305,110.7300033569336,18.56999969482422,20.249999904632567,0.3235270873213835
2025-06-02,28.387386322021484,114.62999725341797,18.360000610351562,20.033999919891357,0.3400616344212753
2025-06-03,28.368194580078125,117.30999755859375,17.690000534057617,19.736499977111816,0.284387354079794
2025-06-04,27.753997802734375,118.58000183105469,17.610000610351562,19.378999996185303,0.13718430225596914
2025-06-05,27.87875747680664,115.69000244140625,18.479999542236328,19.125500011444093,0.21799945285031136
2025-06-06,28.109079360961914,116.19000244140625,16.770000457763672,18.840000057220458,0.25431547327271425
2025-06-09,28.27222442626953,121.7300033569336,17.15999984741211,18.60300006866455,0.17972392055892722
2025-06-10,29.011180877685547,123.23999786376953,16.950000762939453,18.5310001373291,0.2980609106986024
2025-06-11,29.56779670715332,121.13999938964844,17.260000228881836,18.483000183105467,0.44982236549806104
2025-06-12,29.67336082458496,118.5,18.020000457763672,18.453000164031984,0.5219687289920723
2025-06-13,30.44110679626465,116.16000366210938,20.81999969482422,18.60250015258789,0.7205288315086195
2025-06-16,29.903684616088867,126.38999938964844,19.110000610351562,18.696000194549562,0.41533198147836514
2025-06-17,30.306751251220703,127.0999984741211,21.600000381469727,18.869000244140626,0.4820774837345262
2025-06-18,29.884490966796875,126.79000091552734,20.139999389648438,18.971500205993653,0.40376192538969896
2025-06-20,29.990055084228516,128.24000549316406,20.6200008392334,18.959000205993654,0.396790698367958
2025-06-23,29.097551345825195,129.5800018310547,19.829999923706055,18.93650016784668,0.1926645009810404
2025-06-24,28.627307891845703,138.42999267578125,17.479999542236328,18.69600009918213,-0.0724238538828779
2025-06-25,29.097551345825195,143.39999389648438,16.760000228881836,18.586000156402587,-0.07467129671242387
2025-06-26,29.068761825561523,143.67999267578125,16.59000015258789,18.450000190734862,-0.08583599921087384
2025-06-27,29.11674690246582,143.80999755859375,16.31999969482422,18.307000160217285,-0.07876970981418123
2025-06-30,28.723278045654297,141.89999389648438,16.729999542236328,18.21500015258789,-0.12038578441841913
2025-07-01,29.270294189453125,136.11000061035156,16.829999923706055,18.138500118255614,0.1008386721737528
2025-07-02,30.038040161132812,138.52000427246094,16.639999389648438,18.086000061035158,0.20751413155649948
2025-07-03,29.682958602905273,137.91000366210938,16.3799991607666,18.02449998855591,0.1484153667295223
2025-07-07,29.03037452697754,134.8000030517578,17.790000915527344,17.99000005722046,0.07827497757010186
2025-07-08,30.00925064086914,137.82000732421875,16.809999465942383,17.992000007629393,0.21530659909964522
2025-07-09,30.00925064086914,138.41000366210938,15.9399995803833,17.930999994277954,0.2038936300559965
2025-07-10,30.249170303344727,144.16000366210938,15.779999732971191,17.87249994277954,0.14056931627189703
2025-07-11,31.32401466369629,146.4199981689453,16.399999618530273,17.829499912261962,0.311464531676529
2025-07-14,30.8057861328125,146.24000549316406,17.200000762939453,17.788499927520753,0.21147227921024994
2025-07-15,30.575462341308594,155.61000061035156,17.3799991607666,17.61649990081787,-0.015770643960667723
2025-07-16,30.63304328918457,160.0800018310547,17.15999984741211,17.5189998626709,-0.09074183555720404
2025-07-17,30.79619026184082,160.41000366210938,16.520000457763672,17.264999866485596,-0.06455007972688302
2025-07-18,30.70022201538086,156.99000549316406,16.40999984741211,17.07849988937378,-0.017555034156825154
2025-07-21,30.930543899536133,157.0,16.649999618530273,16.879999828338622,0.028239718870416493
2025-07-22,31.208852767944336,154.72000122070312,16.5,16.71349983215332,0.1279139143718893
2025-07-23,31.391189575195312,158.64999389648438,15.369999885559082,16.60799984931946,0.08829857061263457
2025-07-24,30.834577560424805,162.1199951171875,15.390000343322754,16.539499855041505,-0.0899636411344821
2025-07-25,30.90175437927246,166.47000122070312,14.930000305175781,16.4564998626709,-0.16069763514958377
2025-07-28,31.352802276611328,173.66000366210938,15.029999732971191,16.391999864578246,-0.20972183542418896
2025-07-29,31.631113052368164,177.44000244140625,15.979999542236328,16.354499864578248,-0.2272726723611933
2025-07-30,30.949737548828125,179.50999450683594,15.479999542236328,16.28699984550476,-0.40336429023308196
2025-07-31,30.853771209716797,176.30999755859375,16.719999313354492,16.290999841690063,-0.3606245972257582
2025-08-01,30.46989631652832,171.6999969482422,20.3799991607666,16.490999841690062,-0.3480959503431529
2025-08-04,31.180063247680664,176.77999877929688,17.520000457763672,16.47749981880188,-0.304566033450833
2025-08-05,32.245304107666016,174.30999755859375,17.850000381469727,16.52949986457825,-0.04409065940687451
2025-08-06,32.51401901245117,163.1199951171875,16.770000457763672,16.570999908447266,0.22602423836888247
2025-08-07,32.81151580810547,172.39999389648438,16.56999969482422,16.610499906539918,0.10591150581200964
2025-08-08,32.76353454589844,172.75999450683594,15.149999618530273,16.547999906539918,0.08936724548640297
2025-08-11,32.581199645996094,172.27999877929688,16.25,16.500499868392943,0.0622457619990026
2025-08-12,32.69636154174805,174.9499969482422,14.729999542236328,16.367999887466432,0.03359119038960876
2025-08-13,32.92668151855469,184.4199981689453,14.489999771118164,16.234499883651733,-0.10361008814680417
2025-08-14,33.24337387084961,180.9499969482422,14.829999923706055,16.149999856948853,0.026747658854021826
2025-08-15,33.42741012573242,177.50999450683594,15.09000015258789,16.08399987220764,0.13003782513813084
2025-08-18,33.15476989746094,176.13999938964844,14.989999771118164,16.000999879837035,0.10210145619051783
2025-08-19,32.930816650390625,166.5500030517578,15.569999694824219,15.954499864578247,0.24289517363842722
2025-08-20,32.98923873901367,165.1999969482422,15.6899995803833,15.970499849319458,0.2806749412720336
2025-08-21,33.15476989746094,163.7100067138672,16.600000381469727,16.030999851226806,0.3425489174894462
2025-08-22,33.82663345336914,167.75999450683594,14.220000267028809,15.995499849319458,0.39835557743878036
2025-08-25,34.05058288574219,163.36000061035156,14.789999961853027,15.98349986076355,0.5281853636056609
2025-08-26,33.75846481323242,166.6199951171875,14.619999885559082,15.915499877929687,0.40679673121655036
2025-08-27,33.972686767578125,167.1300048828125,14.850000381469727,15.883999919891357,0.4397044681388186
2025-08-28,34.420589447021484,168.5800018310547,14.430000305175781,15.769499969482421,0.5010877095015434
2025-08-29,34.303749084472656,162.6300048828125,15.359999656677246,15.518499994277954,0.5928558841916034
2025-09-02,34.303749084472656,162.32000732421875,17.170000076293945,15.500999975204468,0.5988525189376532
2025-09-03,33.553993225097656,162.1300048828125,16.350000381469727,15.425999975204467,0.4528251190201289
2025-09-04,33.398197174072266,161.7899932861328,15.300000190734863,15.352499961853027,0.4282947429575132
2025-09-05,33.037925720214844,151.13999938964844,15.180000305175781,15.282999992370605,0.562374707543299
2025-09-08,33.01845169067383,151.41000366210938,15.109999656677246,15.280999994277954,0.5532633527454976
2025-09-09,33.19371795654297,155.82000732421875,15.039999961853027,15.220499992370605,0.5029508451491328
2025-09-10,33.84610366821289,159.5399932861328,15.350000381469727,15.251500034332276,0.5612519879299267
2025-09-11,33.56372833251953,155.6699981689453,14.710000038146973,15.262500047683716,0.5797321605149205
2025-09-12,32.99897766113281,158.57000732421875,14.760000228881836,15.259000062942505,0.41087091687191846
2025-09-15,33.31056213378906,161.16000366210938,15.6899995803833,15.289000034332275,0.42298336653363994
2025-09-16,33.5247802734375,160.4600067138672,16.360000610351562,15.357500076293945,0.4792968754838129
2025-09-17,33.398197174072266,159.16000366210938,15.720000267028809,15.365000104904174,0.47916961833624727
2025-09-18,33.651363372802734,157.9199981689453,15.699999809265137,15.365500116348267,0.553705836882023
2025-09-19,33.222930908203125,157.38999938964844,15.449999809265137,15.308000087738037,0.4784136202923405
2025-09-22,33.46635437011719,159.7899932861328,16.100000381469727,15.402000093460083,0.4805918774905376
2025-09-23,33.82663345336914,160.89999389648438,16.639999389648438,15.494500064849854,0.5310563580661072
2025-09-24,34.284271240234375,160.8800048828125,16.18000030517578,15.572500085830688,0.622819003866051
2025-09-25,34.33295440673828,161.27000427246094,16.739999771118164,15.66700005531311,0.6249953110142912
2025-09-26,34.751651763916016,159.4600067138672,15.289999961853027,15.710000038146973,0.7436089366327854
2025-09-29,33.83636474609375,161.36000061035156,16.1200008392334,15.74800009727478,0.5241009611926629
2025-09-30,33.553993225097656,161.7899932861328,16.280000686645508,15.703500127792358,0.4594023493827118
2025-10-01,33.553993225097656,164.00999450683594,16.290000915527344,15.70050015449524,0.4164583451888364
2025-10-02,32.969764709472656,169.72999572753906,16.6299991607666,15.767000102996827,0.18915767594527066
2025-10-03,33.261878967285156,164.6699981689453,16.649999618530273,15.84050006866455,0.345365049405934
2025-10-06,33.91426467895508,203.7100067138672,16.3700008392334,15.903500127792359,-0.27956910686957265
2025-10-07,34.05058288574219,211.50999450683594,17.239999771118164,16.013500118255614,-0.40323463767289
2025-10-08,33.61241149902344,235.55999755859375,16.299999237060547,16.061000061035156,-0.9559502963657036
2025-10-09,33.38846206665039,232.88999938964844,16.43000030517578,16.147000074386597,-0.9490171987660992
2025-10-10,32.609493255615234,214.89999389648438,21.65999984741211,16.49200005531311,-0.7565518438191654
2025-10-13,32.81397247314453,216.4199981689453,19.030000686645508,16.65900011062622,-0.7451268976976596
2025-10-14,32.23948287963867,218.08999633789062,20.809999465942383,16.881500053405762,-0.8921392009166295
2025-10-15,32.463436126708984,238.60000610351562,20.639999389648438,17.127500009536742,-1.244171136643208
2025-10-16,31.91815948486328,234.55999755859375,25.309999465942383,17.607999992370605,-1.2748953826452456
2025-10-17,32.25895690917969,233.0800018310547,20.780000686645508,17.874500036239624,-1.178219541178356
2025-10-20,32.346595764160156,240.55999755859375,18.229999542236328,17.980999994277955,-1.3054148486124293
2025-10-21,32.288169860839844,238.02999877929688,17.8700008392334,18.042500066757203,-1.2681400381294063
2025-10-22,33.41767120361328,230.22999572753906,18.600000381469727,18.1635000705719,-0.8917295752183053
2025-10-23,34.07979202270508,234.99000549316406,17.299999237060547,18.19150004386902,-0.8516029967533033
2025-10-24,33.63188552856445,252.9199981689453,16.3700008392334,18.245500087738037,-1.2878761430635612
2025-10-27,33.855838775634766,259.6700134277344,15.789999961853027,18.229000043869018,-1.3737328819935777
2025-10-28,33.553993225097656,258.010009765625,16.420000076293945,18.23600001335144,-1.4018906772586568
2025-10-29,34.2745361328125,264.3299865722656,16.920000076293945,18.26749997138977,-1.3802752456683
2025-10-30,33.855838775634766,254.83999633789062,16.90999984741211,18.281500005722044,-1.2803003774397994
2025-10-31,34.20637512207031,256.1199951171875,17.440000534057617,18.321000051498412,-1.2350696847721958
2025-11-03,33.95321273803711,259.6499938964844,17.170000076293945,18.36100001335144,-1.3539030818262812
2025-11-04,34.19663619995117,250.0500030517578,19.0,18.44900002479553,-1.1195954950370923
2025-11-05,34.74191665649414,256.3299865722656,18.010000228881836,18.534500074386596,-1.132200866571837
2025-11-06,34.87823486328125,237.6999969482422,19.5,18.68800005912781,-0.7446013356920556
2025-11-07,35.618255615234375,233.5399932861328,19.079999923706055,18.559000062942506,-0.5163706256910022
2025-11-10,36.1440544128418,243.97999572753906,17.600000381469727,18.487500047683717,-0.6133378454294889
2025-11-11,36.36800765991211,237.52000427246094,17.280000686645508,18.311000108718872,-0.44365842589660226
2025-11-12,35.890892028808594,258.8900146484375,17.510000228881836,18.15450015068054,-0.9523078929186295
2025-11-13,35.530616760253906,247.9600067138672,20.0,17.889000177383423,-0.8128120605430876
2025-11-14,36.062721252441406,246.80999755859375,19.829999923706055,17.84150013923645,-0.684321476404457
2025-11-17,36.03310775756836,240.52000427246094,22.3799991607666,18.049000120162965,-0.5685598848343701
2025-11-18,36.22067642211914,230.2899932861328,24.690000534057617,18.390000104904175,-0.3332175620073717
2025-11-19,35.490142822265625,223.5500030517578,23.65999984741211,18.643000078201293,-0.34870302622904575
2025-11-20,35.263084411621094,206.02000427246094,26.420000076293945,19.099000120162962,-0.05493683070771985
2025-11-21,35.51976013183594,203.77999877929688,23.43000030517578,19.452000093460082,0.039644265085020204
2025-11-24,35.450653076171875,215.0500030517578,20.520000457763672,19.688500118255615,-0.1921627445266077
2025-11-25,35.23346710205078,206.1300048828125,18.559999465942383,19.795500087738038,-0.06297834928449746
2025-11-26,35.47039794921875,214.24000549316406,17.190000534057617,19.809000110626222,-0.17255160749797663
2025-11-28,35.638221740722656,217.52999877929688,16.350000381469727,19.7810001373291,-0.20268451246421718
2025-12-01,36.04297637939453,219.75999450683594,17.239999771118164,19.771000099182128,-0.16500498947738185
2025-12-02,35.8948974609375,215.24000549316406,16.59000015258789,19.742000102996826,-0.10713644603611265
2025-12-03,36.76364517211914,217.60000610351562,16.079999923706055,19.596000099182127,0.02067317259833002
2025-12-04,36.75376892089844,215.97999572753906,15.779999732971191,19.484500074386595,0.050038893687033285
2025-12-05,35.371681213378906,217.97000122070312,15.40999984741211,19.280000066757204,-0.26441579944977456
2025-12-08,35.32231521606445,221.11000061035156,16.65999984741211,19.159000062942503,-0.3350132209249815
2025-12-09,35.09526062011719,221.6199951171875,16.93000030517578,19.12550005912781,-0.39021433640825043
2025-12-10,35.42103958129883,221.4199981689453,15.770000457763672,19.050000047683717,-0.3212976827496009
2025-12-11,35.07551574707031,221.42999267578125,14.850000381469727,18.91700005531311,-0.39048133804029117
2025-12-12,34.80896759033203,210.77999877929688,15.739999771118164,18.70400004386902,-0.23768775766985917
2025-12-15,34.799095153808594,207.5800018310547,16.5,18.537500047683714,-0.17775780072653216
2025-12-16,33.328155517578125,209.1699981689453,16.479999542236328,18.242500066757202,-0.5022156182331425
2025-12-17,34.029075622558594,198.11000061035156,17.6200008392334,17.88900008201599,-0.1483176702871461
2025-12-18,32.883914947509766,201.05999755859375,16.8700008392334,17.549500131607054,-0.43403563812689433
2025-12-19,33.50585174560547,213.42999267578125,14.90999984741211,16.974000120162962,-0.5491411408553787
2025-12-22,33.70329666137695,214.9499969482422,14.079999923706055,16.50650010108948,-0.539120725138321
2025-12-23,34.13766860961914,214.89999389648438,14.0,16.180500078201295,-0.4514229451842786
2025-12-24,33.871124267578125,215.0399932861328,13.470000267028809,15.926000118255615,-0.5073516941931672
2025-12-26,33.831634521484375,214.99000549316406,13.600000381469727,15.74650011062622,-0.514269592726375
2025-12-29,34.00933074951172,215.61000061035156,14.199999809265137,15.639000082015992,-0.49078247431174843
2025-12-30,34.30549240112305,215.33999633789062,14.329999923706055,15.493500089645385,-0.426425241371088
2025-12-31,34.28574752807617,214.16000366210938,14.949999809265137,15.411500072479248,-0.4075417378680774
2026-01-02,35.371681213378906,223.47000122070312,14.510000228881836,15.333000087738037,-0.37080854413101677
2026-01-05,35.65796661376953,221.0800018310547,14.899999618530273,15.289000082015992,-0.26741381757144006
2026-01-06,33.92048263549805,214.35000610351562,14.75,15.256000089645386,-0.484149163925918
2026-01-07,33.23930740356445,210.02000427246094,15.380000114440918,15.192000102996825,-0.5363984453408397
2026-01-08,33.693424224853516,204.67999267578125,15.449999809265137,15.118000078201295,-0.34242758926042705
2026-01-09,33.85137939453125,203.1699981689453,14.489999771118164,15.054000043869019,-0.2816793360737219
2026-01-12,33.96984100341797,207.69000244140625,15.119999885559082,15.067500019073487,-0.34546182655950164
2026-01-13,34.907691955566406,220.97000122070312,15.979999542236328,15.079500007629395,-0.4150923716665689
2026-01-14,35.3618049621582,223.60000610351562,16.75,15.092000007629395,-0.37529535515442686
2026-01-15,34.70037841796875,227.9199981689453,15.84000015258789,15.060000038146972,-0.5909280934224046
2026-01-16,34.92743682861328,231.8300018310547,15.859999656677246,14.971999979019165,-0.6212272592959679
2026-01-20,34.70037841796875,231.9199981689453,20.09000015258789,15.13299994468689,-0.6683046350087628
2026-01-21,35.46052551269531,249.8000030517578,16.899999618530273,15.232499933242797,-0.8624002322659485
2026-01-22,34.9767951965332,253.72999572753906,15.640000343322754,15.310499954223634,-1.0350083816292535
2026-01-23,36.062721252441406,259.67999267578125,16.09000015258789,15.414999961853027,-0.9332804045047779
2026-01-26,36.28977966308594,251.30999755859375,16.149999618530273,15.548999929428101,-0.7260336113216683
2026-01-27,37.13877868652344,252.02999877929688,16.350000381469727,15.6864999294281,-0.5704428187037526
2026-01-28,37.21775817871094,252.74000549316406,16.350000381469727,15.79399995803833,-0.5684075463721422
2026-01-29,37.553409576416016,252.17999267578125,16.8799991607666,15.921499919891357,-0.4905554797037733
2026-01-30,37.39545440673828,236.72999572753906,17.440000534057617,16.04599995613098,-0.22322736185844633
2026-02-02,37.21775817871094,246.27000427246094,16.34000015258789,16.137499952316283,-0.44325096674276204
2026-02-03,38.323429107666016,242.11000061035156,18.0,16.29249997138977,-0.14201133436775693
2026-02-04,38.698570251464844,200.19000244140625,18.639999389648438,16.48699994087219,0.743798758110767
2026-02-05,37.68174362182617,192.5,21.770000457763672,16.80649995803833,0.6895266805300184
2026-02-06,38.5109977722168,208.44000244140625,20.3700008392334,17.052500009536743,0.5467572742141105
2026-02-09,38.71831512451172,216.0,17.360000610351562,17.196000051498412,0.44191045930186607
2026-02-10,36.49709701538086,213.57000732421875,17.790000915527344,17.329500102996825,0.045408671097125715
2026-02-11,38.056884765625,213.5800018310547,17.649999618530273,17.413000106811523,0.3566562430234049
2026-02-12,36.71427917480469,205.94000244140625,20.81999969482422,17.616500091552734,0.23636901402626373
2026-02-13,37.17826843261719,207.32000732421875,20.600000381469727,17.854500102996827,0.30231817875221
2026-02-17,37.079551696777344,203.0800018310547,20.290000915527344,18.07600016593933,0.36462676952467693
2026-02-18,38.037139892578125,200.1199951171875,19.6200008392334,18.052500200271606,0.6130860007511698
2026-02-19,38.5109977722168,203.3699951171875,20.229999542236328,18.21900019645691,0.6448321823554983
2026-02-20,38.18000030517578,200.14999389648438,19.09000015258789,18.391500186920165,0.6410304636685439
2026-02-23,38.40999984741211,196.60000610351562,21.010000228881836,18.637500190734862,0.7556256346970643
2026-02-24,38.29999923706055,213.83999633789062,19.549999237060547,18.807500171661378,0.4001692424137105
2026-02-25,38.09000015258789,210.86000061035156,17.93000030517578,18.88650016784668,0.415884423614607
2026-02-26,37.9900016784668,203.67999267578125,18.6299991607666,19.000500106811522,0.534808896569368
2026-02-27,38.86000061035156,200.2100067138672,19.860000610351562,19.149500179290772,0.7756443945211929
2026-03-02,39.470001220703125,198.6199951171875,21.440000534057617,19.34950017929077,0.9281998678358533
2026-03-03,38.86000061035156,190.9499969482422,23.56999969482422,19.711000156402587,0.9547712772011844
2026-03-04,38.84000015258789,202.07000732421875,21.149999618530273,19.8685001373291,0.7356708240055977
2026-03-05,39.29999923706055,199.4499969482422,23.75,20.12400016784668,0.8782001124691436
2026-03-06,40.439998626708984,192.42999267578125,29.489999771118164,20.510000133514403,1.2416183055280838
2026-03-09,40.650001525878906,202.67999267578125,25.5,20.766500091552736,1.0852719390228434
2026-03-10,39.939998626708984,203.22999572753906,24.93000030517578,21.145000076293947,0.9328671974586836
2026-03-11,41.560001373291016,204.8300018310547,24.229999542236328,21.467000007629395,1.2253804242420525
2026-03-12,42.15999984741211,197.74000549316406,27.290000915527344,21.949000072479247,1.482331232796303
2026-03-13,42.66999816894531,193.38999938964844,27.190000534057617,22.267500114440917,1.668309079188963
2026-03-16,42.900001525878906,196.5800018310547,23.510000228881836,22.413000106811523,1.6525257282279668
2026-03-17,43.849998474121094,196.30999755859375,22.3700008392334,22.517000102996825,1.8474334529213412
2026-03-18,44.61000061035156,199.4600067138672,25.09000015258789,22.79050006866455,1.9382479437237312
2026-03-19,45.86000061035156,205.27000427246094,24.059999465942383,22.982000064849853,2.0754445311779817
2026-03-20,44.779998779296875,201.3300018310547,26.780000686645508,23.366500091552734,1.9360178308773408
2026-03-23,43.56999969482422,202.67999267578125,26.149999618530273,23.623500061035156,1.668304392053683
2026-03-24,44.790000915527344,205.3699951171875,26.950000762939453,23.9935001373291,1.8598647680226454
2026-03-25,45.40999984741211,220.27000427246094,25.329999923706055,24.363500118255615,1.6954313998165995
2026-03-26,46.16999816894531,203.77000427246094,27.440000534057617,24.804000186920167,2.1663575665868975
2026-03-27,46.68000030517578,201.99000549316406,31.049999237060547,25.363500118255615,2.3026216050055672
2026-03-30,47.349998474121094,196.0399932861328,30.610000610351562,25.822000122070314,2.5514971593938025
2026-03-31,47.0,203.42999267578125,25.25,25.9060001373291,2.3386602445632674
2026-04-01,46.16999816894531,210.2100067138672,24.540000915527344,26.075500202178954,2.041781287405968
2026-04-02,47.119998931884766,217.5,23.8700008392334,26.081500244140624,2.0904481574039435
2026-04-06,47.47999954223633,220.17999267578125,24.170000076293945,25.815500259399414,2.110486896551795
2026-04-07,47.2400016784668,221.52999877929688,25.780000686645508,25.82950029373169,2.0364521165964278
2026-04-08,45.88999938964844,231.82000732421875,21.040000915527344,25.63500032424927,1.567847496833776
2026-04-09,45.900001525878906,236.63999938964844,19.489999771118164,25.39800033569336,1.4766060319831875
2026-04-10,46.439998626708984,245.0399932861328,19.229999542236328,24.995000267028807,1.4219359715381923
2026-04-13,46.439998626708984,246.8300018310547,19.1200008392334,24.591500282287598,1.3873098038841711
2026-04-14,46.16999816894531,255.07000732421875,18.360000610351562,24.334000301361083,1.1740033617082402
2026-04-15,46.119998931884766,258.1199951171875,18.170000076293945,24.12400026321411,1.1050206985430309
2026-04-16,47.630001068115234,278.260009765625,17.940000534057617,23.7665002822876,1.0169298028257812
2026-04-17,44.59000015258789,278.3900146484375,17.479999542236328,23.437500286102296,0.4074217165123052
2026-04-20,45.119998931884766,274.95001220703125,18.8700008392334,23.04200029373169,0.5797897957249447
2026-04-21,45.90999984741211,284.489990234375,19.5,22.709500312805176,0.5529856829548753
2026-04-22,46.369998931884766,303.4599914550781,18.920000076293945,22.3080002784729,0.27787486387831184
2026-04-23,46.349998474121094,305.3299865722656,19.309999465942383,22.007000255584718,0.2377079582692598
2026-04-24,46.25,347.80999755859375,18.709999084472656,21.57050018310547,-0.6039976985790335
2026-04-27,45.970001220703125,334.6300048828125,18.020000457763672,20.919000244140626,-0.4049491485778326
2026-04-28,46.349998474121094,323.2099914550781,17.829999923706055,20.28000020980835,-0.10816527707554566
2026-04-29,46.79999923706055,337.1099853515625,18.809999465942383,19.95800018310547,-0.28719754060836616
2026-04-30,47.380001068115234,354.489990234375,16.889999389648438,19.575500106811525,-0.5075904540173992
