Date,BP,META,VIX,AvgVIX,zscore
2020-01-30,26.357297897338867,207.89852905273438,15.489999771118164,13.696000051498412,0.4435674535363071
2020-01-31,25.716697692871094,200.33786010742188,18.84000015258789,14.014500045776368,0.3599247195107571
2020-02-03,25.076093673706055,202.60011291503906,17.969999313354492,14.211999988555908,0.24340870960774477
2020-02-04,25.980052947998047,208.19618225097656,16.049999237060547,14.32199993133545,0.37841459465573324
2020-02-05,26.81283950805664,208.4739990234375,15.149999618530273,14.389999914169312,0.5191140311189333
2020-02-06,26.250530242919922,209.208251953125,14.960000038146973,14.465499925613404,0.42102682746767056
2020-02-07,25.88752555847168,210.67674255371094,15.470000267028809,14.611999940872192,0.35437752811164996
2020-02-10,25.7593994140625,211.4010467529297,15.039999961853027,14.735999917984008,0.33016365360484046
2020-02-11,26.015634536743164,205.5767364501953,15.180000305175781,14.878999948501587,0.3932318674236222
2020-02-12,26.45694351196289,209.11892700195312,13.739999771118164,14.946499919891357,0.4564297527475663
2020-02-13,26.1962890625,211.48040771484375,14.149999618530273,15.032999897003174,0.4041983957612206
2020-02-14,26.06595802307129,212.51231384277344,13.680000305175781,15.100999927520752,0.3785801455867659
2020-02-18,26.13112449645996,216.10411071777344,14.829999923706055,15.237499904632568,0.37764275590971763
2020-02-19,26.246976852416992,215.7965545654297,14.380000114440918,15.313999891281128,0.3983746126234511
2020-02-20,26.051475524902344,212.9092254638672,15.5600004196167,15.446499919891357,0.3747888831429911
2020-02-21,25.602563858032227,208.54345703125,17.079999923706055,15.651499938964843,0.31305415588269103
2020-02-24,24.661293029785156,199.15713500976562,25.030000686645508,16.174999952316284,0.18438698801156886
2020-02-25,23.843114852905273,195.23788452148438,27.850000381469727,16.655999994277956,0.05835808850846867
2020-02-26,23.66209602355957,195.66452026367188,27.559999465942383,17.219999933242796,0.02614509046808746
2020-02-27,22.82943344116211,188.2725372314453,39.15999984741211,18.35849995613098,-0.0907255451952015
2020-02-28,22.65566635131836,190.97137451171875,40.11000061035156,19.589499998092652,-0.1293092379647604
2020-03-02,23.33626937866211,194.91043090820312,33.41999816894531,20.318499898910524,-0.026743553618961222
2020-03-03,23.111814498901367,184.44259643554688,36.81999969482422,21.26099991798401,-0.029884983913048557
2020-03-04,23.995161056518555,190.2668914794922,31.989999771118164,22.05799994468689,0.10085160461391503
2020-03-05,23.604171752929688,183.72817993164062,39.619998931884766,23.281499910354615,0.05623933787649655
2020-03-06,22.626697540283203,179.6799774169922,41.939998626708984,24.630499839782715,-0.09644895172078077
2020-03-09,18.30409812927246,168.1802215576172,54.459999084472656,26.57999978065491,-0.7930944310609366
2020-03-10,19.397415161132812,176.80255126953125,47.29999923706055,28.192999744415282,-0.6360125690346837
2020-03-11,17.855180740356445,168.91444396972656,53.900001525878906,30.12899980545044,-0.8718973647636735
2020-03-12,15.617856979370117,153.26724243164062,75.47000122070312,33.21549987792969,-1.2000276404356096
2020-03-13,16.05228614807129,168.9541473388672,57.83000183105469,35.39949998855591,-1.1786423381771691
2020-03-16,13.641183853149414,144.87310791015625,82.69000244140625,38.850000095367434,-1.5081025066734166
2020-03-17,13.641183853149414,148.25657653808594,75.91000366210938,41.9040002822876,-1.5194253600354313
2020-03-18,11.66451644897461,145.8157196044922,76.44999694824219,45.007500123977664,-1.8474220296096395
2020-03-19,12.308924674987793,151.93768310546875,72.0,47.829500102996825,-1.7583170184938475
2020-03-20,12.59130859375,148.56411743164062,66.04000091552734,50.27750015258789,-1.6990032401903676
2020-03-23,13.170550346374512,146.9468536376953,61.59000015258789,52.10550012588501,-1.5950813708290041
2020-03-24,16.016082763671875,159.72654724121094,61.66999816894531,53.796500015258786,-1.1539189537972323
2020-03-25,17.587282180786133,154.99368286132812,63.95000076293945,55.61600008010864,-0.8708718166743005
2020-03-26,17.68140983581543,162.06817626953125,61.0,56.708000087738036,-0.8785387991972027
2020-03-27,16.182619094848633,155.56918334960938,65.54000091552734,57.97950010299682,-1.1116839794825597
2020-03-30,17.319377899169922,164.6578369140625,57.08000183105469,59.16250028610229,-0.9487746872707618
2020-03-31,17.659683227539062,165.50123596191406,53.540000915527344,59.99850034713745,-0.8937225799818825
2020-04-01,17.645206451416016,158.3572998046875,57.060001373291016,61.252000427246095,-0.8722772537175779
2020-04-02,18.847135543823242,156.95828247070312,50.90999984741211,61.81650047302246,-0.6631874489414538
2020-04-03,17.89862632751465,152.97947692871094,46.79999923706055,62.059500503540036,-0.8111819993875468
2020-04-06,18.137561798095703,164.26097106933594,45.2400016784668,61.598500633239745,-0.8083008348932192
2020-04-07,17.95655059814453,167.5154266357422,46.70000076293945,61.568500709533694,-0.8499758976538551
2020-04-08,18.38374137878418,172.92298889160156,43.349998474121094,61.041000556945804,-0.7954215533890859
2020-04-09,18.028955459594727,173.82591247558594,41.66999816894531,59.35100040435791,-0.8587804328435543
2020-04-13,18.036191940307617,173.42901611328125,41.16999816894531,58.51800022125244,-0.8562215268219607
2020-04-14,17.695892333984375,176.78269958496094,37.7599983215332,56.27150001525879,-0.9253182914113719
2020-04-15,16.537403106689453,175.592041015625,40.84000015258789,54.51799983978272,-1.1183540189133776
2020-04-16,15.820587158203125,174.87765502929688,40.11000061035156,52.70100002288818,-1.2378697422426
2020-04-17,16.9645938873291,177.84439086914062,38.150001525878906,51.00850009918213,-1.053240685845568
2020-04-20,16.182619094848633,176.85215759277344,43.83000183105469,49.898000144958495,-1.1829079283241775
2020-04-21,15.668534278869629,169.47007751464844,45.40999984741211,49.089000129699706,-1.24563227540316
2020-04-22,16.89218521118164,180.86070251464844,41.97999954223633,48.104500198364256,-1.0756491355867113
2020-04-23,16.928390502929688,183.6885223388672,41.380001068115234,46.976000213623045,-1.0789551879116321
2020-04-24,16.935632705688477,188.59005737304688,35.93000030517578,45.722500228881835,-1.0941266278153206
2020-04-27,17.60176658630371,186.0400390625,33.290000915527344,44.11000022888184,-0.972305828175231
2020-04-28,17.49315643310547,181.4857940673828,33.56999969482422,42.93450012207031,-0.9755359021133541
2020-04-29,18.412700653076172,192.67794799804688,31.229999542236328,41.81900005340576,-0.8566069608924016
2020-04-30,17.232494354248047,203.1160430908203,34.150001525878906,40.673500061035156,-1.0922519202883183
2020-05-01,16.53015899658203,200.69503784179688,37.189998626708984,39.9875,-1.2035937396638945
2020-05-04,16.83426284790039,203.66177368164062,35.970001220703125,39.44600009918213,-1.1618040875400908
2020-05-05,17.283174514770508,205.4576873779297,33.61000061035156,38.86450004577637,-1.0914692839850308
2020-05-06,17.073196411132812,206.84677124023438,34.119998931884766,38.235499954223634,-1.131828140705891
2020-05-07,17.420751571655273,209.6150360107422,31.440000534057617,37.64000005722046,-1.0819846854553898
2020-05-08,17.866863250732422,210.69656372070312,27.979999542236328,36.95550012588501,-1.0097353575642056
2020-05-11,17.472795486450195,211.52011108398438,27.56999969482422,36.275500202178954,-1.0795091315075536
2020-05-12,17.145641326904297,208.46408081054688,33.040000915527344,36.03950033187866,-1.1249200447462935
2020-05-13,16.528518676757812,203.50302124023438,35.279998779296875,35.76150026321411,-1.2132696824185425
2020-05-14,16.461606979370117,205.19967651367188,32.61000061035156,35.38650026321411,-1.230327020283983
2020-05-15,16.223676681518555,209.23802185058594,31.889999389648438,35.07350015640259,-1.2843054236076497
2020-05-18,17.4802303314209,211.530029296875,29.299999237060547,34.34700002670288,-1.0782779044219497
2020-05-19,17.034114837646484,215.1912841796875,30.530000686645508,33.60300006866455,-1.1663997089828686
2020-05-20,17.56201934814453,228.17935180664062,27.989999771118164,32.90350008010864,-1.1200856564037018
2020-05-21,17.383573532104492,229.58831787109375,29.530000686645508,32.31100006103516,-1.1551484612605116
2020-05-22,17.086166381835938,233.0808868408203,28.15999984741211,31.92250003814697,-1.2174154362537681
2020-05-26,17.294347763061523,230.3920135498047,28.010000228881836,31.658500003814698,-1.173012367591507
2020-05-27,17.792509078979492,227.3558349609375,27.6200008392334,31.361000061035156,-1.078131140191892
2020-05-28,17.294347763061523,223.70448303222656,28.59000015258789,31.229000091552734,-1.150632397291363
2020-05-29,17.205129623413086,223.3373565673828,27.510000228881836,30.89700002670288,-1.164576823653663
2020-06-01,17.7255916595459,230.104248046875,28.229999542236328,30.449000072479247,-1.0987091822055883
2020-06-02,18.550907135009766,230.90797424316406,26.84000015258789,29.992500019073486,-0.9610402951352278
2020-06-03,19.257253646850586,228.36788940429688,25.65999984741211,29.594999980926513,-0.8324139136870393
2020-06-04,19.101112365722656,224.5280303955078,25.809999465942383,29.179500007629393,-0.8461181523389893
2020-06-05,20.603029251098633,228.97315979003906,24.520000457763672,28.8335000038147,-0.6055680192082564
2020-06-08,21.10118865966797,229.59820556640625,25.809999465942383,28.725,-0.522939485327838
2020-06-09,20.327922821044922,236.8115997314453,27.56999969482422,28.725,-0.6785859414428986
2020-06-10,19.614145278930664,234.88673400878906,27.56999969482422,28.451499938964844,-0.7935340359283306
2020-06-11,17.89659881591797,222.68247985839844,40.790000915527344,28.727000045776368,-1.0447894680526244
2020-06-12,18.402202606201172,226.80018615722656,36.09000015258789,28.901000022888184,-0.9725831601611219
2020-06-15,18.112228393554688,230.68968200683594,34.400001525878906,29.026500129699706,-1.0349143655962518
2020-06-16,18.253494262695312,233.8151397705078,33.66999816894531,29.245000076293945,-1.0213491775573065
2020-06-17,17.621503829956055,233.696044921875,33.470001220703125,29.392000102996825,-1.1284310711943168
2020-06-18,17.614063262939453,234.1029052734375,32.939998626708984,29.639500045776366,-1.1310580301869073
2020-06-19,17.59919548034668,236.93067932128906,35.119998931884766,29.91899995803833,-1.143049752057564
2020-06-22,17.747896194458008,237.3573455810547,31.770000457763672,30.09949998855591,-1.119188579343605
2020-06-23,17.9709529876709,240.3538360595703,31.3700008392334,30.267500019073488,-1.0912818972251628
2020-06-24,17.205129623413086,232.19784545898438,33.84000015258789,30.57849998474121,-1.1942286477040471
2020-06-25,17.472795486450195,233.8448944091797,32.220001220703125,30.760000038146973,-1.1542195177198862
2020-06-26,16.922588348388672,214.39752197265625,34.72999954223633,31.121000003814697,-1.1827102938738308
2020-06-29,17.457927703857422,218.92202758789062,31.780000686645508,31.298500061035156,-1.1068083233099073
2020-06-30,17.338958740234375,225.30194091796875,30.43000030517578,31.47800006866455,-1.148391489782707
2020-07-01,17.257169723510742,235.70037841796875,28.6200008392334,31.626000118255615,-1.1970996710161943
2020-07-02,17.40587615966797,231.60250854492188,27.68000030517578,31.719500160217287,-1.1580960639109115
2020-07-06,17.57689094543457,238.4091033935547,27.940000534057617,31.890500164031984,-1.1517905870685707
2020-07-07,17.115907669067383,238.9845733642578,29.43000030517578,32.07150020599365,-1.2321142563108287
2020-07-08,17.219999313354492,241.68341064453125,28.079999923706055,32.097000217437746,-1.223443466325232
2020-07-09,16.394681930541992,242.59622192382812,29.260000228881836,32.18150024414062,-1.3668571087874013
2020-07-10,16.69952964782715,243.1617889404297,27.290000915527344,31.506500244140625,-1.3169053848101049
2020-07-13,16.69952964782715,237.13906860351562,32.189998626708984,31.31150016784668,-1.2967502166337628
2020-07-14,17.309223175048828,237.8633575439453,29.520000457763672,31.067500114440918,-1.1954855768620922
2020-07-15,17.70328712463379,238.4091033935547,27.760000228881836,30.772000217437743,-1.1302948220030247
2020-07-16,17.636367797851562,239.0540313720703,28.0,30.49850015640259,-1.1438338284816878
2020-07-17,17.286914825439453,240.1454620361328,25.68000030517578,30.13550024032593,-1.206916595107921
2020-07-20,17.056419372558594,243.5090789794922,24.459999084472656,29.602500247955323,-1.2573725861800893
2020-07-21,17.911474227905273,239.86764526367188,24.84000015258789,29.256000232696532,-1.0997701977166698
2020-07-22,17.43562126159668,238.00228881835938,24.31999969482422,28.903500175476076,-1.1744544240343426
2020-07-23,17.26460838317871,230.78887939453125,26.079999923706055,28.515500164031984,-1.1793981624348708
2020-07-24,17.048992156982422,228.91363525390625,25.84000015258789,28.19650011062622,-1.2097917287402824
2020-07-27,17.205129623413086,231.68186950683594,24.739999771118164,27.697000122070314,-1.1925019226514557
2020-07-28,16.96719741821289,228.32818603515625,25.440000534057617,27.380000114440918,-1.2217430607793587
2020-07-29,17.26460838317871,231.4735107421875,24.100000381469727,27.063500118255615,-1.1816892965368866
2020-07-30,16.68465805053711,232.6741180419922,24.760000228881836,26.870500087738037,-1.284337321406394
2020-07-31,16.387250900268555,251.69482421875,24.459999084472656,26.70950002670288,-1.39856955451645
2020-08-03,16.42443084716797,249.99813842773438,24.280000686645508,26.526500034332276,-1.3865684914448697
2020-08-04,17.6512393951416,247.8847198486328,23.760000228881836,26.243000030517578,-1.1708567631877504
2020-08-05,17.80738067626953,247.18023681640625,22.989999771118164,25.988500022888182,-1.1419447823588784
2020-08-06,17.294347763061523,263.2144470214844,22.649999618530273,25.657999992370605,-1.2828533745736577
2020-08-07,17.086166381835938,266.3497619628906,22.209999084472656,25.403999900817873,-1.3287504701940358
2020-08-10,17.472795486450195,260.95220947265625,22.1299991607666,24.90099992752075,-1.24493475325304
2020-08-11,17.70328712463379,254.13568115234375,24.030000686645508,24.626499938964844,-1.1829241658601453
2020-08-12,18.03787612915039,257.8663635253906,22.280000686645508,24.352499961853027,-1.1385065723402101
2020-08-13,17.66498565673828,259.265380859375,22.1299991607666,24.058999919891356,-1.2066046199399458
2020-08-14,17.31846809387207,259.2058410644531,22.049999237060547,23.877499866485596,-1.265336423165947
2020-08-17,17.13767433166504,259.12652587890625,21.350000381469727,23.72199993133545,-1.2958179687249132
2020-08-18,16.843889236450195,260.2973327636719,21.510000228881836,23.555499935150145,-1.3496991245334486
2020-08-19,16.753490447998047,260.54541015625,22.540000915527344,23.466499996185302,-1.365903133246673
2020-08-20,16.542564392089844,266.9154052734375,22.719999313354492,23.298499965667723,-1.4230919357673901
2020-08-21,16.165910720825195,264.93096923828125,22.540000915527344,23.133500003814696,-1.480507175402217
2020-08-24,16.504898071289062,269.2768249511719,22.3700008392334,23.01500005722046,-1.4374002615860926
2020-08-25,16.286441802978516,278.6333923339844,22.030000686645508,22.844500064849854,-1.505864332343251
2020-08-26,16.105648040771484,301.54364013671875,23.270000457763672,22.803000068664552,-1.613280964110594
2020-08-27,15.92485523223877,290.9368896484375,24.469999313354492,22.788500022888183,-1.6085320500207227
2020-08-28,16.105648040771484,291.3734130859375,22.959999084472656,22.713500022888184,-1.5792460720463357
2020-08-31,15.766661643981934,290.9170837402344,26.40999984741211,22.819999980926514,-1.635369210567897
2020-09-01,15.646129608154297,293.13958740234375,26.1200008392334,22.938000011444093,-1.6633053390291554
2020-09-02,15.49547004699707,300.14459228515625,26.56999969482422,23.117000007629393,-1.7123698996761267
2020-09-03,15.525605201721191,288.8532409667969,33.599998474121094,23.664499950408935,-1.669458157702907
2020-09-04,15.472872734069824,280.5285339355469,30.75,24.091499996185302,-1.6505673696907839
2020-09-08,15.179084777832031,269.0486145019531,31.459999084472656,24.557999992370604,-1.6621130737773586
2020-09-09,15.307145118713379,271.5887451171875,28.809999465942383,24.79699993133545,-1.6488348942966127
2020-09-10,14.99828815460205,266.0025329589844,29.709999084472656,25.168499851226805,-1.6826667559975348
2020-09-11,15.111284255981445,264.5340576171875,26.8700008392334,25.405499935150146,-1.6585356107055442
2020-09-14,14.945556640625,264.0776672363281,25.850000381469727,25.595499992370605,-1.6851930177315726
2020-09-15,14.809964179992676,270.29888916015625,25.59000015258789,25.807499980926515,-1.7290722210390668
2020-09-16,15.035951614379883,261.4681091308594,26.040000915527344,26.03400001525879,-1.6610869098013257
2020-09-17,14.734635353088379,252.83590698242188,26.459999084472656,26.229999923706053,-1.6834428764534461
2020-09-18,14.222387313842773,250.56369018554688,25.829999923706055,26.385499954223633,-1.7629551208507042
2020-09-21,13.800532341003418,246.2178192138672,27.780000686645508,26.64749994277954,-1.8201549961719161
2020-09-22,13.921065330505371,252.76641845703125,26.860000610351562,26.87199993133545,-1.8215713973724723
2020-09-23,13.536877632141113,247.08103942871094,28.579999923706055,27.199499893188477,-1.8678826347599669
2020-09-24,13.506746292114258,247.5870819091797,28.510000228881836,27.461499881744384,-1.8747004509727736
2020-09-25,13.454015731811523,252.83590698242188,26.3799991607666,27.55699987411499,-1.9012334670527706
2020-09-28,13.695073127746582,254.8203125,26.190000534057617,27.71849994659424,-1.8668785191779949
2020-09-29,13.31088638305664,259.7516174316406,26.270000457763672,27.711499977111817,-1.9487185644636202
2020-09-30,13.152693748474121,259.86077880859375,26.3700008392334,27.723999977111816,-1.9759871547240315
2020-10-01,12.678112030029297,264.5539245605469,26.700000762939453,27.73050003051758,-2.072403358417059
2020-10-02,12.693180084228516,257.9159851074219,27.6299991607666,27.432000064849852,-2.0476267733792692
2020-10-05,12.949300765991211,262.58935546875,27.959999084472656,27.292500019073486,-2.0197087450328186
2020-10-06,12.753442764282227,256.64599609375,29.479999542236328,27.19350004196167,-2.0331280592786922
2020-10-07,12.82877254486084,256.1101379394531,28.059999465942383,27.15600004196167,-2.018523720347337
2020-10-08,13.175292015075684,261.7062683105469,26.360000610351562,26.988500118255615,-1.9783199168152512
2020-10-09,13.077363014221191,262.39093017578125,25.0,26.895000076293947,-1.997265602640007
2020-10-12,12.986968994140625,273.6028747558594,25.06999969482422,26.85600004196167,-2.0501596269271305
2020-10-13,12.565118789672852,273.9898986816406,26.06999969482422,26.880000019073485,-2.123197429831681
2020-10-14,12.497320175170898,269.7035217285156,26.399999618530273,26.897999954223632,-2.1203832516232026
2020-10-15,12.384322166442871,264.6432189941406,26.969999313354492,26.923499965667723,-2.122666019583552
2020-10-16,12.241195678710938,263.8594055175781,27.40999984741211,27.002499961853026,-2.144384001577827
2020-10-19,12.075468063354492,259.3645935058594,29.18000030517578,27.07249994277954,-2.157526740383571
2020-10-20,12.16586685180664,265.4767150878906,29.350000381469727,27.196999931335448,-2.1626072796482023
2020-10-21,11.92480754852295,276.5597229003906,28.649999618530273,27.20049991607666,-2.2406929425805306
2020-10-22,12.128199577331543,275.9544372558594,28.110000610351562,27.180499935150145,-2.204077155285481
2020-10-23,12.090535163879395,282.57257080078125,27.549999237060547,27.238999938964845,-2.232630344794514
2020-10-26,11.90220832824707,274.9522705078125,32.459999084472656,27.552499866485597,-2.2391569391825477
2020-10-27,11.585821151733398,281.0841979980469,33.349998474121094,27.906499767303465,-2.31348445446057
2020-10-28,11.224234580993652,265.5858154296875,40.279998779296875,28.60199966430664,-2.323112559917947
2020-10-29,11.495427131652832,278.64337158203125,37.59000015258789,29.146499633789062,-2.3206891755581056
2020-10-30,11.661150932312012,261.06134033203125,38.02000045776367,29.665999698638917,-2.233666436254802
2020-11-02,12.128199577331543,259.32489013671875,37.130001068115234,30.124499797821045,-2.1484260042884173
2020-11-03,12.188465118408203,263.2342224121094,35.54999923706055,30.427999782562257,-2.151259518041663
2020-11-04,12.150800704956055,285.1423645019531,29.56999969482422,30.50349979400635,-2.2309810627791102
2020-11-05,12.162322044372559,292.385498046875,27.579999923706055,30.56449975967407,-2.2532609763108318
2020-11-06,12.016345977783203,291.12542724609375,24.860000610351562,30.55749979019165,-2.273869770639762
2020-11-09,13.891019821166992,276.5993957519531,25.75,30.59149980545044,-1.9064387252169523
2020-11-10,14.67469310760498,270.3087158203125,24.799999237060547,30.527999782562254,-1.7521101939147181
2020-11-11,14.50566577911377,274.32720947265625,23.450000762939453,30.380499839782715,-1.7943040712480522
2020-11-12,14.044683456420898,272.9381408691406,25.350000381469727,30.299499893188475,-1.8680532060688286
2020-11-13,14.444198608398438,274.7936096191406,23.100000381469727,30.083999919891358,-1.8063184008488782
2020-11-16,15.181775093078613,276.78790283203125,22.450000762939453,29.74749994277954,-1.6875552424021312
2020-11-17,15.404583930969238,272.8587646484375,22.709999084472656,29.415499877929687,-1.6365139581348886
2020-11-18,15.028116226196289,269.8523254394531,23.84000015258789,29.174999904632568,-1.6904774146293573
2020-11-19,15.00506591796875,270.8147888183594,23.110000610351562,28.924999904632568,-1.697618406763812
2020-11-20,14.974332809448242,267.60003662109375,23.700000762939453,28.732499980926512,-1.6920868411574685
2020-11-23,15.681177139282227,266.3399658203125,22.65999984741211,28.242500019073486,-1.5676593930875835
2020-11-24,16.79522705078125,274.7637634277344,21.639999389648438,27.657000064849854,-1.4063871691444374
2020-11-25,16.44948959350586,273.4441223144531,21.25,26.70550012588501,-1.4607693452688446
2020-11-27,16.21131134033203,275.6468505859375,20.84000015258789,25.86800012588501,-1.5086469839808492
2020-11-30,15.028116226196289,274.81341552734375,20.56999969482422,24.995500087738037,-1.707079813456771
2020-12-01,15.550562858581543,284.31878662109375,20.770000457763672,24.17750005722046,-1.6500390417412298
2020-12-02,16.188261032104492,285.28125,21.170000076293945,23.458500099182128,-1.5448088038186558
2020-12-03,16.411069869995117,279.6554260253906,21.280000686645508,23.044000148773193,-1.4880895226418218
2020-12-04,17.110231399536133,277.5221862792969,20.790000915527344,22.704500198364258,-1.3620465827053896
2020-12-07,16.65692710876465,283.3563232421875,21.299999237060547,22.526500129699706,-1.4586625597680807
2020-12-08,16.741443634033203,281.1933288574219,20.68000030517578,22.273000144958495,-1.4370506148969469
2020-12-09,16.825956344604492,275.7559814453125,22.270000457763672,22.146500205993654,-1.4044816232116792
2020-12-10,17.217790603637695,274.96221923828125,22.520000457763672,22.100000190734864,-1.335187370543216
2020-12-11,16.925838470458984,271.4200744628906,23.309999465942383,21.998000144958496,-1.3729848027446978
2020-12-14,16.411069869995117,272.0550537109375,24.719999313354492,22.079000091552736,-1.4626547068723235
2020-12-15,16.856691360473633,273.4044494628906,22.889999389648438,22.101000022888183,-1.3913851700639899
2020-12-16,16.77217674255371,273.5235595703125,22.5,22.09050006866455,-1.406156886157148
2020-12-17,16.825956344604492,272.3428039550781,21.93000030517578,21.995000076293945,-1.3930593484781608
2020-12-18,16.703025817871094,274.2478332519531,21.56999969482422,21.91800003051758,-1.4203409450119253
2020-12-21,15.888623237609863,270.666015625,25.15999984741211,21.99099998474121,-1.5468569683460758
2020-12-22,15.73495864868164,265.01031494140625,24.229999542236328,22.069499969482422,-1.554063249705626
2020-12-23,16.295822143554688,266.0224304199219,23.309999465942383,22.15299997329712,-1.4620661841468756
2020-12-24,16.180578231811523,265.3179016113281,21.530000686645508,22.167000007629394,-1.4793075999028236
2020-12-28,16.12679672241211,274.8431701660156,21.700000762939453,22.210000038146973,-1.5203305609558495
2020-12-29,16.188261032104492,274.6248779296875,23.079999923706055,22.335500049591065,-1.5091470165843381
2020-12-30,16.157529830932617,269.7530822753906,22.770000457763672,22.435500049591063,-1.4980697936485856
2020-12-31,15.765693664550781,271.0330810546875,22.75,22.514500045776366,-1.5689915722466254
2021-01-04,16.003864288330078,266.8459167480469,26.969999313354492,22.798999977111816,-1.5144742715086394
2021-01-05,17.194746017456055,268.8601379394531,25.34000015258789,23.026499938964843,-1.3186857329379966
2021-01-06,17.986099243164062,261.2597351074219,25.06999969482422,23.214999961853028,-1.1586680837315138
2021-01-07,18.37026023864746,266.64752197265625,22.3700008392334,23.299499988555908,-1.1113654887884346
2021-01-08,18.746728897094727,265.4866027832031,21.559999465942383,23.263999938964844,-1.0434557121119552
2021-01-11,18.731359481811523,254.8401336669922,24.079999923706055,23.34199991226196,-1.0104408891245402
2021-01-12,19.215396881103516,249.13491821289062,23.329999923706055,23.342999935150146,-0.909029676320842
2021-01-13,19.038686752319336,249.68063354492188,22.209999084472656,23.217499923706054,-0.9409084109297295
2021-01-14,19.568817138671875,243.72732543945312,23.25,23.235499954223634,-0.8308280741657259
2021-01-15,18.6391658782959,249.40281677246094,24.34000015258789,23.32749996185303,-1.007923836871574
2021-01-19,18.93880271911621,259.06695556640625,23.239999771118164,23.392999935150147,-0.9893068825453022
2021-01-20,19.061729431152344,265.3973083496094,21.579999923706055,23.39349994659424,-0.9895858249025549
2021-01-21,18.45477294921875,270.74530029296875,21.31999969482422,23.201499938964844,-1.1107060084151277
2021-01-22,18.339523315429688,272.36260986328125,21.90999984741211,23.085499954223632,-1.135718481312899
2021-01-25,17.724872589111328,275.8453063964844,23.190000534057617,23.079500007629395,-1.2519049458341887
2021-01-26,17.69414520263672,279.85382080078125,23.020000457763672,23.153999996185302,-1.2705452301745428
2021-01-27,17.463653564453125,270.0210266113281,37.209999084472656,23.929499912261964,-1.2768384877837953
2021-01-28,17.563535690307617,262.93658447265625,30.209999084472656,24.285999870300294,-1.236143633004433
2021-01-29,17.071813583374023,256.31854248046875,33.09000015258789,24.801999855041505,-1.297621701313865
2021-02-01,17.064132690429688,259.9698791503906,30.239999771118164,25.176499843597412,-1.3111472442059011
2021-02-02,15.942401885986328,265.0003662109375,25.559999465942383,25.105999851226805,-1.5187507955490542
2021-02-03,16.341922760009766,264.57373046875,22.90999984741211,24.984499835968016,-1.44937790352698
2021-02-04,16.12679672241211,264.4150390625,21.770000457763672,24.81949987411499,-1.4854325872166272
2021-02-05,15.988499641418457,266.012451171875,20.8700008392334,24.74449987411499,-1.5142980731845337
2021-02-08,16.925838470458984,264.5043029785156,21.239999771118164,24.72849988937378,-1.3498410189494583
2021-02-09,16.695343017578125,267.3519592285156,21.6299991607666,24.605999851226805,-1.398570336032914
2021-02-10,16.580097198486328,269.7530822753906,21.989999771118164,24.538999843597413,-1.4262052094906732
2021-02-11,16.41874885559082,268.2846374511719,21.25,24.49099988937378,-1.4487309858484623
2021-02-12,16.833635330200195,268.393798828125,19.969999313354492,24.326999855041503,-1.37853797581995
2021-02-16,17.809391021728516,271.8367919921875,21.459999084472656,24.18299980163574,-1.2241166026060075
2021-02-17,18.11671257019043,271.43988037109375,21.5,24.095999813079835,-1.170523206371513
2021-02-18,17.489850997924805,267.2924499511719,22.489999771118164,24.14149980545044,-1.2632519372866333
2021-02-19,17.809123992919922,259.52337646484375,22.049999237060547,24.177999782562257,-1.1829548950929578
2021-02-22,18.40094566345215,258.3029479980469,23.450000762939453,24.254999828338622,-1.0782216204905435
2021-02-23,18.8681697845459,263.7898864746094,23.110000610351562,24.25099983215332,-1.017124577495997
2021-02-24,19.701391220092773,262.2519836425781,21.34000015258789,24.16699981689453,-0.8702748370226977
2021-02-25,19.927217483520508,252.70687866210938,28.889999389648438,23.75099983215332,-0.7999264311680975
2021-02-26,19.008338928222656,255.61404418945312,27.950000762939453,23.63799991607666,-0.9659258526740727
2021-03-01,19.14072036743164,262.8473205566406,23.350000381469727,23.15099992752075,-0.9676185159285393
2021-03-02,19.288673400878906,256.9833679199219,24.100000381469727,22.84399995803833,-0.9228328020112411
2021-03-03,19.919435501098633,253.4212646484375,26.670000076293945,22.89949998855591,-0.8036405949166627
2021-03-04,20.269853591918945,255.63394165039062,28.56999969482422,23.182499980926515,-0.751450964039752
2021-03-05,20.846099853515625,262.22216796875,24.65999984741211,23.326999950408936,-0.675498383573107
2021-03-08,20.666994094848633,253.32203674316406,25.469999313354492,23.55699987411499,-0.6761737981882232
2021-03-09,20.332149505615234,263.6708984375,24.030000686645508,23.69649991989136,-0.7677523669333886
2021-03-10,20.752649307250977,262.8374328613281,22.559999465942383,23.742999935150145,-0.6934501954528423
2021-03-11,20.752649307250977,271.7474365234375,21.90999984741211,23.738999938964845,-0.7232677217890655
2021-03-12,20.99405288696289,266.3101806640625,20.690000534057617,23.710999965667725,-0.6640171440015321
2021-03-15,20.62805938720703,271.6184997558594,20.030000686645508,23.714000034332276,-0.7440248127761089
2021-03-16,20.30878448486328,277.10540771484375,19.790000915527344,23.63050012588501,-0.8166848614171309
2021-03-17,20.61248207092285,281.798583984375,19.229999542236328,23.517000102996825,-0.7807418729064415
2021-03-18,19.78704833984375,276.4505920410156,21.579999923706055,23.47150011062622,-0.903223384446521
2021-03-19,19.81041145324707,287.85107421875,20.950000762939453,23.416500186920167,-0.9374020681449319
2021-03-22,19.740327835083008,291.25445556640625,18.8799991607666,23.188000106811522,-0.9607104406490263
2021-03-23,18.735788345336914,288.3670654296875,20.299999237060547,23.04750003814697,-1.1218863137354986
2021-03-24,19.273099899291992,279.9431457519531,21.200000762939453,23.04050006866455,-1.0023167435767721
2021-03-25,19.132932662963867,276.5696105957031,19.809999465942383,22.586500072479247,-1.0148648943608707
2021-03-26,19.646879196166992,280.8162841796875,18.860000610351562,22.132000064849855,-0.9416713566710139
2021-03-29,19.60794448852539,288.55560302734375,20.739999771118164,22.001500034332274,-0.9741926524266814
2021-03-30,19.374332427978516,285.7575378417969,19.610000610351562,21.77700004577637,-1.004558467366564
2021-03-31,18.96161460876465,292.2366638183594,19.399999618530273,21.413500022888183,-1.096430512437615
2021-04-01,19.14072036743164,296.3345031738281,17.329999923706055,20.851500034332275,-1.0796841207789771
2021-04-05,18.89153480529785,306.5047302246094,17.90999984741211,20.514000034332277,-1.1560971474932669
2021-04-06,19.545650482177734,303.8753662109375,18.1200008392334,20.14650011062622,-1.0360547104104354
2021-04-07,19.755903244018555,310.65216064453125,17.15999984741211,19.803000068664552,-1.022976437681968
2021-04-08,19.249736785888672,310.58270263671875,16.950000762939453,19.522500133514406,-1.1088259899240804
2021-04-09,18.99276351928711,310.0270690917969,16.690000534057617,19.26150016784668,-1.1506691127133615
2021-04-12,19.171871185302734,309.1142578125,16.90999984741211,19.072500133514403,-1.1171541423735891
2021-04-13,19.171871185302734,307.34808349609375,16.649999618530273,18.903500080108643,-1.1112436005611588
2021-04-14,19.88828468322754,300.46209716796875,16.989999771118164,18.763500022888184,-0.9663615048503305
2021-04-15,19.623519897460938,305.4231872558594,16.56999969482422,18.630500030517577,-1.0279915435045628
2021-04-16,19.60794448852539,303.7959899902344,16.25,18.364000034332275,-1.0251949479221065
2021-04-19,19.709178924560547,299.88665771484375,17.290000915527344,18.18100004196167,-0.9948956864850249
2021-04-20,19.296464920043945,300.29345703125,18.68000030517578,18.17100009918213,-1.066445905958131
2021-04-21,19.436628341674805,299.1226501464844,17.5,18.0310001373291,-1.038690661749602
2021-04-22,18.95383071899414,294.211181640625,18.709999084472656,17.90650005340576,-1.10436205990719
2021-04-23,19.093997955322266,298.7853088378906,17.329999923706055,17.782500076293946,-1.0958317172138197
2021-04-26,19.405479431152344,300.6804504394531,17.639999389648438,17.72150001525879,-1.0492012637091326
2021-04-27,19.421058654785156,301.206298828125,17.559999465942383,17.5625,-1.048311521914347
2021-04-28,19.966154098510742,304.70880126953125,17.280000686645508,17.446000003814696,-0.9673302103960926
2021-04-29,19.857133865356445,326.9443359375,17.610000610351562,17.35650005340576,-1.0602826214479746
2021-04-30,19.592374801635742,322.548828125,18.610000610351562,17.420500087738038,-1.0905996230403439
2021-05-03,20.00508689880371,320.06829833984375,18.309999465942383,17.44050006866455,-1.0121099425953435
2021-05-04,20.1841983795166,315.881103515625,19.479999542236328,17.508500003814696,-0.9676365258086971
2021-05-05,20.853883743286133,312.567138671875,19.149999618530273,17.607999992370605,-0.8426551734560487
2021-05-06,20.881465911865234,317.5281677246094,18.389999389648438,17.679999923706056,-0.854566563135498
2021-05-07,21.06269645690918,316.59552001953125,16.690000534057617,17.679999923706056,-0.8206241789919091
2021-05-10,20.976024627685547,303.58758544921875,19.65999984741211,17.817499923706055,-0.7918328163006045
2021-05-11,20.46383285522461,304.14324951171875,21.84000015258789,18.076999950408936,-0.8807990580793591
2021-05-12,20.637191772460938,300.1942138671875,27.59000015258789,18.606999969482423,-0.8381009650665912
2021-05-13,20.400794982910156,302.8831787109375,23.1299991607666,18.93499994277954,-0.8873028379182241
2021-05-14,20.999658584594727,313.4799499511719,18.809999465942383,19.06299991607666,-0.8209184890734115
2021-05-17,21.338491439819336,313.00372314453125,19.719999313354492,19.18449983596802,-0.7617006428392293
2021-05-18,21.16514015197754,307.5465393066406,21.34000015258789,19.317499828338622,-0.7729193146808994
2021-05-19,20.62931251525879,311.14825439453125,22.18000030517578,19.551499843597412,-0.8760989047152824
2021-05-20,20.8972225189209,316.1291809082031,20.670000076293945,19.649499893188477,-0.8472051503284248
2021-05-21,20.8972225189209,313.7677001953125,20.149999618530273,19.790499877929687,-0.8393024023589104
2021-05-24,21.291215896606445,322.102294921875,18.399999618530273,19.82849988937378,-0.8001892062180797
2021-05-25,20.70810890197754,325.2376708984375,18.84000015258789,19.892499923706055,-0.9098488203809482
2021-05-26,20.731746673583984,325.1086730957031,17.360000610351562,19.896499919891358,-0.9053971315359723
2021-05-27,20.70810890197754,330.1590881347656,16.739999771118164,19.852999877929687,-0.9263184531241758
2021-05-28,20.668710708618164,326.1703796386719,16.760000228881836,19.7604998588562,-0.9196704667561626
2021-06-01,21.291215896606445,326.5672607421875,17.899999618530273,19.739999866485597,-0.8151313140988732
2021-06-02,21.771881103515625,326.5871276855469,17.479999542236328,19.639999866485596,-0.733452714659665
2021-06-03,21.87432098388672,323.5013732910156,18.040000915527344,19.58449993133545,-0.7057045692150897
2021-06-04,21.622167587280273,327.77777099609375,16.420000076293945,19.485999965667723,-0.7628984937736777
2021-06-07,21.480327606201172,333.9592590332031,16.420000076293945,19.472499942779542,-0.8077072211350279
2021-06-08,21.850675582885742,331.0818176269531,17.06999969482422,19.342999935150146,-0.7350939878800661
2021-06-09,21.74036407470703,327.6785583496094,17.889999389648438,19.145499897003173,-0.7424652048511798
2021-06-10,21.677324295043945,329.871337890625,16.100000381469727,18.570999908447266,-0.7605243498839946
2021-06-11,21.70096206665039,328.68072509765625,15.649999618530273,18.196999931335448,-0.7525199427539683
2021-06-14,22.09494972229004,334.14776611328125,16.389999389648438,18.07599992752075,-0.7038113871769377
2021-06-15,22.36286735534668,334.1278991699219,17.020000457763672,17.94099998474121,-0.6581810682457401
2021-06-16,22.008270263671875,328.5020751953125,18.149999618530273,17.78149995803833,-0.6996592348717305
2021-06-17,21.41728973388672,333.8898620605469,17.75,17.55999994277954,-0.8181956175435746
2021-06-18,20.56627082824707,327.0931701660156,20.700000762939453,17.561499977111815,-0.9401802052909369
2021-06-21,21.22817611694336,329.70269775390625,17.889999389648438,17.448499965667725,-0.8363450834196954
2021-06-22,21.393646240234375,336.3901672363281,16.65999984741211,17.361499977111816,-0.8305839126245782
2021-06-23,21.45669174194336,337.93804931640625,16.31999969482422,17.235499954223634,-0.8250420021576178
2021-06-24,21.527606964111328,340.50787353515625,15.970000267028809,17.165999937057496,-0.8215816675007993
2021-06-25,21.527606964111328,338.7119445800781,15.619999885559082,17.10999994277954,-0.8155715511252297
2021-06-28,20.849945068359375,352.8708801269531,15.760000228881836,17.05999994277954,-0.9782023817113586
2021-06-29,20.70022964477539,349.15008544921875,16.020000457763672,16.96599998474121,-0.99121224823495
2021-06-30,20.818424224853516,345.00262451171875,15.829999923706055,16.883500003814696,-0.957231730330639
2021-07-01,21.338491439819336,351.6305847167969,15.479999542236328,16.755499935150148,-0.8909662981514304
2021-07-02,21.25969696044922,351.93817138671875,15.069999694824219,16.68799991607666,-0.9053959509106717
2021-07-06,20.46383285522461,350.03314208984375,16.440000534057617,16.688999938964844,-1.0343706089344527
2021-07-07,20.274717330932617,347.76092529296875,16.200000762939453,16.645499992370606,-1.0589288138149457
2021-07-08,20.156526565551758,342.9586486816406,19.0,16.701000022888184,-1.0629581862908415
2021-07-09,20.4953556060791,347.6914978027344,16.18000030517578,16.705000019073488,-1.021173277790482
2021-07-12,20.392915725708008,350.4101867675781,16.170000076293945,16.73100004196167,-1.0476930305730687
2021-07-13,20.156526565551758,349.3484802246094,17.1200008392334,16.767500114440917,-1.0843419003208081
2021-07-14,19.880725860595703,344.9232177734375,16.329999923706055,16.733000087738038,-1.1164371414377499
2021-07-15,19.4237003326416,341.77789306640625,17.010000228881836,16.676000118255615,-1.1836360074449521
2021-07-16,18.809078216552734,338.50360107421875,18.450000762939453,16.711000156402587,-1.277205193247327
2021-07-19,18.1944522857666,334.3263854980469,22.5,16.801000118255615,-1.3677533738538858
2021-07-20,18.21021270751953,338.9997253417969,19.729999542236328,16.89300012588501,-1.3807124891397735
2021-07-21,18.84059715270996,343.53411865234375,17.90999984741211,16.95550012588501,-1.2886796152580078
2021-07-22,18.619962692260742,348.45550537109375,17.690000534057617,17.02400016784668,-1.342671692498126
2021-07-23,18.549047470092773,366.9106750488281,17.200000762939453,17.08550019264221,-1.4164926390022061
2021-07-26,19.171546936035156,369.55987548828125,17.579999923706055,17.18350019454956,-1.3194918964561442
2021-07-27,19.10850715637207,364.9460754394531,19.360000610351562,17.36350021362305,-1.3147726708085008
2021-07-28,19.226707458496094,370.3735046386719,18.309999465942383,17.478000164031982,-1.3128337635548695
2021-07-29,19.40793800354004,355.5299987792969,17.700000762939453,17.57150020599365,-1.232338381780187
2021-07-30,19.05335235595703,353.52569580078125,18.239999771118164,17.709500217437743,-1.2859341030797087
2021-08-02,18.974550247192383,349.2096252441406,19.459999084472656,17.929000186920167,-1.2848918811263976
2021-08-03,20.24319839477539,348.505126953125,18.040000915527344,18.00900020599365,-1.0667796187628114
2021-08-04,19.746768951416016,356.1253662109375,17.969999313354492,18.097500133514405,-1.1767069739838616
2021-08-05,19.9674072265625,360.143798828125,17.280000686645508,18.01150016784668,-1.1526315531461284
2021-08-06,20.14076042175293,360.6795959472656,16.149999618530273,18.010000133514403,-1.1249430263127418
2021-08-09,19.920129776000977,358.79437255859375,16.719999313354492,18.03750009536743,-1.1561559819921527
2021-08-10,20.392915725708008,358.318115234375,16.790000915527344,18.021000099182128,-1.074157089878277
2021-08-11,20.542631149291992,357.1571960449219,16.170000076293945,18.013000106811525,-1.0448104588234006
2021-08-12,20.48517608642578,359.8262634277344,15.59000015258789,17.942000102996825,-1.0635137381126478
2021-08-13,20.126062393188477,360.3521423339844,15.449999809265137,17.79200005531311,-1.126346838830591
2021-08-16,19.735034942626953,363.705810546875,16.1200008392334,17.47300009727478,-1.204070662992981
2021-08-17,19.766958236694336,355.65899658203125,17.90999984741211,17.382000112533568,-1.1717127350371708
2021-08-18,19.431787490844727,352.682373046875,21.56999969482422,17.565000104904176,-1.218752738061456
2021-08-19,18.80135154724121,352.3548889160156,21.670000076293945,17.76400008201599,-1.324872885668906
2021-08-20,18.86519432067871,356.57177734375,18.559999465942383,17.832000017166138,-1.3281272753086126
2021-08-23,19.463714599609375,360.52081298828125,17.149999618530273,17.81050000190735,-1.239554518483138
2021-08-24,19.67119789123535,362.66400146484375,17.219999313354492,17.703499937057494,-1.2114407741974271
2021-08-25,19.655231475830078,365.5215759277344,16.790000915527344,17.627500009536742,-1.2237190645405165
2021-08-26,19.391887664794922,361.5428161621094,18.84000015258789,17.684499979019165,-1.2551900356088952
2021-08-27,19.90262222290039,369.7285461425781,16.389999389648438,17.591999959945678,-1.195724887760468
2021-08-30,19.71109962463379,377.6960754394531,16.190000534057617,17.428500032424928,-1.2549599945581842
2021-08-31,19.51957130432129,376.426025390625,16.479999542236328,17.350499963760377,-1.28328230880407
2021-09-01,19.39986801147461,379.0751953125,16.110000610351562,17.25750002861023,-1.3125053439580083
2021-09-02,19.82282066345215,372.3578796386719,16.40999984741211,17.21399998664856,-1.2180955888073772
2021-09-03,19.774934768676758,373.3303527832031,16.40999984741211,17.22699999809265,-1.229493781944454
2021-09-07,19.623313903808594,379.2041931152344,18.139999389648438,17.298000001907347,-1.2749363607759723
2021-09-08,19.487648010253906,374.6300964355469,17.959999084472656,17.356499910354614,-1.2827012776566957
2021-09-09,19.39986801147461,375.0567932128906,18.799999237060547,17.487999868392944,-1.2990576715463595
2021-09-10,19.551490783691406,375.74139404296875,20.950000762939453,17.755999898910524,-1.2755627382263506
2021-09-13,19.982421875,373.578369140625,19.3700008392334,17.951999950408936,-1.1950371530647035
2021-09-14,19.67119789123535,373.59820556640625,19.459999084472656,18.118999862670897,-1.2480323325320728
2021-09-15,20.564973831176758,371.008544921875,18.18000030517578,18.13249988555908,-1.0873645639833465
2021-09-16,20.22182846069336,370.1551818847656,18.690000534057617,17.988499927520753,-1.142866322789739
2021-09-17,20.14202308654785,361.8801574707031,20.809999465942383,17.945499897003174,-1.128745995200905
2021-09-20,19.814836502075195,352.9303894042969,25.709999084472656,18.302999877929686,-1.1544388976247217
2021-09-21,20.134044647216797,354.6965637207031,24.360000610351562,18.663499927520753,-1.1060628040463965
2021-09-22,20.46921157836914,340.53765869140625,20.8700008392334,18.846000003814698,-1.001679020565387
2021-09-23,20.876203536987305,343.2662048339844,18.6299991607666,18.93799991607666,-0.9415944334632731
2021-09-24,20.940044403076172,350.21173095703125,17.75,18.883499908447266,-0.9539805944939995
2021-09-27,21.610382080078125,350.8268737792969,18.760000228881836,19.001999950408937,-0.8420371520597153
2021-09-28,21.738067626953125,337.99755859375,23.25,19.354999923706053,-0.7773885187312392
2021-09-29,21.634326934814453,336.9656066894531,22.559999465942383,19.658999919891357,-0.7915778926424001
2021-09-30,21.809886932373047,336.7473449707031,23.139999389648438,20.0104998588562,-0.7609905877431271
2021-10-01,22.025352478027344,340.3392028808594,21.100000381469727,20.244999885559082,-0.7363673334961002
2021-10-04,22.352540969848633,323.6898498535156,22.959999084472656,20.57249984741211,-0.6250060759809576
2021-10-05,22.679729461669922,330.367431640625,21.299999237060547,20.730499839782716,-0.591708927028555
2021-10-06,22.432344436645508,331.0422058105469,21.0,20.88249988555908,-0.6360389973389082
2021-10-07,22.52810287475586,326.6566162109375,19.540000915527344,20.919499969482423,-0.6050772143271327
2021-10-08,23.038841247558594,327.4800720214844,18.770000457763672,20.810499954223634,-0.5209734027173429
2021-10-11,23.222381591796875,322.91595458984375,20.0,20.84199991226196,-0.4744854043601178
2021-10-12,23.222381591796875,321.2489929199219,19.850000381469727,20.861499977111816,-0.46890687988590835
2021-10-13,23.294206619262695,322.0130310058594,18.639999389648438,20.884499931335448,-0.459248714118678
2021-10-14,23.501686096191406,325.971923828125,16.860000610351562,20.792999935150146,-0.43721191374760665
2021-10-15,23.88473892211914,322.2313232421875,16.299999237060547,20.567499923706055,-0.3595494288376284
2021-10-18,23.70917510986328,332.7289123535156,16.309999465942383,20.097499942779542,-0.42453738128516194
2021-10-19,23.82887840270996,337.34271240234375,15.699999809265137,19.66449990272522,-0.41962003741860165
2021-10-20,24.044343948364258,338.12652587890625,15.489999771118164,19.395499849319457,-0.38559959973291547
2021-10-21,23.493711471557617,339.218017578125,15.010000228881836,19.21449990272522,-0.4828964795307839
2021-10-22,23.549571990966797,322.0824279785156,15.430000305175781,19.098499917984007,-0.4160518389513889
2021-10-25,23.70917510986328,326.1306457519531,15.239999771118164,18.922499895095825,-0.40245613467443536
2021-10-26,23.6533145904541,313.3509826660156,15.979999542236328,18.558999872207643,-0.36918871372916834
2021-10-27,23.342084884643555,309.7889404296875,16.979999542236328,18.279999876022337,-0.41019802935069694
2021-10-28,23.31814956665039,314.45233154296875,16.530000686645508,17.949499940872194,-0.429874769418157
2021-10-29,22.974998474121094,321.050537109375,16.260000228881836,17.707499933242797,-0.5103143421793329
2021-11-01,23.366029739379883,327.4106750488281,16.40999984741211,17.379999971389772,-0.4650973385940327
2021-11-02,22.296680450439453,325.5254211425781,16.030000686645508,17.116500043869017,-0.6406488634276212
2021-11-03,21.754030227661133,329.03790283203125,15.100000381469727,16.821500062942505,-0.7446901257320491
2021-11-04,21.793930053710938,333.2349548339844,15.4399995803833,16.616499996185304,-0.7519500273448705
2021-11-05,22.224863052368164,338.473876953125,16.479999542236328,16.501999950408937,-0.6961948989000333
2021-11-08,22.360525131225586,335.9833984375,17.219999313354492,16.36299991607666,-0.6647888720331088
2021-11-09,22.50416374206543,332.7586669921875,17.780000686645508,16.259499931335448,-0.6295691098706839
2021-11-10,22.139217376708984,325.08892822265625,18.729999542236328,16.263999938964844,-0.665967335477625
2021-11-11,22.131145477294922,325.1880798339844,17.65999984741211,16.30399990081787,-0.6676719088331238
2021-11-12,22.106916427612305,338.2357177734375,16.290000915527344,16.30349998474121,-0.7154566721799505
2021-11-15,22.244178771972656,344.853759765625,16.489999771118164,16.3125,-0.714260361038624
2021-11-16,22.341068267822266,340.2895812988281,16.3700008392334,16.346000051498415,-0.68250857127866
2021-11-17,22.147289276123047,338.1165771484375,17.110000610351562,16.427000093460084,-0.7081918934186828
2021-11-18,22.03425407409668,336.0528564453125,17.59000015258789,16.556000089645387,-0.7205091154376397
2021-11-19,21.178394317626953,342.61138916015625,17.90999984741211,16.680000066757202,-0.888010527655377
2021-11-22,21.52558135986328,338.35479736328125,19.170000076293945,16.87650008201599,-0.8147208375574696
2021-11-23,22.1715087890625,334.6239929199219,19.3799991607666,17.046500062942506,-0.6923849526904109
2021-11-24,22.324918746948242,338.40435791015625,18.579999923706055,17.12650008201599,-0.6789461227602382
2021-11-26,20.96039581298828,330.52618408203125,28.6200008392334,17.731000089645384,-0.8846413774880016
2021-11-29,21.13802719116211,335.3979797363281,22.959999084472656,18.066000032424927,-0.8707357907144186
2021-11-30,20.96039581298828,321.9336853027344,27.190000534057617,18.605000066757203,-0.8558863883362919
2021-12-01,20.782764434814453,308.18157958984375,31.1200008392334,19.359500074386595,-0.8400738190812765
2021-12-02,21.84855079650879,307.97320556640625,27.950000762939453,20.002000093460083,-0.6581218564293455
2021-12-03,21.727436065673828,304.4508361816406,30.670000076293945,20.763500118255614,-0.666931735821601
2021-12-06,22.066547393798828,315.39495849609375,27.18000030517578,21.29850015640259,-0.645884984160217
2021-12-07,22.236103057861328,320.2965087890625,21.889999389648438,21.532000160217287,-0.6334523809750573
2021-12-08,22.203811645507812,327.98614501953125,19.899999618530273,21.638000106811525,-0.664677610277634
2021-12-09,21.92928695678711,327.2519226074219,21.579999923706055,21.78050012588501,-0.7089079916476486
2021-12-10,22.131145477294922,327.1824951171875,18.690000534057617,21.832000160217284,-0.67434626414065
2021-12-13,21.46906280517578,331.88555908203125,20.309999465942383,22.03300008773804,-0.8026833040231304
2021-12-14,21.436769485473633,331.14141845703125,21.889999389648438,22.303000068664552,-0.8056850350147425
2021-12-15,21.493289947509766,338.9997253417969,19.290000915527344,22.449000072479247,-0.8223707932912033
2021-12-16,21.582101821899414,332.2922668457031,20.56999969482422,22.62200002670288,-0.7848202024262759
2021-12-17,21.23491096496582,331.1910095214844,21.56999969482422,22.821000003814696,-0.8401803794796484
2021-12-20,20.710094451904297,322.91595458984375,22.8700008392334,23.069000053405762,-0.9017414692068737
2021-12-21,21.339876174926758,331.59783935546875,21.010000228881836,23.161000061035157,-0.8236907710428606
2021-12-22,21.614397048950195,327.876953125,18.6299991607666,23.123500061035156,-0.7645519178100764
2021-12-23,21.77587890625,332.6297302246094,17.959999084472656,23.092500019073487,-0.7529945264582584
2021-12-27,21.91313934326172,343.48443603515625,17.68000030517578,22.545499992370605,-0.7659766298233619
2021-12-28,21.856626510620117,343.524169921875,17.540000915527344,22.27450008392334,-0.7757205439538363
2021-12-29,21.792030334472656,340.2697448730469,16.950000762939453,21.762500095367432,-0.7758151881336173
2021-12-30,21.5498046875,341.67864990234375,17.329999923706055,21.073000049591066,-0.821724606022696
2021-12-31,21.501361846923828,333.73101806640625,17.219999313354492,20.536499977111816,-0.8033661863997735
2022-01-03,22.098846435546875,335.904052734375,16.600000381469727,19.832999992370606,-0.7090261389256355
2022-01-04,23.051591873168945,333.90960693359375,16.90999984741211,19.319499969482422,-0.5403215297551843
2022-01-05,22.906259536743164,321.6459045410156,19.729999542236328,19.211499977111817,-0.5239969481191419
2022-01-06,23.261520385742188,329.871337890625,19.610000610351562,19.19700002670288,-0.49110554941746565
2022-01-07,23.955890655517578,329.20654296875,18.760000228881836,19.05600004196167,-0.3707916260253154
2022-01-10,23.867074966430664,325.51556396484375,19.399999618530273,19.091499996185302,-0.3735442622111373
2022-01-11,24.658336639404297,331.7664794921875,18.40999984741211,18.99650001525879,-0.25989592944151707
2022-01-12,25.18315315246582,330.66510009765625,17.6200008392334,18.78300008773804,-0.16695639273907442
2022-01-13,25.207378387451172,323.9379577636719,20.309999465942383,18.834000015258788,-0.1403239579106526
2022-01-14,25.869457244873047,329.315673828125,19.190000534057617,18.76500005722046,-0.04572312238896252
2022-01-18,26.14397621154785,315.67279052734375,22.790000915527344,18.826000118255614,0.046619591355860544
2022-01-19,25.917898178100586,317.1015625,23.850000381469727,18.875000095367433,0.0033898575950087485
2022-01-20,25.320411682128906,314.09515380859375,25.59000015258789,19.104000091552734,-0.08816160946542026
2022-01-21,24.795597076416016,300.80938720703125,28.850000381469727,19.61500015258789,-0.13295391625599687
2022-01-24,24.206186294555664,306.3062744140625,29.899999618530273,20.212000179290772,-0.25158844400894814
2022-01-25,25.35271453857422,297.81292724609375,31.15999984741211,20.886000156402588,-0.02817913837038722
2022-01-26,25.433454513549805,292.33587646484375,31.959999084472656,21.607000064849853,0.0038811053123659852
2022-01-27,25.45767593383789,292.3458251953125,30.489999771118164,22.28400001525879,0.007967065610676805
2022-01-28,25.086265563964844,299.3607177734375,27.65999984741211,22.800500011444093,-0.07867291800523275
2022-01-31,24.96515464782715,310.8208923339844,24.829999923706055,23.18100004196167,-0.1376215667209719
2022-02-01,25.643383026123047,316.5161437988281,21.959999084472656,23.448999977111818,-0.0413368768372304
2022-02-02,25.80486488342285,320.4850158691406,22.09000015258789,23.707999992370606,-0.027156129789661275
2022-02-03,25.958274841308594,235.90869140625,24.350000381469727,23.939000034332274,0.28197033559613316
2022-02-04,26.54768180847168,235.24391174316406,23.219999313354492,24.119499969482423,0.38443345873441853
2022-02-07,26.919090270996094,223.15875244140625,22.860000610351562,24.324499988555907,0.4880408788523987
2022-02-08,26.49116325378418,218.465576171875,21.440000534057617,24.426500034332275,0.43097061669154413
2022-02-09,26.636497497558594,230.19358825683594,19.959999084472656,24.503999996185303,0.4164390590154033
2022-02-10,26.69301414489746,226.29417419433594,23.90999984741211,24.818499946594237,0.43910012784551905
2022-02-11,26.830272674560547,217.8404998779297,27.360000610351562,25.171000003814697,0.4907336256164754
2022-02-14,26.20049476623535,216.00489807128906,28.329999923706055,25.62799997329712,0.3897723373125542
2022-02-15,25.96634292602539,219.2792205810547,25.700000762939453,25.773499965667725,0.3389933427941052
2022-02-16,26.22471809387207,214.85391235351562,24.290000915527344,25.795499992370605,0.3977437150575324
2022-02-17,26.3372745513916,206.0926971435547,28.110000610351562,25.92150001525879,0.4462054085392305
2022-02-18,25.91314125061035,204.5547637939453,27.75,25.866499996185304,0.3792212398007408
2022-02-22,25.334030151367188,200.50653076171875,28.809999465942383,25.811999988555907,0.29428130192823243
2022-02-23,25.391124725341797,196.90478515625,31.020000457763672,25.805000019073486,0.3160445026184456
2022-02-24,23.792457580566406,205.98358154296875,30.31999969482422,25.723000049591064,0.013782264613461473
2022-02-25,25.064868927001953,208.8411102294922,27.59000015258789,25.57800006866455,0.2206141184416683
2022-02-28,23.825075149536133,209.38682556152344,30.149999618530273,25.70250005722046,0.007940390646583178
2022-03-01,23.237812042236328,201.9055633544922,33.31999969482422,26.127000045776366,-0.06689722246155691
2022-03-02,24.559165954589844,206.48959350585938,30.739999771118164,26.566000080108644,0.14248035010906823
2022-03-03,23.441726684570312,201.38961791992188,30.479999542236328,26.985500049591064,-0.030491535083932222
2022-03-04,22.84630012512207,198.5022430419922,31.979999542236328,27.367000007629393,-0.12209102511518777
2022-03-07,23.245969772338867,186.01028442382812,36.45000076293945,28.028500080108643,-0.012315959159517198
2022-03-08,24.26552391052246,188.80831909179688,35.130001068115234,28.642000102996825,0.15171243380763474
2022-03-09,23.678266525268555,196.95440673828125,32.45000076293945,29.192500114440918,0.024578518373211608
2022-03-10,23.678266525268555,193.69003295898438,30.229999542236328,29.706000137329102,0.035502818163276696
2022-03-11,23.058374404907227,186.14920043945312,30.75,30.048000144958497,-0.04468454600226189
2022-03-14,22.723955154418945,185.1768341064453,31.770000457763672,30.268500137329102,-0.09830403629482867
2022-03-15,22.878923416137695,190.5347900390625,29.829999923706055,30.3435001373291,-0.08987963430937004
2022-03-16,23.335691452026367,202.04446411132812,26.670000076293945,30.392000102996825,-0.05071604113525344
2022-03-17,23.686420440673828,206.22169494628906,25.670000076293945,30.461000061035158,-0.005047960227492522
2022-03-18,23.441726684570312,214.80433654785156,23.8700008392334,30.249000072479248,-0.07538419070452769
2022-03-21,24.30631446838379,209.84327697753906,23.530000686645508,30.038000106811523,0.08825558764323317
2022-03-22,24.20027732849121,214.96307373046875,22.940000534057617,29.744500160217285,0.0530887003987509
2022-03-23,25.089336395263672,211.7979278564453,23.56999969482422,29.37200012207031,0.21488016067015217
2022-03-24,25.073020935058594,217.8603515625,21.670000076293945,28.9395001411438,0.19181740987414878
2022-03-25,25.32587242126465,220.09280395507812,20.809999465942383,28.600500106811523,0.22734804385622528
2022-03-28,24.412349700927734,221.8490447998047,19.6299991607666,28.07450008392334,0.06611106601493608
2022-03-29,24.15134048461914,228.07022094726562,18.899999618530273,27.353500080108642,0.0009028180358188058
2022-03-30,24.526535034179688,226.0758819580078,19.329999923706055,26.78300008773804,0.07138496936160448
2022-03-31,23.98005485534668,220.6286163330078,20.559999465942383,26.28700008392334,-0.0033236458644179713
2022-04-01,24.338939666748047,223.09922790527344,19.6299991607666,25.669500064849853,0.04944270736547261
2022-04-04,24.29815673828125,232.06886291503906,18.56999969482422,24.77550001144409,0.012489810501384611
2022-04-05,24.224746704101562,230.03482055664062,21.030000686645508,24.070499992370607,0.006812185747957331
2022-04-06,24.13502311706543,221.5613250732422,22.100000381469727,23.55299997329712,0.019909944726013585
2022-04-07,24.355249404907227,221.21405029296875,21.549999237060547,23.11899995803833,0.05852523764556179
2022-04-08,24.85279655456543,220.59886169433594,21.15999984741211,22.639499950408936,0.1452001187981931
2022-04-11,24.44497299194336,214.7746124267578,24.3700008392334,22.26949996948242,0.09533394332961422
2022-04-12,24.90989112854004,212.4726104736328,24.260000228881836,21.99099998474121,0.18210467862323526
2022-04-13,25.456375122070312,213.31600952148438,21.81999969482422,21.748499965667726,0.27222088496882896
2022-04-14,25.521629333496094,208.54345703125,22.700000762939453,21.6,0.29928989863897887
2022-04-18,25.48900032043457,209.12889099121094,22.170000076293945,21.51499996185303,0.2917816263721151
2022-04-19,25.6195068359375,215.61795043945312,21.3700008392334,21.40699996948242,0.2922606398155823
2022-04-20,25.61134910583496,198.8594512939453,20.31999969482422,21.27599992752075,0.3469559744462693
2022-04-21,25.130117416381836,186.60562133789062,22.68000030517578,21.23149995803833,0.3061222658339779
2022-04-22,24.37156105041504,182.6764678955078,28.209999084472656,21.558499908447267,0.19026618385969296
2022-04-25,23.43356704711914,185.5340576171875,27.020000457763672,21.86899995803833,0.02118177015832197
2022-04-26,23.12361717224121,179.5410614013672,33.52000045776367,22.563500022888185,-0.011474647193710358
2022-04-27,23.32753562927246,173.58775329589844,31.600000381469727,23.198500061035155,0.04312794460446872
2022-04-28,23.93927001953125,204.1280975341797,29.989999771118164,23.73150005340576,0.04495957170896731
2022-04-29,23.425411224365234,198.90908813476562,33.400001525878906,24.37350015640259,-0.024965101141822373
2022-05-02,23.53960609436035,209.48606872558594,32.34000015258789,25.00900020599365,-0.04094047279582645
2022-05-03,25.431909561157227,210.37904357910156,29.25,25.54300022125244,0.2778887330106187
2022-05-04,25.978391647338867,221.67044067382812,25.420000076293945,25.762500190734862,0.3330401560708945
2022-05-05,25.46453094482422,206.65826416015625,31.200000762939453,26.21750020980835,0.2958882114056894
2022-05-06,25.986549377441406,202.18338012695312,30.190000534057617,26.6495002746582,0.3996413968046802
2022-05-09,24.208436965942383,194.68223571777344,34.75,27.3290002822876,0.12234665953394508
2022-05-10,24.37972068786621,196.11102294921875,32.9900016784668,27.76000032424927,0.1466948267771099
2022-05-11,24.648880004882812,187.27041625976562,32.560001373291016,28.175000381469726,0.2220551172912161
2022-05-12,24.416351318359375,189.75094604492188,31.770000457763672,28.6725004196167,0.1742086120470978
2022-05-13,25.141992568969727,197.07347106933594,28.8700008392334,28.981000423431396,0.2731109393261185
2022-05-16,25.579030990600586,198.48240661621094,27.469999313354492,29.246000385284425,0.34272153177371445
2022-05-17,25.958343505859375,201.04229736328125,26.100000381469727,29.48250036239624,0.3986631798442604
2022-05-18,25.65324592590332,190.74313354492188,30.959999084472656,30.01450033187866,0.38124266175878524
2022-05-19,25.5872745513916,189.80052185058594,29.350000381469727,30.34800033569336,0.3731776072607966
2022-05-20,25.793428421020508,192.03302001953125,29.43000030517578,30.409000396728516,0.40076638442203816
2022-05-23,26.477842330932617,194.7020721435547,28.479999542236328,30.48200035095215,0.5082302701813879
2022-05-24,26.453107833862305,179.8684844970703,29.450000762939453,30.278500366210938,0.5536646915178548
2022-05-25,26.692235946655273,182.3986358642578,28.3700008392334,30.117000389099122,0.5858651821402596
2022-05-26,26.939617156982422,190.13787841796875,27.5,29.992500400543214,0.6020369087336105
2022-05-27,26.848913192749023,193.6106414794922,25.719999313354492,29.608500289916993,0.5749895171790358
2022-05-31,26.692235946655273,192.1322479248047,26.190000534057617,29.301000308990478,0.5532914318963423
2022-06-01,26.95610809326172,187.1711883544922,25.690000534057617,29.12300033569336,0.6147695603397209
2022-06-02,27.063304901123047,197.3115997314453,24.719999313354492,29.088000297546387,0.5990650408680919
2022-06-03,27.19524383544922,189.29452514648438,24.790000915527344,28.76750030517578,0.6483327625326759
2022-06-06,27.2941951751709,192.7375030517578,25.06999969482422,28.51150026321411,0.6536390753071863
2022-06-07,28.193004608154297,194.12657165527344,24.020000457763672,27.975000286102294,0.8018479664414692
2022-06-08,28.135282516479492,195.10887145996094,23.959999084472656,27.523500156402587,0.7887440798663357
2022-06-09,27.640525817871094,182.56729125976562,26.09000015258789,27.200000095367432,0.7465731819155016
2022-06-10,26.76645278930664,174.20294189453125,27.75,26.999000072479248,0.6259140592362532
2022-06-13,25.74394989013672,162.98101806640625,34.02000045776367,27.256500053405762,0.48957491388680824
2022-06-14,25.44709587097168,162.4551544189453,32.689998626708984,27.517500019073488,0.44084978254427826
2022-06-15,25.579030990600586,168.03138732910156,29.6200008392334,27.69350004196167,0.444626548201426
2022-06-16,24.39160919189453,159.61741638183594,32.95000076293945,27.79300012588501,0.2708433336919202
2022-06-17,22.890844345092773,162.46505737304688,31.1299991607666,27.882000064849855,0.0060837047715782714
2022-06-21,24.012298583984375,155.8271484375,30.190000534057617,27.920000076293945,0.21901949477924476
2022-06-22,23.162960052490234,154.636474609375,28.950000762939453,27.943500137329103,0.07856001778706347
2022-06-23,22.561004638671875,157.513916015625,29.049999237060547,27.923500061035156,-0.03344189863540242
2022-06-24,23.278404235839844,168.8350830078125,27.229999542236328,27.866499996185304,0.05067725419598965
2022-06-27,23.665966033935547,168.17027282714844,26.950000762939453,27.839000034332276,0.11881336323607938
2022-06-28,23.9710636138916,159.4288787841797,28.360000610351562,27.971000099182127,0.19995353363785082
2022-06-29,23.72368621826172,162.66351318359375,28.15999984741211,28.069500064849855,0.14705813137816012
2022-06-30,23.377351760864258,159.99444580078125,28.709999084472656,28.220499992370605,0.09709031065071419
2022-07-01,23.31963348388672,158.78395080566406,26.700000762939453,28.319500064849855,0.09132530962040523
2022-07-05,22.387834548950195,166.88040161132812,27.540000915527344,28.457000064849854,-0.09423749570639944
2022-07-06,22.033260345458984,168.4481201171875,26.729999542236328,28.54000005722046,-0.1597851204574922
2022-07-07,22.907333374023438,170.84927368164062,26.079999923706055,28.643000030517577,-0.01917002979205868
2022-07-08,22.956806182861328,169.54945373535156,24.639999389648438,28.677000045776367,-0.006406482232197495
2022-07-11,22.643461227416992,161.61178588867188,26.170000076293945,28.68100004196167,-0.033132402238483266
2022-07-12,22.165197372436523,161.99871826171875,27.290000915527344,28.65800008773804,-0.11576397498574938
2022-07-13,22.27239418029785,162.2169952392578,26.81999969482422,28.298000049591064,-0.0982638499941871
2022-07-14,21.45604133605957,156.8193817138672,26.399999618530273,27.98350009918213,-0.21903494649438585
2022-07-15,21.98378562927246,163.41758728027344,24.229999542236328,27.714000034332276,-0.15136432536215402
2022-07-18,22.536264419555664,165.92787170410156,25.299999237060547,27.33149995803833,-0.06580687363040695
2022-07-19,23.138221740722656,174.41131591796875,24.5,27.0,0.008175909598243176
2022-07-20,23.204187393188477,181.6643829345703,23.8799991607666,26.68449993133545,-0.004878088766343708
2022-07-21,22.907333374023438,181.7437744140625,23.110000610351562,26.392499923706055,-0.055628719914761544
2022-07-22,22.71767807006836,167.9520263671875,23.030000686645508,26.091499996185302,-0.041728354557684734
2022-07-25,23.18769645690918,165.35238647460938,23.360000610351562,25.898000049591065,0.04690581483222667
2022-07-26,23.146469116210938,157.91079711914062,24.690000534057617,25.785000038146972,0.0647978673258506
2022-07-27,23.71544075012207,168.2595672607422,23.239999771118164,25.528999996185302,0.12692853286218336
2022-07-28,23.476306915283203,159.4685821533203,22.329999923706055,25.2375,0.11567908911189026
2022-07-29,24.2266902923584,157.86117553710938,21.329999923706055,24.86850004196167,0.24867344081475287
2022-08-01,23.954572677612305,158.68472290039062,22.84000015258789,24.675500011444093,0.199639310907679
2022-08-02,24.210201263427734,158.94271850585938,23.93000030517578,24.494999980926515,0.24224980045824024
2022-08-03,24.482315063476562,167.48565673828125,21.950000762939453,24.25600004196167,0.25993812828640717
2022-08-04,24.201953887939453,169.2418975830078,21.440000534057617,24.024000072479247,0.20638076466908148
2022-08-05,24.457576751708984,165.80880737304688,21.149999618530273,23.84950008392334,0.2613425822441435
2022-08-08,24.8698787689209,168.9243927001953,21.290000915527344,23.60550012588501,0.3210349975359491
2022-08-09,25.207962036132812,167.21775817871094,21.770000457763672,23.329500102996825,0.38424295081486126
2022-08-10,25.397619247436523,176.95138549804688,19.739999771118164,22.975500106811523,0.38392350152150057
2022-08-11,26.215282440185547,176.10800170898438,20.200000762939453,22.665500164031982,0.5258030814614121
2022-08-12,26.42386817932129,179.0945587158203,19.530000686645508,22.43050022125244,0.5512819635868793
2022-08-15,25.831480026245117,179.4815216064453,19.950000762939453,22.163000297546386,0.4492415604126488
2022-08-16,25.806455612182617,178.07257080078125,19.690000534057617,21.922500324249267,0.44970082941809214
2022-08-17,26.1068172454834,173.48855590820312,19.899999618530273,21.723500347137453,0.5161228113838828
2022-08-18,26.632455825805664,173.30003356933594,19.559999465942383,21.546000289916993,0.6061472577150901
2022-08-19,26.290374755859375,166.6522216796875,20.600000381469727,21.424500274658204,0.5702177534074181
2022-08-22,26.457242965698242,161.78042602539062,23.799999237060547,21.44650020599365,0.6149000310456741
2022-08-23,27.158098220825195,159.85552978515625,24.110000610351562,21.41750020980835,0.7405337908910067
2022-08-24,26.9411678314209,161.98880004882812,22.81999969482422,21.396500205993654,0.6965021463337877
2022-08-25,27.25821876525879,167.46578979492188,21.780000686645508,21.369000244140626,0.7320930436297801
2022-08-26,26.974544525146484,160.52032470703125,25.559999465942383,21.580500221252443,0.7070926918036374
2022-08-29,27.091354370117188,157.93064880371094,26.209999084472656,21.74900016784668,0.735624550130094
2022-08-30,26.215282440185547,155.93629455566406,26.209999084472656,21.863000106811523,0.5933081501572337
2022-08-31,25.73135757446289,161.66134643554688,25.8700008392334,22.059000110626222,0.4918496925099522
2022-09-01,25.52277183532715,164.0724334716797,25.559999465942383,22.26500005722046,0.44830747399224435
2022-09-02,25.97332000732422,159.07168579101562,25.469999313354492,22.48100004196167,0.5416657715257276
2022-09-06,25.97332000732422,157.30552673339844,26.90999984741211,22.761999988555907,0.5475762622742795
2022-09-07,25.589521408081055,159.1411590576172,24.639999389648438,22.905499935150146,0.47616196510370656
2022-09-08,25.614553451538086,160.79815673828125,23.610000610351562,23.098999977111816,0.4748738991938158
2022-09-09,26.440555572509766,167.83291625976562,22.790000915527344,23.228499984741212,0.5918072694666382
2022-09-12,26.807674407958984,167.6444091796875,23.8700008392334,23.445499992370607,0.6548727549344031
2022-09-13,26.507305145263672,151.93768310546875,27.270000457763672,23.811499977111815,0.6563528934758853
2022-09-14,26.76595687866211,150.29058837890625,26.15999984741211,24.13499994277954,0.7058529467388457
2022-09-15,26.282032012939453,148.38555908203125,26.270000457763672,24.45349998474121,0.6299287262325662
2022-09-16,25.873197555541992,145.15093994140625,26.299999237060547,24.79049997329712,0.5712243762723035
2022-09-19,25.781417846679688,146.8674774169922,25.760000228881836,25.048499965667723,0.5498712846786488
2022-09-20,25.864856719970703,144.95248413085938,27.15999984741211,25.216499996185302,0.5704700157530344
2022-09-21,25.464370727539062,141.0133819580078,27.989999771118164,25.41049995422363,0.5155430288292113
2022-09-22,25.68964195251465,141.7079620361328,27.350000381469727,25.636999988555907,0.5515297063569041
2022-09-23,23.428552627563477,139.3166961669922,29.920000076293945,26.04399995803833,0.1749964177600505
2022-09-26,22.744386672973633,135.30816650390625,32.2599983215332,26.37899990081787,0.07205729242580677
2022-09-27,22.986347198486328,133.35350036621094,32.599998474121094,26.698499870300292,0.11974802376018864
2022-09-28,23.829038619995117,140.50735473632812,30.18000030517578,26.89699993133545,0.23912113261298304
2022-09-29,23.987565994262695,135.34788513183594,31.84000015258789,27.195499897003174,0.28334762022975096
2022-09-30,23.820697784423828,134.62351989746094,31.6200008392334,27.498499965667726,0.2573930200434496
2022-10-03,25.11393928527832,137.53073120117188,30.100000381469727,27.730000019073486,0.46760112286499655
2022-10-04,26.09847640991211,139.18771362304688,29.06999969482422,27.83800001144409,0.629492849169742
2022-10-05,26.18190574645996,137.8978271484375,28.549999237060547,28.033500003814698,0.6479980244510389
2022-10-06,25.981666564941406,137.98716735839844,30.520000457763672,28.378999996185303,0.6136450540153529
2022-10-07,25.931604385375977,132.410888671875,31.360000610351562,28.807499980926515,0.6237922919065519
2022-10-10,25.322528839111328,132.74822998046875,32.45000076293945,29.236499977111816,0.5190799806896355
2022-10-11,24.871978759765625,127.53912353515625,33.630001068115234,29.554500007629393,0.45988886373671534
2022-10-12,24.988784790039062,126.50724029541016,33.56999969482422,29.925,0.4832068853554347
2022-10-13,25.990007400512695,129.2755126953125,31.940000534057617,30.2085000038147,0.6442172983179953
2022-10-14,25.30584144592285,125.77301025390625,32.02000045776367,30.494500064849852,0.5395847415799642
2022-10-17,25.430994033813477,132.99630737304688,31.3700008392334,30.77500009536743,0.5366960881299686
2022-10-18,25.430994033813477,131.76597595214844,30.5,30.942000102996825,0.5408134197199579
2022-10-19,25.781417846679688,132.19261169433594,30.760000228881836,31.08050012588501,0.5989810507078867
2022-10-20,25.831480026245117,130.50584411621094,29.979999542236328,31.21200008392334,0.6131397594234578
2022-10-21,26.16521644592285,128.99769592285156,29.690000534057617,31.200500106811525,0.67494422030593
2022-10-24,26.532333374023438,128.70994567871094,29.850000381469727,31.08000020980835,0.7383415008634273
2022-10-25,26.76595687866211,136.43930053710938,28.459999084472656,30.87300024032593,0.7522065909881465
2022-10-26,26.957855224609375,128.80918884277344,27.280000686645508,30.728000259399415,0.8103764243603131
2022-10-27,27.725454330444336,97.17741394042969,27.389999389648438,30.50550022125244,1.0467758153790272
2022-10-28,27.658710479736328,98.4275894165039,25.75,30.212000179290772,1.031241177241042
2022-10-31,27.767173767089844,92.43463897705078,25.8799991607666,30.001000118255615,1.0697426993916421
2022-11-01,27.70042610168457,94.45874786376953,25.809999465942383,29.838000106811524,1.0516174270500347
2022-11-02,27.333309173583984,89.83502197265625,25.860000610351562,29.703500175476073,1.0046565111189016
2022-11-03,27.56692886352539,88.21772003173828,25.299999237060547,29.442500114440918,1.0497997483073906
2022-11-04,28.301156997680664,90.08307647705078,24.549999237060547,29.102000045776368,1.168424954028004
2022-11-07,28.643247604370117,95.96688842773438,24.350000381469727,28.69700002670288,1.2069128230831099
2022-11-08,28.14263153076172,95.7188491821289,25.540000915527344,28.292500019073486,1.122604831819076
2022-11-09,27.265546798706055,100.67991638183594,26.09000015258789,27.91850004196167,0.956839714776017
2022-11-10,27.788423538208008,110.99893951416016,23.530000686645508,27.498000049591063,1.0112307286080653
2022-11-11,28.53900909423828,112.13998413085938,22.520000457763672,27.023000049591065,1.1350617107319483
2022-11-14,28.29443359375,113.33065032958984,23.729999542236328,26.64099998474121,1.0894830024305966
2022-11-15,28.598041534423828,116.16837310791016,24.540000915527344,26.34300003051758,1.1316200618234533
2022-11-16,28.64864158630371,112.34834289550781,24.110000610351562,26.010500049591066,1.1530092557106142
2022-11-17,28.969112396240234,110.58219909667969,23.93000030517578,25.708000087738036,1.2134210678608515
2022-11-18,28.707677841186523,111.17753601074219,23.1200008392334,25.379500102996825,1.1669674806745918
2022-11-21,27.94022560119629,109.00458526611328,22.360000610351562,25.005000114440918,1.0437213363214626
2022-11-22,29.424524307250977,110.57228088378906,21.290000915527344,24.646500205993654,1.2909046024947914
2022-11-23,29.500425338745117,111.36605834960938,20.350000381469727,24.300000190734863,1.3011564368003228
2022-11-25,29.74500274658203,110.54252624511719,20.5,23.955500221252443,1.3455068470284783
2022-11-28,29.289588928222656,107.93299865722656,22.209999084472656,23.778500175476076,1.2767890219182845
2022-11-29,29.77873420715332,108.60770416259766,21.889999389648438,23.579000186920165,1.3577183662677346
2022-11-30,30.27631378173828,117.1804428100586,20.579999923706055,23.31750020980835,1.413651157996725
2022-12-01,30.124507904052734,119.50221252441406,19.84000015258789,23.016500186920165,1.3800641983572153
2022-12-02,29.820898056030273,122.5284652709961,19.059999465942383,22.704500198364258,1.3183028894720876
2022-12-05,29.517297744750977,121.4767074584961,20.75,22.514500236511232,1.270190355921327
2022-12-06,28.985979080200195,113.23143005371094,22.170000076293945,22.405500221252442,1.2074238164127562
2022-12-07,28.598041534423828,113.04290008544922,22.68000030517578,22.262500190734862,1.142079527127233
2022-12-08,28.614906311035156,114.4319839477539,22.290000915527344,22.072500228881836,1.1402990617115347
2022-12-09,28.429367065429688,114.99755859375,22.829999923706055,22.037500190734864,1.1068523298223083
2022-12-12,28.75827407836914,113.81681823730469,25.0,22.16150016784668,1.1667397924083946
2022-12-13,29.52572250366211,119.2144775390625,22.549999237060547,22.10250015258789,1.2791937287712134
2022-12-14,29.348621368408203,120.64324951171875,21.139999389648438,21.932500076293945,1.2442933282534512
2022-12-15,28.910076141357422,115.24562072753906,22.829999923706055,21.86850004196167,1.187774729611713
2022-12-16,28.40407371520996,118.50007629394531,22.6200008392334,21.803000068664552,1.0908295226826505
2022-12-19,28.631772994995117,113.58861541748047,22.420000076293945,21.768000030517577,1.145989872484722
2022-12-20,28.741411209106445,116.17829895019531,21.479999542236328,21.723999977111816,1.155969234048579
2022-12-21,29.5425968170166,118.8274917602539,20.06999969482422,21.66299991607666,1.2833585419744036
2022-12-22,29.019718170166016,116.20806121826172,21.969999313354492,21.743999862670897,1.2032003451264501
2022-12-23,29.52572250366211,117.12090301513672,20.8700008392334,21.76249990463257,1.286199922693386
2022-12-27,29.551027297973633,115.96993255615234,21.649999618530273,21.73449993133545,1.2943551707059298
2022-12-28,29.1630916595459,114.71974182128906,22.139999389648438,21.74699993133545,1.2325640772733384
2022-12-29,29.2642879486084,119.3236083984375,21.440000534057617,21.789999961853027,1.2343672410105273
2022-12-30,29.458263397216797,119.40296936035156,21.670000076293945,21.88149995803833,1.2670903976135068
2023-01-03,28.943815231323242,123.76873016357422,22.899999618530273,22.073499965667725,1.164989844861956
2023-01-04,28.4884033203125,126.37825775146484,22.010000228881836,22.136499977111818,1.0788066593701169
2023-01-05,28.589609146118164,125.95159912109375,22.459999084472656,22.15099992752075,1.0974462099952127
2023-01-06,29.06188201904297,129.0076141357422,21.1299991607666,22.073499870300292,1.1675370165934642
2023-01-09,29.323326110839844,128.4619140625,21.969999313354492,22.05749979019165,1.2138261148640859
2023-01-10,29.39078712463379,131.95448303222656,20.579999923706055,21.944999790191652,1.213611018212996
2023-01-11,29.551027297973633,131.8552703857422,21.09000015258789,21.749499797821045,1.2411945327246137
2023-01-12,29.77873420715332,135.64552307128906,18.829999923706055,21.56349983215332,1.2672357011693594
2023-01-13,29.98957061767578,135.91343688964844,18.350000381469727,21.423999881744386,1.3021953474393626
2023-01-17,30.099206924438477,134.30601501464844,19.360000610351562,21.25049991607666,1.3262200916520612
2023-01-18,29.804035186767578,131.9842529296875,20.34000015258789,21.136499881744385,1.2837910744062577
2023-01-19,29.972707748413086,135.08990478515625,20.520000457763672,21.041499900817872,1.3020835056373625
2023-01-20,29.93897247314453,138.28480529785156,19.850000381469727,20.95999994277954,1.285654457024425
2023-01-23,30.00643539428711,142.15443420410156,19.809999465942383,20.946999931335448,1.2841778452471537
2023-01-24,29.761863708496094,142.02545166015625,19.200000762939453,20.808500003814697,1.2430160197012758
2023-01-25,29.71969985961914,140.3982391357422,19.079999923706055,20.71899995803833,1.2412908614792924
2023-01-26,30.571481704711914,146.15304565429688,18.729999542236328,20.572999954223633,1.3668918924151352
2023-01-27,30.630516052246094,150.55848693847656,18.510000228881836,20.391499996185303,1.3621887539123982
2023-01-30,30.50401496887207,145.91493225097656,19.940000534057617,20.316499996185303,1.3562149076684689
2023-01-31,30.55462074279785,147.81005859375,19.399999618530273,20.202999973297118,1.3584791755756738
2023-02-01,30.73171615600586,151.92776489257812,17.8700008392334,19.951500034332277,1.3748171895012473
2023-02-02,29.685964584350586,187.30015563964844,18.729999542236328,19.7875,1.0785953072825478
2023-02-03,29.643800735473633,185.0775909423828,18.329999923706055,19.58100004196167,1.078862508409284
2023-02-06,29.382356643676758,184.61126708984375,19.43000030517578,19.49600009918213,1.035960170818481
2023-02-07,31.836511611938477,190.1279754638672,18.65999984741211,19.33050012588501,1.4348681086052308
2023-02-08,32.595523834228516,182.00173950195312,19.6299991607666,19.28300008773804,1.591145346503782
2023-02-09,33.354549407958984,176.53463745117188,20.709999084472656,19.264000034332277,1.7385260039879988
2023-02-10,34.282230377197266,172.79397583007812,20.530000686645508,19.34900007247925,1.908811735169942
2023-02-13,34.24849319458008,178.0328826904297,20.34000015258789,19.448500061035155,1.8855420492680015
2023-02-14,34.59426498413086,178.08250427246094,18.90999984741211,19.426000022888182,1.944180212902889
2023-02-15,34.476200103759766,175.7805633544922,18.229999542236328,19.320499992370607,1.9318048199950606
2023-02-16,34.87390899658203,171.0973358154297,20.170000076293945,19.30299997329712,2.015114334139046
2023-02-17,34.08189392089844,171.5338897705078,20.020000457763672,19.311499977111815,1.878958106707652
2023-02-21,33.868995666503906,170.74012756347656,22.8700008392334,19.46450004577637,1.8454075730977963
2023-02-22,33.153629302978516,169.78758239746094,22.290000915527344,19.619000053405763,1.7269353807316254
2023-02-23,33.7923469543457,170.700439453125,21.139999389648438,19.72200002670288,1.8325050064267614
2023-02-24,33.80937957763672,169.06326293945312,21.670000076293945,19.869000053405763,1.8408805340862635
2023-02-27,34.25222396850586,168.21987915039062,20.950000762939453,19.99100008010864,1.919015964808972
2023-02-28,33.724212646484375,173.57786560058594,20.700000762939453,20.029000091552735,1.8112882672751633
2023-03-01,34.005252838134766,172.06968688964844,20.579999923706055,20.088000106811524,1.8641309633627314
2023-03-02,34.28628158569336,173.1710205078125,19.59000015258789,20.17400007247925,1.908238921877757
2023-03-03,34.25222396850586,183.8075714111328,18.489999771118164,20.16200008392334,1.8668514043742581
2023-03-06,34.42253875732422,183.46029663085938,18.610000610351562,20.176000118255615,1.8969784196902086
2023-03-07,33.894535064697266,183.07334899902344,19.59000015258789,20.184000110626222,1.8084775699290345
2023-03-08,33.77531433105469,183.52975463867188,19.110000610351562,20.206500148773195,1.7866747366298932
2023-03-09,33.50278854370117,180.27529907226562,22.610000610351562,20.35550022125244,1.7512183181273875
2023-03-10,33.221763610839844,178.1122589111328,24.799999237060547,20.560000228881837,1.7106640330331755
2023-03-13,32.37013244628906,179.491455078125,26.520000457763672,20.859500217437745,1.5612145284347434
2023-03-14,32.574527740478516,192.50929260253906,23.729999542236328,21.029000186920165,1.552410851561556
2023-03-15,30.5306339263916,196.2102508544922,26.139999389648438,21.390500164031984,1.1924274950748706
2023-03-16,30.334760665893555,203.3343048095703,22.989999771118164,21.628500175476074,1.1352751951377225
2023-03-17,29.9515323638916,194.08692932128906,25.510000228881836,21.89550018310547,1.1010474197427829
2023-03-20,30.48805809020996,196.26979064941406,24.149999618530273,22.102000141143797,1.184987517259099
2023-03-21,31.527029037475586,200.58592224121094,21.3799991607666,22.027500057220458,1.347237715134616
2023-03-22,31.356708526611328,198.25421142578125,22.260000228881836,22.026000022888184,1.3260750118439557
2023-03-23,31.06715965270996,202.68939208984375,22.610000610351562,22.09950008392334,1.2619899958875744
2023-03-24,30.556180953979492,204.4059295654297,21.739999771118164,22.10300006866455,1.1693451685863259
2023-03-27,31.407808303833008,201.26060485839844,20.600000381469727,22.085500049591065,1.3247044130530612
2023-03-28,31.87619400024414,199.11740112304688,19.969999313354492,22.048999977111816,1.4115334425778978
2023-03-29,32.09761047363281,203.7510528564453,19.1200008392334,21.976000022888183,1.4336823644054022
2023-03-30,32.3445930480957,206.22169494628906,19.020000457763672,21.947500038146973,1.4674177855348416
2023-03-31,32.310516357421875,210.2897491455078,18.700000762939453,21.958000087738036,1.4480086452525915
2023-04-03,33.84344482421875,211.4109649658203,18.549999237060547,21.955000019073488,1.7049563628100637
2023-04-04,33.494285583496094,213.04808044433594,19.0,21.925500011444093,1.6400974037016098
2023-04-05,33.97119140625,209.8333282470703,19.079999923706055,21.923999977111816,1.7319613827870088
2023-04-06,33.64756774902344,214.41738891601562,18.399999618530273,21.71349992752075,1.6615831549341726
2023-04-10,33.80937957763672,213.077880859375,18.969999313354492,21.42199993133545,1.6935846317751118
2023-04-11,33.94563674926758,212.18487548828125,19.100000381469727,21.050999927520753,1.7197458844593971
2023-04-12,34.23519515991211,212.33370971679688,19.09000015258789,20.81899995803833,1.7684920140359004
2023-04-13,34.45661544799805,218.63427734375,17.799999237060547,20.401999950408936,1.7850632133333235
2023-04-14,34.55881118774414,219.76541137695312,17.06999969482422,20.10599994659424,1.7986579272748138
2023-04-17,34.43106460571289,217.1558837890625,16.950000762939453,19.67799997329712,1.7856653462060923
2023-04-18,34.6184196472168,216.1934356689453,16.829999923706055,19.311999988555907,1.8207490302301501
2023-04-19,34.115962982177734,214.02047729492188,16.459999084472656,19.06599998474121,1.7425698007615371
2023-04-20,33.94563674926758,211.4109649658203,17.170000076293945,18.811499977111815,1.722335793314709
2023-04-21,33.75828552246094,211.2323455810547,16.770000457763672,18.51949996948242,1.6910713659437144
2023-04-24,34.150020599365234,211.1331329345703,16.889999389648438,18.276999950408936,1.7580244254243271
2023-04-25,33.698665618896484,205.9339599609375,18.760000228881836,18.18499994277954,1.6986631791106974
2023-04-26,33.5709228515625,207.76951599121094,18.84000015258789,18.12849998474121,1.670795675147403
2023-04-27,33.50278854370117,236.7024688720703,17.030000686645508,18.023999977111817,1.5623835336099263
2023-04-28,34.30331802368164,238.4487762451172,15.779999732971191,17.86199994087219,1.6926827823957606
2023-05-01,34.07337951660156,241.2864990234375,16.079999923706055,17.73099989891052,1.6440814257610423
2023-05-02,31.3226375579834,237.377197265625,17.780000686645508,17.692499971389772,1.1893547327040175
2023-05-03,31.050121307373047,235.18441772460938,18.34000015258789,17.659499979019166,1.1503470135421774
2023-05-04,30.752056121826172,231.70172119140625,20.09000015258789,17.709999990463256,1.111311010601713
2023-05-05,31.620716094970703,230.9674835205078,17.190000534057617,17.649500036239623,1.2614981783060126
2023-05-08,31.535545349121094,231.45367431640625,16.979999542236328,17.550000047683717,1.2453864330583868
2023-05-09,31.50148582458496,231.55287170410156,17.709999084472656,17.480499982833862,1.2392620801604024
2023-05-10,31.297101974487305,231.26515197753906,16.940000534057617,17.37300000190735,1.2054660796447292
2023-05-11,30.967357635498047,233.9540252685547,16.93000030517578,17.32950005531311,1.1403892153241182
2023-05-12,30.829614639282227,231.9894561767578,17.030000686645508,17.327500104904175,1.1235382103326266
2023-05-15,31.156763076782227,237.00015258789062,17.1200008392334,17.33600010871887,1.1624068165386814
2023-05-16,30.597169876098633,236.96044921875,17.989999771118164,17.39400010108948,1.0673715867085756
2023-05-17,30.99319076538086,240.60189819335938,16.8700008392334,17.414500188827514,1.1225353119192096
2023-05-18,30.958749771118164,244.9279327392578,16.049999237060547,17.358500146865843,1.1022008787796302
2023-05-19,31.01901626586914,243.72732543945312,16.809999465942383,17.36050009727478,1.1164680541770098
2023-05-22,30.89849090576172,246.38650512695312,17.209999084472656,17.37650008201599,1.0870717149567566
2023-05-23,31.148157119750977,244.81878662109375,18.530000686645508,17.365000104904176,1.1347779974289942
2023-05-24,31.027624130249023,247.2695770263672,20.030000686645508,17.424500131607054,1.106077740092881
2023-05-25,30.44219970703125,250.7224578857422,19.139999389648438,17.530000066757204,0.9949614716066891
2023-05-26,30.605770111083984,259.9996643066406,17.950000762939453,17.638500118255614,0.9917329511323684
2023-05-30,30.123661041259766,260.47589111328125,17.459999084472656,17.707500076293947,0.9081486100561253
2023-05-31,29.02167510986328,262.6588134765625,17.940000534057617,17.71550006866455,0.7134324404949393
2023-06-01,29.89120864868164,270.4873352050781,15.649999618530273,17.58100004196167,0.8351127068674276
2023-06-02,30.691871643066406,270.4873352050781,14.600000381469727,17.306500053405763,0.9712787186330581
2023-06-05,30.42498207092285,269.2768249511719,14.729999542236328,17.183500003814697,0.9299407232800432
2023-06-06,30.390541076660156,269.00897216796875,13.960000038146973,17.03250002861023,0.9249798367309827
2023-06-07,30.743520736694336,261.5475158691406,13.9399995803833,16.84400005340576,1.0099798081515778
2023-06-08,30.829614639282227,262.5198669433594,13.649999618530273,16.679500007629393,1.0213675085449085
2023-06-09,30.536901473999023,262.88702392578125,13.829999923706055,16.52449998855591,0.9703580845411608
2023-06-12,29.93425941467285,268.93951416015625,15.010000228881836,16.423499965667723,0.8476140208250247
2023-06-13,30.201141357421875,269.2073669433594,14.609999656677246,16.297999906539918,0.8921053429610634
2023-06-14,30.175315856933594,271.22161865234375,13.880000114440918,16.092499923706054,0.8809725502414998
2023-06-15,30.459423065185547,279.6355285644531,14.5,15.973999881744385,0.901132352060974
2023-06-16,30.43359375,278.81201171875,13.539999961853027,15.84849991798401,0.8994955664629602
2023-06-20,30.192527770996094,282.1160888671875,13.880000114440918,15.701999950408936,0.8474411334898617
2023-06-21,30.502466201782227,279.4470520019531,13.199999809265137,15.50149998664856,0.9090832918306027
2023-06-22,30.338891983032227,282.6618347167969,12.90999984741211,15.220499944686889,0.8705064427944803
2023-06-23,29.968700408935547,286.48187255859375,13.4399995803833,14.890999889373779,0.7947653883591919
2023-06-26,30.338891983032227,276.30169677734375,14.25,14.646499919891358,0.8917907865168218
2023-06-27,30.003124237060547,284.81494140625,13.739999771118164,14.435999870300293,0.8061981531922584
2023-06-28,30.037567138671875,283.0685729980469,13.430000305175781,14.23449993133545,0.8179000003394268
2023-06-29,30.106443405151367,279.33795166015625,13.539999961853027,14.01449990272522,0.8420981586188626
2023-06-30,30.381935119628906,284.7454833984375,13.59000015258789,13.9114999294281,0.8708536646672833
2023-07-03,30.93292808532715,283.79296875,13.569999694824219,13.859999895095825,0.9677467617699559
2023-07-05,30.390541076660156,292.07794189453125,14.180000305175781,13.832499933242797,0.8477790140987198
2023-07-06,29.951473236083984,289.7164611816406,15.4399995803833,13.906499910354615,0.7810109990067481
2023-07-07,30.347505569458008,288.267822265625,14.829999923706055,13.950999927520751,0.853210763331388
2023-07-10,30.313058853149414,291.8100891113281,15.069999694824219,14.021999931335449,0.8354982531839156
2023-07-11,30.91571044921875,295.9674072265625,14.84000015258789,14.07249994277954,0.9240765870161082
2023-07-12,31.26007843017578,306.9313659667969,13.539999961853027,13.9989999294281,0.9459509365691926
2023-07-13,31.449481964111328,310.9696960449219,13.609999656677246,13.948999929428101,0.9646477847059056
2023-07-14,30.5799503326416,306.46502685546875,13.34000015258789,13.92199993133545,0.8318444959210769
2023-07-17,30.407766342163086,308.2013244628906,13.479999542236328,13.870999908447265,0.7967511959573798
2023-07-18,30.812400817871094,309.6202697753906,13.300000190734863,13.858999919891357,0.8608174624584868
2023-07-19,31.122337341308594,313.5494384765625,13.760000228881836,13.852999925613403,0.9003782540677701
2023-07-20,31.45808982849121,300.1644592285156,13.989999771118164,13.892499923706055,1.0022716611370908
2023-07-21,31.59583854675293,291.96881103515625,13.600000381469727,13.926999950408936,1.0531250334172606
2023-07-24,32.00907897949219,289.33941650390625,13.90999984741211,13.950499963760375,1.1322027452813517
2023-07-25,32.052127838134766,292.1771545410156,13.859999656677246,13.930999946594238,1.130027363405795
2023-07-26,31.940200805664062,296.2452392578125,13.1899995803833,13.903499937057495,1.0973783801417512
2023-07-27,31.561397552490234,309.2829284667969,14.40999984741211,13.952499914169312,0.9893256907008671
2023-07-28,31.60443878173828,322.9456787109375,13.329999923706055,13.941999912261963,0.9509228661004627
2023-07-31,32.11238479614258,316.1192626953125,13.630000114440918,13.943999910354615,1.0601522578776639
2023-08-01,31.819671630859375,320.1972351074219,13.930000305175781,13.961999940872193,0.9967245071257345
2023-08-02,31.01901626586914,311.8627014160156,16.09000015258789,14.057499933242799,0.8884514960863198
2023-08-03,31.389211654663086,310.75140380859375,15.920000076293945,14.08149995803833,0.9551283395569335
2023-08-04,31.681928634643555,308.310546875,17.100000381469727,14.194999980926514,1.0130780955335559
2023-08-07,31.888551712036133,314.09515380859375,15.770000457763672,14.230000019073486,1.0288594579037371
2023-08-08,31.82828712463379,310.2056579589844,15.989999771118164,14.2875,1.0316267508030121
2023-08-09,32.2156982421875,302.8334655761719,15.960000038146973,14.408500003814698,1.1221836385257888
2023-08-10,32.299320220947266,303.359375,15.850000381469727,14.520500040054321,1.1346449742625053
2023-08-11,32.316741943359375,299.29132080078125,14.84000015258789,14.595500040054322,1.1512216611652606
2023-08-14,31.95089340209961,303.8059387207031,14.819999694824219,14.662500047683716,1.073894783691144
2023-08-15,31.419538497924805,299.5989074707031,16.459999084472656,14.820499992370605,0.9976080000482196
2023-08-16,31.262746810913086,291.9985656738281,16.780000686645508,14.971500015258789,0.996377688769213
2023-08-17,31.436962127685547,282.87017822265625,17.889999389648438,15.166499996185303,1.056554243262354
2023-08-18,31.567626953125,281.04449462890625,17.299999237060547,15.351499938964844,1.0848856533050084
2023-08-21,31.86379051208496,287.6427307128906,17.1299991607666,15.512499904632568,1.113172030409422
2023-08-22,31.68086051940918,285.36065673828125,16.969999313354492,15.667999887466431,1.089698764960025
2023-08-23,31.35856056213379,291.94891357421875,15.979999542236328,15.807499885559082,1.0128385669682014
2023-08-24,31.158214569091797,284.5172424316406,17.200000762939453,15.94699993133545,1.0036366639999912
2023-08-25,31.489227294921875,283.27703857421875,15.680000305175781,16.064499950408937,1.0640812338962318
2023-08-28,31.916051864624023,287.99993896484375,15.079999923706055,16.136999940872194,1.120864534151554
2023-08-29,32.316741943359375,295.66973876953125,14.449999809265137,16.16299991607666,1.1633413663517818
2023-08-30,32.48224639892578,292.8022155761719,13.880000114440918,16.05249991416931,1.2010843724011364
2023-08-31,32.38642883300781,293.58612060546875,13.569999694824219,15.934999895095824,1.1821656516146513
2023-09-01,33.21394729614258,294.0722961425781,13.09000015258789,15.734499883651733,1.3212718836252144
2023-09-05,33.44913864135742,297.81292724609375,14.010000228881836,15.646499872207642,1.3487519641919936
2023-09-06,33.823699951171875,296.840576171875,14.449999809265137,15.56949987411499,1.4157063172116293
2023-09-07,33.54494857788086,296.344482421875,14.399999618530273,15.491499853134155,1.3699602151922394
2023-09-08,33.68431854248047,295.570556640625,13.84000015258789,15.390999841690064,1.3962523474018185
2023-09-11,33.63206100463867,305.1651611328125,13.800000190734863,15.338999843597412,1.3552565287052403
2023-09-12,33.187808990478516,299.3111877441406,14.229999542236328,15.309499835968017,1.2992945637509523
2023-09-13,33.327186584472656,302.6846923828125,13.479999542236328,15.160499858856202,1.3117085248969917
2023-09-14,34.05888366699219,309.2928771972656,12.819999694824219,14.962499809265136,1.414031302230372
2023-09-15,33.75401306152344,297.9716796875,13.789999961853027,14.757499837875367,1.4000696435022992
2023-09-18,33.58850860595703,300.1942138671875,14.0,14.59249987602234,1.3644851075985318
2023-09-19,33.81499099731445,302.6946105957031,14.109999656677246,14.44149990081787,1.3946345582735338
2023-09-20,33.640777587890625,297.3366394042969,15.140000343322754,14.349999952316285,1.382937251030481
2023-09-21,33.196529388427734,293.4273376464844,17.540000915527344,14.428000020980836,1.3204680477651765
2023-09-22,33.483985900878906,296.7511901855469,17.200000762939453,14.428000020980836,1.3582314450012838
2023-09-25,33.75401306152344,298.4876708984375,16.899999618530273,14.48899998664856,1.39834286738583
2023-09-26,33.65819549560547,296.6321716308594,18.940000534057617,14.682000017166137,1.3882569720524576
2023-09-27,34.389892578125,295.42169189453125,18.219999313354492,14.870499992370606,1.5167450850016289
2023-09-28,34.34634017944336,301.59326171875,17.34000015258789,15.043499994277955,1.4886849814905438
2023-09-29,33.727882385253906,297.8724365234375,17.520000457763672,15.241000032424926,1.3959578083989834
2023-10-02,32.943912506103516,304.4309997558594,17.610000610351562,15.467000055313111,1.2406823591389824
2023-10-03,32.75227737426758,298.5967712402344,19.780000686645508,15.755500078201294,1.2276160050423395
2023-10-04,31.628599166870117,303.20062255859375,18.579999923706055,15.96200008392334,1.0211090115958688
2023-10-05,31.715702056884766,302.41680908203125,18.489999771118164,16.166500091552734,1.0385453509314106
2023-10-06,32.46482467651367,312.97393798828125,17.450000762939453,16.347000122070312,1.1306164000110765
2023-10-09,33.43171310424805,315.881103515625,17.700000762939453,16.542000150680543,1.2853229072162353
2023-10-10,33.640777587890625,319.3340148925781,17.030000686645508,16.682000207901,1.3093225424598294
2023-10-11,33.666908264160156,325.2674255371094,16.09000015258789,16.81250023841858,1.2939102057338345
2023-10-12,34.22439193725586,321.6359558105469,16.690000534057617,17.00600028038025,1.40087233822769
2023-10-13,34.8515625,312.23974609375,19.31999969482422,17.28250026702881,1.5389777124249715
2023-10-16,35.034488677978516,318.6494140625,17.209999084472656,17.44300022125244,1.5486372435954467
2023-10-17,35.54841995239258,321.4772033691406,17.8799991607666,17.63150019645691,1.6265765142123567
2023-10-18,35.470027923583984,314.50201416015625,19.219999313354492,17.835500144958495,1.6365872770427219
2023-10-19,35.130306243896484,310.3743896484375,21.399999618530273,18.028500080108643,1.5926251627811343
2023-10-20,34.503135681152344,306.2466735839844,21.709999084472656,18.253999996185303,1.4997779083831084
2023-10-23,33.884674072265625,311.56500244140625,20.3700008392334,18.42750005722046,1.3768003555349304
2023-10-24,33.788856506347656,310.11639404296875,18.969999313354492,18.428999996185304,1.365352790816599
2023-10-25,34.02404022216797,297.1977233886719,20.190000534057617,18.527500057220458,1.4485822994385975
2023-10-26,33.81499099731445,286.1048278808594,20.68000030517578,18.694500064849855,1.4501526368031412
2023-10-27,33.65819549560547,294.4195556640625,21.270000457763672,18.882000064849855,1.3956615408230046
2023-10-30,33.40557861328125,300.3034362792969,19.75,18.989000034332275,1.3330093153609666
2023-10-31,31.86379051208496,298.9241943359375,18.139999389648438,18.90699996948242,1.0754183603271237
2023-11-01,31.436962127685547,309.421875,16.8700008392334,18.82150001525879,0.9676983967382199
2023-11-02,32.107688903808594,308.44940185546875,15.65999984741211,18.680000019073486,1.0850210042325121
2023-11-03,31.532785415649414,312.1504211425781,14.90999984741211,18.55299997329712,0.9748635943261893
2023-11-06,31.619884490966797,313.3410339355469,14.890000343322754,18.412499952316285,0.9856918232825916
2023-11-07,30.896900177001953,316.3375549316406,14.8100004196167,18.301499938964845,0.852708434042566
2023-11-08,30.400390625,317.2900390625,14.449999809265137,18.219499921798707,0.7650812465327527
2023-11-09,30.590919494628906,318.0540771484375,15.289999961853027,18.149499893188477,0.7949269679656777
2023-11-10,30.94375991821289,326.21002197265625,14.170000076293945,17.891999912261962,0.8276392781141029
2023-11-13,31.490650177001953,326.6268310546875,14.760000228881836,17.76949996948242,0.919252169452226
2023-11-14,31.622966766357422,333.6913757324219,14.15999984741211,17.5835000038147,0.918113141774215
2023-11-15,31.39362335205078,330.119384765625,14.180000305175781,17.33150005340576,0.891063240791923
2023-11-16,30.890832901000977,331.587890625,14.319999694824219,16.97750005722046,0.800641004060022
2023-11-17,31.41126823425293,332.4313049316406,13.800000190734863,16.58200011253357,0.8863271529510178
2023-11-20,31.649431228637695,337.3228454589844,13.40999984741211,16.234000062942506,0.9104610676067365
2023-11-21,31.525930404663086,334.3561096191406,13.350000381469727,15.953000116348267,0.8993859534579199
2023-11-22,31.11135482788086,338.8310241699219,12.850000381469727,15.586000108718872,0.8139051042408735
2023-11-24,31.59649658203125,335.596435546875,12.460000038146973,15.175000095367432,0.9072361229983075
2023-11-27,31.70235252380371,332.09393310546875,12.6899995803833,14.746000051498413,0.9369598829498419
2023-11-28,31.70235252380371,336.3504943847656,12.6899995803833,14.393000030517578,0.922715205522051
2023-11-29,31.817026138305664,329.61346435546875,12.979999542236328,14.135000038146973,0.9647629757021924
2023-11-30,32.011085510253906,324.6026611328125,12.920000076293945,13.9375,1.0145347530359166
2023-12-01,31.73763656616211,322.29083251953125,12.630000114440918,13.78600001335144,0.9757668142701282
2023-12-04,31.39362335205078,317.5281677246094,13.079999923706055,13.694500017166138,0.933200029951974
2023-12-05,31.12899398803711,315.81170654296875,12.850000381469727,13.592500019073487,0.893939596534786
2023-12-06,30.740873336791992,314.9782409667969,12.970000267028809,13.500500011444093,0.8307224585516652
2023-12-07,30.5997371673584,324.0470886230469,13.0600004196167,13.43100004196167,0.7763708125457913
2023-12-08,31.13780975341797,330.1590881347656,12.350000381469727,13.284000062942505,0.8474250304753288
2023-12-11,30.98786163330078,322.7472229003906,12.630000114440918,13.207000064849854,0.8467278401390933
2023-12-12,30.661483764648438,331.61761474609375,12.069999694824219,13.072500038146973,0.7615369099323207
2023-12-13,30.8996524810791,332.133544921875,12.1899995803833,12.974000024795533,0.8003148755248822
2023-12-14,31.57886505126953,330.5758361816406,12.479999542236328,12.88899998664856,0.9210391369345867
2023-12-15,30.70559310913086,332.312255859375,12.279999732971191,12.786999988555909,0.7667138029894537
2023-12-18,30.97903823852539,341.9366760253906,12.5600004196167,12.725,0.781009341982383
2023-12-19,31.226028442382812,347.6319580078125,12.529999732971191,12.680999994277954,0.8039547311664399
2023-12-20,30.890832901000977,346.56036376953125,13.670000076293945,12.696999979019164,0.7505352881438779
2023-12-21,31.278949737548828,351.33294677734375,13.649999618530273,12.736999940872192,0.800569432875715
2023-12-22,31.16427993774414,350.6383972167969,13.029999732971191,12.765499925613403,0.7833922585932325
2023-12-26,31.46419334411621,352.0671081542969,12.989999771118164,12.780499935150146,0.8296162908053253
2023-12-27,31.517114639282227,355.0437927246094,12.430000305175781,12.767499971389771,0.8286548927008012
2023-12-28,31.16427993774414,355.5299987792969,12.470000267028809,12.742000007629395,0.7670224046686576
2023-12-29,31.226028442382812,351.2039489746094,12.449999809265137,12.718499994277954,0.7920009835851507
2024-01-02,31.314231872558594,343.5936584472656,13.199999809265137,12.746999979019165,0.832469445992662
2024-01-03,31.755279541015625,341.7878112792969,14.039999961853027,12.794999980926514,0.9135202194940434
2024-01-04,31.54357147216797,344.4172058105469,14.130000114440918,12.858999967575073,0.8687164261515715
2024-01-05,31.78173828125,349.2096252441406,13.350000381469727,12.877999973297118,0.8931827005147319
2024-01-08,31.252487182617188,355.86737060546875,13.079999923706055,12.878999948501587,0.7808944861837528
2024-01-09,30.776159286499023,354.6468811035156,12.760000228881836,12.899499940872193,0.7039714285462836
2024-01-10,30.608562469482422,367.5853576660156,12.6899995803833,12.902499914169312,0.6321699112846155
2024-01-11,30.529176712036133,366.7916259765625,12.4399995803833,12.920999908447266,0.6213252883861283
2024-01-12,30.749696731567383,371.5740661621094,12.699999809265137,12.946499919891357,0.6428238294984694
2024-01-16,30.238079071044922,364.5987854003906,13.84000015258789,13.014499950408936,0.5791577000919147
2024-01-17,29.90288734436035,365.5017395019531,14.789999961853027,13.139999961853027,0.5191310356841679
2024-01-18,30.017559051513672,373.2013244628906,14.130000114440918,13.218499946594239,0.5128660268582386
2024-01-19,29.858783721923828,380.46429443359375,13.300000190734863,13.256999969482422,0.46155795935434135
2024-01-22,30.211620330810547,378.8072814941406,13.1899995803833,13.23299994468689,0.5271089031625625
2024-01-23,30.211620330810547,382.20068359375,12.550000190734863,13.17799997329712,0.515752807215623
2024-01-24,30.48506736755371,387.6578674316406,13.140000343322754,13.183500003814697,0.5439944200676563
2024-01-25,31.005504608154297,390.1185302734375,13.449999809265137,13.206500005722045,0.6242687349769497
2024-01-26,31.42889976501465,391.0710754394531,13.260000228881836,13.248000001907348,0.6930863847443007
2024-01-29,31.42889976501465,397.8974914550781,13.600000381469727,13.304500007629395,0.6702416310217499
2024-01-30,31.658246994018555,396.9449768066406,13.3100004196167,13.347500038146972,0.7124335398913628
2024-01-31,30.96139144897461,387.10223388671875,14.350000381469727,13.405000066757202,0.6268606644138681
2024-02-01,30.98786163330078,391.70611572265625,13.880000114440918,13.397000074386597,0.6159553645239807
2024-02-02,30.555635452270508,471.29156494140625,13.850000381469727,13.383000087738036,0.27611365502588225
2024-02-05,30.202804565429688,455.8328552246094,13.670000076293945,13.399000072479248,0.2678418326412783
2024-02-06,32.09929275512695,451.1794128417969,13.0600004196167,13.39800009727478,0.6059439291392398
2024-02-07,31.905235290527344,465.93359375,12.829999923706055,13.40150008201599,0.523566045055583
2024-02-08,31.940519332885742,466.3404235839844,12.789999961853027,13.406500101089478,0.5282052160996682
2024-02-09,32.07283020019531,464.465087890625,12.930000305175781,13.431000137329102,0.5569827247033106
2024-02-12,32.13457107543945,465.24896240234375,13.930000305175781,13.492500162124633,0.5648595302161964
2024-02-13,31.79056739807129,456.537353515625,15.850000381469727,13.593000173568726,0.5355095974158381
2024-02-14,31.54357147216797,469.5948181152344,14.380000114440918,13.57250018119812,0.44980674966363543
2024-02-15,31.798973083496094,480.26116943359375,14.010000228881836,13.566500186920166,0.4575468434882865
2024-02-16,31.656091690063477,469.634521484375,14.239999771118164,13.613500165939332,0.4688098093280698
2024-02-20,31.59358787536621,468.0768127441406,15.420000076293945,13.725000190734864,0.4633929068527301
2024-02-21,31.879337310791016,464.8784484863281,15.34000015258789,13.864500188827515,0.5226927315888453
2024-02-22,31.691804885864258,482.8565673828125,14.539999961853027,13.934500169754028,0.43063555813057597
2024-02-23,31.59358787536621,480.7707214355469,13.75,13.949500179290771,0.4209124577901522
2024-02-26,31.540006637573242,478.49615478515625,13.739999771118164,13.973500156402588,0.4194119684067688
2024-02-27,31.62929916381836,483.7703552246094,13.430000305175781,13.96500015258789,0.41694741274525354
2024-02-28,31.21852684020996,480.7607727050781,13.84000015258789,13.99150013923645,0.35716040643851826
2024-02-29,31.245325088500977,486.82965087890625,13.399999618530273,13.944000101089477,0.3414082562849846
2024-03-01,31.825759887695312,498.917724609375,13.109999656677246,13.905500078201294,0.3996678047370459
2024-03-04,31.852540969848633,494.83538818359375,13.489999771118164,13.887500047683716,0.41788400166890544
2024-03-05,31.9686336517334,486.9190368652344,14.460000038146973,13.927000045776367,0.464119732820075
2024-03-06,32.52227783203125,492.74951171875,14.5,13.999000024795532,0.538764286980349
2024-03-07,32.531211853027344,508.74114990234375,14.4399995803833,14.079500007629395,0.48676729082518755
2024-03-08,32.51335144042969,502.54315185546875,14.739999771118164,14.17699999809265,0.5044715706073128
2024-03-11,32.58479309082031,480.3336486816406,15.220000267028809,14.291499996185303,0.5909460058850281
2024-03-12,32.7276725769043,496.3848876953125,13.84000015258789,14.286999988555909,0.5615292004672693
2024-03-13,33.325965881347656,492.2330322265625,13.75,14.181999969482423,0.677173169632614
2024-03-14,33.47776794433594,488.5181884765625,14.399999618530273,14.18299994468689,0.7154214339061136
2024-03-15,33.47776794433594,480.84027099609375,14.40999984741211,14.202999925613403,0.7411157563063168
2024-03-18,33.745662689208984,493.6335754394531,14.329999923706055,14.207499933242797,0.7438626183853712
2024-03-19,33.79030990600586,492.89849853515625,13.819999694824219,14.127499914169311,0.7539155688346372
2024-03-20,33.834957122802734,502.1159973144531,13.039999961853027,14.012499904632568,0.730662002383039
2024-03-21,33.69208908081055,504.3409423828125,12.920000076293945,13.931499910354614,0.6989190956732058
2024-03-22,33.75458526611328,506.1486511230469,13.0600004196167,13.896999931335449,0.7034980700576785
2024-03-25,34.16536331176758,499.6328430175781,13.1899995803833,13.869499921798706,0.7951629820506078
2024-03-26,33.5492057800293,492.55084228515625,13.239999771118164,13.859999895095825,0.7140752557471222
2024-03-27,33.45097732543945,490.5345153808594,12.779999732971191,13.80699987411499,0.704117562118627
2024-03-28,33.647430419921875,482.3102722167969,13.010000228881836,13.787499904632568,0.7650502802045205
2024-04-01,33.87960433959961,488.0413818359375,13.649999618530273,13.81449990272522,0.7853560167233674
2024-04-02,34.51362609863281,494.0208740234375,14.609999656677246,13.870499897003175,0.8731714204257884
2024-04-03,34.65650177001953,503.32781982421875,14.329999923706055,13.863999891281129,0.8663238941838248
2024-04-04,34.29037857055664,507.479736328125,16.350000381469727,13.956499910354614,0.7901640949230215
2024-04-05,34.522552490234375,523.7890625,16.030000686645508,14.035999965667724,0.7750695933933968
2024-04-08,34.74580001831055,515.7535400390625,15.1899995803833,14.058499956130982,0.8399275909324742
2024-04-09,35.08513259887695,513.4194946289062,14.979999542236328,14.046499919891357,0.9054476552099899
2024-04-10,35.20121765136719,516.3297119140625,15.800000190734863,14.144499921798706,0.9154507351207016
2024-04-11,35.40660095214844,519.63720703125,14.90999984741211,14.202499914169312,0.9393109629720623
2024-04-12,35.21907424926758,508.4530334472656,17.309999465942383,14.347999906539917,0.9448470260171075
2024-04-15,34.888675689697266,496.8616638183594,19.229999542236328,14.588999891281128,0.9274480526467597
2024-04-16,34.49577331542969,496.39483642578125,18.399999618530273,14.792499876022339,0.8621907405416939
2024-04-17,34.263587951660156,490.8424072265625,18.209999084472656,15.01199984550476,0.84128509974775
2024-04-18,33.861751556396484,498.4210510253906,18.0,15.259999847412109,0.7475840602004254
2024-04-19,34.39753341674805,477.8306579589844,18.709999084472656,15.549499797821046,0.9076088556471211
2024-04-22,34.74580001831055,478.4862060546875,16.940000534057617,15.743499803543092,0.964643556795147
2024-04-23,35.08513259887695,492.75946044921875,15.6899995803833,15.868499803543092,0.974586921210501
2024-04-24,35.12977600097656,490.1769714355469,15.970000267028809,16.004999828338622,0.9908216288090138
2024-04-25,35.37981033325195,438.40789794921875,15.369999885559082,16.13449983596802,1.2065904720145628
2024-04-26,35.24586486816406,440.3050842285156,15.029999732971191,16.235499811172485,1.1774618494940956
2024-04-29,35.24586486816406,429.70684814453125,14.670000076293945,16.28649983406067,1.2129290833512034
2024-04-30,34.62078094482422,427.2734069824219,15.649999618530273,16.33849983215332,1.1147667677494453
2024-05-01,34.129638671875,436.232666015625,15.390000343322754,16.391499853134157,1.001257523885345
2024-05-02,34.53147888183594,438.70587158203125,14.680000305175781,16.307999849319458,1.0613204736905615
2024-05-03,34.55826950073242,448.91668701171875,13.489999771118164,16.18099980354309,1.0317059404597924
2024-05-06,34.86188507080078,462.54425048828125,13.489999771118164,16.095999813079835,1.037735854377788
2024-05-07,33.55813980102539,465.0870361328125,13.229999542236328,16.008499813079833,0.8075028750103957
2024-05-08,33.513484954833984,469.41766357421875,13.0,15.868499803543092,0.7854160368464017
2024-05-09,33.968910217285156,472.2187194824219,12.6899995803833,15.75749979019165,0.853494854410726
2024-05-10,33.79030990600586,472.99346923828125,12.550000190734863,15.519499826431275,0.8205281941253386
2024-05-13,34.022483825683594,464.8586120605469,13.600000381469727,15.237999868392944,0.8872366983446359
2024-05-14,33.89746856689453,468.6726989746094,13.420000076293945,14.988999891281129,0.8532118546030527
2024-05-15,33.7188720703125,478.2974853515625,12.449999809265137,14.700999927520751,0.7906289977765686
2024-05-16,33.52553939819336,470.0434875488281,12.420000076293945,14.42199993133545,0.7853717608065539
2024-05-17,33.868839263916016,468.73236083984375,11.989999771118164,14.085999965667725,0.8481433073865212
2024-05-20,33.66105270385742,465.6830139160156,12.149999618530273,13.846499919891357,0.8230104667682645
2024-05-21,33.480369567871094,461.5013427734375,11.859999656677246,13.654999923706054,0.8062763609028992
2024-05-22,33.02867126464844,464.63018798828125,12.289999961853027,13.470999908447265,0.7189868279199035
2024-05-23,32.902191162109375,462.64361572265625,12.770000457763672,13.340999937057495,0.7041248987734958
2024-05-24,33.17321014404297,474.9998474121094,11.930000305175781,13.185999965667724,0.7088657628800883
2024-05-28,33.78752899169922,476.68841552734375,12.920000076293945,13.098499965667724,0.807690033244259
2024-05-29,33.53457260131836,471.165771484375,14.279999732971191,13.02999997138977,0.7831522584411992
2024-05-30,33.36293029785156,463.9050598144531,14.470000267028809,12.983999967575073,0.7782597739029652
2024-05-31,33.94111251831055,463.6865234375,12.920000076293945,12.895999956130982,0.8773205797062336
2024-06-03,32.884124755859375,474.2747497558594,13.109999656677246,12.876999950408935,0.6621285570492512
2024-06-04,32.1252555847168,473.7781066894531,13.15999984741211,12.860499954223632,0.5347323047030138
2024-06-05,31.917470932006836,491.7264404296875,12.630000114440918,12.830499982833862,0.43933058095631466
2024-06-06,32.025882720947266,490.4352111816406,12.579999923706055,12.809499979019165,0.46208892992816475
2024-06-07,31.85423469543457,489.6405944824219,12.220000267028809,12.78600001335144,0.43555654096631874
2024-06-10,32.45048141479492,499.2156677246094,12.739999771118164,12.795499992370605,0.5049149807805182
2024-06-11,32.224632263183594,504.0528869628906,12.850000381469727,12.757999992370605,0.4503177272380049
2024-06-12,32.1252555847168,505.41363525390625,12.039999961853027,12.68899998664856,0.42886330151254776
2024-06-13,31.790996551513672,500.70556640625,11.9399995803833,12.663499975204468,0.38777267075870797
2024-06-14,31.51997184753418,501.2623596191406,12.65999984741211,12.675499963760377,0.33981710716506697
2024-06-17,31.71872329711914,503.7181701660156,12.75,12.713499975204467,0.36539966025351006
2024-06-18,31.971677780151367,496.61920166015625,12.300000190734863,12.721000003814698,0.4321756190864126
2024-06-20,32.26076889038086,498.8165283203125,13.279999732971191,12.792000007629394,0.4739869507896159
2024-06-21,32.08008575439453,491.936279296875,13.199999809265137,12.8375,0.46628369609831477
2024-06-24,32.74861145019531,496.04254150390625,13.329999923706055,12.86549997329712,0.5662358720738968
2024-06-25,32.595035552978516,507.6653747558594,12.84000015258789,12.910999965667724,0.5012216743309557
2024-06-26,32.269805908203125,510.17083740234375,12.550000190734863,12.892499971389771,0.43752639640443586
2024-06-27,32.49565505981445,516.5738525390625,12.239999771118164,12.79049997329712,0.4545079544644471
2024-06-28,32.61309814453125,501.3220520019531,12.4399995803833,12.688999938964844,0.5255215887081476
2024-07-01,32.91122817993164,501.7793273925781,12.220000267028809,12.653999948501587,0.5746932598932133
2024-07-02,33.2093505859375,506.5716552734375,12.029999732971191,12.599999952316285,0.6093562835543308
2024-07-03,33.39906692504883,507.029052734375,12.09000015258789,12.546499967575073,0.6400900004094864
2024-07-05,33.471336364746094,536.8068237304688,12.479999542236328,12.538999938964844,0.5527286403888396
2024-07-08,33.01963424682617,526.2777709960938,12.369999885559082,12.528499937057495,0.5111449193061262
2024-07-09,31.438663482666016,526.9537963867188,12.510000228881836,12.542999935150146,0.24001230499694817
2024-07-10,31.529008865356445,531.6168823242188,12.850000381469727,12.548499965667725,0.2397719133584329
2024-07-11,31.66451644897461,509.7533264160156,12.920000076293945,12.551999950408936,0.3359841021067223
2024-07-12,31.790996551513672,496.0028076171875,12.460000038146973,12.572999954223633,0.4035105581225591
2024-07-15,31.64644432067871,493.30828857421875,13.119999885559082,12.631999969482422,0.38794432375434207
2024-07-16,31.51997184753418,486.9750061035156,13.1899995803833,12.658499956130981,0.3876300549350823
2024-07-17,31.998775482177734,459.334716796875,14.479999542236328,12.744999933242799,0.5615573940745401
2024-07-18,32.1523551940918,473.1151123046875,15.930000305175781,12.926499938964843,0.5415597679274989
2024-07-19,31.962648391723633,474.0496826171875,16.520000457763672,13.088499975204467,0.5061694216982842
2024-07-22,31.917470932006836,484.5987243652344,14.90999984741211,13.173999977111816,0.46318364202437745
2024-07-23,31.574180603027344,485.8812561035156,14.720000267028809,13.243499994277954,0.40050941103401005
2024-07-24,31.30315589904785,458.61883544921875,18.040000915527344,13.503500032424927,0.4456514682264766
2024-07-25,31.781959533691406,450.8040771484375,18.459999084472656,13.798999977111816,0.5532322248823897
2024-07-26,31.845199584960938,463.0234375,16.389999389648438,14.00649995803833,0.5230948812523699
2024-07-29,31.583215713500977,463.0333557128906,16.600000381469727,14.214499998092652,0.47850699047107637
2024-07-30,31.447708129882812,460.5278625488281,17.690000534057617,14.488000011444091,0.4638463689338118
2024-07-31,31.971677780151367,472.1009521484375,16.360000610351562,14.70450005531311,0.5142264889017334
2024-08-01,31.40252685546875,494.8792724609375,18.59000015258789,15.029500055313111,0.34120478361734385
2024-08-02,30.7882137298584,485.3344421386719,23.389999389648438,15.575000047683716,0.26867264339440655
2024-08-05,29.803497314453125,472.99578857421875,38.56999969482422,16.885000038146973,0.14249687686746804
2024-08-06,29.758317947387695,491.2502136230469,27.709999084472656,17.644999980926514,0.0737245354357537
2024-08-07,29.85770034790039,486.1099548339844,27.850000381469727,18.394999980926514,0.10782815061928575
2024-08-08,30.26422882080078,506.7009582519531,23.790000915527344,18.938500022888185,0.1080568019111121
2024-08-09,30.48419761657715,514.794189453125,20.3700008392334,19.334000062942504,0.11838196217981646
2024-08-12,30.841655731201172,512.984619140625,20.709999084472656,19.713500022888184,0.18522940628950763
2024-08-13,30.896644592285156,525.5021362304688,18.1200008392334,19.96000008583069,0.15269102283304453
2024-08-14,30.887481689453125,523.732421875,16.190000534057617,20.045500135421754,0.1570551079798282
2024-08-15,31.27242660522461,534.2418212890625,15.229999542236328,20.01050009727478,0.18735143073040592
2024-08-16,31.263263702392578,524.388671875,14.800000190734863,19.92450008392334,0.2187669119132838
2024-08-19,31.290760040283203,526.238037109375,14.649999618530273,19.91150007247925,0.21725417779647452
2024-08-20,30.59419059753418,523.70263671875,15.880000114440918,19.969500064849854,0.10727577370971818
2024-08-21,30.722503662109375,532.0841064453125,16.270000457763672,19.88100004196167,0.10104876119082806
2024-08-22,30.70417022705078,528.8727416992188,17.549999237060547,19.835500049591065,0.10867776059095353
2024-08-23,31.263263702392578,524.96533203125,15.859999656677246,19.809000062942506,0.2168371058157668
2024-08-26,31.519899368286133,518.1248779296875,16.149999618530273,19.786500024795533,0.28337398657321683
2024-08-27,31.510730743408203,516.116455078125,15.430000305175781,19.67350001335144,0.28853594190703236
2024-08-28,31.373249053955078,513.809814453125,17.110000610351562,19.71100001335144,0.27287412649018533
2024-08-29,31.593219757080078,515.241455078125,15.649999618530273,19.56399998664856,0.30549277284177323
2024-08-30,31.125783920288086,518.313720703125,15.0,19.144500017166138,0.21571615631517685
2024-09-03,30.126750946044922,508.81866455078125,20.719999313354492,18.25199999809265,0.07758945941061828
2024-09-04,29.705141067504883,509.7930603027344,21.31999969482422,17.932500028610228,0.002626874972808426
2024-09-05,29.650146484375,513.8893432617188,19.899999618530273,17.534999990463255,-0.020434167773884175
2024-09-06,29.237701416015625,497.39471435546875,22.3799991607666,17.46449990272522,-0.035377643011549643
2024-09-09,29.14605140686035,501.8887634277344,19.450000762939453,17.41849989891052,-0.06600368163819555
2024-09-10,28.550296783447266,501.8887634277344,19.079999923706055,17.336999940872193,-0.1673216289269039
2024-09-11,28.67861557006836,508.8882751464844,17.690000534057617,17.315499925613402,-0.16892291496608516
2024-09-12,28.944412231445312,522.5790405273438,17.06999969482422,17.359499883651733,-0.16953623983735033
2024-09-13,29.18271255493164,521.6047973632812,16.559999465942383,17.425999879837036,-0.12574899390629285
2024-09-16,29.604318618774414,530.7208251953125,17.139999389648438,17.542999839782716,-0.08455488620050579
2024-09-17,29.833457946777344,533.7462158203125,17.610000610351562,17.690999889373778,-0.05571048321972239
2024-09-18,29.723474502563477,535.3684692382812,18.229999542236328,17.80849986076355,-0.07984389799911466
2024-09-19,30.025930404663086,556.4168701171875,16.329999923706055,17.81149983406067,-0.09884520301332758
2024-09-20,29.91594696044922,558.6560668945312,16.149999618530273,17.741499853134155,-0.1250432325295636
2024-09-23,30.117584228515625,561.701416015625,15.890000343322754,17.742999887466432,-0.10094280219202134
2024-09-24,30.090091705322266,560.6266479492188,15.390000343322754,17.704999923706055,-0.10202162605256665
2024-09-25,29.03606605529785,565.5827026367188,15.40999984741211,17.70399990081787,-0.29786170419432123
2024-09-26,28.22034454345703,565.1150512695312,15.369999885559082,17.616999864578247,-0.43502366067232234
2024-09-27,28.797761917114258,564.6372680664062,16.959999084472656,17.682499837875366,-0.3352253544473992
2024-09-30,28.770267486572266,569.6929321289062,16.729999542236328,17.768999814987183,-0.35682013077909625
2024-10-01,29.411846160888672,573.7035522460938,19.260000228881836,17.69599986076355,-0.26113067401542367
2024-10-02,29.66847801208496,570.06103515625,18.899999618530273,17.574999856948853,-0.2052964096733985
2024-10-03,29.75096893310547,579.9733276367188,20.489999771118164,17.604499864578248,-0.22443916967454164
2024-10-04,30.135915756225586,593.0801391601562,19.209999084472656,17.44599986076355,-0.2028348202071081
2024-10-07,30.374216079711914,581.9737548828125,22.639999389648438,17.605499792099,-0.12514013765261062
2024-10-08,29.356853485107422,590.0447998046875,21.420000076293945,17.722499799728393,-0.3251694400142513
2024-10-09,29.31102752685547,587.6761474609375,20.860000610351562,17.88099980354309,-0.325036155706634
2024-10-10,29.6409854888916,581.0281982421875,20.93000030517578,18.07399983406067,-0.24667382519456535
2024-10-11,29.430177688598633,587.1189575195312,20.459999084472656,18.268999814987183,-0.30290804741088206
2024-10-14,29.320194244384766,587.586669921875,19.700000762939453,18.396999883651734,-0.32317776488495886
2024-10-15,28.174514770507812,583.4564819335938,20.639999389648438,18.548499822616577,-0.5041977806392954
2024-10-16,28.34865951538086,574.02197265625,19.579999923706055,18.615999841690062,-0.4430087845361264
2024-10-17,28.70611000061035,574.161376953125,19.110000610351562,18.75499987602234,-0.382684925008673
2024-10-18,28.715274810791016,573.7035522460938,18.030000686645508,18.8489999294281,-0.3795941765354589
2024-10-21,28.843589782714844,572.3998413085938,18.3700008392334,18.97299995422363,-0.35340919118464875
2024-10-22,28.944412231445312,579.217041015625,18.200000762939453,19.11349997520447,-0.35907657396450127
2024-10-23,28.696945190429688,560.9849243164062,19.239999771118164,19.30499997138977,-0.34014825971308243
2024-10-24,28.687780380249023,565.0552368164062,19.079999923706055,19.49049997329712,-0.3553282793012121
2024-10-25,28.88941764831543,570.4989624023438,20.329999923706055,19.65900001525879,-0.3392540693914769
2024-10-28,28.458641052246094,575.3854370117188,19.799999237060547,19.8125,-0.42886746537327625
2024-10-29,26.909687042236328,590.4329833984375,19.34000015258789,19.816499996185303,-0.742649716142211
2024-10-30,26.59806251525879,588.9598999023438,20.350000381469727,19.889000034332277,-0.7907169247455639
2024-10-31,26.909687042236328,564.856201171875,23.15999984741211,20.022500038146973,-0.6570564429453036
2024-11-01,26.790536880493164,564.4381713867188,21.8799991607666,20.15600004196167,-0.6759209566362584
2024-11-04,27.248809814453125,557.9893798828125,21.979999542236328,20.123000049591063,-0.5764030242978461
2024-11-05,27.459609985351562,569.6829223632812,20.489999771118164,20.076500034332277,-0.5796856627831926
2024-11-06,27.642921447753906,569.3046875,16.270000457763672,19.84700002670288,-0.5472447391179055
2024-11-07,27.76207160949707,588.860595703125,15.199999809265137,19.56050000190735,-0.5924255631605295
2024-11-08,26.942527770996094,586.5118408203125,14.9399995803833,19.28450002670288,-0.7239424146898417
2024-11-11,26.93321418762207,580.3713989257812,14.970000267028809,19.048000001907347,-0.7049772178995126
2024-11-12,26.22542381286621,582.013427734375,14.710000038146973,18.751500034332274,-0.8308437875948175
2024-11-13,26.607257843017578,577.2166137695312,14.020000457763672,18.473500061035157,-0.7498539374339408
2024-11-14,27.054279327392578,574.3901977539062,14.3100004196167,18.233500051498414,-0.6643718610784974
2024-11-15,26.989089965820312,551.4210205078125,16.139999389648438,18.13899998664856,-0.5985915275453682
2024-11-18,27.39886474609375,551.739501953125,15.579999923706055,17.99949994087219,-0.5299683401416738
2024-11-19,27.091535568237305,558.3974609375,16.350000381469727,17.906999921798707,-0.6045157687763008
2024-11-20,27.082223892211914,562.8060913085938,17.15999984741211,17.802999925613403,-0.6208529536501995
2024-11-21,27.491994857788086,560.3877563476562,16.8700008392334,17.692499971389772,-0.5430715977453299
2024-11-22,27.678253173828125,556.4567260742188,15.239999771118164,17.437999963760376,-0.4982400035579797
2024-11-25,27.305734634399414,562.3980712890625,14.600000381469727,17.178000020980836,-0.5814757995347141
2024-11-26,26.970462799072266,570.78759765625,14.100000381469727,16.916000032424925,-0.6665700691081894
2024-11-27,27.1287841796875,566.468505859375,14.100000381469727,16.603500032424925,-0.6251909572361833
2024-11-29,27.29642105102539,571.5638427734375,13.510000228881836,16.121000051498413,-0.6137331878118012
2024-12-02,26.998403549194336,589.985107421875,13.34000015258789,15.694000101089477,-0.7260631768523899
2024-12-03,27.426803588867188,610.705078125,13.300000190734863,15.260000133514405,-0.7225464950497997
2024-12-04,27.1287841796875,610.8345336914062,13.449999809265137,14.908000135421753,-0.7736628606699496
2024-12-05,27.138099670410156,606.0077514648438,13.539999961853027,14.77150011062622,-0.7559256725162418
2024-12-06,26.72832679748535,620.7765502929688,12.770000457763672,14.650000143051148,-0.8750384560819163
2024-12-09,28.02283477783203,610.62548828125,14.1899995803833,14.612500143051147,-0.6209151640150031
2024-12-10,28.032148361206055,616.3479614257812,14.180000305175781,14.573000144958495,-0.6384816190445581
2024-12-11,28.24634552001953,629.643798828125,13.579999923706055,14.51650013923645,-0.6465486591928831
2024-12-12,28.078710556030273,627.7628784179688,13.920000076293945,14.511500120162964,-0.6687632208927674
2024-12-13,27.920391082763672,617.3729248046875,13.8100004196167,14.486500120162964,-0.660917859271376
2024-12-16,26.96115493774414,621.745361328125,14.6899995803833,14.414000129699707,-0.8386843198928272
2024-12-17,27.082223892211914,616.9645385742188,15.869999885559082,14.428500127792358,-0.8020954075157489
2024-12-18,26.579320907592773,594.803466796875,27.6200008392334,14.992000150680543,-0.8134598729165975
2024-12-19,26.458248138427734,593.1900024414062,24.09000015258789,15.338500165939331,-0.8286508093636696
2024-12-20,26.63519859313965,582.9112548828125,18.360000610351562,15.41300015449524,-0.7641593935312614
2024-12-23,26.774890899658203,597.452880859375,16.780000686645508,15.490000200271606,-0.7890662778971983
2024-12-24,26.812145233154297,605.3213500976562,14.270000457763672,15.473500204086303,-0.8090625691769401
2024-12-26,26.868022918701172,600.9389038085938,14.729999542236328,15.505000162124634,-0.7848936882503738
2024-12-27,26.970462799072266,597.4130249023438,15.949999809265137,15.597500133514405,-0.7556726562933945
2024-12-30,27.091535568237305,588.877197265625,17.399999618530273,15.792000102996827,-0.7065168874234113
2024-12-31,27.529245376586914,583.1702270507812,17.350000381469727,15.992500114440919,-0.6129785769111692
2025-01-02,27.87382698059082,596.8453979492188,17.93000030517578,16.224000120162962,-0.6001410292840291
2025-01-03,28.37672996520996,602.2137451171875,16.1299991607666,16.358000087738038,-0.5325793357690852
2025-01-06,28.888944625854492,627.681640625,16.040000915527344,16.483000135421754,-0.5306976250357313
2025-01-07,29.64329719543457,615.4208374023438,17.81999969482422,16.73550009727478,-0.36137641658707664
2025-01-08,28.982072830200195,608.2794189453125,17.700000762939453,16.911000156402586,-0.4499296620864797
2025-01-10,29.140398025512695,613.3988037109375,19.540000915527344,17.179000186920167,-0.44013597416731537
2025-01-13,29.075204849243164,605.8990478515625,19.190000534057617,17.459500217437743,-0.42612505369888254
2025-01-14,28.95413589477539,591.8751831054688,18.709999084472656,17.69900016784668,-0.39978365919402703
2025-01-15,29.149709701538086,614.6538696289062,16.1200008392334,17.814500188827516,-0.442752475471757
2025-01-16,29.59673309326172,608.8571166992188,16.600000381469727,17.910000228881835,-0.3473297758893324
2025-01-17,29.512914657592773,610.3212280273438,15.970000267028809,17.915000247955323,-0.3664841712898888
2025-01-21,29.354595184326172,613.9965209960938,15.0600004196167,17.287000226974488,-0.405708471622587
2025-01-22,28.99138832092285,621.0083618164062,15.100000381469727,16.837500238418578,-0.4909431002290287
2025-01-23,29.326656341552734,633.9066772460938,15.020000457763672,16.670500230789184,-0.4770897176269146
2025-01-24,29.289403915405273,644.9025268554688,14.850000381469727,16.574000215530397,-0.5202229664901676
2025-01-27,29.289403915405273,657.2429809570312,17.899999618530273,16.755500173568727,-0.5615205718704082
2025-01-28,29.01932716369629,671.6353149414062,16.40999984741211,16.839500188827515,-0.6556158667964755
2025-01-29,28.99138832092285,673.7865600585938,16.559999465942383,16.870000171661378,-0.6675665198980023
2025-01-30,29.438411712646484,684.254638671875,15.84000015258789,16.792000198364256,-0.626574442487947
2025-01-31,28.926197052001953,686.4259033203125,16.43000030517578,16.74600019454956,-0.7209512202407204
2025-02-03,28.749250411987305,694.6727905273438,18.6200008392334,16.780500221252442,-0.7786423212551907
2025-02-04,29.466350555419922,701.3759765625,17.209999084472656,16.834500217437743,-0.6791199190396883
2025-02-05,29.49428939819336,702.05322265625,15.770000457763672,16.821000194549562,-0.6766348749740545
2025-02-06,29.764368057250977,709.1447143554688,15.5,16.70500020980835,-0.6544353583464887
2025-02-07,30.053070068359375,711.6646728515625,16.540000915527344,16.647000217437743,-0.6137698940451566
2025-02-10,32.055362701416016,714.5331420898438,15.8100004196167,16.46050019264221,-0.2828462437388341
2025-02-11,32.17643356323242,716.9235229492188,16.020000457763672,16.302000188827513,-0.270255600107391
2025-02-12,32.29750442504883,722.4812622070312,15.890000343322754,16.16100025177002,-0.2682645921263006
2025-02-13,32.12055587768555,725.6486206054688,15.100000381469727,16.110000228881837,-0.3089572608644308
2025-02-14,32.59552001953125,733.7261352539062,14.770000457763672,16.018500232696532,-0.2552133201056922
2025-02-18,32.88422393798828,713.5072631835938,15.350000381469727,15.98750023841858,-0.13845152687179052
2025-02-19,32.16712188720703,700.9576416015625,15.270000457763672,15.998000240325927,-0.21840902627588749
2025-02-20,32.269569396972656,692.0632934570312,15.65999984741211,16.026000213623046,-0.17122099455743925
2025-02-21,32.0051383972168,680.8184204101562,18.209999084472656,16.185500144958496,-0.17856064963964335
2025-02-24,31.863481521606445,665.4600219726562,18.979999542236328,16.392000102996825,-0.15125452551690738
2025-02-25,31.38184356689453,654.8724975585938,19.43000030517578,16.4685001373291,-0.19773365499701434
2025-02-26,30.862436294555664,671.0077514648438,19.100000381469727,16.603000164031982,-0.34006445762934967
2025-02-27,31.277963638305664,655.6094970703125,21.1299991607666,16.831500148773195,-0.21786654381245266
2025-02-28,31.277963638305664,665.52978515625,19.6299991607666,17.021000099182128,-0.2510650095463414
2025-03-03,30.040821075439453,652.4323120117188,22.780000686645508,17.338500118255617,-0.4176306192857091
2025-03-04,29.6914005279541,637.4424438476562,23.510000228881836,17.583000087738036,-0.42689144567438597
2025-03-05,30.106929779052734,653.8465576171875,21.93000030517578,17.819000148773192,-0.4111205431195879
2025-03-06,29.94638442993164,625.4207153320312,24.8700008392334,18.27400016784668,-0.34329622415127065
2025-03-07,30.28636360168457,623.1597900390625,23.3700008392334,18.66750020980835,-0.2779108944323125
2025-03-10,30.418575286865234,595.6002807617188,27.860000610351562,19.23350019454956,-0.1631975926194367
2025-03-11,30.201364517211914,603.2894287109375,26.920000076293945,19.78900017738342,-0.225869789297436
2025-03-12,30.409130096435547,617.0841064453125,24.229999542236328,20.199500131607056,-0.2367000064640484
2025-03-13,30.569677352905273,588.2797241210938,24.65999984741211,20.638000106811525,-0.11300177567534805
2025-03-14,31.532949447631836,605.7102661132812,21.770000457763672,20.97150011062622,-0.00751308967564226
2025-03-17,31.882366180419922,603.0186767578125,20.510000228881836,21.25850009918213,0.060918480615910056
2025-03-18,32.3167839050293,580.5487670898438,21.700000762939453,21.576000118255614,0.2099944691508683
2025-03-19,32.685096740722656,582.2435913085938,19.899999618530273,21.807500076293945,0.26696040387678177
2025-03-20,32.81731033325195,584.1774291992188,19.799999237060547,22.014500045776366,0.28297388478267604
2025-03-21,32.6284294128418,594.3956298828125,19.280000686645508,22.06800012588501,0.21665611700196977
2025-03-24,32.21290588378906,616.92529296875,17.479999542236328,21.99300012588501,0.07059343341089681
2025-03-25,32.382896423339844,624.3621826171875,17.149999618530273,21.879000091552733,0.07461542457861108
2025-03-26,32.50566101074219,609.0797729492188,18.329999923706055,21.84050006866455,0.14663650268880427
2025-03-27,32.4962158203125,600.7059936523438,18.690000534057617,21.7185001373291,0.17305323103575868
2025-03-28,31.976810455322266,574.9463500976562,21.649999618530273,21.819500160217284,0.17092496321278366
2025-03-31,31.910701751708984,574.5675048828125,22.280000686645508,21.794500160217286,0.16094989650493158
2025-04-01,31.929594039916992,584.1774291992188,21.770000457763672,21.707500171661376,0.13200301677637744
2025-04-02,31.929594039916992,582.1138916015625,21.510000228881836,21.68650016784668,0.13890869145365767
2025-04-03,29.596961975097656,529.9666137695312,30.020000457763672,21.944000148773192,-0.08328201999294729
2025-04-04,26.80158805847168,503.1603088378906,45.310001373291016,23.041000175476075,-0.46897378448362814
2025-04-07,25.658885955810547,514.6444091796875,46.97999954223633,23.99700012207031,-0.7017410136930585
2025-04-08,24.657838821411133,508.86248779296875,52.33000183105469,25.26750020980835,-0.852636340371042
2025-04-09,26.34828758239746,583.9482421875,33.619998931884766,25.73700017929077,-0.816423667134717
2025-04-10,24.771163940429688,544.5910034179688,40.720001220703125,26.540000247955323,-0.9529298015592645
2025-04-11,25.11114501953125,541.8794555664062,37.560001373291016,27.32950029373169,-0.8860361290032263
2025-04-14,25.413345336914062,529.8270874023438,30.889999389648438,27.84850025177002,-0.7943084372439239
2025-04-15,25.6966609954834,519.8980712890625,30.1200008392334,28.269500255584717,-0.712898239776742
2025-04-16,26.121633529663086,500.7477722167969,32.63999938964844,28.906500244140624,-0.5765377134420022
2025-04-17,26.744924545288086,499.92041015625,29.649999618530273,29.399000263214113,-0.4677679606689332
2025-04-21,26.518274307250977,483.1526794433594,33.81999969482422,30.126000213623048,-0.45020000449219816
2025-04-22,27.26433563232422,498.7240905761719,30.56999969482422,30.780500221252442,-0.37542998679523537
2025-04-23,27.009353637695312,518.6520385742188,28.450000762939453,31.3455002784729,-0.48548322409291744
2025-04-24,27.38710594177246,531.4918823242188,26.469999313354492,31.75250024795532,-0.4642090082063341
2025-04-25,27.566539764404297,545.5679931640625,24.84000015258789,32.06000022888183,-0.48079933230570954
2025-04-28,27.50987434387207,548.0302734375,25.149999618530273,32.23500022888184,-0.49867630214726166
2025-04-29,26.508831024169922,552.7156982421875,24.170000076293945,32.32950019836426,-0.6846001879798054
2025-04-30,25.932756423950195,547.2926025390625,24.700000762939453,32.476000213623045,-0.7644227102213343
2025-05-01,26.329397201538086,570.430419921875,24.600000381469727,32.63050022125244,-0.7743985952266039
2025-05-02,26.556049346923828,595.1632080078125,22.68000030517578,32.26350021362305,-0.8186214694935293
2025-05-05,27.55709457397461,597.40625,23.639999389648438,31.18000011444092,-0.6558835282269192
2025-05-06,26.820476531982422,585.4834594726562,24.760000228881836,30.069000148773192,-0.7412577495095446
2025-05-07,26.565492630004883,594.953857421875,23.549999237060547,28.630000019073485,-0.8163148862864389
2025-05-08,26.999910354614258,596.150146484375,22.479999542236328,28.073000049591066,-0.7464383605895214
2025-05-09,28.11427879333496,590.6473999023438,21.899999618530273,27.131999969482422,-0.5385064745150784
2025-05-12,28.510921478271484,637.4413452148438,18.389999389648438,26.173499870300294,-0.6276477958223122
2025-05-13,28.860342025756836,653.98974609375,18.219999313354492,25.539999866485594,-0.6236026339869898
2025-05-14,28.671466827392578,657.3093872070312,18.6200008392334,24.964999866485595,-0.6668332448987034
2025-05-15,28.43537139892578,641.8775634765625,17.829999923706055,24.224499893188476,-0.6553422424573907
2025-05-16,28.56013298034668,638.3485107421875,17.239999771118164,23.603999900817872,-0.6223144140075126
2025-05-19,28.214645385742188,638.438232421875,18.139999389648438,22.81999988555908,-0.6813705609205186
2025-05-20,28.022708892822266,635.1185913085938,18.09000015258789,22.195999908447266,-0.7029032893907333
2025-05-21,27.715608596801758,633.5234985351562,20.8700008392334,21.816999912261963,-0.7497927707659817
2025-05-22,27.773193359375,634.5902099609375,20.280000686645508,21.507499980926514,-0.7435693011454726
2025-05-23,27.917142868041992,625.1097412109375,22.290000915527344,21.380000019073485,-0.6873617009895415
2025-05-27,27.9747257232666,640.3223266601562,18.959999084472656,21.070499992370607,-0.7284780392335359
2025-05-28,27.773193359375,641.5784301757812,19.309999465942383,20.82749996185303,-0.7669555362359866
2025-05-29,27.99391746520996,643.0438842773438,19.18000030517578,20.551499938964845,-0.7343219188220838
2025-05-30,27.926740646362305,645.4762573242188,18.56999969482422,20.249999904632567,-0.7538864409530531
2025-06-02,28.387386322021484,668.8134765625,18.360000610351562,20.033999919891357,-0.7536445350381883
2025-06-03,28.368194580078125,664.7760620117188,17.690000534057617,19.736499977111816,-0.7433971108204742
2025-06-04,27.753997802734375,685.8104858398438,17.610000610351562,19.378999996185303,-0.9182436213553119
2025-06-05,27.87875747680664,682.49072265625,18.479999542236328,19.125500011444093,-0.8859165094396376
2025-06-06,28.109079360961914,695.5401000976562,16.770000457763672,18.840000057220458,-0.8904164890387735
2025-06-09,28.27222442626953,691.9014282226562,17.15999984741211,18.60300006866455,-0.8504940701123413
2025-06-10,29.011180877685547,700.2155151367188,16.950000762939453,18.5310001373291,-0.7526455562791614
2025-06-11,29.56779670715332,691.981201171875,17.260000228881836,18.483000183105467,-0.6304274938899885
2025-06-12,29.67336082458496,691.20361328125,18.020000457763672,18.453000164031984,-0.6098723509324938
2025-06-13,30.44110679626465,680.7462768554688,20.81999969482422,18.60250015258789,-0.444308714416456
2025-06-16,29.903684616088867,700.4749145507812,19.110000610351562,18.696000194549562,-0.6017285898306283
2025-06-17,30.306751251220703,695.5963134765625,21.600000381469727,18.869000244140626,-0.5168540809110798
2025-06-18,29.884490966796875,694.1398315429688,20.139999389648438,18.971500205993653,-0.5837922911596711
2025-06-20,29.990055084228516,680.751220703125,20.6200008392334,18.959000205993654,-0.5210340781277896
2025-06-23,29.097551345825195,696.8933715820312,19.829999923706055,18.93650016784668,-0.7268391991003469
2025-06-24,28.627307891845703,710.5313110351562,17.479999542236328,18.69600009918213,-0.8524515610012761
2025-06-25,29.097551345825195,707.01953125,16.760000228881836,18.586000156402587,-0.7607266186834021
2025-06-26,29.068761825561523,724.3887939453125,16.59000015258789,18.450000190734862,-0.8237493794401115
2025-06-27,29.11674690246582,731.9110717773438,16.31999969482422,18.307000160217285,-0.840762192684074
2025-06-30,28.723278045654297,736.3607177734375,16.729999542236328,18.21500015258789,-0.9225689325807658
2025-07-01,29.270294189453125,717.5348510742188,16.829999923706055,18.138500118255614,-0.766538587959068
2025-07-02,30.038040161132812,711.8980712890625,16.639999389648438,18.086000061035158,-0.617107051949155
2025-07-03,29.682958602905273,717.3253784179688,16.3799991607666,18.02449998855591,-0.6956571603455443
2025-07-07,29.03037452697754,716.6668701171875,17.790000915527344,17.99000005722046,-0.804436185139885
2025-07-08,30.00925064086914,718.9813842773438,16.809999465942383,17.992000007629393,-0.6457076521868128
2025-07-09,30.00925064086914,731.0631103515625,15.9399995803833,17.930999994277954,-0.6861394184426491
2025-07-10,30.249170303344727,725.5360107421875,15.779999732971191,17.87249994277954,-0.6268405412576503
2025-07-11,31.32401466369629,715.8289184570312,16.399999618530273,17.829499912261962,-0.41156044291599847
2025-07-14,30.8057861328125,719.2308349609375,17.200000762939453,17.788499927520753,-0.5110783829036392
2025-07-15,30.575462341308594,708.7255859375,17.3799991607666,17.61649990081787,-0.515092710276303
2025-07-16,30.63304328918457,701.2630004882812,17.15999984741211,17.5189998626709,-0.48032640684145933
2025-07-17,30.79619026184082,699.7665405273438,16.520000457763672,17.264999866485596,-0.447572623573777
2025-07-18,30.70022201538086,702.6298828125,16.40999984741211,17.07849988937378,-0.4734758533224025
2025-07-21,30.930543899536133,711.2994384765625,16.649999618530273,16.879999828338622,-0.4633186614829585
2025-07-22,31.208852767944336,703.1585693359375,16.5,16.71349983215332,-0.3887440254588712
2025-07-23,31.391189575195312,711.9080810546875,15.369999885559082,16.60799984931946,-0.38701506593814383
2025-07-24,30.834577560424805,713.125244140625,15.390000343322754,16.539499855041505,-0.48574942737061305
2025-07-25,30.90175437927246,711.0101318359375,14.930000305175781,16.4564998626709,-0.46724662540209966
2025-07-28,31.352802276611328,715.9486083984375,15.029999732971191,16.391999864578246,-0.4070651772993308
2025-07-29,31.631113052368164,698.35986328125,15.979999542236328,16.354499864578248,-0.30087268884448803
2025-07-30,30.949737548828125,693.5811157226562,15.479999542236328,16.28699984550476,-0.4007597003342231
2025-07-31,30.853771209716797,771.6278076171875,16.719999313354492,16.290999841690063,-0.6782653650361419
2025-08-01,30.46989631652832,748.2527465820312,20.3799991607666,16.490999841690062,-0.6653244886334068
2025-08-04,31.180063247680664,774.5509643554688,17.520000457763672,16.47749981880188,-0.6325564056062994
2025-08-05,32.245304107666016,761.6712036132812,17.850000381469727,16.52949986457825,-0.4082921357828421
2025-08-06,32.51401901245117,770.1812133789062,16.770000457763672,16.570999908447266,-0.3910716505750553
2025-08-07,32.81151580810547,760.0449829101562,16.56999969482422,16.610499906539918,-0.3065562682488775
2025-08-08,32.76353454589844,767.49755859375,15.149999618530273,16.547999906539918,-0.3396564881336182
2025-08-11,32.581199645996094,764.0755615234375,16.25,16.500499868392943,-0.3592137700846032
2025-08-12,32.69636154174805,788.1489868164062,14.729999542236328,16.367999887466432,-0.42019083673593627
2025-08-13,32.92668151855469,778.2523193359375,14.489999771118164,16.234499883651733,-0.34790168868451704
2025-08-14,33.24337387084961,780.2974243164062,14.829999923706055,16.149999856948853,-0.30088689507415994
2025-08-15,33.42741012573242,783.3901977539062,15.09000015258789,16.08399987220764,-0.27993851526857594
2025-08-18,33.15476989746094,765.572021484375,14.989999771118164,16.000999879837035,-0.26667657960783353
2025-08-19,32.930816650390625,749.71923828125,15.569999694824219,15.954499864578247,-0.2517118477039398
2025-08-20,32.98923873901367,745.9680786132812,15.6899995803833,15.970499849319458,-0.22922286364796182
2025-08-21,33.15476989746094,737.3682250976562,16.600000381469727,16.030999851226806,-0.17229194482718183
2025-08-22,33.82663345336914,753.021484375,14.220000267028809,15.995499849319458,-0.1104143941177438
2025-08-25,34.05058288574219,751.5349731445312,14.789999961853027,15.98349986076355,-0.0673534385309848
2025-08-26,33.75846481323242,752.3331298828125,14.619999885559082,15.915499877929687,-0.11970400745904264
2025-08-27,33.972686767578125,745.62890625,14.850000381469727,15.883999919891357,-0.06083617958996598
2025-08-28,34.420589447021484,749.35009765625,14.430000305175781,15.769499969482421,0.0028840440571022987
2025-08-29,34.303749084472656,736.96923828125,15.359999656677246,15.518499994277954,0.024446226514280738
2025-09-02,34.303749084472656,733.3875732421875,17.170000076293945,15.500999975204468,0.036432348594559516
2025-09-03,33.553993225097656,735.3230590820312,16.350000381469727,15.425999975204467,-0.0975532077757274
2025-09-04,33.398197174072266,746.8959350585938,15.300000190734863,15.352499961853027,-0.1627777963306187
2025-09-05,33.037925720214844,750.68701171875,15.180000305175781,15.282999992370605,-0.23673485066934932
2025-09-08,33.01845169067383,750.5372924804688,15.109999656677246,15.280999994277954,-0.23954569336416928
2025-09-09,33.19371795654297,763.9059448242188,15.039999961853027,15.220499992370605,-0.2544772538966096
2025-09-10,33.84610366821289,750.2180786132812,15.350000381469727,15.251500034332276,-0.09772150137966548
2025-09-11,33.56372833251953,749.140625,14.710000038146973,15.262500047683716,-0.14213838449422397
2025-09-12,32.99897766113281,753.8196411132812,14.760000228881836,15.259000062942505,-0.253842027874131
2025-09-15,33.31056213378906,762.9082641601562,15.6899995803833,15.289000034332275,-0.23126720443670337
2025-09-16,33.5247802734375,777.1747436523438,16.360000610351562,15.357500076293945,-0.24257895188755932
2025-09-17,33.398197174072266,773.9024658203125,15.720000267028809,15.365000104904174,-0.2531557549460621
2025-09-18,33.651363372802734,778.421875,15.699999809265137,15.365500116348267,-0.22522495087016592
2025-09-19,33.222930908203125,776.5562133789062,15.449999809265137,15.308000087738037,-0.29184351368385997
2025-09-22,33.46635437011719,763.8824462890625,16.100000381469727,15.402000093460083,-0.20803227492988102
2025-09-23,33.82663345336914,754.1387329101562,16.639999389648438,15.494500064849854,-0.11415329130392517
2025-09-24,34.284271240234375,759.3899536132812,16.18000030517578,15.572500085830688,-0.053897728525865635
2025-09-25,34.33295440673828,747.6595458984375,16.739999771118164,15.66700005531311,-0.006362277708155333
2025-09-26,34.751651763916016,742.5081787109375,15.289999961853027,15.710000038146973,0.08208331243947664
2025-09-29,33.83636474609375,742.1587524414062,16.1200008392334,15.74800009727478,-0.0724070513833913
2025-09-30,33.553993225097656,733.1538696289062,16.280000686645508,15.703500127792358,-0.09029396680348512
2025-10-01,33.553993225097656,716.1422729492188,16.290000915527344,15.70050015449524,-0.03336427841571369
2025-10-02,32.969764709472656,725.8360595703125,16.6299991607666,15.767000102996827,-0.16516249357118953
2025-10-03,33.261878967285156,709.3735961914062,16.649999618530273,15.84050006866455,-0.06039162122679668
2025-10-06,33.91426467895508,714.465087890625,16.3700008392334,15.903500127792359,0.03351859044657858
2025-10-07,34.05058288574219,711.889404296875,17.239999771118164,16.013500118255614,0.0653213434398324
2025-10-08,33.61241149902344,716.6414794921875,16.299999237060547,16.061000061035156,-0.025099888605334353
2025-10-09,33.38846206665039,732.2852783203125,16.43000030517578,16.147000074386597,-0.11553852346149424
2025-10-10,32.609493255615234,704.1223754882812,21.65999984741211,16.49200005531311,-0.1537672962196893
2025-10-13,32.81397247314453,714.5050048828125,19.030000686645508,16.65900011062622,-0.15373791765153821
2025-10-14,32.23948287963867,707.466796875,20.809999465942383,16.881500053405762,-0.22788587381774203
2025-10-15,32.463436126708984,716.3519287109375,20.639999389648438,17.127500009536742,-0.21953320473938498
2025-10-16,31.91815948486328,710.881103515625,25.309999465942383,17.607999992370605,-0.2939582959257686
2025-10-17,32.25895690917969,715.7229614257812,20.780000686645508,17.874500036239624,-0.25220343148784435
2025-10-20,32.346595764160156,730.947509765625,18.229999542236328,17.980999994277955,-0.2882482829291825
2025-10-21,32.288169860839844,732.0457153320312,17.8700008392334,18.042500066757203,-0.3018597455604018
2025-10-22,33.41767120361328,732.1854248046875,18.600000381469727,18.1635000705719,-0.1102368636101426
2025-10-23,34.07979202270508,732.7744750976562,17.299999237060547,18.19150004386902,0.0003964851889496232
2025-10-24,33.63188552856445,737.127197265625,16.3700008392334,18.245500087738037,-0.09034391938649987
2025-10-27,33.855838775634766,749.5663452148438,15.789999961853027,18.229000043869018,-0.09388484464051962
2025-10-28,33.553993225097656,750.1853637695312,16.420000076293945,18.23600001335144,-0.1472902424888641
2025-10-29,34.2745361328125,750.4149169921875,16.920000076293945,18.26749997138977,-0.02551818429858103
2025-10-30,33.855838775634766,665.3572387695312,16.90999984741211,18.281500005722044,0.18792281160779345
2025-10-31,34.20637512207031,647.2674560546875,17.440000534057617,18.321000051498412,0.30807518888292185
2025-11-03,33.95321273803711,636.645263671875,17.170000076293945,18.36100001335144,0.3005681339065226
2025-11-04,34.19663619995117,626.2725830078125,19.0,18.44900002479553,0.37667873552222075
2025-11-05,34.74191665649414,634.88818359375,18.010000228881836,18.534500074386596,0.4405804143509724
2025-11-06,34.87823486328125,617.9065551757812,19.5,18.68800005912781,0.5205929835781989
2025-11-07,35.618255615234375,620.6719360351562,19.079999923706055,18.559000062942506,0.6371913681463273
2025-11-10,36.1440544128418,630.7052001953125,17.600000381469727,18.487500047683717,0.6930356251723715
2025-11-11,36.36800765991211,626.0330200195312,17.280000686645508,18.311000108718872,0.7467581418162144
2025-11-12,35.890892028808594,607.9931640625,17.510000228881836,18.15450015068054,0.7259875024351883
2025-11-13,35.530616760253906,608.8717041015625,20.0,17.889000177383423,0.661776668222818
2025-11-14,36.062721252441406,608.4424438476562,19.829999923706055,17.84150013923645,0.753706384839356
2025-11-17,36.03310775756836,601.0048217773438,22.3799991607666,18.049000120162965,0.7735602876860525
2025-11-18,36.22067642211914,596.6920776367188,24.690000534057617,18.390000104904175,0.8198921423397387
2025-11-19,35.490142822265625,589.3343505859375,23.65999984741211,18.643000078201293,0.7202755943576727
2025-11-20,35.263084411621094,588.1663208007812,26.420000076293945,19.099000120162962,0.6855693863106598
2025-11-21,35.51976013183594,593.2578125,23.43000030517578,19.452000093460082,0.7121825557451169
2025-11-24,35.450653076171875,612.0264282226562,20.520000457763672,19.688500118255615,0.6376201637293589
2025-11-25,35.23346710205078,635.1576538085938,18.559999465942383,19.795500087738038,0.5232749261006837
2025-11-26,35.47039794921875,632.5520629882812,17.190000534057617,19.809000110626222,0.5722886112688736
2025-11-28,35.638221740722656,646.8681640625,16.350000381469727,19.7810001373291,0.5529206762789326
2025-12-01,36.04297637939453,639.7999267578125,17.239999771118164,19.771000099182128,0.6454099247456089
2025-12-02,35.8948974609375,646.01953125,16.59000015258789,19.742000102996826,0.5994126051152338
2025-12-03,36.76364517211914,638.5320434570312,16.079999923706055,19.596000099182127,0.7722145965518317
2025-12-04,36.75376892089844,660.425537109375,15.779999732971191,19.484500074386595,0.6972679106647868
2025-12-05,35.371681213378906,672.2955932617188,15.40999984741211,19.280000066757204,0.42249758221332145
2025-12-08,35.32231521606445,665.6866455078125,16.65999984741211,19.159000062942503,0.4362190675417602
2025-12-09,35.09526062011719,655.8631591796875,16.93000030517578,19.12550005912781,0.4304791869617763
2025-12-10,35.42103958129883,649.0444946289062,15.770000457763672,19.050000047683717,0.50870211179203
2025-12-11,35.07551574707031,651.6201782226562,14.850000381469727,18.91700005531311,0.44132047463976487
2025-12-12,34.80896759033203,643.1543579101562,15.739999771118164,18.70400004386902,0.42432059985512693
2025-12-15,34.799095153808594,646.9561157226562,16.5,18.537500047683714,0.4099189609419353
2025-12-16,33.328155517578125,656.587890625,16.479999542236328,18.242500066757202,0.12752834766412582
2025-12-17,34.029075622558594,648.9443969726562,17.6200008392334,17.88900008201599,0.2723105503151227
2025-12-18,32.883914947509766,663.881591796875,16.8700008392334,17.549500131607054,0.02756934228492292
2025-12-19,33.50585174560547,658.2064819335938,14.90999984741211,16.974000120162962,0.15233188426104985
2025-12-22,33.70329666137695,660.9341430664062,14.079999923706055,16.50650010108948,0.1767824855610849
2025-12-23,34.13766860961914,664.3711547851562,14.0,16.180500078201295,0.2391525977932951
2025-12-24,33.871124267578125,666.9789428710938,13.470000267028809,15.926000118255615,0.18509529383222684
2025-12-26,33.831634521484375,662.7225952148438,13.600000381469727,15.74650011062622,0.1926233705699032
2025-12-29,34.00933074951172,658.1265258789062,14.199999809265137,15.639000082015992,0.23822440787123533
2025-12-30,34.30549240112305,665.3803100585938,14.329999923706055,15.493500089645385,0.26431665424987055
2025-12-31,34.28574752807617,659.5253295898438,14.949999809265137,15.411500072479248,0.2805525343115933
2026-01-02,35.371681213378906,649.8535766601562,14.510000228881836,15.333000087738037,0.4976002922044229
2026-01-05,35.65796661376953,658.2264404296875,14.899999618530273,15.289000082015992,0.518267893530007
2026-01-06,33.92048263549805,660.0548706054688,14.75,15.256000089645386,0.2166610648696657
2026-01-07,33.23930740356445,648.1350708007812,15.380000114440918,15.192000102996825,0.14070580378365366
2026-01-08,33.693424224853516,645.50732421875,15.449999809265137,15.118000078201295,0.22672970807547232
2026-01-09,33.85137939453125,652.5013427734375,14.489999771118164,15.054000043869019,0.23018696314188333
2026-01-12,33.96984100341797,641.4207763671875,15.119999885559082,15.067500019073487,0.28741468608187815
2026-01-13,34.907691955566406,630.5501708984375,15.979999542236328,15.079500007629395,0.4832905078014683
2026-01-14,35.3618049621582,614.9934692382812,16.75,15.092000007629395,0.6125808003882944
2026-01-15,34.70037841796875,620.2689208984375,15.84000015258789,15.060000038146972,0.48243983772288823
2026-01-16,34.92743682861328,619.7194213867188,15.859999656677246,14.971999979019165,0.5228937959375685
2026-01-20,34.70037841796875,603.6032104492188,20.09000015258789,15.13299994468689,0.5382120101120751
2026-01-21,35.46052551269531,612.4356689453125,16.899999618530273,15.232499933242797,0.6379296019560596
2026-01-22,34.9767951965332,647.0759887695312,15.640000343322754,15.310499954223634,0.4397386404408557
2026-01-23,36.062721252441406,658.1964721679688,16.09000015258789,15.414999961853027,0.5872034173845819
2026-01-26,36.28977966308594,671.7847900390625,16.149999618530273,15.548999929428101,0.5803448538388696
2026-01-27,37.13877868652344,672.394287109375,16.350000381469727,15.6864999294281,0.7226915128648365
2026-01-28,37.21775817871094,668.1578979492188,16.350000381469727,15.79399995803833,0.7503004554368371
2026-01-29,37.553409576416016,737.6784057617188,16.8799991607666,15.921499919891357,0.5747316057153925
2026-01-30,37.39545440673828,715.8870849609375,17.440000534057617,16.04599995613098,0.6207938532395672
2026-02-02,37.21775817871094,705.8056640625,16.34000015258789,16.137499952316283,0.6243113649545805
2026-02-03,38.323429107666016,691.1082763671875,18.0,16.29249997138977,0.8615341672739408
2026-02-04,38.698570251464844,668.417724609375,18.639999389648438,16.48699994087219,1.0012675745213528
2026-02-05,37.68174362182617,669.63671875,21.770000457763672,16.80649995803833,0.8242599629233055
2026-02-06,38.5109977722168,660.8941650390625,20.3700008392334,17.052500009536743,0.9945455259486873
2026-02-09,38.71831512451172,676.640625,17.360000610351562,17.196000051498412,0.9771073975333754
2026-02-10,36.49709701538086,670.1461791992188,17.790000915527344,17.329500102996825,0.6210862533023013
2026-02-11,38.056884765625,668.1179809570312,17.649999618530273,17.413000106811523,0.8931414216842126
2026-02-12,36.71427917480469,649.254150390625,20.81999969482422,17.616500091552734,0.7279373201315331
2026-02-13,37.17826843261719,639.2227172851562,20.600000381469727,17.854500102996827,0.8404167982475146
2026-02-17,37.079551696777344,638.7431030273438,20.290000915527344,18.07600016593933,0.8252334210930081
2026-02-18,38.037139892578125,642.6697387695312,19.6200008392334,18.052500200271606,0.9749465898704505
2026-02-19,38.5109977722168,644.2284545898438,20.229999542236328,18.21900019645691,1.0503176983378741
2026-02-20,38.18000030517578,655.09912109375,19.09000015258789,18.391500186920165,0.9576471650265668
2026-02-23,38.40999984741211,636.7048950195312,21.010000228881836,18.637500190734862,1.0583190875681472
2026-02-24,38.29999923706055,638.7531127929688,19.549999237060547,18.807500171661378,1.0327572541694159
2026-02-25,38.09000015258789,653.1307983398438,17.93000030517578,18.88650016784668,0.948928183561166
2026-02-26,37.9900016784668,656.447998046875,18.6299991607666,19.000500106811522,0.9208207028017986
2026-02-27,38.86000061035156,647.62548828125,19.860000610351562,19.149500179290772,1.0983031659163331
2026-03-02,39.470001220703125,653.0009155273438,21.440000534057617,19.34950017929077,1.1840548920008243
2026-03-03,38.86000061035156,654.5196533203125,23.56999969482422,19.711000156402587,1.0752316885730953
2026-03-04,38.84000015258789,667.1587524414062,21.149999618530273,19.8685001373291,1.0295332516473459
2026-03-05,39.29999923706055,660.0049438476562,23.75,20.12400016784668,1.1317040999320638
2026-03-06,40.439998626708984,644.308349609375,29.489999771118164,20.510000133514403,1.378108892947593
2026-03-09,40.650001525878906,646.836181640625,25.5,20.766500091552736,1.4053639200041246
2026-03-10,39.939998626708984,653.510498046875,24.93000030517578,21.145000076293947,1.2622804109788883
2026-03-11,41.560001373291016,654.2998046875,24.229999542236328,21.467000007629395,1.535147294401583
2026-03-12,42.15999984741211,637.6340942382812,27.290000915527344,21.949000072479247,1.6929591512266808
2026-03-13,42.66999816894531,613.1849975585938,27.190000534057617,22.267500114440917,1.861512266439765
2026-03-16,42.900001525878906,627.4500122070312,23.510000228881836,22.413000106811523,1.8528899589325964
2026-03-17,43.849998474121094,622.6599731445312,22.3700008392334,22.517000102996825,2.0304826572464334
2026-03-18,44.61000061035156,615.6799926757812,25.09000015258789,22.79050006866455,2.183092276797352
2026-03-19,45.86000061035156,606.7000122070312,24.059999465942383,22.982000064849853,2.4257271986157525
2026-03-20,44.779998779296875,593.6599731445312,26.780000686645508,23.366500091552734,2.2856937702113407
2026-03-23,43.56999969482422,604.0599975585938,26.149999618530273,23.623500061035156,2.045109458230876
2026-03-24,44.790000915527344,592.9199829101562,26.950000762939453,23.9935001373291,2.2898711930983504
2026-03-25,45.40999984741211,594.8900146484375,25.329999923706055,24.363500118255615,2.3887195316194947
2026-03-26,46.16999816894531,547.5399780273438,27.440000534057617,24.804000186920167,2.6764277973414825
2026-03-27,46.68000030517578,525.719970703125,31.049999237060547,25.363500118255615,2.8361832550358343
2026-03-30,47.349998474121094,536.3800048828125,30.610000610351562,25.822000122070314,2.9144535051323524
2026-03-31,47.0,572.1300048828125,25.25,25.9060001373291,2.7352922902221275
2026-04-01,46.16999816894531,579.22998046875,24.540000915527344,26.075500202178954,2.570376496104654
2026-04-02,47.119998931884766,574.4600219726562,23.8700008392334,26.081500244140624,2.747902643106833
2026-04-06,47.47999954223633,573.02001953125,24.170000076293945,25.815500259399414,2.8139457136142862
2026-04-07,47.2400016784668,575.0499877929688,25.780000686645508,25.82950029373169,2.76633676519641
2026-04-08,45.88999938964844,612.4199829101562,21.040000915527344,25.63500032424927,2.411686978449429
2026-04-09,45.900001525878906,628.3900146484375,19.489999771118164,25.39800033569336,2.3599439394439936
2026-04-10,46.439998626708984,629.8599853515625,19.229999542236328,24.995000267028807,2.446860106132968
2026-04-13,46.439998626708984,634.530029296875,19.1200008392334,24.591500282287598,2.4312316997246914
2026-04-14,46.16999816894531,662.489990234375,18.360000610351562,24.334000301361083,2.291745013101089
2026-04-15,46.119998931884766,671.5800170898438,18.170000076293945,24.12400026321411,2.252821836215022
2026-04-16,47.630001068115234,676.8699951171875,17.940000534057617,23.7665002822876,2.4919196954256577
2026-04-17,44.59000015258789,688.5499877929688,17.479999542236328,23.437500286102296,1.9358298006495716
2026-04-20,45.119998931884766,670.9099731445312,18.8700008392334,23.04200029373169,2.0849975800209815
2026-04-21,45.90999984741211,668.8400268554688,19.5,22.709500312805176,2.226277450078105
2026-04-22,46.369998931884766,674.719970703125,18.920000076293945,22.3080002784729,2.2848305545975607
2026-04-23,46.349998474121094,659.1500244140625,19.309999465942383,22.007000255584718,2.333534318426677
2026-04-24,46.25,675.030029296875,18.709999084472656,21.57050018310547,2.2633851294490865
2026-04-27,45.970001220703125,678.6199951171875,18.020000457763672,20.919000244140626,2.2037527957157934
2026-04-28,46.349998474121094,671.3400268554688,17.829999923706055,20.28000020980835,2.2927402028887705
2026-04-29,46.79999923706055,669.1199951171875,18.809999465942383,19.95800018310547,2.3766996764074646
2026-04-30,47.380001068115234,611.9099731445312,16.889999389648438,19.575500106811525,2.666793217086599
