Date,CL,XOM,VIX,AvgVIX,zscore
2015-01-30,51.853389739990234,54.180458068847656,20.969999313354492,19.119499969482423,-1.136780825931251
2015-02-02,52.98234558105469,55.51915740966797,19.43000030517578,19.201499938964844,-0.953595121047073
2015-02-03,53.13593673706055,57.1739501953125,17.329999923706055,19.071999931335448,-1.0881886677138704
2015-02-04,53.143592834472656,56.68434143066406,18.329999923706055,18.932499885559082,-1.0329298711501047
2015-02-05,53.596702575683594,57.24213409423828,16.850000381469727,18.80949993133545,-0.9616284473766584
2015-02-06,53.22039031982422,57.13597106933594,17.290000915527344,18.823499965667725,-1.0595240103060712
2015-02-09,53.043766021728516,57.17345428466797,18.549999237060547,18.873499965667726,-1.1149291977576257
2015-02-10,53.327919006347656,56.83000564575195,17.229999542236328,18.754999923706055,-0.9951237851047804
2015-02-11,53.350955963134766,56.57398223876953,16.959999084472656,18.57499990463257,-0.960695095995992
2015-02-12,53.64277648925781,57.679237365722656,15.34000015258789,18.267999935150147,-0.9955805434003069
2015-02-13,53.81942367553711,58.303680419921875,14.6899995803833,17.88299994468689,-1.0118668381372011
2015-02-17,53.903900146484375,58.1038703918457,15.800000190734863,17.62549991607666,-0.9656664237107608
2015-02-18,54.17268753051758,56.83000564575195,15.449999809265137,17.403499937057497,-0.7495475693035066
2015-02-19,53.91925811767578,55.84963607788086,15.289999961853027,17.22549991607666,-0.7170290137978367
2015-02-20,53.942283630371094,56.14936828613281,14.300000190734863,17.12049994468689,-0.7428016575875427
2015-02-23,54.280189514160156,55.58114242553711,14.5600004196167,17.015499973297118,-0.5830228641521711
2015-02-24,54.53361892700195,55.83714294433594,13.6899995803833,16.9239999294281,-0.5370796439772448
2015-02-25,54.53361892700195,55.94955062866211,13.84000015258789,16.754999971389772,-0.54925535264905
2015-02-26,54.61042404174805,55.35633850097656,13.90999984741211,16.428499937057495,-0.4626727251216125
2015-02-27,54.3877067565918,55.287628173828125,13.34000015258789,16.157499933242796,-0.5199746444026395
2015-03-02,54.53361892700195,54.975425720214844,13.039999961853027,15.760999965667725,-0.4437406703895574
2015-03-03,54.280189514160156,54.713157653808594,13.859999656677246,15.482499933242797,-0.48900500607173514
2015-03-04,54.280189514160156,54.43840026855469,14.229999542236328,15.327499914169312,-0.45924399908780944
2015-03-05,54.879215240478516,54.16364288330078,14.039999961853027,15.11299991607666,-0.2553447911317036
2015-03-06,53.18199157714844,53.47053146362305,15.199999809265137,15.03049988746643,-0.6736557095859247
2015-03-09,53.44309616088867,53.17704772949219,15.0600004196167,14.918999862670898,-0.5659625906238553
2015-03-10,52.52920150756836,52.61505889892578,16.690000534057617,14.825999927520751,-0.7707607645191712
2015-03-11,52.13754653930664,52.465179443359375,16.8700008392334,14.807999992370606,-0.8683812400470353
2015-03-12,52.62905502319336,52.59008026123047,15.420000076293945,14.73100004196167,-0.7390274892176286
2015-03-13,52.575294494628906,52.371524810791016,16.0,14.764000034332275,-0.7309824432736607
2015-03-16,53.00537109375,52.927284240722656,15.609999656677246,14.810000038146972,-0.6661565740038209
2015-03-17,52.53689193725586,52.50265121459961,15.65999984741211,14.803000020980836,-0.7563494296769925
2015-03-18,52.475467681884766,53.745296478271484,13.970000267028809,14.729000043869018,-0.9088057168951525
2015-03-19,52.444740295410156,52.70872116088867,14.069999694824219,14.668000030517579,-0.8054590926041262
2015-03-20,53.42008590698242,52.789886474609375,13.020000457763672,14.604000043869018,-0.5307154236125093
2015-03-23,53.8885498046875,53.34564971923828,13.40999984741211,14.54650001525879,-0.45473068869530825
2015-03-24,53.22807693481445,52.77740478515625,13.619999885559082,14.543000030517579,-0.5851809035173933
2015-03-25,52.90552520751953,52.989723205566406,15.4399995803833,14.623000001907348,-0.7019452368506057
2015-03-26,52.79033279418945,52.65250778198242,15.800000190734863,14.717500019073487,-0.6989056453002445
2015-03-27,52.79802703857422,52.19043731689453,15.069999694824219,14.803999996185302,-0.6466186364683292
2015-03-30,53.21270751953125,53.47053146362305,14.510000228881836,14.877500009536742,-0.6647265122030641
2015-03-31,53.25111770629883,53.0771369934082,15.289999961853027,14.949000024795533,-0.6109491115408883
2015-04-01,53.05913543701172,52.73994445800781,15.109999656677246,14.993000030517578,-0.6302349926363314
2015-04-02,53.243438720703125,52.64002227783203,14.670000076293945,15.024500036239624,-0.5658342791943396
2015-04-06,53.71958923339844,53.158294677734375,14.739999771118164,15.001500034332276,-0.4835541160350974
2015-04-07,53.53527069091797,53.54545974731445,14.779999732971191,14.9875,-0.5790726696373062
2015-04-08,53.681182861328125,52.490169525146484,13.979999542236328,14.851999950408935,-0.4223493568237784
2015-04-09,53.72725296020508,52.85858154296875,13.09000015258789,14.66299991607666,-0.44886210344394434
2015-04-10,53.45847702026367,53.426822662353516,12.579999923706055,14.520999908447266,-0.588546310852549
2015-04-13,53.22807693481445,53.28943634033203,13.9399995803833,14.417999887466431,-0.6406428328682439
2015-04-14,53.47381591796875,54.0949592590332,13.670000076293945,14.320999908447266,-0.6564580792277621
2015-04-15,53.66579818725586,55.000389099121094,12.84000015258789,14.179999923706054,-0.6987221884181265
2015-04-16,53.81942367553711,54.781864166259766,12.600000381469727,14.111499929428101,-0.6303928405429836
2015-04-17,53.20503234863281,54.28229904174805,13.890000343322754,14.102499961853027,-0.7548862601583811
2015-04-20,52.575294494628906,54.47587203979492,13.300000190734863,14.116499948501588,-0.9589198744044615
2015-04-21,53.29350280761719,54.25107192993164,13.25,14.10849995613098,-0.7257852479480837
2015-04-22,53.50201416015625,54.61323547363281,12.710000038146973,14.062999963760376,-0.7043991179246724
2015-04-23,53.4556770324707,54.663204193115234,12.479999542236328,13.914999961853027,-0.723281912993183
2015-04-24,53.41703796386719,54.307281494140625,12.289999961853027,13.739499950408936,-0.6959617588364229
2015-04-27,53.27033996582031,54.33224868774414,13.119999885559082,13.641999959945679,-0.7413115968115861
2015-04-28,53.108150482177734,54.825557708740234,12.40999984741211,13.536999940872192,-0.841894417843375
2015-04-29,52.907379150390625,54.8692741394043,13.390000343322754,13.44199995994568,-0.9049943710336966
2015-04-30,51.957489013671875,54.557044982910156,14.550000190734863,13.413999986648559,-1.1473098371979056
2015-05-01,52.26639175415039,55.481224060058594,12.699999809265137,13.315499973297118,-1.157615756500753
2015-05-04,52.40541076660156,55.64356994628906,12.850000381469727,13.221000003814698,-1.1347874846073662
2015-05-05,52.03472137451172,55.33136749267578,14.3100004196167,13.197500038146973,-1.2087308114358755
2015-05-06,52.35133743286133,55.06908416748047,15.149999618530273,13.25600004196167,-1.0882799223297934
2015-05-07,52.420841217041016,54.700687408447266,15.130000114440918,13.358000040054321,-1.0281712262779537
2015-05-08,52.667972564697266,55.568641662597656,12.859999656677246,13.372000026702882,-1.0503441092192192
2015-05-11,52.382232666015625,54.63683319091797,13.850000381469727,13.367500066757202,-1.0324783005903972
2015-05-12,52.420841217041016,54.787933349609375,13.859999656677246,13.377000045776366,-1.0376214802241592
2015-05-13,52.20462417602539,54.49830627441406,13.760000228881836,13.423000049591064,-1.069104634222855
2015-05-14,53.00003433227539,54.75645446777344,12.739999771118164,13.430000019073486,-0.8658389555910432
2015-05-15,53.00003433227539,54.99568557739258,12.380000114440918,13.354500007629394,-0.8917518485877798
2015-05-18,52.9846076965332,54.68090057373047,12.729999542236328,13.325999975204468,-0.8621397134876692
2015-05-19,53.39389419555664,54.76905059814453,12.850000381469727,13.305999994277954,-0.7527073383064378
2015-05-20,53.20082473754883,54.857177734375,12.880000114440918,13.314499998092652,-0.8183787908842971
2015-05-21,53.14677047729492,54.907562255859375,12.109999656677246,13.296000003814697,-0.8395500133079102
2015-05-22,52.899654388427734,54.4731330871582,12.130000114440918,13.288000011444092,-0.864331006872326
2015-05-26,51.85709762573242,53.73649978637695,14.0600004196167,13.335000038146973,-1.0876145256425236
2015-05-27,52.15827941894531,53.58537673950195,13.270000457763672,13.378000068664551,-0.9836910069491556
2015-05-28,51.99610137939453,53.58537673950195,13.3100004196167,13.374000072479248,-1.0308365481233899
2015-05-29,51.57908630371094,53.64207077026367,13.84000015258789,13.3385000705719,-1.1582047710813927
2015-06-01,51.66403579711914,53.59796905517578,13.970000267028809,13.402000093460083,-1.128732768307122
2015-06-02,51.53276443481445,53.604278564453125,14.239999771118164,13.471500062942505,-1.167577094692801
2015-06-03,51.4091911315918,53.48466873168945,13.65999984741211,13.439000034332276,-1.1905443206518525
2015-06-04,50.907222747802734,53.02505111694336,14.710000038146973,13.41700005531311,-1.286683134361005
2015-06-05,50.567440032958984,53.062835693359375,14.210000038146973,13.371000051498413,-1.3895515036164483
2015-06-08,50.45930862426758,53.42169952392578,15.289999961853027,13.492500066757202,-1.4598567597577083
2015-06-09,50.992183685302734,53.251708984375,14.470000267028809,13.523500061035156,-1.2865357801279862
2015-06-10,51.79531478881836,53.64834976196289,13.220000267028809,13.491500091552734,-1.0960267611331098
2015-06-11,51.393760681152344,53.57278823852539,12.850000381469727,13.446000099182129,-1.2045748655459039
2015-06-12,51.192955017089844,52.89912033081055,13.779999732971191,13.49800009727478,-1.189979589266803
2015-06-15,50.45930862426758,52.71025085449219,15.390000343322754,13.648500108718872,-1.382794486071592
2015-06-16,50.95357131958008,53.31468200683594,14.8100004196167,13.75250015258789,-1.3045815609050246
2015-06-17,51.285640716552734,53.34613800048828,14.5,13.835000133514404,-1.2114554303419731
2015-06-18,51.87255096435547,53.8183479309082,13.1899995803833,13.850500106811523,-1.0919877820345374
2015-06-19,51.66403579711914,53.64834976196289,13.960000038146973,13.94300012588501,-1.1341898757299507
2015-06-22,51.92660903930664,53.6231689453125,12.739999771118164,13.973500108718872,-1.0551316900539158
2015-06-23,51.74899673461914,53.56020736694336,12.109999656677246,13.8760000705719,-1.099944173965006
2015-06-24,51.347415924072266,53.31468200683594,13.260000228881836,13.875500059127807,-1.1900899992313962
2015-06-25,51.32423400878906,52.842464447021484,14.010000228881836,13.910500049591064,-1.1456796563581682
2015-06-26,51.35512161254883,52.79838943481445,14.020000457763672,13.919500064849853,-1.1319264656564378
2015-06-29,50.505653381347656,52.14360427856445,18.850000381469727,14.1635000705719,-1.3079442684726141
2015-06-30,50.51338195800781,52.38285446166992,18.229999542236328,14.363000059127808,-1.3316125118739937
2015-07-01,51.09256362915039,51.860286712646484,16.09000015258789,14.484500074386597,-1.1066398423319581
2015-07-02,51.09256362915039,52.3450927734375,16.790000915527344,14.588500118255615,-1.1591527767803542
2015-07-06,50.93812561035156,51.961029052734375,17.010000228881836,14.728500127792358,-1.1624474899507486
2015-07-07,51.98066329956055,52.175071716308594,16.09000015258789,14.768500137329102,-0.882563854172323
2015-07-08,51.316524505615234,51.60844039916992,19.65999984741211,15.028000116348267,-1.0142545446266324
2015-07-09,51.10029220581055,51.37550735473633,19.969999313354492,15.36550006866455,-1.0518830846844227
2015-07-10,51.463253021240234,51.765846252441406,16.829999923706055,15.564500045776366,-0.9886500103042221
2015-07-13,52.08104705810547,51.89176559448242,13.899999618530273,15.570500040054322,-0.8226950732655908
2015-07-14,51.949771881103516,52.32617950439453,13.369999885559082,15.469500017166137,-0.9079116663521188
2015-07-15,51.6717643737793,52.1058349609375,13.229999542236328,15.39049997329712,-0.9648619596743945
2015-07-16,52.220054626464844,52.20027160644531,12.109999656677246,15.270999956130982,-0.8157018137352664
2015-07-17,52.127384185791016,52.01138687133789,11.949999809265137,15.208999967575073,-0.8221818265196907
2015-07-20,52.35906219482422,51.47623062133789,12.25,15.123499965667724,-0.6968657429092827
2015-07-21,51.986297607421875,51.41325378417969,12.220000267028809,15.097499990463257,-0.7984078059842721
2015-07-22,52.032901763916016,51.49513244628906,12.119999885559082,15.098000001907348,-0.7937287512412778
2015-07-23,52.063961029052734,51.085853576660156,12.640000343322754,15.067000007629394,-0.7403677240262666
2015-07-24,52.032901763916016,50.330352783203125,13.739999771118164,15.053499984741212,-0.6675628407024196
2015-07-27,52.2658805847168,49.90222930908203,15.600000381469727,15.132499980926514,-0.5534621205590319
2015-07-28,53.112388610839844,51.9295539855957,13.4399995803833,14.861999940872192,-0.5269747755258577
2015-07-29,53.531742095947266,52.3450927734375,12.5,14.575499963760375,-0.450077804877823
2015-07-30,52.82503890991211,52.26322555541992,12.130000114440918,14.377499961853028,-0.6466504544470831
2015-07-31,52.82503890991211,49.87076187133789,12.119999885559082,14.143999910354614,-0.3875049965553642
2015-08-03,53.13570022583008,49.146697998046875,12.5600004196167,13.921499919891357,-0.21876629454942603
2015-08-04,53.15898132324219,48.58635330200195,13.0,13.766999912261962,-0.15130334085418876
2015-08-05,53.648250579833984,48.58635330200195,12.510000228881836,13.40949993133545,-0.009071606238153763
2015-08-06,53.31430435180664,49.165592193603516,13.770000457763672,13.099499988555909,-0.16889222128183864
2015-08-07,53.19004821777344,48.3723030090332,13.390000343322754,12.927500009536743,-0.11908674856787907
2015-08-10,53.38418960571289,49.58114242553711,12.229999542236328,12.844000005722046,-0.19358773481845035
2015-08-11,53.01142501831055,49.244319915771484,13.710000038146973,12.86100001335144,-0.2654675452575144
2015-08-12,52.80949401855469,50.070465087890625,13.609999656677246,12.880000019073487,-0.4136552675763032
2015-08-13,52.545467376708984,49.98149108886719,13.489999771118164,12.949000024795533,-0.4807710065783118
2015-08-14,52.64641571044922,49.79718780517578,12.829999923706055,12.993000030517578,-0.43146183283927514
2015-08-17,52.545467376708984,50.05775451660156,13.020000457763672,13.031500053405761,-0.4890316631693007
2015-08-18,52.56875991821289,49.50486755371094,13.789999961853027,13.110000038146973,-0.422373184952094
2015-08-19,51.830970764160156,48.443603515625,15.25,13.26650004386902,-0.5218968771889841
2015-08-20,51.24851608276367,47.388668060302734,19.139999389648438,13.591499996185302,-0.5769499650597874
2015-08-21,50.46413803100586,45.83807373046875,28.030000686645508,14.30600004196167,-0.6370141730751685
2015-08-24,48.11100769042969,43.67104721069336,40.7400016784668,15.563000106811524,-1.08634806111561
2015-08-25,46.88395690917969,43.664695739746094,36.02000045776367,16.692000150680542,-1.4423666618929423
2015-08-26,48.32845687866211,46.073211669921875,30.31999969482422,17.583000135421752,-1.2833312864657487
2015-08-27,48.996341705322266,47.566612243652344,26.100000381469727,18.281500148773194,-1.25093685634356
2015-08-28,49.198265075683594,47.70642852783203,26.049999237060547,18.978000116348266,-1.2073817902145536
2015-08-31,48.778892517089844,47.81446075439453,28.43000030517578,19.77150011062622,-1.340996159200301
2015-09-01,47.582923889160156,45.80630111694336,31.399999618530273,20.691500091552733,-1.4711484382392652
2015-09-02,48.289634704589844,46.53712844848633,26.09000015258789,21.370500087738037,-1.344867246252879
2015-09-03,48.86431884765625,46.89299774169922,25.610000610351562,21.96250009536743,-1.2163520397000842
2015-09-04,47.7304801940918,46.04780197143555,27.799999237060547,22.68300004005432,-1.4544122159082453
2015-09-08,49.2603874206543,46.70869827270508,24.899999618530273,23.31650004386902,-1.081251124871077
2015-09-09,48.452720642089844,45.755462646484375,26.229999542236328,23.942500019073485,-1.2127897657144184
2015-09-10,48.09547424316406,46.08592224121094,24.3700008392334,24.480500078201295,-1.3524366678993447
2015-09-11,48.08772277832031,46.19395446777344,23.200000762939453,24.96600012779236,-1.3663918075755805
2015-09-14,48.23524856567383,46.06684875488281,24.25,25.537000131607055,-1.309737949920532
2015-09-15,48.48378372192383,46.30197525024414,22.540000915527344,26.013000154495238,-1.2629564817064878
2015-09-16,48.98081588745117,47.21709060668945,21.350000381469727,26.391000175476073,-1.2175909717451514
2015-09-17,49.136146545410156,47.31878662109375,21.139999389648438,26.685500144958496,-1.1834514290404436
2015-09-18,48.68569564819336,46.18759536743164,22.280000686645508,26.84250020980835,-1.1918708732246073
2015-09-21,49.00410461425781,46.638790130615234,20.139999389648438,26.448000144958495,-1.1481808766687196
2015-09-22,48.27410125732422,46.2257194519043,22.440000534057617,25.53300008773804,-1.3156518418425274
2015-09-23,48.22749710083008,45.94611740112305,22.1299991607666,24.838500022888184,-1.298914012210559
2015-09-24,48.34397888183594,46.21937561035156,23.469999313354492,24.496000003814697,-1.2946511020240625
2015-09-25,49.03517532348633,46.53712844848633,23.6200008392334,24.37200002670288,-1.1281368181221183
2015-09-28,48.27410125732422,46.13674545288086,27.6299991607666,24.451000022888184,-1.3060144091530386
2015-09-29,48.98081588745117,46.37189483642578,26.829999923706055,24.371000003814697,-1.126041559166644
2015-09-30,49.28368377685547,47.24885940551758,24.5,24.026000022888184,-1.1329876710134343
2015-10-01,49.485626220703125,47.06459045410156,22.549999237060547,23.848999977111816,-1.0543229884479353
2015-10-02,49.92050552368164,48.22117614746094,20.940000534057617,23.61549997329712,-1.0531809034923918
2015-10-05,50.751487731933594,48.81218338012695,19.540000915527344,23.20250005722046,-0.8756287722600032
2015-10-06,50.316585540771484,49.49851608276367,19.399999618530273,22.92750005722046,-1.0763976492038585
2015-10-07,50.751487731933594,50.33101272583008,18.399999618530273,22.536000061035157,-1.0401444256721608
2015-10-08,51.17862319946289,50.85845947265625,17.420000076293945,22.188500022888185,-0.9731067939760398
2015-10-09,51.52033233642578,50.369136810302734,17.079999923706055,21.882499980926514,-0.8207689754948377
2015-10-12,51.450435638427734,50.394569396972656,16.170000076293945,21.478499984741212,-0.8438429033574677
2015-10-13,51.232994079589844,50.30558776855469,17.670000076293945,21.23499994277954,-0.8974154217208973
2015-10-14,51.0621337890625,50.94108963012695,18.030000686645508,21.06899995803833,-1.0159208264073794
2015-10-15,51.6989631652832,51.779945373535156,16.049999237060547,20.814499950408937,-0.9216556919689974
2015-10-16,52.12610626220703,52.41543197631836,15.050000190734863,20.452999925613405,-0.866318439227007
2015-10-19,52.22704315185547,51.468544006347656,14.979999542236328,20.194999933242798,-0.7344113979781438
2015-10-20,52.0794792175293,51.36688232421875,15.75,19.860499906539918,-0.7662968544644032
2015-10-21,52.19664764404297,50.97286605834961,16.700000762939453,19.58899998664856,-0.6895568952121154
2015-10-22,53.610321044921875,52.675960540771484,14.449999809265137,19.138000011444092,-0.46307345579858916
2015-10-23,53.844642639160156,52.73317337036133,14.460000038146973,18.67999997138977,-0.4011527572141488
2015-10-26,53.672813415527344,51.61470031738281,15.289999961853027,18.063000011444093,-0.32995382182065514
2015-10-27,53.85244369506836,51.53209686279297,15.430000305175781,17.493000030517578,-0.26878748119471774
2015-10-28,53.75871276855469,52.28833770751953,14.329999923706055,16.984500026702882,-0.37794932996726066
2015-10-29,54.07112503051758,52.25654983520508,14.609999656677246,16.587500047683715,-0.28368716377992453
2015-10-30,51.82175064086914,52.58064270019531,15.069999694824219,16.294000005722047,-0.9726905379080456
2015-11-02,52.712135314941406,54.1948127746582,14.149999618530273,16.024499940872193,-0.888696312764036
2015-11-03,53.1104621887207,55.19253158569336,14.539999961853027,15.78149995803833,-0.8809720573282899
2015-11-04,52.70431900024414,54.639652252197266,15.510000228881836,15.636999988555909,-0.9391523918682231
2015-11-05,52.79804992675781,53.896114349365234,15.050000190734863,15.518499994277954,-0.8313664927979613
2015-11-06,51.407798767089844,53.6800422668457,14.329999923706055,15.380999994277953,-1.2121114386585548
2015-11-09,51.368736267089844,52.532596588134766,16.520000457763672,15.398500013351441,-1.099178661826359
2015-11-10,51.845176696777344,52.789024353027344,15.289999961853027,15.279500007629395,-0.9884518877234475
2015-11-11,51.899845123291016,52.32106399536133,16.059999465942383,15.180999946594238,-0.9218713947308117
2015-11-12,50.97822952270508,50.90439987182617,18.3700008392334,15.29700002670288,-1.036337856450063
2015-11-13,50.42368698120117,50.064605712890625,20.079999923706055,15.54850001335144,-1.1065803659189974
2015-11-16,51.21253967285156,51.859527587890625,18.15999984741211,15.70750002861023,-1.071680295132309
2015-11-17,51.017276763916016,51.25695037841797,18.84000015258789,15.862000036239625,-1.0631740867325077
2015-11-18,51.595252990722656,51.75695037841797,16.850000381469727,15.869500017166137,-0.9493137277642038
2015-11-19,51.845176696777344,51.474910736083984,16.989999771118164,15.996500015258789,-0.8461105108196674
2015-11-20,51.626495361328125,51.14797592163086,15.470000267028809,16.047000026702882,-0.8742689635574522
2015-11-23,52.243499755859375,51.46207809448242,15.619999885559082,16.063500022888185,-0.7289270533251121
2015-11-24,52.1888313293457,52.48772430419922,15.930000305175781,16.088500022888184,-0.8559146306346359
2015-11-25,51.88423156738281,52.083885192871094,15.1899995803833,16.131500005722046,-0.9007197000920708
2015-11-27,51.98575973510742,52.071067810058594,15.119999885559082,16.157000017166137,-0.8698168750196951
2015-11-30,51.29844284057617,52.34669494628906,16.1299991607666,16.209999990463256,-1.099476744383342
2015-12-01,51.41561508178711,52.4941520690918,14.670000076293945,16.23600001335144,-1.081386668544019
2015-12-02,51.29844284057617,50.99412536621094,15.90999984741211,16.304500007629393,-0.9529699173448185
2015-12-03,51.2203483581543,50.26335906982422,18.110000610351562,16.43450002670288,-0.8965174599039727
2015-12-04,51.81393051147461,50.55181121826172,14.8100004196167,16.42250003814697,-0.7552061067220822
2015-12-07,51.81393051147461,49.231292724609375,15.84000015258789,16.498000049591063,-0.612170970193638
2015-12-08,51.68898010253906,47.840248107910156,17.600000381469727,16.552000045776367,-0.4978200075906314
2015-12-09,51.61085510253906,48.48127746582031,19.610000610351562,16.768000078201293,-0.589965767189049
2015-12-10,51.64991760253906,48.51974868774414,19.34000015258789,16.93200011253357,-0.5827773086159171
2015-12-11,50.931358337402344,47.65434646606445,24.389999389648438,17.23300004005432,-0.6979260701831884
2015-12-14,51.43122482299805,48.73769760131836,22.729999542236328,17.365500020980836,-0.6699594796421378
2015-12-15,52.1419677734375,50.917198181152344,20.950000762939453,17.5050000667572,-0.699422663427826
2015-12-16,53.368202209472656,50.737728118896484,17.860000610351562,17.456000089645386,-0.3235136698672615
2015-12-17,52.5871467590332,49.97488784790039,18.940000534057617,17.56050009727478,-0.46793946524648283
2015-12-18,51.21253967285156,49.538978576660156,20.700000762939453,17.746000146865846,-0.820324447987557
2015-12-21,51.53277587890625,49.52617645263672,18.700000762939453,17.907500171661376,-0.7258443296629657
2015-12-22,52.00137710571289,49.77616882324219,16.600000381469727,17.956500196456908,-0.6166993652414507
2015-12-23,52.45439910888672,51.40440368652344,15.569999694824219,17.93850016593933,-0.6613709684321268
2015-12-24,52.32161331176758,50.853092193603516,15.739999771118164,17.966000175476076,-0.6402554846652174
2015-12-28,52.243499755859375,50.47489547729492,16.90999984741211,18.055500173568724,-0.6219979939392197
2015-12-29,52.83710479736328,50.74413299560547,16.079999923706055,18.0530002117157,-0.4785987082340224
2015-12-30,52.743377685546875,50.07105255126953,17.290000915527344,18.184000253677368,-0.43293907507757384
2015-12-31,52.03264236450195,49.968482971191406,18.209999084472656,18.299000215530395,-0.6284414497316833
2016-01-04,50.54084396362305,49.654354095458984,20.700000762939453,18.42850022315979,-1.0280851623403455
2016-01-05,50.7673454284668,50.07745361328125,19.34000015258789,18.65500020980835,-1.0080696905439563
2016-01-06,50.09565734863281,49.66078567504883,20.59000015258789,18.89250020980835,-1.1581986203840586
2016-01-07,49.213077545166016,48.86591339111328,24.989999771118164,19.262000179290773,-1.328668161729024
2016-01-08,48.85380172729492,47.878719329833984,27.010000228881836,19.632000160217284,-1.326180196071281
2016-01-11,49.056880950927734,47.237709045410156,24.299999237060547,19.880000114440918,-1.1977120129610521
2016-01-12,49.5020751953125,48.20564651489258,22.469999313354492,19.78400011062622,-1.1731374639726908
2016-01-13,49.13498306274414,48.494117736816406,25.219999313354492,19.908500099182127,-1.3110984727218187
2016-01-14,49.61923599243164,50.71849060058594,23.950000762939453,20.05850009918213,-1.4112632926735316
2016-01-15,49.478633880615234,49.73127365112305,27.020000457763672,20.516500091552736,-1.3452038822564576
2016-01-19,50.21280288696289,48.974876403808594,26.049999237060547,20.87200002670288,-1.0498482218924634
2016-01-20,48.77570724487305,46.91075134277344,27.59000015258789,21.216499996185302,-1.2440346670275757
2016-01-21,50.017303466796875,47.50048828125,26.690000534057617,21.61599998474121,-0.9469784720853769
2016-01-22,50.771690368652344,49.0838508605957,22.34000015258789,21.90299997329712,-0.8991821343123637
2016-01-25,50.237335205078125,47.42359161376953,24.149999618530273,22.33199996948242,-0.8746854758448652
2016-01-26,50.55166244506836,49.16719055175781,22.5,22.669999980926512,-0.9721719132170749
2016-01-27,50.52809143066406,48.26333236694336,23.110000610351562,22.980000019073486,-0.8811204899760815
2016-01-28,51.09386444091797,49.35307693481445,22.420000076293945,23.297000026702882,-0.8346872362582524
2016-01-29,53.06626892089844,49.90437698364258,20.200000762939453,23.442500019073485,-0.3210199613178723
2016-02-01,52.0211296081543,48.90435791015625,19.979999542236328,23.53100004196167,-0.5165249700976792
2016-02-02,51.36104202270508,47.814605712890625,21.979999542236328,23.594999980926513,-0.5903748683698407
2016-02-03,51.88753890991211,50.30821990966797,21.649999618530273,23.710499954223632,-0.7074227920848504
2016-02-04,51.856109619140625,51.17363739013672,21.84000015258789,23.772999954223632,-0.8102991372912968
2016-02-05,52.013275146484375,51.333885192871094,23.3799991607666,23.692499923706055,-0.7819683714715707
2016-02-08,51.91897201538086,52.026187896728516,26.0,23.641999912261962,-0.8843709479755492
2016-02-09,51.7696647644043,51.79979705810547,26.540000915527344,23.753999996185303,-0.9032528521882158
2016-02-10,51.71465301513672,51.32760238647461,26.290000915527344,23.945000076293944,-0.8680979968199074
2016-02-11,50.63808822631836,51.48931121826172,28.139999389648438,24.091000080108643,-1.1985738181632148
2016-02-12,51.62821578979492,52.414302825927734,25.399999618530273,24.163500022888183,-1.0109340751120865
2016-02-16,51.71465301513672,52.53719711303711,24.110000610351562,24.018000030517577,-0.9991181587408704
2016-02-17,52.696922302246094,53.041744232177734,22.309999465942383,23.83100004196167,-0.7682213793315944
2016-02-18,52.822669982910156,53.33282470703125,21.639999389648438,23.533500003814698,-0.763195311677715
2016-02-19,53.01127243041992,53.36518096923828,20.530000686645508,23.22550001144409,-0.7118728787262624
2016-02-22,53.12914276123047,53.29401397705078,19.3799991607666,23.07749996185303,-0.6698990697697462
2016-02-23,52.80694580078125,52.54368209838867,20.979999542236328,22.91899995803833,-0.6822884891903073
2016-02-24,52.115440368652344,52.73127746582031,20.719999313354492,22.829999923706055,-0.903630603622272
2016-02-25,52.97985076904297,53.04821014404297,19.110000610351562,22.629999923706055,-0.6866737730405548
2016-02-26,52.08400344848633,52.880035400390625,19.809999465942383,22.499499893188478,-0.9288824644090968
2016-02-29,51.5810661315918,51.84507369995117,20.549999237060547,22.516999816894533,-0.9629831709101617
2016-03-01,52.909095764160156,52.576026916503906,17.700000762939453,22.402999877929688,-0.6560967590548323
2016-03-02,52.71266174316406,53.494529724121094,17.09000015258789,22.158499908447265,-0.8126904360080762
2016-03-03,53.12914276123047,53.30048370361328,16.700000762939453,21.910999965667724,-0.6705998537622583
2016-03-04,53.56135177612305,53.22935104370117,16.860000610351562,21.66199998855591,-0.5372507617578127
2016-03-07,53.09770584106445,54.632991790771484,17.350000381469727,21.360500049591064,-0.8240724592829731
2016-03-08,53.06626892089844,53.44926071166992,18.670000076293945,20.994000053405763,-0.7049925678759623
2016-03-09,53.41990280151367,53.30048370361328,18.34000015258789,20.584000015258788,-0.5860752196689876
2016-03-10,53.61634826660156,53.15816879272461,18.049999237060547,20.17199993133545,-0.5135528746815274
2016-03-11,53.72635269165039,53.1646614074707,16.5,19.589999961853028,-0.4822775903056217
2016-03-14,53.624202728271484,53.306968688964844,16.920000076293945,19.165999984741212,-0.527387182654076
2016-03-15,53.89923095703125,53.57216262817383,16.84000015258789,18.802499961853027,-0.47616094284958954
2016-03-16,53.969970703125,53.604496002197266,14.989999771118164,18.436499977111815,-0.45909899786524977
2016-03-17,54.89723587036133,54.40013122558594,14.4399995803833,18.07649998664856,-0.2757219547929593
2016-03-18,55.38443374633789,54.46481704711914,14.020000457763672,17.75099997520447,-0.1410989757708798
2016-03-21,55.34512710571289,54.08964538574219,13.789999961853027,17.47150001525879,-0.11188788872888168
2016-03-22,54.66147994995117,54.41306686401367,14.170000076293945,17.13100004196167,-0.3456579154238345
2016-03-23,54.85007858276367,54.17374801635742,14.9399995803833,16.84200005531311,-0.2649094485019131
2016-03-24,54.936519622802734,54.322513580322266,14.739999771118164,16.62350001335144,-0.2558947327629787
2016-03-28,54.936519622802734,54.47774887084961,15.239999771118164,16.39500002861023,-0.27270941660220016
2016-03-29,55.40800476074219,54.67827224731445,13.819999694824219,16.058500051498413,-0.15736773929196776
2016-03-30,55.57301712036133,54.67180633544922,13.5600004196167,15.851500034332275,-0.10869788374962619
2016-03-31,55.518028259277344,54.07024002075195,13.949999809265137,15.694500017166138,-0.05952317407039469
2016-04-01,55.95021057128906,53.6627311706543,13.100000381469727,15.514499998092651,0.11025355137844048
2016-04-04,55.91880798339844,53.79208755493164,14.119999885559082,15.377499961853028,0.08711319664691312
2016-04-05,55.90305709838867,53.17759323120117,15.420000076293945,15.280999946594239,0.14909480752857893
2016-04-06,56.11525344848633,53.88911437988281,14.09000015258789,15.051999950408936,0.13371066589248082
2016-04-07,55.510169982910156,53.28107452392578,16.15999984741211,14.942999935150146,0.02367276508746662
2016-04-08,55.848052978515625,53.824432373046875,15.359999656677246,14.808499956130982,0.06304104196177772
2016-04-11,55.74591064453125,53.89559555053711,16.260000228881836,14.796499967575073,0.025639812225418775
2016-04-12,55.973812103271484,54.56184005737305,14.850000381469727,14.692999982833863,0.019725431315316542
2016-04-13,55.65946578979492,54.87233352661133,13.84000015258789,14.542999982833862,-0.10528763526579557
2016-04-14,55.63590621948242,55.26043701171875,13.720000267028809,14.479500007629394,-0.15417482068616487
2016-04-15,55.989505767822266,54.962890625,13.619999885559082,14.438500022888183,-0.019153139908346748
2016-04-18,56.04450988769531,55.48683166503906,13.350000381469727,14.405000019073487,-0.05991524550553675
2016-04-19,56.311702728271484,55.76499557495117,13.239999771118164,14.377500009536742,-0.012371645220323472
2016-04-20,55.553184509277344,56.146636962890625,13.279999732971191,14.332999992370606,-0.2742130973077882
2016-04-21,54.50233459472656,56.140159606933594,13.949999809265137,14.283500003814698,-0.5789960522253322
2016-04-22,54.56553649902344,56.61884307861328,13.220000267028809,14.20750002861023,-0.6124728600629132
2016-04-25,54.849971771240234,56.48945617675781,14.079999923706055,14.149500036239624,-0.5157719976100845
2016-04-26,54.48651885986328,56.68350601196289,13.960000038146973,14.156500053405761,-0.6424475965290285
2016-04-27,54.76308059692383,57.22040557861328,13.770000457763672,14.16700005531311,-0.6202060107172207
2016-04-28,56.224796295166016,56.9422607421875,15.220000267028809,14.230500078201294,-0.16515385962434725
2016-04-29,56.035152435302734,57.18159484863281,15.699999809265137,14.360500049591064,-0.24620782932416146
2016-05-02,57.18083953857422,57.65378189086914,14.680000305175781,14.388500070571899,0.035700056820885985
2016-05-03,56.769962310791016,56.99399948120117,15.600000381469727,14.39750008583069,-0.01227701038521304
2016-05-04,56.793678283691406,56.884033203125,16.049999237060547,14.49550004005432,0.006528541130499558
2016-05-05,56.46971893310547,56.94872283935547,15.90999984741211,14.483000040054321,-0.09465422482539249
2016-05-06,56.74626541137695,57.252750396728516,14.720000267028809,14.451000070571899,-0.047192983030417406
2016-05-09,56.6988525390625,57.29155731201172,14.569999694824219,14.366500043869019,-0.06517948195047855
2016-05-10,57.0465087890625,58.210079193115234,13.630000114440918,14.305500030517578,-0.06360689122345146
2016-05-11,56.8726921081543,57.92959976196289,14.6899995803833,14.348000001907348,-0.08375500892805592
2016-05-12,57.40206527709961,58.490570068359375,14.40999984741211,14.382499980926514,0.009372180343635579
2016-05-13,56.62773895263672,57.83174514770508,15.039999961853027,14.45349998474121,-0.1443641149689699
2016-05-16,56.904296875,58.425323486328125,14.680000305175781,14.519999980926514,-0.12826293559916388
2016-05-17,55.97982406616211,58.39925003051758,15.569999694824219,14.636499977111816,-0.3941851671302989
2016-05-18,55.41095733642578,58.28182601928711,15.949999809265137,14.769999980926514,-0.546837012001454
2016-05-19,55.64799499511719,58.77756881713867,16.329999923706055,14.88899998664856,-0.5316271752220719
2016-05-20,55.324058532714844,58.536231994628906,15.199999809265137,14.987999963760377,-0.599655295646946
2016-05-23,55.37146759033203,58.44490432739258,15.819999694824219,15.074999952316285,-0.5759809941065747
2016-05-24,55.995662689208984,58.490570068359375,14.420000076293945,15.097999954223633,-0.3994723913296176
2016-05-25,55.83762741088867,58.87541961669922,13.899999618530273,15.104499912261963,-0.4870995263812414
2016-05-26,55.69541549682617,58.57537078857422,13.430000305175781,15.014999914169312,-0.49594035702308237
2016-05-27,55.774410247802734,58.71235275268555,13.119999885559082,14.885999917984009,-0.48781392623708136
2016-05-31,55.632205963134766,58.06657791137695,14.1899995803833,14.861499881744384,-0.45920439439590505
2016-06-01,56.25638198852539,58.210079193115234,14.199999809265137,14.791499853134155,-0.293298628222925
2016-06-02,56.43019485473633,57.7469596862793,13.630000114440918,14.670499897003173,-0.19260691211285152
2016-06-03,56.57243728637695,57.642601013183594,13.470000267028809,14.548499917984008,-0.13995283883111426
2016-06-06,56.76205825805664,58.27531433105469,13.649999618530273,14.494999885559082,-0.15336343684692014
2016-06-07,56.56454086303711,59.1689453125,14.050000190734863,14.468999910354615,-0.30757800153181786
2016-06-08,56.888484954833984,59.22114562988281,14.079999923706055,14.491499900817871,-0.21906088779177185
2016-06-09,57.15713119506836,59.142860412597656,14.640000343322754,14.488999938964843,-0.13248513629122696
2016-06-10,56.98331069946289,58.692787170410156,17.030000686645508,14.619999980926513,-0.13426440141666268
2016-06-13,56.62773895263672,59.09065246582031,20.969999313354492,14.916499948501587,-0.2807256888422984
2016-06-14,56.95961380004883,58.98629379272461,20.5,15.207499933242797,-0.1729450220310801
2016-06-15,56.66724395751953,58.81018829345703,20.139999389648438,15.43599991798401,-0.23886233876718685
2016-06-16,56.888484954833984,59.5015869140625,19.3700008392334,15.606999969482422,-0.2494375599577982
2016-06-17,56.446014404296875,59.17546081542969,19.40999984741211,15.760999965667725,-0.34273966688758467
2016-06-20,56.604026794433594,59.43639373779297,18.3700008392334,15.919500017166138,-0.3250686669266302
2016-06-21,56.730464935302734,59.70382308959961,18.479999542236328,16.052500009536743,-0.31728005257718217
2016-06-22,57.086002349853516,59.46900177001953,21.170000076293945,16.39000000953674,-0.18848924599344338
2016-06-23,57.41786575317383,59.87995147705078,17.25,16.557500028610228,-0.13652877253318801
2016-06-24,55.76652526855469,58.30793380737305,25.760000228881836,17.174000024795532,-0.44630049772484515
2016-06-27,55.30034255981445,57.96223068237305,23.850000381469727,17.710500049591065,-0.5443752526522899
2016-06-28,56.201072692871094,59.29939651489258,18.75,17.938500070571898,-0.42736919734717693
2016-06-29,56.777862548828125,60.31046676635742,16.639999389648438,18.060500049591063,-0.36921152262921725
2016-06-30,57.836639404296875,61.1453857421875,15.630000114440918,18.160500049591064,-0.15185883364971786
2016-07-01,57.639095306396484,61.21060562133789,14.770000457763672,18.225500059127807,-0.21634982002566602
2016-07-05,57.89982223510742,60.675724029541016,15.579999923706055,18.322000074386597,-0.08261889675478881
2016-07-06,57.89982223510742,61.373661041259766,14.960000038146973,18.367500066757202,-0.1582176227395596
2016-07-07,57.99465560913086,60.63661193847656,14.760000228881836,18.401500082015993,-0.05081408954360507
2016-07-08,58.66625213623047,61.01492691040039,13.199999809265137,18.32950005531311,0.10344251948503694
2016-07-11,58.85587692260742,61.243221282958984,13.539999961853027,18.155000019073487,0.13383864111258448
2016-07-12,58.429203033447266,61.93465042114258,13.550000190734863,17.784000062942503,-0.0650902815753067
2016-07-13,58.840091705322266,61.88898849487305,13.039999961853027,17.411000061035157,0.059302012318327095
2016-07-14,59.029693603515625,61.93465042114258,12.819999694824219,17.045000076293945,0.109473752953133
2016-07-15,59.03762435913086,62.04551696777344,12.670000076293945,16.710000038146973,0.09977046580547952
2016-07-18,58.86377716064453,61.84987258911133,12.4399995803833,16.361500024795532,0.07042436382700501
2016-07-19,58.91117858886719,61.621543884277344,11.970000267028809,16.0414999961853,0.10893604436346539
2016-07-20,58.87147903442383,61.269309997558594,11.770000457763672,15.70600004196167,0.1355483501973562
2016-07-21,58.67290115356445,61.21711730957031,12.739999771118164,15.284500026702881,0.08347466525114633
2016-07-22,59.26066207885742,61.321475982666016,12.020000457763672,15.023000049591065,0.2430343011557618
2016-07-25,58.958831787109375,60.14083480834961,12.869999885559082,14.378500032424927,0.28317550695159033
2016-07-26,58.76025390625,59.70382308959961,13.050000190734863,13.838500022888184,0.27278442082420384
2016-07-27,58.204280853271484,59.29939651489258,12.829999923706055,13.542500019073486,0.15496817131454532
2016-07-28,58.180450439453125,58.836273193359375,12.720000267028809,13.346500062942505,0.1982049298324409
2016-07-29,59.1176872253418,58.020912170410156,11.869999885559082,13.158500051498413,0.5589796790423674
2016-08-01,59.65780258178711,56.00535202026367,12.4399995803833,13.042000007629394,0.9343127407638431
2016-08-02,59.4671630859375,56.775047302246094,13.369999885559082,12.931500005722047,0.7955219910551551
2016-08-03,58.83970642089844,57.06857681274414,12.859999656677246,12.82649998664856,0.5813244938129257
2016-08-04,59.39570236206055,57.06205749511719,12.420000076293945,12.709499979019165,0.7436599896378459
2016-08-05,59.236820220947266,57.11425018310547,11.390000343322754,12.619000005722047,0.691819197440694
2016-08-08,59.1176872253418,57.78609848022461,11.5,12.517000007629395,0.5844140886291201
2016-08-09,59.39570236206055,57.85786437988281,11.65999984741211,12.422499990463256,0.6574602529738826
2016-08-10,59.4433479309082,56.844764709472656,12.050000190734863,12.373000001907348,0.7810472603049452
2016-08-11,59.48305892944336,57.0486946105957,11.680000305175781,12.316000032424927,0.7705021841712587
2016-08-12,59.546592712402344,57.792057037353516,11.550000190734863,12.260000038146973,0.7084525166682742
2016-08-15,59.340084075927734,57.765743255615234,11.8100004196167,12.228500080108642,0.6512702062638165
2016-08-16,59.03031921386719,57.83810806274414,12.640000343322754,12.26200008392334,0.5533824572308698
2016-08-17,59.236820220947266,57.96310043334961,12.1899995803833,12.283000040054322,0.599873941073963
2016-08-18,59.244781494140625,58.489376068115234,11.430000305175781,12.217500066757202,0.5451834910054989
2016-08-19,59.16533279418945,57.759185791015625,11.34000015258789,12.183500051498413,0.6011798812806851
2016-08-22,59.173274993896484,57.88417053222656,12.270000457763672,12.153500080108643,0.5899506747570458
2016-08-23,59.205074310302734,57.7065544128418,12.380000114440918,12.120000076293945,0.6184337286844035
2016-08-24,59.062095642089844,57.90388870239258,13.449999809265137,12.1510000705719,0.5554947521773728
2016-08-25,59.27656936645508,57.535499572753906,13.630000114440918,12.196500062942505,0.657745727662708
2016-08-26,59.14946365356445,57.4105110168457,13.649999618530273,12.285500049591064,0.6343342311591935
2016-08-29,59.41950988769531,57.78548812866211,12.9399995803833,12.310500049591065,0.6722207649228157
2016-08-30,59.173274993896484,57.574974060058594,13.119999885559082,12.298000049591064,0.6234420342671563
2016-08-31,59.04621505737305,57.32498550415039,13.420000076293945,12.326000070571899,0.6135835206912055
2016-09-01,58.990604400634766,57.12764358520508,13.479999542236328,12.379000043869018,0.6187929352990856
2016-09-02,59.48305892944336,57.50918960571289,11.979999542236328,12.408500003814698,0.720622561270201
2016-09-06,59.784889221191406,58.265716552734375,12.020000457763672,12.434500026702882,0.726420308011871
2016-09-07,58.585548400878906,58.04862594604492,11.9399995803833,12.44850001335144,0.4012837749959822
2016-09-08,57.97393035888672,58.58148956298828,12.510000228881836,12.471500015258789,0.16576655373515878
2016-09-09,56.282135009765625,57.12764358520508,17.5,12.7625,-0.16856554763775608
2016-09-12,57.80715560913086,57.42369079589844,15.15999984741211,12.942999982833863,0.2426944959896112
2016-09-13,57.060508728027344,56.05534744262695,17.850000381469727,13.244999980926513,0.173857876026932
2016-09-14,57.0684700012207,55.65406036376953,18.139999389648438,13.519999933242797,0.21963861210203148
2016-09-15,57.26704406738281,55.96982192993164,16.299999237060547,13.72549991607666,0.24316209117585175
2016-09-16,57.15583419799805,55.27907180786133,15.369999885559082,13.922499895095825,0.2856533788359095
2016-09-19,57.33854675292969,55.147525787353516,15.529999732971191,14.13199987411499,0.35301707597229465
2016-09-20,57.568870544433594,54.298892974853516,15.920000076293945,14.314499855041504,0.5118944531196459
2016-09-21,57.98189163208008,54.798858642578125,13.300000190734863,14.360499858856201,0.5778056802462813
2016-09-22,58.4028434753418,54.95674514770508,12.020000457763672,14.288999891281128,0.6830755240690223
2016-09-23,58.180450439453125,54.89752197265625,12.289999961853027,14.221999883651733,0.62484024112341
2016-09-26,58.06926345825195,54.64094924926758,14.5,14.26449990272522,0.6203092132842895
2016-09-27,58.34725570678711,54.759376525878906,13.100000381469727,14.272499942779541,0.6882944847129767
2016-09-28,58.45844268798828,57.167110443115234,12.390000343322754,14.235999965667725,0.4598173142301913
2016-09-29,58.21223831176758,56.87765121459961,14.020000457763672,14.26599998474121,0.4195985899684247
2016-09-30,58.88734817504883,57.41709518432617,13.289999961853027,14.256500005722046,0.5574234592498555
2016-10-03,58.47434997558594,57.265785217285156,13.569999694824219,14.336000013351441,0.45375340502507167
2016-10-04,57.82303237915039,56.7395133972168,13.630000114440918,14.416499996185303,0.3214182311385714
2016-10-05,57.95806121826172,57.23289108276367,12.989999771118164,14.469000005722046,0.30723004468292686
2016-10-06,58.204280853271484,57.25919723510742,12.84000015258789,14.485500001907349,0.37595726304787963
2016-10-07,58.02161407470703,57.06184005737305,13.479999542236328,14.284499979019165,0.3442328141502646
2016-10-10,57.67210006713867,58.18019485473633,13.380000114440918,14.195499992370605,0.12149097270646264
2016-10-11,57.34645462036133,57.71969985961914,15.359999656677246,14.070999956130981,0.07670469101421738
2016-10-12,57.529151916503906,57.31840133666992,15.90999984741211,13.959499979019165,0.17328284344958278
2016-10-13,57.31468963623047,56.94343185424805,16.690000534057617,13.979000043869018,0.15155387065507384
2016-10-14,57.433834075927734,56.93029022216797,16.1200008392334,14.016500091552734,0.18761290965736233
2016-10-17,57.25115203857422,56.93029022216797,16.209999084472656,14.050500059127808,0.13450680763701833
2016-10-18,57.132015228271484,57.08158874511719,15.279999732971191,14.01850004196167,0.08348519061167783
2016-10-19,56.94932556152344,57.34473419189453,14.40999984741211,14.074000024795533,0.0018736387674708197
2016-10-20,56.63785934448242,57.37104034423828,13.75,14.160500001907348,-0.09151974423244451
2016-10-21,56.63785934448242,56.9829216003418,13.34000015258789,14.213000011444091,-0.049479729049516155
2016-10-24,56.72572326660156,57.17368698120117,13.020000457763672,14.139000034332275,-0.044600689289210495
2016-10-25,56.94932556152344,57.0486946105957,13.460000038146973,14.157000017166137,0.033939878000352273
2016-10-26,56.90939712524414,57.2921142578125,14.239999771118164,14.249499988555907,-0.004033997752625937
2016-10-27,56.358360290527344,57.18024826049805,15.359999656677246,14.316499948501587,-0.1521046794506709
2016-10-28,56.837528228759766,55.7724609375,16.190000534057617,14.461499977111817,0.13967844759694606
2016-10-31,56.9892692565918,54.8120002746582,17.059999465942383,14.635999965667725,0.28782453131661273
2016-11-01,56.693782806396484,55.02909851074219,18.559999465942383,14.882499933242798,0.1784104010699472
2016-11-02,56.84552001953125,54.89752197265625,19.31999969482422,15.198999929428101,0.2367727983827544
2016-11-03,56.358360290527344,55.03567123413086,22.079999923706055,15.66099991798401,0.0801903389354604
2016-11-04,55.55974578857422,54.976470947265625,22.510000228881836,16.112499952316284,-0.14555637156855822
2016-11-07,56.33441162109375,56.21321487426758,18.709999084472656,16.37899990081787,-0.05432006754368046
2016-11-08,57.172950744628906,56.61807632446289,18.739999771118164,16.547999906539918,0.14559170501951074
2016-11-09,56.19863510131836,57.2419319152832,14.380000114440918,16.471499919891357,-0.2052185846256609
2016-11-10,53.66701126098633,57.77286148071289,14.739999771118164,16.373999881744385,-0.9986765588997012
2016-11-11,53.84272003173828,56.856971740722656,14.170000076293945,16.276499843597414,-0.8483908021071505
2016-11-14,53.1718864440918,56.59815979003906,14.479999542236328,16.189999866485596,-1.0153698799793975
2016-11-15,53.17986297607422,57.620216369628906,13.369999885559082,16.09449987411499,-1.1237575996890456
2016-11-16,53.299652099609375,56.91008377075195,13.720000267028809,16.059999895095824,-1.012014896710549
2016-11-17,52.70069122314453,56.564979553222656,13.350000381469727,16.03999991416931,-1.1487534523681533
2016-11-18,52.59688186645508,56.59815979003906,12.850000381469727,16.015499925613405,-1.182525075993818
2016-11-21,52.884376525878906,57.40121078491211,12.420000076293945,15.985499906539918,-1.1859340957422762
2016-11-22,52.97222137451172,57.527305603027344,12.40999984741211,15.932999897003175,-1.1740556531513664
2016-11-23,52.70069122314453,57.686580657958984,12.430000305175781,15.842499923706054,-1.2702423735135857
2016-11-25,53.13194274902344,57.81930923461914,12.34000015258789,15.691499948501587,-1.1592533459708914
2016-11-28,53.05208206176758,57.387935638427734,13.149999618530273,15.53949990272522,-1.1357437688394865
2016-11-29,53.13194274902344,57.009639739990234,12.899999618530273,15.331499910354614,-1.0715520473795728
2016-11-30,52.093746185302734,57.93878936767578,13.329999923706055,15.069999933242798,-1.474001330112153
2016-12-01,51.97395324707031,57.89894485473633,14.069999694824219,14.807499933242799,-1.5045095674472773
2016-12-02,51.68646240234375,57.7662353515625,14.119999885559082,14.40949993133545,-1.573709089623028
2016-12-05,51.61458206176758,58.05824661254883,12.140000343322754,13.890999937057495,-1.6262347773317678
2016-12-06,51.93401336669922,58.11134338378906,11.789999961853027,13.544999980926514,-1.5391266430042085
2016-12-07,52.65278625488281,58.44978713989258,12.220000267028809,13.219000005722046,-1.3668370071594222
2016-12-08,52.46910095214844,58.615726470947266,12.640000343322754,13.132000017166138,-1.4382088785406404
2016-12-09,52.94027328491211,59.0670051574707,11.75,12.982500028610229,-1.3501192989211346
2016-12-12,53.30763244628906,60.38112258911133,12.640000343322754,12.90600004196167,-1.3856689085502407
2016-12-13,53.4194450378418,61.4429817199707,12.720000267028809,12.818000078201294,-1.4681825482607818
2016-12-14,52.63681411743164,60.11564254760742,13.1899995803833,12.809000062942506,-1.551921280362107
2016-12-15,52.892372131347656,60.32136535644531,12.789999961853027,12.762500047683716,-1.4999133197268464
2016-12-16,52.892372131347656,60.51383590698242,12.199999809265137,12.705000019073486,-1.520761230305998
2016-12-19,52.756591796875,60.00945281982422,11.710000038146973,12.648000001907349,-1.50559942879238
2016-12-20,53.02015686035156,60.016090393066406,11.449999809265137,12.599499988555909,-1.4296994037380673
2016-12-21,52.74861145019531,59.916526794433594,11.270000457763672,12.542500019073486,-1.497853828590565
2016-12-22,53.00416564941406,60.308082580566406,11.430000305175781,12.492500019073486,-1.4659759227667097
2016-12-23,52.92429733276367,60.2019157409668,11.4399995803833,12.447499990463257,-1.4776941154911238
2016-12-27,52.71666717529297,60.22846603393555,11.989999771118164,12.389499998092651,-1.5409285541037472
2016-12-28,52.397220611572266,59.92980194091797,12.949999809265137,12.392000007629395,-1.6014419091420757
2016-12-29,52.62084197998047,59.96299743652344,13.369999885559082,12.394000005722045,-1.54003029632018
2016-12-30,52.2614631652832,59.90326690673828,14.039999961853027,12.392500019073486,-1.6380327150770988
2017-01-03,52.34131622314453,60.32136535644531,12.850000381469727,12.32900004386902,-1.6601065806730095
2017-01-04,52.91632080078125,59.65769577026367,11.850000381469727,12.314500045776366,-1.4210644172851072
2017-01-05,53.38750076293945,58.76837158203125,11.670000076293945,12.308500051498413,-1.1877619952112568
2017-01-06,53.79481506347656,58.735191345214844,11.319999694824219,12.263500022888184,-1.065760763764535
2017-01-09,53.044097900390625,57.7662353515625,11.5600004196167,12.20950002670288,-1.1790412267603174
2017-01-10,52.22153091430664,57.02955627441406,11.489999771118164,12.196500015258788,-1.3383682367468284
2017-01-11,52.15763473510742,57.61357498168945,11.260000228881836,12.127500009536742,-1.4202023986175205
2017-01-12,52.588897705078125,57.30166244506836,11.539999961853027,12.068499994277953,-1.2610476726892534
2017-01-13,52.612857818603516,57.308284759521484,11.229999542236328,11.970499992370605,-1.254799722713204
2017-01-17,53.58715057373047,57.97860336303711,11.869999885559082,11.924499988555908,-1.0441776771064706
2017-01-18,54.19410705566406,57.2618293762207,12.479999542236328,11.938499975204468,-0.7900948884001052
2017-01-19,53.848724365234375,56.23314666748047,12.779999732971191,11.991999959945678,-0.7790742149759595
2017-01-20,54.57966613769531,57.00299835205078,11.539999961853027,11.996499967575073,-0.6499760428993655
2017-01-23,54.25836181640625,56.392425537109375,11.770000457763672,12.021499967575073,-0.6772443091084284
2017-01-24,54.82866287231445,56.4720458984375,11.069999694824219,12.003499937057494,-0.520080708955296
2017-01-25,54.96520233154297,56.63798522949219,10.8100004196167,11.971999979019165,-0.4983624816896886
2017-01-26,54.812583923339844,56.8105354309082,10.630000114440918,11.903999996185302,-0.5614192053877293
2017-01-27,51.95308303833008,56.75080871582031,10.579999923706055,11.785500001907348,-1.3862134594922555
2017-01-30,51.83260726928711,56.31941604614258,11.880000114440918,11.711000013351441,-1.3745087170825911
2017-01-31,51.87276077270508,55.67564392089844,11.989999771118164,11.608500003814697,-1.2931042722601716
2017-02-01,51.98522186279297,55.045166015625,11.8100004196167,11.556500005722047,-1.1921198357142433
2017-02-02,52.75632095336914,55.383636474609375,11.930000305175781,11.560500001907348,-1.004621740976947
2017-02-03,52.9892692565918,55.44337463378906,10.970000267028809,11.525500011444091,-0.943373798499524
2017-02-06,52.60371017456055,55.29069900512695,11.369999885559082,11.528000020980835,-1.0389193112123216
2017-02-07,53.46315383911133,54.932342529296875,11.289999961853027,11.514499998092651,-0.7502607537194393
2017-02-08,53.48725128173828,54.570682525634766,11.449999809265137,11.5125,-0.7040814968302862
2017-02-09,53.49528884887695,54.811790466308594,10.880000114440918,11.493499994277954,-0.7278611434448722
2017-02-10,54.394920349121094,55.26720428466797,10.850000381469727,11.45900001525879,-0.5156653732518848
2017-02-13,54.38687515258789,55.58869552612305,11.069999694824219,11.451000022888184,-0.552827228001415
2017-02-14,54.41096878051758,55.4681282043457,10.739999771118164,11.394500017166138,-0.5327636137276425
2017-02-15,55.10979461669922,55.695838928222656,11.970000267028809,11.369000053405761,-0.3542783185602171
2017-02-16,55.42304229736328,55.11985778808594,11.760000228881836,11.318000078201294,-0.20082769156674088
2017-02-17,57.81669998168945,54.7581901550293,11.489999771118164,11.315500068664551,0.5341891802832062
2017-02-21,58.78056716918945,54.84526824951172,11.569999694824219,11.305500030517578,0.8049555870739241
2017-02-22,59.029571533203125,54.202308654785156,11.739999771118164,11.339000034332276,0.94698546177148
2017-02-23,59.79266357421875,54.77158737182617,11.710000038146973,11.384000015258788,1.1071553366170028
2017-02-24,58.91712951660156,54.302791595458984,11.470000267028809,11.426000022888184,0.903414249178475
2017-02-27,58.3548583984375,54.61085510253906,12.09000015258789,11.501500034332276,0.7065920603953855
2017-02-28,58.61994171142578,54.46352005004883,12.920000076293945,11.553500032424926,0.7996113594529108
2017-03-01,59.00547790527344,55.602081298828125,12.539999961853027,11.58100004196167,0.7883616464874912
2017-03-02,59.230384826660156,55.789615631103516,11.8100004196167,11.58100004196167,0.8334293903290133
2017-03-03,59.109886169433594,55.22703170776367,10.960000038146973,11.53250002861023,0.8593377752488626
2017-03-06,59.270538330078125,55.474830627441406,11.239999771118164,11.546000003814697,0.8791988038529042
2017-03-07,59.21432113647461,55.26720428466797,11.449999809265137,11.55,0.8853458788551988
2017-03-08,58.76451110839844,54.269283294677734,11.859999656677246,11.57849998474121,0.8626772477231051
2017-03-09,58.933162689208984,54.69792938232422,12.300000190734863,11.621000003814697,0.8652748308216378
2017-03-10,59.64806365966797,54.657745361328125,11.65999984741211,11.659999990463257,1.0774508692786182
2017-03-13,59.3588981628418,54.530517578125,11.350000381469727,11.684999990463258,1.0071707560788676
2017-03-14,59.1580924987793,54.24251174926758,12.300000190734863,11.746500015258789,0.9799921167571034
2017-03-15,59.39102554321289,54.9189567565918,11.630000114440918,11.791000032424927,0.9744355380121836
2017-03-16,59.3588981628418,54.96581268310547,11.210000038146973,11.753000020980835,0.9600207198844959
2017-03-17,59.407100677490234,54.9189567565918,11.279999732971191,11.728999996185303,0.9791086177155337
2017-03-20,59.278560638427734,54.9189567565918,11.34000015258789,11.721500015258789,0.9417417231535777
2017-03-21,59.1982536315918,54.805091857910156,12.470000267028809,11.76650004386902,0.9307298359341405
2017-03-22,59.18218231201172,54.7581901550293,12.8100004196167,11.820000076293946,0.9311381359199534
2017-03-23,59.37497329711914,54.82518768310547,13.119999885559082,11.89050006866455,0.9799259346703912
2017-03-24,59.17415237426758,54.40325164794922,12.960000038146973,11.96500005722046,0.9672498319840308
2017-03-27,58.98138427734375,54.416629791259766,12.5,11.985500049591064,0.9097626027306405
2017-03-28,59.25446319580078,54.811790466308594,11.529999732971191,11.916000032424927,0.9463445138350876
2017-03-29,59.085792541503906,54.932342529296875,11.420000076293945,11.860000038146973,0.8842536675039698
2017-03-30,58.82075119018555,56.05751419067383,11.539999961853027,11.846500015258789,0.6853298427841764
2017-03-31,58.78860855102539,54.92564392089844,12.369999885559082,11.917000007629394,0.7985871517148849
2017-04-03,58.933162689208984,54.96581268310547,12.380000114440918,11.974000024795533,0.8362584068297553
2017-04-04,59.133995056152344,55.16673278808594,11.789999961853027,11.991000032424926,0.8728777083680237
2017-04-05,59.00547790527344,55.27392578125,12.890000343322754,12.042500066757203,0.8239066005983029
2017-04-06,58.74040603637695,55.59538269042969,12.390000343322754,12.047000074386597,0.7120302006895787
2017-04-07,58.9974365234375,55.427940368652344,12.869999885559082,12.107500076293945,0.8048864913606646
2017-04-10,59.22234344482422,55.67575454711914,14.050000190734863,12.242500066757202,0.8434248786870379
2017-04-11,59.1982536315918,55.48151397705078,15.069999694824219,12.38100004196167,0.8574615472829636
2017-04-12,59.43922805786133,55.56859588623047,15.770000457763672,12.588000059127808,0.9180808987435755
2017-04-13,59.16611862182617,54.71133041381836,15.960000038146973,12.825500059127808,0.9315441086096748
2017-04-17,59.495445251464844,54.637657165527344,14.65999984741211,12.994500064849854,1.0352602368765145
2017-04-18,59.73643493652344,54.282684326171875,14.420000076293945,13.148500061035156,1.1437662473464936
2017-04-19,59.26802062988281,53.90761947631836,14.930000305175781,13.271500062942504,1.0482231474540602
2017-04-20,59.09840774536133,54.25590133666992,14.149999618530273,13.338500022888184,0.9611912918606853
2017-04-21,58.96923065185547,54.04159164428711,14.630000114440918,13.414000034332275,0.9468526738114083
2017-04-24,59.486053466796875,54.3228645324707,10.84000015258789,13.30800004005432,1.0666275439093185
2017-04-25,59.938316345214844,54.73811340332031,10.760000228881836,13.221000051498413,1.1531227563893196
2017-04-26,59.35686111450195,54.51712417602539,10.850000381469727,13.18700008392334,1.0080293198496633
2017-04-27,59.195343017578125,54.42333221435547,10.359999656677246,13.134000062942505,0.9712349274649512
2017-04-28,58.17778015136719,54.68452453613281,10.819999694824219,13.098000049591064,0.6471353116390406
2017-05-01,57.98397445678711,54.95912170410156,10.109999656677246,12.985000038146973,0.5610518833874799
2017-05-02,57.14409255981445,54.952423095703125,10.59000015258789,12.895500040054321,0.3176217975943391
2017-05-03,57.40251922607422,55.38774871826172,10.680000305175781,12.84000005722046,0.34559370130713474
2017-05-04,58.1051139831543,54.677825927734375,10.460000038146973,12.71850004196167,0.6267366598794691
2017-05-05,57.99205780029297,54.932342529296875,10.569999694824219,12.627500009536742,0.5663023812615144
2017-05-08,58.01625442504883,55.5150032043457,9.770000457763672,12.472500038146972,0.5102241051955447
2017-05-09,57.74169921875,55.12657165527344,9.960000038146973,12.268000030517578,0.4724841522462679
2017-05-10,57.98397445678711,55.376705169677734,10.210000038146973,12.025000047683715,0.5158203260122347
2017-05-11,57.838600158691406,55.849952697753906,10.600000381469727,11.76650004386902,0.4222987281991749
2017-05-12,57.53981399536133,55.80939865112305,10.399999618530273,11.488500022888184,0.3398335901734659
2017-05-15,57.862823486328125,55.9784049987793,10.420000076293945,11.276500034332276,0.4154268871418437
2017-05-16,57.806312561035156,55.80939865112305,10.649999618530273,11.088000011444091,0.41730535599115376
2017-05-17,61.12544250488281,55.43077850341797,15.59000015258789,11.121000003814697,1.4231954635281392
2017-05-18,59.7041130065918,55.2685432434082,14.65999984741211,11.14650001525879,1.027584505927776
2017-05-19,60.422855377197266,55.39022445678711,12.039999961853027,11.017000007629395,1.2233444263760862
2017-05-22,59.98674392700195,55.63361740112305,10.930000305175781,11.02150001525879,1.0702021001643967
2017-05-23,59.63142013549805,55.82967758178711,10.720000267028809,11.019500017166138,0.9456719002910587
2017-05-24,60.24518585205078,55.63361740112305,10.020000457763672,10.978000020980835,1.1453317814226456
2017-05-25,60.86702346801758,55.2685432434082,9.989999771118164,10.95950002670288,1.3656453382880647
2017-05-26,60.93162155151367,55.13331985473633,9.8100004196167,10.909000062942505,1.399071201103076
2017-05-30,61.448455810546875,54.8290901184082,10.380000114440918,10.922500085830688,1.5822695229518482
2017-05-31,61.66653823852539,54.423439025878906,10.40999984741211,10.9135000705719,1.6896056762727898
2017-06-01,61.93299865722656,54.55864715576172,9.890000343322754,10.874000072479248,1.7524209589068898
2017-06-02,62.27219772338867,53.747398376464844,9.75,10.8385000705719,1.9388992954455242
2017-06-05,62.36909866333008,54.16654968261719,10.069999694824219,10.8135000705719,1.9216672469708893
2017-06-06,62.18334197998047,54.90346908569336,10.449999809265137,10.847500038146972,1.7878461406004926
2017-06-07,62.312591552734375,54.70064163208008,10.390000343322754,10.869000053405761,1.8473890417357874
2017-06-08,61.20619583129883,54.50457763671875,10.15999984741211,10.866500043869019,1.5469943216773414
2017-06-09,61.19005584716797,55.52545166015625,10.699999809265137,10.871500015258789,1.4317239648848403
2017-06-12,61.012386322021484,56.0662956237793,11.460000038146973,10.924500036239625,1.3214921973982638
2017-06-13,61.12544250488281,56.086578369140625,10.420000076293945,10.924500036239625,1.352160923853096
2017-06-14,61.27887725830078,55.4848747253418,10.640000343322754,10.924000072479249,1.4619397482826426
2017-06-15,61.65843963623047,55.61333084106445,10.899999618530273,10.689500045776366,1.558365399667225
2017-06-16,61.62614822387695,56.44489669799805,10.380000114440918,10.475500059127807,1.4589051536872821
2017-06-19,62.102603912353516,55.95136260986328,10.369999885559082,10.39200005531311,1.6508702853488957
2017-06-20,61.65843963623047,55.64712905883789,10.859999656677246,10.388500022888184,1.5547044644233186
2017-06-21,61.11737823486328,55.05895233154297,10.75,10.390000009536744,1.4611264071458685
2017-06-22,60.996238708496094,54.815582275390625,10.479999542236328,10.412999963760376,1.4522720721410523
2017-06-23,61.31117630004883,55.17389678955078,10.020000457763672,10.414499998092651,1.5050134794368168
2017-06-26,61.286949157714844,54.92374801635742,9.899999618530273,10.41899995803833,1.5250660576193098
2017-06-27,60.86702346801758,54.83584976196289,11.0600004196167,10.45299997329712,1.4125135733722398
2017-06-28,60.640892028808594,55.11979675292969,10.029999732971191,10.433999967575073,1.3160202258378972
2017-06-29,59.85755920410156,54.55864715576172,11.4399995803833,10.511499929428101,1.1490857819435698
2017-06-30,59.86561965942383,54.578941345214844,11.180000305175781,10.58299994468689,1.1492307615057824
2017-07-03,59.71218490600586,55.505165100097656,11.220000267028809,10.64049997329712,1.0043007607631056
2017-07-05,59.56681442260742,54.66006851196289,11.069999694824219,10.671499967575073,1.0535798854980303
2017-07-06,59.31647872924805,54.16654968261719,12.539999961853027,10.778999948501587,1.0342633839682835
2017-07-07,59.22763442993164,54.2341423034668,11.1899995803833,10.830499935150147,1.0011146779146936
2017-07-10,59.01768112182617,54.19358825683594,11.109999656677246,10.850999927520752,0.9444734618282138
2017-07-11,58.468528747558594,54.49105453491211,10.890000343322754,10.82249994277954,0.7526127873913092
2017-07-12,58.37160873413086,54.73445510864258,10.300000190734863,10.816499948501587,0.698073390830572
2017-07-13,58.33122253417969,54.74120330810547,9.899999618530273,10.779499912261963,0.6856020791569991
2017-07-14,58.86719512939453,54.95079040527344,9.510000228881836,10.709999942779541,0.818708654710224
2017-07-17,58.94841003417969,54.666839599609375,9.819999694824219,10.681999921798706,0.873074834794701
2017-07-18,58.89156723022461,54.49105453491211,9.890000343322754,10.657999944686889,0.8755910787682452
2017-07-19,58.86719512939453,54.66006851196289,9.789999961853027,10.604499959945679,0.8501988957794497
2017-07-20,58.5423583984375,54.666839599609375,9.579999923706055,10.54599995613098,0.7550346601522259
2017-07-21,59.5006103515625,54.16654968261719,9.359999656677246,10.489999961853027,1.0877908837786783
2017-07-24,58.347476959228516,53.997528076171875,9.430000305175781,10.460499954223632,0.7708802504225273
2017-07-25,58.509883880615234,54.26795959472656,9.430000305175781,10.436999988555907,0.7887998877613739
2017-07-26,59.281341552734375,54.335567474365234,9.600000381469727,10.36399998664856,1.0057413547194776
2017-07-27,59.240753173828125,54.646541595458984,10.109999656677246,10.367999982833862,0.9602583067692547
2017-07-28,58.90781784057617,53.81499481201172,10.289999961853027,10.310500001907348,0.9535442046138651
2017-07-31,58.631690979003906,54.11244583129883,10.260000228881836,10.264499998092651,0.8410543477838659
2017-08-01,58.22565841674805,54.20033645629883,10.09000015258789,10.207999992370606,0.7134996334225622
2017-08-02,58.160675048828125,54.49105453491211,10.279999732971191,10.168499994277955,0.6631189862001003
2017-08-03,58.14445877075195,54.41667175292969,10.4399995803833,10.063499975204468,0.6664618255826538
2017-08-04,58.0470085144043,54.227378845214844,10.029999732971191,10.005499982833863,0.6586365212302574
2017-08-07,58.25812911987305,54.19358825683594,9.930000305175781,9.946500015258788,0.7236698913741485
2017-08-08,58.22565841674805,54.05836868286133,10.960000038146973,9.95,0.7288772142394029
2017-08-09,58.120086669921875,54.227378845214844,11.109999656677246,9.99049997329712,0.6798805145565688
2017-08-10,58.10383605957031,53.90655517578125,16.040000915527344,10.297500038146973,0.7099072108875015
2017-08-11,57.868343353271484,53.38776397705078,15.510000228881836,10.597500038146972,0.6976430384103175
2017-08-14,58.02262878417969,53.40142059326172,12.329999923706055,10.723000049591064,0.7410149302824011
2017-08-15,58.3068733215332,53.2717170715332,12.039999961853027,10.830500030517578,0.8376946411006219
2017-08-16,58.41242599487305,52.88261795043945,11.739999771118164,10.928000020980836,0.9105252609625081
2017-08-17,57.90084457397461,52.05666732788086,15.550000190734863,11.226500034332275,0.8512721553239975
2017-08-18,57.67344284057617,52.3160514831543,14.260000228881836,11.471500062942505,0.7570701128751051
2017-08-21,58.15258026123047,52.13856887817383,13.1899995803833,11.659500026702881,0.9155809539367026
2017-08-22,58.176937103271484,52.384315490722656,11.350000381469727,11.755500030517577,0.896042910384548
2017-08-23,57.835853576660156,52.295589447021484,12.25,11.888000011444092,0.8064996941396251
2017-08-24,57.47854232788086,52.104434967041016,12.229999542236328,11.994000005722047,0.7233338229484404
2017-08-25,57.77901077270508,52.370670318603516,11.279999732971191,12.043499994277955,0.7818427908846135
2017-08-28,57.57600402832031,52.200008392333984,11.319999694824219,12.096499967575074,0.7413139052623213
2017-08-29,57.90084457397461,52.18635940551758,11.699999809265137,12.176999950408936,0.837224246021254
2017-08-30,57.616607666015625,51.94743728637695,11.220000267028809,12.223999977111816,0.7804753259331348
2017-08-31,58.176937103271484,52.104434967041016,10.59000015258789,12.231500005722046,0.9263588424285836
2017-09-01,57.90084457397461,52.268272399902344,10.130000114440918,12.236500024795532,0.8283516430311417
2017-09-05,57.74653625488281,52.6846809387207,12.229999542236328,12.351499986648559,0.7383895559225226
2017-09-06,58.05510711669922,53.77686309814453,11.630000114440918,12.384999990463257,0.7097895007952321
2017-09-07,58.11198425292969,53.947505950927734,11.550000190734863,12.407000017166137,0.7078402283463128
2017-09-08,58.32311248779297,53.804176330566406,12.119999885559082,12.210999965667725,0.7847408000673025
2017-09-11,58.48550033569336,54.097686767578125,10.729999542236328,11.97199993133545,0.8001550441401863
2017-09-12,58.42869186401367,54.268341064453125,10.579999923706055,11.88449993133545,0.765155855941452
2017-09-13,58.185054779052734,54.452659606933594,10.5,11.807499933242799,0.6743650706288201
2017-09-14,58.58298110961914,54.67107391357422,10.4399995803833,11.742499923706054,0.7663851288468557
2017-09-15,58.6966552734375,54.657447814941406,10.170000076293945,11.47349991798401,0.8009064218222961
2017-09-18,58.785987854003906,54.67107391357422,10.149999618530273,11.26799988746643,0.8253996714603294
2017-09-19,59.1270637512207,54.75983810424805,10.180000305175781,11.117499923706054,0.9149365378410587
2017-09-20,58.915924072265625,54.98512268066406,9.779999732971191,11.038999891281128,0.8291554911261033
2017-09-21,57.95767593383789,54.53456497192383,9.670000076293945,10.909999895095826,0.5993937238408407
2017-09-22,57.811500549316406,54.5550422668457,9.59000015258789,10.777999925613404,0.5546821450324515
2017-09-25,59.281341552734375,55.27864456176758,10.210000038146973,10.724499940872192,0.903589691867451
2017-09-26,59.59806823730469,55.217201232910156,10.170000076293945,10.666999959945679,1.002318273048718
2017-09-27,59.34633255004883,55.585819244384766,9.869999885559082,10.575499963760375,0.8892103645894527
2017-09-28,59.40317916870117,56.1046028137207,9.550000190734863,10.491999959945678,0.8495425216053332
2017-09-29,59.159542083740234,55.96126174926758,9.510000228881836,10.437999963760376,0.7942429746493702
2017-10-02,59.240753173828125,55.722320556640625,9.449999809265137,10.403999948501587,0.843732721306646
2017-10-03,58.82661437988281,55.811092376708984,9.510000228881836,10.267999982833862,0.7137260573825855
2017-10-04,59.183895111083984,55.831546783447266,9.630000114440918,10.167999982833862,0.8153728460136179
2017-10-05,59.45188522338867,55.98855209350586,9.1899995803833,10.049999952316284,0.8762718002167338
2017-10-06,59.053977966308594,55.77693176269531,9.649999618530273,9.926499938964843,0.7835213808747021
2017-10-09,58.76163864135742,55.99537658691406,10.329999923706055,9.90649995803833,0.6748762684766653
2017-10-10,59.20014953613281,56.152374267578125,10.079999923706055,9.88149995803833,0.7853468454261293
2017-10-11,60.68624496459961,56.38447570800781,9.850000381469727,9.848999977111816,1.1922176893467833
2017-10-12,61.03544998168945,56.268436431884766,9.90999984741211,9.822499990463257,1.3063014902413361
2017-10-13,61.70944595336914,56.25477981567383,9.609999656677246,9.794499969482422,1.5037129687794757
2017-10-16,61.51455307006836,56.527828216552734,9.90999984741211,9.782499980926513,1.4174812506175447
2017-10-17,60.87300491333008,56.63020324707031,10.3100004196167,9.788999986648559,1.2198926805110244
2017-10-18,60.45075225830078,56.49369812011719,10.069999694824219,9.803499984741212,1.1119287122190054
2017-10-19,59.39503860473633,56.480045318603516,10.050000190734863,9.822499990463257,0.8065090824643267
2017-10-20,59.05211639404297,56.73262405395508,9.970000267028809,9.841499996185302,0.6794621083991481
2017-10-23,58.945953369140625,56.821353912353516,11.069999694824219,9.884499979019164,0.6389892769751842
2017-10-24,58.66015625,56.97834014892578,11.15999984741211,9.933999967575073,0.5389030340708993
2017-10-25,58.317230224609375,56.77357482910156,11.229999542236328,10.001999950408935,0.4613932723273669
2017-10-26,58.145748138427734,56.97834014892578,11.300000190734863,10.089499950408936,0.38936337462214565
2017-10-27,57.4843635559082,57.14219665527344,9.800000190734863,10.103999948501587,0.17934879452182942
2017-10-30,56.50449752807617,57.026126861572266,10.5,10.15649995803833,-0.09292820751435632
2017-10-31,57.52517318725586,56.89645004272461,10.180000305175781,10.189999961853028,0.21783088661986172
2017-11-01,57.61497497558594,57.25139236450195,10.199999809265137,10.218499946594239,0.20549004848273758
2017-11-02,57.92527770996094,57.019325256347656,9.930000305175781,10.255499982833863,0.3208326970992442
2017-11-03,57.28021240234375,56.78038787841797,9.140000343322754,10.230000019073486,0.15919175726911153
2017-11-06,57.36185836791992,57.169490814208984,9.399999618530273,10.183500003814697,0.1407798130279338
2017-11-07,57.89262008666992,57.0534553527832,9.890000343322754,10.174000024795532,0.30764216498665625
2017-11-08,59.82780456542969,56.97834014892578,9.779999732971191,10.170499992370605,0.8783411718397216
2017-11-09,59.53386688232422,57.31966781616211,10.5,10.2,0.7559210622525261
2017-11-10,59.778812408447266,57.14054870605469,11.289999961853027,10.284000015258789,0.8465290254954698
2017-11-13,60.178924560546875,57.106075286865234,11.5,10.363500022888184,0.9665766494494548
2017-11-14,59.98295211791992,56.65828323364258,11.59000015258789,10.427500009536743,0.9581106682580555
2017-11-15,59.182743072509766,55.94868469238281,13.130000114440918,10.580500030517578,0.8023498713379745
2017-11-16,59.30521011352539,55.50086212158203,11.760000228881836,10.666000032424927,0.8864583097315785
2017-11-17,58.700984954833984,55.2804069519043,11.430000305175781,10.739000034332275,0.7346877533282391
2017-11-20,58.84798812866211,55.49399185180664,10.649999618530273,10.718000030517578,0.7542869628942553
2017-11-21,58.9704475402832,55.71444320678711,9.729999542236328,10.64650001525879,0.7660074859139565
2017-11-22,58.58668518066406,55.87289047241211,9.880000114440918,10.57900004386902,0.6372842601174572
2017-11-24,58.79896545410156,56.093360900878906,9.670000076293945,10.497500038146972,0.6751138549480097
2017-11-27,58.79080581665039,55.87977981567383,9.869999885559082,10.501000022888183,0.6958763778798578
2017-11-28,59.41139221191406,56.265594482421875,10.029999732971191,10.477500009536744,0.8344918729830456
2017-11-29,58.79896545410156,56.6789436340332,10.699999809265137,10.503499984741211,0.6116850528615185
2017-11-30,59.158241271972656,57.381683349609375,11.279999732971191,10.557499980926513,0.6400084437802546
2017-12-01,59.640018463134766,57.49879455566406,11.430000305175781,10.632499980926514,0.7673770352467132
2017-12-04,60.84847640991211,57.574581146240234,11.680000305175781,10.759499979019164,1.110469622919621
2017-12-05,60.90562438964844,57.106075286865234,11.329999923706055,10.855999994277955,1.1778300152511114
2017-12-06,60.62802505493164,56.685848236083984,11.020000457763672,10.9125,1.1426491331795154
2017-12-07,59.77064895629883,56.87186050415039,10.15999984741211,10.931500005722047,0.8732594993653895
2017-12-08,59.868629455566406,56.94765853881836,9.579999923706055,10.88550000190735,0.8935324167264316
2017-12-11,59.74615478515625,57.2025260925293,9.34000015258789,10.788000011444092,0.8303221471886935
2017-12-12,59.1909065246582,57.01652908325195,9.920000076293945,10.70900001525879,0.6890568728645718
2017-12-13,59.89314270019531,57.26454544067383,10.180000305175781,10.638500022888184,0.8663341082470614
2017-12-14,59.803321838378906,57.11297607421875,10.489999771118164,10.506500005722046,0.8566405709023397
2017-12-15,60.464717864990234,57.2025260925293,9.420000076293945,10.389499998092651,1.0392101406583032
2017-12-18,60.415714263916016,57.14054870605469,9.529999732971191,10.294499969482422,1.0316779071450477
2017-12-19,61.117919921875,56.796058654785156,10.029999732971191,10.263499975204468,1.2731250276490662
2017-12-20,60.84847640991211,57.09229278564453,9.720000267028809,10.263000011444092,1.1627098466162127
2017-12-21,60.96280288696289,57.7674674987793,9.619999885559082,10.25,1.1228116520829656
2017-12-22,61.3629035949707,57.85014724731445,9.899999618530273,10.261499977111816,1.2301662220931486
2017-12-26,61.63235092163086,57.85704040527344,10.25,10.280499982833863,1.307748550748534
2017-12-27,61.54253387451172,57.80192565917969,10.470000267028809,10.302500009536743,1.2876084081645314
2017-12-28,61.35474395751953,57.884586334228516,10.180000305175781,10.276500034332276,1.2240638435856002
2017-12-29,61.60787582397461,57.622798919677734,11.039999961853027,10.264500045776368,1.3260060116164298
2018-01-02,61.35474395751953,58.58041763305664,9.770000457763672,10.181500053405761,1.1486932029568833
2018-01-03,61.117919921875,59.7309455871582,9.149999618530273,10.055000019073486,0.9552256910737419
2018-01-04,61.50987243652344,59.8136100769043,9.220000267028809,9.949500036239623,1.0602132147196548
2018-01-05,61.58336639404297,59.765380859375,9.220000267028809,9.85950002670288,1.086802146364686
2018-01-08,61.67319869995117,60.03407287597656,9.520000457763672,9.827500057220458,1.0838125889997947
2018-01-09,61.76301193237305,59.7791748046875,10.079999923706055,9.852500057220459,1.137531406547635
2018-01-10,61.09346008300781,59.30380630493164,9.819999694824219,9.876500034332276,0.9943817764751876
2018-01-11,60.87297439575195,59.889400482177734,9.880000114440918,9.874500036239624,0.8668560219861309
2018-01-12,60.93014907836914,60.29587936401367,10.15999984741211,9.87350001335144,0.8394481002984161
2018-01-16,61.58336639404297,59.91695022583008,11.65999984741211,9.932000017166137,1.0703845459080144
2018-01-17,62.6121940612793,60.626556396484375,11.90999984741211,10.056500005722047,1.2926044926306128
2018-01-18,62.57136154174805,60.233882904052734,12.220000267028809,10.191000032424927,1.3232677559746464
2018-01-19,63.281776428222656,60.04098892211914,11.270000457763672,10.253000068664551,1.5506808258567788
2018-01-22,63.511600494384766,60.79882049560547,11.029999732971191,10.31850004196167,1.5354048780952572
2018-01-23,63.11761474609375,60.833274841308594,11.100000381469727,10.392500066757203,1.4171402802655582
2018-01-24,63.03555679321289,60.9917106628418,11.470000267028809,10.47100009918213,1.3761244814715377
2018-01-25,63.45414352416992,60.881473541259766,11.579999923706055,10.537500095367431,1.5097492370042989
2018-01-26,60.376220703125,61.315513610839844,11.079999923706055,10.568000078201294,0.5679756706656263
2018-01-29,60.56499481201172,60.63346481323242,13.84000015258789,10.7510000705719,0.6967305082073846
2018-01-30,61.287288665771484,59.78605651855469,14.789999961853027,10.9385000705719,0.9984921139972043
2018-01-31,60.93435287475586,60.144317626953125,13.539999961853027,11.127000045776366,0.8570869279500186
2018-02-01,60.18745803833008,61.36372756958008,13.470000267028809,11.343000078201294,0.5078795049131405
2018-02-02,59.44875717163086,58.235958099365234,17.309999465942383,11.747500038146972,0.6319292815367124
2018-02-05,57.2983283996582,54.92216491699219,37.31999969482422,13.152500009536743,0.3657360098546613
2018-02-06,57.790771484375,53.978302001953125,29.979999542236328,14.175499963760377,0.6111271655050364
2018-02-07,57.59379577636719,53.00691604614258,27.729999542236328,15.05799994468689,0.6590838655038661
2018-02-08,56.59246063232422,52.407535552978516,33.459999084472656,16.23999991416931,0.43291670119846704
2018-02-09,57.25727462768555,52.741615295410156,29.059999465942383,17.198999881744385,0.5899930574158572
2018-02-12,57.61021423339844,53.187042236328125,25.610000610351562,17.971499919891357,0.644345948447866
2018-02-13,57.70050048828125,53.103511810302734,24.969999313354492,18.636999893188477,0.6796401761069394
2018-02-14,57.142372131347656,53.214874267578125,19.260000228881836,19.004499912261963,0.5053284451319546
2018-02-15,58.455596923828125,53.040870666503906,19.1299991607666,19.349999856948852,0.9059336289718652
2018-02-16,58.65259552001953,53.27055740356445,19.459999084472656,19.7594997882843,0.9383225173111989
2018-02-20,57.47890090942383,52.72072219848633,20.600000381469727,20.237999820709227,0.656683429790235
2018-02-21,56.748416900634766,52.12217712402344,20.020000457763672,20.683999824523926,0.5091628432284062
2018-02-22,56.95359420776367,52.79727554321289,18.719999313354492,21.04649977684021,0.4956834646779754
2018-02-23,57.70050048828125,53.95957565307617,16.489999771118164,21.291999769210815,0.58691356211648
2018-02-26,58.332496643066406,54.871299743652344,15.800000190734863,21.527999782562254,0.6718807573333457
2018-02-27,57.38861083984375,53.9387092590332,18.59000015258789,21.765499782562255,0.49850669441754447
2018-02-28,56.608848571777344,52.71376037597656,19.850000381469727,22.01849980354309,0.4045112359257836
2018-03-01,56.51856994628906,52.33792495727539,22.469999313354492,22.464999771118165,0.41897654241067217
2018-03-02,56.8551025390625,52.58152770996094,19.59000015258789,22.77099976539612,0.4904209481661506
2018-03-05,57.5117301940918,53.0826416015625,18.729999542236328,22.841999769210815,0.6270248102215881
2018-03-06,57.158790588378906,53.019996643066406,18.360000610351562,21.893999814987183,0.531209968160855
2018-03-07,57.19160461425781,51.683719635009766,17.760000228881836,21.28299984931946,0.6854911413136039
2018-03-08,58.291465759277344,51.586280822753906,16.540000915527344,20.723499917984007,1.0157777069827012
2018-03-09,58.47202682495117,51.89250946044922,14.640000343322754,19.782499980926513,1.035097346118239
2018-03-12,58.3407096862793,52.36577606201172,15.779999732971191,19.118499994277954,0.9456601319365726
2018-03-13,58.168357849121094,51.87162780761719,16.350000381469727,18.655499982833863,0.9490819002579444
2018-03-14,57.44606018066406,51.22435760498047,17.229999542236328,18.268499994277953,0.8092188817119615
2018-03-15,57.09312057495117,51.79507064819336,16.59000015258789,18.134999990463257,0.6448003444502127
2018-03-16,57.142372131347656,52.28225326538086,15.800000190734863,17.96850004196167,0.6063475319677822
2018-03-19,57.503509521484375,51.607147216796875,19.020000457763672,17.94650011062622,0.7844567640716503
2018-03-20,57.19984436035156,51.49577331542969,18.200000762939453,17.826500129699706,0.7082443126896995
2018-03-21,56.379051208496094,52.22658157348633,17.860000610351562,17.7185001373291,0.3904785404593115
2018-03-22,56.485740661621094,51.15476989746094,23.34000015258789,17.949500179290773,0.5375892772364977
2018-03-23,56.124603271484375,50.7302131652832,24.8700008392334,18.368500232696533,0.4785926639543908
2018-03-26,55.968658447265625,51.502750396728516,21.030000686645508,18.630000257492064,0.3495799050770465
2018-03-27,56.86330795288086,51.293968200683594,22.5,18.82550024986267,0.6322713863146218
2018-03-28,58.11088562011719,50.67454147338867,22.8700008392334,18.976500272750854,1.0620398721462225
2018-03-29,58.833160400390625,51.927303314208984,19.969999313354492,18.851500272750854,1.1363109540266096
2018-04-02,57.57740020751953,50.95988464355469,23.6200008392334,19.05300030708313,0.8760467642562664
2018-04-03,58.23400115966797,52.21265411376953,21.100000381469727,19.1715003490448,0.9312254819680386
2018-04-04,58.80854415893555,52.10826110839844,20.059999465942383,19.25650029182434,1.1095540754998037
2018-04-05,58.93988037109375,52.90863800048828,18.940000534057617,19.31550030708313,1.061039076221638
2018-04-06,58.800323486328125,52.10826110839844,21.489999771118164,19.56300024986267,1.1071643064535959
2018-04-09,58.619773864746094,52.10826110839844,21.770000457763672,19.919500255584715,1.0546781027612473
2018-04-10,58.87421798706055,53.63942337036133,20.469999313354492,20.15400023460388,0.9627940903743141
2018-04-11,58.5869140625,53.889991760253906,20.239999771118164,20.348500204086303,0.8521332395517786
2018-04-12,58.22578430175781,53.74382019042969,18.489999771118164,20.411500215530396,0.7629848857673898
2018-04-13,58.767513275146484,54.175323486328125,17.40999984741211,20.452500200271608,0.8737274673428129
2018-04-16,59.45696258544922,54.66251754760742,16.559999465942383,20.49050016403198,1.0213804224172223
2018-04-17,59.28458786010742,54.516353607177734,15.25,20.3020001411438,0.9871027792089612
2018-04-18,59.16147232055664,55.13578796386719,15.600000381469727,20.172000122070312,0.8842172774311191
2018-04-19,57.601104736328125,55.27498245239258,15.960000038146973,20.077000093460082,0.4155375299549848
2018-04-20,55.74354934692383,54.98268127441406,16.8799991607666,19.75400004386902,-0.0927969272528156
2018-04-23,54.79413604736328,55.37938690185547,16.34000015258789,19.32750000953674,-0.4117637518553484
2018-04-24,55.008766174316406,54.5302734375,18.020000457763672,19.17699999809265,-0.2573964972943632
2018-04-25,54.8271484375,55.33066177368164,17.84000015258789,18.944000005722046,-0.39688919221411045
2018-04-26,54.97575759887695,56.277217864990234,16.239999771118164,18.612499952316284,-0.45621665567030617
2018-04-27,54.967498779296875,54.14052963256836,15.40999984741211,18.384499979019164,-0.22717698943489614
2018-04-30,53.852962493896484,54.11268997192383,15.930000305175781,17.999999952316283,-0.5481598141666062
2018-05-01,53.6630744934082,53.555904388427734,15.489999771118164,17.719499921798707,-0.5430511372169105
2018-05-02,52.12748718261719,53.45151138305664,15.970000267028809,17.51499996185303,-0.9781424351293087
2018-05-03,52.276092529296875,53.27055740356445,15.899999618530273,17.36299991607666,-0.9153420425111035
2018-05-04,52.59807205200195,53.521095275878906,14.770000457763672,17.026999950408936,-0.8488794429412063
2018-05-07,51.86330795288086,54.1057243347168,14.75,16.675999927520753,-1.1258026137447
2018-05-08,51.4174919128418,54.34931945800781,14.710000038146973,16.387999963760375,-1.2817879867663882
2018-05-09,51.11201858520508,55.62992477416992,13.420000076293945,16.046999979019166,-1.509301653144815
2018-05-10,51.58260726928711,56.875728607177734,13.229999542236328,15.783999967575074,-1.5074426436822932
2018-05-11,51.77248001098633,57.14289093017578,12.649999618530273,15.54599995613098,-1.4811845163843071
2018-05-14,51.219356536865234,57.529579162597656,12.930000305175781,15.36449999809265,-1.6838638895441989
2018-05-15,50.89736557006836,57.5014533996582,14.630000114440918,15.333500003814697,-1.7744209184738229
2018-05-16,51.260623931884766,57.663143157958984,13.420000076293945,15.224499988555909,-1.6863346652095612
2018-05-17,51.425743103027344,57.564701080322266,13.430000305175781,15.098000001907348,-1.6276711397026336
2018-05-18,51.36795425415039,57.156959533691406,13.420000076293945,14.925000047683715,-1.600304989030905
2018-05-21,51.3927116394043,57.845943450927734,13.079999923706055,14.762000036239623,-1.6677369083768963
2018-05-22,51.524810791015625,57.395992279052734,13.220000267028809,14.52200002670288,-1.580597828017856
2018-05-23,51.7807502746582,57.7545280456543,12.579999923706055,14.259000015258788,-1.5450312762674596
2018-05-24,51.59086227416992,56.43283462524414,12.529999732971191,14.07350001335144,-1.4570697673350235
2018-05-25,52.6310920715332,55.33610153198242,13.220000267028809,13.964000034332276,-1.0358772126374325
2018-05-29,52.4742317199707,55.13222122192383,17.020000457763672,14.01850004196167,-1.0593931031645616
2018-05-30,53.15946960449219,57.297576904296875,14.9399995803833,13.991000032424926,-1.0947385315846292
2018-05-31,52.08620834350586,57.114776611328125,15.430000305175781,13.964000034332276,-1.3869376751400357
2018-06-01,51.755977630615234,57.529579162597656,13.460000038146973,13.842000055313111,-1.527866863433697
2018-06-04,51.77248001098633,56.924964904785156,12.739999771118164,13.740500020980836,-1.4575793348251793
2018-06-05,51.425743103027344,56.72107696533203,12.399999618530273,13.623000001907348,-1.5362919647449487
2018-06-06,51.65690231323242,57.69126892089844,11.640000343322754,13.469500017166137,-1.5741821084814003
2018-06-07,51.813758850097656,58.26774215698242,12.130000114440918,13.405000019073487,-1.591025625775965
2018-06-08,52.292606353759766,58.7739372253418,12.180000305175781,13.352500057220459,-1.5066532557264818
2018-06-11,52.6310920715332,58.42243957519531,12.350000381469727,13.337500095367432,-1.3701813405280578
2018-06-12,52.614593505859375,57.94437789916992,12.34000015258789,13.308000087738037,-1.323195112551715
2018-06-13,52.061439514160156,57.30459213256836,12.9399995803833,13.223500061035157,-1.414698357337568
2018-06-14,52.26782989501953,57.571739196777344,12.119999885559082,13.158500051498413,-1.383636860323676
2018-06-15,53.440181732177734,56.70701599121094,11.979999542236328,13.086000013351441,-0.9491668239228755
2018-06-18,52.26782989501953,56.81949996948242,12.3100004196167,13.030500030517578,-1.3021562592602374
2018-06-19,52.837493896484375,56.735145568847656,13.350000381469727,13.044000053405762,-1.127416531639948
2018-06-20,52.75492858886719,56.55938720703125,12.789999961853027,13.022500038146973,-1.1323807729434552
2018-06-21,52.41644287109375,56.02507781982422,14.640000343322754,13.125500059127807,-1.172904368497161
2018-06-22,53.35759353637695,57.21320343017578,13.770000457763672,13.187500095367431,-1.0280043183884104
2018-06-25,53.75389862060547,56.060218811035156,17.329999923706055,13.393000078201293,-0.7879091874267762
2018-06-26,53.778656005859375,56.692962646484375,15.920000076293945,13.338000059127808,-0.849249327054831
2018-06-27,53.42365646362305,57.44520568847656,17.90999984741211,13.486500072479249,-1.033929551158208
2018-06-28,53.60528564453125,57.62799835205078,16.850000381469727,13.557500076293945,-1.0009291439835706
2018-06-29,53.50621795654297,58.16231155395508,16.09000015258789,13.68900008201599,-1.087603775613178
2018-07-02,53.31633377075195,57.48037338256836,15.600000381469727,13.832000112533569,-1.0689377861686493
2018-07-03,53.39063262939453,57.817813873291016,16.139999389648438,14.019000101089478,-1.0838896098530655
2018-07-05,54.45563507080078,57.86701202392578,14.970000267028809,14.18550009727478,-0.779619887395136
2018-07-06,54.307029724121094,57.88108444213867,13.369999885559082,14.247500085830689,-0.8243441023479722
2018-07-09,53.6630744934082,58.281803131103516,12.6899995803833,14.273000049591065,-1.054948225464883
2018-07-10,54.26575469970703,58.81613540649414,12.640000343322754,14.287500047683716,-0.9376251439800124
2018-07-11,53.861228942871094,58.06386947631836,13.630000114440918,14.352000045776368,-0.9737382485511824
2018-07-12,53.803428649902344,58.134185791015625,12.579999923706055,14.334000062942504,-0.9981574116980511
2018-07-13,54.28226089477539,58.57005310058594,12.180000305175781,14.33700008392334,-0.906171757081071
2018-07-16,54.17495346069336,57.99357604980469,12.829999923706055,14.379500102996825,-0.8749237847595382
2018-07-17,54.47406005859375,57.86701202392578,12.0600004196167,14.367000102996826,-0.774263699695283
2018-07-18,53.85089111328125,57.80377197265625,12.100000381469727,14.304500102996826,-0.9485703935073375
2018-07-19,54.63193893432617,57.65612030029297,12.869999885559082,14.30850009918213,-0.7055246914045024
2018-07-20,54.798095703125,57.2272834777832,12.859999656677246,14.219500064849854,-0.6107720323945485
2018-07-23,54.70671081542969,57.2272834777832,12.619999885559082,14.162000036239624,-0.6373378362325772
2018-07-24,54.233097076416016,58.35915756225586,12.40999984741211,13.916000032424927,-0.8976201383684782
2018-07-25,54.798095703125,58.76690673828125,12.289999961853027,13.73450002670288,-0.7775400286977386
2018-07-26,55.62071990966797,59.223899841308594,12.140000343322754,13.446000051498412,-0.5879015256474486
2018-07-27,55.38805389404297,57.59284210205078,13.029999732971191,13.255000019073487,-0.47886614706081904
2018-07-30,55.22187805175781,57.466285705566406,14.260000228881836,13.163500022888183,-0.5134655985250347
2018-07-31,55.67886734008789,57.30459213256836,12.829999923706055,13.025,-0.36310349909108264
2018-08-01,54.9061393737793,56.517215728759766,13.149999618530273,12.875500011444093,-0.502450784824866
2018-08-02,55.86997604370117,56.17974090576172,12.1899995803833,12.736499977111816,-0.18570677924655699
2018-08-03,56.08600997924805,56.38361358642578,11.640000343322754,12.65,-0.1449881609567258
2018-08-06,55.98631286621094,56.36955261230469,11.270000457763672,12.57900004386902,-0.17244730020921886
2018-08-07,55.861671447753906,57.13585662841797,10.930000305175781,12.49350004196167,-0.29168491899480975
2018-08-08,55.32989501953125,56.7562141418457,10.850000381469727,12.35450005531311,-0.4051517003481087
2018-08-09,54.78150939941406,56.46798324584961,11.270000457763672,12.289000082015992,-0.5333482795031539
2018-08-10,54.366050720214844,56.411163330078125,13.15999984741211,12.338000059127808,-0.6479685181842753
2018-08-13,54.465755462646484,55.8003044128418,14.779999732971191,12.435500049591065,-0.5528174600643133
2018-08-14,54.440818786621094,55.62272644042969,13.3100004196167,12.498000049591065,-0.5408318258323117
2018-08-15,54.69840621948242,54.64963912963867,14.640000343322754,12.625000047683717,-0.3605482551079809
2018-08-16,55.43791580200195,55.402549743652344,13.449999809265137,12.654000043869019,-0.22712438750272707
2018-08-17,56.08600997924805,55.587223052978516,12.640000343322754,12.643000078201293,-0.058725204982118674
2018-08-20,56.218955993652344,55.97787857055664,12.489999771118164,12.636500072479247,-0.06239227485199244
2018-08-21,56.00293731689453,55.992088317871094,12.859999656677246,12.659000062942505,-0.12672858005720014
2018-08-22,55.66225814819336,56.79472351074219,12.25,12.657000064849854,-0.3127041845886532
2018-08-23,55.31327438354492,56.16967010498047,12.40999984741211,12.670500040054321,-0.3464504306835978
2018-08-24,55.57085037231445,56.55323028564453,11.989999771118164,12.61850004196167,-0.3131187226007485
2018-08-27,55.745357513427734,57.10725402832031,12.15999984741211,12.513500022888184,-0.322399496460424
2018-08-28,55.487762451171875,57.02200698852539,12.5,12.497000026702882,-0.38804925455676254
2018-08-29,55.637325286865234,57.433982849121094,12.25,12.452000045776368,-0.3891951392528398
2018-08-30,55.03908920288086,57.185394287109375,13.529999732971191,12.519000053405762,-0.5361773213659907
2018-08-31,55.18033981323242,56.94386291503906,12.859999656677246,12.580000019073486,-0.46895338209388276
2018-09-04,54.19985580444336,57.02909851074219,13.15999984741211,12.674499988555908,-0.7632149100607329
2018-09-05,55.32989501953125,57.78912353515625,13.90999984741211,12.823499965667725,-0.5170337654641041
2018-09-06,55.67057418823242,57.14985656738281,14.649999618530273,13.013499927520751,-0.348753783139821
2018-09-07,55.67886734008789,58.122962951660156,14.880000114440918,13.193999910354615,-0.4517473025685581
2018-09-10,55.803504943847656,58.03772735595703,14.15999984741211,13.243999910354614,-0.40628235667220797
2018-09-11,55.82011795043945,58.854557037353516,13.220000267028809,13.165999937057496,-0.4899297876514415
2018-09-12,56.48485565185547,59.04632568359375,13.140000343322754,13.157499933242798,-0.317460841618474
2018-09-13,56.63442611694336,58.47099685668945,12.369999885559082,13.043999910354614,-0.21166222670607307
2018-09-14,56.4931526184082,58.89717483520508,12.069999694824219,12.974999904632568,-0.2988932608855125
2018-09-17,57.174503326416016,59.245208740234375,13.680000305175781,13.026999902725219,-0.1385211217188546
2018-09-18,56.71750259399414,59.40147399902344,12.789999961853027,13.041999912261963,-0.2882985670686492
2018-09-19,56.443302154541016,60.11176300048828,11.75,12.986499929428101,-0.4449459473424111
2018-09-20,57.15787887573242,60.24671936035156,11.800000190734863,12.963999938964843,-0.2518349204883204
2018-09-21,57.407161712646484,60.49532699584961,11.680000305175781,12.927499961853027,-0.2062963418464103
2018-09-24,56.451602935791016,61.51102066040039,12.199999809265137,12.937999963760376,-0.5940968492156381
2018-09-25,55.78691101074219,61.43999481201172,12.420000076293945,12.950999975204468,-0.7796310344894897
2018-09-26,55.75364303588867,60.92860412597656,12.890000343322754,12.970499992370605,-0.7339096017025732
2018-09-27,55.44621276855469,60.9215087890625,12.40999984741211,12.97849998474121,-0.8225117618990724
2018-09-28,55.62901306152344,60.388771057128906,12.119999885559082,12.907999992370605,-0.7116665140052124
2018-10-01,55.728729248046875,60.94990158081055,12.0,12.865000009536743,-0.7434589840250719
2018-10-02,55.994625091552734,61.411590576171875,12.050000190734863,12.809500026702882,-0.7161713848818299
2018-10-03,54.77318572998047,61.19143295288086,11.609999656677246,12.694500017166138,-1.0473998050334152
2018-10-04,53.94228744506836,60.78654861450195,14.220000267028809,12.673000049591064,-1.2450878884777627
2018-10-05,53.767799377441406,60.61606979370117,14.819999694824219,12.670000028610229,-1.2773461605608083
2018-10-08,54.299560546875,61.17720413208008,15.6899995803833,12.746500015258789,-1.1835425413957645
2018-10-09,54.066925048828125,61.447139739990234,15.949999809265137,12.882999992370605,-1.2804089576239728
2018-10-10,53.036598205566406,60.03363037109375,22.959999084472656,13.3739999294281,-1.4268197505498823
2018-10-11,51.80686569213867,57.9595947265625,24.979999542236328,14.004499912261963,-1.5596517531316192
2018-10-12,51.964744567871094,57.803321838378906,21.309999465942383,14.46649990081787,-1.4968289153625356
2018-10-15,51.97304153442383,57.40556335449219,21.299999237060547,14.84749984741211,-1.451332800681425
2018-10-16,52.02289962768555,57.67546081542969,17.6200008392334,15.088999891281128,-1.4660735271801153
2018-10-17,52.803932189941406,57.88857650756836,17.399999618530273,15.371499872207641,-1.2621096455863718
2018-10-18,52.39409255981445,58.137168884277344,20.059999465942383,15.784499835968017,-1.408177880346457
2018-10-19,53.966583251953125,58.22239303588867,19.889999389648438,16.194999790191652,-0.9602823613559317
2018-10-22,53.23051834106445,57.63996887207031,19.639999389648438,16.566999769210817,-1.1111715046172148
2018-10-23,53.02978515625,56.709476470947266,20.709999084472656,16.98149971961975,-1.068736595774122
2018-10-24,54.06696319580078,55.13264465332031,25.229999542236328,17.59849967956543,-0.5964281463365967
2018-10-25,53.381080627441406,55.62272644042969,24.219999313354492,18.18899965286255,-0.848900224956529
2018-10-26,49.83460998535156,55.068702697753906,24.15999984741211,18.7909996509552,-1.819857247247596
2018-10-29,48.412681579589844,54.727779388427734,24.700000762939453,19.425999689102174,-2.1962872828596605
2018-10-30,50.3448371887207,55.95657730102539,23.350000381469727,19.990999698638916,-1.7677052607603563
2018-10-31,49.80952072143555,56.59583282470703,21.229999542236328,20.47199969291687,-1.99256552833702
2018-11-01,50.252830505371094,57.29901885986328,19.34000015258789,20.727999687194824,-1.939861608131164
2018-11-02,50.42848205566406,58.208187103271484,19.510000228881836,20.962499713897706,-1.987278030255531
2018-11-05,50.378292083740234,57.98799514770508,19.959999084472656,21.175999689102174,-1.9780177530295049
2018-11-06,50.612491607666016,58.23659133911133,19.90999984741211,21.373999691009523,-1.9368626896928975
2018-11-07,51.298377990722656,58.975303649902344,16.360000610351562,21.043999767303468,-1.8174892901339292
2018-11-08,50.93871307373047,58.03772735595703,16.719999313354492,20.630999755859374,-1.8204889043156387
2018-11-09,53.36435317993164,58.023353576660156,17.360000610351562,20.433499813079834,-1.1137926355099377
2018-11-12,51.31509780883789,57.27719497680664,20.450000762939453,20.39099988937378,-1.6286940743770582
2018-11-13,51.741676330566406,55.96417999267578,20.020000457763672,20.510999870300292,-1.362464309390708
2018-11-14,52.25190353393555,55.52651596069336,21.25,20.70349988937378,-1.1667334176638522
2018-11-15,52.193355560302734,56.100502014160156,19.979999542236328,20.699499893188477,-1.2459261324514426
2018-11-16,52.89595413208008,56.6529655456543,18.139999389648438,20.611999893188475,-1.1015204754861025
2018-11-19,52.502830505371094,56.83951187133789,20.100000381469727,20.63499994277954,-1.2360086611224548
2018-11-20,52.11807632446289,55.225162506103516,22.479999542236328,20.723499965667724,-1.1729954810195096
2018-11-21,51.79186248779297,55.648475646972656,20.799999237060547,20.501999950408937,-1.3136787988388272
2018-11-23,51.67476272583008,54.16326904296875,21.520000457763672,20.367000007629393,-1.1868462524027856
2018-11-26,52.47773742675781,55.23234558105469,18.899999618530273,20.1039999961853,-1.0692191966390614
2018-11-27,52.89595413208008,55.282569885253906,19.020000457763672,19.819999980926514,-0.95308277368519
2018-11-28,52.553016662597656,56.28704833984375,18.489999771118164,19.576999950408936,-1.161578009948334
2018-11-29,52.728668212890625,56.72470474243164,18.790000915527344,19.455000019073488,-1.1579214930334498
2018-11-30,53.13014602661133,57.04041290283203,18.06999969482422,19.391499996185303,-1.0754076279945588
2018-12-03,53.33089828491211,58.274497985839844,16.440000534057617,19.238000011444093,-1.150721363618181
2018-12-04,52.76212692260742,56.99020767211914,20.739999771118164,19.27700004577637,-1.176953555046146
2018-12-06,52.88758850097656,56.244014739990234,21.190000534057617,19.341000080108643,-1.0596558942562682
2018-12-07,52.45264434814453,55.705902099609375,23.229999542236328,19.68450002670288,-1.1278082273987131
2018-12-10,53.14687728881836,54.91664123535156,22.639999389648438,19.98050003051758,-0.8405023744433591
2018-12-11,53.99168395996094,55.017086029052734,21.760000228881836,20.200500011444092,-0.6057949886291872
2018-12-12,54.60227966308594,54.543548583984375,21.459999084472656,20.250999927520752,-0.377001020692452
2018-12-13,54.76119613647461,55.23234558105469,20.649999618530273,20.282499885559083,-0.4054123278619349
2018-12-14,54.51025390625,54.22785568237305,21.6299991607666,20.301499843597412,-0.36955809082196095
2018-12-17,52.628292083740234,53.1229362487793,24.520000457763672,20.52849988937378,-0.7969668553549333
2018-12-18,52.2435417175293,51.65924835205078,25.579999923706055,20.90049991607666,-0.7502718256172172
2018-12-19,51.75841522216797,50.783897399902344,25.579999923706055,21.174499893188475,-0.7964835060784325
2018-12-20,51.005619049072266,49.24129104614258,28.3799991607666,21.46949987411499,-0.8482320238182868
2018-12-21,50.110626220703125,48.87538146972656,30.110000610351562,21.93499994277954,-1.0687741883097244
2018-12-24,48.546504974365234,47.00273513793945,36.06999969482422,22.66249990463257,-1.3206277572812104
2018-12-26,49.684043884277344,49.24848175048828,30.40999984741211,23.23799991607666,-1.233195940617788
2018-12-27,49.92662048339844,49.463722229003906,29.959999084472656,23.78499984741211,-1.1859926373680252
2018-12-28,49.86807632446289,48.91126251220703,28.34000015258789,24.277499866485595,-1.1431705604704625
2018-12-31,49.784423828125,48.925601959228516,25.420000076293945,24.608999824523927,-1.1690417514719902
2019-01-02,49.55860137939453,50.00184631347656,23.219999313354492,24.866499805450438,-1.3512648691444331
2019-01-03,49.32439041137695,49.23413848876953,25.450000762939453,25.31699981689453,-1.3361944342649257
2019-01-04,49.784423828125,51.049381256103516,21.3799991607666,25.348999786376954,-1.399084013768981
2019-01-07,50.085540771484375,51.31483840942383,21.399999618530273,25.359499740600587,-1.3403022333546433
2019-01-08,50.64595031738281,51.68793487548828,20.469999313354492,25.221499729156495,-1.2178026887516027
2019-01-09,51.27326965332031,51.96057891845703,19.979999542236328,25.088499736785888,-1.0649715635142238
2019-01-10,51.708213806152344,51.695133209228516,19.5,24.9754997253418,-0.9097798751507483
2019-01-11,51.94240951538086,51.458343505859375,18.190000534057617,24.811999797821045,-0.8160501801947605
2019-01-14,51.53257369995117,51.39377975463867,19.06999969482422,24.732999801635742,-0.9281970468662584
2019-01-15,52.04278564453125,51.42247772216797,18.600000381469727,24.5814998626709,-0.7829857124979933
2019-01-16,51.967506408691406,51.400943756103516,19.040000915527344,24.307499885559082,-0.802537061776114
2019-01-17,51.85877227783203,51.752506256103516,18.059999465942383,23.931499862670897,-0.8722266695024815
2019-01-18,52.38572692871094,52.36955642700195,17.799999237060547,23.542499828338624,-0.7858769745726086
2019-01-22,51.98995590209961,51.58031463623047,20.799999237060547,23.16349983215332,-0.8154399290116525
2019-01-23,52.50362014770508,51.15700149536133,19.520000457763672,22.633999824523926,-0.6202643322310339
2019-01-24,52.37731170654297,51.22874450683594,18.889999389648438,21.774999809265136,-0.6647535128166936
2019-01-25,52.07415771484375,51.458343505859375,17.420000076293945,21.12549982070923,-0.7777506657869295
2019-01-28,52.83203125,51.11393737792969,18.8700008392334,20.570999908447266,-0.5201298515618134
2019-01-29,53.63200378417969,51.30766677856445,19.1299991607666,20.1104998588562,-0.30856020236970644
2019-01-30,53.85094451904297,51.867313385009766,17.65999984741211,19.72249984741211,-0.30553307903514143
2019-01-31,54.46566390991211,52.57762145996094,16.56999969482422,19.389999866485596,-0.20377141996647624
2019-02-01,54.77723693847656,54.47179412841797,16.139999389648438,18.924499797821046,-0.31836826889006103
2019-02-04,54.89511489868164,53.68255615234375,15.729999542236328,18.641999816894533,-0.19861265644745804
2019-02-05,54.51618194580078,54.235023498535156,15.569999694824219,18.350499820709228,-0.36861119489538935
2019-02-06,55.013023376464844,53.998252868652344,15.380000114440918,18.09599986076355,-0.19853183108055011
2019-02-07,54.77723693847656,53.582122802734375,16.3700008392334,17.915499925613403,-0.22200137956113605
2019-02-08,55.3161735534668,53.669166564941406,15.720000267028809,17.726499938964842,-0.07475958037454376
2019-02-11,55.40037536621094,53.756229400634766,15.970000267028809,17.615499925613403,-0.05971233391735472
2019-02-12,55.59405517578125,54.69932174682617,15.430000305175781,17.43349995613098,-0.10556246904485436
2019-02-13,55.52667236328125,55.315948486328125,15.649999618530273,17.285999917984007,-0.1919422209287346
2019-02-14,55.11406707763672,55.3304557800293,16.219999313354492,17.144999837875368,-0.31345894956659937
2019-02-15,55.981414794921875,56.375118255615234,14.90999984741211,16.98749985694885,-0.1744740372036979
2019-02-19,56.18350601196289,56.75234603881836,14.880000114440918,16.841499900817873,-0.1565859751452112
2019-02-20,56.00666809082031,56.9699821472168,14.020000457763672,16.502499961853026,-0.23156695720957923
2019-02-21,56.16667556762695,56.45492172241211,14.460000038146973,16.24949994087219,-0.12926239512963478
2019-02-22,56.3350944519043,56.89019775390625,13.510000228881836,15.980499982833862,-0.12745059577890525
2019-02-25,56.01508331298828,56.94822692871094,14.850000381469727,15.851999998092651,-0.2267641633297348
2019-02-26,55.98981857299805,57.06430435180664,15.170000076293945,15.666999959945679,-0.24668188848615666
2019-02-27,55.467742919921875,57.651912689208984,14.699999809265137,15.445499992370605,-0.4620987307382268
2019-02-28,55.467742919921875,57.33271026611328,14.779999732971191,15.30149998664856,-0.4275235525887523
2019-03-01,55.57720184326172,58.036407470703125,13.569999694824219,15.15149998664856,-0.47192623880277484
2019-03-04,55.602474212646484,58.261287689208984,14.630000114440918,15.076000022888184,-0.4889379427271657
2019-03-05,55.34142303466797,58.17423629760742,14.739999771118164,15.026500034332276,-0.5553969591648481
2019-03-06,55.248802185058594,57.51408767700195,15.739999771118164,15.035000038146972,-0.5108164745469064
2019-03-07,55.02144241333008,58.15248489379883,16.59000015258789,15.095500040054322,-0.6460600299359587
2019-03-08,55.02985382080078,57.318206787109375,16.049999237060547,15.079499959945679,-0.5532479742209717
2019-03-11,55.45089340209961,57.87680435180664,14.329999923706055,15.00999994277954,-0.49135660688257293
2019-03-12,55.3582649230957,58.036407470703125,13.770000457763672,14.899999952316284,-0.5355717213405936
2019-03-13,56.01508331298828,58.55147933959961,13.40999984741211,14.798999929428101,-0.40042430408758944
2019-03-14,55.7877197265625,58.35560989379883,13.5,14.691499948501587,-0.4453033684213801
2019-03-15,56.58769607543945,58.145233154296875,12.880000114440918,14.524499988555908,-0.1899608818308411
2019-03-18,55.82140350341797,58.81990432739258,13.100000381469727,14.434000015258789,-0.485802582727885
2019-03-19,55.3666877746582,58.66753387451172,13.5600004196167,14.368000030517578,-0.601485152699458
2019-03-20,54.827754974365234,58.993995666503906,13.90999984741211,14.3625,-0.7935156915414421
2019-03-21,55.43405532836914,59.33498001098633,13.630000114440918,14.321000003814698,-0.6541972783788239
2019-03-22,55.57720184326172,58.3846321105957,16.479999542236328,14.469499969482422,-0.509645028163945
2019-03-25,55.79615020751953,57.97835922241211,16.329999923706055,14.543499946594238,-0.40198979381879374
2019-03-26,56.3519287109375,58.73284912109375,14.680000305175781,14.51899995803833,-0.32214805117793455
2019-03-27,56.427703857421875,58.283050537109375,15.149999618530273,14.541499948501587,-0.2513990207698177
2019-03-28,56.730865478515625,58.5732307434082,14.430000305175781,14.523999977111817,-0.19470078462628415
2019-03-29,57.716094970703125,58.61677932739258,13.710000038146973,14.530999994277954,0.08699069847935323
2019-04-01,57.51399230957031,59.29145431518555,13.399999618530273,14.469499969482422,-0.04484006890346572
2019-04-02,57.572933197021484,59.037532806396484,13.359999656677246,14.400499963760376,-0.00020169405800184433
2019-04-03,57.10979080200195,58.689308166503906,13.739999771118164,14.300499963760377,-0.09711949861798198
2019-04-04,56.88242721557617,59.523590087890625,13.579999923706055,14.149999952316284,-0.2535818858351076
2019-04-05,57.19399642944336,59.84280014038086,12.819999694824219,13.988499975204467,-0.19758398011719822
2019-04-08,57.2781982421875,60.21278381347656,13.180000305175781,13.930999994277954,-0.2131819845967498
2019-04-09,57.35398864746094,59.4365348815918,14.279999732971191,13.95649995803833,-0.1070682638662416
2019-04-10,57.35398864746094,59.16810989379883,13.300000190734863,13.950999975204468,-0.07799316574291036
2019-04-11,57.33714294433594,59.45104217529297,13.020000457763672,13.92699999809265,-0.113536742170988
2019-04-12,57.909767150878906,58.703834533691406,12.010000228881836,13.883500003814698,0.13386206707244774
2019-04-15,57.85923385620117,58.50796127319336,12.319999694824219,13.844499969482422,0.14038840161516905
2019-04-16,58.13713455200195,58.90694046020508,12.180000305175781,13.775499963760376,0.17795840353540773
2019-04-17,58.196441650390625,59.073822021484375,12.600000381469727,13.709999990463256,0.17712294019087202
2019-04-18,58.76415252685547,58.85616683959961,12.09000015258789,13.632999992370605,0.365733684449809
2019-04-22,58.97601318359375,60.14022445678711,12.420000076293945,13.430000019073486,0.2882362914026496
2019-04-23,58.47607421875,60.48844528198242,12.279999732971191,13.227500009536744,0.10518447110046872
2019-04-24,58.34897232055664,59.31321334838867,13.140000343322754,13.150500011444091,0.19553372086085744
2019-04-25,58.20491409301758,59.64693069458008,13.25,13.055500030517578,0.11750825510882491
2019-04-26,60.41651916503906,58.39188003540039,12.729999542236328,12.970499992370605,0.896370931383417
2019-04-29,60.48430252075195,58.014644622802734,13.109999656677246,12.940499973297118,0.9569368748130324
2019-04-30,61.67909622192383,58.239532470703125,13.119999885559082,12.92649998664856,1.2799069725636536
2019-05-01,60.40804672241211,57.071556091308594,14.800000190734863,12.99850001335144,1.0369220356196212
2019-05-02,60.85715103149414,56.07041931152344,14.420000076293945,13.03250002861023,1.2759182626944547
2019-05-03,60.96728515625,56.20101547241211,12.869999885559082,12.997000026702882,1.293788677009793
2019-05-06,60.74699783325195,55.95435333251953,15.4399995803833,13.128000020980835,1.2564684320749615
2019-05-07,59.74711227416992,55.65692138671875,19.31999969482422,13.434999990463258,0.9980163824562124
2019-05-08,60.15384292602539,55.74397659301758,19.399999618530273,13.690999984741211,1.1068243546543153
2019-05-09,60.035221099853516,55.69319534301758,19.100000381469727,13.980999994277955,1.0778412013537995
2019-05-10,60.58598709106445,56.17748260498047,16.040000915527344,14.132000017166138,1.1854934432363522
2019-05-13,60.63683319091797,55.553775787353516,20.549999237060547,14.558999967575073,1.2678328291789196
2019-05-14,60.28940200805664,55.62715148925781,18.059999465942383,14.845999956130981,1.1588858937551432
2019-05-15,60.4504280090332,56.03806686401367,16.440000534057617,15.058999967575073,1.161187247499368
2019-05-16,61.4333610534668,56.030731201171875,15.289999961853027,15.193499946594239,1.4477227973634317
2019-05-17,60.984249114990234,55.70053482055664,15.960000038146973,15.386999940872192,1.352930905572365
2019-05-20,60.755470275878906,55.69320297241211,16.309999465942383,15.581499910354614,1.2872185205935134
2019-05-21,60.61141586303711,55.95000457763672,14.949999809265137,15.714999914169312,1.2175254772506272
2019-05-22,60.61141586303711,55.4437141418457,14.75,15.795499897003173,1.2723655434477448
2019-05-23,60.797821044921875,54.144935607910156,16.920000076293945,15.978999900817872,1.4672342929300186
2019-05-24,60.331783294677734,54.372406005859375,15.850000381469727,16.13499994277954,1.3071170091429938
2019-05-28,59.40816116333008,53.27907943725586,17.5,16.354499959945677,1.1570441592675809
2019-05-29,59.28953170776367,52.94888687133789,17.899999618530273,16.59349994659424,1.1583238967606138
2019-05-30,60.035221099853516,52.809478759765625,17.299999237060547,16.718499898910522,1.3901978984977736
2019-05-31,58.992958068847656,51.928932189941406,18.709999084472656,16.932999849319458,1.182588080079464
2019-06-03,59.89964294433594,52.74342346191406,18.860000610351562,17.232499885559083,1.3579399452228262
2019-06-04,60.009788513183594,53.99818420410156,16.969999313354492,17.308999872207643,1.2540470960882824
2019-06-05,60.94188690185547,53.55057144165039,16.09000015258789,17.147499895095827,1.573494563744658
2019-06-06,61.95021057128906,54.52650833129883,15.930000305175781,16.9739999294281,1.760905697259545
2019-06-07,62.6959114074707,54.72462463378906,16.299999237060547,16.83399987220764,1.9562232571553544
2019-06-10,61.882450103759766,54.96676254272461,15.9399995803833,16.82899980545044,1.693520374721985
2019-06-11,62.13663101196289,54.9153938293457,15.989999771118164,16.60099983215332,1.7729754939988025
2019-06-12,61.89939880371094,54.321048736572266,15.90999984741211,16.493499851226808,1.768389445916312
2019-06-13,61.645172119140625,54.797996520996094,15.819999694824219,16.462499809265136,1.642823398729585
2019-06-14,62.15361022949219,54.55583953857422,15.279999732971191,16.461999797821044,1.8168573805944432
2019-06-17,62.20442581176758,55.098846435546875,15.350000381469727,16.431499814987184,1.7728124930245694
2019-06-18,61.76382064819336,55.575775146484375,15.149999618530273,16.373499822616576,1.5930678454434137
2019-06-19,62.30613327026367,55.26760482788086,14.329999923706055,16.342499828338624,1.7840996215694858
2019-06-20,62.365447998046875,56.21416473388672,14.75,16.342499828338624,1.6988136410480654
2019-06-21,61.81464767456055,57.00664138793945,15.399999618530273,16.26649980545044,1.4528556644709496
2019-06-24,62.67894744873047,56.4636344909668,15.260000228881836,16.236999797821046,1.762926759016629
2019-06-25,62.62812423706055,55.964683532714844,16.280000686645508,16.17599983215332,1.8021974037449484
2019-06-26,61.30622863769531,56.20682907104492,16.209999084472656,16.09149980545044,1.3916906379382328
2019-06-27,61.12831115722656,55.634490966796875,15.819999694824219,16.01749982833862,1.401963782170053
2019-06-28,60.730037689208984,56.22883605957031,15.079999923706055,15.835999870300293,1.2218068212112776
2019-07-01,61.07744598388672,56.17748260498047,14.0600004196167,15.59599986076355,1.328361710303674
2019-07-02,61.63671112060547,55.561100006103516,12.930000305175781,15.393999910354614,1.5577063770882726
2019-07-03,62.704376220703125,56.08942794799805,12.569999694824219,15.21799988746643,1.8108520450875185
2019-07-05,61.97564697265625,55.8619499206543,13.279999732971191,15.0854998588562,1.6236485520033375
2019-07-08,62.17902755737305,56.11878204345703,13.960000038146973,14.968499898910522,1.6549523818182728
2019-07-09,61.95021057128906,56.08209228515625,14.09000015258789,14.875999927520752,1.5924088800691656
2019-07-10,62.27223205566406,56.87456512451172,13.029999732971191,14.727999925613403,1.600182688670461
2019-07-11,62.611175537109375,56.9185791015625,12.930000305175781,14.578999948501586,1.6939468837374494
2019-07-12,63.02637481689453,56.96260452270508,12.390000343322754,14.407499980926513,1.8098775808498737
2019-07-15,62.704376220703125,56.55904006958008,12.680000305175781,14.277500009536743,1.7599848787064443
2019-07-16,63.12805938720703,55.71519088745117,12.859999656677246,14.152999973297119,1.974554134851901
2019-07-17,62.8553352355957,55.38500213623047,13.970000267028809,14.094000005722046,1.9310377651228992
2019-07-18,62.966129302978516,54.9153938293457,13.529999732971191,14.053999996185302,2.0141126167643595
2019-07-19,61.96043395996094,55.02545928955078,14.449999809265137,14.038999986648559,1.7098325875851519
2019-07-22,61.66213607788086,55.084163665771484,13.529999732971191,13.945499992370605,1.616757979287405
2019-07-23,61.602481842041016,55.30429458618164,12.609999656677246,13.812999963760376,1.5755723412192613
2019-07-24,60.75019836425781,55.29694747924805,12.069999694824219,13.60249991416931,1.3286073301165764
2019-07-25,61.3041877746582,54.98143005371094,12.739999771118164,13.428999948501588,1.523829395893196
2019-07-26,62.8042106628418,54.893375396728516,12.15999984741211,13.245999956130982,1.9694274630996658
2019-07-29,64.4064712524414,55.282264709472656,12.829999923706055,13.133499956130981,2.3930849397156075
2019-07-30,63.69907760620117,55.28961181640625,13.9399995803833,13.127499914169311,2.1866481075549573
2019-07-31,61.14224624633789,54.563175201416016,16.1200008392334,13.286999940872192,1.5220568893376252
2019-08-01,60.73316955566406,53.16900634765625,17.8700008392334,13.55199999809265,1.5541500764587177
2019-08-02,60.68202590942383,52.648040771484375,17.610000610351562,13.76850004196167,1.5957121363824485
2019-08-05,58.63655471801758,51.569393157958984,24.59000015258789,14.300000047683715,1.11792511469807
2019-08-06,59.53144073486328,52.06836700439453,20.170000076293945,14.604000043869018,1.3240230523951122
2019-08-07,60.0343017578125,51.730831146240234,19.489999771118164,14.927000045776367,1.5067669540239803
2019-08-08,61.116676330566406,53.11030960083008,16.90999984741211,15.126000022888183,1.671994285824354
2019-08-09,60.954734802246094,51.98029327392578,17.969999313354492,15.40499997138977,1.7473179351998207
2019-08-12,60.28145980834961,51.727725982666016,21.09000015258789,15.825499963760375,1.5789527294297088
2019-08-13,61.099639892578125,52.366615295410156,17.520000457763672,16.058500003814697,1.7475967901494496
2019-08-14,60.10249328613281,50.256805419921875,22.100000381469727,16.465000009536745,1.6862530348455858
2019-08-15,60.826908111572266,49.959651947021484,21.18000030517578,16.847500038146972,1.929029037737786
2019-08-16,61.602481842041016,50.73967742919922,18.469999313354492,17.04850001335144,2.0699998266255735
2019-08-19,62.2843017578125,51.593990325927734,16.8799991607666,17.21599998474121,2.1756695390004306
2019-08-20,61.82406997680664,51.28199005126953,17.5,17.46050000190735,2.075674127604112
2019-08-21,61.88373565673828,51.79458999633789,15.800000190734863,17.64700002670288,2.037495586561842
2019-08-22,62.2502326965332,51.683143615722656,16.68000030517578,17.84400005340576,2.1561087289920895
2019-08-23,61.55987548828125,50.13792037963867,19.8700008392334,18.229500102996827,2.122794820490518
2019-08-26,62.02010726928711,50.40536880493164,19.31999969482422,18.554000091552734,2.22761597259943
2019-08-27,62.59112548828125,49.91505813598633,20.309999465942383,18.872500085830687,2.4467215040105947
2019-08-28,63.068382263183594,50.27907943725586,19.350000381469727,19.034000062942503,2.546031338947292
2019-08-29,63.238861083984375,50.836246490478516,17.8799991607666,19.034499979019166,2.53523904756625
2019-08-30,63.19622039794922,50.8734016418457,18.979999542236328,19.102999925613403,2.5188187493098053
2019-09-03,63.33259201049805,50.93281936645508,19.65999984741211,18.856499910354614,2.5520263271370256
2019-09-04,63.809879302978516,51.475135803222656,17.329999923706055,18.71449990272522,2.632032567199269
2019-09-05,63.3155632019043,52.20317077636719,16.270000457763672,18.553499937057495,2.409474843845776
2019-09-06,63.664981842041016,52.6934928894043,15.0,18.45799994468689,2.457941253282199
2019-09-09,62.3780632019043,53.109500885009766,15.270000457763672,18.32300000190735,2.038770042368323
2019-09-10,61.46613311767578,53.54039001464844,15.199999809265137,18.02849998474121,1.7269970092103615
2019-09-11,62.0882682800293,53.43638610839844,14.609999656677246,17.88299994468689,1.919118611347322
2019-09-12,61.611026763916016,53.4735107421875,14.220000267028809,17.488999938964845,1.7763621254523783
2019-09-13,60.26441955566406,53.963844299316406,13.739999771118164,17.116999912261964,1.3317885541106729
2019-09-16,59.173500061035156,54.77358627319336,14.670000076293945,16.926999950408934,0.9269465173787717
2019-09-17,59.53998565673828,54.357566833496094,14.4399995803833,16.80499997138977,1.0785468963866147
2019-09-18,60.298492431640625,54.09756088256836,13.949999809265137,16.627499961853026,1.3272097867524457
2019-09-19,60.468955993652344,53.7335319519043,14.050000190734863,16.539999961853027,1.416194618105184
2019-09-20,60.468955993652344,53.547813415527344,15.319999694824219,16.47199993133545,1.4363111680317722
2019-09-23,60.937713623046875,53.5849494934082,14.90999984741211,16.223999881744383,1.5685576403294919
2019-09-24,61.78145980834961,52.849483489990234,17.049999237060547,16.1104998588562,1.893500428773702
2019-09-25,61.568397521972656,53.0055046081543,15.960000038146973,15.89299988746643,1.814662913577506
2019-09-26,61.97749328613281,52.72320556640625,16.06999969482422,15.728999853134155,1.964165923224096
2019-09-27,62.43771743774414,53.102081298828125,17.219999313354492,15.69599986076355,2.0569153406920586
2019-09-30,62.650779724121094,52.45575714111328,16.239999771118164,15.558999872207641,2.1888612088114234
2019-10-01,61.13372039794922,51.222557067871094,18.559999465942383,15.503999853134156,1.881425492393746
2019-10-02,60.10249328613281,49.885345458984375,20.559999465942383,15.665499830245972,1.7264886138874145
2019-10-03,60.40079879760742,50.501949310302734,19.1200008392334,15.807999849319458,1.7464178052648582
2019-10-04,61.42351150512695,51.237430572509766,17.040000915527344,15.909999895095826,1.9640573959064316
2019-10-07,61.039974212646484,50.53166580200195,17.860000610351562,16.03949990272522,1.9290088028123844
2019-10-08,60.238834381103516,49.55104446411133,20.280000686645508,16.29349994659424,1.802333910188848
2019-10-09,60.196231842041016,50.10078811645508,18.639999389648438,16.4949999332428,1.7304024450731943
2019-10-10,60.315547943115234,50.70254135131836,17.56999969482422,16.66249990463257,1.699907570090902
2019-10-11,60.09395980834961,51.244850158691406,15.579999923706055,16.754499912261963,1.5767498904335713
2019-10-14,59.15645217895508,51.393409729003906,14.569999694824219,16.749499893188478,1.2881226093942024
2019-10-15,58.29566955566406,51.57170867919922,13.539999961853027,16.704499912261962,1.0185781773494356
2019-10-16,57.826904296875,50.68767166137695,13.680000305175781,16.690999937057494,0.9780635993017472
2019-10-17,58.02293014526367,50.620811462402344,13.789999961853027,16.677999925613403,1.0422909021264786
2019-10-18,57.98032760620117,50.22707748413086,14.25,16.62449994087219,1.0725544856642737
2019-10-21,58.210426330566406,51.06654739379883,14.0,16.578999948501586,1.048515528968272
2019-10-22,57.51569366455078,51.326560974121094,14.460000038146973,16.449499988555907,0.8183910970853442
2019-10-23,57.92739486694336,51.816871643066406,14.010000228881836,16.35199999809265,0.8849644348480774
2019-10-24,58.61353302001953,51.326560974121094,13.710000038146973,16.23400001525879,1.1375356044385743
2019-10-25,58.6735725402832,51.44542694091797,12.649999618530273,16.005500030517577,1.1421139824675435
2019-10-28,57.764442443847656,50.99226760864258,13.109999656677246,15.849000024795533,0.9269127477258765
2019-10-29,58.2533073425293,50.84368133544922,13.199999809265137,15.58100004196167,1.0851214140729153
2019-10-30,58.81938171386719,50.30879211425781,12.329999923706055,15.169500064849853,1.3076183903310505
2019-10-31,58.83652114868164,50.197357177734375,13.220000267028809,14.874500036239624,1.3246712078816856
2019-11-01,57.301292419433594,51.70542907714844,12.300000190734863,14.6375,0.7150261362846575
2019-11-04,56.10055160522461,53.243228912353516,12.829999923706055,14.385999965667725,0.19939744293841494
2019-11-05,56.572269439697266,54.29813766479492,13.100000381469727,14.026999950408936,0.2222619588607763
2019-11-06,57.05255889892578,53.109500885009766,12.619999885559082,13.725999975204468,0.49063329657285426
2019-11-07,57.352752685546875,54.23872375488281,12.729999542236328,13.483999967575073,0.4555858521593112
2019-11-08,57.14690399169922,53.208656311035156,12.069999694824219,13.308499956130982,0.5073193806139729
2019-11-11,57.06972885131836,52.885379791259766,12.6899995803833,13.214499950408936,0.5199008577896566
2019-11-12,57.15548324584961,52.15607833862305,12.680000305175781,13.171499967575073,0.6238259047310719
2019-11-13,57.361324310302734,51.72752380371094,13.0,13.137499952316285,0.7300843060543851
2019-11-14,57.15548324584961,51.501953125,13.050000190734863,13.100499963760376,0.6946790504363543
2019-11-15,56.923912048339844,52.02073669433594,12.050000190734863,12.99049997329712,0.5711674634723637
2019-11-18,57.57575607299805,51.516990661621094,12.460000038146973,12.913499975204468,0.8152245322426737
2019-11-19,57.60145950317383,50.9907112121582,12.859999656677246,12.833499956130982,0.8797018047123963
2019-11-20,57.64435958862305,51.148582458496094,12.779999732971191,12.771999931335449,0.8750727576823875
2019-11-21,57.24982452392578,52.38163757324219,13.130000114440918,12.742999935150147,0.6268191472976706
2019-11-22,57.21551513671875,52.15607833862305,12.34000015258789,12.727499961853027,0.6412773179469284
2019-11-25,57.44709396362305,51.81022644042969,11.869999885559082,12.66549997329712,0.746059612928112
2019-11-26,58.14181900024414,51.682395935058594,11.539999961853027,12.582499980926514,0.9618640992601479
2019-11-27,58.0474853515625,51.652313232421875,11.75,12.553499984741212,0.9376995638877743
2019-11-29,58.167545318603516,51.223777770996094,12.619999885559082,12.523499965667725,1.0190191305235259
2019-12-02,57.953125,51.441802978515625,14.90999984741211,12.653999948501587,0.933070710074223
2019-12-03,57.721561431884766,51.03581619262695,15.960000038146973,12.810499954223634,0.9097300661212679
2019-12-04,58.39054489135742,51.614749908447266,14.800000190734863,12.89549994468689,1.0414965484467336
2019-12-05,58.167545318603516,51.434288024902344,14.520000457763672,12.99049997329712,0.9962172060878898
2019-12-06,58.527767181396484,52.2613410949707,13.619999885559082,13.034999990463257,1.0113503145423648
2019-12-09,58.83652114868164,52.374114990234375,15.859999656677246,13.224499988555909,1.088890450249778
2019-12-10,58.26189041137695,51.922996520996094,15.680000305175781,13.374000024795532,0.9707079124571749
2019-12-11,57.85877990722656,51.84782028198242,14.989999771118164,13.48949999809265,0.8616656268818639
2019-12-12,57.6615104675293,52.885379791259766,13.9399995803833,13.536499977111816,0.6919331787531346
2019-12-13,58.913726806640625,52.05081558227539,12.630000114440918,13.51549997329712,1.1463532712544962
2019-12-16,59.0681037902832,52.629737854003906,12.140000343322754,13.519999980926514,1.1285236687647908
2019-12-17,58.1847038269043,52.389156341552734,12.289999961853027,13.511499977111816,0.8977763669859176
2019-12-18,58.5534782409668,52.532005310058594,12.579999923706055,13.497499990463258,0.9895069351948066
2019-12-19,58.61353302001953,52.171112060546875,12.5,13.483500003814697,1.0460560223404516
2019-12-20,59.05095291137695,52.584625244140625,12.510000228881836,13.452500009536744,1.1284243483781458
2019-12-23,58.93946075439453,52.847774505615234,12.609999656677246,13.465999984741211,1.0675096684766285
2019-12-24,58.79365539550781,52.6447639465332,12.670000076293945,13.505999994277953,1.047113281400604
2019-12-26,58.81938171386719,52.72746658325195,12.649999618530273,13.561499977111817,1.0456338482338159
2019-12-27,59.3339729309082,52.547035217285156,13.430000305175781,13.645499992370606,1.214770594224905
2019-12-30,58.99949264526367,52.23876953125,14.819999694824219,13.755499982833863,1.1509269201669632
2019-12-31,59.04237747192383,52.46434020996094,13.779999732971191,13.698999977111816,1.1389604105339937
