Date,CVX,META,VIX,AvgVIX,zscore
2020-01-30,84.41715240478516,207.89852905273438,15.489999771118164,13.696000051498412,-0.812778928617027
2020-01-31,81.18898010253906,200.33786010742188,18.84000015258789,14.014500045776368,-0.8966512692593748
2020-02-03,80.53730773925781,202.60011291503906,17.969999313354492,14.211999988555908,-0.9240966041440434
2020-02-04,80.96923065185547,208.19618225097656,16.049999237060547,14.32199993133545,-0.9255975542225594
2020-02-05,83.56842041015625,208.4739990234375,15.149999618530273,14.389999914169312,-0.8419438017945846
2020-02-06,82.96977233886719,209.208251953125,14.960000038146973,14.465499925613404,-0.8634263110723627
2020-02-07,82.55300903320312,210.67674255371094,15.470000267028809,14.611999940872192,-0.8810386584014223
2020-02-10,83.1971206665039,211.4010467529297,15.039999961853027,14.735999917984008,-0.8621272540310428
2020-02-11,84.27316284179688,205.5767364501953,15.180000305175781,14.878999948501587,-0.8110123973557545
2020-02-12,84.9021224975586,209.11892700195312,13.739999771118164,14.946499919891357,-0.8004133982246068
2020-02-13,84.61418151855469,211.48040771484375,14.149999618530273,15.032999897003174,-0.8163196870806997
2020-02-14,84.39187622070312,212.51231384277344,13.680000305175781,15.100999927520752,-0.8264041911053663
2020-02-18,84.5145263671875,216.10411071777344,14.829999923706055,15.237499904632568,-0.8323883915289165
2020-02-19,84.8978271484375,215.7965545654297,14.380000114440918,15.313999891281128,-0.8190847936089708
2020-02-20,84.18486022949219,212.9092254638672,15.5600004196167,15.446499919891357,-0.8342298317076001
2020-02-21,83.571533203125,208.54345703125,17.079999923706055,15.651499938964843,-0.8420354557678205
2020-02-24,80.27497863769531,199.15713500976562,25.030000686645508,16.174999952316284,-0.9230623464351956
2020-02-25,77.20842742919922,195.23788452148438,27.850000381469727,16.655999994277956,-1.0117907758288358
2020-02-26,75.16150665283203,195.66452026367188,27.559999465942383,17.219999933242796,-1.0794611889634256
2020-02-27,72.16392517089844,188.2725372314453,39.15999984741211,18.35849995613098,-1.156311807590982
2020-02-28,71.55825805664062,190.97137451171875,40.11000061035156,19.589499998092652,-1.1834744550483132
2020-03-02,74.04986572265625,194.91043090820312,33.41999816894531,20.318499898910524,-1.1134758370397682
2020-03-03,72.3632583618164,184.44259643554688,36.81999969482422,21.26099991798401,-1.1392083064087601
2020-03-04,75.53714752197266,190.2668914794922,31.989999771118164,22.05799994468689,-1.0522803289196205
2020-03-05,74.50984191894531,183.72817993164062,39.619998931884766,23.281499910354615,-1.0675020738136423
2020-03-06,73.07623291015625,179.6799774169922,41.939998626708984,24.630499839782715,-1.1028327408676104
2020-03-09,61.84493637084961,168.1802215576172,54.459999084472656,26.57999978065491,-1.4357241858808483
2020-03-10,65.149169921875,176.80255126953125,47.29999923706055,28.192999744415282,-1.3523276268877682
2020-03-11,63.654212951660156,168.91444396972656,53.900001525878906,30.12899980545044,-1.378994372378308
2020-03-12,58.46405029296875,153.26724243164062,75.47000122070312,33.21549987792969,-1.5041525811802177
2020-03-13,63.95320510864258,168.9541473388672,57.83000183105469,35.39949998855591,-1.36939293934298
2020-03-16,53.43489074707031,144.87310791015625,82.69000244140625,38.850000095367434,-1.6442100663669579
2020-03-17,54.19386291503906,148.25657653808594,75.91000366210938,41.9040002822876,-1.6289476191440408
2020-03-18,42.203590393066406,145.8157196044922,76.44999694824219,45.007500123977664,-2.0116319272941245
2020-03-19,43.99753189086914,151.93768310546875,72.0,47.829500102996825,-1.9703523756193895
2020-03-20,45.53081512451172,148.56411743164062,66.04000091552734,50.27750015258789,-1.9111871415585246
2020-03-23,41.5672721862793,146.9468536376953,61.59000015258789,52.10550012588501,-2.035439438975664
2020-03-24,51.019981384277344,159.72654724121094,61.66999816894531,53.796500015258786,-1.7638707197774284
2020-03-25,53.105224609375,154.99368286132812,63.95000076293945,55.61600008010864,-1.6830048216698064
2020-03-26,58.55604934692383,162.06817626953125,61.0,56.708000087738036,-1.5255888599961578
2020-03-27,52.72957229614258,155.56918334960938,65.54000091552734,57.97950010299682,-1.6968035924615787
2020-03-30,55.159828186035156,164.6578369140625,57.08000183105469,59.16250028610229,-1.6430890113702432
2020-03-31,55.55080795288086,165.50123596191406,53.540000915527344,59.99850034713745,-1.6327301434018384
2020-04-01,52.560909271240234,158.3572998046875,57.060001373291016,61.252000427246095,-1.7100195999412298
2020-04-02,58.356719970703125,156.95828247070312,50.90999984741211,61.81650047302246,-1.5178822404831438
2020-04-03,57.58240509033203,152.97947692871094,46.79999923706055,62.059500503540036,-1.5319908469552026
2020-04-06,61.63027572631836,164.26097106933594,45.2400016784668,61.598500633239745,-1.4318198397458075
2020-04-07,62.036582946777344,167.5154266357422,46.70000076293945,61.568500709533694,-1.4276543272835467
2020-04-08,65.91580200195312,172.92298889160156,43.349998474121094,61.041000556945804,-1.3166598766760804
2020-04-09,64.63550567626953,173.82591247558594,41.66999816894531,59.35100040435791,-1.3607512247102436
2020-04-13,65.09550476074219,173.42901611328125,41.16999816894531,58.51800022125244,-1.3447084366412558
2020-04-14,64.86550903320312,176.78269958496094,37.7599983215332,56.27150001525879,-1.3614861749794585
2020-04-15,63.24020767211914,175.592041015625,40.84000015258789,54.51799983978272,-1.4109735457542145
2020-04-16,61.32363510131836,174.87765502929688,40.11000061035156,52.70100002288818,-1.471243510221957
2020-04-17,66.82810974121094,177.84439086914062,38.150001525878906,51.00850009918213,-1.3006850104072278
2020-04-20,64.06817626953125,176.85215759277344,43.83000183105469,49.898000144958495,-1.387577246499817
2020-04-21,62.58858108520508,169.47007751464844,45.40999984741211,49.089000129699706,-1.4151493592769833
2020-04-22,64.73516845703125,180.86070251464844,41.97999954223633,48.104500198364256,-1.3770371411982094
2020-04-23,66.54444885253906,183.6885223388672,41.380001068115234,46.976000213623045,-1.3261173946297107
2020-04-24,66.70545959472656,188.59005737304688,35.93000030517578,45.722500228881835,-1.3344904075012947
2020-04-27,68.7753677368164,186.0400390625,33.290000915527344,44.11000022888184,-1.2601804863997308
2020-04-28,68.92870330810547,181.4857940673828,33.56999969482422,42.93450012207031,-1.2425609396467527
2020-04-29,72.53959655761719,192.67794799804688,31.229999542236328,41.81900005340576,-1.1563355356880023
2020-04-30,70.5309829711914,203.1160430908203,34.150001525878906,40.673500061035156,-1.2505456759553828
2020-05-01,68.56838989257812,200.69503784179688,37.189998626708984,39.9875,-1.3075741990830554
2020-05-04,70.10166931152344,203.66177368164062,35.970001220703125,39.44600009918213,-1.26600481271143
2020-05-05,71.21328735351562,205.4576873779297,33.61000061035156,38.86450004577637,-1.234882198538516
2020-05-06,69.03601837158203,206.84677124023438,34.119998931884766,38.235499954223634,-1.3094574795096727
2020-05-07,71.02163696289062,209.6150360107422,31.440000534057617,37.64000005722046,-1.252644781663872
2020-05-08,73.19123077392578,210.69656372070312,27.979999542236328,36.95550012588501,-1.1851752869277026
2020-05-11,71.58128356933594,211.52011108398438,27.56999969482422,36.275500202178954,-1.2397537986715501
2020-05-12,69.84101104736328,208.46408081054688,33.040000915527344,36.03950033187866,-1.28779875403994
2020-05-13,68.00106811523438,203.50302124023438,35.279998779296875,35.76150026321411,-1.3337942490417094
2020-05-14,69.03601837158203,205.19967651367188,32.61000061035156,35.38650026321411,-1.3048864313046091
2020-05-15,68.35371398925781,209.23802185058594,31.889999389648438,35.07350015640259,-1.3382557756937292
2020-05-18,71.99427795410156,211.530029296875,29.299999237060547,34.34700002670288,-1.2263667782393448
2020-05-19,69.71502685546875,215.1912841796875,30.530000686645508,33.60300006866455,-1.3105603305409257
2020-05-20,72.34432983398438,228.17935180664062,27.989999771118164,32.90350008010864,-1.261202191909491
2020-05-21,71.59754943847656,229.58831787109375,29.530000686645508,32.31100006103516,-1.289368690679911
2020-05-22,70.22844696044922,233.0808868408203,28.15999984741211,31.92250003814697,-1.3435313999706613
2020-05-26,72.57770538330078,230.3920135498047,28.010000228881836,31.658500003814698,-1.2597624986999518
2020-05-27,73.04443359375,227.3558349609375,27.6200008392334,31.361000061035156,-1.236176555086802
2020-05-28,70.68740844726562,223.70448303222656,28.59000015258789,31.229000091552734,-1.3026022166678823
2020-05-29,71.33306884765625,223.3373565673828,27.510000228881836,30.89700002670288,-1.2806115476446134
2020-06-01,72.18095397949219,230.104248046875,28.229999542236328,30.449000072479247,-1.2718508409015545
2020-06-02,73.65897369384766,230.90797424316406,26.84000015258789,29.992500019073486,-1.2260735300664265
2020-06-03,75.59593963623047,228.36788940429688,25.65999984741211,29.594999980926513,-1.156109296263056
2020-06-04,74.89582061767578,224.5280303955078,25.809999465942383,29.179500007629393,-1.1681935404951407
2020-06-05,78.41969299316406,228.97315979003906,24.520000457763672,28.8335000038147,-1.0660702082047013
2020-06-08,80.30998992919922,229.59820556640625,25.809999465942383,28.725,-1.006405768775625
2020-06-09,78.97976684570312,236.8115997314453,27.56999969482422,28.725,-1.0696317333199652
2020-06-10,75.90709686279297,234.88673400878906,27.56999969482422,28.451499938964844,-1.1640937617779181
2020-06-11,69.52056884765625,222.68247985839844,40.790000915527344,28.727000045776368,-1.3376662632962855
2020-06-12,71.86981964111328,226.80018615722656,36.09000015258789,28.901000022888184,-1.2727873572908373
2020-06-15,70.96746826171875,230.68968200683594,34.400001525878906,29.026500129699706,-1.3128909982776635
2020-06-16,73.14556121826172,233.8151397705078,33.66999816894531,29.245000076293945,-1.2508177943066765
2020-06-17,71.2085952758789,233.696044921875,33.470001220703125,29.392000102996825,-1.3134022227221347
2020-06-18,71.51976776123047,234.1029052734375,32.939998626708984,29.639500045776366,-1.304424099178205
2020-06-19,70.5007095336914,236.93067932128906,35.119998931884766,29.91899995803833,-1.3453720062271706
2020-06-22,71.24748992919922,237.3573455810547,31.770000457763672,30.09949998855591,-1.322299788742131
2020-06-23,71.13080596923828,240.3538360595703,31.3700008392334,30.267500019073488,-1.3344057382715855
2020-06-24,68.1748046875,232.19784545898438,33.84000015258789,30.57849998474121,-1.4077854947165063
2020-06-25,69.39608001708984,233.8448944091797,32.220001220703125,30.760000038146973,-1.372687950025111
2020-06-26,67.25687408447266,214.39752197265625,34.72999954223633,31.121000003814697,-1.3882011735056485
2020-06-29,68.19815063476562,218.92202758789062,31.780000686645508,31.298500061035156,-1.370183891787259
2020-06-30,69.41165161132812,225.30194091796875,30.43000030517578,31.47800006866455,-1.3484736013431935
2020-07-01,68.15924835205078,235.70037841796875,28.6200008392334,31.626000118255615,-1.4180110780931414
2020-07-02,68.69598388671875,231.60250854492188,27.68000030517578,31.719500160217287,-1.3892047882810403
2020-07-06,68.89824676513672,238.4091033935547,27.940000534057617,31.890500164031984,-1.4015248407807919
2020-07-07,67.14019012451172,238.9845733642578,29.43000030517578,32.07150020599365,-1.4602256529875626
2020-07-08,67.17130279541016,241.68341064453125,28.079999923706055,32.097000217437746,-1.4667049405555246
2020-07-09,64.36309814453125,242.59622192382812,29.260000228881836,32.18150024414062,-1.5604519970025277
2020-07-10,66.30007934570312,243.1617889404297,27.290000915527344,31.506500244140625,-1.499106130905467
2020-07-13,66.43230438232422,237.13906860351562,32.189998626708984,31.31150016784668,-1.4780969389289715
2020-07-14,68.72710418701172,237.8633575439453,29.520000457763672,31.067500114440918,-1.4055691898266063
2020-07-15,69.14717864990234,238.4091033935547,27.760000228881836,30.772000217437743,-1.3934392390067296
2020-07-16,68.73489379882812,239.0540313720703,28.0,30.49850015640259,-1.4086205543896186
2020-07-17,67.82474517822266,240.1454620361328,25.68000030517578,30.13550024032593,-1.4412122159554854
2020-07-20,66.33119201660156,243.5090789794922,24.459999084472656,29.602500247955323,-1.4990593604254547
2020-07-21,71.09192657470703,239.86764526367188,24.84000015258789,29.256000232696532,-1.334319301125073
2020-07-22,70.81964874267578,238.00228881835938,24.31999969482422,28.903500175476076,-1.3379864346294397
2020-07-23,70.79631042480469,230.78887939453125,26.079999923706055,28.515500164031984,-1.3187257015262728
2020-07-24,70.11176300048828,228.91363525390625,25.84000015258789,28.19650011062622,-1.3357563980395646
2020-07-27,70.81964874267578,231.68186950683594,24.739999771118164,27.697000122070314,-1.3204458883067136
2020-07-28,69.31830596923828,228.32818603515625,25.440000534057617,27.380000114440918,-1.3599040703616687
2020-07-29,70.0650863647461,231.4735107421875,24.100000381469727,27.063500118255615,-1.3443767248352017
2020-07-30,67.10906982421875,232.6741180419922,24.760000228881836,26.870500087738037,-1.4437235830425055
2020-07-31,65.29658508300781,251.69482421875,24.459999084472656,26.70950002670288,-1.555381850052936
2020-08-03,65.97335815429688,249.99813842773438,24.280000686645508,26.526500034332276,-1.5286907867127835
2020-08-04,67.28022766113281,247.8847198486328,23.760000228881836,26.243000030517578,-1.4803769219195624
2020-08-05,67.8325424194336,247.18023681640625,22.989999771118164,25.988500022888182,-1.4604819913769014
2020-08-06,68.04257202148438,263.2144470214844,22.649999618530273,25.657999992370605,-1.4981584228769225
2020-08-07,67.5213851928711,266.3497619628906,22.209999084472656,25.403999900817873,-1.5237883718270848
2020-08-10,69.80059814453125,260.95220947265625,22.1299991607666,24.90099992752075,-1.4347774528696773
2020-08-11,69.71502685546875,254.13568115234375,24.030000686645508,24.626499938964844,-1.41863955209891
2020-08-12,70.57072448730469,257.8663635253906,22.280000686645508,24.352499961853027,-1.4011989416148931
2020-08-13,69.87061309814453,259.265380859375,22.1299991607666,24.058999919891356,-1.4278219660079308
2020-08-14,70.28292083740234,259.2058410644531,22.049999237060547,23.877499866485596,-1.4142644874660375
2020-08-17,70.60960388183594,259.12652587890625,21.350000381469727,23.72199993133545,-1.403433319157402
2020-08-18,69.14977264404297,260.2973327636719,21.510000228881836,23.555499935150145,-1.4540996080541422
2020-08-19,68.17125701904297,260.54541015625,22.540000915527344,23.466499996185302,-1.4865714208796215
2020-08-20,66.92446899414062,266.9154052734375,22.719999313354492,23.298499965667723,-1.544746699257402
2020-08-21,67.13752746582031,264.93096923828125,22.540000915527344,23.133500003814696,-1.532319064193752
2020-08-24,68.81045532226562,269.2768249511719,22.3700008392334,23.01500005722046,-1.490041090913955
2020-08-25,67.9660873413086,278.6333923339844,22.030000686645508,22.844500064849854,-1.5434336821508843
2020-08-26,66.90080261230469,301.54364013671875,23.270000457763672,22.803000068664552,-1.641616338752794
2020-08-27,67.0033950805664,290.9368896484375,24.469999313354492,22.788500022888183,-1.6088479610834276
2020-08-28,67.57154846191406,291.3734130859375,22.959999084472656,22.713500022888184,-1.5916051159222864
2020-08-31,66.23006439208984,290.9170837402344,26.40999984741211,22.819999980926514,-1.6339116899433386
2020-09-01,65.559326171875,293.13958740234375,26.1200008392334,22.938000011444093,-1.661865993816079
2020-09-02,65.64613342285156,300.14459228515625,26.56999969482422,23.117000007629393,-1.6784868127777766
2020-09-03,64.92801666259766,288.8532409667969,33.599998474121094,23.664499950408935,-1.6704761235879033
2020-09-04,64.65182495117188,280.5285339355469,30.75,24.091499996185302,-1.65634427351639
2020-09-08,62.31608581542969,269.0486145019531,31.459999084472656,24.557999992370604,-1.700352552814907
2020-09-09,63.15251159667969,271.5887451171875,28.809999465942383,24.79699993133545,-1.6802338732232232
2020-09-10,61.668983459472656,266.0025329589844,29.709999084472656,25.168499851226805,-1.7129176593215392
2020-09-11,61.30600357055664,264.5340576171875,26.8700008392334,25.405499935150146,-1.7206323347028656
2020-09-14,60.990360260009766,264.0776672363281,25.850000381469727,25.595499992370605,-1.7296182192651044
2020-09-15,60.248592376708984,270.29888916015625,25.59000015258789,25.807499980926515,-1.7709769685143628
2020-09-16,61.99253463745117,261.4681091308594,26.040000915527344,26.03400001525879,-1.6898243165982898
2020-09-17,62.17403030395508,252.83590698242188,26.459999084472656,26.229999923706053,-1.6599728734317176
2020-09-18,61.716331481933594,250.56369018554688,25.829999923706055,26.385499954223633,-1.668533573313133
2020-09-21,60.20914077758789,246.2178192138672,27.780000686645508,26.64749994277954,-1.7054281656986148
2020-09-22,59.60152816772461,252.76641845703125,26.860000610351562,26.87199993133545,-1.7433379368208106
2020-09-23,56.776519775390625,247.08103942871094,28.579999923706055,27.199499893188477,-1.8193193770413438
2020-09-24,56.65814208984375,247.5870819091797,28.510000228881836,27.461499881744384,-1.8245688027434201
2020-09-25,56.681819915771484,252.83590698242188,26.3799991607666,27.55699987411499,-1.838366356854026
2020-09-28,58.33895492553711,254.8203125,26.190000534057617,27.71849994659424,-1.7900478129843165
2020-09-29,56.73707580566406,259.7516174316406,26.270000457763672,27.711499977111817,-1.8557641897188435
2020-09-30,56.81597137451172,259.86077880859375,26.3700008392334,27.723999977111816,-1.8535045151161988
2020-10-01,55.56916427612305,264.5539245605469,26.700000762939453,27.73050003051758,-1.9070267891864823
2020-10-02,56.176795959472656,257.9159851074219,27.6299991607666,27.432000064849852,-1.8688684599070993
2020-10-05,57.36834716796875,262.58935546875,27.959999084472656,27.292500019073486,-1.8431350937845803
2020-10-06,57.052703857421875,256.64599609375,29.479999542236328,27.19350004196167,-1.8368934389907503
2020-10-07,58.220584869384766,256.1101379394531,28.059999465942383,27.15600004196167,-1.7974721600558972
2020-10-08,59.356903076171875,261.7062683105469,26.360000610351562,26.988500118255615,-1.7760936879979217
2020-10-09,58.39418411254883,262.39093017578125,25.0,26.895000076293947,-1.8092640240195896
2020-10-12,58.796627044677734,273.6028747558594,25.06999969482422,26.85600004196167,-1.8273078011004686
2020-10-13,57.920719146728516,273.9898986816406,26.06999969482422,26.880000019073485,-1.8568324007295371
2020-10-14,57.56562042236328,269.7035217285156,26.399999618530273,26.897999954223632,-1.8564707931227598
2020-10-15,58.00752258300781,264.6432189941406,26.969999313354492,26.923499965667723,-1.8280738416173534
2020-10-16,57.51827621459961,263.8594055175781,27.40999984741211,27.002499961853026,-1.841789887919814
2020-10-19,56.24779510498047,259.3645935058594,29.18000030517578,27.07249994277954,-1.8705825289841955
2020-10-20,56.56344985961914,265.4767150878906,29.350000381469727,27.196999931335448,-1.877292164105424
2020-10-21,55.92426300048828,276.5597229003906,28.649999618530273,27.20049991607666,-1.9288114799376828
2020-10-22,57.920719146728516,275.9544372558594,28.110000610351562,27.180499935150145,-1.8622844250597965
2020-10-23,57.265743255615234,282.57257080078125,27.549999237060547,27.238999938964845,-1.901925584424616
2020-10-26,55.97951126098633,274.9522705078125,32.459999084472656,27.552499866485597,-1.9225559190955452
2020-10-27,54.851078033447266,281.0841979980469,33.349998474121094,27.906499767303465,-1.976226204050504
2020-10-28,52.775718688964844,265.5858154296875,40.279998779296875,28.60199966430664,-2.0006249257165463
2020-10-29,54.29081344604492,278.64337158203125,37.59000015258789,29.146499633789062,-1.9876504326107653
2020-10-30,54.84318923950195,261.06134033203125,38.02000045776367,29.665999698638917,-1.920914630928197
2020-11-02,56.93434143066406,259.32489013671875,37.130001068115234,30.124499797821045,-1.8481725075151973
2020-11-03,56.610801696777344,263.2342224121094,35.54999923706055,30.427999782562257,-1.8695307127092098
2020-11-04,56.634464263916016,285.1423645019531,29.56999969482422,30.50349979400635,-1.92956201176301
2020-11-05,56.92643356323242,292.385498046875,27.579999923706055,30.56449975967407,-1.9401797840928574
2020-11-06,56.14522171020508,291.12542724609375,24.860000610351562,30.55749979019165,-1.962057496077741
2020-11-09,62.655391693115234,276.5993957519531,25.75,30.59149980545044,-1.7102865668292346
2020-11-10,65.55142974853516,270.3087158203125,24.799999237060547,30.527999782562254,-1.5987618155726586
2020-11-11,65.07006072998047,274.32720947265625,23.450000762939453,30.380499839782715,-1.6255494491383309
2020-11-12,63.65754699707031,272.9381408691406,25.350000381469727,30.299499893188475,-1.6675745950524465
2020-11-13,65.5198745727539,274.7936096191406,23.100000381469727,30.083999919891358,-1.612233326432723
2020-11-16,70.19927978515625,276.78790283203125,22.450000762939453,29.74749994277954,-1.465775315554359
2020-11-17,69.69483184814453,272.8587646484375,22.709999084472656,29.415499877929687,-1.471256162596173
2020-11-18,67.4848403930664,269.8523254394531,23.84000015258789,29.174999904632568,-1.534695770020509
2020-11-19,68.6458969116211,270.8147888183594,23.110000610351562,28.924999904632568,-1.4996543287419195
2020-11-20,68.69393157958984,267.60003662109375,23.700000762939453,28.732499980926512,-1.4891724653184335
2020-11-23,72.88970184326172,266.3399658203125,22.65999984741211,28.242500019073486,-1.349391916971789
2020-11-24,76.56502532958984,274.7637634277344,21.639999389648438,27.657000064849854,-1.2533909483486356
2020-11-25,73.77851104736328,273.4441223144531,21.25,26.70550012588501,-1.3402379322024653
2020-11-27,73.1139144897461,275.6468505859375,20.84000015258789,25.86800012588501,-1.3679378665812836
2020-11-30,69.80693054199219,274.81341552734375,20.56999969482422,24.995500087738037,-1.473039648368259
2020-12-01,70.02312469482422,284.31878662109375,20.770000457763672,24.17750005722046,-1.4923968911107204
2020-12-02,71.96088409423828,285.28125,21.170000076293945,23.458500099182128,-1.4321272224505373
2020-12-03,71.90482330322266,279.6554260253906,21.280000686645508,23.044000148773193,-1.4183352508839187
2020-12-04,74.69132232666016,277.5221862792969,20.790000915527344,22.704500198364258,-1.3219062628738194
2020-12-07,72.67350006103516,283.3563232421875,21.299999237060547,22.526500129699706,-1.403638520893912
2020-12-08,73.29808044433594,281.1933288574219,20.68000030517578,22.273000144958495,-1.3773486293713721
2020-12-09,72.41728973388672,275.7559814453125,22.270000457763672,22.146500205993654,-1.3908679238460504
2020-12-10,74.74736022949219,274.96221923828125,22.520000457763672,22.100000190734864,-1.312981616982251
2020-12-11,74.02671813964844,271.4200744628906,23.309999465942383,21.998000144958496,-1.3265586969507637
2020-12-14,71.61656188964844,272.0550537109375,24.719999313354492,22.079000091552736,-1.4066056263042155
2020-12-15,71.56050872802734,273.4044494628906,22.889999389648438,22.101000022888183,-1.4121711676525595
2020-12-16,71.01603698730469,273.5235595703125,22.5,22.09050006866455,-1.4301868097866084
2020-12-17,70.79183197021484,272.3428039550781,21.93000030517578,21.995000076293945,-1.4341923985304057
2020-12-18,69.81494903564453,274.2478332519531,21.56999969482422,21.91800003051758,-1.471209583671172
2020-12-21,68.93414306640625,270.666015625,25.15999984741211,21.99099998474121,-1.4898788748618474
2020-12-22,67.54890441894531,265.01031494140625,24.229999542236328,22.069499969482422,-1.5191772563267334
2020-12-23,68.61385345458984,266.0224304199219,23.309999465942383,22.15299997329712,-1.4873952950999119
2020-12-24,68.32559204101562,265.3179016113281,21.530000686645508,22.167000007629394,-1.494803144869144
2020-12-28,67.98128509521484,274.8431701660156,21.700000762939453,22.210000038146973,-1.532421345433104
2020-12-29,67.74907684326172,274.6248779296875,23.079999923706055,22.335500049591065,-1.539357935139373
2020-12-30,68.32559204101562,269.7530822753906,22.770000457763672,22.435500049591063,-1.5071117415069981
2020-12-31,67.6209487915039,271.0330810546875,22.75,22.514500045776366,-1.5335516635522142
2021-01-04,67.82913970947266,266.8459167480469,26.969999313354492,22.798999977111816,-1.5151690795354666
2021-01-05,69.6628189086914,268.8601379394531,25.34000015258789,23.026499938964843,-1.4611989167919783
2021-01-06,71.90482330322266,261.2597351074219,25.06999969482422,23.214999961853028,-1.3672831841172592
2021-01-07,72.24113464355469,266.64752197265625,22.3700008392334,23.299499988555908,-1.371311681622223
2021-01-08,72.92975616455078,265.4866027832031,21.559999465942383,23.263999938964844,-1.3457226361648325
2021-01-11,73.34612274169922,254.8401336669922,24.079999923706055,23.34199991226196,-1.3026522767775959
2021-01-12,74.73936462402344,249.13491821289062,23.329999923706055,23.342999935150146,-1.2415649130502209
2021-01-13,74.66730499267578,249.68063354492188,22.209999084472656,23.217499923706054,-1.2454199744613763
2021-01-14,76.46092224121094,243.72732543945312,23.25,23.235499954223634,-1.1706394343420763
2021-01-15,73.73846435546875,249.40281677246094,24.34000015258789,23.32749996185303,-1.2748188136244833
2021-01-19,75.67623138427734,259.06695556640625,23.239999771118164,23.392999935150147,-1.2386979501156248
2021-01-20,76.37284088134766,265.3973083496094,21.579999923706055,23.39349994659424,-1.2336393643637489
2021-01-21,73.67440795898438,270.74530029296875,21.31999969482422,23.201499938964844,-1.3361295019917832
2021-01-22,73.4502182006836,272.36260986328125,21.90999984741211,23.085499954223632,-1.3478998381413863
2021-01-25,72.78562927246094,275.8453063964844,23.190000534057617,23.079500007629395,-1.379151716656442
2021-01-26,71.55250549316406,279.85382080078125,23.020000457763672,23.153999996185302,-1.4303295385851889
2021-01-27,70.62366485595703,270.0210266113281,37.209999084472656,23.929499912261964,-1.4332112250508817
2021-01-28,71.28026580810547,262.93658447265625,30.209999084472656,24.285999870300294,-1.392223173420242
2021-01-29,68.22149658203125,256.31854248046875,33.09000015258789,24.801999855041505,-1.4732090979846248
2021-02-01,69.19037628173828,259.9698791503906,30.239999771118164,25.176499843597412,-1.4518719985067823
2021-02-02,69.71084594726562,265.0003662109375,25.559999465942383,25.105999851226805,-1.4489272308685583
2021-02-03,71.23222351074219,264.57373046875,22.90999984741211,24.984499835968016,-1.398327082310544
2021-02-04,71.26424407958984,264.4150390625,21.770000457763672,24.81949987411499,-1.3968466130267867
2021-02-05,71.47244262695312,266.012451171875,20.8700008392334,24.74449987411499,-1.3945172462583497
2021-02-08,73.25004577636719,264.5043029785156,21.239999771118164,24.72849988937378,-1.3325931542363503
2021-02-09,72.83365631103516,267.3519592285156,21.6299991607666,24.605999851226805,-1.3540208451901592
2021-02-10,74.0827865600586,269.7530822753906,21.989999771118164,24.538999843597413,-1.320111260388946
2021-02-11,73.68241119384766,268.2846374511719,21.25,24.49099988937378,-1.3290406697551111
2021-02-12,74.1068115234375,268.393798828125,19.969999313354492,24.326999855041503,-1.3155585922488198
2021-02-16,75.62532806396484,271.8367919921875,21.459999084472656,24.18299980163574,-1.2757904398798123
2021-02-17,77.89092254638672,271.43988037109375,21.5,24.095999813079835,-1.2010997373099124
2021-02-18,77.14382934570312,267.2924499511719,22.489999771118164,24.14149980545044,-1.2138561805317882
2021-02-19,77.79347229003906,259.52337646484375,22.049999237060547,24.177999782562257,-1.1711941314488272
2021-02-22,79.89663696289062,258.3029479980469,23.450000762939453,24.254999828338622,-1.099493901623629
2021-02-23,80.90357208251953,263.7898864746094,23.110000610351562,24.25099983215332,-1.0820149137299662
2021-02-24,83.89188385009766,262.2519836425781,21.34000015258789,24.16699981689453,-0.9806829994926737
2021-02-25,83.11234283447266,252.70687866210938,28.889999389648438,23.75099983215332,-0.979513658318966
2021-02-26,81.20403289794922,255.61404418945312,27.950000762939453,23.63799991607666,-1.0495658404075476
2021-03-01,82.86869812011719,262.8473205566406,23.350000381469727,23.15099992752075,-1.015569471256432
2021-03-02,83.18543243408203,256.9833679199219,24.100000381469727,22.84399995803833,-0.989007815023628
2021-03-03,84.11927032470703,253.4212646484375,26.670000076293945,22.89949998855591,-0.9487900409739305
2021-03-04,84.85821533203125,255.63394165039062,28.56999969482422,23.182499980926515,-0.9309288966953975
2021-03-05,88.51239013671875,262.22216796875,24.65999984741211,23.326999950408936,-0.8305207503433554
2021-03-08,89.12142944335938,253.32203674316406,25.469999313354492,23.55699987411499,-0.7860386227224417
2021-03-09,88.91842651367188,263.6708984375,24.030000686645508,23.69649991989136,-0.8213527530094197
2021-03-10,90.43694305419922,262.8374328613281,22.559999465942383,23.742999935150145,-0.7697164920651564
2021-03-11,90.290771484375,271.7474365234375,21.90999984741211,23.738999938964845,-0.7991915268056701
2021-03-12,90.59122467041016,266.3101806640625,20.690000534057617,23.710999965667725,-0.7743428777536464
2021-03-15,89.5274429321289,271.6184997558594,20.030000686645508,23.714000034332276,-0.8236275124519448
2021-03-16,87.40802001953125,277.10540771484375,19.790000915527344,23.63050012588501,-0.9076962430948128
2021-03-17,87.7247314453125,281.798583984375,19.229999542236328,23.517000102996825,-0.9104336726204405
2021-03-18,84.5496597290039,276.4505920410156,21.579999923706055,23.47150011062622,-0.9987219062369013
2021-03-19,83.94873809814453,287.85107421875,20.950000762939453,23.416500186920167,-1.0498793830559454
2021-03-22,83.26661682128906,291.25445556640625,18.8799991607666,23.188000106811522,-1.0814806159802877
2021-03-23,82.80375671386719,288.3670654296875,20.299999237060547,23.04750003814697,-1.0885017199094669
2021-03-24,85.0206298828125,279.9431457519531,21.200000762939453,23.04050006866455,-0.9931168397291728
2021-03-25,85.32109069824219,276.5696105957031,19.809999465942383,22.586500072479247,-0.9739952193016848
2021-03-26,87.2780990600586,280.8162841796875,18.860000610351562,22.132000064849855,-0.922214723410246
2021-03-29,86.82335662841797,288.55560302734375,20.739999771118164,22.001500034332274,-0.9584635978997653
2021-03-30,86.0194320678711,285.7575378417969,19.610000610351562,21.77700004577637,-0.9768107745755139
2021-03-31,85.09370422363281,292.2366638183594,19.399999618530273,21.413500022888183,-1.0248605009057474
2021-04-01,85.8732681274414,296.3345031738281,17.329999923706055,20.851500034332275,-1.0109117448235025
2021-04-05,84.86634063720703,306.5047302246094,17.90999984741211,20.514000034332277,-1.0718425445993418
2021-04-06,84.11113739013672,303.8753662109375,18.1200008392334,20.14650011062622,-1.089075378099669
2021-04-07,84.60649108886719,310.65216064453125,17.15999984741211,19.803000068664552,-1.0917927917459924
2021-04-08,83.65641021728516,310.58270263671875,16.950000762939453,19.522500133514406,-1.1224597799757228
2021-04-09,83.57520294189453,310.0270690917969,16.690000534057617,19.26150016784668,-1.1235554835966743
2021-04-12,82.64947509765625,309.1142578125,16.90999984741211,19.072500133514403,-1.1510909668901066
2021-04-13,83.02301025390625,307.34808349609375,16.649999618530273,18.903500080108643,-1.1340565834993093
2021-04-14,84.67145538330078,300.46209716796875,16.989999771118164,18.763500022888184,-1.0614030192440134
2021-04-15,83.98121643066406,305.4231872558594,16.56999969482422,18.630500030517577,-1.0975909064080118
2021-04-16,83.60767364501953,303.7959899902344,16.25,18.364000034332275,-1.1052081890944054
2021-04-19,83.85130310058594,299.88665771484375,17.290000915527344,18.18100004196167,-1.0864455641683077
2021-04-20,82.2840576171875,300.29345703125,18.68000030517578,18.17100009918213,-1.138480506545207
2021-04-21,83.42090606689453,299.1226501464844,17.5,18.0310001373291,-1.0983050802665606
2021-04-22,81.97547149658203,294.211181640625,18.709999084472656,17.90650005340576,-1.1316241035484185
2021-04-23,82.46271514892578,298.7853088378906,17.329999923706055,17.782500076293946,-1.1284920576212416
2021-04-26,82.43833923339844,300.6804504394531,17.639999389648438,17.72150001525879,-1.1345432487110045
2021-04-27,83.39654541015625,301.206298828125,17.559999465942383,17.5625,-1.1048789241201853
2021-04-28,85.44288635253906,304.70880126953125,17.280000686645508,17.446000003814696,-1.0481315627250134
2021-04-29,86.80712890625,326.9443359375,17.610000610351562,17.35650005340576,-1.0655278257122842
2021-04-30,83.69701385498047,322.548828125,18.610000610351562,17.420500087738038,-1.1543495419308993
2021-05-03,85.69461822509766,320.06829833984375,18.309999465942383,17.44050006866455,-1.0825809786427814
2021-05-04,86.16560363769531,315.881103515625,19.479999542236328,17.508500003814696,-1.0556624342095406
2021-05-05,88.47991943359375,312.567138671875,19.149999618530273,17.607999992370605,-0.9712937449415263
2021-05-06,88.52864837646484,317.5281677246094,18.389999389648438,17.679999923706056,-0.9834789122527712
2021-05-07,89.3406753540039,316.59552001953125,16.690000534057617,17.679999923706056,-0.9545150150502174
2021-05-10,88.97525787353516,303.58758544921875,19.65999984741211,17.817499923706055,-0.9302843424113969
2021-05-11,86.64470672607422,304.14324951171875,21.84000015258789,18.076999950408936,-1.0075254869750625
2021-05-12,87.18877410888672,300.1942138671875,27.59000015258789,18.606999969482423,-0.9788940976163077
2021-05-13,86.62846374511719,302.8831787109375,23.1299991607666,18.93499994277954,-1.0045561060496195
2021-05-14,88.89408111572266,313.4799499511719,18.809999465942383,19.06299991607666,-0.9603745350989468
2021-05-17,89.98221588134766,313.00372314453125,19.719999313354492,19.18449983596802,-0.9237089985148255
2021-05-18,87.27787780761719,307.5465393066406,21.34000015258789,19.317499828338622,-0.9964042157701274
2021-05-19,84.82837677001953,311.14825439453125,22.18000030517578,19.551499843597412,-1.08596245131301
2021-05-20,85.12427520751953,316.1291809082031,20.670000076293945,19.649499893188477,-1.0901744811715244
2021-05-21,85.58460235595703,313.7677001953125,20.149999618530273,19.790499877929687,-1.0686688858276003
2021-05-24,86.8011245727539,322.102294921875,18.399999618530273,19.82849988937378,-1.052285130436163
2021-05-25,85.37911987304688,325.2376708984375,18.84000015258789,19.892499923706055,-1.107174877700368
2021-05-26,85.58460235595703,325.1086730957031,17.360000610351562,19.896499919891358,-1.1001425667179483
2021-05-27,84.6722183227539,330.1590881347656,16.739999771118164,19.852999877929687,-1.1437938848836255
2021-05-28,85.3133544921875,326.1703796386719,16.760000228881836,19.7604998588562,-1.1118994857891358
2021-06-01,87.66421508789062,326.5672607421875,17.899999618530273,19.739999866485597,-1.0366421875736505
2021-06-02,88.83964538574219,326.5871276855469,17.479999542236328,19.639999866485596,-0.998517957635627
2021-06-03,88.4368667602539,323.5013732910156,18.040000915527344,19.58449993133545,-1.0030370398226947
2021-06-04,89.14376831054688,327.77777099609375,16.420000076293945,19.485999965667723,-0.9919439813298117
2021-06-07,88.56840515136719,333.9592590332031,16.420000076293945,19.472499942779542,-1.0277874382747985
2021-06-08,89.37393188476562,331.0818176269531,17.06999969482422,19.342999935150146,-0.9936374486951952
2021-06-09,88.5930404663086,327.6785583496094,17.889999389648438,19.145499897003173,-1.0095569356936553
2021-06-10,89.11090850830078,329.871337890625,16.100000381469727,18.570999908447266,-0.9988214126833704
2021-06-11,88.69990539550781,328.68072509765625,15.649999618530273,18.196999931335448,-1.0088670684857717
2021-06-14,88.7492446899414,334.14776611328125,16.389999389648438,18.07599992752075,-1.0224367047554972
2021-06-15,90.66443634033203,334.1278991699219,17.020000457763672,17.94099998474121,-0.9601738817003254
2021-06-16,90.14659881591797,328.5020751953125,18.149999618530273,17.78149995803833,-0.9613809641050471
2021-06-17,88.00942993164062,333.8898620605469,17.75,17.55999994277954,-1.0457510221579482
2021-06-18,84.68863677978516,327.0931701660156,20.700000762939453,17.561499977111815,-1.1347520008964636
2021-06-21,87.17101287841797,329.70269775390625,17.889999389648438,17.448499965667725,-1.0613635017971907
2021-06-22,87.45872497558594,336.3901672363281,16.65999984741211,17.361499977111816,-1.0705774637460606
2021-06-23,87.35185241699219,337.93804931640625,16.31999969482422,17.235499954223634,-1.0783445221440218
2021-06-24,88.06697845458984,340.50787353515625,15.970000267028809,17.165999937057496,-1.0622482078090785
2021-06-25,88.19851684570312,338.7119445800781,15.619999885559082,17.10999994277954,-1.0529915896799231
2021-06-28,85.4777603149414,352.8708801269531,15.760000228881836,17.05999994277954,-1.1806591205789747
2021-06-29,85.28870391845703,349.15008544921875,16.020000457763672,16.96599998474121,-1.1764738765023615
2021-06-30,86.09423065185547,345.00262451171875,15.829999923706055,16.883500003814696,-1.1387993048783291
2021-07-01,87.30253601074219,351.6305847167969,15.479999542236328,16.755499935150148,-1.1179461585798436
2021-07-02,87.18745422363281,351.93817138671875,15.069999694824219,16.68799991607666,-1.1225377713150655
2021-07-06,85.4777603149414,350.03314208984375,16.440000534057617,16.688999938964844,-1.172783776707259
2021-07-07,84.60643005371094,347.76092529296875,16.200000762939453,16.645499992370606,-1.1947797145125947
2021-07-08,84.33519744873047,342.9586486816406,19.0,16.701000022888184,-1.1902623018294902
2021-07-09,85.54350280761719,347.6914978027344,16.18000030517578,16.705000019073488,-1.1641498076749637
2021-07-12,85.71611022949219,350.4101867675781,16.170000076293945,16.73100004196167,-1.1660882712979157
2021-07-13,85.42841339111328,349.3484802246094,17.1200008392334,16.767500114440917,-1.1724865366441413
2021-07-14,83.81733703613281,344.9232177734375,16.329999923706055,16.733000087738038,-1.212535128997183
2021-07-15,83.26660919189453,341.77789306640625,17.010000228881836,16.676000118255615,-1.2216944559877887
2021-07-16,81.06370544433594,338.50360107421875,18.450000762939453,16.711000156402587,-1.2841604962243327
2021-07-19,78.87723541259766,334.3263854980469,22.5,16.801000118255615,-1.3435869394713942
2021-07-20,79.34577178955078,338.9997253417969,19.729999542236328,16.89300012588501,-1.341337864753828
2021-07-21,82.05008697509766,343.53411865234375,17.90999984741211,16.95550012588501,-1.2660824453393063
2021-07-22,81.22809600830078,348.45550537109375,17.690000534057617,17.02400016784668,-1.3064396080760752
2021-07-23,81.26097869873047,366.9106750488281,17.200000762939453,17.08550019264221,-1.356588672771547
2021-07-26,82.97892761230469,369.55987548828125,17.579999923706055,17.18350019454956,-1.308139772790772
2021-07-27,82.6994400024414,364.9460754394531,19.360000610351562,17.36350021362305,-1.304413556115409
2021-07-28,83.16797637939453,370.3735046386719,18.309999465942383,17.478000164031982,-1.3042572443332008
2021-07-29,84.31053924560547,355.5299987792969,17.700000762939453,17.57150020599365,-1.225951476190323
2021-07-30,83.68582916259766,353.52569580078125,18.239999771118164,17.709500217437743,-1.2406804186398945
2021-08-02,83.53784942626953,349.2096252441406,19.459999084472656,17.929000186920167,-1.233508935308204
2021-08-03,84.33519744873047,348.505126953125,18.040000915527344,18.00900020599365,-1.2056549924491755
2021-08-04,82.44463348388672,356.1253662109375,17.969999313354492,18.097500133514405,-1.2882105751000712
2021-08-05,83.20909118652344,360.143798828125,17.280000686645508,18.01150016784668,-1.2745321152117939
2021-08-06,83.8009033203125,360.6795959472656,16.149999618530273,18.010000133514403,-1.2567963119992653
2021-08-09,82.40354919433594,358.79437255859375,16.719999313354492,18.03750009536743,-1.296952117892654
2021-08-10,83.90776062011719,358.318115234375,16.790000915527344,18.021000099182128,-1.24677183502583
2021-08-11,84.54069519042969,357.1571960449219,16.170000076293945,18.013000106811525,-1.222991567530585
2021-08-12,84.36808013916016,359.8262634277344,15.59000015258789,17.942000102996825,-1.23600555427647
2021-08-13,83.80913543701172,360.3521423339844,15.449999809265137,17.79200005531311,-1.2556201677065129
2021-08-16,82.95425415039062,363.705810546875,16.1200008392334,17.47300009727478,-1.2926948850695927
2021-08-17,82.798095703125,355.65899658203125,17.90999984741211,17.382000112533568,-1.2754354267923185
2021-08-18,80.5571517944336,352.682373046875,21.56999969482422,17.565000104904176,-1.3399631515035095
2021-08-19,78.5494613647461,352.3548889160156,21.670000076293945,17.76400008201599,-1.4042664689920645
2021-08-20,78.55780029296875,356.57177734375,18.559999465942383,17.832000017166138,-1.4156983986752092
2021-08-23,80.58214569091797,360.52081298828125,17.149999618530273,17.81050000190735,-1.3609047058826598
2021-08-24,81.5068359375,362.66400146484375,17.219999313354492,17.703499937057494,-1.336817490882181
2021-08-25,82.06498718261719,365.5215759277344,16.790000915527344,17.627500009536742,-1.3266184731796733
2021-08-26,80.9903335571289,361.5428161621094,18.84000015258789,17.684499979019165,-1.3504825640357079
2021-08-27,82.17327880859375,369.7285461425781,16.389999389648438,17.591999959945678,-1.3347762959174476
2021-08-30,81.96503448486328,377.6960754394531,16.190000534057617,17.428500032424928,-1.3636519545038341
2021-08-31,80.6154556274414,376.426025390625,16.479999542236328,17.350499963760377,-1.4039632038206797
2021-09-01,79.732421875,379.0751953125,16.110000610351562,17.25750002861023,-1.4399972096583566
2021-09-02,81.39855194091797,372.3578796386719,16.40999984741211,17.21399998664856,-1.3672373157330677
2021-09-03,81.21526336669922,373.3303527832031,16.40999984741211,17.22699999809265,-1.3758895709377819
2021-09-07,80.8570556640625,379.2041931152344,18.139999389648438,17.298000001907347,-1.4038257723604102
2021-09-08,80.29889678955078,374.6300964355469,17.959999084472656,17.356499910354614,-1.4092613131953862
2021-09-09,79.9739990234375,375.0567932128906,18.799999237060547,17.487999868392944,-1.420998553469295
2021-09-10,80.03231811523438,375.74139404296875,20.950000762939453,17.755999898910524,-1.4210041975286793
2021-09-13,81.61511993408203,373.578369140625,19.3700008392334,17.951999950408936,-1.3635900567791905
2021-09-14,80.14060974121094,373.59820556640625,19.459999084472656,18.118999862670897,-1.4115389406583978
2021-09-15,81.8400650024414,371.008544921875,18.18000030517578,18.13249988555908,-1.349151750733031
2021-09-16,81.07366180419922,370.1551818847656,18.690000534057617,17.988499927520753,-1.371677163132078
2021-09-17,80.60712432861328,361.8801574707031,20.809999465942383,17.945499897003174,-1.3638658485394193
2021-09-20,78.95765686035156,352.9303894042969,25.709999084472656,18.302999877929686,-1.39260493669851
2021-09-21,79.01598358154297,354.6965637207031,24.360000610351562,18.663499927520753,-1.3956119359891235
2021-09-22,81.34024047851562,340.53765869140625,20.8700008392334,18.846000003814698,-1.2808232664226626
2021-09-23,83.35623931884766,343.2662048339844,18.6299991607666,18.93799991607666,-1.2229135543071208
2021-09-24,83.80608367919922,350.21173095703125,17.75,18.883499908447266,-1.2275774323933593
2021-09-27,85.78045654296875,350.8268737792969,18.760000228881836,19.001999950408937,-1.1651546246168258
2021-09-28,86.10533905029297,337.99755859375,23.25,19.354999923706053,-1.1189979005331623
2021-09-29,86.0803451538086,336.9656066894531,22.559999465942383,19.658999919891357,-1.1169458395286567
2021-09-30,84.51419830322266,336.7473449707031,23.139999389648438,20.0104998588562,-1.1672104158949217
2021-10-01,86.91340637207031,340.3392028808594,21.100000381469727,20.244999885559082,-1.0992494942317903
2021-10-04,87.23831939697266,323.6898498535156,22.959999084472656,20.57249984741211,-1.0424903381713266
2021-10-05,88.18800354003906,330.367431640625,21.299999237060547,20.730499839782716,-1.0301752253151801
2021-10-06,87.41326141357422,331.0422058105469,21.0,20.88249988555908,-1.0572124110205545
2021-10-07,88.03805541992188,326.6566162109375,19.540000915527344,20.919499969482423,-1.0247473928053568
2021-10-08,90.01240539550781,327.4800720214844,18.770000457763672,20.810499954223634,-0.9629034425796839
2021-10-11,89.24597930908203,322.91595458984375,20.0,20.84199991226196,-0.9751314431585428
2021-10-12,89.26265716552734,321.2489929199219,19.850000381469727,20.861499977111816,-0.9699635433541495
2021-10-13,89.79580688476562,322.0130310058594,18.639999389648438,20.884499931335448,-0.9547665833018903
2021-10-14,90.64554595947266,325.971923828125,16.860000610351562,20.792999935150146,-0.9381528477172332
2021-10-15,91.31197357177734,322.2313232421875,16.299999237060547,20.567499923706055,-0.9061255064018399
2021-10-18,91.27033233642578,332.7289123535156,16.309999465942383,20.097499942779542,-0.9366111692991248
2021-10-19,93.05307006835938,337.34271240234375,15.699999809265137,19.66449990272522,-0.8915100456548053
2021-10-20,94.26935577392578,338.12652587890625,15.489999771118164,19.395499849319457,-0.854178902556391
2021-10-21,93.0864028930664,339.218017578125,15.010000228881836,19.21449990272522,-0.8956317382475077
2021-10-22,93.96944427490234,322.0824279785156,15.430000305175781,19.098499917984007,-0.81939450076369
2021-10-25,94.84416198730469,326.1306457519531,15.239999771118164,18.922499895095825,-0.8022173257913636
2021-10-26,95.05243682861328,313.3509826660156,15.979999542236328,18.558999872207643,-0.7599859519313119
2021-10-27,93.36128997802734,309.7889404296875,16.979999542236328,18.279999876022337,-0.8050309535439576
2021-10-28,94.23603820800781,314.45233154296875,16.530000686645508,17.949499940872194,-0.7895600279256407
2021-10-29,95.37733459472656,321.050537109375,16.260000228881836,17.707499933242797,-0.770800836594268
2021-11-01,95.41065979003906,327.4106750488281,16.40999984741211,17.379999971389772,-0.787369169075499
2021-11-02,94.82749938964844,325.5254211425781,16.030000686645508,17.116500043869017,-0.801078915955582
2021-11-03,94.14439392089844,329.03790283203125,15.100000381469727,16.821500062942505,-0.8330148939122842
2021-11-04,94.56092834472656,333.2349548339844,15.4399995803833,16.616499996185304,-0.8311331011220704
2021-11-05,95.58558654785156,338.473876953125,16.479999542236328,16.501999950408937,-0.8123901468825314
2021-11-08,95.9271469116211,335.9833984375,17.219999313354492,16.36299991607666,-0.7943842399247563
2021-11-09,96.63525390625,332.7586669921875,17.780000686645508,16.259499931335448,-0.7624347527430991
2021-11-10,95.09410095214844,325.08892822265625,18.729999542236328,16.263999938964844,-0.7912080188234873
2021-11-11,95.10240936279297,325.1880798339844,17.65999984741211,16.30399990081787,-0.7912133192409725
2021-11-12,95.16075134277344,338.2357177734375,16.290000915527344,16.30349998474121,-0.8255283525348184
2021-11-15,97.31836700439453,344.853759765625,16.489999771118164,16.3125,-0.7738129606155606
2021-11-16,97.70157623291016,340.2895812988281,16.3700008392334,16.346000051498415,-0.7486992782825618
2021-11-17,97.26336669921875,338.1165771484375,17.110000610351562,16.427000093460084,-0.7569022798479708
2021-11-18,96.44596099853516,336.0528564453125,17.59000015258789,16.556000089645387,-0.7777253064787213
2021-11-19,94.30553436279297,342.61138916015625,17.90999984741211,16.680000066757202,-0.8654502560083429
2021-11-22,95.99091339111328,338.35479736328125,19.170000076293945,16.87650008201599,-0.7988941801351782
2021-11-23,98.00494384765625,334.6239929199219,19.3799991607666,17.046500062942506,-0.7231222924475451
2021-11-24,98.75493621826172,338.40435791015625,18.579999923706055,17.12650008201599,-0.7092529938895618
2021-11-26,96.49652099609375,330.52618408203125,28.6200008392334,17.731000089645384,-0.7607453331210386
2021-11-29,96.78304290771484,335.3979797363281,22.959999084472656,18.066000032424927,-0.7649590616105323
2021-11-30,95.11450958251953,321.9336853027344,27.190000534057617,18.605000066757203,-0.781788633009819
2021-12-01,94.46562957763672,308.18157958984375,31.1200008392334,19.359500074386595,-0.7646999204001212
2021-12-02,97.02743530273438,307.97320556640625,27.950000762939453,20.002000093460083,-0.6809111597226636
2021-12-03,96.41226959228516,304.4508361816406,30.670000076293945,20.763500118255614,-0.6911171232848126
2021-12-06,97.9206771850586,315.39495849609375,27.18000030517578,21.29850015640259,-0.6724945959166523
2021-12-07,99.37010192871094,320.2965087890625,21.889999389648438,21.532000160217287,-0.6390184418790207
2021-12-08,99.81671142578125,327.98614501953125,19.899999618530273,21.638000106811525,-0.6458524604860387
2021-12-09,99.55550384521484,327.2519226074219,21.579999923706055,21.78050012588501,-0.652299163544411
2021-12-10,99.72402954101562,327.1824951171875,18.690000534057617,21.832000160217284,-0.6466325733277853
2021-12-13,97.6510009765625,331.88555908203125,20.309999465942383,22.03300008773804,-0.727019022152658
2021-12-14,97.9375228881836,331.14141845703125,21.889999389648438,22.303000068664552,-0.7156472988552921
2021-12-15,97.38134002685547,338.9997253417969,19.290000915527344,22.449000072479247,-0.7555212962050751
2021-12-16,98.29146575927734,332.2922668457031,20.56999969482422,22.62200002670288,-0.7073446722087319
2021-12-17,95.72968292236328,331.1910095214844,21.56999969482422,22.821000003814696,-0.7874981759500116
2021-12-20,95.7718276977539,322.91595458984375,22.8700008392334,23.069000053405762,-0.7631641760549872
2021-12-21,97.30550384521484,331.59783935546875,21.010000228881836,23.161000061035157,-0.7374426920582113
2021-12-22,97.86167907714844,327.876953125,18.6299991607666,23.123500061035156,-0.7090511899892634
2021-12-23,98.09764099121094,332.6297302246094,17.959999084472656,23.092500019073487,-0.7145768644177722
2021-12-27,100.10325622558594,343.48443603515625,17.68000030517578,22.545499992370605,-0.6795562949517724
2021-12-28,99.909423828125,343.524169921875,17.540000915527344,22.27450008392334,-0.6859624704967494
2021-12-29,99.3953857421875,340.2697448730469,16.950000762939453,21.762500095367432,-0.6936272934657041
2021-12-30,98.9571762084961,341.67864990234375,17.329999923706055,21.073000049591066,-0.7117708766275835
2021-12-31,98.88976287841797,333.73101806640625,17.219999313354492,20.536499977111816,-0.6919041241820958
2022-01-03,100.49931335449219,335.904052734375,16.600000381469727,19.832999992370606,-0.6456546693553769
2022-01-04,102.32794952392578,333.90960693359375,16.90999984741211,19.319499969482422,-0.5807233822895533
2022-01-05,102.9936752319336,321.6459045410156,19.729999542236328,19.211499977111817,-0.5250653675223526
2022-01-06,103.87007141113281,329.871337890625,19.610000610351562,19.19700002670288,-0.5194263610483778
2022-01-07,105.36163330078125,329.20654296875,18.760000228881836,19.05600004196167,-0.46913371698248585
2022-01-10,105.42906188964844,325.51556396484375,19.399999618530273,19.091499996185302,-0.45670028251717976
2022-01-11,107.83914184570312,331.7664794921875,18.40999984741211,18.99650001525879,-0.39576569572660375
2022-01-12,107.29981231689453,330.66510009765625,17.6200008392334,18.78300008773804,-0.41022718736392716
2022-01-13,106.85318756103516,323.9379577636719,20.309999465942383,18.834000015258788,-0.40606479551024444
2022-01-14,108.67340850830078,329.315673828125,19.190000534057617,18.76500005722046,-0.3618662068060118
2022-01-18,109.02735137939453,315.67279052734375,22.790000915527344,18.826000118255614,-0.31250773826115724
2022-01-19,108.63129425048828,317.1015625,23.850000381469727,18.875000095367433,-0.3293372966192835
2022-01-20,108.24364471435547,314.09515380859375,25.59000015258789,19.104000091552734,-0.333585169791223
2022-01-21,106.94590759277344,300.80938720703125,28.850000381469727,19.61500015258789,-0.33886629612696223
2022-01-24,107.17341613769531,306.3062744140625,29.899999618530273,20.212000179290772,-0.3467316143131471
2022-01-25,111.73237609863281,297.81292724609375,31.15999984741211,20.886000156402588,-0.17508031106659158
2022-01-26,111.81664276123047,292.33587646484375,31.959999084472656,21.607000064849853,-0.15714321614404658
2022-01-27,114.0750503540039,292.3458251953125,30.489999771118164,22.28400001525879,-0.08381507872790193
2022-01-28,110.0638427734375,299.3607177734375,27.65999984741211,22.800500011444093,-0.2335717024622094
2022-01-31,110.67057800292969,310.8208923339844,24.829999923706055,23.18100004196167,-0.24566871681905816
2022-02-01,113.5862808227539,316.5161437988281,21.959999084472656,23.448999977111818,-0.16676881259336776
2022-02-02,114.1087875366211,320.4850158691406,22.09000015258789,23.707999992370606,-0.16081166536798416
2022-02-03,113.08910369873047,235.90869140625,24.350000381469727,23.939000034332274,0.040785601990534735
2022-02-04,114.50482177734375,235.24391174316406,23.219999313354492,24.119499969482423,0.08861470710470325
2022-02-07,116.75483703613281,223.15875244140625,22.860000610351562,24.324499988555907,0.19523682246115318
2022-02-08,114.97674560546875,218.465576171875,21.440000534057617,24.426500034332275,0.1505069025502686
2022-02-09,116.1143569946289,230.19358825683594,19.959999084472656,24.503999996185303,0.15491006545743496
2022-02-10,114.63966369628906,226.29417419433594,23.90999984741211,24.818499946594237,0.11783201162501404
2022-02-11,116.97392272949219,217.8404998779297,27.360000610351562,25.171000003814697,0.21711229902028728
2022-02-14,115.17056274414062,216.00489807128906,28.329999923706055,25.62799997329712,0.16363123230098317
2022-02-15,114.32752227783203,219.2792205810547,25.700000762939453,25.773499965667725,0.1271613204584896
2022-02-16,114.36160278320312,214.85391235351562,24.290000915527344,25.795499992370605,0.14054949401174877
2022-02-17,113.7740249633789,206.0926971435547,28.110000610351562,25.92150001525879,0.14577856101679984
2022-02-18,113.61224365234375,204.5547637939453,27.75,25.866499996185304,0.14479181436378155
2022-02-22,112.74365997314453,200.50653076171875,28.809999465942383,25.811999988555907,0.1278139223848112
2022-02-23,115.42603302001953,196.90478515625,31.020000457763672,25.805000019073486,0.22493620066128023
2022-02-24,114.82992553710938,205.98358154296875,30.31999969482422,25.723000049591064,0.1803782790472123
2022-02-25,119.53897857666016,208.8411102294922,27.59000015258789,25.57800006866455,0.32540361909406784
2022-02-28,122.62152862548828,209.38682556152344,30.149999618530273,25.70250005722046,0.4240140078220881
2022-03-01,127.49230194091797,201.9055633544922,33.31999969482422,26.127000045776366,0.6029846201021101
2022-03-02,131.25616455078125,206.48959350585938,30.739999771118164,26.566000080108644,0.7125176388079181
2022-03-03,133.02731323242188,201.38961791992188,30.479999542236328,26.985500049591064,0.7842001888966188
2022-03-04,135.0965576171875,198.5022430419922,31.979999542236328,27.367000007629393,0.859424788654736
2022-03-07,137.9832763671875,186.01028442382812,36.45000076293945,28.028500080108643,0.9878567428825437
2022-03-08,145.21282958984375,188.80831909179688,35.130001068115234,28.642000102996825,1.2149160162087909
2022-03-09,141.5852813720703,196.95440673828125,32.45000076293945,29.192500114440918,1.0744817881501756
2022-03-10,145.4597930908203,193.69003295898438,30.229999542236328,29.706000137329102,1.2093898585857297
2022-03-11,145.5278778076172,186.14920043945312,30.75,30.048000144958497,1.2325287906090434
2022-03-14,141.96844482421875,185.1768341064453,31.770000457763672,30.268500137329102,1.1196127305121515
2022-03-15,134.78147888183594,190.5347900390625,29.829999923706055,30.3435001373291,0.871302084151364
2022-03-16,134.29612731933594,202.04446411132812,26.670000076293945,30.392000102996825,0.8235954283235314
2022-03-17,136.62078857421875,206.22169494628906,25.670000076293945,30.461000061035158,0.8875104434491237
2022-03-18,137.71926879882812,214.80433654785156,23.8700008392334,30.249000072479248,0.8993716711029694
2022-03-21,140.19725036621094,209.84327697753906,23.530000686645508,30.038000106811523,0.993627466233801
2022-03-22,139.7289276123047,214.96307373046875,22.940000534057617,29.744500160217285,0.9642072337215312
2022-03-23,141.2361297607422,211.7979278564453,23.56999969482422,29.37200012207031,1.021946912774582
2022-03-24,141.61082458496094,217.8603515625,21.670000076293945,28.9395001411438,1.0172928913579156
2022-03-25,144.17393493652344,220.09280395507812,20.809999465942383,28.600500106811523,1.0943502005547212
2022-03-28,141.6533966064453,221.8490447998047,19.6299991607666,28.07450008392334,1.0076061845725917
2022-03-29,139.9247589111328,228.07022094726562,18.899999618530273,27.353500080108642,0.9341928647080924
2022-03-30,140.91256713867188,226.0758819580078,19.329999923706055,26.78300008773804,0.9718127702094991
2022-03-31,138.656005859375,220.6286163330078,20.559999465942383,26.28700008392334,0.9136343471539625
2022-04-01,139.83961486816406,223.09922790527344,19.6299991607666,25.669500064849853,0.9452228787873457
2022-04-04,139.96734619140625,232.06886291503906,18.56999969482422,24.77550001144409,0.9244790436427103
2022-04-05,139.10731506347656,230.03482055664062,21.030000686645508,24.070499992370607,0.9021891288661363
2022-04-06,140.34202575683594,221.5613250732422,22.100000381469727,23.55299997329712,0.965809794947947
2022-04-07,142.29205322265625,221.21405029296875,21.549999237060547,23.11899995803833,1.0301127548281601
2022-04-08,144.70188903808594,220.59886169433594,21.15999984741211,22.639499950408936,1.1100943527063463
2022-04-11,140.98068237304688,214.7746124267578,24.3700008392334,22.26949996948242,1.0053887288671295
2022-04-12,143.91848754882812,212.4726104736328,24.260000228881836,21.99099998474121,1.107200671545251
2022-04-13,146.18359375,213.31600952148438,21.81999969482422,21.748499965667726,1.178433380711106
2022-04-14,146.11546325683594,208.54345703125,22.700000762939453,21.6,1.1894652990480798
2022-04-18,148.0740203857422,209.12889099121094,22.170000076293945,21.51499996185303,1.251456841659552
2022-04-19,146.31985473632812,215.61795043945312,21.3700008392334,21.40699996948242,1.1764709089149201
2022-04-20,146.91587829589844,198.8594512939453,20.31999969482422,21.27599992752075,1.2423389598623185
2022-04-21,140.14622497558594,186.60562133789062,22.68000030517578,21.23149995803833,1.0564596794083363
2022-04-22,137.05508422851562,182.6764678955078,28.209999084472656,21.558499908447267,0.9669600356090586
2022-04-25,134.10874938964844,185.5340576171875,27.020000457763672,21.86899995803833,0.8633291617896025
2022-04-26,133.29132080078125,179.5410614013672,33.52000045776367,22.563500022888185,0.8534099908883325
2022-04-27,133.0443572998047,173.58775329589844,31.600000381469727,23.198500061035155,0.8619100569578589
2022-04-28,137.77040100097656,204.1280975341797,29.989999771118164,23.73150005340576,0.9306614043797368
2022-04-29,133.41050720214844,198.90908813476562,33.400001525878906,24.37350015640259,0.8035307946697597
2022-05-02,136.0332489013672,209.48606872558594,32.34000015258789,25.00900020599365,0.8593671092008704
2022-05-03,138.36642456054688,210.37904357910156,29.25,25.54300022125244,0.9326732110923401
2022-05-04,142.70933532714844,221.67044067382812,25.420000076293945,25.762500190734862,1.042399987521883
2022-05-05,141.5767364501953,206.65826416015625,31.200000762939453,26.21750020980835,1.0472739117085468
2022-05-06,145.3490753173828,202.18338012695312,30.190000534057617,26.6495002746582,1.1822227179709408
2022-05-09,135.60745239257812,194.68223571777344,34.75,27.3290002822876,0.8866206107084471
2022-05-10,136.91033935546875,196.11102294921875,32.9900016784668,27.76000032424927,0.9249747217071435
2022-05-11,138.93699645996094,187.27041625976562,32.560001373291016,28.175000381469726,1.0153375569573442
2022-05-12,140.25686645507812,189.75094604492188,31.770000457763672,28.6725004196167,1.0513244812324212
2022-05-13,142.94772338867188,197.07347106933594,28.8700008392334,28.981000423431396,1.1184050852479859
2022-05-16,147.3246307373047,198.48240661621094,27.469999313354492,29.246000385284425,1.2566621036398893
2022-05-17,148.1932373046875,201.04229736328125,26.100000381469727,29.48250036239624,1.2777712145036189
2022-05-18,144.28684997558594,190.74313354492188,30.959999084472656,30.01450033187866,1.1794695707382516
2022-05-19,143.256591796875,189.80052185058594,29.350000381469727,30.34800033569336,1.1486215213313846
2022-05-20,144.080810546875,192.03302001953125,29.43000030517578,30.409000396728516,1.1691974494632489
2022-05-23,147.4291229248047,194.7020721435547,28.479999542236328,30.48200035095215,1.2705473885602512
2022-05-24,148.21897888183594,179.8684844970703,29.450000762939453,30.278500366210938,1.3373692942970234
2022-05-25,150.59715270996094,182.3986358642578,28.3700008392334,30.117000389099122,1.40759346689464
2022-05-26,151.61021423339844,190.13787841796875,27.5,29.992500400543214,1.4190208110673952
2022-05-27,153.06118774414062,193.6106414794922,25.719999313354492,29.608500289916993,1.456512468036706
2022-05-31,149.95321655273438,192.1322479248047,26.190000534057617,29.301000308990478,1.3596647566703062
2022-06-01,151.37840270996094,187.1711883544922,25.690000534057617,29.12300033569336,1.4197245128160205
2022-06-02,151.10365295410156,197.3115997314453,24.719999313354492,29.088000297546387,1.3826584560673776
2022-06-03,152.47735595703125,189.29452514648438,24.790000915527344,28.76750030517578,1.4495270887624756
2022-06-06,151.81626892089844,192.7375030517578,25.06999969482422,28.51150026321411,1.4184991837224445
2022-06-07,154.70953369140625,194.12657165527344,24.020000457763672,27.975000286102294,1.5086208731059387
2022-06-08,155.5080108642578,195.10887145996094,23.959999084472656,27.523500156402587,1.531830258363515
2022-06-09,152.40869140625,182.56729125976562,26.09000015258789,27.200000095367432,1.4659663287825275
2022-06-10,150.58856201171875,174.20294189453125,27.75,26.999000072479248,1.4300592746218714
2022-06-13,143.6601104736328,162.98101806640625,34.02000045776367,27.256500053405762,1.2361582751489626
2022-06-14,143.8489990234375,162.4551544189453,32.689998626708984,27.517500019073488,1.2437529851178672
2022-06-15,141.0243682861328,168.03138732910156,29.6200008392334,27.69350004196167,1.1365303747199025
2022-06-16,133.48635864257812,159.61741638183594,32.95000076293945,27.79300012588501,0.9150375241341326
2022-06-17,127.39071655273438,162.46505737304688,31.1299991607666,27.882000064849855,0.709141039245203
2022-06-21,132.7222442626953,155.8271484375,30.190000534057617,27.920000076293945,0.9007370088913039
2022-06-22,126.95281982421875,154.636474609375,28.950000762939453,27.943500137329103,0.716643665897852
2022-06-23,122.28235626220703,157.513916015625,29.049999237060547,27.923500061035156,0.5569559610211622
2022-06-24,124.29133605957031,168.8350830078125,27.229999542236328,27.866499996185304,0.5907912836409646
2022-06-27,126.69529724121094,168.17027282714844,26.950000762939453,27.839000034332276,0.6707197772177362
2022-06-28,128.7300262451172,159.4288787841797,28.360000610351562,27.971000099182127,0.7610694605002943
2022-06-29,126.18875885009766,162.66351318359375,28.15999984741211,28.069500064849855,0.6695492744478747
2022-06-30,124.2999496459961,159.99444580078125,28.709999084472656,28.220499992370605,0.6156057654434001
2022-07-01,125.78522491455078,158.78395080566406,26.700000762939453,28.319500064849855,0.6672086497147737
2022-07-05,122.47982025146484,166.88040161132812,27.540000915527344,28.457000064849854,0.5373757780742149
2022-07-06,120.86575317382812,168.4481201171875,26.729999542236328,28.54000005722046,0.4805982102606943
2022-07-07,123.21819305419922,170.84927368164062,26.079999923706055,28.643000030517577,0.5503445109498171
2022-07-08,122.57426452636719,169.54945373535156,24.639999389648438,28.677000045776367,0.5330362361665102
2022-07-11,121.49249267578125,161.61178588867188,26.170000076293945,28.68100004196167,0.5199277729725821
2022-07-12,119.26889038085938,161.99871826171875,27.290000915527344,28.65800008773804,0.4466287208703632
2022-07-13,118.4704360961914,162.2169952392578,26.81999969482422,28.298000049591064,0.4200882158243038
2022-07-14,116.7104263305664,156.8193817138672,26.399999618530273,27.98350009918213,0.3779005772569931
2022-07-15,118.17852020263672,163.41758728027344,24.229999542236328,27.714000034332276,0.40727453708138356
2022-07-18,119.83554077148438,165.92787170410156,25.299999237060547,27.33149995803833,0.4541299347622157
2022-07-19,124.15401458740234,174.41131591796875,24.5,27.0,0.5708556537039451
2022-07-20,125.79381561279297,181.6643829345703,23.8799991607666,26.68449993133545,0.6039894809805322
2022-07-21,124.8322525024414,181.7437744140625,23.110000610351562,26.392499923706055,0.5725364461758508
2022-07-22,123.79341888427734,167.9520263671875,23.030000686645508,26.091499996185302,0.5770690207767385
2022-07-25,127.4765625,165.35238647460938,23.360000610351562,25.898000049591065,0.7039164471297716
2022-07-26,126.48064422607422,157.91079711914062,24.690000534057617,25.785000038146972,0.6922198832155021
2022-07-27,128.14620971679688,168.2595672607422,23.239999771118164,25.528999996185302,0.7175993173450768
2022-07-28,129.1163787841797,159.4685821533203,22.329999923706055,25.2375,0.7735084619772651
2022-07-29,140.6122589111328,157.86117553710938,21.329999923706055,24.86850004196167,1.1513691379244113
2022-08-01,137.8048095703125,158.68472290039062,22.84000015258789,24.675500011444093,1.0578943417360673
2022-08-02,136.62863159179688,158.94271850585938,23.93000030517578,24.494999980926515,1.0189746968849063
2022-08-03,133.3833465576172,167.48565673828125,21.950000762939453,24.25600004196167,0.8898554815447797
2022-08-04,129.76026916503906,169.2418975830078,21.440000534057617,24.024000072479247,0.7672996939685202
2022-08-05,131.90663146972656,165.80880737304688,21.149999618530273,23.84950008392334,0.8465436543279427
2022-08-08,131.7091522216797,168.9243927001953,21.290000915527344,23.60550012588501,0.8314828641079699
2022-08-09,133.42626953125,167.21775817871094,21.770000457763672,23.329500102996825,0.8919931475610445
2022-08-10,133.77828979492188,176.95138549804688,19.739999771118164,22.975500106811523,0.8764142364389781
2022-08-11,137.04071044921875,176.10800170898438,20.200000762939453,22.665500164031982,0.9847220889390027
2022-08-12,137.23817443847656,179.0945587158203,19.530000686645508,22.43050022125244,0.9828476035783971
2022-08-15,134.6282196044922,179.4815216064453,19.950000762939453,22.163000297546386,0.896999279770886
2022-08-16,134.2847900390625,178.07257080078125,19.690000534057617,21.922500324249267,0.8897544283884532
2022-08-17,135.39231872558594,173.48855590820312,19.899999618530273,21.723500347137453,0.9384499130497898
2022-08-18,137.76609802246094,173.30003356933594,19.559999465942383,21.546000289916993,1.0160762603845437
2022-08-19,136.61387634277344,166.6522216796875,20.600000381469727,21.424500274658204,0.9970998710268789
2022-08-22,135.92947387695312,161.78042602539062,23.799999237060547,21.44650020599365,0.9883899689500149
2022-08-23,140.3391571044922,159.85552978515625,24.110000610351562,21.41750020980835,1.13696369917885
2022-08-24,141.37879943847656,161.98880004882812,22.81999969482422,21.396500205993654,1.164812219024901
2022-08-25,142.61766052246094,167.46578979492188,21.780000686645508,21.369000244140626,1.1898520462057722
2022-08-26,141.56935119628906,160.52032470703125,25.559999465942383,21.580500221252443,1.1750769056244705
2022-08-29,142.62632751464844,157.93064880371094,26.209999084472656,21.74900016784668,1.2165956626298091
2022-08-30,139.1522674560547,155.93629455566406,26.209999084472656,21.863000106811523,1.1092888560606977
2022-08-31,136.9344482421875,161.66134643554688,25.8700008392334,22.059000110626222,1.0213631958002236
2022-09-01,134.75120544433594,164.0724334716797,25.559999465942383,22.26500005722046,0.943757595835484
2022-09-02,136.7524871826172,159.07168579101562,25.469999313354492,22.48100004196167,1.0226397604011597
2022-09-06,136.1200714111328,157.30552673339844,26.90999984741211,22.761999988555907,1.0069996266044323
2022-09-07,134.3787384033203,159.1411590576172,24.639999389648438,22.905499935150146,0.9453447915335925
2022-09-08,135.10641479492188,160.79815673828125,23.610000610351562,23.098999977111816,0.9643820495414701
2022-09-09,138.589111328125,167.83291625976562,22.790000915527344,23.228499984741212,1.057981151676105
2022-09-12,140.78099060058594,167.6444091796875,23.8700008392334,23.445499992370607,1.1296991289244893
2022-09-13,138.10398864746094,151.93768310546875,27.270000457763672,23.811499977111815,1.0863365431915732
2022-09-14,141.4480743408203,150.29058837890625,26.15999984741211,24.13499994277954,1.1995274463433045
2022-09-15,139.1522674560547,148.38555908203125,26.270000457763672,24.45349998474121,1.1302437988924865
2022-09-16,135.53958129882812,145.15093994140625,26.299999237060547,24.79049997329712,1.021876259241246
2022-09-19,135.92947387695312,146.8674774169922,25.760000228881836,25.048499965667723,1.0297766638797525
2022-09-20,135.39231872558594,144.95248413085938,27.15999984741211,25.216499996185302,1.0176437551365867
2022-09-21,134.2920684814453,141.0133819580078,27.989999771118164,25.41049995422363,0.9928381973638769
2022-09-22,134.18812561035156,141.7079620361328,27.350000381469727,25.636999988555907,0.9875343984121971
2022-09-23,125.42071533203125,139.3166961669922,29.920000076293945,26.04399995803833,0.7093948382624228
2022-09-26,122.11994171142578,135.30816650390625,32.2599983215332,26.37899990081787,0.6133063573903302
2022-09-27,122.17192077636719,133.35350036621094,32.599998474121094,26.698499870300292,0.6204193250011392
2022-09-28,126.29571533203125,140.50735473632812,30.18000030517578,26.89699993133545,0.7345115342159366
2022-09-29,125.42071533203125,135.34788513183594,31.84000015258789,27.195499897003174,0.7204091571512632
2022-09-30,124.46771240234375,134.62351989746094,31.6200008392334,27.498499965667726,0.6914647678506716
2022-10-03,131.45045471191406,137.53073120117188,30.100000381469727,27.730000019073486,0.9102043420202968
2022-10-04,136.5618896484375,139.18771362304688,29.06999969482422,27.83800001144409,1.071631300096698
2022-10-05,137.3416290283203,137.8978271484375,28.549999237060547,28.033500003814698,1.1005378737133216
2022-10-06,139.8453369140625,137.98716735839844,30.520000457763672,28.378999996185303,1.1816133257863455
2022-10-07,138.64109802246094,132.410888671875,31.360000610351562,28.807499980926515,1.1579736168576595
2022-10-10,136.1373748779297,132.74822998046875,32.45000076293945,29.236499977111816,1.0757135346010098
2022-10-11,136.16336059570312,127.53912353515625,33.630001068115234,29.554500007629393,1.091013991415411
2022-10-12,136.57054138183594,126.50724029541016,33.56999969482422,29.925,1.1071034062426943
2022-10-13,143.189453125,129.2755126953125,31.940000534057617,30.2085000038147,1.3144109195396019
2022-10-14,138.7363739013672,125.77301025390625,32.02000045776367,30.494500064849852,1.1794898547841692
2022-10-17,139.75001525878906,132.99630737304688,31.3700008392334,30.77500009536743,1.1923678941054623
2022-10-18,140.97158813476562,131.76597595214844,30.5,30.942000102996825,1.2354604634762723
2022-10-19,145.5458526611328,132.19261169433594,30.760000228881836,31.08050012588501,1.382853973071346
2022-10-20,146.3775634765625,130.50584411621094,29.979999542236328,31.21200008392334,1.414550072216823
2022-10-21,150.04222106933594,128.99769592285156,29.690000534057617,31.200500106811525,1.537767922446391
2022-10-24,149.99024963378906,128.70994567871094,29.850000381469727,31.08000020980835,1.536878398685721
2022-10-25,151.54965209960938,136.43930053710938,28.459999084472656,30.87300024032593,1.5660789827827863
2022-10-26,153.42092895507812,128.80918884277344,27.280000686645508,30.728000259399415,1.6480354955012342
2022-10-27,154.1226806640625,97.17741394042969,27.389999389648438,30.50550022125244,1.7586143157653626
2022-10-28,155.92471313476562,98.4275894165039,25.75,30.212000179290772,1.8136769493826335
2022-10-31,156.72174072265625,92.43463897705078,25.8799991607666,30.001000118255615,1.856197095827406
2022-11-01,157.8653106689453,94.45874786376953,25.809999465942383,29.838000106811524,1.887724254032436
2022-11-02,154.64248657226562,89.83502197265625,25.860000610351562,29.703500175476073,1.7958749699292733
2022-11-03,156.92098999023438,88.21772003173828,25.299999237060547,29.442500114440918,1.8743718201051385
2022-11-04,158.90493774414062,90.08307647705078,24.549999237060547,29.102000045776368,1.9336360153115526
2022-11-07,160.8022003173828,95.96688842773438,24.350000381469727,28.69700002670288,1.9789324802616608
2022-11-08,160.56826782226562,95.7188491821289,25.540000915527344,28.292500019073486,1.9720224395584949
2022-11-09,154.14866638183594,100.67991638183594,26.09000015258789,27.91850004196167,1.7497381520596091
2022-11-10,157.06826782226562,110.99893951416016,23.530000686645508,27.498000049591063,1.815932710158628
2022-11-11,161.5386199951172,112.13998413085938,22.520000457763672,27.023000049591065,1.9579683828010561
2022-11-14,161.61659240722656,113.33065032958984,23.729999542236328,26.64099998474121,1.9571966596981403
2022-11-15,162.91607666015625,116.16837310791016,24.540000915527344,26.34300003051758,1.9915301422776268
2022-11-16,160.26507568359375,112.34834289550781,24.110000610351562,26.010500049591066,1.9160239174907727
2022-11-17,160.71905517578125,110.58219909667969,23.93000030517578,25.708000087738036,1.9356711432790181
2022-11-18,159.75872802734375,111.17753601074219,23.1200008392334,25.379500102996825,1.902826392522263
2022-11-21,158.2309112548828,109.00458526611328,22.360000610351562,25.005000114440918,1.8592315120660445
2022-11-22,162.29055786132812,110.57228088378906,21.290000915527344,24.646500205993654,1.9867429327234492
2022-11-23,160.84999084472656,111.36605834960938,20.350000381469727,24.300000190734863,1.9377487076162778
2022-11-25,160.37857055664062,110.54252624511719,20.5,23.955500221252443,1.924721901349183
2022-11-28,155.71652221679688,107.93299865722656,22.209999084472656,23.778500175476076,1.7805350721886457
2022-11-29,158.04757690429688,108.60770416259766,21.889999389648438,23.579000186920165,1.8543780276060655
2022-11-30,160.03807067871094,117.1804428100586,20.579999923706055,23.31750020980835,1.8952403922928427
2022-12-01,159.3221893310547,119.50221252441406,19.84000015258789,23.016500186920165,1.8655443012845927
2022-12-02,158.04757690429688,122.5284652709961,19.059999465942383,22.704500198364258,1.81574487005206
2022-12-05,154.14503479003906,121.4767074584961,20.75,22.514500236511232,1.691904548665229
2022-12-06,150.1726531982422,113.23143005371094,22.170000076293945,22.405500221252442,1.5857593491323594
2022-12-07,150.61793518066406,113.04290008544922,22.68000030517578,22.262500190734862,1.600745846007605
2022-12-08,151.50840759277344,114.4319839477539,22.290000915527344,22.072500228881836,1.6258144305918474
2022-12-09,146.6717529296875,114.99755859375,22.829999923706055,22.037500190734864,1.4671445784005288
2022-12-12,148.19956970214844,113.81681823730469,25.0,22.16150016784668,1.5200466853572512
2022-12-13,151.49969482421875,119.2144775390625,22.549999237060547,22.10250015258789,1.6122589635800788
2022-12-14,150.45201110839844,120.64324951171875,21.139999389648438,21.932500076293945,1.5742638036673775
2022-12-15,149.32579040527344,115.24562072753906,22.829999923706055,21.86850004196167,1.5526624251299734
2022-12-16,147.3003387451172,118.50007629394531,22.6200008392334,21.803000068664552,1.477841535598345
2022-12-19,148.3130645751953,113.58861541748047,22.420000076293945,21.768000030517577,1.5243664456974881
2022-12-20,150.74888610839844,116.17829895019531,21.479999542236328,21.723999977111816,1.5962978690936294
2022-12-21,152.52113342285156,118.8274917602539,20.06999969482422,21.66299991607666,1.6465104664713164
2022-12-22,150.2337646484375,116.20806121826172,21.969999313354492,21.743999862670897,1.5794835185623002
2022-12-23,154.8783416748047,117.12090301513672,20.8700008392334,21.76249990463257,1.7278115330737607
2022-12-27,156.8252716064453,115.96993255615234,21.649999618530273,21.73449993133545,1.7942443127183831
2022-12-28,154.51171875,114.71974182128906,22.139999389648438,21.74699993133545,1.722566934867237
2022-12-29,155.6815948486328,119.3236083984375,21.440000534057617,21.789999961853027,1.747789156015043
2022-12-30,156.7030487060547,119.40296936035156,21.670000076293945,21.88149995803833,1.7807469403004832
2023-01-03,151.90127563476562,123.76873016357422,22.899999618530273,22.073499965667725,1.6126637354673552
2023-01-04,150.2861328125,126.37825775146484,22.010000228881836,22.136499977111818,1.5529599780754046
2023-01-05,152.9925994873047,125.95159912109375,22.459999084472656,22.15099992752075,1.6420532848806288
2023-01-06,154.14503479003906,129.0076141357422,21.1299991607666,22.073499870300292,1.6710046350814063
2023-01-09,152.94021606445312,128.4619140625,21.969999313354492,22.05749979019165,1.6333851362561616
2023-01-10,153.69100952148438,131.95448303222656,20.579999923706055,21.944999790191652,1.648079151966612
2023-01-11,152.9576873779297,131.8552703857422,21.09000015258789,21.749499797821045,1.6245353189936405
2023-01-12,154.59898376464844,135.64552307128906,18.829999923706055,21.56349983215332,1.6673277847100472
2023-01-13,155.01805114746094,135.91343688964844,18.350000381469727,21.423999881744386,1.68019606904764
2023-01-17,157.5760955810547,134.30601501464844,19.360000610351562,21.25049991607666,1.7677453223935529
2023-01-18,154.72994995117188,131.9842529296875,20.34000015258789,21.136499881744385,1.6817425468357183
2023-01-19,156.2752685546875,135.08990478515625,20.520000457763672,21.041499900817872,1.7233174578142567
2023-01-20,157.9340362548828,138.28480529785156,19.850000381469727,20.95999994277954,1.768329644964098
2023-01-23,157.72450256347656,142.15443420410156,19.809999465942383,20.946999931335448,1.7507846762834411
2023-01-24,157.8729248046875,142.02545166015625,19.200000762939453,20.808500003814697,1.7559635608422641
2023-01-25,156.34506225585938,140.3982391357422,19.079999923706055,20.71899995803833,1.7108526505619952
2023-01-26,163.94932556152344,146.15304565429688,18.729999542236328,20.572999954223633,1.9418772614248854
2023-01-27,156.6681365966797,150.55848693847656,18.510000228881836,20.391499996185303,1.6931495764867885
2023-01-30,152.08462524414062,145.91493225097656,19.940000534057617,20.316499996185303,1.5571585916695818
2023-01-31,151.92747497558594,147.81005859375,19.399999618530273,20.202999973297118,1.5467947750436803
2023-02-01,149.6051788330078,151.92776489257812,17.8700008392334,19.951500034332277,1.4599363163110424
2023-02-02,147.5535125732422,187.30015563964844,18.729999542236328,19.7875,1.2951296489631
2023-02-03,147.93763732910156,185.0775909423828,18.329999923706055,19.58100004196167,1.3137745782151868
2023-02-06,148.103515625,184.61126708984375,19.43000030517578,19.49600009918213,1.3204566519899765
2023-02-07,151.9886016845703,190.1279754638672,18.65999984741211,19.33050012588501,1.4313387654770142
2023-02-08,148.41781616210938,182.00173950195312,19.6299991607666,19.28300008773804,1.33790751478573
2023-02-09,147.055908203125,176.53463745117188,20.709999084472656,19.264000034332277,1.3088435391856525
2023-02-10,150.13772583007812,172.79397583007812,20.530000686645508,19.34900007247925,1.419325771771547
2023-02-13,149.2996368408203,178.0328826904297,20.34000015258789,19.448500061035155,1.3775645383850126
2023-02-14,150.4433135986328,178.08250427246094,18.90999984741211,19.426000022888182,1.4145748001883585
2023-02-15,148.85791015625,175.7805633544922,18.229999542236328,19.320499992370607,1.369467412594788
2023-02-16,146.70889282226562,171.0973358154297,20.170000076293945,19.30299997329712,1.3126617711262027
2023-02-17,143.4324493408203,171.5338897705078,20.020000457763672,19.311499977111815,1.2050274824223985
2023-02-21,141.80300903320312,170.74012756347656,22.8700008392334,19.46450004577637,1.1543041995379877
2023-02-22,141.2305145263672,169.78758239746094,22.290000915527344,19.619000053405763,1.1383524226791213
2023-02-23,142.6221160888672,170.700439453125,21.139999389648438,19.72200002670288,1.1810199078141292
2023-02-24,143.04490661621094,169.06326293945312,21.670000076293945,19.869000053405763,1.1992961667382036
2023-02-27,143.40599060058594,168.21987915039062,20.950000762939453,19.99100008010864,1.2133651757587776
2023-02-28,141.6004638671875,173.57786560058594,20.700000762939453,20.029000091552735,1.1398499493312901
2023-03-01,142.72781372070312,172.06968688964844,20.579999923706055,20.088000106811524,1.1806531306066428
2023-03-02,143.177001953125,173.1710205078125,19.59000015258789,20.17400007247925,1.1921868534589386
2023-03-03,145.29083251953125,183.8075714111328,18.489999771118164,20.16200008392334,1.2313278123786169
2023-03-06,146.35655212402344,183.46029663085938,18.610000610351562,20.176000118255615,1.26690740795737
2023-03-07,144.4717254638672,183.07334899902344,19.59000015258789,20.184000110626222,1.2067598751125608
2023-03-08,143.55572509765625,183.52975463867188,19.110000610351562,20.206500148773195,1.1757404753032525
2023-03-09,141.37144470214844,180.27529907226562,22.610000610351562,20.35550022125244,1.1138242931268838
2023-03-10,140.631591796875,178.1122589111328,24.799999237060547,20.560000228881837,1.0957959061576719
2023-03-13,139.7860565185547,179.491455078125,26.520000457763672,20.859500217437745,1.0645043500754965
2023-03-14,141.5916290283203,192.50929260253906,23.729999542236328,21.029000186920165,1.0870241317209848
2023-03-15,135.46151733398438,196.2102508544922,26.139999389648438,21.390500164031984,0.8776398912654215
2023-03-16,135.89305114746094,203.3343048095703,22.989999771118164,21.628500175476074,0.871885811188699
2023-03-17,134.1755828857422,194.08692932128906,25.510000228881836,21.89550018310547,0.8417639026071975
2023-03-20,136.14849853515625,196.26979064941406,24.149999618530273,22.102000141143797,0.8997886165122234
2023-03-21,140.3144989013672,200.58592224121094,21.3799991607666,22.027500057220458,1.023127021852421
2023-03-22,137.4608612060547,198.25421142578125,22.260000228881836,22.026000022888184,0.9369085050597941
2023-03-23,136.09567260742188,202.68939208984375,22.610000610351562,22.09950008392334,0.880256969527519
2023-03-24,137.45204162597656,204.4059295654297,21.739999771118164,22.10300006866455,0.9195496710133547
2023-03-27,138.85243225097656,201.26060485839844,20.600000381469727,22.085500049591065,0.9737649774937974
2023-03-28,140.4730682373047,199.11740112304688,19.969999313354492,22.048999977111816,1.0323530086360582
2023-03-29,141.67970275878906,203.7510528564453,19.1200008392334,21.976000022888183,1.058686526469872
2023-03-30,143.0272674560547,206.22169494628906,19.020000457763672,21.947500038146973,1.095600447914547
2023-03-31,143.7054443359375,210.2897491455078,18.700000762939453,21.958000087738036,1.1063386939778168
2023-04-03,149.6858367919922,211.4109649658203,18.549999237060547,21.955000019073488,1.2974772886452586
2023-04-04,148.88436889648438,213.04808044433594,19.0,21.925500011444093,1.2669013107151068
2023-04-05,149.6241912841797,209.8333282470703,19.079999923706055,21.923999977111816,1.29985325674437
2023-04-06,147.66009521484375,214.41738891601562,18.399999618530273,21.71349992752075,1.2233353242645901
2023-04-10,148.22377014160156,213.077880859375,18.969999313354492,21.42199993133545,1.2453615798714681
2023-04-11,149.04287719726562,212.18487548828125,19.100000381469727,21.050999927520753,1.2744454302284263
2023-04-12,149.57135009765625,212.33370971679688,19.09000015258789,20.81899995803833,1.2911978069719927
2023-04-13,151.57064819335938,218.63427734375,17.799999237060547,20.401999950408936,1.3386519180882928
2023-04-14,151.87893676757812,219.76541137695312,17.06999969482422,20.10599994659424,1.345526350873142
2023-04-17,150.54019165039062,217.1558837890625,16.950000762939453,19.67799997329712,1.309284337452684
2023-04-18,150.18788146972656,216.1934356689453,16.829999923706055,19.311999988555907,1.3005118905585749
2023-04-19,150.32879638671875,214.02047729492188,16.459999084472656,19.06599998474121,1.3111194084494946
2023-04-20,149.59776306152344,211.4109649658203,17.170000076293945,18.811499977111815,1.2946165498050057
2023-04-21,148.95480346679688,211.2323455810547,16.770000457763672,18.51949996948242,1.2742281702679732
2023-04-24,151.03341674804688,211.1331329345703,16.889999389648438,18.276999950408936,1.342019322689725
2023-04-25,148.84031677246094,205.9339599609375,18.760000228881836,18.18499994277954,1.2852136863860628
2023-04-26,146.18919372558594,207.76951599121094,18.84000015258789,18.12849998474121,1.1940080075016588
2023-04-27,147.04356384277344,236.7024688720703,17.030000686645508,18.023999977111817,1.14146368452103
2023-04-28,148.47918701171875,238.4487762451172,15.779999732971191,17.86199994087219,1.1832480364860085
2023-05-01,147.29898071289062,241.2864990234375,16.079999923706055,17.73099989891052,1.1370382397531809
2023-05-02,140.9574432373047,237.377197265625,17.780000686645508,17.692499971389772,0.9419067765276941
2023-05-03,138.13021850585938,235.18441772460938,18.34000015258789,17.659499979019166,0.8561606193322161
2023-05-04,137.59298706054688,231.70172119140625,20.09000015258789,17.709999990463256,0.848375951952361
2023-05-05,141.1072235107422,230.9674835205078,17.190000534057617,17.649500036239623,0.9645601747118282
2023-05-08,140.5523223876953,231.45367431640625,16.979999542236328,17.550000047683717,0.9451870446980937
2023-05-09,140.14715576171875,231.55287170410156,17.709999084472656,17.480499982833862,0.9317514594581262
2023-05-10,138.35922241210938,231.26515197753906,16.940000534057617,17.37300000190735,0.8744757566909346
2023-05-11,137.59298706054688,233.9540252685547,16.93000030517578,17.32950005531311,0.8421253153963243
2023-05-12,137.9452667236328,231.9894561767578,17.030000686645508,17.327500104904175,0.859019884157052
2023-05-15,138.4561004638672,237.00015258789062,17.1200008392334,17.33600010871887,0.8617065889369881
2023-05-16,135.20608520507812,236.96044921875,17.989999771118164,17.39400010108948,0.7562524384013205
2023-05-17,137.14378356933594,240.60189819335938,16.8700008392334,17.414500188827514,0.8090853534513431
2023-05-18,136.9747772216797,244.9279327392578,16.049999237060547,17.358500146865843,0.7915901352869039
2023-05-19,138.05982971191406,243.72732543945312,16.809999465942383,17.36050009727478,0.8301658702670696
2023-05-22,135.57843017578125,246.38650512695312,17.209999084472656,17.37650008201599,0.7421872757348773
2023-05-23,139.50064086914062,244.81878662109375,18.530000686645508,17.365000104904176,0.8739360756653644
2023-05-24,139.87416076660156,247.2695770263672,20.030000686645508,17.424500131607054,0.8792669637745435
2023-05-25,137.46392822265625,250.7224578857422,19.139999389648438,17.530000066757204,0.791397262853083
2023-05-26,137.03701782226562,259.9996643066406,17.950000762939453,17.638500118255614,0.7517844311639222
2023-05-30,136.18321228027344,260.47589111328125,17.459999084472656,17.707500076293947,0.7227301846646529
2023-05-31,133.95977783203125,262.6588134765625,17.940000534057617,17.71550006866455,0.6444523192850045
2023-06-01,135.3293914794922,270.4873352050781,15.649999618530273,17.58100004196167,0.667213128533286
2023-06-02,138.97589111328125,270.4873352050781,14.600000381469727,17.306500053405763,0.7856557456204554
2023-06-05,138.30885314941406,269.2768249511719,14.729999542236328,17.183500003814697,0.7673489951119993
2023-06-06,138.55789184570312,269.00897216796875,13.960000038146973,17.03250002861023,0.7761814163227424
2023-06-07,142.15101623535156,261.5475158691406,13.9399995803833,16.84400005340576,0.9135975159978573
2023-06-08,141.6262664794922,262.5198669433594,13.649999618530273,16.679500007629393,0.8938545368887391
2023-06-09,141.288330078125,262.88702392578125,13.829999923706055,16.52449998855591,0.8818590222909105
2023-06-12,139.9275360107422,268.93951416015625,15.010000228881836,16.423499965667723,0.8208618384462487
2023-06-13,140.97703552246094,269.2073669433594,14.609999656677246,16.297999906539918,0.8542074726832483
2023-06-14,139.71409606933594,271.22161865234375,13.880000114440918,16.092499923706054,0.8075957177052043
2023-06-15,140.77247619628906,279.6355285644531,14.5,15.973999881744385,0.8186227141539134
2023-06-16,139.8652801513672,278.81201171875,13.539999961853027,15.84849991798401,0.7914413540124844
2023-06-20,136.68125915527344,282.1160888671875,13.880000114440918,15.701999950408936,0.6788510526498678
2023-06-21,137.74856567382812,279.4470520019531,13.199999809265137,15.50149998664856,0.7209255907958007
2023-06-22,135.75631713867188,282.6618347167969,12.90999984741211,15.220499944686889,0.6472932788419241
2023-06-23,134.60899353027344,286.48187255859375,13.4399995803833,14.890999889373779,0.5994254115463808
2023-06-26,136.9747772216797,276.30169677734375,14.25,14.646499919891358,0.7045210763678248
2023-06-27,136.54788208007812,284.81494140625,13.739999771118164,14.435999870300293,0.6670289014086909
2023-06-28,137.78411865234375,283.0685729980469,13.430000305175781,14.23449993133545,0.7120298804971259
2023-06-29,138.9581298828125,279.33795166015625,13.539999961853027,14.01449990272522,0.7605164429334372
2023-06-30,139.94534301757812,284.7454833984375,13.59000015258789,13.9114999294281,0.777575208524474
2023-07-03,139.8208465576172,283.79296875,13.569999694824219,13.859999895095825,0.7761748529237651
2023-07-05,139.02040100097656,292.07794189453125,14.180000305175781,13.832499933242797,0.7271828223771793
2023-07-06,135.96978759765625,289.7164611816406,15.4399995803833,13.906499910354615,0.6346489198052452
2023-07-07,137.1615447998047,288.267822265625,14.829999923706055,13.950999927520751,0.6773788919162493
2023-07-10,138.07760620117188,291.8100891113281,15.069999694824219,14.021999931335449,0.6973030832735632
2023-07-11,140.63018798828125,295.9674072265625,14.84000015258789,14.07249994277954,0.768676488767729
2023-07-12,141.98204040527344,306.9313659667969,13.539999961853027,13.9989999294281,0.7821588686077896
2023-07-13,140.08766174316406,310.9696960449219,13.609999656677246,13.948999929428101,0.7094199616784396
2023-07-14,136.5923309326172,306.46502685546875,13.34000015258789,13.92199993133545,0.608388929100756
2023-07-17,136.46783447265625,308.2013244628906,13.479999542236328,13.870999908447265,0.5995265312521496
2023-07-18,136.7435302734375,309.6202697753906,13.300000190734863,13.858999919891357,0.6045435729764341
2023-07-19,137.57958984375,313.5494384765625,13.760000228881836,13.852999925613403,0.620795473032465
2023-07-20,139.1004180908203,300.1644592285156,13.989999771118164,13.892499923706055,0.7073400173010491
2023-07-21,141.13711547851562,291.96881103515625,13.600000381469727,13.926999950408936,0.7962390718882777
2023-07-24,143.92091369628906,289.33941650390625,13.90999984741211,13.950499963760375,0.8939572726127083
2023-07-25,144.57907104492188,292.1771545410156,13.859999656677246,13.930999946594238,0.9074596571534376
2023-07-26,143.49398803710938,296.2452392578125,13.1899995803833,13.903499937057495,0.8609250537692273
2023-07-27,141.9998016357422,309.2829284667969,14.40999984741211,13.952499914169312,0.7762096739669851
2023-07-28,141.29721069335938,322.9456787109375,13.329999923706055,13.941999912261963,0.7154715689633852
2023-07-31,145.55738830566406,316.1192626953125,13.630000114440918,13.943999910354615,0.8727919698360985
2023-08-01,144.3478240966797,320.1972351074219,13.930000305175781,13.961999940872193,0.8221866294237102
2023-08-02,142.06207275390625,311.8627014160156,16.09000015258789,14.057499933242799,0.77107287915207
2023-08-03,142.0087127685547,310.75140380859375,15.920000076293945,14.08149995803833,0.7724237777554593
2023-08-04,141.68853759765625,308.310546875,17.100000381469727,14.194999980926514,0.768798021844142
2023-08-07,142.2043914794922,314.09515380859375,15.770000457763672,14.230000019073486,0.7695000157453936
2023-08-08,141.99093627929688,310.2056579589844,15.989999771118164,14.2875,0.773360940505103
2023-08-09,142.17770385742188,302.8334655761719,15.960000038146973,14.408500003814698,0.7998868188358617
2023-08-10,143.0404052734375,303.359375,15.850000381469727,14.520500040054321,0.826448866556164
2023-08-11,145.9931640625,299.29132080078125,14.84000015258789,14.595500040054322,0.9336477016103721
2023-08-14,145.88645935058594,303.8059387207031,14.819999694824219,14.662500047683716,0.9176527540754461
2023-08-15,141.6262664794922,299.5989074707031,16.459999084472656,14.820499992370605,0.7909520875549877
2023-08-16,141.08375549316406,291.9985656738281,16.780000686645508,14.971500015258789,0.7944233008780283
2023-08-17,143.44532775878906,282.87017822265625,17.889999389648438,15.166499996185303,0.8964632308953405
2023-08-18,144.47796630859375,281.04449462890625,17.299999237060547,15.351499938964844,0.9350712226191797
2023-08-21,143.99307250976562,287.6427307128906,17.1299991607666,15.512499904632568,0.9010097504008534
2023-08-22,142.8077850341797,285.36065673828125,16.969999313354492,15.667999887466431,0.8688434671021863
2023-08-23,142.996337890625,291.94891357421875,15.979999542236328,15.807499885559082,0.8566840326395156
2023-08-24,141.82008361816406,284.5172424316406,17.200000762939453,15.94699993133545,0.8391024171834709
2023-08-25,142.87962341308594,283.27703857421875,15.680000305175781,16.064499950408937,0.8769593587821637
2023-08-28,143.85838317871094,287.99993896484375,15.079999923706055,16.136999940872194,0.8956435507225518
2023-08-29,143.6339111328125,295.66973876953125,14.449999809265137,16.16299991607666,0.8670670610200502
2023-08-30,143.83143615722656,292.8022155761719,13.880000114440918,16.05249991416931,0.8814409114201113
2023-08-31,144.65756225585938,293.58612060546875,13.569999694824219,15.934999895095824,0.9060989553641479
2023-09-01,147.5309295654297,294.0722961425781,13.09000015258789,15.734499883651733,0.9980800774913892
2023-09-05,149.47048950195312,297.81292724609375,14.010000228881836,15.646499872207642,1.0506982065023485
2023-09-06,149.62313842773438,296.840576171875,14.449999809265137,15.56949987411499,1.0583549109478478
2023-09-07,149.6321258544922,296.344482421875,14.399999618530273,15.491499853134155,1.0600236018770353
2023-09-08,150.14393615722656,295.570556640625,13.84000015258789,15.390999841690064,1.078795618660446
2023-09-11,147.04603576660156,305.1651611328125,13.800000190734863,15.338999843597412,0.9515450267575037
2023-09-12,149.7847442626953,299.3111877441406,14.229999542236328,15.309499835968017,1.0567475718185027
2023-09-13,149.23703002929688,302.6846923828125,13.479999542236328,15.160499858856202,1.0295949528948747
2023-09-14,150.16189575195312,309.2928771972656,12.819999694824219,14.962499809265136,1.0412965259100264
2023-09-15,149.5063934326172,297.9716796875,13.789999961853027,14.757499837875367,1.0514238358415826
2023-09-18,150.1529083251953,300.1942138671875,14.0,14.59249987602234,1.066255384946008
2023-09-19,150.13494873046875,302.6946105957031,14.109999656677246,14.44149990081787,1.0587328881474616
2023-09-20,149.67701721191406,297.3366394042969,15.140000343322754,14.349999952316285,1.0587282735303682
2023-09-21,148.33009338378906,293.4273376464844,17.540000915527344,14.428000020980836,1.0258277635903101
2023-09-22,149.308837890625,296.7511901855469,17.200000762939453,14.428000020980836,1.0483941237683285
2023-09-25,151.4908447265625,298.4876708984375,16.899999618530273,14.48899998664856,1.114449170352737
2023-09-26,150.6737060546875,296.6321716308594,18.940000534057617,14.682000017166137,1.093056957096487
2023-09-27,153.5830078125,295.42169189453125,18.219999313354492,14.870499992370606,1.1909138621306368
2023-09-28,153.17897033691406,301.59326171875,17.34000015258789,15.043499994277955,1.160662791050854
2023-09-29,151.41000366210938,297.8724365234375,17.520000457763672,15.241000032424926,1.1135307670382613
2023-10-02,149.5423126220703,304.4309997558594,17.610000610351562,15.467000055313111,1.0346645072492737
2023-10-03,149.8925018310547,298.5967712402344,19.780000686645508,15.755500078201294,1.062230327066312
2023-10-04,146.39952087402344,303.20062255859375,18.579999923706055,15.96200008392334,0.9359974834055871
2023-10-05,147.17173767089844,302.41680908203125,18.489999771118164,16.166500091552734,0.9632552513524796
2023-10-06,145.67221069335938,312.97393798828125,17.450000762939453,16.347000122070312,0.885250500843541
2023-10-09,149.70396423339844,315.881103515625,17.700000762939453,16.542000150680543,1.0081385997051349
2023-10-10,149.5423126220703,319.3340148925781,17.030000686645508,16.682000207901,0.9933053798766166
2023-10-11,144.65756225585938,325.2674255371094,16.09000015258789,16.81250023841858,0.8181764031839978
2023-10-12,144.77426147460938,321.6359558105469,16.690000534057617,17.00600028038025,0.8320450546662108
2023-10-13,147.31544494628906,312.23974609375,19.31999969482422,17.28250026702881,0.9406622342776871
2023-10-16,148.51866149902344,318.6494140625,17.209999084472656,17.44300022125244,0.9619558988511488
2023-10-17,150.4851531982422,321.4772033691406,17.8799991607666,17.63150019645691,1.0179821390299855
2023-10-18,151.6793975830078,314.50201416015625,19.219999313354492,17.835500144958495,1.076130283891053
2023-10-19,151.84104919433594,310.3743896484375,21.399999618530273,18.028500080108643,1.092835980277152
2023-10-20,149.80271911621094,306.2466735839844,21.709999084472656,18.253999996185303,1.038083925802756
2023-10-23,144.2803955078125,311.56500244140625,20.3700008392334,18.42750005722046,0.8439528033209257
2023-10-24,140.66171264648438,310.11639404296875,18.969999313354492,18.428999996185304,0.7304339130948925
2023-10-25,139.96133422851562,297.1977233886719,20.190000534057617,18.527500057220458,0.7435369317729338
2023-10-26,138.95562744140625,286.1048278808594,20.68000030517578,18.694500064849855,0.7416555987613415
2023-10-27,129.6171417236328,294.4195556640625,21.270000457763672,18.882000064849855,0.4152553589508054
2023-10-30,131.1795196533203,300.3034362792969,19.75,18.989000034332275,0.44967418439390533
2023-10-31,130.85626220703125,298.9241943359375,18.139999389648438,18.90699996948242,0.44300209868569845
2023-11-01,129.2848663330078,309.421875,16.8700008392334,18.82150001525879,0.36282794337088986
2023-11-02,133.57701110839844,308.44940185546875,15.65999984741211,18.680000019073486,0.5049407033271024
2023-11-03,132.5443878173828,312.1504211425781,14.90999984741211,18.55299997329712,0.4611287404060159
2023-11-06,131.99664306640625,313.3410339355469,14.890000343322754,18.412499952316285,0.4400331326636842
2023-11-07,129.67098999023438,316.3375549316406,14.8100004196167,18.301499938964845,0.35617717126059045
2023-11-08,127.86611938476562,317.2900390625,14.449999809265137,18.219499921798707,0.29490948938202527
2023-11-09,127.45306396484375,318.0540771484375,15.289999961853027,18.149499893188477,0.27937258840630247
2023-11-10,128.36000061035156,326.21002197265625,14.170000076293945,17.891999912261962,0.2861964311750512
2023-11-13,129.30279541015625,326.6268310546875,14.760000228881836,17.76949996948242,0.315662783961894
2023-11-14,130.2456817626953,333.6913757324219,14.15999984741211,17.5835000038147,0.32668318987064376
2023-11-15,130.70359802246094,330.119384765625,14.180000305175781,17.33150005340576,0.3514699074824285
2023-11-16,128.63487243652344,331.587890625,14.319999694824219,16.97750005722046,0.2801998308591588
2023-11-17,131.07562255859375,332.4313049316406,13.800000190734863,16.58200011253357,0.3571376197835521
2023-11-20,131.00302124023438,337.3228454589844,13.40999984741211,16.234000062942506,0.3412043480745936
2023-11-21,130.69451904296875,334.3561096191406,13.350000381469727,15.953000116348267,0.3394171731531745
2023-11-22,130.95765686035156,338.8310241699219,12.850000381469727,15.586000108718872,0.3355453335392786
2023-11-24,131.474853515625,335.596435546875,12.460000038146973,15.175000095367432,0.3613211831291636
2023-11-27,130.98489379882812,332.09393310546875,12.6899995803833,14.746000051498413,0.3551269230796199
2023-11-28,132.02833557128906,336.3504943847656,12.6899995803833,14.393000030517578,0.37720625609128294
2023-11-29,130.5765838623047,329.61346435546875,12.979999542236328,14.135000038146973,0.3487483772905497
2023-11-30,130.29531860351562,324.6026611328125,12.920000076293945,13.9375,0.3535186244889046
2023-12-01,131.3931884765625,322.29083251953125,12.630000114440918,13.78600001335144,0.39559456545825744
2023-12-04,131.4476318359375,317.5281677246094,13.079999923706055,13.694500017166138,0.41058038685065307
2023-12-05,129.62388610839844,315.81170654296875,12.850000381469727,13.592500019073487,0.35610652583669855
2023-12-06,129.32440185546875,314.9782409667969,12.970000267028809,13.500500011444093,0.3486919727212735
2023-12-07,129.22462463378906,324.0470886230469,13.0600004196167,13.43100004196167,0.3202830543971685
2023-12-08,130.9394989013672,330.1590881347656,12.350000381469727,13.284000062942505,0.359022061252383
2023-12-11,130.975830078125,322.7472229003906,12.630000114440918,13.207000064849854,0.38077168834203634
2023-12-12,129.29721069335938,331.61761474609375,12.069999694824219,13.072500038146973,0.30163086917166865
2023-12-13,131.21173095703125,332.133544921875,12.1899995803833,12.974000024795533,0.3623849305696215
2023-12-14,136.03880310058594,330.5758361816406,12.479999542236328,12.88899998664856,0.5234969203661899
2023-12-15,135.5125732421875,332.312255859375,12.279999732971191,12.786999988555909,0.5015854082457297
2023-12-18,135.8119659423828,341.9366760253906,12.5600004196167,12.725,0.4846001654151805
2023-12-19,137.59042358398438,347.6319580078125,12.529999732971191,12.680999994277954,0.5265609177037233
2023-12-20,136.32916259765625,346.56036376953125,13.670000076293945,12.696999979019164,0.48856757891220587
2023-12-21,136.74656677246094,351.33294677734375,13.649999618530273,12.736999940872192,0.48888039779034853
2023-12-22,137.0550537109375,350.6383972167969,13.029999732971191,12.765499925613403,0.5008279450625154
2023-12-26,138.28904724121094,352.0671081542969,12.989999771118164,12.780499935150146,0.5369445276924671
2023-12-27,137.8353729248047,355.0437927246094,12.430000305175781,12.767499971389771,0.5139476989004466
2023-12-28,135.89366149902344,355.5299987792969,12.470000267028809,12.742000007629395,0.44952928914674256
2023-12-29,135.34014892578125,351.2039489746094,12.449999809265137,12.718499994277954,0.4435562813234912
2024-01-02,135.63050842285156,343.5936584472656,13.199999809265137,12.746999979019165,0.47410772203406965
2024-01-03,138.2164764404297,341.7878112792969,14.039999961853027,12.794999980926514,0.5631146399823925
2024-01-04,136.70120239257812,344.4172058105469,14.130000114440918,12.858999967575073,0.5065996032818004
2024-01-05,136.46527099609375,349.2096252441406,13.350000381469727,12.877999973297118,0.4856362603521964
2024-01-08,135.648681640625,355.86737060546875,13.079999923706055,12.878999948501587,0.4406357732338337
2024-01-09,132.20074462890625,354.6468811035156,12.760000228881836,12.899499940872193,0.3320298301255526
2024-01-10,131.1118927001953,367.5853576660156,12.6899995803833,12.902499914169312,0.26075552976825284
2024-01-11,131.8196563720703,366.7916259765625,12.4399995803833,12.920999908447266,0.2859473092630261
2024-01-12,133.62527465820312,371.5740661621094,12.699999809265137,12.946499919891357,0.3313236070719411
2024-01-16,130.37693786621094,364.5987854003906,13.84000015258789,13.014499950408936,0.2451717196984978
2024-01-17,129.8597869873047,365.5017395019531,14.789999961853027,13.139999961853027,0.2258681528734916
2024-01-18,128.6802215576172,373.2013244628906,14.130000114440918,13.218499946594239,0.16618644112967146
2024-01-19,129.06129455566406,380.46429443359375,13.300000190734863,13.256999969482422,0.15840781180510127
2024-01-22,129.2881317138672,378.8072814941406,13.1899995803833,13.23299994468689,0.1703743241672676
2024-01-23,128.92518615722656,382.20068359375,12.550000190734863,13.17799997329712,0.14916799039435838
2024-01-24,131.49298095703125,387.6578674316406,13.140000343322754,13.183500003814697,0.21742812076261825
2024-01-25,134.80482482910156,390.1185302734375,13.449999809265137,13.206500005722045,0.31817184554334493
2024-01-26,135.32199096679688,391.0710754394531,13.260000228881836,13.248000001907348,0.3323264915923089
2024-01-29,135.26759338378906,397.8974914550781,13.600000381469727,13.304500007629395,0.31161479594117114
2024-01-30,136.21119689941406,396.9449768066406,13.3100004196167,13.347500038146972,0.3449075896957762
2024-01-31,133.77044677734375,387.10223388671875,14.350000381469727,13.405000066757202,0.29294490647788135
2024-02-01,134.1878204345703,391.70611572265625,13.880000114440918,13.397000074386597,0.2937249167681363
2024-02-02,138.13479614257812,471.29156494140625,13.850000381469727,13.383000087738036,0.20106031913025607
2024-02-05,138.2164764404297,455.8328552246094,13.670000076293945,13.399000072479248,0.24661469312714238
2024-02-06,138.234619140625,451.1794128417969,13.0600004196167,13.39800009727478,0.26011831012530606
2024-02-07,138.03497314453125,465.93359375,12.829999923706055,13.40150008201599,0.21268749242755997
2024-02-08,139.7861785888672,466.3404235839844,12.789999961853027,13.406500101089478,0.2684396728248809
2024-02-09,137.0459747314453,464.465087890625,12.930000305175781,13.431000137329102,0.1846390803229816
2024-02-12,137.9896240234375,465.24896240234375,13.930000305175781,13.492500162124633,0.2131145011546426
2024-02-13,136.64674377441406,456.537353515625,15.850000381469727,13.593000173568726,0.19367278433693433
2024-02-14,137.01876831054688,469.5948181152344,14.380000114440918,13.57250018119812,0.16951926000638085
2024-02-15,141.6783905029297,480.26116943359375,14.010000228881836,13.566500186920166,0.2912678365678204
2024-02-16,141.83433532714844,469.634521484375,14.239999771118164,13.613500165939332,0.3258243816109952
2024-02-20,141.25645446777344,468.0768127441406,15.420000076293945,13.725000190734864,0.31137711096827436
2024-02-21,142.57730102539062,464.8784484863281,15.34000015258789,13.864500188827515,0.36315592850180195
2024-02-22,142.56809997558594,482.8565673828125,14.539999961853027,13.934500169754028,0.31296385447767355
2024-02-23,141.86184692382812,480.7707214355469,13.75,13.949500179290771,0.295812599623351
2024-02-26,141.66921997070312,478.49615478515625,13.739999771118164,13.973500156402588,0.29586826863039156
2024-02-27,139.56869506835938,483.7703552246094,13.430000305175781,13.96500015258789,0.2130036775931311
2024-02-28,139.73379516601562,480.7607727050781,13.84000015258789,13.99150013923645,0.22671857376512064
2024-02-29,139.4311065673828,486.82965087890625,13.399999618530273,13.944000101089477,0.20004442576625955
2024-03-01,140.1649169921875,498.917724609375,13.109999656677246,13.905500078201294,0.19033240635135398
2024-03-04,136.56015014648438,494.83538818359375,13.489999771118164,13.887500047683716,0.08457469621990282
2024-03-05,137.21139526367188,486.9190368652344,14.460000038146973,13.927000045776367,0.1276975139745425
2024-03-06,136.0556182861328,492.74951171875,14.5,13.999000024795532,0.07397566872453501
2024-03-07,137.00958251953125,508.74114990234375,14.4399995803833,14.079500007629395,0.0605812598137091
2024-03-08,137.47738647460938,502.54315185546875,14.739999771118164,14.17699999809265,0.0929768855983638
2024-03-11,139.42196655273438,480.3336486816406,15.220000267028809,14.291499996185303,0.21777537453328932
2024-03-12,139.32106018066406,496.3848876953125,13.84000015258789,14.286999988555909,0.1699521164989049
2024-03-13,141.15554809570312,492.2330322265625,13.75,14.181999969482423,0.24106075898714838
2024-03-14,142.81576538085938,488.5181884765625,14.399999618530273,14.18299994468689,0.3052960823597181
2024-03-15,142.67820739746094,480.84027099609375,14.40999984741211,14.202999925613403,0.322135937234617
2024-03-18,142.54978942871094,493.6335754394531,14.329999923706055,14.207499933242797,0.28246055120903263
2024-03-19,143.65965270996094,492.89849853515625,13.819999694824219,14.127499914169311,0.32055022130697414
2024-03-20,141.7609405517578,502.1159973144531,13.039999961853027,14.012499904632568,0.2332972310988357
2024-03-21,142.04527282714844,504.3409423828125,12.920000076293945,13.931499910354614,0.2363579700709446
2024-03-22,141.86184692382812,506.1486511230469,13.0600004196167,13.896999931335449,0.22538329275016847
2024-03-25,143.52203369140625,499.6328430175781,13.1899995803833,13.869499921798706,0.29739091373583554
2024-03-26,142.42135620117188,492.55084228515625,13.239999771118164,13.859999895095825,0.2812937095873762
2024-03-27,143.41200256347656,490.5345153808594,12.779999732971191,13.80699987411499,0.3190668223343087
2024-03-28,144.6869659423828,482.3102722167969,13.010000228881836,13.787499904632568,0.3833032134926383
2024-04-01,145.9160614013672,488.0413818359375,13.649999618530273,13.81449990272522,0.4073206033915853
2024-04-02,146.5581512451172,494.0208740234375,14.609999656677246,13.870499897003175,0.41158204129073045
2024-04-03,147.16354370117188,503.32781982421875,14.329999923706055,13.863999891281129,0.4054170929412633
2024-04-04,147.39283752441406,507.479736328125,16.350000381469727,13.956499910354614,0.4013423506481722
2024-04-05,148.2275390625,523.7890625,16.030000686645508,14.035999965667724,0.3831924947948712
2024-04-08,147.9248504638672,515.7535400390625,15.1899995803833,14.058499956130982,0.39566114421094273
2024-04-09,148.5944366455078,513.4194946289062,14.979999542236328,14.046499919891357,0.42388758126254095
2024-04-10,149.20899963378906,516.3297119140625,15.800000190734863,14.144499921798706,0.43577282369484677
2024-04-11,148.49354553222656,519.63720703125,14.90999984741211,14.202499914169312,0.4033550065022261
2024-04-12,145.80601501464844,508.4530334472656,17.309999465942383,14.347999906539917,0.34709936798449403
2024-04-15,144.5493621826172,496.8616638183594,19.229999542236328,14.588999891281128,0.3384503856352906
2024-04-16,143.34779357910156,496.39483642578125,18.399999618530273,14.792499876022339,0.3007175656714737
2024-04-17,143.4578399658203,490.8424072265625,18.209999084472656,15.01199984550476,0.31970120809733776
2024-04-18,144.53103637695312,498.4210510253906,18.0,15.259999847412109,0.33352750116177393
2024-04-19,146.75994873046875,477.8306579589844,18.709999084472656,15.549499797821046,0.4630680536253735
2024-04-22,148.5210418701172,478.4862060546875,16.940000534057617,15.743499803543092,0.5184511504615397
2024-04-23,149.3740997314453,492.75946044921875,15.6899995803833,15.868499803543092,0.5065480742967959
2024-04-24,150.03453063964844,490.1769714355469,15.970000267028809,16.004999828338622,0.535166622600933
2024-04-25,151.60302734375,438.40789794921875,15.369999885559082,16.13449983596802,0.729783753573896
2024-04-26,152.1625518798828,440.3050842285156,15.029999732971191,16.235499811172485,0.7426926647072688
2024-04-29,152.56613159179688,429.70684814453125,14.670000076293945,16.28649983406067,0.7852138343852747
2024-04-30,147.9248504638672,427.2734069824219,15.649999618530273,16.33849983215332,0.6412128704534334
2024-05-01,146.42059326171875,436.232666015625,15.390000343322754,16.391499853134157,0.5674889151271079
2024-05-02,147.42955017089844,438.70587158203125,14.680000305175781,16.307999849319458,0.5933973412817207
2024-05-03,146.9892578125,448.91668701171875,13.489999771118164,16.18099980354309,0.5507588785360601
2024-05-06,148.86961364746094,462.54425048828125,13.489999771118164,16.095999813079835,0.5740155880451482
2024-05-07,149.20899963378906,465.0870361328125,13.229999542236328,16.008499813079833,0.5779824594705454
2024-05-08,149.08975219726562,469.41766357421875,13.0,15.868499803543092,0.5620907232487861
2024-05-09,151.75894165039062,472.2187194824219,12.6899995803833,15.75749979019165,0.6410156078648774
2024-05-10,152.0983428955078,472.99346923828125,12.550000190734863,15.519499826431275,0.6498896613022787
2024-05-13,150.9150848388672,464.8586120605469,13.600000381469727,15.237999868392944,0.6340320497451217
2024-05-14,150.0712127685547,468.6726989746094,13.420000076293945,14.988999891281129,0.5960371621144217
2024-05-15,149.5575714111328,478.2974853515625,12.449999809265137,14.700999927520751,0.5526425960340308
2024-05-16,149.25181579589844,470.0434875488281,12.420000076293945,14.42199993133545,0.5656179419965227
2024-05-17,150.71568298339844,468.73236083984375,11.989999771118164,14.085999965667725,0.6168047415192435
2024-05-20,149.2981414794922,465.6830139160156,12.149999618530273,13.846499919891357,0.5792239232239037
2024-05-21,148.21412658691406,461.5013427734375,11.859999656677246,13.654999923706054,0.5556188908132567
2024-05-22,145.99049377441406,464.63018798828125,12.289999961853027,13.470999908447265,0.4747094394732222
2024-05-23,145.4067840576172,462.64361572265625,12.770000457763672,13.340999937057495,0.4612630307600752
2024-05-24,146.15728759765625,474.9998474121094,11.930000305175781,13.185999965667724,0.4513490264520986
2024-05-28,147.3524627685547,476.68841552734375,12.920000076293945,13.098499965667724,0.4854835823810314
2024-05-29,145.36972045898438,471.165771484375,14.279999732971191,13.02999997138977,0.43640831462814383
2024-05-30,146.62977600097656,463.9050598144531,14.470000267028809,12.983999967575073,0.49748647093693954
2024-05-31,150.37290954589844,463.6865234375,12.920000076293945,12.895999956130982,0.6196743579034625
2024-06-03,145.8885955810547,474.2747497558594,13.109999656677246,12.876999950408935,0.4446338968733707
2024-06-04,144.6563262939453,473.7781066894531,13.15999984741211,12.860499954223632,0.4059866274458822
2024-06-05,143.59078979492188,491.7264404296875,12.630000114440918,12.830499982833862,0.32156619010947085
2024-06-06,144.4709930419922,490.4352111816406,12.579999923706055,12.809499979019165,0.35373967533815176
2024-06-07,144.6099853515625,489.6405944824219,12.220000267028809,12.78600001335144,0.3604595449774229
2024-06-10,145.22149658203125,499.2156677246094,12.739999771118164,12.795499992370605,0.35374922934255054
2024-06-11,144.98985290527344,504.0528869628906,12.850000381469727,12.757999992370605,0.33280082735739314
2024-06-12,142.88668823242188,505.41363525390625,12.039999961853027,12.68899998664856,0.2607111793218847
2024-06-13,141.60809326171875,500.70556640625,11.9399995803833,12.663499975204468,0.2322468248359743
2024-06-14,141.35792541503906,501.2623596191406,12.65999984741211,12.675499963760377,0.222575854581682
2024-06-17,141.932373046875,503.7181701660156,12.75,12.713499975204467,0.23441918094366251
2024-06-18,142.0620880126953,496.61920166015625,12.300000190734863,12.721000003814698,0.258333666976667
2024-06-20,145.12881469726562,498.8165283203125,13.279999732971191,12.792000007629394,0.3518465113729945
2024-06-21,143.8687744140625,491.936279296875,13.199999809265137,12.8375,0.33001311026356067
2024-06-24,147.6026153564453,496.04254150390625,13.329999923706055,12.86549997329712,0.43989690030168227
2024-06-25,146.8151092529297,507.6653747558594,12.84000015258789,12.910999965667724,0.38206186645310586
2024-06-26,144.48951721191406,510.17083740234375,12.550000190734863,12.892499971389771,0.29957068189418634
2024-06-27,144.83238220214844,516.5738525390625,12.239999771118164,12.79049997329712,0.29293757412505644
2024-06-28,144.9250030517578,501.3220520019531,12.4399995803833,12.688999938964844,0.3382730919315769
2024-07-01,145.01766967773438,501.7793273925781,12.220000267028809,12.653999948501587,0.3400139741970232
2024-07-02,145.2307586669922,506.5716552734375,12.029999732971191,12.599999952316285,0.33363559807188037
2024-07-03,145.19371032714844,507.029052734375,12.09000015258789,12.546499967575073,0.33116284619457725
2024-07-05,142.97006225585938,536.8068237304688,12.479999542236328,12.538999938964844,0.1762963001388488
2024-07-08,142.98858642578125,526.2777709960938,12.369999885559082,12.528499937057495,0.20611841187141938
2024-07-09,141.73779296875,526.9537963867188,12.510000228881836,12.542999935150146,0.16361504399955398
2024-07-10,143.7298126220703,531.6168823242188,12.850000381469727,12.548499965667725,0.21537711263051565
2024-07-11,143.85023498535156,509.7533264160156,12.920000076293945,12.551999950408936,0.27996472407780454
2024-07-12,144.15599060058594,496.0028076171875,12.460000038146973,12.572999954223633,0.3280567256653702
2024-07-15,146.42596435546875,493.30828857421875,13.119999885559082,12.631999969482422,0.4092660354284573
2024-07-16,146.17579650878906,486.9750061035156,13.1899995803833,12.658499956130981,0.418716532554473
2024-07-17,149.3815155029297,459.334716796875,14.479999542236328,12.744999933242799,0.5995499233640083
2024-07-18,150.067138671875,473.1151123046875,15.930000305175781,12.926499938964843,0.5835761617716467
2024-07-19,147.4543914794922,474.0496826171875,16.520000457763672,13.088499975204467,0.4961174084666029
2024-07-22,145.45309448242188,484.5987243652344,14.90999984741211,13.173999977111816,0.4018370184268778
2024-07-23,142.76622009277344,485.8812561035156,14.720000267028809,13.243499994277954,0.3110048570794076
2024-07-24,143.67422485351562,458.61883544921875,18.040000915527344,13.503500032424927,0.41615710625653646
2024-07-25,145.9626922607422,450.8040771484375,18.459999084472656,13.798999977111816,0.5121768958086739
2024-07-26,146.24063110351562,463.0234375,16.389999389648438,14.00649995803833,0.4872932796213877
2024-07-29,145.09178161621094,463.0333557128906,16.600000381469727,14.214499998092652,0.4499497654950731
2024-07-30,147.843505859375,460.5278625488281,17.690000534057617,14.488000011444091,0.5462823122229961
2024-07-31,148.67738342285156,472.1009521484375,16.360000610351562,14.70450005531311,0.5412497853465503
2024-08-01,141.4042510986328,494.8792724609375,18.59000015258789,15.029500055313111,0.24179503083401968
2024-08-02,137.6333770751953,485.3344421386719,23.389999389648438,15.575000047683716,0.14580157889046097
2024-08-05,134.0292205810547,472.99578857421875,38.56999969482422,16.885000038146973,0.0629767800130581
2024-08-06,132.7042999267578,491.2502136230469,27.709999084472656,17.644999980926514,-0.030718231540383403
2024-08-07,131.944580078125,486.1099548339844,27.850000381469727,18.394999980926514,-0.04112948728045712
2024-08-08,133.87171936035156,506.7009582519531,23.790000915527344,18.938500022888185,-0.03567826536710867
2024-08-09,134.33497619628906,514.794189453125,20.3700008392334,19.334000062942504,-0.04309162307509481
2024-08-12,134.36277770996094,512.984619140625,20.709999084472656,19.713500022888184,-0.03716664355743354
2024-08-13,133.55670166015625,525.5021362304688,18.1200008392334,19.96000008583069,-0.09808779458741111
2024-08-14,134.0384979248047,523.732421875,16.190000534057617,20.045500135421754,-0.07752713808339988
2024-08-15,136.011962890625,534.2418212890625,15.229999542236328,20.01050009727478,-0.04259254653751236
2024-08-16,136.44740295410156,524.388671875,14.800000190734863,19.92450008392334,-0.0011042935055643572
2024-08-19,137.56231689453125,526.238037109375,14.649999618530273,19.91150007247925,0.029977035631374806
2024-08-20,135.55740356445312,523.70263671875,15.880000114440918,19.969500064849854,-0.02810862772826535
2024-08-21,136.1476287841797,532.0841064453125,16.270000457763672,19.88100004196167,-0.03219782726186031
2024-08-22,136.53175354003906,528.8727416992188,17.549999237060547,19.835500049591065,-0.010808761552123645
2024-08-23,138.30242919921875,524.96533203125,15.859999656677246,19.809000062942506,0.05754879288522478
2024-08-26,139.12689208984375,518.1248779296875,16.149999618530273,19.786500024795533,0.10331207845520995
2024-08-27,137.6747283935547,516.116455078125,15.430000305175781,19.67350001335144,0.06171789841307113
2024-08-28,136.78469848632812,513.809814453125,17.110000610351562,19.71100001335144,0.03921010766288633
2024-08-29,138.1150665283203,515.241455078125,15.649999618530273,19.56399998664856,0.07844891779317918
2024-08-30,138.61160278320312,518.313720703125,15.0,19.144500017166138,0.08605079286055682
2024-09-03,135.52926635742188,508.81866455078125,20.719999313354492,18.25199999809265,0.012283721506593001
2024-09-04,133.10276794433594,509.7930603027344,21.31999969482422,17.932500028610228,-0.06923597566833435
2024-09-05,132.03468322753906,513.8893432617188,19.899999618530273,17.534999990463255,-0.11529671076494943
2024-09-06,129.8142852783203,497.39471435546875,22.3799991607666,17.46449990272522,-0.14164165616264895
2024-09-09,131.44447326660156,501.8887634277344,19.450000762939453,17.41849989891052,-0.10116319329838493
2024-09-10,129.50514221191406,501.8887634277344,19.079999923706055,17.336999940872193,-0.16415495761591706
2024-09-11,129.17723083496094,508.8882751464844,17.690000534057617,17.315499925613402,-0.1942310829438624
2024-09-12,130.4232635498047,522.5790405273438,17.06999969482422,17.359499883651733,-0.19175333705194772
2024-09-13,131.7349090576172,521.6047973632812,16.559999465942383,17.425999879837036,-0.1464458031001846
2024-09-16,133.12149047851562,530.7208251953125,17.139999389648438,17.542999839782716,-0.12670697162828537
2024-09-17,134.35816955566406,533.7462158203125,17.610000610351562,17.690999889373778,-0.09493429470463312
2024-09-18,134.87347412109375,535.3684692382812,18.229999542236328,17.80849986076355,-0.08269870163547766
2024-09-19,135.8384552001953,556.4168701171875,16.329999923706055,17.81149983406067,-0.10976889313908215
2024-09-20,136.48489379882812,558.6560668945312,16.149999618530273,17.741499853134155,-0.09498606450596772
2024-09-23,138.22747802734375,561.701416015625,15.890000343322754,17.742999887466432,-0.04683637964287842
2024-09-24,138.1431884765625,560.6266479492188,15.390000343322754,17.704999923706055,-0.04659148734134868
2024-09-25,134.8828125,565.5827026367188,15.40999984741211,17.70399990081787,-0.16624648777442655
2024-09-26,133.02781677246094,565.1150512695312,15.369999885559082,17.616999864578247,-0.2252011061559781
2024-09-27,136.306884765625,564.6372680664062,16.959999084472656,17.682499837875366,-0.11736715002707465
2024-09-30,137.97451782226562,569.6929321289062,16.729999542236328,17.768999814987183,-0.07723103155830857
2024-10-01,140.2511444091797,573.7035522460938,19.260000228881836,17.69599986076355,-0.01441385801811718
2024-10-02,141.42225646972656,570.06103515625,18.899999618530273,17.574999856948853,0.033734027390144965
2024-10-03,141.70330810546875,579.9733276367188,20.489999771118164,17.604499864578248,0.01535413646183741
2024-10-04,141.22552490234375,593.0801391601562,19.209999084472656,17.44599986076355,-0.036539095946726725
2024-10-07,141.58151245117188,581.9737548828125,22.639999389648438,17.605499792099,0.005846446441090543
2024-10-08,139.3611297607422,590.0447998046875,21.420000076293945,17.722499799728393,-0.08867312249736989
2024-10-09,140.2042999267578,587.6761474609375,20.860000610351562,17.88099980354309,-0.05471243070145026
2024-10-10,141.11306762695312,581.0281982421875,20.93000030517578,18.07399983406067,-0.0067450684601958275
2024-10-11,141.8625946044922,587.1189575195312,20.459999084472656,18.268999814987183,0.0006972639838347703
2024-10-14,142.1998748779297,587.586669921875,19.700000762939453,18.396999883651734,0.010354521582079989
2024-10-15,138.40550231933594,583.4564819335938,20.639999389648438,18.548499822616577,-0.10142900760207213
2024-10-16,139.34237670898438,574.02197265625,19.579999923706055,18.615999841690062,-0.04481539308936883
2024-10-17,141.65647888183594,574.161376953125,19.110000610351562,18.75499987602234,0.02996250258258966
2024-10-18,141.23489379882812,573.7035522460938,18.030000686645508,18.8489999294281,0.017539484630869517
2024-10-21,141.356689453125,572.3998413085938,18.3700008392334,18.97299995422363,0.02511363447297622
2024-10-22,141.39414978027344,579.217041015625,18.200000762939453,19.11349997520447,0.007411169562637786
2024-10-23,140.98191833496094,560.9849243164062,19.239999771118164,19.30499997138977,0.04461951761891996
2024-10-24,140.9538116455078,565.0552368164062,19.079999923706055,19.49049997329712,0.03241057147297785
2024-10-25,141.29110717773438,570.4989624023438,20.329999923706055,19.65900001525879,0.028258799495944793
2024-10-28,141.0381317138672,575.3854370117188,19.799999237060547,19.8125,0.006480821427711123
2024-10-29,139.1456298828125,590.4329833984375,19.34000015258789,19.816499996185303,-0.09675010758010454
2024-10-30,138.705322265625,588.9598999023438,20.350000381469727,19.889000034332277,-0.10696369031571122
2024-10-31,139.42672729492188,564.856201171875,23.15999984741211,20.022500038146973,-0.016638565296153478
2024-11-01,143.40846252441406,564.4381713867188,21.8799991607666,20.15600004196167,0.1138530241865506
2024-11-04,144.2516326904297,557.9893798828125,21.979999542236328,20.123000049591063,0.1591369947737058
2024-11-05,143.72698974609375,569.6829223632812,20.489999771118164,20.076500034332277,0.10964383337605703
2024-11-06,147.76495361328125,569.3046875,16.270000457763672,19.84700002670288,0.24185135584091272
2024-11-07,146.8749237060547,588.860595703125,15.199999809265137,19.56050000190735,0.15867020917058872
2024-11-08,147.02479553222656,586.5118408203125,14.9399995803833,19.28450002670288,0.1700565318271436
2024-11-11,146.6219482421875,580.3713989257812,14.970000267028809,19.048000001907347,0.17401264542811706
2024-11-12,145.48831176757812,582.013427734375,14.710000038146973,18.751500034332274,0.13263380396718602
2024-11-13,148.70184326171875,577.2166137695312,14.020000457763672,18.473500061035157,0.25032531241334816
2024-11-14,151.58743286132812,574.3901977539062,14.3100004196167,18.233500051498414,0.3518965952262609
2024-11-15,151.23141479492188,551.4210205078125,16.139999389648438,18.13899998664856,0.40407719961107114
2024-11-18,152.14944458007812,551.739501953125,15.579999923706055,17.99949994087219,0.4330120361611716
2024-11-19,151.05157470703125,558.3974609375,16.350000381469727,17.906999921798707,0.3788746325986981
2024-11-20,152.6889190673828,562.8060913085938,17.15999984741211,17.802999925613403,0.4198225984673254
2024-11-21,152.97286987304688,560.3877563476562,16.8700008392334,17.692499971389772,0.4357570647547177
2024-11-22,153.66375732421875,556.4567260742188,15.239999771118164,17.437999963760376,0.46910737458369667
2024-11-25,151.7708740234375,562.3980712890625,14.600000381469727,17.178000020980836,0.39113575542575013
2024-11-26,153.8246307373047,570.78759765625,14.100000381469727,16.916000032424925,0.4345614293018196
2024-11-27,153.42715454101562,566.468505859375,14.100000381469727,16.603500032424925,0.43363735739257425
2024-11-29,153.25677490234375,571.5638427734375,13.510000228881836,16.121000051498413,0.41396255073938737
2024-12-02,153.52178955078125,589.985107421875,13.34000015258789,15.694000101089477,0.3714475002185946
2024-12-03,153.247314453125,610.705078125,13.300000190734863,15.260000133514405,0.30502977304732365
2024-12-04,149.8401641845703,610.8345336914062,13.449999809265137,14.908000135421753,0.19400223865832525
2024-12-05,150.79605102539062,606.0077514648438,13.539999961853027,14.77150011062622,0.23844594944226685
2024-12-06,146.9250946044922,620.7765502929688,12.770000457763672,14.650000143051148,0.07172606292106304
2024-12-09,148.66656494140625,610.62548828125,14.1899995803833,14.612500143051147,0.15646249517265237
2024-12-10,148.59085083007812,616.3479614257812,14.180000305175781,14.573000144958495,0.13812209647194462
2024-12-11,147.8431396484375,629.643798828125,13.579999923706055,14.51650013923645,0.07693669618612586
2024-12-12,146.4235076904297,627.7628784179688,13.920000076293945,14.511500120162964,0.0360453382764249
2024-12-13,145.62847900390625,617.3729248046875,13.8100004196167,14.486500120162964,0.03905626138355051
2024-12-16,141.3600616455078,621.745361328125,14.6899995803833,14.414000129699707,-0.11172144622521714
2024-12-17,140.177001953125,616.9645385742188,15.869999885559082,14.428500127792358,-0.1368807939731329
2024-12-18,136.3628692626953,594.803466796875,27.6200008392334,14.992000150680543,-0.19926650841517612
2024-12-19,133.5897979736328,593.1900024414062,24.09000015258789,15.338500165939331,-0.2848614241882888
2024-12-20,135.19873046875,582.9112548828125,18.360000610351562,15.41300015449524,-0.20407562232842
2024-12-23,135.31231689453125,597.452880859375,16.780000686645508,15.490000200271606,-0.2407423943879259
2024-12-24,136.1356964111328,605.3213500976562,14.270000457763672,15.473500204086303,-0.235834778260822
2024-12-26,136.26820373535156,600.9389038085938,14.729999542236328,15.505000162124634,-0.2193685365790463
2024-12-27,136.2871551513672,597.4130249023438,15.949999809265137,15.597500133514405,-0.20896788686261772
2024-12-30,135.40696716308594,588.877197265625,17.399999618530273,15.792000102996827,-0.21386864372383815
2024-12-31,137.0821533203125,583.1702270507812,17.350000381469727,15.992500114440919,-0.14361852693585253
2025-01-02,138.85198974609375,596.8453979492188,17.93000030517578,16.224000120162962,-0.12408373944596496
2025-01-03,139.9309539794922,602.2137451171875,16.1299991607666,16.358000087738038,-0.1039360439961286
2025-01-06,139.3725128173828,627.681640625,16.040000915527344,16.483000135421754,-0.19275385454463945
2025-01-07,141.57772827148438,615.4208374023438,17.81999969482422,16.73550009727478,-0.08709943947676671
2025-01-08,142.2497100830078,608.2794189453125,17.700000762939453,16.911000156402586,-0.04545367761013945
2025-01-10,144.9375762939453,613.3988037109375,19.540000915527344,17.179000186920167,0.027643980403887294
2025-01-13,147.0292205810547,605.8990478515625,19.190000534057617,17.459500217437743,0.11639652174468916
2025-01-14,148.49618530273438,591.8751831054688,18.709999084472656,17.69900016784668,0.20296456208693028
2025-01-15,149.84962463378906,614.6538696289062,16.1200008392334,17.814500188827516,0.18371003243631823
2025-01-16,150.84335327148438,608.8571166992188,16.600000381469727,17.910000228881835,0.23207477040349136
2025-01-17,152.82144165039062,610.3212280273438,15.970000267028809,17.915000247955323,0.2922621891675708
2025-01-21,149.76443481445312,613.9965209960938,15.0600004196167,17.287000226974488,0.18276725270329502
2025-01-22,148.03244018554688,621.0083618164062,15.100000381469727,16.837500238418578,0.10705062822609722
2025-01-23,147.6538543701172,633.9066772460938,15.020000457763672,16.670500230789184,0.05895806646241064
2025-01-24,147.31314086914062,644.9025268554688,14.850000381469727,16.574000215530397,0.017375401083337343
2025-01-27,148.8085174560547,657.2429809570312,17.899999618530273,16.755500173568727,0.03169953979468315
2025-01-28,147.8431396484375,671.6353149414062,16.40999984741211,16.839500188827515,-0.03959894761263429
2025-01-29,147.35101318359375,673.7865600585938,16.559999465942383,16.870000171661378,-0.06155397255810703
2025-01-30,147.94728088378906,684.254638671875,15.84000015258789,16.792000198364256,-0.07123770133888327
2025-01-31,141.1991424560547,686.4259033203125,16.43000030517578,16.74600019454956,-0.29645094599820315
2025-02-03,141.3411102294922,694.6727905273438,18.6200008392334,16.780500221252442,-0.31472658114776797
2025-02-04,145.01332092285156,701.3759765625,17.209999084472656,16.834500217437743,-0.2140516461832074
2025-02-05,144.79563903808594,702.05322265625,15.770000457763672,16.821000194549562,-0.2230017171027938
2025-02-06,143.76400756835938,709.1447143554688,15.5,16.70500020980835,-0.2761907671817611
2025-02-07,144.4454345703125,711.6646728515625,16.540000915527344,16.647000217437743,-0.26105064905628445
2025-02-10,147.42672729492188,714.5331420898438,15.8100004196167,16.46050019264221,-0.1721753681165266
2025-02-11,149.0072479248047,716.9235229492188,16.020000457763672,16.302000188827513,-0.12747202022848014
2025-02-12,146.6033172607422,722.4812622070312,15.890000343322754,16.16100025177002,-0.22097847118513492
2025-02-13,147.5308380126953,725.6486206054688,15.100000381469727,16.110000228881837,-0.19964161361876873
2025-02-14,148.6504364013672,733.7261352539062,14.770000457763672,16.018500232696532,-0.18569260523858855
2025-02-18,149.4351348876953,713.5072631835938,15.350000381469727,15.98750023841858,-0.10409287781703891
2025-02-19,150.4590606689453,700.9576416015625,15.270000457763672,15.998000240325927,-0.036006613092485776
2025-02-20,151.95187377929688,692.0632934570312,15.65999984741211,16.026000213623046,0.03716548269229241
2025-02-21,150.16241455078125,680.8184204101562,18.209999084472656,16.185500144958496,0.010248715161634748
2025-02-24,151.09063720703125,665.4600219726562,18.979999542236328,16.392000102996825,0.08302139955284173
2025-02-25,149.68392944335938,654.8724975585938,19.43000030517578,16.4685001373291,0.06671256562280492
2025-02-26,148.4590606689453,671.0077514648438,19.100000381469727,16.603000164031982,-0.017851479106328404
2025-02-27,149.9231719970703,655.6094970703125,21.1299991607666,16.831500148773195,0.07243811159439409
2025-02-28,151.7891845703125,665.52978515625,19.6299991607666,17.021000099182128,0.10551743527225446
2025-03-03,146.49732971191406,652.4323120117188,22.780000686645508,17.338500118255617,-0.030019910445680774
2025-03-04,145.4542694091797,637.4424438476562,23.510000228881836,17.583000087738036,-0.022299578113410382
2025-03-05,144.31552124023438,653.8465576171875,21.93000030517578,17.819000148773192,-0.10481246874997227
2025-03-06,146.36337280273438,625.4207153320312,24.8700008392334,18.27400016784668,0.04059210102821427
2025-03-07,149.6073760986328,623.1597900390625,23.3700008392334,18.66750020980835,0.1522357237563893
2025-03-10,150.784423828125,595.6002807617188,27.860000610351562,19.23350019454956,0.266951292403925
2025-03-11,147.44471740722656,603.2894287109375,26.920000076293945,19.78900017738342,0.13713461366930216
2025-03-12,146.09544372558594,617.0841064453125,24.229999542236328,20.199500131607056,0.05502536147753672
2025-03-13,146.9949493408203,588.2797241210938,24.65999984741211,20.638000106811525,0.16418082933800976
2025-03-14,150.25811767578125,605.7102661132812,21.770000457763672,20.97150011062622,0.22179882551610447
2025-03-17,151.88490295410156,603.0186767578125,20.510000228881836,21.25850009918213,0.2821084829962028
2025-03-18,153.88487243652344,580.5487670898438,21.700000762939453,21.576000118255614,0.4094287702260211
2025-03-19,156.98536682128906,582.2435913085938,19.899999618530273,21.807500076293945,0.5054329836357421
2025-03-20,157.6743621826172,584.1774291992188,19.799999237060547,22.014500045776366,0.5224455439242507
2025-03-21,157.65521240234375,594.3956298828125,19.280000686645508,22.06800012588501,0.49346579407495716
2025-03-24,157.91358947753906,616.92529296875,17.479999542236328,21.99300012588501,0.43933344286358156
2025-03-25,158.79397583007812,624.3621826171875,17.149999618530273,21.879000091552733,0.4472904361650701
2025-03-26,160.73654174804688,609.0797729492188,18.329999923706055,21.84050006866455,0.5527993028624634
2025-03-27,159.47340393066406,600.7059936523438,18.690000534057617,21.7185001373291,0.5350101634345692
2025-03-28,158.93751525878906,574.9463500976562,21.649999618530273,21.819500160217284,0.5890925124882829
2025-03-31,160.0858154296875,574.5675048828125,22.280000686645508,21.794500160217286,0.6274420373100709
2025-04-01,161.2532958984375,584.1774291992188,21.770000457763672,21.707500171661376,0.6386935401547602
2025-04-02,159.3011474609375,582.1138916015625,21.510000228881836,21.68650016784668,0.5810122203760338
2025-04-03,149.3968505859375,529.9666137695312,30.020000457763672,21.944000148773192,0.40402905857306287
2025-04-04,137.1097869873047,503.1603088378906,45.310001373291016,23.041000175476075,0.07932407422402574
2025-04-07,134.11459350585938,514.6444091796875,46.97999954223633,23.99700012207031,-0.04983424025464572
2025-04-08,131.03323364257812,508.86248779296875,52.33000183105469,25.26750020980835,-0.13387435301061087
2025-04-09,139.74136352539062,583.9482421875,33.619998931884766,25.73700017929077,-0.0594033993622266
2025-04-10,129.167236328125,544.5910034179688,40.720001220703125,26.540000247955323,-0.2936385980607822
2025-04-11,129.78924560546875,541.8794555664062,37.560001373291016,27.32950029373169,-0.26590986321922594
2025-04-14,129.4925994873047,529.8270874023438,30.889999389648438,27.84850025177002,-0.24209732129616118
2025-04-15,128.7461700439453,519.8980712890625,30.1200008392334,28.269500255584717,-0.23878703974539936
2025-04-16,129.53086853027344,500.7477722167969,32.63999938964844,28.906500244140624,-0.16015283616770024
2025-04-17,131.93276977539062,499.92041015625,29.649999618530273,29.399000263214113,-0.07984013473484945
2025-04-21,127.97106170654297,483.1526794433594,33.81999969482422,30.126000213623048,-0.16198697322219596
2025-04-22,131.3873291015625,498.7240905761719,30.56999969482422,30.780500221252442,-0.09423664379861757
2025-04-23,130.7940216064453,518.6520385742188,28.450000762939453,31.3455002784729,-0.16881238771677126
2025-04-24,133.0811004638672,531.4918823242188,26.469999313354492,31.75250024795532,-0.13015873925071128
2025-04-25,132.75572204589844,545.5679931640625,24.84000015258789,32.06000022888183,-0.17979170180325535
2025-04-28,134.06674194335938,548.0302734375,25.149999618530273,32.23500022888184,-0.14404159277049347
2025-04-29,133.3011932373047,552.7156982421875,24.170000076293945,32.32950019836426,-0.18191059824840616
2025-04-30,130.20069885253906,547.2926025390625,24.700000762939453,32.476000213623045,-0.26756804264611744
2025-05-01,130.39208984375,570.430419921875,24.600000381469727,32.63050022125244,-0.3255639422423627
2025-05-02,132.53564453125,595.1632080078125,22.68000030517578,32.26350021362305,-0.3245776507945569
2025-05-05,129.6648406982422,597.40625,23.639999389648438,31.18000011444092,-0.4240496838950941
2025-05-06,129.7605438232422,585.4834594726562,24.760000228881836,30.069000148773192,-0.3878527812142161
2025-05-07,129.94235229492188,594.953857421875,23.549999237060547,28.630000019073485,-0.4082298533860127
2025-05-08,131.1385040283203,596.150146484375,22.479999542236328,28.073000049591066,-0.37269739548469577
2025-05-09,132.5260772705078,590.6473999023438,21.899999618530273,27.131999969482422,-0.3123560513020525
2025-05-12,135.52127075195312,637.4413452148438,18.389999389648438,26.173499870300294,-0.34493206314147773
2025-05-13,136.21986389160156,653.98974609375,18.219999313354492,25.539999866485594,-0.3681663652270362
2025-05-14,135.5691375732422,657.3093872070312,18.6200008392334,24.964999866485595,-0.3985154553303095
2025-05-15,136.13372802734375,641.8775634765625,17.829999923706055,24.224499893188476,-0.33735020330897425
2025-05-16,135.98062133789062,638.3485107421875,17.239999771118164,23.603999900817872,-0.3325293961077401
2025-05-19,134.1403045654297,638.438232421875,18.139999389648438,22.81999988555908,-0.3925540568254954
2025-05-20,132.9586181640625,635.1185913085938,18.09000015258789,22.195999908447266,-0.4217238971773754
2025-05-21,131.30230712890625,633.5234985351562,20.8700008392334,21.816999912261963,-0.4710961054139714
2025-05-22,131.04078674316406,634.5902099609375,20.280000686645508,21.507499980926514,-0.48255095414883675
2025-05-23,132.25152587890625,625.1097412109375,22.290000915527344,21.380000019073485,-0.416914341472281
2025-05-27,133.5010223388672,640.3223266601562,18.959999084472656,21.070499992370607,-0.41854747266784764
2025-05-28,131.7478790283203,641.5784301757812,19.309999465942383,20.82749996185303,-0.4789776010987023
2025-05-29,133.57850646972656,643.0438842773438,19.18000030517578,20.551499938964845,-0.42358361432574887
2025-05-30,132.40650939941406,645.4762573242188,18.56999969482422,20.249999904632567,-0.4684018314316483
2025-06-02,133.5106964111328,668.8134765625,18.360000610351562,20.033999919891357,-0.49730242142504566
2025-06-03,135.1669921875,664.7760620117188,17.690000534057617,19.736499977111816,-0.4322992687501447
2025-06-04,133.0554656982422,685.8104858398438,17.610000610351562,19.378999996185303,-0.5592592721360138
2025-06-05,132.6002197265625,682.49072265625,18.479999542236328,19.125500011444093,-0.5648331301424798
2025-06-06,135.80628967285156,695.5401000976562,16.770000457763672,18.840000057220458,-0.4969110669939878
2025-06-09,136.3389892578125,691.9014282226562,17.15999984741211,18.60300006866455,-0.4695102445019812
2025-06-10,138.84764099121094,700.2155151367188,16.950000762939453,18.5310001373291,-0.41109968186644275
2025-06-11,140.23272705078125,691.981201171875,17.260000228881836,18.483000183105467,-0.3432584272354167
2025-06-12,140.41676330566406,691.20361328125,18.020000457763672,18.453000164031984,-0.3351227356943202
2025-06-13,141.32725524902344,680.7462768554688,20.81999969482422,18.60250015258789,-0.27652748510933856
2025-06-16,141.44345092773438,700.4749145507812,19.110000610351562,18.696000194549562,-0.32750459784488634
2025-06-17,144.17489624023438,695.5963134765625,21.600000381469727,18.869000244140626,-0.22524484112688467
2025-06-18,143.53562927246094,694.1398315429688,20.139999389648438,18.971500205993653,-0.24196693164294608
2025-06-20,144.85292053222656,680.751220703125,20.6200008392334,18.959000205993654,-0.1620234307750955
2025-06-23,142.24740600585938,696.8933715820312,19.829999923706055,18.93650016784668,-0.29145162161183097
2025-06-24,139.04136657714844,710.5313110351562,17.479999542236328,18.69600009918213,-0.4334358363437888
2025-06-25,138.73141479492188,707.01953125,16.760000228881836,18.586000156402587,-0.43375747930887043
2025-06-26,139.90341186523438,724.3887939453125,16.59000015258789,18.450000190734862,-0.4438931334387489
2025-06-27,139.27381896972656,731.9110717773438,16.31999969482422,18.307000160217285,-0.48521902131035816
2025-06-30,138.6926727294922,736.3607177734375,16.729999542236328,18.21500015258789,-0.5164440790186873
2025-07-01,140.99794006347656,717.5348510742188,16.829999923706055,18.138500118255614,-0.3893203732612009
2025-07-02,143.33221435546875,711.8980712890625,16.639999389648438,18.086000061035158,-0.29785708882540024
2025-07-03,143.70997619628906,717.3253784179688,16.3799991607666,18.02449998855591,-0.30064890247106796
2025-07-07,142.7704315185547,716.6668701171875,17.790000915527344,17.99000005722046,-0.32933891924332803
2025-07-08,148.42701721191406,718.9813842773438,16.809999465942383,17.992000007629393,-0.1520296148167619
2025-07-09,148.2139434814453,731.0631103515625,15.9399995803833,17.930999994277954,-0.1924799343705996
2025-07-10,149.32781982421875,725.5360107421875,15.779999732971191,17.87249994277954,-0.1409610039233786
2025-07-11,150.43199157714844,715.8289184570312,16.399999618530273,17.829499912261962,-0.07815689587967749
2025-07-14,146.88694763183594,719.2308349609375,17.200000762939453,17.788499927520753,-0.20274517486110874
2025-07-15,145.95712280273438,708.7255859375,17.3799991607666,17.61649990081787,-0.2037926197636734
2025-07-16,145.2113037109375,701.2630004882812,17.15999984741211,17.5189998626709,-0.20730739795263187
2025-07-17,146.6254425048828,699.7665405273438,16.520000457763672,17.264999866485596,-0.15722149509545622
2025-07-18,145.32752990722656,702.6298828125,16.40999984741211,17.07849988937378,-0.2073256312412594
2025-07-21,144.97882080078125,711.2994384765625,16.649999618530273,16.879999828338622,-0.2427120287070418
2025-07-22,145.32752990722656,703.1585693359375,16.5,16.71349983215332,-0.20879285200581363
2025-07-23,148.31077575683594,711.9080810546875,15.369999885559082,16.60799984931946,-0.1361753107511228
2025-07-24,150.93568420410156,713.125244140625,15.390000343322754,16.539499855041505,-0.05429307643734526
2025-07-25,149.9767608642578,711.0101318359375,14.930000305175781,16.4564998626709,-0.07957014027863928
2025-07-28,151.3715362548828,715.9486083984375,15.029999732971191,16.391999864578246,-0.047971540281571586
2025-07-29,152.0979766845703,698.35986328125,15.979999542236328,16.354499864578248,0.024436718924048174
2025-07-30,148.73696899414062,693.5811157226562,15.479999542236328,16.28699984550476,-0.07147071255065406
2025-07-31,146.8772735595703,771.6278076171875,16.719999313354492,16.290999841690063,-0.3484724622920283
2025-08-01,146.64479064941406,748.2527465820312,20.3799991607666,16.490999841690062,-0.29115287374285326
2025-08-04,146.29611206054688,774.5509643554688,17.520000457763672,16.47749981880188,-0.37546167397972185
2025-08-05,148.23329162597656,761.6712036132812,17.850000381469727,16.52949986457825,-0.27679563878001634
2025-08-06,147.98146057128906,770.1812133789062,16.770000457763672,16.570999908447266,-0.30859254787381935
2025-08-07,148.34954833984375,760.0449829101562,16.56999969482422,16.610499906539918,-0.26850636511245835
2025-08-08,150.14141845703125,767.49755859375,15.149999618530273,16.547999906539918,-0.23098683423577943
2025-08-11,148.6304168701172,764.0755615234375,16.25,16.500499868392943,-0.27056916078470733
2025-08-12,149.58932495117188,788.1489868164062,14.729999542236328,16.367999887466432,-0.3062317149820406
2025-08-13,150.97439575195312,778.2523193359375,14.489999771118164,16.234499883651733,-0.23377756129160054
2025-08-14,150.28672790527344,780.2974243164062,14.829999923706055,16.149999856948853,-0.2617894392857684
2025-08-15,151.63304138183594,783.3901977539062,15.09000015258789,16.08399987220764,-0.22664270956297747
2025-08-18,150.44168090820312,765.572021484375,14.989999771118164,16.000999879837035,-0.21589016827586094
2025-08-19,148.86488342285156,749.71923828125,15.569999694824219,15.954499864578247,-0.22311147232411863
2025-08-20,150.0597381591797,745.9680786132812,15.6899995803833,15.970499849319458,-0.1738908898280343
2025-08-21,152.3416748046875,737.3682250976562,16.600000381469727,16.030999851226806,-0.07590441615541818
2025-08-22,154.91741943359375,753.021484375,14.220000267028809,15.995499849319458,-0.03568240590810613
2025-08-25,154.93701171875,751.5349731445312,14.789999961853027,15.98349986076355,-0.030920631462327156
2025-08-26,154.1143341064453,752.3331298828125,14.619999885559082,15.915499877929687,-0.05985723201189738
2025-08-27,155.95558166503906,745.62890625,14.850000381469727,15.883999919891357,0.018554351729672538
2025-08-28,156.03392028808594,749.35009765625,14.430000305175781,15.769499969482421,0.010771762530831657
2025-08-29,157.2875213623047,736.96923828125,15.359999656677246,15.518499994277954,0.08584980012780567
2025-09-02,158.4921417236328,733.3875732421875,17.170000076293945,15.500999975204468,0.134917196987736
2025-09-03,154.79989624023438,735.3230590820312,16.350000381469727,15.425999975204467,0.00961730401204129
2025-09-04,154.4375457763672,746.8959350585938,15.300000190734863,15.352499961853027,-0.034269529895986285
2025-09-05,150.4906463623047,750.68701171875,15.180000305175781,15.282999992370605,-0.17299055393653845
2025-09-08,150.82363891601562,750.5372924804688,15.109999656677246,15.280999994277954,-0.16175905866197715
2025-09-09,151.65611267089844,763.9059448242188,15.039999961853027,15.220499992370605,-0.17182026233494124
2025-09-10,154.53546142578125,750.2180786132812,15.350000381469727,15.251500034332276,-0.040308789055977276
2025-09-11,154.98597717285156,749.140625,14.710000038146973,15.262500047683716,-0.022685335733454222
2025-09-12,153.86949157714844,753.8196411132812,14.760000228881836,15.259000062942505,-0.07193540056020883
2025-09-15,154.06536865234375,762.9082641601562,15.6899995803833,15.289000034332275,-0.0907959989894718
2025-09-16,156.24935913085938,777.1747436523438,16.360000610351562,15.357500076293945,-0.05945000918045063
2025-09-17,156.78802490234375,773.9024658203125,15.720000267028809,15.365000104904174,-0.032872221526201464
2025-09-18,155.56381225585938,778.421875,15.699999809265137,15.365500116348267,-0.0851784441025061
2025-09-19,152.98806762695312,776.5562133789062,15.449999809265137,15.308000087738037,-0.16366405419162458
2025-09-22,152.83135986328125,763.8824462890625,16.100000381469727,15.402000093460083,-0.13358163118886368
2025-09-23,154.173095703125,754.1387329101562,16.639999389648438,15.494500064849854,-0.0629595293315344
2025-09-24,155.8968048095703,759.3899536132812,16.18000030517578,15.572500085830688,-0.02154470696150889
2025-09-25,157.40504455566406,747.6595458984375,16.739999771118164,15.66700005531311,0.05999914994061489
2025-09-26,156.85659790039062,742.5081787109375,15.289999961853027,15.710000038146973,0.05648112541322568
2025-09-29,152.8803253173828,742.1587524414062,16.1200008392334,15.74800009727478,-0.07170317240663225
2025-09-30,152.08702087402344,733.1538696289062,16.280000686645508,15.703500127792358,-0.07248011833146097
2025-10-01,151.3916778564453,716.1422729492188,16.290000915527344,15.70050015449524,-0.04785477875884557
2025-10-02,150.2066192626953,725.8360595703125,16.6299991607666,15.767000102996827,-0.11324926084575661
2025-10-03,150.38291931152344,709.3735961914062,16.649999618530273,15.84050006866455,-0.06183588952130463
2025-10-06,150.84323120117188,714.465087890625,16.3700008392334,15.903500127792359,-0.0610144187490828
2025-10-07,151.71487426757812,711.889404296875,17.239999771118164,16.013500118255614,-0.02555433649125663
2025-10-08,150.5690155029297,716.6414794921875,16.299999237060547,16.061000061035156,-0.0759612314908753
2025-10-09,148.5123291015625,732.2852783203125,16.43000030517578,16.147000074386597,-0.18617980032390877
2025-10-10,145.82882690429688,704.1223754882812,21.65999984741211,16.49200005531311,-0.19518490609718764
2025-10-13,148.80612182617188,714.5050048828125,19.030000686645508,16.65900011062622,-0.1272929168387314
2025-10-14,149.24685668945312,707.466796875,20.809999465942383,16.881500053405762,-0.09344476068619606
2025-10-15,148.97262573242188,716.3519287109375,20.639999389648438,17.127500009536742,-0.12701029088902419
2025-10-16,148.58087158203125,710.881103515625,25.309999465942383,17.607999992370605,-0.12455219183774988
2025-10-17,149.92262268066406,715.7229614257812,20.780000686645508,17.874500036239624,-0.09440774560438223
2025-10-20,151.2937469482422,730.947509765625,18.229999542236328,17.980999994277955,-0.09212346152249652
2025-10-21,150.6179656982422,732.0457153320312,17.8700008392334,18.042500066757203,-0.11712139578092744
2025-10-22,152.36126708984375,732.1854248046875,18.600000381469727,18.1635000705719,-0.06088463091520332
2025-10-23,153.33084106445312,732.7744750976562,17.299999237060547,18.19150004386902,-0.031026465928364767
2025-10-24,152.35145568847656,737.127197265625,16.3700008392334,18.245500087738037,-0.07491781652799032
2025-10-27,152.07723999023438,749.5663452148438,15.789999961853027,18.229000043869018,-0.11834602334227824
2025-10-28,150.9509735107422,750.1853637695312,16.420000076293945,18.23600001335144,-0.15664640139186584
2025-10-29,151.9009552001953,750.4149169921875,16.920000076293945,18.26749997138977,-0.12642693396048774
2025-10-30,150.35354614257812,665.3572387695312,16.90999984741211,18.281500005722044,0.05936505665126181
2025-10-31,154.4669189453125,647.2674560546875,17.440000534057617,18.321000051498412,0.24317537053738855
2025-11-03,150.86280822753906,636.645263671875,17.170000076293945,18.36100001335144,0.15558850323711404
2025-11-04,150.22622680664062,626.2725830078125,19.0,18.44900002479553,0.1636980445521703
2025-11-05,149.5112762451172,634.88818359375,18.010000228881836,18.534500074386596,0.11656542899233015
2025-11-06,149.78550720214844,617.9065551757812,19.5,18.68800005912781,0.17260050850021538
2025-11-07,151.82261657714844,620.6719360351562,19.079999923706055,18.559000062942506,0.23109369133005858
2025-11-10,152.43960571289062,630.7052001953125,17.600000381469727,18.487500047683717,0.22328972449469103
2025-11-11,153.01744079589844,626.0330200195312,17.280000686645508,18.311000108718872,0.2550248129365532
2025-11-12,150.1576690673828,607.9931640625,17.510000228881836,18.15450015068054,0.2122005947734712
2025-11-13,152.3710479736328,608.8717041015625,20.0,17.889000177383423,0.2816556163368636
2025-11-14,154.3689727783203,608.4424438476562,19.829999923706055,17.84150013923645,0.3477418660081155
2025-11-17,151.62673950195312,601.0048217773438,22.3799991607666,18.049000120162965,0.27931191715149445
2025-11-18,152.1317901611328,596.6920776367188,24.690000534057617,18.390000104904175,0.3076853678675606
2025-11-19,150.2303924560547,589.3343505859375,23.65999984741211,18.643000078201293,0.2663450258037374
2025-11-20,148.85385131835938,588.1663208007812,26.420000076293945,19.099000120162962,0.22487488121201984
2025-11-21,148.5270538330078,593.2578125,23.43000030517578,19.452000093460082,0.2001301093758545
2025-11-24,148.29928588867188,612.0264282226562,20.520000457763672,19.688500118255615,0.14064492271055368
2025-11-25,147.09109497070312,635.1576538085938,18.559999465942383,19.795500087738038,0.03720724253000166
2025-11-26,148.0615997314453,632.5520629882812,17.190000534057617,19.809000110626222,0.0759614685389532
2025-11-28,149.66592407226562,646.8681640625,16.350000381469727,19.7810001373291,0.08834150647200388
2025-12-01,151.06224060058594,639.7999267578125,17.239999771118164,19.771000099182128,0.1533114221614939
2025-12-02,148.79443359375,646.01953125,16.59000015258789,19.742000102996826,0.06238960762240789
2025-12-03,150.1214599609375,638.5320434570312,16.079999923706055,19.596000099182127,0.12627240882518478
2025-12-04,150.7849578857422,660.425537109375,15.779999732971191,19.484500074386595,0.08706437088530433
2025-12-05,148.54685974121094,672.2955932617188,15.40999984741211,19.280000066757204,-0.01857370421962784
2025-12-08,147.2693634033203,665.6866455078125,16.65999984741211,19.159000062942503,-0.04172701898889189
2025-12-09,147.05149841308594,655.8631591796875,16.93000030517578,19.12550005912781,-0.021541207649426648
2025-12-10,149.94320678710938,649.0444946289062,15.770000457763672,19.050000047683717,0.09130818326568327
2025-12-11,149.2598876953125,651.6201782226562,14.850000381469727,18.91700005531311,0.06196508624112157
2025-12-12,148.53695678710938,643.1543579101562,15.739999771118164,18.70400004386902,0.06197793952740489
2025-12-15,148.3488006591797,646.9561157226562,16.5,18.537500047683714,0.045315696503301216
2025-12-16,145.32833862304688,656.587890625,16.479999542236328,18.242500066757202,-0.07952276215871984
2025-12-17,148.07151794433594,648.9443969726562,17.6200008392334,17.88900008201599,0.0307913108170073
2025-12-18,146.25924682617188,663.881591796875,16.8700008392334,17.549500131607054,-0.06952738010158696
2025-12-19,146.3186492919922,658.2064819335938,14.90999984741211,16.974000120162962,-0.051848246389303076
2025-12-22,148.3488006591797,660.9341430664062,14.079999923706055,16.50650010108948,0.006523612617923758
2025-12-23,149.05191040039062,664.3711547851562,14.0,16.180500078201295,0.019822988417672334
2025-12-24,149.04202270507812,666.9789428710938,13.470000267028809,15.926000118255615,0.012264641939355482
2025-12-26,148.56666564941406,662.7225952148438,13.600000381469727,15.74650011062622,0.008636778970734395
2025-12-29,149.5272674560547,658.1265258789062,14.199999809265137,15.639000082015992,0.05259335867098722
2025-12-30,150.83447265625,665.3803100585938,14.329999923706055,15.493500089645385,0.07492209024021242
2025-12-31,150.9335174560547,659.5253295898438,14.949999809265137,15.411500072479248,0.09438803408560904
2026-01-02,154.3896942138672,649.8535766601562,14.510000228881836,15.333000087738037,0.23348996955345508
2026-01-05,162.2626953125,658.2264404296875,14.899999618530273,15.289000082015992,0.4659778198629085
2026-01-06,155.02349853515625,660.0548706054688,14.75,15.256000089645386,0.22576586040066757
2026-01-07,153.6964874267578,648.1350708007812,15.380000114440918,15.192000102996825,0.21574302368360743
2026-01-08,157.70724487304688,645.50732421875,15.449999809265137,15.118000078201295,0.3533097365990924
2026-01-09,160.53955078125,652.5013427734375,14.489999771118164,15.054000043869019,0.42589644777848806
2026-01-12,160.76730346679688,641.4207763671875,15.119999885559082,15.067500019073487,0.4640451200343268
2026-01-13,162.28248596191406,630.5501708984375,15.979999542236328,15.079500007629395,0.5434283462949094
2026-01-14,165.61985778808594,614.9934692382812,16.75,15.092000007629395,0.6950033773854708
2026-01-15,164.55030822753906,620.2689208984375,15.84000015258789,15.060000038146972,0.6456226113175761
2026-01-16,164.6493377685547,619.7194213867188,15.859999656677246,14.971999979019165,0.6503641891909538
2026-01-20,163.69863891601562,603.6032104492188,20.09000015258789,15.13299994468689,0.6642103781758836
2026-01-21,165.11477661132812,612.4356689453125,16.899999618530273,15.232499933242797,0.6856961993110652
2026-01-22,165.04547119140625,647.0759887695312,15.640000343322754,15.310499954223634,0.5873106115176207
2026-01-23,165.10488891601562,658.1964721679688,16.09000015258789,15.414999961853027,0.5583787951400297
2026-01-26,165.8773193359375,671.7847900390625,16.149999618530273,15.548999929428101,0.5457576931006255
2026-01-27,167.4123077392578,672.394287109375,16.350000381469727,15.6864999294281,0.5939244425884286
2026-01-28,168.28378295898438,668.1578979492188,16.350000381469727,15.79399995803833,0.6339878942510643
2026-01-29,169.53158569335938,737.6784057617188,16.8799991607666,15.921499919891357,0.4815833832148699
2026-01-30,175.18626403808594,715.8870849609375,17.440000534057617,16.04599995613098,0.7257297004117403
2026-02-02,172.3440704345703,705.8056640625,16.34000015258789,16.137499952316283,0.6613900421468414
2026-02-03,176.31521606445312,691.1082763671875,18.0,16.29249997138977,0.8311660110507187
2026-02-04,179.47430419921875,668.417724609375,18.639999389648438,16.48699994087219,0.9967481718812595
2026-02-05,177.49368286132812,669.63671875,21.770000457763672,16.80649995803833,0.9290322749510487
2026-02-06,179.10789489746094,660.8941650390625,20.3700008392334,17.052500009536743,1.005726288537765
2026-02-09,180.8310546875,676.640625,17.360000610351562,17.196000051498412,1.0179966834527792
2026-02-10,180.4943389892578,670.1461791992188,17.790000915527344,17.329500102996825,1.0250832675875654
2026-02-11,184.0198516845703,668.1179809570312,17.649999618530273,17.413000106811523,1.1452247797814852
2026-02-12,180.6329803466797,649.254150390625,20.81999969482422,17.616500091552734,1.08756645324877
2026-02-13,181.9600067138672,639.2227172851562,20.600000381469727,17.854500102996827,1.1585092592387343
2026-02-17,180.5500030517578,638.7431030273438,20.290000915527344,18.07600016593933,1.1140417086174912
2026-02-18,183.8699951171875,642.6697387695312,19.6200008392334,18.052500200271606,1.2109817008340744
2026-02-19,184.77999877929688,644.2284545898438,20.229999542236328,18.21900019645691,1.236213917703669
2026-02-20,183.92999267578125,655.09912109375,19.09000015258789,18.391500186920165,1.1784362372794805
2026-02-23,184.91000366210938,636.7048950195312,21.010000228881836,18.637500190734862,1.2613161536758277
2026-02-24,185.33999633789062,638.7531127929688,19.549999237060547,18.807500171661378,1.269598571482508
2026-02-25,184.22000122070312,653.1307983398438,17.93000030517578,18.88650016784668,1.1933185837714937
2026-02-26,184.16000366210938,656.447998046875,18.6299991607666,19.000500106811522,1.1821638372719594
2026-02-27,186.75999450683594,647.62548828125,19.860000610351562,19.149500179290772,1.2910990069770574
2026-03-02,189.60000610351562,653.0009155273438,21.440000534057617,19.34950017929077,1.3684279530082395
2026-03-03,188.77000427246094,654.5196533203125,23.56999969482422,19.711000156402587,1.3372536831088155
2026-03-04,186.02999877929688,667.1587524414062,21.149999618530273,19.8685001373291,1.2131788017446885
2026-03-05,189.89999389648438,660.0049438476562,23.75,20.12400016784668,1.3587342001353953
2026-03-06,189.94000244140625,644.308349609375,29.489999771118164,20.510000133514403,1.403595207944293
2026-03-09,189.44000244140625,646.836181640625,25.5,20.766500091552736,1.3803393301996336
2026-03-10,186.2899932861328,653.510498046875,24.93000030517578,21.145000076293947,1.2595006223621097
2026-03-11,191.7899932861328,654.2998046875,24.229999542236328,21.467000007629395,1.4359566229747778
2026-03-12,196.97000122070312,637.6340942382812,27.290000915527344,21.949000072479247,1.6504603942754426
2026-03-13,196.82000732421875,613.1849975585938,27.190000534057617,22.267500114440917,1.7134400073469027
2026-03-16,196.83999633789062,627.4500122070312,23.510000228881836,22.413000106811523,1.6745007376907222
2026-03-17,197.97000122070312,622.6599731445312,22.3700008392334,22.517000102996825,1.7244980379110466
2026-03-18,198.61000061035156,615.6799926757812,25.09000015258789,22.79050006866455,1.7646569471866531
2026-03-19,201.44000244140625,606.7000122070312,24.059999465942383,22.982000064849853,1.8815001611776032
2026-03-20,201.72999572753906,593.6599731445312,26.780000686645508,23.366500091552734,1.9271084469883202
2026-03-23,205.2100067138672,604.0599975585938,26.149999618530273,23.623500061035156,2.0112809730830543
2026-03-24,206.7899932861328,592.9199829101562,26.950000762939453,23.9935001373291,2.0935167817597753
2026-03-25,205.14999389648438,594.8900146484375,25.329999923706055,24.363500118255615,2.0347803945735206
2026-03-26,207.7899932861328,547.5399780273438,27.440000534057617,24.804000186920167,2.251937404877941
2026-03-27,211.14999389648438,525.719970703125,31.049999237060547,25.363500118255615,2.421629489074686
2026-03-30,210.7100067138672,536.3800048828125,30.610000610351562,25.822000122070314,2.377754258491109
2026-03-31,206.89999389648438,572.1300048828125,25.25,25.9060001373291,2.1547864688681853
2026-04-01,197.41000366210938,579.22998046875,24.540000915527344,26.075500202178954,1.8268363864308106
2026-04-02,198.97000122070312,574.4600219726562,23.8700008392334,26.081500244140624,1.8907446289077547
2026-04-06,198.86000061035156,573.02001953125,24.170000076293945,25.815500259399414,1.8911680009061171
2026-04-07,201.5399932861328,575.0499877929688,25.780000686645508,25.82950029373169,1.9725837238716764
2026-04-08,192.88999938964844,612.4199829101562,21.040000915527344,25.63500032424927,1.5879117886488554
2026-04-09,190.36000061035156,628.3900146484375,19.489999771118164,25.39800033569336,1.4614141067822726
2026-04-10,188.5500030517578,629.8599853515625,19.229999542236328,24.995000267028807,1.3985437569579968
2026-04-13,191.77999877929688,634.530029296875,19.1200008392334,24.591500282287598,1.4904974413725036
2026-04-14,187.02000427246094,662.489990234375,18.360000610351562,24.334000301361083,1.2582921865493362
2026-04-15,184.91000366210938,671.5800170898438,18.170000076293945,24.12400026321411,1.1645300602168491
2026-04-16,188.14999389648438,676.8699951171875,17.940000534057617,23.7665002822876,1.255087925321559
2026-04-17,183.99000549316406,688.5499877929688,17.479999542236328,23.437500286102296,1.087552051287351
2026-04-20,183.25,670.9099731445312,18.8700008392334,23.04200029373169,1.112470698220135
2026-04-21,185.97999572753906,668.8400268554688,19.5,22.709500312805176,1.2068887392207324
2026-04-22,186.32000732421875,674.719970703125,18.920000076293945,22.3080002784729,1.2016145871178643
2026-04-23,187.60000610351562,659.1500244140625,19.309999465942383,22.007000255584718,1.2864004672400091
2026-04-24,185.2100067138672,675.030029296875,18.709999084472656,21.57050018310547,1.1646999752024654
2026-04-27,184.77999877929688,678.6199951171875,18.020000457763672,20.919000244140626,1.1407698688207197
2026-04-28,188.36000061035156,671.3400268554688,17.829999923706055,20.28000020980835,1.2772560632785446
2026-04-29,192.22000122070312,669.1199951171875,18.809999465942383,19.95800018310547,1.4087945181288621
2026-04-30,193.30999755859375,611.9099731445312,16.889999389648438,19.575500106811525,1.60296921415369
