Date,CVX,PG,VIX,AvgVIX,zscore
2022-01-31,110.67057800292969,143.81546020507812,24.829999923706055,23.18100004196167,-2.3882653373612435
2022-02-01,113.58629608154297,143.17906188964844,21.959999084472656,23.448999977111818,-2.1818163100701646
2022-02-02,114.1087646484375,145.7425537109375,22.09000015258789,23.707999992370606,-2.1692207807271355
2022-02-03,113.08910369873047,147.1229248046875,24.350000381469727,23.939000034332274,-2.251968667915872
2022-02-04,114.50482177734375,144.7834930419922,23.219999313354492,24.119499969482423,-2.133226300196065
2022-02-07,116.75479125976562,143.69894409179688,22.860000610351562,24.324499988555907,-1.968508248963428
2022-02-08,114.97674560546875,143.37628173828125,21.440000534057617,24.426500034332275,-2.0879272914632883
2022-02-09,116.11436462402344,143.05360412597656,19.959999084472656,24.503999996185303,-2.006699825094828
2022-02-10,114.63965606689453,140.87551879882812,23.90999984741211,24.818499946594237,-2.0883372485665315
2022-02-11,116.97391510009766,140.08673095703125,27.360000610351562,25.171000003814697,-1.9205137014501321
2022-02-14,115.17053985595703,140.4901123046875,28.329999923706055,25.62799997329712,-2.0482916903185147
2022-02-15,114.3275375366211,140.56179809570312,25.700000762939453,25.773499965667725,-2.106957527741113
2022-02-16,114.3615951538086,141.62844848632812,24.290000915527344,25.795499992370605,-2.1143333163546822
2022-02-17,113.7740249633789,143.2507781982422,28.110000610351562,25.92150001525879,-2.1695509238459505
2022-02-18,113.61225128173828,143.32247924804688,27.75,25.866499996185304,-2.1813370054955965
2022-02-22,112.74365997314453,141.5567169189453,28.809999465942383,25.811999988555907,-2.225020616195774
2022-02-23,115.42603302001953,139.79098510742188,31.020000457763672,25.805000019073486,-2.0243389186520195
2022-02-24,114.82994842529297,136.02639770507812,30.31999969482422,25.723000049591064,-2.031055847867089
2022-02-25,119.5389404296875,141.8345947265625,27.59000015258789,25.57800006866455,-1.7599240344124951
2022-02-28,122.62151336669922,139.7282257080078,30.149999618530273,25.70250005722046,-1.5285979572327746
2022-03-01,127.4923095703125,137.41571044921875,33.31999969482422,26.127000045776366,-1.1723338437505404
2022-03-02,131.25611877441406,137.84596252441406,30.739999771118164,26.566000080108644,-0.9172415196551523
2022-03-03,133.02732849121094,138.35684204101562,30.479999542236328,26.985500049591064,-0.8000079742141765
2022-03-04,135.09654235839844,139.05596923828125,31.979999542236328,27.367000007629393,-0.6639821203975804
2022-03-07,137.98326110839844,136.9944305419922,36.45000076293945,28.028500080108643,-0.4465425810121021
2022-03-08,145.21282958984375,131.57164001464844,35.130001068115234,28.642000102996825,0.10038583387304764
2022-03-09,141.5852508544922,133.3463897705078,32.45000076293945,29.192500114440918,-0.16542395657439055
2022-03-10,145.4597930908203,129.91346740722656,30.229999542236328,29.706000137329102,0.13249062625481944
2022-03-11,145.5279083251953,128.3717498779297,30.75,30.048000144958497,0.15122651349465882
2022-03-14,141.9684600830078,130.01202392578125,31.770000457763672,30.268500137329102,-0.10866939426314774
2022-03-15,134.78147888183594,134.69085693359375,29.829999923706055,30.3435001373291,-0.6458880116647824
2022-03-16,134.2960968017578,134.23373413085938,26.670000076293945,30.392000102996825,-0.6751250063674183
2022-03-17,136.62081909179688,134.65505981445312,25.670000076293945,30.461000061035158,-0.5189845304333929
2022-03-18,137.71929931640625,134.5833282470703,23.8700008392334,30.249000072479248,-0.44273713401597575
2022-03-21,140.19725036621094,135.09420776367188,23.530000686645508,30.038000106811523,-0.2768679947101321
2022-03-22,139.72891235351562,136.13397216796875,22.940000534057617,29.744500160217285,-0.31857199362211586
2022-03-23,141.2361297607422,135.18385314941406,23.56999969482422,29.37200012207031,-0.20619262711875025
2022-03-24,141.61080932617188,135.41690063476562,21.670000076293945,28.9395001411438,-0.18253199538173154
2022-03-25,144.17396545410156,136.9854736328125,20.809999465942383,28.600500106811523,-0.020437229056946355
2022-03-28,141.65341186523438,137.92662048339844,19.6299991607666,28.07450008392334,-0.20246927365666326
2022-03-29,139.9247589111328,139.3428192138672,18.899999618530273,27.353500080108642,-0.33433410667518193
2022-03-30,140.91261291503906,138.3837432861328,19.329999923706055,26.78300008773804,-0.2576139895006281
2022-03-31,138.656005859375,136.9585723876953,20.559999465942383,26.28700008392334,-0.3999197728273224
2022-04-01,139.83961486816406,139.0111541748047,19.6299991607666,25.669500064849853,-0.3371712424446593
2022-04-04,139.96731567382812,138.10586547851562,18.56999969482422,24.77550001144409,-0.3201341342071221
2022-04-05,139.1072998046875,138.5898895263672,21.030000686645508,24.070499992370607,-0.3837280921530469
2022-04-06,140.34202575683594,140.57078552246094,22.100000381469727,23.55299997329712,-0.3168086487773694
2022-04-07,142.2920684814453,142.3903045654297,21.549999237060547,23.11899995803833,-0.1991929808126528
2022-04-08,144.70188903808594,143.50173950195312,21.15999984741211,22.639499950408936,-0.043484731006369584
2022-04-11,140.98065185546875,142.95498657226562,24.3700008392334,22.26949996948242,-0.2945858119181461
2022-04-12,143.91847229003906,142.5247344970703,24.260000228881836,21.99099998474121,-0.08849421748983421
2022-04-13,146.1835479736328,142.9281005859375,21.81999969482422,21.748499965667726,0.06370522810754954
2022-04-14,146.11546325683594,142.13038635253906,22.700000762939453,21.6,0.06628878729745989
2022-04-18,148.07398986816406,140.77691650390625,22.170000076293945,21.51499996185303,0.21340116530248612
2022-04-19,146.31980895996094,142.88330078125,21.3700008392334,21.40699996948242,0.07349048145414658
2022-04-20,146.9158935546875,146.68374633789062,20.31999969482422,21.27599992752075,0.07988066436038167
2022-04-21,140.1461944580078,146.56924438476562,22.68000030517578,21.23149995803833,-0.3849442049048198
2022-04-22,137.05508422851562,145.3433837890625,28.209999084472656,21.558499908447267,-0.5864938814343658
2022-04-25,134.1087646484375,146.51515197753906,27.020000457763672,21.86899995803833,-0.7999271944446277
2022-04-26,133.2913055419922,144.02740478515625,33.52000045776367,22.563500022888185,-0.8335131935011109
2022-04-27,133.04434204101562,143.63980102539062,31.600000381469727,23.198500061035155,-0.8469764832794906
2022-04-28,137.77037048339844,147.29034423828125,29.989999771118164,23.73150005340576,-0.5550113275953804
2022-04-29,133.41050720214844,144.7124481201172,33.400001525878906,24.37350015640259,-0.8315523756190594
2022-05-02,136.0332489013672,142.7565155029297,32.34000015258789,25.00900020599365,-0.6332411637424443
2022-05-03,138.36647033691406,140.8005828857422,29.25,25.54300022125244,-0.4548537759043464
2022-05-04,142.70932006835938,141.83714294433594,25.420000076293945,25.762500190734862,-0.1654385971708652
2022-05-05,141.57676696777344,139.2232208251953,31.200000762939453,26.21750020980835,-0.21955858966961583
2022-05-06,145.3490447998047,140.61129760742188,30.190000534057617,26.6495002746582,0.02738863675213094
2022-05-09,135.6074676513672,140.259765625,34.75,27.3290002822876,-0.6397911579623273
2022-05-10,136.9103240966797,139.5206756591797,32.9900016784668,27.76000032424927,-0.5433981716612554
2022-05-11,138.93698120117188,137.5557098388672,32.560001373291016,28.175000381469726,-0.3860252117722292
2022-05-12,140.25689697265625,136.99685668945312,31.770000457763672,28.6725004196167,-0.29010061132481446
2022-05-13,142.9477081298828,138.46604919433594,28.8700008392334,28.981000423431396,-0.11831547547101079
2022-05-16,147.3246307373047,139.81813049316406,27.469999313354492,29.246000385284425,0.1705693961118258
2022-05-17,148.1932373046875,139.4215087890625,26.100000381469727,29.48250036239624,0.2339581106627677
2022-05-18,144.2868194580078,130.73248291015625,30.959999084472656,30.01450033187866,0.044307447546798204
2022-05-19,143.25657653808594,127.72193145751953,29.350000381469727,30.34800033569336,0.000842264037035077
2022-05-20,144.08079528808594,127.80307006835938,29.43000030517578,30.409000396728516,0.056822913573923474
2022-05-23,147.42910766601562,130.74147033691406,28.479999542236328,30.48200035095215,0.26046740208261565
2022-05-24,148.2189483642578,133.06695556640625,29.450000762939453,30.278500366210938,0.2936313557206306
2022-05-25,150.59716796875,130.8856964111328,28.3700008392334,30.117000389099122,0.47716858644872223
2022-05-26,151.61021423339844,132.0303955078125,27.5,29.992500400543214,0.5364523540523412
2022-05-27,153.06114196777344,134.04942321777344,25.719999313354492,29.608500289916993,0.6179026233983612
2022-05-31,149.95321655273438,133.2923126220703,26.190000534057617,29.301000308990478,0.41092444260338323
2022-06-01,151.37843322753906,131.2732696533203,25.690000534057617,29.12300033569336,0.5274010286915223
2022-06-02,151.1036834716797,132.68833923339844,24.719999313354492,29.088000297546387,0.49559927936482123
2022-06-03,152.4773406982422,131.49859619140625,24.790000915527344,28.76750030517578,0.600970976920719
2022-06-06,151.8162841796875,130.98480224609375,25.06999969482422,28.51150026321411,0.5601610483855215
2022-06-07,154.70957946777344,132.4450225830078,24.020000457763672,27.975000286102294,0.7459622264649426
2022-06-08,155.5080108642578,130.79551696777344,23.959999084472656,27.523500156402587,0.815938234597234
2022-06-09,152.40866088867188,128.43399047851562,26.09000015258789,27.200000095367432,0.624169929280777
2022-06-10,150.58853149414062,127.94727325439453,27.75,26.999000072479248,0.5033497225174318
2022-06-13,143.6601104736328,124.5220947265625,34.02000045776367,27.256500053405762,0.05776965043521815
2022-06-14,143.84896850585938,120.63726043701172,32.689998626708984,27.517500019073488,0.10616558115753626
2022-06-15,141.02435302734375,119.4384536743164,29.6200008392334,27.69350004196167,-0.07729133039008626
2022-06-16,133.48634338378906,120.16858673095703,32.95000076293945,27.79300012588501,-0.6026852571018801
2022-06-17,127.39067840576172,119.30327606201172,31.1299991607666,27.882000064849855,-1.0142838229422213
2022-06-21,132.72225952148438,122.91768646240234,30.190000534057617,27.920000076293945,-0.6803172922033401
2022-06-22,126.9528579711914,124.83758544921875,28.950000762939453,27.943500137329103,-1.094842850446866
2022-06-23,122.28235626220703,128.26272583007812,29.049999237060547,27.923500061035156,-1.4474618126219387
2022-06-24,124.29135131835938,130.11050415039062,27.229999542236328,27.866499996185304,-1.3260467446792215
2022-06-27,126.69528198242188,129.11903381347656,26.950000762939453,27.839000034332276,-1.1515817456981525
2022-06-28,128.73004150390625,127.01886749267578,28.360000610351562,27.971000099182127,-0.992419231726875
2022-06-29,126.18872833251953,128.172607421875,28.15999984741211,28.069500064849855,-1.1778170704123947
2022-06-30,124.2999496459961,129.60572814941406,28.709999084472656,28.220499992370605,-1.320855421555421
2022-07-01,125.78522491455078,131.69691467285156,26.700000762939453,28.319500064849855,-1.237698993664094
2022-07-05,122.4798355102539,130.4259796142578,27.540000915527344,28.457000064849854,-1.4535839250525895
2022-07-06,120.86577606201172,131.64279174804688,26.729999542236328,28.54000005722046,-1.575745964653186
2022-07-07,123.21819305419922,131.59776306152344,26.079999923706055,28.643000030517577,-1.413450121649153
2022-07-08,122.57427978515625,130.71441650390625,24.639999389648438,28.677000045776367,-1.4497128750723574
2022-07-11,121.49251556396484,131.63380432128906,26.170000076293945,28.68100004196167,-1.5325339362501387
2022-07-12,119.26888275146484,130.47103881835938,27.290000915527344,28.65800008773804,-1.6749616293328087
2022-07-13,118.47042846679688,131.32733154296875,26.81999969482422,28.298000049591064,-1.7377113061205904
2022-07-14,116.7104263305664,130.9397735595703,26.399999618530273,27.98350009918213,-1.8552973122694838
2022-07-15,118.17852020263672,130.7594757080078,24.229999542236328,27.714000034332276,-1.752625054267237
2022-07-18,119.83552551269531,129.17311096191406,25.299999237060547,27.33149995803833,-1.6241401893781346
2022-07-19,124.15399169921875,129.83111572265625,24.5,27.0,-1.3329535375773451
2022-07-20,125.7938232421875,127.58672332763672,23.8799991607666,26.68449993133545,-1.1996544415149109
2022-07-21,124.83226013183594,127.7073745727539,23.110000610351562,26.392499923706055,-1.2669254217527757
2022-07-22,123.79341888427734,129.74859619140625,23.030000686645508,26.091499996185302,-1.3570150288382603
2022-07-25,127.47654724121094,130.6285858154297,23.360000610351562,25.898000049591065,-1.1115729868972886
2022-07-26,126.48064422607422,130.8826141357422,24.690000534057617,25.785000038146972,-1.182422482684879
2022-07-27,128.14620971679688,132.12547302246094,23.239999771118164,25.528999996185302,-1.079128957369555
2022-07-28,129.11639404296875,134.32090759277344,22.329999923706055,25.2375,-1.0323693072686002
2022-07-29,140.61228942871094,126.01995849609375,21.329999923706055,24.86850004196167,-0.16562010148273207
2022-08-01,137.80479431152344,129.63970947265625,22.84000015258789,24.675500011444093,-0.3918064593791276
2022-08-02,136.62864685058594,128.77789306640625,23.93000030517578,24.494999980926515,-0.46489199098391615
2022-08-03,133.38331604003906,131.43597412109375,21.950000762939453,24.25600004196167,-0.712445829861261
2022-08-04,129.76025390625,131.2273406982422,21.440000534057617,24.024000072479247,-0.9598718387473469
2022-08-05,131.90664672851562,131.29083251953125,21.149999618530273,23.84950008392334,-0.8127427550825574
2022-08-08,131.70916748046875,131.78981018066406,21.290000915527344,23.60550012588501,-0.8308794009475912
2022-08-09,133.42628479003906,131.48135375976562,21.770000457763672,23.329500102996825,-0.709902370920541
2022-08-10,133.77830505371094,132.72421264648438,19.739999771118164,22.975500106811523,-0.6970026703360979
2022-08-11,137.0407257080078,131.78076171875,20.200000762939453,22.665500164031982,-0.46389680031040303
2022-08-12,137.2382049560547,133.05987548828125,19.530000686645508,22.43050022125244,-0.4619624610930703
2022-08-15,134.6282196044922,134.77450561523438,19.950000762939453,22.163000297546386,-0.6571970293472411
2022-08-16,134.2848358154297,136.0173797607422,19.690000534057617,21.922500324249267,-0.692152867652594
2022-08-17,135.39231872558594,135.39138793945312,19.899999618530273,21.723500347137453,-0.6102354116352997
2022-08-18,137.76611328125,135.87222290039062,19.559999465942383,21.546000289916993,-0.45126020501393516
2022-08-19,136.61386108398438,135.83592224121094,20.600000381469727,21.424500274658204,-0.5302236000406212
2022-08-22,135.92945861816406,135.47305297851562,23.799999237060547,21.44650020599365,-0.5740153735722653
2022-08-23,140.3391571044922,132.86029052734375,24.110000610351562,21.41750020980835,-0.24674656585153748
2022-08-24,141.37876892089844,132.28878784179688,22.81999969482422,21.396500205993654,-0.16999628868660435
2022-08-25,142.6176300048828,132.1798858642578,21.780000686645508,21.369000244140626,-0.08374964341876452
2022-08-26,141.56935119628906,129.0863037109375,25.559999465942383,21.580500221252443,-0.1276994054451976
2022-08-29,142.62631225585938,128.54197692871094,26.209999084472656,21.74900016784668,-0.05000284291306284
2022-08-30,139.15223693847656,127.17211151123047,26.209999084472656,21.863000106811523,-0.2765947070007622
2022-08-31,136.93438720703125,125.13996887207031,25.8700008392334,22.059000110626222,-0.41070249813366627
2022-09-01,134.751220703125,126.68221282958984,25.559999465942383,22.26500005722046,-0.5749939937993088
2022-09-02,136.7524871826172,124.43235778808594,25.469999313354492,22.48100004196167,-0.41677236782384824
2022-09-06,136.12002563476562,123.0443344116211,26.90999984741211,22.761999988555907,-0.44764834081157295
2022-09-07,134.37869262695312,124.90410614013672,24.639999389648438,22.905499935150146,-0.5844276944201191
2022-09-08,135.1064453125,125.06741333007812,23.610000610351562,23.098999977111816,-0.5358342550954293
2022-09-09,138.589111328125,126.9725570678711,22.790000915527344,23.228499984741212,-0.31352876532053914
2022-09-12,140.78099060058594,128.00672912597656,23.8700008392334,23.445499992370607,-0.1721144776384956
2022-09-13,138.10397338867188,125.35770416259766,27.270000457763672,23.811499977111815,-0.3321995026114254
2022-09-14,141.44808959960938,125.6570816040039,26.15999984741211,24.13499994277954,-0.10479650343267564
2022-09-15,139.15223693847656,124.6863784790039,26.270000457763672,24.45349998474121,-0.253944235749452
2022-09-16,135.53961181640625,125.44844055175781,26.299999237060547,24.79049997329712,-0.5094971657358155
2022-09-19,135.92945861816406,125.18534851074219,25.760000228881836,25.048499965667723,-0.48027185756783564
2022-09-20,135.39230346679688,124.74080657958984,27.15999984741211,25.216499996185302,-0.5131863425652028
2022-09-21,134.2920379638672,123.13504791259766,27.989999771118164,25.41049995422363,-0.5742709864636208
2022-09-22,134.18809509277344,123.5705337524414,27.350000381469727,25.636999988555907,-0.5853922196532855
2022-09-23,125.42070007324219,122.99897003173828,29.920000076293945,26.04399995803833,-1.1835270612186712
2022-09-26,122.11992645263672,123.11690521240234,32.2599983215332,26.37899990081787,-1.4117499989533062
2022-09-27,122.17192077636719,119.73302459716797,32.599998474121094,26.698499870300292,-1.3773373595684273
2022-09-28,126.29571533203125,119.73302459716797,30.18000030517578,26.89699993133545,-1.093551499276578
2022-09-29,125.42070007324219,116.75741577148438,31.84000015258789,27.195499897003174,-1.1266528339776491
2022-09-30,124.46769714355469,114.53472900390625,31.6200008392334,27.498499965667726,-1.171981790178538
2022-10-03,131.45045471191406,116.58500671386719,30.100000381469727,27.730000019073486,-0.7101340998920889
2022-10-04,136.56187438964844,118.02749633789062,29.06999969482422,27.83800001144409,-0.37152739450623634
2022-10-05,137.3416290283203,117.21099853515625,28.549999237060547,28.033500003814698,-0.3104271842005996
2022-10-06,139.84535217285156,114.74340057373047,30.520000457763672,28.378999996185303,-0.11564404265860104
2022-10-07,138.64112854003906,112.73847198486328,31.360000610351562,28.807499980926515,-0.18024542806413366
2022-10-10,136.1374053955078,112.27578735351562,32.45000076293945,29.236499977111816,-0.34832727837117755
2022-10-11,136.16334533691406,112.70220184326172,33.630001068115234,29.554500007629393,-0.3504277474374615
2022-10-12,136.57057189941406,112.88362121582031,33.56999969482422,29.925,-0.32405689417518396
2022-10-13,143.18942260742188,114.58917999267578,31.940000534057617,30.2085000038147,0.11588907762868257
2022-10-14,138.73641967773438,113.47330474853516,32.02000045776367,30.494500064849852,-0.18038374373855126
2022-10-17,139.75003051757812,115.52359008789062,31.3700008392334,30.77500009536743,-0.12931299769187823
2022-10-18,140.97158813476562,116.45802307128906,30.5,30.942000102996825,-0.053764185821541674
2022-10-19,145.54588317871094,117.53759002685547,30.760000228881836,31.08050012588501,0.25118640447012736
2022-10-20,146.37757873535156,116.023681640625,29.979999542236328,31.21200008392334,0.3222159540569419
2022-10-21,150.04222106933594,117.47639465332031,29.690000534057617,31.200500106811525,0.5611670849909581
2022-10-24,149.99026489257812,118.19816589355469,29.850000381469727,31.08000020980835,0.5510147167220056
2022-10-25,151.5496368408203,119.55948638916016,28.459999084472656,30.87300024032593,0.6459209100821667
2022-10-26,153.4209442138672,120.40003967285156,27.280000686645508,30.728000259399415,0.7670387941970027
2022-10-27,154.1226806640625,120.49140167236328,27.389999389648438,30.50550022125244,0.8144974607482122
2022-10-28,155.92466735839844,123.54296875,25.75,30.212000179290772,0.9106977483285407
2022-10-31,156.72171020507812,123.04047393798828,25.8799991607666,30.001000118255615,0.9701264208962004
2022-11-01,157.86532592773438,123.23233795166016,25.809999465942383,29.838000106811524,1.0470779595760786
2022-11-02,154.6425018310547,121.4598617553711,25.860000610351562,29.703500175476073,0.8414450367937891
2022-11-03,156.92098999023438,120.62843322753906,25.299999237060547,29.442500114440918,1.005819167409921
2022-11-04,158.9049072265625,122.830322265625,24.549999237060547,29.102000045776368,1.1222817389096047
2022-11-07,160.80223083496094,124.71243286132812,24.350000381469727,28.69700002670288,1.2356991060865627
2022-11-08,160.5682830810547,124.99568176269531,25.540000915527344,28.292500019073486,1.217018580045902
2022-11-09,154.14866638183594,124.69414520263672,26.09000015258789,27.91850004196167,0.7779895147894805
2022-11-10,157.06826782226562,128.98831176757812,23.530000686645508,27.498000049591063,0.9397775390083154
2022-11-11,161.53860473632812,128.7964324951172,22.520000457763672,27.023000049591065,1.2491597350769732
2022-11-14,161.6165771484375,128.80557250976562,23.729999542236328,26.64099998474121,1.2544422522499192
2022-11-15,162.9160614013672,128.35787963867188,24.540000915527344,26.34300003051758,1.3479479098162646
2022-11-16,160.26507568359375,129.49993896484375,24.110000610351562,26.010500049591066,1.1551092062082315
2022-11-17,160.7190399169922,128.705078125,23.93000030517578,25.708000087738036,1.193592441546359
2022-11-18,159.75869750976562,130.25827026367188,23.1200008392334,25.379500102996825,1.1133518814893686
2022-11-21,158.2308807373047,131.9119873046875,22.360000610351562,25.005000114440918,0.9931436162674189
2022-11-22,162.29052734375,133.04486083984375,21.290000915527344,24.646500205993654,1.2621920688067234
2022-11-23,160.85003662109375,133.80320739746094,20.350000381469727,24.300000190734863,1.1561520784320403
2022-11-25,160.37857055664062,134.04991149902344,20.5,23.955500221252443,1.1214593333991993
2022-11-28,155.71649169921875,133.94027709960938,22.209999084472656,23.778500175476076,0.8016295427221322
2022-11-29,158.0475311279297,132.9169921875,21.889999389648438,23.579000186920165,0.9713683091574734
2022-11-30,160.03807067871094,136.27919006347656,20.579999923706055,23.31750020980835,1.0777136519778117
2022-12-01,159.3221893310547,136.3614501953125,19.84000015258789,23.016500186920165,1.0276995026910287
2022-12-02,158.0475311279297,137.60400390625,19.059999465942383,22.704500198364258,0.9286593686502935
2022-12-05,154.14500427246094,136.2152099609375,20.75,22.514500236511232,0.6727553714736462
2022-12-06,150.17263793945312,136.38880920410156,22.170000076293945,22.405500221252442,0.39780842983166337
2022-12-07,150.61788940429688,137.2659149169922,22.68000030517578,22.262500190734862,0.4204568047286523
2022-12-08,151.50840759277344,138.2526397705078,22.290000915527344,22.072500228881836,0.47274808791877454
2022-12-09,146.6717529296875,137.88717651367188,22.829999923706055,22.037500190734864,0.14323573057785896
2022-12-12,148.19960021972656,139.3033447265625,25.0,22.16150016784668,0.23547271873460424
2022-12-13,151.4996795654297,139.0932159423828,22.549999237060547,22.10250015258789,0.46448796438993384
2022-12-14,150.45204162597656,139.64138793945312,21.139999389648438,21.932500076293945,0.38739794972645614
2022-12-15,149.32582092285156,138.06077575683594,22.829999923706055,21.86850004196167,0.32429801551998433
2022-12-16,147.3003387451172,137.44866943359375,22.6200008392334,21.803000068664552,0.19048868076496409
2022-12-19,148.3130645751953,137.41207885742188,22.420000076293945,21.768000030517577,0.2605145328653688
2022-12-20,150.74884033203125,137.46690368652344,21.479999542236328,21.723999977111816,0.42763696531355705
2022-12-21,152.52114868164062,138.7277374267578,20.06999969482422,21.66299991607666,0.5381123897718514
2022-12-22,150.2337646484375,139.04751586914062,21.969999313354492,21.743999862670897,0.3777883273223338
2022-12-23,154.87838745117188,139.44039916992188,20.8700008392334,21.76249990463257,0.693835832469886
2022-12-27,156.8252410888672,140.65553283691406,21.649999618530273,21.73449993133545,0.8167393123283837
2022-12-28,154.51170349121094,138.83738708496094,22.139999389648438,21.74699993133545,0.6740966194364142
2022-12-29,155.68157958984375,139.41297912597656,21.440000534057617,21.789999961853027,0.7493587074425628
2022-12-30,156.70303344726562,138.47193908691406,21.670000076293945,21.88149995803833,0.8282267086244804
2023-01-03,151.90127563476562,138.4810791015625,22.899999618530273,22.073499965667725,0.49770238064776057
2023-01-04,150.2861328125,139.0840606689453,22.010000228881836,22.136499977111818,0.3810591274843606
2023-01-05,152.9926300048828,137.3572998046875,22.459999084472656,22.15099992752075,0.5830458580188567
2023-01-06,154.14500427246094,140.62811279296875,21.1299991607666,22.073499870300292,0.6325441631757809
2023-01-09,152.94021606445312,138.91046142578125,21.969999313354492,22.05749979019165,0.5652862010011336
2023-01-10,153.69102478027344,138.77342224121094,20.579999923706055,21.944999790191652,0.618203093017653
2023-01-11,152.95765686035156,137.64964294433594,21.09000015258789,21.749499797821045,0.5779752360551285
2023-01-12,154.59901428222656,136.8730926513672,18.829999923706055,21.56349983215332,0.6980040821702876
2023-01-13,155.01805114746094,137.85064697265625,18.350000381469727,21.423999881744386,0.7179331485035747
2023-01-17,157.57608032226562,137.44866943359375,19.360000610351562,21.25049991607666,0.8976311254831407
2023-01-18,154.72994995117188,133.76663208007812,20.34000015258789,21.136499881744385,0.7353212989359063
2023-01-19,156.27523803710938,130.93771362304688,20.520000457763672,21.041499900817872,0.8674405403776246
2023-01-20,157.9340362548828,131.44338989257812,19.850000381469727,20.95999994277954,0.976985712365264
2023-01-23,157.72450256347656,129.67820739746094,19.809999465942383,20.946999931335448,0.978650976844531
2023-01-24,157.87294006347656,130.3861083984375,19.200000762939453,20.808500003814697,0.9824154248405571
2023-01-25,156.34510803222656,130.29417419433594,19.079999923706055,20.71899995803833,0.8781128150783101
2023-01-26,163.94932556152344,129.77012634277344,18.729999542236328,20.572999954223633,1.4061850613273446
2023-01-27,156.66812133789062,129.23690795898438,18.510000228881836,20.391499996185303,0.9099755297860268
2023-01-30,152.0846405029297,129.6414031982422,19.940000534057617,20.316499996185303,0.5908697473955284
2023-01-31,151.92747497558594,130.9010009765625,19.399999618530273,20.202999973297118,0.5685764431503996
2023-02-01,149.6051788330078,131.64566040039062,17.8700008392334,19.951500034332277,0.4019782490002743
2023-02-02,147.5535125732422,130.70787048339844,18.729999542236328,19.7875,0.26933470331782355
2023-02-03,147.9376678466797,131.1124267578125,18.329999923706055,19.58100004196167,0.2920846012003938
2023-02-06,148.1035614013672,129.99998474121094,19.43000030517578,19.49600009918213,0.3136376280963067
2023-02-07,151.98863220214844,128.7312469482422,18.65999984741211,19.33050012588501,0.5925562911743436
2023-02-08,148.4178466796875,127.39813232421875,19.6299991607666,19.28300008773804,0.35897427141095
2023-02-09,147.05587768554688,126.00069427490234,20.709999084472656,19.264000034332277,0.27798180445699316
2023-02-10,150.13772583007812,127.11314392089844,20.530000686645508,19.34900007247925,0.47992751712956155
2023-02-13,149.2996063232422,128.77723693847656,20.34000015258789,19.448500061035155,0.40708738173220615
2023-02-14,150.4433135986328,128.05087280273438,18.90999984741211,19.426000022888182,0.49241228997037745
2023-02-15,148.85792541503906,127.75667572021484,18.229999542236328,19.320499992370607,0.3859919144944189
2023-02-16,146.70884704589844,126.08341979980469,20.170000076293945,19.30299997329712,0.253346496452662
2023-02-17,143.43243408203125,128.7220458984375,20.020000457763672,19.311499977111815,0.0038309641540875553
2023-02-21,141.8030242919922,128.63009643554688,22.8700008392334,19.46450004577637,-0.10746175093443772
2023-02-22,141.23052978515625,129.17254638671875,22.290000915527344,19.619000053405763,-0.15180183052433976
2023-02-23,142.62210083007812,128.7587890625,21.139999389648438,19.72200002670288,-0.05226829258366951
2023-02-24,143.04489135742188,128.03250122070312,21.670000076293945,19.869000053405763,-0.016555178450156787
2023-02-27,143.40599060058594,127.92217254638672,20.950000762939453,19.99100008010864,0.009299809311678212
2023-02-28,141.60044860839844,126.46957397460938,20.700000762939453,20.029000091552735,-0.1017152466261417
2023-03-01,142.72779846191406,126.56147766113281,20.579999923706055,20.088000106811524,-0.024972213620915465
2023-03-02,143.17698669433594,128.64845275878906,19.59000015258789,20.17400007247925,-0.013077482940788766
2023-03-03,145.29083251953125,129.5862579345703,18.489999771118164,20.16200008392334,0.12384491510770675
2023-03-06,146.3565673828125,129.03463745117188,18.610000610351562,20.176000118255615,0.20221172329303821
2023-03-07,144.4717254638672,126.46957397460938,19.59000015258789,20.184000110626222,0.09587650086916033
2023-03-08,143.5557403564453,126.48794555664062,19.110000610351562,20.206500148773195,0.03267403928970729
2023-03-09,141.37144470214844,125.55937957763672,22.610000610351562,20.35550022125244,-0.10918067158932679
2023-03-10,140.63156127929688,126.12940216064453,24.799999237060547,20.560000228881837,-0.16529114810821954
2023-03-13,139.78607177734375,127.00279235839844,26.520000457763672,20.859500217437745,-0.23143342792722035
2023-03-14,141.5915985107422,128.57496643066406,23.729999542236328,21.029000186920165,-0.12150901670786599
2023-03-15,135.46148681640625,130.39529418945312,26.139999389648438,21.390500164031984,-0.559950138447552
2023-03-16,135.89306640625,131.36984252929688,22.989999771118164,21.628500175476074,-0.5391305323446226
2023-03-17,134.1755828857422,131.40658569335938,25.510000228881836,21.89550018310547,-0.6576568610183915
2023-03-20,136.14852905273438,133.42926025390625,24.149999618530273,22.102000141143797,-0.5403162457737235
2023-03-21,140.3145294189453,132.46389770507812,21.3799991607666,22.027500057220458,-0.2448293548235629
2023-03-22,137.46083068847656,132.38116455078125,22.260000228881836,22.026000022888184,-0.44045755386622626
2023-03-23,136.09567260742188,132.197265625,22.610000610351562,22.09950008392334,-0.5327274820588718
2023-03-24,137.45204162597656,134.89108276367188,21.739999771118164,22.10300006866455,-0.46393323919757934
2023-03-27,138.85244750976562,134.18313598632812,20.600000381469727,22.085500049591065,-0.36111100681411323
2023-03-28,140.4730682373047,134.56007385253906,19.969999313354492,22.048999977111816,-0.25301999427822375
2023-03-29,141.67971801757812,134.97381591796875,19.1200008392334,21.976000022888183,-0.17375245580010082
2023-03-30,143.0272674560547,135.56219482421875,19.020000457763672,21.947500038146973,-0.08637999433520085
2023-03-31,143.7054901123047,136.70220947265625,18.700000762939453,21.958000087738036,-0.05009499107497189
2023-04-03,149.6858367919922,137.45611572265625,18.549999237060547,21.955000019073488,0.35458289026470274
2023-04-04,148.88433837890625,138.1180877685547,19.0,21.925500011444093,0.2933944135702575
2023-04-05,149.6241912841797,139.0650177001953,19.079999923706055,21.923999977111816,0.33568003069717206
2023-04-06,147.66006469726562,139.94766235351562,18.399999618530273,21.71349992752075,0.19247252950618288
2023-04-10,148.2237548828125,138.7892303466797,18.969999313354492,21.42199993133545,0.2418196703358709
2023-04-11,149.04287719726562,138.51339721679688,19.100000381469727,21.050999927520753,0.3007023943509558
2023-04-12,149.57130432128906,138.89035034179688,19.09000015258789,20.81899995803833,0.3336321274943835
2023-04-13,151.5706787109375,139.53390502929688,17.799999237060547,20.401999950408936,0.4653582474231769
2023-04-14,151.87893676757812,138.82598876953125,17.06999969482422,20.10599994659424,0.4930222115509204
2023-04-17,150.5402069091797,138.87196350097656,16.950000762939453,19.67799997329712,0.40047633356256657
2023-04-18,150.1879119873047,139.01905822753906,16.829999923706055,19.311999988555907,0.3748922107354916
2023-04-19,150.3287811279297,139.04664611816406,16.459999084472656,19.06599998474121,0.3843349715519694
2023-04-20,149.59776306152344,139.55641174316406,17.170000076293945,18.811499977111815,0.32938365229191535
2023-04-21,148.95480346679688,144.3855743408203,16.770000457763672,18.51949996948242,0.2411330597543911
2023-04-24,151.0334014892578,144.64463806152344,16.889999389648438,18.276999950408936,0.38181464193899006
2023-04-25,148.84033203125,144.68165588378906,18.760000228881836,18.18499994277954,0.23055756410440514
2023-04-26,146.18922424316406,143.0071563720703,18.84000015258789,18.12849998474121,0.06337547881495596
2023-04-27,147.04356384277344,144.75564575195312,17.030000686645508,18.023999977111817,0.10623572857622048
2023-04-28,148.4792022705078,144.67239379882812,15.779999732971191,17.86199994087219,0.2057902099242954
2023-05-01,147.2989959716797,144.84817504882812,16.079999923706055,17.73099989891052,0.1229705757525948
2023-05-02,140.95745849609375,144.7186279296875,17.780000686645508,17.692499971389772,-0.31225253680173926
2023-05-03,138.13021850585938,144.53359985351562,18.34000015258789,17.659499979019166,-0.5051278023739657
2023-05-04,137.5929412841797,143.86749267578125,20.09000015258789,17.709999990463256,-0.5360317432591242
2023-05-05,141.10720825195312,144.34857177734375,17.190000534057617,17.649500036239623,-0.2985752335035124
2023-05-08,140.5523223876953,143.67324829101562,16.979999542236328,17.550000047683717,-0.3306069619993518
2023-05-09,140.14715576171875,142.20230102539062,17.709999084472656,17.480499982833862,-0.3450856343140089
2023-05-10,138.35919189453125,142.49830627441406,16.940000534057617,17.37300000190735,-0.4708246319552643
2023-05-11,137.5929412841797,142.83135986328125,16.93000030517578,17.32950005531311,-0.5265903043846332
2023-05-12,137.9452362060547,144.2838592529297,17.030000686645508,17.327500104904175,-0.5155819867921793
2023-05-15,138.4561309814453,144.33006286621094,17.1200008392334,17.33600010871887,-0.4808449193803563
2023-05-16,135.20608520507812,144.08029174804688,17.989999771118164,17.39400010108948,-0.7022263255724622
2023-05-17,137.14378356933594,143.46971130371094,16.8700008392334,17.414500188827514,-0.563316627704527
2023-05-18,136.9747772216797,141.11061096191406,16.049999237060547,17.358500146865843,-0.5534505137200301
2023-05-19,138.059814453125,141.7027130126953,16.809999465942383,17.36050009727478,-0.48417719743682314
2023-05-22,135.57847595214844,137.99290466308594,17.209999084472656,17.37650008201599,-0.6211302031216258
2023-05-23,139.50067138671875,136.50344848632812,18.530000686645508,17.365000104904176,-0.3376455180986542
2023-05-24,139.8741912841797,135.37477111816406,20.030000686645508,17.424500131607054,-0.3016563955052478
2023-05-25,137.46395874023438,134.5051727294922,19.139999389648438,17.530000066757204,-0.4595966574424033
2023-05-26,137.0370330810547,134.514404296875,17.950000762939453,17.638500118255614,-0.4890603847404241
2023-05-30,136.1832275390625,132.4606170654297,17.459999084472656,17.707500076293947,-0.5291019504507446
2023-05-31,133.95973205566406,131.83152770996094,17.940000534057617,17.71550006866455,-0.6763831513625704
2023-06-01,135.3293914794922,133.1822052001953,15.649999618530273,17.58100004196167,-0.5944353634603395
2023-06-02,138.9759063720703,135.5505828857422,14.600000381469727,17.306500053405763,-0.3650754132224089
2023-06-05,138.3088836669922,135.0139923095703,14.729999542236328,17.183500003814697,-0.40608818769300326
2023-06-06,138.5579071044922,133.67254638671875,13.960000038146973,17.03250002861023,-0.3767277109870877
2023-06-07,142.15101623535156,133.95933532714844,13.9399995803833,16.84400005340576,-0.1320751363033376
2023-06-08,141.62628173828125,135.47657775878906,13.649999618530273,16.679500007629393,-0.18201102459385773
2023-06-09,141.28834533691406,135.58753967285156,13.829999923706055,16.52449998855591,-0.20627779262864476
2023-06-12,139.92755126953125,134.52365112304688,15.010000228881836,16.423499965667723,-0.2902287713776197
2023-06-13,140.9770050048828,134.1998748779297,14.609999656677246,16.297999906539918,-0.21505853635285238
2023-06-14,139.7140655517578,135.4580535888672,13.880000114440918,16.092499923706054,-0.3134346028625712
2023-06-15,140.7724609375,137.33607482910156,14.5,15.973999881744385,-0.25771222977186026
2023-06-16,139.86529541015625,138.344482421875,13.539999961853027,15.84849991798401,-0.32932915317643313
2023-06-20,136.68128967285156,137.06777954101562,13.880000114440918,15.701999950408936,-0.5368083058114858
2023-06-21,137.74855041503906,138.251953125,13.199999809265137,15.50149998664856,-0.4741533767463177
2023-06-22,135.7563018798828,138.7237548828125,12.90999984741211,15.220499944686889,-0.6155524586651082
2023-06-23,134.60902404785156,137.3453369140625,13.4399995803833,14.890999889373779,-0.681943906683019
2023-06-26,136.9747772216797,137.48410034179688,14.25,14.646499919891358,-0.5204050605363638
2023-06-27,136.54788208007812,138.7885284423828,13.739999771118164,14.435999870300293,-0.5616687643909821
2023-06-28,137.78411865234375,138.76077270507812,13.430000305175781,14.23449993133545,-0.4763421492574336
2023-06-29,138.9581298828125,138.19647216796875,13.539999961853027,14.01449990272522,-0.39040857764160536
2023-06-30,139.94532775878906,140.37977600097656,13.59000015258789,13.9114999294281,-0.3423675739058749
2023-07-03,139.82083129882812,141.0828399658203,13.569999694824219,13.859999895095825,-0.35734145956196334
2023-07-05,139.0203857421875,140.8423309326172,14.180000305175781,13.832499933242797,-0.4102339032598534
2023-07-06,135.96978759765625,140.61106872558594,15.4399995803833,13.906499910354615,-0.6180586418247478
2023-07-07,137.1615753173828,137.6598663330078,14.829999923706055,13.950999927520751,-0.5091518483853983
2023-07-10,138.07763671875,137.71539306640625,15.069999694824219,14.021999931335449,-0.4466175119879023
2023-07-11,140.63015747070312,136.9937744140625,14.84000015258789,14.07249994277954,-0.2643859758932899
2023-07-12,141.9820556640625,137.7061309814453,13.539999961853027,13.9989999294281,-0.17784395552737903
2023-07-13,140.08763122558594,137.7986297607422,13.609999656677246,13.948999929428101,-0.3090548269096426
2023-07-14,136.59234619140625,138.81631469726562,13.34000015258789,13.92199993133545,-0.558862085391842
2023-07-17,136.46783447265625,137.8356475830078,13.479999542236328,13.870999908447265,-0.5584945438951422
2023-07-18,136.74354553222656,138.09466552734375,13.300000190734863,13.858999919891357,-0.5418812441473592
2023-07-19,137.5795440673828,139.0382843017578,13.760000228881836,13.852999925613403,-0.49294903184977634
2023-07-20,139.1004180908203,140.16567993164062,13.989999771118164,13.892499923706055,-0.3985605701726822
2023-07-21,141.13711547851562,142.37210083007812,13.600000381469727,13.926999950408936,-0.27850713893021756
2023-07-24,143.9208984375,142.82826232910156,13.90999984741211,13.950499963760375,-0.0910930612940578
2023-07-25,144.57904052734375,143.16342163085938,13.859999656677246,13.930999946594238,-0.04885594129196687
2023-07-26,143.49400329589844,143.31236267089844,13.1899995803833,13.903499937057495,-0.12488178288943524
2023-07-27,141.99984741210938,141.6086883544922,14.40999984741211,13.952499914169312,-0.21218043005014245
2023-07-28,141.29718017578125,145.6118621826172,13.329999923706055,13.941999912261963,-0.29701333793391144
2023-07-31,145.55738830566406,145.5094451904297,13.630000114440918,13.943999910354615,-0.002906704953202318
2023-08-01,144.3478240966797,145.46290588378906,13.930000305175781,13.961999940872193,-0.08572082598979518
2023-08-02,142.06207275390625,145.77940368652344,16.09000015258789,14.057499933242799,-0.24590263828929412
2023-08-03,142.00869750976562,146.16110229492188,15.920000076293945,14.08149995803833,-0.25305385569107186
2023-08-04,141.6885528564453,144.55982971191406,17.100000381469727,14.194999980926514,-0.26049404888355854
2023-08-07,142.2043914794922,146.08663940429688,15.770000457763672,14.230000019073486,-0.2389083259308783
2023-08-08,141.99090576171875,146.24488830566406,15.989999771118164,14.2875,-0.2550416988008752
2023-08-09,142.17771911621094,146.0587158203125,15.960000038146973,14.408500003814698,-0.24048938448618368
2023-08-10,143.0404052734375,145.3325653076172,15.850000381469727,14.520500040054321,-0.17450536386305346
2023-08-11,145.99317932128906,146.17971801757812,14.84000015258789,14.595500040054322,0.020975333731922854
2023-08-14,145.88645935058594,145.03465270996094,14.819999694824219,14.662500047683716,0.024065271848882516
2023-08-15,141.62628173828125,144.1036834716797,16.459999084472656,14.820499992370605,-0.2606228495157008
2023-08-16,141.08375549316406,142.63275146484375,16.780000686645508,14.971500015258789,-0.28455429415872074
2023-08-17,143.44532775878906,141.6086883544922,17.889999389648438,15.166499996185303,-0.1127072680920538
2023-08-18,144.47793579101562,142.00900268554688,17.299999237060547,15.351499938964844,-0.04529434925206247
2023-08-21,143.99310302734375,141.2921905517578,17.1299991607666,15.512499904632568,-0.07212720334115348
2023-08-22,142.80780029296875,141.3480224609375,16.969999313354492,15.667999887466431,-0.1542045561360486
2023-08-23,142.9963836669922,142.6699981689453,15.979999542236328,15.807499885559082,-0.15327296757600709
2023-08-24,141.820068359375,142.00900268554688,17.200000762939453,15.94699993133545,-0.22819996820289828
2023-08-25,142.87960815429688,142.93997192382812,15.680000305175781,16.064499950408937,-0.1637691230503544
2023-08-28,143.8583984375,143.16342163085938,15.079999923706055,16.136999940872194,-0.09844813912537526
2023-08-29,143.6339111328125,143.24717712402344,14.449999809265137,16.16299991607666,-0.11465980663164546
2023-08-30,143.83145141601562,143.4054718017578,13.880000114440918,16.05249991416931,-0.10250815085008114
2023-08-31,144.6575469970703,143.6847686767578,13.569999694824219,15.934999895095824,-0.04820399974556
2023-09-01,147.53094482421875,143.843017578125,13.09000015258789,15.734499883651733,0.1480917119549137
2023-09-05,149.47047424316406,141.91592407226562,14.010000228881836,15.646499872207642,0.299123733859373
2023-09-06,149.62313842773438,141.6366424560547,14.449999809265137,15.56949987411499,0.3121744436678413
2023-09-07,149.63211059570312,142.98654174804688,14.399999618530273,15.491499853134155,0.30049133990426463
2023-09-08,150.1439208984375,142.37210083007812,13.84000015258789,15.390999841690064,0.3413113292481073
2023-09-11,147.04603576660156,144.06646728515625,13.800000190734863,15.338999843597412,0.11268576318806384
2023-09-12,149.78477478027344,141.5342254638672,14.229999542236328,15.309499835968017,0.3242309642820554
2023-09-13,149.23699951171875,142.52105712890625,13.479999542236328,15.160499858856202,0.27754269012971683
2023-09-14,150.16188049316406,144.08506774902344,12.819999694824219,14.962499809265136,0.32693836924028463
2023-09-15,149.50637817382812,142.87481689453125,13.789999961853027,14.757499837875367,0.29285690983225476
2023-09-18,150.15289306640625,143.41477966308594,14.0,14.59249987602234,0.33242767662583356
2023-09-19,150.1349639892578,142.995849609375,14.109999656677246,14.44149990081787,0.3350112271917292
2023-09-20,149.677001953125,142.87481689453125,15.140000343322754,14.349999952316285,0.30459867226498905
2023-09-21,148.33009338378906,141.6366424560547,17.540000915527344,14.428000020980836,0.22319137352722854
2023-09-22,149.30885314941406,141.11529541015625,17.200000762939453,14.428000020980836,0.295296986729679
2023-09-25,151.4908447265625,140.25880432128906,16.899999618530273,14.48899998664856,0.4532589175195281
2023-09-26,150.6737060546875,139.0113525390625,18.940000534057617,14.682000017166137,0.4083931624869985
2023-09-27,153.58302307128906,137.1680145263672,18.219999313354492,14.870499992370606,0.6253995535588823
2023-09-28,153.17897033691406,136.23703002929688,17.34000015258789,15.043499994277955,0.6060772923217093
2023-09-29,151.41001892089844,135.79017639160156,17.520000457763672,15.241000032424926,0.48841573968590274
2023-10-02,149.54229736328125,135.16647338867188,17.610000610351562,15.467000055313111,0.365568638570151
2023-10-03,149.89251708984375,135.44573974609375,19.780000686645508,15.755500078201294,0.38712487020792485
2023-10-04,146.39952087402344,135.89256286621094,18.579999923706055,15.96200008392334,0.1426769218485098
2023-10-05,147.1717529296875,133.8723907470703,18.489999771118164,16.166500091552734,0.21422756181048608
2023-10-06,145.6721954345703,134.1423797607422,17.450000762939453,16.347000122070312,0.10857279875828951
2023-10-09,149.7039337158203,133.46279907226562,17.700000762939453,16.542000150680543,0.392216119886077
2023-10-10,149.54229736328125,134.78472900390625,17.030000686645508,16.682000207901,0.3690471658698978
2023-10-11,144.6575469970703,133.1276092529297,16.09000015258789,16.81250023841858,0.04799484096852831
2023-10-12,144.7742919921875,133.425537109375,16.690000534057617,17.00600028038025,0.05331406903836116
2023-10-13,147.3154296875,134.70095825195312,19.31999969482422,17.28250026702881,0.21656485523385416
2023-10-16,148.5186309814453,135.98568725585938,17.209999084472656,17.44300022125244,0.28765848200243116
2023-10-17,150.48513793945312,136.16256713867188,17.8799991607666,17.63150019645691,0.4213752037343785
2023-10-18,151.67941284179688,139.67227172851562,19.219999313354492,17.835500144958495,0.47158014594530884
2023-10-19,151.84103393554688,138.8862762451172,21.399999618530273,18.028500080108643,0.4898645134745151
2023-10-20,149.80270385742188,138.69891357421875,21.709999084472656,18.253999996185303,0.35130068405020165
2023-10-23,144.28042602539062,138.79263305664062,20.3700008392334,18.42750005722046,-0.029578145451899684
2023-10-24,140.66171264648438,140.43206787109375,18.969999313354492,18.428999996185304,-0.29354483604766957
2023-10-25,139.96133422851562,141.08786010742188,20.190000534057617,18.527500057220458,-0.3477182585541777
2023-10-26,138.95565795898438,140.33839416503906,20.68000030517578,18.694500064849855,-0.41009628707265977
2023-10-27,129.61712646484375,137.86514282226562,21.270000457763672,18.882000064849855,-1.030206307422439
2023-10-30,131.17953491210938,139.83248901367188,19.75,18.989000034332275,-0.9406133734540864
2023-10-31,130.85626220703125,140.55384826660156,18.139999389648438,18.90699996948242,-0.9694330909805304
2023-11-01,129.28485107421875,140.160400390625,16.8700008392334,18.82150001525879,-1.0739872201211866
2023-11-02,133.57701110839844,141.87481689453125,15.65999984741211,18.680000019073486,-0.7942370947920723
2023-11-03,132.5443572998047,140.5913543701172,14.90999984741211,18.55299997329712,-0.8536057498256653
2023-11-06,131.99664306640625,141.40640258789062,14.890000343322754,18.412499952316285,-0.8987245003602523
2023-11-07,129.67098999023438,141.0784912109375,14.8100004196167,18.301499938964845,-1.0557802388027357
2023-11-08,127.86611938476562,140.53512573242188,14.449999809265137,18.219499921798707,-1.175034196677627
2023-11-09,127.45308685302734,140.8536834716797,15.289999961853027,18.149499893188477,-1.2063604838336133
2023-11-10,128.36000061035156,141.84669494628906,14.170000076293945,17.891999912261962,-1.1529981968738323
2023-11-13,129.30284118652344,142.83038330078125,14.760000228881836,17.76949996948242,-1.0970785913908463
2023-11-14,130.2456817626953,142.5118408203125,14.15999984741211,17.5835000038147,-1.0292928113398578
2023-11-15,130.70359802246094,141.8560791015625,14.180000305175781,17.33150005340576,-0.9918051082546234
2023-11-16,128.63487243652344,143.17701721191406,14.319999694824219,16.97750005722046,-1.1462045787234165
2023-11-17,131.07565307617188,141.52818298339844,13.800000190734863,16.58200011253357,-0.9632136621090328
2023-11-20,131.00303649902344,140.77871704101562,13.40999984741211,16.234000062942506,-0.9613816181003054
2023-11-21,130.6945343017578,140.160400390625,13.350000381469727,15.953000116348267,-0.9769774971424572
2023-11-22,130.95767211914062,141.48133850097656,12.850000381469727,15.586000108718872,-0.9709058643441354
2023-11-24,131.474853515625,141.818603515625,12.460000038146973,15.175000095367432,-0.9383883792658796
2023-11-27,130.9849090576172,141.68743896484375,12.6899995803833,14.746000051498413,-0.9709095351493613
2023-11-28,132.02833557128906,142.67112731933594,12.6899995803833,14.393000030517578,-0.9080679391497796
2023-11-29,130.5766143798828,141.5843963623047,12.979999542236328,14.135000038146973,-0.9980680765650297
2023-11-30,130.29530334472656,143.8234405517578,12.920000076293945,13.9375,-1.03782956441941
2023-12-01,131.39320373535156,143.0177459716797,12.630000114440918,13.78600001335144,-0.9549340599547598
2023-12-04,131.4476318359375,142.45565795898438,13.079999923706055,13.694500017166138,-0.9460666459704467
2023-12-05,129.62387084960938,137.49038696289062,12.850000381469727,13.592500019073487,-1.026327334708152
2023-12-06,129.3244171142578,137.38735961914062,12.970000267028809,13.500500011444093,-1.0459959425988306
2023-12-07,129.224609375,137.246826171875,13.0600004196167,13.43100004196167,-1.0515838126454728
2023-12-08,130.9395294189453,135.98207092285156,12.350000381469727,13.284000062942505,-0.922044014694982
2023-12-11,130.97581481933594,136.60977172851562,12.630000114440918,13.207000064849854,-0.9252667027162936
2023-12-12,129.29721069335938,136.72219848632812,12.069999694824219,13.072500038146973,-1.041807123717137
2023-12-13,131.2117462158203,139.19544982910156,12.1899995803833,12.974000024795533,-0.9325918764186988
2023-12-14,136.03880310058594,135.52305603027344,12.479999542236328,12.88899998664856,-0.5669462863509366
2023-12-15,135.5125732421875,134.8672332763672,12.279999732971191,12.786999988555909,-0.5971836979678126
2023-12-18,135.8119659423828,136.93768310546875,12.5600004196167,12.725,-0.5954468174724419
2023-12-19,137.5904083251953,136.93768310546875,12.529999732971191,12.680999994277954,-0.4730603128167416
2023-12-20,136.3291778564453,134.82041931152344,13.670000076293945,12.696999979019164,-0.5405610998335705
2023-12-21,136.74656677246094,135.14828491210938,13.649999618530273,12.736999940872192,-0.5148253529461699
2023-12-22,137.05503845214844,136.10386657714844,13.029999732971191,12.765499925613403,-0.502304796858311
2023-12-26,138.28904724121094,136.72219848632812,12.989999771118164,12.780499935150146,-0.4230187636542209
2023-12-27,137.83538818359375,136.83460998535156,12.430000305175781,12.767499971389771,-0.45526238986600076
2023-12-28,135.8936767578125,136.52545166015625,12.470000267028809,12.742000007629395,-0.5860674190542007
2023-12-29,135.3401641845703,137.28427124023438,12.449999809265137,12.718499994277954,-0.6310728260799161
2024-01-02,135.63052368164062,139.34535217285156,13.199999809265137,12.746999979019165,-0.6298722094919661
2024-01-03,138.2164764404297,138.50221252441406,14.039999961853027,12.794999980926514,-0.44423267121585713
2024-01-04,136.70118713378906,139.26101684570312,14.130000114440918,12.858999967575073,-0.5554242232193397
2024-01-05,136.4652862548828,138.10873413085938,13.350000381469727,12.877999973297118,-0.5611583202518754
2024-01-08,135.64866638183594,139.29847717285156,13.079999923706055,12.878999948501587,-0.6281965551562443
2024-01-09,132.2007598876953,139.86997985839844,12.760000228881836,12.899499940872193,-0.8706776823264032
2024-01-10,131.1118927001953,140.46954345703125,12.6899995803833,12.902499914169312,-0.9510732470880332
2024-01-11,131.81964111328125,141.0035400390625,12.4399995803833,12.920999908447266,-0.907234227536217
2024-01-12,133.62525939941406,141.08786010742188,12.699999809265137,12.946499919891357,-0.7837459078415143
2024-01-16,130.376953125,140.32904052734375,13.84000015258789,13.014499950408936,-1.0003690610635483
2024-01-17,129.85980224609375,140.46954345703125,14.789999961853027,13.139999961853027,-1.0372379582258326
2024-01-18,128.68023681640625,139.6597137451172,14.130000114440918,13.218499946594239,-1.1110324157279203
2024-01-19,129.06129455566406,139.12237548828125,13.300000190734863,13.256999969482422,-1.0799129581045912
2024-01-22,129.28814697265625,139.39576721191406,13.1899995803833,13.23299994468689,-1.0667929246519527
2024-01-23,128.92520141601562,145.16542053222656,12.550000190734863,13.17799997329712,-1.144343810054386
2024-01-24,131.4929962158203,143.41188049316406,13.140000343322754,13.183500003814697,-0.9516581010962172
2024-01-25,134.80484008789062,146.71151733398438,13.449999809265137,13.206500005722045,-0.7538149103927776
2024-01-26,135.32200622558594,147.20175170898438,13.260000228881836,13.248000001907348,-0.7226923612231497
2024-01-29,135.267578125,147.22061157226562,13.600000381469727,13.304500007629395,-0.7266097771901046
2024-01-30,136.2112274169922,148.47447204589844,13.3100004196167,13.347500038146972,-0.6730963782031817
2024-01-31,133.77044677734375,148.14450073242188,14.350000381469727,13.405000066757202,-0.8380560430862884
2024-02-01,134.1878204345703,150.06773376464844,13.880000114440918,13.397000074386597,-0.8268586371406029
2024-02-02,138.1348114013672,149.0401153564453,13.850000381469727,13.383000087738036,-0.5458759592678231
2024-02-05,138.2164764404297,149.1532745361328,13.670000076293945,13.399000072479248,-0.5412871701361429
2024-02-06,138.23460388183594,149.8603515625,13.0600004196167,13.39800009727478,-0.5464827198451045
2024-02-07,138.03497314453125,150.01113891601562,12.829999923706055,13.40150008201599,-0.561594647883849
2024-02-08,139.78616333007812,149.5586395263672,12.789999961853027,13.406500101089478,-0.4369602886970364
2024-02-09,137.0459747314453,148.4084930419922,12.930000305175781,13.431000137329102,-0.6150506241574059
2024-02-12,137.98960876464844,148.11624145507812,13.930000305175781,13.492500162124633,-0.5474498086387031
2024-02-13,136.64674377441406,147.32432556152344,15.850000381469727,13.593000173568726,-0.632645234251285
2024-02-14,137.01878356933594,146.720947265625,14.380000114440918,13.57250018119812,-0.6015445922671967
2024-02-15,141.67837524414062,148.02195739746094,14.010000228881836,13.566500186920166,-0.29274200307667875
2024-02-16,141.8343048095703,148.49331665039062,14.239999771118164,13.613500165939332,-0.2863065626828831
2024-02-20,141.25643920898438,149.4360809326172,15.420000076293945,13.725000190734864,-0.3346640033010416
2024-02-21,142.57730102539062,151.21791076660156,15.34000015258789,13.864500188827515,-0.26000304685251696
2024-02-22,142.568115234375,151.3687286376953,14.539999961853027,13.934500169754028,-0.26200946358644933
2024-02-23,141.86183166503906,151.8118133544922,13.75,13.949500179290771,-0.3146510277234138
2024-02-26,141.66921997070312,151.04820251464844,13.739999771118164,13.973500156402588,-0.3209477585950587
2024-02-27,139.5687255859375,150.18087768554688,13.430000305175781,13.96500015258789,-0.4575935851057772
2024-02-28,139.73379516601562,150.887939453125,13.84000015258789,13.99150013923645,-0.45267692528303616
2024-02-29,139.43113708496094,149.8414764404297,13.399999618530273,13.944000101089477,-0.46396928070841326
2024-03-01,140.1649169921875,149.7566375732422,13.109999656677246,13.905500078201294,-0.4126999140059112
2024-03-04,136.56011962890625,150.42599487304688,13.489999771118164,13.887500047683716,-0.6668694201125748
2024-03-05,137.2113800048828,150.19970703125,14.460000038146973,13.927000045776367,-0.6199898638777263
2024-03-06,136.05564880371094,150.43540954589844,14.5,13.999000024795532,-0.7016712169650897
2024-03-07,137.00958251953125,151.42530822753906,14.4399995803833,14.079500007629395,-0.6450448080937761
2024-03-08,137.4773712158203,151.1707763671875,14.739999771118164,14.17699999809265,-0.6105337993139993
2024-03-11,139.42193603515625,152.3020782470703,15.220000267028809,14.291499996185303,-0.4870239371838901
2024-03-12,139.32106018066406,152.66029357910156,13.84000015258789,14.286999988555909,-0.4972300049308241
2024-03-13,141.15554809570312,153.00912475585938,13.75,14.181999969482423,-0.3741652485835049
2024-03-14,142.81578063964844,152.25491333007812,14.399999618530273,14.18299994468689,-0.2530410351855991
2024-03-15,142.67820739746094,152.1417999267578,14.40999984741211,14.202999925613403,-0.2614776584992094
2024-03-18,142.54977416992188,151.98155212402344,14.329999923706055,14.207499933242797,-0.2688557987325796
2024-03-19,143.65965270996094,152.56602478027344,13.819999694824219,14.127499914169311,-0.19780346551380296
2024-03-20,141.76095581054688,152.7168731689453,13.039999961853027,14.012499904632568,-0.3298400462005559
2024-03-21,142.0452880859375,152.5943145751953,12.920000076293945,13.931499910354614,-0.3091564651326751
2024-03-22,141.86183166503906,152.40576171875,13.0600004196167,13.896999931335449,-0.3200631979665445
2024-03-25,143.5220489501953,151.0198974609375,13.1899995803833,13.869499921798706,-0.19318429411703444
2024-03-26,142.4213409423828,151.3593292236328,13.239999771118164,13.859999895095825,-0.2720243341803085
2024-03-27,143.41200256347656,153.30137634277344,12.779999732971191,13.80699987411499,-0.22154659002284285
2024-03-28,144.6869659423828,152.9619903564453,13.010000228881836,13.787499904632568,-0.1307152905504263
2024-04-01,145.9160919189453,151.38760375976562,13.649999618530273,13.81449990272522,-0.031784809038753595
2024-04-02,146.5581512451172,151.378173828125,14.609999656677246,13.870499897003175,0.01248551103073697
2024-04-03,147.16354370117188,147.211181640625,14.329999923706055,13.863999891281129,0.09211703524113715
2024-04-04,147.39283752441406,146.55125427246094,16.350000381469727,13.956499910354614,0.11390965890685698
2024-04-05,148.2275390625,147.16404724121094,16.030000686645508,14.035999965667724,0.16576716371015934
2024-04-08,147.9248504638672,147.10748291015625,15.1899995803833,14.058499956130982,0.1454525634687312
2024-04-09,148.5944366455078,147.69200134277344,14.979999542236328,14.046499919891357,0.1862050201658335
2024-04-10,149.20899963378906,148.2388153076172,15.800000190734863,14.144499921798706,0.22351453350764852
2024-04-11,148.49354553222656,146.91893005371094,14.90999984741211,14.202499914169312,0.18630640080091063
2024-04-12,145.80601501464844,146.43814086914062,17.309999465942383,14.347999906539917,0.005740509002633898
2024-04-15,144.54937744140625,146.55125427246094,19.229999542236328,14.588999891281128,-0.08176783059212288
2024-04-16,143.3477783203125,147.02264404296875,18.399999618530273,14.792499876022339,-0.16875328877332207
2024-04-17,143.45785522460938,147.97482299804688,18.209999084472656,15.01199984550476,-0.16985459679770332
2024-04-18,144.53102111816406,149.24342346191406,18.0,15.259999847412109,-0.1075626085623478
2024-04-19,146.75994873046875,150.04994201660156,18.709999084472656,15.549499797821046,0.03847564489496435
2024-04-22,148.5210723876953,152.3271484375,16.940000534057617,15.743499803543092,0.13891999512743977
2024-04-23,149.37411499023438,153.23805236816406,15.6899995803833,15.868499803543092,0.18932322746364855
2024-04-24,150.0345458984375,154.28176879882812,15.970000267028809,16.004999828338622,0.2252613492893309
2024-04-25,151.60304260253906,154.23434448242188,15.369999885559082,16.13449983596802,0.3336322282218242
2024-04-26,152.1625518798828,153.03878784179688,15.029999732971191,16.235499811172485,0.3830299395298612
2024-04-29,152.566162109375,153.38987731933594,14.670000076293945,16.28649983406067,0.4076058625473113
2024-04-30,147.9248504638672,154.85105895996094,15.649999618530273,16.33849983215332,0.07489162855557041
2024-05-01,146.4205780029297,155.0408477783203,15.390000343322754,16.391499853134157,-0.030356803398164406
2024-05-02,147.42953491210938,155.45834350585938,14.680000305175781,16.307999849319458,0.03527196347201963
2024-05-03,146.9892578125,156.04660034179688,13.489999771118164,16.18099980354309,-0.000386753824129277
2024-05-06,148.86962890625,156.0276336669922,13.489999771118164,16.095999813079835,0.1291869745026001
2024-05-07,149.20899963378906,157.28012084960938,13.229999542236328,16.008499813079833,0.1411284411163166
2024-05-08,149.08978271484375,156.62542724609375,13.0,15.868499803543092,0.13889002066086661
2024-05-09,151.75897216796875,157.5457763671875,12.6899995803833,15.75749979019165,0.31418838766910345
2024-05-10,152.09832763671875,158.3143768310547,12.550000190734863,15.519499826431275,0.33053807186006356
2024-05-13,150.9150848388672,157.38450622558594,13.600000381469727,15.237999868392944,0.25758438549008644
2024-05-14,150.0712127685547,157.28012084960938,13.420000076293945,14.988999891281129,0.20046308858761697
2024-05-15,149.55755615234375,157.99176025390625,12.449999809265137,14.700999927520751,0.15863035101720066
2024-05-16,149.25181579589844,159.27267456054688,12.420000076293945,14.42199993133545,0.1259183796900391
2024-05-17,150.7156982421875,159.06396484375,11.989999771118164,14.085999965667725,0.22855971565115452
2024-05-20,149.2981414794922,158.75083923339844,12.149999618530273,13.846499919891357,0.1338614221055975
2024-05-21,148.214111328125,159.7376251220703,11.859999656677246,13.654999923706054,0.05027028311090453
2024-05-22,145.99050903320312,159.2252197265625,12.289999961853027,13.470999908447265,-0.09808151460865172
2024-05-23,145.40679931640625,157.02392578125,12.770000457763672,13.340999937057495,-0.11819187251657536
2024-05-24,146.1572723388672,156.87213134765625,11.930000305175781,13.185999965667724,-0.06516362917329857
2024-05-28,147.35247802734375,154.7656707763672,12.920000076293945,13.098499965667724,0.036280929704819886
2024-05-29,145.3697052001953,153.38035583496094,14.279999732971191,13.02999997138977,-0.08754366552933769
2024-05-30,146.62977600097656,154.26278686523438,14.470000267028809,12.983999967575073,-0.008870652466446598
2024-05-31,150.37290954589844,156.1225128173828,12.920000076293945,12.895999956130982,0.23177320403647853
2024-06-03,145.8885955810547,156.22689819335938,13.109999656677246,12.876999950408935,-0.07777358530337128
2024-06-04,144.6563262939453,158.46617126464844,13.15999984741211,12.860499954223632,-0.18297895078937865
2024-06-05,143.59080505371094,157.55528259277344,12.630000114440918,12.830499982833862,-0.248004397097337
2024-06-06,144.4709930419922,159.8514862060547,12.579999923706055,12.809499979019165,-0.20835622304804566
2024-06-07,144.6099853515625,158.51361083984375,12.220000267028809,12.78600001335144,-0.1866002591187994
2024-06-10,145.2214813232422,158.78880310058594,12.739999771118164,12.795499992370605,-0.14702673915525405
2024-06-11,144.98988342285156,158.912109375,12.850000381469727,12.757999992370605,-0.16408812849441962
2024-06-12,142.8866729736328,156.72976684570312,12.039999961853027,12.68899998664856,-0.2889381746387102
2024-06-13,141.60809326171875,157.8968505859375,11.9399995803833,12.663499975204468,-0.3875604772050216
2024-06-14,141.35794067382812,158.25741577148438,12.65999984741211,12.675499963760377,-0.4080606868178493
2024-06-17,141.932373046875,158.9311065673828,12.75,12.713499975204467,-0.3746689550491779
2024-06-18,142.0620880126953,159.93687438964844,12.300000190734863,12.721000003814698,-0.37490714876088477
2024-06-20,145.1288299560547,159.0924072265625,13.279999732971191,12.792000007629394,-0.15616919729499082
2024-06-21,143.86878967285156,159.6522216796875,13.199999809265137,12.8375,-0.2479821248626622
2024-06-24,147.6026153564453,159.83250427246094,13.329999923706055,12.86549997329712,0.007324602199211483
2024-06-25,146.8151092529297,158.3143768310547,12.84000015258789,12.910999965667724,-0.0330354897990614
2024-06-26,144.48953247070312,158.88368225097656,12.550000190734863,12.892499971389771,-0.1982615877153109
2024-06-27,144.8323516845703,158.0961151123047,12.239999771118164,12.79049997329712,-0.16749344547816944
2024-06-28,144.9250030517578,156.4830780029297,12.4399995803833,12.688999938964844,-0.1464191854266981
2024-07-01,145.01766967773438,154.39564514160156,12.220000267028809,12.653999948501587,-0.1210210911706052
2024-07-02,145.23077392578125,155.51528930664062,12.029999732971191,12.599999952316285,-0.11655837398257614
2024-07-03,145.19369506835938,155.4488525390625,12.09000015258789,12.546499967575073,-0.11850463350045017
2024-07-05,142.97007751464844,156.75827026367188,12.479999542236328,12.538999938964844,-0.28345827938274404
2024-07-08,142.98858642578125,158.00123596191406,12.369999885559082,12.528499937057495,-0.29351069691546594
2024-07-09,141.73779296875,157.1852264404297,12.510000228881836,12.542999935150146,-0.3721505193565825
2024-07-10,143.7298126220703,158.2669219970703,12.850000381469727,12.548499965667725,-0.244922950752949
2024-07-11,143.85025024414062,157.0713653564453,12.920000076293945,12.551999950408936,-0.2257406941043583
2024-07-12,144.156005859375,158.08663940429688,12.460000038146973,12.572999954223633,-0.21395097688486667
2024-07-15,146.42596435546875,156.16049194335938,13.119999885559082,12.631999969482422,-0.04018854265771282
2024-07-16,146.17578125,158.40924072265625,13.1899995803833,12.658499956130981,-0.07789633972533493
2024-07-17,149.3815155029297,160.77186584472656,14.479999542236328,12.744999933242799,0.1211829676685536
2024-07-18,150.067138671875,159.82302856445312,15.930000305175781,12.926499938964843,0.17701126495760144
2024-07-19,147.45437622070312,160.32606506347656,16.520000457763672,13.088499975204467,-0.00737414294637131
2024-07-22,145.453125,160.60287475585938,14.90999984741211,13.173999977111816,-0.1476159551022015
2024-07-23,142.76620483398438,159.04696655273438,14.720000267028809,13.243499994277954,-0.3183431559461051
2024-07-24,143.67420959472656,160.36424255371094,18.040000915527344,13.503500032424927,-0.2678605496693294
2024-07-25,145.96270751953125,159.3142547607422,18.459999084472656,13.798999977111816,-0.10080602667851894
2024-07-26,146.2406463623047,161.42379760742188,16.389999389648438,14.00649995803833,-0.10090175247309853
2024-07-29,145.09178161621094,162.20651245117188,16.600000381469727,14.214499998092652,-0.18709505908303167
2024-07-30,147.84352111816406,154.3505859375,17.690000534057617,14.488000011444091,0.07385521798554447
2024-07-31,148.6773681640625,153.4532928466797,16.360000610351562,14.70450005531311,0.13941411030272935
2024-08-01,141.4042510986328,158.1592254638672,18.59000015258789,15.029500055313111,-0.4039790282991738
2024-08-02,137.63336181640625,162.3497314453125,23.389999389648438,15.575000047683716,-0.7016638044436223
2024-08-05,134.0292205810547,160.42152404785156,38.56999969482422,16.885000038146973,-0.9321186553910004
2024-08-06,132.7042999267578,160.45018005371094,27.709999084472656,17.644999980926514,-1.0235564182511405
2024-08-07,131.944580078125,162.29244995117188,27.850000381469727,18.394999980926514,-1.0926249308207434
2024-08-08,133.87173461914062,163.1038055419922,23.790000915527344,18.938500022888185,-0.9673977749639096
2024-08-09,134.33497619628906,162.78880310058594,20.3700008392334,19.334000062942504,-0.9326486644243693
2024-08-12,134.36277770996094,159.2283172607422,20.709999084472656,19.713500022888184,-0.8982916336348248
2024-08-13,133.5566864013672,159.68653869628906,18.1200008392334,19.96000008583069,-0.9579395639217185
2024-08-14,134.03848266601562,161.1278839111328,16.190000534057617,20.045500135421754,-0.9379177545927995
2024-08-15,136.011962890625,160.28787231445312,15.229999542236328,20.01050009727478,-0.79445504759214
2024-08-16,136.44741821289062,160.25924682617188,14.800000190734863,19.92450008392334,-0.7642276160896713
2024-08-19,137.5623016357422,160.76515197753906,14.649999618530273,19.91150007247925,-0.6921149414210478
2024-08-20,135.557373046875,162.66473388671875,15.880000114440918,19.969500064849854,-0.8473968263409688
2024-08-21,136.14761352539062,162.42608642578125,16.270000457763672,19.88100004196167,-0.804603833815022
2024-08-22,136.53173828125,162.41651916503906,17.549999237060547,19.835500049591065,-0.7780824637863593
2024-08-23,138.30242919921875,161.48106384277344,15.859999656677246,19.809000062942506,-0.64770534275301
2024-08-26,139.12689208984375,162.60745239257812,16.149999618530273,19.786500024795533,-0.6012324081297895
2024-08-27,137.67471313476562,161.5574188232422,15.430000305175781,19.67350001335144,-0.6915984408851401
2024-08-28,136.7847137451172,161.37608337402344,17.110000610351562,19.71100001335144,-0.7511928831984593
2024-08-29,138.11505126953125,162.30198669433594,15.649999618530273,19.56399998664856,-0.668080475089908
2024-08-30,138.6116180419922,163.74334716796875,15.0,19.144500017166138,-0.6470423474566946
2024-09-03,135.52928161621094,166.58790588378906,20.719999313354492,18.25199999809265,-0.8850786733687185
2024-09-04,133.10276794433594,167.90518188476562,21.31999969482422,17.932500028610228,-1.064066563084416
2024-09-05,132.03469848632812,167.4947509765625,19.899999618530273,17.534999990463255,-1.1338276354290788
2024-09-06,129.81430053710938,167.60926818847656,22.3799991607666,17.46449990272522,-1.2876715585143035
2024-09-09,131.4444580078125,168.05789184570312,19.450000762939453,17.41849989891052,-1.1795774734884976
2024-09-10,129.505126953125,169.70928955078125,19.079999923706055,17.336999940872193,-1.3280836521513308
2024-09-11,129.17723083496094,166.0151824951172,17.690000534057617,17.315499925613402,-1.3169869704448722
2024-09-12,130.4232635498047,165.5856170654297,17.06999969482422,17.359499883651733,-1.2273248510868981
2024-09-13,131.7349090576172,166.16790771484375,16.559999465942383,17.425999879837036,-1.1423677016640346
2024-09-16,133.12147521972656,169.18429565429688,17.139999389648438,17.542999839782716,-1.0744347179345053
2024-09-17,134.35816955566406,167.8861083984375,17.610000610351562,17.690999889373778,-0.9775001878632188
2024-09-18,134.8734893798828,166.0151824951172,18.229999542236328,17.80849986076355,-0.9249893551914277
2024-09-19,135.83843994140625,163.74334716796875,16.329999923706055,17.81149983406067,-0.8378832640916811
2024-09-20,136.48489379882812,166.30154418945312,16.149999618530273,17.741499853134155,-0.8167072311650776
2024-09-23,138.2274932861328,165.8719940185547,15.890000343322754,17.742999887466432,-0.692873172968595
2024-09-24,138.14315795898438,165.3660888671875,15.390000343322754,17.704999923706055,-0.6940669466193321
2024-09-25,134.88282775878906,164.43060302734375,15.40999984741211,17.70399990081787,-0.9099077300280833
2024-09-26,133.0277862548828,165.3374786376953,15.369999885559082,17.616999864578247,-1.0458291547854286
2024-09-27,136.306884765625,165.6619873046875,16.959999084472656,17.682499837875366,-0.8231294585306796
2024-09-30,137.97450256347656,165.32789611816406,16.729999542236328,17.768999814987183,-0.7053252318308255
2024-10-01,140.25115966796875,165.17515563964844,19.260000228881836,17.69599986076355,-0.5472614426629575
2024-10-02,141.4222412109375,164.10606384277344,18.899999618530273,17.574999856948853,-0.4569297286389129
2024-10-03,141.7033233642578,162.38787841796875,20.489999771118164,17.604499864578248,-0.4219301556101871
2024-10-04,141.2255096435547,161.20423889160156,19.209999084472656,17.44599986076355,-0.4440261626303543
2024-10-07,141.58152770996094,159.52423095703125,22.639999389648438,17.605499792099,-0.4042176292073052
2024-10-08,139.3611297607422,160.51698303222656,21.420000076293945,17.722499799728393,-0.5660641950802916
2024-10-09,140.2042999267578,161.5765380859375,20.860000610351562,17.88099980354309,-0.5176948883243464
2024-10-10,141.11306762695312,161.2710723876953,20.93000030517578,18.07399983406067,-0.45237304868047196
2024-10-11,141.86257934570312,163.31378173828125,20.459999084472656,18.268999814987183,-0.4194076941290268
2024-10-14,142.1998748779297,164.6692657470703,19.700000762939453,18.396999883651734,-0.40854756220384164
2024-10-15,138.40550231933594,165.68109130859375,20.639999389648438,18.548499822616577,-0.6788836401313836
2024-10-16,139.34239196777344,164.54518127441406,19.579999923706055,18.615999841690062,-0.6040593748757425
2024-10-17,141.65646362304688,164.44970703125,19.110000610351562,18.75499987602234,-0.4439426612562268
2024-10-18,141.23489379882812,164.4564666748047,18.030000686645508,18.8489999294281,-0.4730152931214987
2024-10-21,141.35667419433594,162.78573608398438,18.3700008392334,18.97299995422363,-0.44941075602421376
2024-10-22,141.3941650390625,162.9393768310547,18.200000762939453,19.11349997520447,-0.44823076412172164
2024-10-23,140.98190307617188,162.82415771484375,19.239999771118164,19.30499997138977,-0.4755513662360256
2024-10-24,140.9538116455078,162.86257934570312,19.079999923706055,19.49049997329712,-0.477834630492576
2024-10-25,141.29110717773438,161.51834106445312,20.329999923706055,19.65900001525879,-0.4423741165777464
2024-10-28,141.03814697265625,162.55532836914062,19.799999237060547,19.8125,-0.4692312238443649
2024-10-29,139.14564514160156,160.5101776123047,19.34000015258789,19.816499996185303,-0.5808311194033446
2024-10-30,138.70529174804688,159.54042053222656,20.350000381469727,19.889000034332277,-0.6022981684383414
2024-10-31,139.4267120361328,158.59942626953125,23.15999984741211,20.022500038146973,-0.5440778992349311
2024-11-01,143.40846252441406,158.52264404296875,21.8799991607666,20.15600004196167,-0.2693673861935924
2024-11-04,144.2516326904297,158.50343322753906,21.979999542236328,20.123000049591063,-0.21116816005810052
2024-11-05,143.72698974609375,159.15635681152344,20.489999771118164,20.076500034332277,-0.2532219105814357
2024-11-06,147.76495361328125,154.63397216796875,16.270000457763672,19.84700002670288,0.06586619382702918
2024-11-07,146.87490844726562,156.89996337890625,15.199999809265137,19.56050000190735,-0.016031903762413504
2024-11-08,147.02479553222656,161.02867126464844,14.9399995803833,19.28450002670288,-0.043338741837310915
2024-11-11,146.6219482421875,159.41558837890625,14.970000267028809,19.048000001907347,-0.05636263839551451
2024-11-12,145.4883270263672,159.233154296875,14.710000038146973,18.751500034332274,-0.1327123155997185
2024-11-13,148.7018280029297,159.9436798095703,14.020000457763672,18.473500061035157,0.08195571720317885
2024-11-14,151.58740234375,160.4237518310547,14.3100004196167,18.233500051498414,0.2761568628164222
2024-11-15,151.23141479492188,162.78573608398438,16.139999389648438,18.13899998664856,0.23013613184078313
2024-11-18,152.1494598388672,163.9475555419922,15.579999923706055,17.99949994087219,0.28272622662766195
2024-11-19,151.0515899658203,163.95713806152344,16.350000381469727,17.906999921798707,0.20708714650153395
2024-11-20,152.68893432617188,164.08197021484375,17.15999984741211,17.802999925613403,0.3186262590781251
2024-11-21,152.9728546142578,165.86788940429688,16.8700008392334,17.692499971389772,0.3218910767034824
2024-11-22,153.66375732421875,169.25723266601562,15.239999771118164,17.437999963760376,0.33855236988326465
2024-11-25,151.7708740234375,170.32301330566406,14.600000381469727,17.178000020980836,0.19857882541669575
2024-11-26,153.82464599609375,172.16651916503906,14.100000381469727,16.916000032424925,0.3231142236771901
2024-11-27,153.42715454101562,172.2145538330078,14.100000381469727,16.603500032424925,0.2953224794365838
2024-11-29,153.25677490234375,172.1185302734375,13.510000228881836,16.121000051498413,0.28447250285446624
2024-12-02,153.52178955078125,172.54100036621094,13.34000015258789,15.694000101089477,0.2988603040699631
2024-12-03,153.247314453125,168.43150329589844,13.300000190734863,15.260000133514405,0.3174183558452446
2024-12-04,149.84014892578125,168.1338653564453,13.449999809265137,14.908000135421753,0.08566066121072763
2024-12-05,150.79605102539062,169.01719665527344,13.539999961853027,14.77150011062622,0.14339358994578644
2024-12-06,146.9251251220703,166.89524841308594,12.770000457763672,14.650000143051148,-0.10365509341645499
2024-12-09,148.66656494140625,163.9859619140625,14.1899995803833,14.612500143051147,0.04269498842290612
2024-12-10,148.59083557128906,165.41659545898438,14.180000305175781,14.573000144958495,0.024447339974286914
2024-12-11,147.84315490722656,163.83233642578125,13.579999923706055,14.51650013923645,-0.012569493786927156
2024-12-12,146.4235076904297,164.04359436035156,13.920000076293945,14.511500120162964,-0.11218992785249199
2024-12-13,145.6284942626953,164.2451934814453,13.8100004196167,14.486500120162964,-0.16873712388703707
2024-12-16,141.36004638671875,164.32199096679688,14.6899995803833,14.414000129699707,-0.4631773390482928
2024-12-17,140.177001953125,163.54429626464844,15.869999885559082,14.428500127792358,-0.5375040303664338
2024-12-18,136.3628692626953,162.34408569335938,27.6200008392334,14.992000150680543,-0.7890434418625359
2024-12-19,133.58978271484375,162.44969177246094,24.09000015258789,15.338500165939331,-0.9808403607818373
2024-12-20,135.19874572753906,161.36471557617188,18.360000610351562,15.41300015449524,-0.8602303550563803
2024-12-23,135.31231689453125,161.41273498535156,16.780000686645508,15.490000200271606,-0.8528523260975746
2024-12-24,136.13571166992188,162.20965576171875,14.270000457763672,15.473500204086303,-0.8034507227274612
2024-12-26,136.26820373535156,163.3810577392578,14.729999542236328,15.505000162124634,-0.8050070955221563
2024-12-27,136.28713989257812,162.77615356445312,15.949999809265137,15.597500133514405,-0.7981919703355357
2024-12-30,135.40696716308594,160.433349609375,17.399999618530273,15.792000102996827,-0.8374144631650838
2024-12-31,137.08213806152344,160.97103881835938,17.350000381469727,15.992500114440919,-0.7270342855931122
2025-01-02,138.85198974609375,159.36756896972656,17.93000030517578,16.224000120162962,-0.5906278426459162
2025-01-03,139.93092346191406,158.55145263671875,16.1299991607666,16.358000087738038,-0.5089425968267794
2025-01-06,139.37254333496094,154.20191955566406,16.040000915527344,16.483000135421754,-0.5077346935938999
2025-01-07,141.57772827148438,154.8740234375,17.81999969482422,16.73550009727478,-0.36210552030087806
2025-01-08,142.2497100830078,155.6421661376953,17.700000762939453,16.911000156402586,-0.32286142348613367
2025-01-10,144.9375762939453,152.24317932128906,19.540000915527344,17.179000186920167,-0.10691917497364511
2025-01-13,147.0292205810547,152.51202392578125,19.190000534057617,17.459500217437743,0.034571082592228165
2025-01-14,148.4961700439453,153.37619018554688,18.709999084472656,17.69900016784668,0.12764723090047353
2025-01-15,149.849609375,153.2897491455078,16.1200008392334,17.814500188827516,0.22157410268268377
2025-01-16,150.8433837890625,154.10589599609375,16.600000381469727,17.910000228881835,0.28252547589974564
2025-01-17,152.82142639160156,154.71080017089844,15.970000267028809,17.915000247955323,0.4131358038182647
2025-01-21,149.76443481445312,155.2772979736328,15.0600004196167,17.287000226974488,0.1976017497852467
2025-01-22,148.03244018554688,158.17698669433594,15.100000381469727,16.837500238418578,0.0519891113940383
2025-01-23,147.65386962890625,159.53079223632812,15.020000457763672,16.670500230789184,0.013601008536318113
2025-01-24,147.31314086914062,158.54257202148438,14.850000381469727,16.574000215530397,-0.0008419641254612976
2025-01-27,148.80853271484375,163.89431762695312,17.899999618530273,16.755500173568727,0.05329981974185291
2025-01-28,147.84315490722656,160.54222106933594,16.40999984741211,16.839500188827515,0.017410661896928945
2025-01-29,147.3509979248047,160.5808563232422,16.559999465942383,16.870000171661378,-0.016810000629561513
2025-01-30,147.947265625,161.72076416015625,15.84000015258789,16.792000198364256,0.013836107734194586
2025-01-31,141.19915771484375,160.34901428222656,16.43000030517578,16.74600019454956,-0.43804664595336296
2025-02-03,141.3411102294922,163.02487182617188,18.6200008392334,16.780500221252442,-0.45266086672748757
2025-02-04,145.0133056640625,162.4163055419922,17.209999084472656,16.834500217437743,-0.19440718822758762
2025-02-05,144.79563903808594,163.26638793945312,15.770000457763672,16.821000194549562,-0.2171323954753716
2025-02-06,143.7639923095703,163.14080810546875,15.5,16.70500020980835,-0.28698259347277805
2025-02-07,144.44544982910156,162.26173400878906,16.540000915527344,16.647000217437743,-0.23207665772842923
2025-02-10,147.42674255371094,161.83668518066406,15.8100004196167,16.46050019264221,-0.023040857497568224
2025-02-11,149.0072784423828,163.672119140625,16.020000457763672,16.302000188827513,0.06900155614263942
2025-02-12,146.60330200195312,163.8170166015625,15.890000343322754,16.16100025177002,-0.09775246026704057
2025-02-13,147.5308380126953,165.20806884765625,15.100000381469727,16.110000228881837,-0.04659804131210197
2025-02-14,148.65045166015625,157.3543701171875,14.770000457763672,16.018500232696532,0.10201444917917023
2025-02-18,149.43511962890625,159.8080596923828,15.350000381469727,15.98750023841858,0.1336542103996713
2025-02-19,150.4590606689453,160.83204650878906,15.270000457763672,15.998000240325927,0.1947876735137747
2025-02-20,151.9518585205078,161.52757263183594,15.65999984741211,16.026000213623046,0.2911793031146515
2025-02-21,150.16241455078125,164.44493103027344,18.209999084472656,16.185500144958496,0.14145218222340644
2025-02-24,151.09063720703125,164.74440002441406,18.979999542236328,16.392000102996825,0.2026005676490231
2025-02-25,149.68392944335938,166.78268432617188,19.43000030517578,16.4685001373291,0.08722237274129259
2025-02-26,148.4590606689453,165.4785919189453,19.100000381469727,16.603000164031982,0.014814104857282843
2025-02-27,149.92315673828125,166.1258087158203,21.1299991607666,16.831500148773195,0.10967077677640025
2025-02-28,151.7891845703125,167.93223571777344,19.6299991607666,17.021000099182128,0.22162411572320295
2025-03-03,146.49734497070312,169.62277221679688,22.780000686645508,17.338500118255617,-0.1579472188972974
2025-03-04,145.45428466796875,167.29466247558594,23.510000228881836,17.583000087738036,-0.20851299059052905
2025-03-05,144.31552124023438,168.67608642578125,21.93000030517578,17.819000148773192,-0.29946670901259315
2025-03-06,146.3633575439453,168.72438049316406,24.8700008392334,18.27400016784668,-0.15898147316679695
2025-03-07,149.60739135742188,169.9705352783203,23.3700008392334,18.66750020980835,0.052906972569235114
2025-03-10,150.784423828125,170.27000427246094,27.860000610351562,19.23350019454956,0.13117762397841148
2025-03-11,147.44471740722656,167.23672485351562,26.920000076293945,19.78900017738342,-0.07101007428928821
2025-03-12,146.09542846679688,162.64813232421875,24.229999542236328,20.199500131607056,-0.12205153662201637
2025-03-13,146.9949493408203,162.86065673828125,24.65999984741211,20.638000106811525,-0.06208605711051508
2025-03-14,150.2581024169922,162.26173400878906,21.770000457763672,20.97150011062622,0.16793080941527633
2025-03-17,151.8848876953125,163.99090576171875,20.510000228881836,21.25850009918213,0.2641242340169284
2025-03-18,153.8848876953125,162.0105743408203,21.700000762939453,21.576000118255614,0.4198027546813078
2025-03-19,156.98536682128906,162.8413543701172,19.899999618530273,21.807500076293945,0.6255972167032575
2025-03-20,157.6743621826172,161.8560028076172,19.799999237060547,22.014500045776366,0.6819903021556445
2025-03-21,157.65521240234375,161.02525329589844,19.280000686645508,22.06800012588501,0.6882424250584801
2025-03-24,157.91360473632812,160.02056884765625,17.479999542236328,21.99300012588501,0.7151790036549742
2025-03-25,158.79397583007812,157.3157501220703,17.149999618530273,21.879000091552733,0.8004100433008452
2025-03-26,160.73654174804688,160.91897583007812,18.329999923706055,21.84050006866455,0.9012577085082216
2025-03-27,159.473388671875,162.9766082763672,18.690000534057617,21.7185001373291,0.7955821669739233
2025-03-28,158.93751525878906,162.31968688964844,21.649999618530273,21.819500160217284,0.7646911288674824
2025-03-31,160.08583068847656,164.6284637451172,22.280000686645508,21.794500160217286,0.8226763741298578
2025-04-01,161.25328063964844,164.7637176513672,21.770000457763672,21.707500171661376,0.9017839473891694
2025-04-02,159.3011474609375,163.73974609375,21.510000228881836,21.68650016784668,0.7767752416047474
2025-04-03,149.3968505859375,166.53155517578125,30.020000457763672,21.944000148773192,0.06975489467103031
2025-04-04,137.1097869873047,158.18515014648438,45.310001373291016,23.041000175476075,-0.6997460318307179
2025-04-07,134.1145782470703,154.7847442626953,46.97999954223633,23.99700012207031,-0.8748812165760899
2025-04-08,131.03323364257812,153.00730895996094,52.33000183105469,25.26750020980835,-1.0707328017566267
2025-04-09,139.74136352539062,156.8037567138672,33.619998931884766,25.73700017929077,-0.506062145766984
2025-04-10,129.16722106933594,158.00160217285156,40.720001220703125,26.540000247955323,-1.2446545442087729
2025-04-11,129.7892303466797,161.23777770996094,37.560001373291016,27.32950029373169,-1.2313385751198953
2025-04-14,129.49258422851562,163.38232421875,30.889999389648438,27.84850025177002,-1.2712942917069552
2025-04-15,128.7461700439453,162.7447509765625,30.1200008392334,28.269500255584717,-1.3168503511863456
2025-04-16,129.53086853027344,160.7354278564453,32.63999938964844,28.906500244140624,-1.2445406709630262
2025-04-17,131.93276977539062,164.8313446044922,29.649999618530273,29.399000263214113,-1.116572566707548
2025-04-21,127.97106170654297,161.11524963378906,33.81999969482422,30.126000213623048,-1.355342409920175
2025-04-22,131.38731384277344,163.18568420410156,30.56999969482422,30.780500221252442,-1.13911346443443
2025-04-23,130.79400634765625,161.09580993652344,28.450000762939453,31.3455002784729,-1.160899586859022
2025-04-24,133.0811004638672,155.0691680908203,26.469999313354492,31.75250024795532,-0.9485934528817193
2025-04-25,132.7557373046875,156.51751708984375,24.84000015258789,32.06000022888183,-0.9841814970935743
2025-04-28,134.0667266845703,157.3242950439453,25.149999618530273,32.23500022888184,-0.9013150711523553
2025-04-29,133.3011932373047,157.7228240966797,24.170000076293945,32.32950019836426,-0.9576280156532292
2025-04-30,130.2007293701172,158.024169921875,24.700000762939453,32.476000213623045,-1.1737375733112263
2025-05-01,130.39208984375,155.506591796875,24.600000381469727,32.63050022125244,-1.1376281305882383
2025-05-02,132.53564453125,156.03147888183594,22.68000030517578,32.26350021362305,-0.9948986791705782
2025-05-05,129.6648406982422,154.3887481689453,23.639999389648438,31.18000011444092,-1.1774890007373104
2025-05-06,129.76052856445312,154.79701232910156,24.760000228881836,30.069000148773192,-1.1746242597643721
2025-05-07,129.9423370361328,154.8358917236328,23.549999237060547,28.630000019073485,-1.162467080331359
2025-05-08,131.13851928710938,154.21377563476562,22.479999542236328,28.073000049591066,-1.0744809463557485
2025-05-09,132.52609252929688,153.25146484375,21.899999618530273,27.131999969482422,-0.9702240006159703
2025-05-12,135.52127075195312,156.4008331298828,18.389999389648438,26.173499870300294,-0.7928034137452796
2025-05-13,136.21986389160156,154.29153442382812,18.219999313354492,25.539999866485594,-0.7255082213016321
2025-05-14,135.56912231445312,153.6013946533203,18.6200008392334,24.964999866485595,-0.7640014131553718
2025-05-15,136.1337127685547,157.86863708496094,17.829999923706055,24.224499893188476,-0.7640320942586409
2025-05-16,135.98062133789062,158.71432495117188,17.239999771118164,23.603999900817872,-0.7822734069956069
2025-05-19,134.1403045654297,160.1626434326172,18.139999389648438,22.81999988555908,-0.9221152548078061
2025-05-20,132.95860290527344,161.00831604003906,18.09000015258789,22.195999908447266,-1.0111419719980692
2025-05-21,131.30230712890625,160.80419921875,20.8700008392334,21.816999912261963,-1.1232628012069876
2025-05-22,131.04078674316406,160.41537475585938,20.280000686645508,21.507499980926514,-1.1377167242226722
2025-05-23,132.2515411376953,161.22215270996094,22.290000915527344,21.380000019073485,-1.0617481374355073
2025-05-27,133.5010223388672,163.0690460205078,18.959999084472656,21.070499992370607,-0.9925922288656323
2025-05-28,131.7478790283203,162.68023681640625,19.309999465942383,20.82749996185303,-1.1096948320251376
2025-05-29,133.57852172851562,163.84666442871094,19.18000030517578,20.551499938964845,-0.9943447845299231
2025-05-30,132.40650939941406,165.13946533203125,18.56999969482422,20.249999904632567,-1.0867790320118436
2025-06-02,133.5106964111328,163.08848571777344,18.360000610351562,20.033999919891357,-0.9921036295185279
2025-06-03,135.16700744628906,162.1844940185547,17.690000534057617,19.736499977111816,-0.869884455061508
2025-06-04,133.0554656982422,161.3096466064453,17.610000610351562,19.378999996185303,-1.0072219772583377
2025-06-05,132.6002197265625,158.2477264404297,18.479999542236328,19.125500011444093,-1.0106496969224008
2025-06-06,135.8062744140625,159.43362426757812,16.770000457763672,18.840000057220458,-0.8008257757973668
2025-06-09,136.3389892578125,158.0144500732422,17.15999984741211,18.60300006866455,-0.7512343229182243
2025-06-10,138.84764099121094,158.28662109375,16.950000762939453,18.5310001373291,-0.5810773072895562
2025-06-11,140.23272705078125,157.57704162597656,17.260000228881836,18.483000183105467,-0.47929445699891704
2025-06-12,140.41676330566406,158.61709594726562,18.020000457763672,18.453000164031984,-0.4761068649003422
2025-06-13,141.32723999023438,155.79820251464844,20.81999969482422,18.60250015258789,-0.3877645879869633
2025-06-16,141.44346618652344,156.3814239501953,19.110000610351562,18.696000194549562,-0.385080711180799
2025-06-17,144.17489624023438,154.08741760253906,21.600000381469727,18.869000244140626,-0.17620933532274038
2025-06-18,143.53562927246094,153.6013946533203,20.139999389648438,18.971500205993653,-0.2157728338499241
2025-06-20,144.85292053222656,154.6317596435547,20.6200008392334,18.959000205993654,-0.13451010095849295
2025-06-23,142.24740600585938,156.5272216796875,19.829999923706055,18.93650016784668,-0.3310847765384541
2025-06-24,139.04136657714844,155.8759765625,17.479999542236328,18.69600009918213,-0.545779504589452
2025-06-25,138.7313995361328,154.52481079101562,16.760000228881836,18.586000156402587,-0.5547983290120696
2025-06-26,139.90341186523438,154.19435119628906,16.59000015258789,18.450000190734862,-0.4711331182133549
2025-06-27,139.27383422851562,155.3899383544922,16.31999969482422,18.307000160217285,-0.5253529796379768
2025-06-30,138.69268798828125,154.8650360107422,16.729999542236328,18.21500015258789,-0.5605625260928692
2025-07-01,140.99794006347656,156.71192932128906,16.829999923706055,18.138500118255614,-0.4187519685797537
2025-07-02,143.33221435546875,156.69247436523438,16.639999389648438,18.086000061035158,-0.25793767869989753
2025-07-03,143.70997619628906,156.3328094482422,16.3799991607666,18.02449998855591,-0.22866402707264943
2025-07-07,142.77044677734375,156.0120391845703,17.790000915527344,17.99000005722046,-0.2903964051842915
2025-07-08,148.42703247070312,153.47503662109375,16.809999465942383,17.992000007629393,0.12198870499503295
2025-07-09,148.21392822265625,153.11538696289062,15.9399995803833,17.930999994277954,0.11060077359249977
2025-07-10,149.32781982421875,154.05825805664062,15.779999732971191,17.87249994277954,0.17866347779510677
2025-07-11,150.4320068359375,152.6585235595703,16.399999618530273,17.829499912261962,0.26740461115606995
2025-07-14,146.88693237304688,149.46051025390625,17.200000762939453,17.788499927520753,0.052585252010787085
2025-07-15,145.95712280273438,148.4106903076172,17.3799991607666,17.61649990081787,-0.0018349992623151229
2025-07-16,145.21128845214844,149.43133544921875,17.15999984741211,17.5189998626709,-0.06246115717986593
2025-07-17,146.6254425048828,151.26849365234375,16.520000457763672,17.264999866485596,0.018115698865581627
2025-07-18,145.3275146484375,151.7940673828125,16.40999984741211,17.07849988937378,-0.07599251783277478
2025-07-21,144.97882080078125,151.7255401611328,16.649999618530273,16.879999828338622,-0.09936403855551654
2025-07-22,145.3275146484375,154.9454345703125,16.5,16.71349983215332,-0.10470837386291729
2025-07-23,148.310791015625,154.90626525878906,15.369999885559082,16.60799984931946,0.1009477266632726
2025-07-24,150.93568420410156,155.42498779296875,15.390000343322754,16.539499855041505,0.27685746939484046
2025-07-25,149.9767608642578,154.9258575439453,14.930000305175781,16.4564998626709,0.21541571603213797
2025-07-28,151.3715362548828,153.76121520996094,15.029999732971191,16.391999864578246,0.32201197316138086
2025-07-29,152.09799194335938,153.27186584472656,15.979999542236328,16.354499864578248,0.3764632878738194
2025-07-30,148.73696899414062,149.62136840820312,15.479999542236328,16.28699984550476,0.17843286458787505
2025-07-31,146.8772735595703,147.26275634765625,16.719999313354492,16.290999841690063,0.07194691530015919
2025-08-01,146.64480590820312,147.4389190673828,20.3799991607666,16.490999841690062,0.05434403462093797
2025-08-04,146.29611206054688,147.5465545654297,17.520000457763672,16.47749981880188,0.02936728575543493
2025-08-05,148.23329162597656,147.3018798828125,17.850000381469727,16.52949986457825,0.16490707884924616
2025-08-06,147.98146057128906,149.601806640625,16.770000457763672,16.570999908447266,0.12661953192835157
2025-08-07,148.3495330810547,150.21836853027344,16.56999969482422,16.610499906539918,0.1463308319603068
2025-08-08,150.14141845703125,150.23794555664062,15.149999618530273,16.547999906539918,0.2694640492267945
2025-08-11,148.6304168701172,151.67662048339844,16.25,16.500499868392943,0.15237245385453946
2025-08-12,149.58932495117188,151.78427124023438,14.729999542236328,16.367999887466432,0.2173803926045706
2025-08-13,150.97439575195312,152.0974578857422,14.489999771118164,16.234499883651733,0.3098425538621323
2025-08-14,150.28671264648438,150.46304321289062,14.829999923706055,16.149999856948853,0.2774115807459045
2025-08-15,151.633056640625,151.06982421875,15.09000015258789,16.08399987220764,0.3645334041058931
2025-08-18,150.4416961669922,152.40084838867188,14.989999771118164,16.000999879837035,0.27041938384528047
2025-08-19,148.86488342285156,155.02371215820312,15.569999694824219,15.954499864578247,0.1380083294391223
2025-08-20,150.0597381591797,156.1100616455078,15.6899995803833,15.970499849319458,0.21033524561613468
2025-08-21,152.3416748046875,155.3466796875,16.600000381469727,16.030999851226806,0.37432663635935076
2025-08-22,154.91741943359375,155.28794860839844,14.220000267028809,15.995499849319458,0.5521160052167606
2025-08-25,154.93701171875,152.82167053222656,14.789999961853027,15.98349986076355,0.575937475280834
2025-08-26,154.1143341064453,152.64552307128906,14.619999885559082,15.915499877929687,0.5209286204047137
2025-08-27,155.95558166503906,153.6144256591797,14.850000381469727,15.883999919891357,0.6388083445906495
2025-08-28,156.03392028808594,152.33233642578125,14.430000305175781,15.769499969482421,0.6558819892050116
2025-08-29,157.2875213623047,153.6927032470703,15.359999656677246,15.518499994277954,0.7297547354964075
2025-09-02,158.4921417236328,154.62245178222656,17.170000076293945,15.500999975204468,0.804180667190869
2025-09-03,154.79989624023438,154.79861450195312,16.350000381469727,15.425999975204467,0.5484873542098985
2025-09-04,154.4375457763672,155.79689025878906,15.300000190734863,15.352499961853027,0.5144551192171902
2025-09-05,150.4906463623047,156.60919189453125,15.180000305175781,15.282999992370605,0.2354407490036666
2025-09-08,150.82363891601562,155.62071228027344,15.109999656677246,15.280999994277954,0.26736340570595724
2025-09-09,151.65611267089844,156.06112670898438,15.039999961853027,15.220499992370605,0.32063834783918027
2025-09-10,154.53546142578125,153.99609375,15.350000381469727,15.251500034332276,0.5376025489962496
2025-09-11,154.98597717285156,155.2488250732422,14.710000038146973,15.262500047683716,0.5571904224656079
2025-09-12,153.86949157714844,154.53436279296875,14.760000228881836,15.259000062942505,0.48686790372525046
2025-09-15,154.06536865234375,153.4871826171875,15.6899995803833,15.289000034332275,0.509889618747629
2025-09-16,156.24935913085938,154.68118286132812,16.360000610351562,15.357500076293945,0.6493046410310689
2025-09-17,156.78802490234375,156.91256713867188,15.720000267028809,15.365000104904174,0.6660410352421402
2025-09-18,155.56381225585938,153.9667510986328,15.699999809265137,15.365500116348267,0.6086376172927473
2025-09-19,152.98806762695312,152.71400451660156,15.449999809265137,15.308000087738037,0.4427986818387249
2025-09-22,152.83135986328125,149.8073272705078,16.100000381469727,15.402000093460083,0.4585007682688253
2025-09-23,154.173095703125,149.2494659423828,16.639999389648438,15.494500064849854,0.5559179157669927
2025-09-24,155.8968048095703,149.17117309570312,16.18000030517578,15.572500085830688,0.6752512772063853
2025-09-25,157.40504455566406,148.90692138671875,16.739999771118164,15.66700005531311,0.7814512445572903
2025-09-26,156.85659790039062,149.2494659423828,15.289999961853027,15.710000038146973,0.7405876342426893
2025-09-29,152.8803253173828,150.2575225830078,16.1200008392334,15.74800009727478,0.4577681432259951
2025-09-30,152.08702087402344,150.3749542236328,16.280000686645508,15.703500127792358,0.4021055038858134
2025-10-01,151.3916778564453,149.9149627685547,16.290000915527344,15.70050015449524,0.3584458337318802
2025-10-02,150.2066192626953,148.80906677246094,16.6299991607666,15.767000102996827,0.2869711670861446
2025-10-03,150.38291931152344,149.02438354492188,16.649999618530273,15.84050006866455,0.2971415442527172
2025-10-06,150.84323120117188,147.2040252685547,16.3700008392334,15.903500127792359,0.3454061315447971
2025-10-07,151.71487426757812,149.2886199951172,17.239999771118164,16.013500118255614,0.3863944927642023
2025-10-08,150.5690155029297,147.47805786132812,16.299999237060547,16.061000061035156,0.3240384799205892
2025-10-09,148.5123291015625,147.37039184570312,16.43000030517578,16.147000074386597,0.18348521817785776
2025-10-10,145.82882690429688,146.49937438964844,21.65999984741211,16.49200005531311,0.006752376105209005
2025-10-13,148.80612182617188,144.3462677001953,19.030000686645508,16.65900011062622,0.2312594520810742
2025-10-14,149.24685668945312,145.9806671142578,20.809999465942383,16.881500053405762,0.24669640548212457
2025-10-15,148.97262573242188,144.2777557373047,20.639999389648438,17.127500009536742,0.243341992530088
2025-10-16,148.58087158203125,146.4113006591797,25.309999465942383,17.607999992370605,0.19694150524231657
2025-10-17,149.92262268066406,148.17291259765625,20.780000686645508,17.874500036239624,0.27322422209354363
2025-10-20,151.2937469482422,148.7209930419922,18.229999542236328,17.980999994277955,0.36258623232050685
2025-10-21,150.6179656982422,148.3882293701172,17.8700008392334,18.042500066757203,0.31911341440158164
2025-10-22,152.36126708984375,148.95587158203125,18.600000381469727,18.1635000705719,0.43390916903595533
2025-10-23,153.33084106445312,148.9656524658203,17.299999237060547,18.19150004386902,0.5005429080570795
2025-10-24,152.35145568847656,150.28330993652344,16.3700008392334,18.245500087738037,0.4211381106729345
2025-10-27,152.07723999023438,149.54417419433594,15.789999961853027,18.229000043869018,0.4090026412445814
2025-10-28,150.9509735107422,149.1795196533203,16.420000076293945,18.23600001335144,0.33481952000734055
2025-10-29,151.9009552001953,146.6171417236328,16.920000076293945,18.26749997138977,0.4235429823391266
2025-10-30,150.35354614257812,147.41542053222656,16.90999984741211,18.281500005722044,0.3097813566116798
2025-10-31,154.4669189453125,148.19398498535156,17.440000534057617,18.321000051498412,0.5857555993517479
2025-11-03,150.86280822753906,145.8780059814453,17.170000076293945,18.36100001335144,0.35883629701067854
2025-11-04,150.22622680664062,145.04029846191406,19.0,18.44900002479553,0.3226622254741659
2025-11-05,149.5112762451172,143.6802520751953,18.010000228881836,18.534500074386596,0.28585470058827445
2025-11-06,149.78550720214844,144.01535034179688,19.5,18.68800005912781,0.3016728862510235
2025-11-07,151.82261657714844,144.85304260253906,19.079999923706055,18.559000062942506,0.4342267842626561
2025-11-10,152.43960571289062,143.3944549560547,17.600000381469727,18.487500047683717,0.4899768571875291
2025-11-11,153.01744079589844,146.3904571533203,17.280000686645508,18.311000108718872,0.5024414098380203
2025-11-12,150.1576690673828,145.86813354492188,17.510000228881836,18.15450015068054,0.3104009188817805
2025-11-13,152.3710479736328,145.81886291503906,20.0,17.889000177383423,0.46316727547505504
2025-11-14,154.3689727783203,145.53305053710938,19.829999923706055,17.84150013923645,0.603262208896015
2025-11-17,151.62673950195312,143.7098388671875,22.3799991607666,18.049000120162965,0.43116426323465673
2025-11-18,152.1317901611328,144.86289978027344,24.690000534057617,18.390000104904175,0.45541326412888233
2025-11-19,150.2303924560547,144.86289978027344,23.65999984741211,18.643000078201293,0.32456538210929603
2025-11-20,148.85385131835938,146.0455322265625,26.420000076293945,19.099000120162962,0.21906001645468953
2025-11-21,148.5270538330078,148.73602294921875,23.43000030517578,19.452000093460082,0.1720546354951952
2025-11-24,148.29928588867188,144.85304260253906,20.520000457763672,19.688500118255615,0.19176285522218933
2025-11-25,147.09109497070312,146.3411865234375,18.559999465942383,19.795500087738038,0.09505891462214483
2025-11-26,148.0615997314453,146.1046600341797,17.190000534057617,19.809000110626222,0.16400110679620158
2025-11-28,149.66592407226562,146.01597595214844,16.350000381469727,19.7810001373291,0.2752134916431688
2025-12-01,151.06224060058594,145.306396484375,17.239999771118164,19.771000099182128,0.3777691855351755
2025-12-02,148.79443359375,143.74925231933594,16.59000015258789,19.742000102996826,0.235895224183086
2025-12-03,150.1214599609375,144.5869598388672,16.079999923706055,19.596000099182127,0.3195834263150926
2025-12-04,150.7849578857422,143.25650024414062,15.779999732971191,19.484500074386595,0.37736655267659436
2025-12-05,148.54685974121094,141.37413024902344,15.40999984741211,19.280000066757204,0.24050057616734116
2025-12-08,147.2693634033203,136.33807373046875,16.65999984741211,19.159000062942503,0.19847701937476328
2025-12-09,147.05149841308594,137.60940551757812,16.93000030517578,19.12550005912781,0.17189965695345305
2025-12-10,149.94320678710938,137.79666137695312,15.770000457763672,19.050000047683717,0.3691911228354122
2025-12-11,149.2598876953125,138.72305297851562,14.850000381469727,18.91700005531311,0.3137259137769867
2025-12-12,148.53695678710938,140.77294921875,15.739999771118164,18.70400004386902,0.24529716338876684
2025-12-15,148.3488006591797,143.02981567382812,16.5,18.537500047683714,0.21178388733308232
2025-12-16,145.32833862304688,143.10865783691406,16.479999542236328,18.242500066757202,0.0032072858821481963
2025-12-17,148.07151794433594,145.67103576660156,17.6200008392334,17.88900008201599,0.1686349119430318
2025-12-18,146.25924682617188,143.41416931152344,16.8700008392334,17.549500131607054,0.0644854215051142
2025-12-19,146.3186492919922,142.3695068359375,14.90999984741211,16.974000120162962,0.07809246491398096
2025-12-22,148.3488006591797,140.6251220703125,14.079999923706055,16.50650010108948,0.23369591192642802
2025-12-23,149.05191040039062,141.10801696777344,14.0,16.180500078201295,0.277681361719317
2025-12-24,149.04202270507812,142.3990936279297,13.470000267028809,15.926000118255615,0.2652363877213471
2025-12-26,148.56666564941406,142.6454620361328,13.600000381469727,15.74650011062622,0.23027893648366896
2025-12-29,149.5272674560547,142.47792053222656,14.199999809265137,15.639000082015992,0.2979110359285216
2025-12-30,150.83447265625,141.96543884277344,14.329999923706055,15.493500089645385,0.3925383914824279
2025-12-31,150.9335174560547,141.2361602783203,14.949999809265137,15.411500072479248,0.40599965073245303
2026-01-02,154.3896942138672,139.73814392089844,14.510000228881836,15.333000087738037,0.6574924784675643
2026-01-05,162.2626953125,138.3386993408203,14.899999618530273,15.289000082015992,1.212038299411632
2026-01-06,155.02349853515625,137.88536071777344,14.75,15.256000089645386,0.717991701417459
2026-01-07,153.6964874267578,136.0424041748047,15.380000114440918,15.192000102996825,0.6434645692706411
2026-01-08,157.70724487304688,139.48190307617188,15.449999809265137,15.118000078201295,0.8881302238028882
2026-01-09,160.53955078125,139.81698608398438,14.489999771118164,15.054000043869019,1.0799867800213896
2026-01-12,160.76730346679688,141.3839874267578,15.119999885559082,15.067500019073487,1.0813811505563453
2026-01-13,162.28248596191406,142.15269470214844,15.979999542236328,15.079500007629395,1.1786463765117683
2026-01-14,165.61985778808594,144.232177734375,16.75,15.092000007629395,1.3893645894486115
2026-01-15,164.55030822753906,142.53704833984375,15.84000015258789,15.060000038146972,1.3312080778367024
2026-01-16,164.6493377685547,142.43849182128906,15.859999656677246,14.971999979019165,1.3389210280165718
2026-01-20,163.69863891601562,144.8727569580078,20.09000015258789,15.13299994468689,1.2513156009893838
2026-01-21,165.11477661132812,143.9463653564453,16.899999618530273,15.232499933242797,1.3572109551555267
2026-01-22,165.04547119140625,147.76034545898438,15.640000343322754,15.310499954223634,1.3176878753885122
2026-01-23,165.10488891601562,149.02780151367188,16.09000015258789,15.414999961853027,1.3102275059039967
2026-01-26,165.8773193359375,148.3727569580078,16.149999618530273,15.548999929428101,1.3693524951383107
2026-01-27,167.4123077392578,147.23133850097656,16.350000381469727,15.6864999294281,1.4853861262576589
2026-01-28,168.28378295898438,146.2388153076172,16.350000381469727,15.79399995803833,1.554402219434795
2026-01-29,169.53158569335938,148.77967834472656,16.8799991607666,15.921499919891357,1.617119037604858
2026-01-30,175.18626403808594,150.63571166992188,17.440000534057617,16.04599995613098,1.9893427134403852
2026-02-02,172.3440704345703,152.0450897216797,16.34000015258789,16.137499952316283,1.7809098585114125
2026-02-03,176.31521606445312,154.1591796875,18.0,16.29249997138977,2.0349269370744474
2026-02-04,179.47430419921875,155.6975860595703,18.639999389648438,16.48699994087219,2.2383066510784078
2026-02-05,177.49368286132812,157.42459106445312,21.770000457763672,16.80649995803833,2.0862700640412584
2026-02-06,179.10789489746094,157.9803924560547,20.3700008392334,17.052500009536743,2.192290213299275
2026-02-09,180.8310546875,156.15415954589844,17.360000610351562,17.196000051498412,2.3275133342723078
2026-02-10,180.4943389892578,157.8910675048828,17.790000915527344,17.329500102996825,2.2885146419654308
2026-02-11,184.0198516845703,158.80419921875,17.649999618530273,17.413000106811523,2.5228080999626608
2026-02-12,180.6329803466797,160.00515747070312,20.81999969482422,17.616500091552734,2.2787914911470866
2026-02-13,181.9600067138672,158.87368774414062,20.600000381469727,17.854500102996827,2.3804232101504232
2026-02-17,180.5500030517578,158.35755920410156,20.290000915527344,18.07600016593933,2.288094497160102
2026-02-18,183.8699951171875,155.6876678466797,19.6200008392334,18.052500200271606,2.5408938936240473
2026-02-19,184.77999877929688,157.3749542236328,20.229999542236328,18.21900019645691,2.5881424528771744
2026-02-20,183.92999267578125,159.578369140625,19.09000015258789,18.391500186920165,2.5095699178052464
2026-02-23,184.91000366210938,163.93556213378906,21.010000228881836,18.637500190734862,2.5373074529461577
2026-02-24,185.33999633789062,164.04473876953125,19.549999237060547,18.807500171661378,2.5659032841275518
2026-02-25,184.22000122070312,162.16885375976562,17.93000030517578,18.88650016784668,2.505922356143424
2026-02-26,184.16000366210938,162.5261688232422,18.6299991607666,19.000500106811522,2.4985376005210638
2026-02-27,186.75999450683594,165.95037841796875,19.860000610351562,19.149500179290772,2.646258296932917
2026-03-02,189.60000610351562,162.2879638671875,21.440000534057617,19.34950017929077,2.8750710896588814
2026-03-03,188.77000427246094,158.5262908935547,23.56999969482422,19.711000156402587,2.8522301954518023
2026-03-04,186.02999877929688,157.11691284179688,21.149999618530273,19.8685001373291,2.6765146279537197
2026-03-05,189.89999389648438,152.83912658691406,23.75,20.12400016784668,2.981814853288188
2026-03-06,189.94000244140625,152.4818115234375,29.489999771118164,20.510000133514403,2.9878240313048536
2026-03-09,189.44000244140625,154.05992126464844,25.5,20.766500091552736,2.9390356545648544
2026-03-10,186.2899932861328,154.84400939941406,24.93000030517578,21.145000076293947,2.7151177149885686
2026-03-11,191.7899932861328,152.17413330078125,24.229999542236328,21.467000007629395,3.1179378861123266
2026-03-12,196.97000122070312,149.3751983642578,27.290000915527344,21.949000072479247,3.4999132735231497
2026-03-13,196.82000732421875,149.52407836914062,27.190000534057617,22.267500114440917,3.4882345683181493
2026-03-16,196.83999633789062,150.98309326171875,23.510000228881836,22.413000106811523,3.476315325260835
2026-03-17,197.97000122070312,150.34786987304688,22.3700008392334,22.517000102996825,3.559866788512231
2026-03-18,198.61000061035156,145.613525390625,25.09000015258789,22.79050006866455,3.6470496688918557
2026-03-19,201.44000244140625,143.7574920654297,24.059999465942383,22.982000064849853,3.858713534126505
2026-03-20,201.72999572753906,143.20169067382812,26.780000686645508,23.366500091552734,3.8837344777884186
2026-03-23,205.2100067138672,142.9138641357422,26.149999618530273,23.623500061035156,4.1258400186962865
2026-03-24,206.7899932861328,142.09005737304688,26.950000762939453,23.9935001373291,4.2420761364669355
2026-03-25,205.14999389648438,142.84437561035156,25.329999923706055,24.363500118255615,4.1223433283357025
2026-03-26,207.7899932861328,141.3555908203125,27.440000534057617,24.804000186920167,4.317585417535174
2026-03-27,211.14999389648438,141.6434326171875,31.049999237060547,25.363500118255615,4.54618664336655
2026-03-30,210.7100067138672,143.63839721679688,30.610000610351562,25.822000122070314,4.49772968902092
2026-03-31,206.89999389648438,143.36048889160156,25.25,25.9060001373291,4.238069600374712
2026-04-01,197.41000366210938,143.0131072998047,24.540000915527344,26.075500202178954,3.588165363278439
2026-04-02,198.97000122070312,142.05035400390625,23.8700008392334,26.081500244140624,3.70429201062988
2026-04-06,198.86000061035156,141.70297241210938,24.170000076293945,25.815500259399414,3.6998875405687897
2026-04-07,201.5399932861328,140.24395751953125,25.780000686645508,25.82950029373169,3.897610566082068
2026-04-08,192.88999938964844,143.81704711914062,21.040000915527344,25.63500032424927,3.2697880124910252
2026-04-09,190.36000061035156,145.56390380859375,19.489999771118164,25.39800033569336,3.0797642002231136
2026-04-10,188.5500030517578,144.0751190185547,19.229999542236328,24.995000267028807,2.9687722626768824
2026-04-13,191.77999877929688,142.5069122314453,19.1200008392334,24.591500282287598,3.205339650802241
2026-04-14,187.02000427246094,143.3009490966797,18.360000610351562,24.334000301361083,2.8705372058701903
2026-04-15,184.91000366210938,142.30841064453125,18.170000076293945,24.12400026321411,2.734378162754587
2026-04-16,188.14999389648438,142.04043579101562,17.940000534057617,23.7665002822876,2.9597853794834945
2026-04-17,183.99000549316406,145.83187866210938,17.479999542236328,23.437500286102296,2.6389604315087034
2026-04-20,183.25,143.41012573242188,18.8700008392334,23.04200029373169,2.610103180910239
2026-04-21,185.97999572753906,141.25634765625,19.5,22.709500312805176,2.817598064570632
2026-04-22,186.32000732421875,141.78237915039062,18.920000076293945,22.3080002784729,2.8362032358074796
2026-04-23,187.60000610351562,144.62100219726562,19.309999465942383,22.007000255584718,2.8984224332438644
2026-04-24,185.2100067138672,148.17999267578125,18.709999084472656,21.57050018310547,2.701520407432402
2026-04-27,184.77999877929688,148.39999389648438,18.020000457763672,20.919000244140626,2.66992399507667
2026-04-28,188.36000061035156,149.1699981689453,17.829999923706055,20.28000020980835,2.9092714190391566
2026-04-29,192.22000122070312,146.4600067138672,18.809999465942383,19.95800018310547,3.1995978117436485
2026-04-30,193.30999755859375,147.08999633789062,16.889999389648438,19.575500106811525,3.268867158520672
