Date,CVX,UPS,VIX,AvgVIX,zscore
2022-01-31,110.67057800292969,165.7238006591797,24.829999923706055,23.18100004196167,-2.0184757037220895
2022-02-01,113.58629608154297,189.06494140625,21.959999084472656,23.448999977111818,-1.4668151976886439
2022-02-02,114.1087646484375,190.22874450683594,22.09000015258789,23.707999992370606,-1.4117673397457218
2022-02-03,113.08910369873047,187.4258270263672,24.350000381469727,23.939000034332274,-1.5269141772102754
2022-02-04,114.50482177734375,184.2295379638672,23.219999313354492,24.119499969482423,-1.4698946447303263
2022-02-07,116.75479125976562,184.45079040527344,22.860000610351562,24.324499988555907,-1.3023513663317463
2022-02-08,114.97674560546875,184.5655517578125,21.440000534057617,24.426500034332275,-1.4305505021585097
2022-02-09,116.11436462402344,184.45901489257812,19.959999084472656,24.503999996185303,-1.3490073351353375
2022-02-10,114.63965606689453,180.8611297607422,23.90999984741211,24.818499946594237,-1.508925588717773
2022-02-11,116.97391510009766,174.9684600830078,27.360000610351562,25.171000003814697,-1.4239450511964118
2022-02-14,115.17053985595703,175.37823486328125,28.329999923706055,25.62799997329712,-1.5497132662972342
2022-02-15,114.3275375366211,178.0582275390625,25.700000762939453,25.773499965667725,-1.5723949053363657
2022-02-16,114.3615951538086,176.4600830078125,24.290000915527344,25.795499992370605,-1.5930980723255792
2022-02-17,113.7740249633789,172.6900634765625,28.110000610351562,25.92150001525879,-1.6907195847899283
2022-02-18,113.61225128173828,172.8303985595703,27.75,25.866499996185304,-1.7004987680192742
2022-02-22,112.74365997314453,172.5084686279297,28.809999465942383,25.811999988555907,-1.7686102362067273
2022-02-23,115.42603302001953,168.80191040039062,31.020000457763672,25.805000019073486,-1.626481597661057
2022-02-24,114.82994842529297,171.0390625,30.31999969482422,25.723000049591064,-1.6375549789901793
2022-02-25,119.5389404296875,173.31747436523438,27.59000015258789,25.57800006866455,-1.2605588337984082
2022-02-28,122.62151336669922,173.7054443359375,30.149999618530273,25.70250005722046,-1.029784844272608
2022-03-01,127.4923095703125,169.70997619628906,33.31999969482422,26.127000045776366,-0.732011092389946
2022-03-02,131.25611877441406,174.5640106201172,30.739999771118164,26.566000080108644,-0.38667413132744644
2022-03-03,133.02732849121094,175.36473083496094,30.479999542236328,26.985500049591064,-0.24568973358873486
2022-03-04,135.09654235839844,173.68072509765625,31.979999542236328,27.367000007629393,-0.11899561813429493
2022-03-07,137.98326110839844,166.0776824951172,36.45000076293945,28.028500080108643,-0.01848387475251225
2022-03-08,145.21282958984375,167.91860961914062,35.130001068115234,28.642000102996825,0.5362611439254414
2022-03-09,141.5852508544922,170.70059204101562,32.45000076293945,29.192500114440918,0.31168030811480796
2022-03-10,145.4597930908203,171.03077697753906,30.229999542236328,29.706000137329102,0.5994594275673175
2022-03-11,145.5279083251953,168.32308959960938,30.75,30.048000144958497,0.56514318746468
2022-03-14,141.9684600830078,168.65330505371094,31.770000457763672,30.268500137329102,0.3099608843832273
2022-03-15,134.78147888183594,173.7962646484375,29.829999923706055,30.3435001373291,-0.14033054928947816
2022-03-16,134.2960968017578,179.88034057617188,26.670000076293945,30.392000102996825,-0.08749579813932111
2022-03-17,136.62081909179688,183.5291290283203,25.670000076293945,30.461000061035158,0.1352441951941141
2022-03-18,137.71929931640625,181.4322967529297,23.8700008392334,30.249000072479248,0.18504759751148422
2022-03-21,140.19725036621094,180.4251708984375,23.530000686645508,30.038000106811523,0.3514171499471792
2022-03-22,139.72891235351562,180.30960083007812,22.940000534057617,29.744500160217285,0.3155337638010572
2022-03-23,141.2361297607422,177.1396026611328,23.56999969482422,29.37200012207031,0.37961770735288264
2022-03-24,141.61080932617188,177.20567321777344,21.670000076293945,28.9395001411438,0.4079422052672415
2022-03-25,144.17396545410156,177.7752685546875,20.809999465942383,28.600500106811523,0.6034147285925955
2022-03-28,141.65341186523438,181.2424774169922,19.6299991607666,28.07450008392334,0.4696318214767878
2022-03-29,139.9247589111328,183.63644409179688,18.899999618530273,27.353500080108642,0.3781137411749499
2022-03-30,140.91261291503906,181.77902221679688,19.329999923706055,26.78300008773804,0.4233113361102891
2022-03-31,138.656005859375,177.04055786132812,20.559999465942383,26.28700008392334,0.18973405006502428
2022-04-01,139.83961486816406,170.5850067138672,19.6299991607666,25.669500064849853,0.1825057429657248
2022-04-04,139.96731567382812,169.40452575683594,18.56999969482422,24.77550001144409,0.17470277455686273
2022-04-05,139.1072998046875,162.80038452148438,21.030000686645508,24.070499992370607,0.016056535321016658
2022-04-06,140.34202575683594,160.47239685058594,22.100000381469727,23.55299997329712,0.0724567241938089
2022-04-07,142.2920684814453,159.07730102539062,21.549999237060547,23.11899995803833,0.19463921737299292
2022-04-08,144.70188903808594,157.649169921875,21.15999984741211,22.639499950408936,0.34992346983316625
2022-04-11,140.98065185546875,157.54183959960938,24.3700008392334,22.26949996948242,0.0765752460180153
2022-04-12,143.91847229003906,155.1065673828125,24.260000228881836,21.99099998474121,0.2558088023589789
2022-04-13,146.1835479736328,155.91555786132812,21.81999969482422,21.748499965667726,0.4329840639931777
2022-04-14,146.11546325683594,155.21388244628906,22.700000762939453,21.6,0.41782930561028275
2022-04-18,148.07398986816406,154.50392150878906,22.170000076293945,21.51499996185303,0.5505734278108675
2022-04-19,146.31980895996094,157.4180145263672,21.3700008392334,21.40699996948242,0.46473839128646
2022-04-20,146.9158935546875,157.20335388183594,20.31999969482422,21.27599992752075,0.5051601247239023
2022-04-21,140.1461944580078,155.85775756835938,22.68000030517578,21.23149995803833,-0.008809333142363098
2022-04-22,137.05508422851562,154.49566650390625,28.209999084472656,21.558499908447267,-0.25434232810453705
2022-04-25,134.1087646484375,156.55120849609375,27.020000457763672,21.86899995803833,-0.4397069040992682
2022-04-26,133.2913055419922,151.11105346679688,33.52000045776367,22.563500022888185,-0.5783543020347038
2022-04-27,133.04434204101562,153.87652587890625,31.600000381469727,23.198500061035155,-0.5562622171474019
2022-04-28,137.77037048339844,156.98048400878906,29.989999771118164,23.73150005340576,-0.16604227591084963
2022-04-29,133.41050720214844,148.57672119140625,33.400001525878906,24.37350015640259,-0.6064237509833293
2022-05-02,136.0332489013672,147.4209442138672,32.34000015258789,25.00900020599365,-0.43163609158324273
2022-05-03,138.36647033691406,147.04122924804688,29.25,25.54300022125244,-0.26673291034795726
2022-05-04,142.70932006835938,151.73016357421875,25.420000076293945,25.762500190734862,0.1185000965575633
2022-05-05,141.57676696777344,148.4198455810547,31.200000762939453,26.21750020980835,-0.012255011967693326
2022-05-06,145.3490447998047,148.52716064453125,30.190000534057617,26.6495002746582,0.2648208841199395
2022-05-09,135.6074676513672,149.773681640625,34.75,27.3290002822876,-0.42859364400203
2022-05-10,136.9103240966797,150.25250244140625,32.9900016784668,27.76000032424927,-0.326487789829612
2022-05-11,138.93698120117188,146.4963836669922,32.560001373291016,28.175000381469726,-0.23297033451377372
2022-05-12,140.25689697265625,147.47877502441406,31.770000457763672,28.6725004196167,-0.12231119868802762
2022-05-13,142.9477081298828,148.23641967773438,28.8700008392334,28.981000423431396,0.08521374114596086
2022-05-16,147.3246307373047,149.67681884765625,27.469999313354492,29.246000385284425,0.4257958946301574
2022-05-17,148.1932373046875,152.48268127441406,26.100000381469727,29.48250036239624,0.5299527954437357
2022-05-18,144.2868194580078,143.3990020751953,30.959999084472656,30.01450033187866,0.11282369080188341
2022-05-19,143.25657653808594,139.3692169189453,29.350000381469727,30.34800033569336,-0.02089909371824452
2022-05-20,144.08079528808594,142.408203125,29.43000030517578,30.409000396728516,0.08339867791547353
2022-05-23,147.42910766601562,145.1974334716797,28.479999542236328,30.48200035095215,0.36842633960588905
2022-05-24,148.2189483642578,144.9643096923828,29.450000762939453,30.278500366210938,0.4227316626448528
2022-05-25,150.59716796875,144.75616455078125,28.3700008392334,30.117000389099122,0.5934110563581496
2022-05-26,151.61021423339844,148.51951599121094,27.5,29.992500400543214,0.722011619206133
2022-05-27,153.06114196777344,151.9748077392578,25.719999313354492,29.608500289916993,0.8781238041503878
2022-05-31,149.95321655273438,151.74166870117188,26.190000534057617,29.301000308990478,0.6477448769456932
2022-06-01,151.37843322753906,150.05982971191406,25.690000534057617,29.12300033569336,0.7274343344178971
2022-06-02,151.1036834716797,153.2570343017578,24.719999313354492,29.088000297546387,0.7537618351030851
2022-06-03,152.4773406982422,154.4393310546875,24.790000915527344,28.76750030517578,0.871246950443297
2022-06-06,151.8162841796875,155.78814697265625,25.06999969482422,28.51150026321411,0.8425375296860558
2022-06-07,154.70957946777344,154.45596313476562,24.020000457763672,27.975000286102294,1.0345259737413248
2022-06-08,155.5080108642578,149.40206909179688,23.959999084472656,27.523500156402587,1.019504595670514
2022-06-09,152.40866088867188,146.99586486816406,26.09000015258789,27.200000095367432,0.7582186732666734
2022-06-10,150.58853149414062,144.08175659179688,27.75,26.999000072479248,0.5829939410110728
2022-06-13,143.6601104736328,143.8070068359375,34.02000045776367,27.256500053405762,0.07297083557378824
2022-06-14,143.84896850585938,145.0059356689453,32.689998626708984,27.517500019073488,0.10416224308225847
2022-06-15,141.02435302734375,146.43801879882812,29.6200008392334,27.69350004196167,-0.08136034531395307
2022-06-16,133.48634338378906,143.36573791503906,32.95000076293945,27.79300012588501,-0.6765013708447082
2022-06-17,127.39067840576172,142.43319702148438,31.1299991607666,27.882000064849855,-1.135247057024147
2022-06-21,132.72225952148438,145.28904724121094,30.190000534057617,27.920000076293945,-0.704399208201646
2022-06-22,126.9528579711914,146.6627960205078,28.950000762939453,27.943500137329103,-1.1058488058585771
2022-06-23,122.28235626220703,148.7276611328125,29.049999237060547,27.923500061035156,-1.417008460580435
2022-06-24,124.29135131835938,152.61590576171875,27.229999542236328,27.866499996185304,-1.2138537248885903
2022-06-27,126.69528198242188,151.37535095214844,26.950000762939453,27.839000034332276,-1.0562777392554303
2022-06-28,128.73004150390625,149.80169677734375,28.360000610351562,27.971000099182127,-0.9304987809959266
2022-06-29,126.18872833251953,150.80918884277344,28.15999984741211,28.069500064849855,-1.1014908455245342
2022-06-30,124.2999496459961,151.98313903808594,28.709999084472656,28.220499992370605,-1.2224077937008035
2022-07-01,125.78522491455078,154.0229949951172,26.700000762939453,28.319500064849855,-1.084326316267169
2022-07-05,122.4798355102539,153.7232666015625,27.540000915527344,28.457000064849854,-1.3300938444549977
2022-07-06,120.86577606201172,154.17288208007812,26.729999542236328,28.54000005722046,-1.441456733684572
2022-07-07,123.21819305419922,155.0221405029297,26.079999923706055,28.643000030517577,-1.2573179325284958
2022-07-08,122.57427978515625,154.36434936523438,24.639999389648438,28.677000045776367,-1.3138931028378245
2022-07-11,121.49251556396484,153.73159790039062,26.170000076293945,28.68100004196167,-1.402084566817781
2022-07-12,119.26888275146484,149.34381103515625,27.290000915527344,28.65800008773804,-1.6281648113059408
2022-07-13,118.47042846679688,148.1365203857422,26.81999969482422,28.298000049591064,-1.7040010897692504
2022-07-14,116.7104263305664,148.43624877929688,26.399999618530273,27.98350009918213,-1.8281983130354316
2022-07-15,118.17852020263672,152.02476501464844,24.229999542236328,27.714000034332276,-1.668899133059719
2022-07-18,119.83552551269531,149.93495178222656,25.299999237060547,27.33149995803833,-1.5782004673862067
2022-07-19,124.15399169921875,154.70574951171875,24.5,27.0,-1.1935604605208217
2022-07-20,125.7938232421875,155.5716552734375,23.8799991607666,26.68449993133545,-1.0612257209317688
2022-07-21,124.83226013183594,155.70484924316406,23.110000610351562,26.392499923706055,-1.1295233413059755
2022-07-22,123.79341888427734,156.5124969482422,23.030000686645508,26.091499996185302,-1.193678191171749
2022-07-25,127.47654724121094,156.45419311523438,23.360000610351562,25.898000049591065,-0.9255168653418963
2022-07-26,126.48064422607422,151.1422119140625,24.690000534057617,25.785000038146972,-1.0753374740603836
2022-07-27,128.14620971679688,153.115478515625,23.239999771118164,25.528999996185302,-0.9250542836484287
2022-07-28,129.11639404296875,156.72898864746094,22.329999923706055,25.2375,-0.8017586055720649
2022-07-29,140.61228942871094,162.26580810546875,21.329999923706055,24.86850004196167,0.11822034379812271
2022-08-01,137.80479431152344,162.6404571533203,22.84000015258789,24.675500011444093,-0.08139622687247823
2022-08-02,136.62864685058594,161.1334686279297,23.93000030517578,24.494999980926515,-0.18916727413508966
2022-08-03,133.38331604003906,161.04183959960938,21.950000762939453,24.25600004196167,-0.4275285306671804
2022-08-04,129.76025390625,161.9576873779297,21.440000534057617,24.024000072479247,-0.6788589441766455
2022-08-05,131.90664672851562,163.82272338867188,21.149999618530273,23.84950008392334,-0.49502774499076446
2022-08-08,131.70916748046875,163.26492309570312,21.290000915527344,23.60550012588501,-0.5175454171588189
2022-08-09,133.42628479003906,163.7311248779297,21.770000457763672,23.329500102996825,-0.385366000043816
2022-08-10,133.77830505371094,168.49363708496094,19.739999771118164,22.975500106811523,-0.29054647122055444
2022-08-11,137.0407257080078,170.2087860107422,20.200000762939453,22.665500164031982,-0.02737813106370214
2022-08-12,137.2382049560547,171.86972045898438,19.530000686645508,22.43050022125244,0.011147109161259642
2022-08-15,134.6282196044922,172.7001495361328,19.950000762939453,22.163000297546386,-0.1674299753731912
2022-08-16,134.2848358154297,173.09442138671875,19.690000534057617,21.922500324249267,-0.18678867670201957
2022-08-17,135.39231872558594,171.94520568847656,19.899999618530273,21.723500347137453,-0.12257688445040034
2022-08-18,137.76611328125,174.52044677734375,19.559999465942383,21.546000289916993,0.08816900184048797
2022-08-19,136.61386108398438,174.83920288085938,20.600000381469727,21.424500274658204,0.008636571633614164
2022-08-22,135.92945861816406,173.13633728027344,23.799999237060547,21.44650020599365,-0.06606090258665713
2022-08-23,140.3391571044922,172.1884307861328,24.110000610351562,21.41750020980835,0.24225844880173023
2022-08-24,141.37876892089844,170.31787109375,22.81999969482422,21.396500205993654,0.29104567467179016
2022-08-25,142.6176300048828,171.96197509765625,21.780000686645508,21.369000244140626,0.4053868645009785
2022-08-26,141.56935119628906,166.87022399902344,25.559999465942383,21.580500221252443,0.2549366028742042
2022-08-29,142.62631225585938,165.4777374267578,26.209999084472656,21.74900016784668,0.31192829224790364
2022-08-30,139.15223693847656,163.61550903320312,26.209999084472656,21.863000106811523,0.03116690519116827
2022-08-31,136.93438720703125,163.16256713867188,25.8700008392334,22.059000110626222,-0.13739246238283787
2022-09-01,134.751220703125,164.9241180419922,25.559999465942383,22.26500005722046,-0.2712841638317378
2022-09-02,136.7524871826172,164.45436096191406,25.469999313354492,22.48100004196167,-0.13193282260922576
2022-09-06,136.12002563476562,164.3788604736328,26.90999984741211,22.761999988555907,-0.17922197162761053
2022-09-07,134.37869262695312,164.6556854248047,24.639999389648438,22.905499935150146,-0.3023879955523672
2022-09-08,135.1064453125,164.52146911621094,23.610000610351562,23.098999977111816,-0.2511821953944601
2022-09-09,138.589111328125,166.66888427734375,22.790000915527344,23.228499984741212,0.034344979016084715
2022-09-12,140.78099060058594,167.91038513183594,23.8700008392334,23.445499992370607,0.21245029367905272
2022-09-13,138.10397338867188,161.65264892578125,27.270000457763672,23.811499977111815,-0.07387893789580172
2022-09-14,141.44808959960938,160.1846923828125,26.15999984741211,24.13499994277954,0.14906625132180856
2022-09-15,139.15223693847656,155.18519592285156,26.270000457763672,24.45349998474121,-0.09116527916727199
2022-09-16,135.53961181640625,148.23121643066406,26.299999237060547,24.79049997329712,-0.4559323771920895
2022-09-19,135.92945861816406,151.0161895751953,25.760000228881836,25.048499965667723,-0.3870461319218296
2022-09-20,135.39230346679688,147.3672332763672,27.15999984741211,25.216499996185302,-0.4792286965749848
2022-09-21,134.2920379638672,145.8153533935547,27.989999771118164,25.41049995422363,-0.5821089151138071
2022-09-22,134.18809509277344,140.80752563476562,27.350000381469727,25.636999988555907,-0.6623692031595958
2022-09-23,125.42070007324219,137.8463897705078,29.920000076293945,26.04399995803833,-1.3456889342096665
2022-09-26,122.11992645263672,135.6822052001953,32.2599983215332,26.37899990081787,-1.618174439843824
2022-09-27,122.17192077636719,138.21548461914062,32.599998474121094,26.698499870300292,-1.5776165010859649
2022-09-28,126.29571533203125,140.18675231933594,30.18000030517578,26.89699993133545,-1.24781882086203
2022-09-29,125.42070007324219,138.67684936523438,31.84000015258789,27.195499897003174,-1.3336381438161777
2022-09-30,124.46769714355469,135.50601196289062,31.6200008392334,27.498499965667726,-1.449255312224942
2022-10-03,131.45045471191406,136.80625915527344,30.100000381469727,27.730000019073486,-0.9203826056687139
2022-10-04,136.56187438964844,141.67149353027344,29.06999969482422,27.83800001144409,-0.47645669854113437
2022-10-05,137.3416290283203,140.86622619628906,28.549999237060547,28.033500003814698,-0.4311904075701756
2022-10-06,139.84535217285156,138.91171264648438,30.520000457763672,28.378999996185303,-0.2766860523989782
2022-10-07,138.64112854003906,133.4928436279297,31.360000610351562,28.807499980926515,-0.4432729762611758
2022-10-10,136.1374053955078,133.99615478515625,32.45000076293945,29.236499977111816,-0.6188357139985299
2022-10-11,136.16334533691406,133.7193145751953,33.630001068115234,29.554500007629393,-0.6209583446547529
2022-10-12,136.57057189941406,133.77801513671875,33.56999969482422,29.925,-0.5903636335445802
2022-10-13,143.18942260742188,137.28436279296875,31.940000534057617,30.2085000038147,-0.05605716122687715
2022-10-14,138.73641967773438,135.6234893798828,32.02000045776367,30.494500064849852,-0.4053953489347467
2022-10-17,139.75003051757812,138.17355346679688,31.3700008392334,30.77500009536743,-0.29435955074158393
2022-10-18,140.97158813476562,140.0776824951172,30.5,30.942000102996825,-0.17750894664680553
2022-10-19,145.54588317871094,139.0710906982422,30.760000228881836,31.08050012588501,0.14198058355093812
2022-10-20,146.37757873535156,135.0363006591797,29.979999542236328,31.21200008392334,0.14417695198767488
2022-10-21,150.04222106933594,138.86978149414062,29.690000534057617,31.200500106811525,0.46746174662061646
2022-10-24,149.99026489257812,140.54745483398438,29.850000381469727,31.08000020980835,0.48801168496575925
2022-10-25,151.5496368408203,140.08609008789062,28.459999084472656,30.87300024032593,0.595209829279476
2022-10-26,153.4209442138672,141.75538635253906,27.280000686645508,30.728000259399415,0.7561090315019798
2022-10-27,154.1226806640625,139.65829467773438,27.389999389648438,30.50550022125244,0.7769314009472957
2022-10-28,155.92466735839844,140.22869873046875,25.75,30.212000179290772,0.9168215641844764
2022-10-31,156.72171020507812,140.7320098876953,25.8799991607666,30.001000118255615,0.982339315443059
2022-11-01,157.86532592773438,140.42164611816406,25.809999465942383,29.838000106811524,1.0613627381306527
2022-11-02,154.6425018310547,138.0561065673828,25.860000610351562,29.703500175476073,0.7916486295839159
2022-11-03,156.92098999023438,137.57794189453125,25.299999237060547,29.442500114440918,0.9511256133412476
2022-11-04,158.9049072265625,138.9872283935547,24.549999237060547,29.102000045776368,1.1164765865461006
2022-11-07,160.80223083496094,141.8728485107422,24.350000381469727,28.69700002670288,1.2969260183642126
2022-11-08,160.5682830810547,141.58763122558594,25.540000915527344,28.292500019073486,1.2757002180816166
2022-11-09,154.14866638183594,137.57794189453125,26.09000015258789,27.91850004196167,0.7486413618228678
2022-11-10,157.06826782226562,145.90089416503906,23.530000686645508,27.498000049591063,1.0826567257246948
2022-11-11,161.53860473632812,150.8709259033203,22.520000457763672,27.023000049591065,1.4812801099290374
2022-11-14,161.6165771484375,150.53224182128906,23.729999542236328,26.64099998474121,1.482060397577724
2022-11-15,162.9160614013672,153.64808654785156,24.540000915527344,26.34300003051758,1.6221857807283475
2022-11-16,160.26507568359375,149.9141845703125,24.110000610351562,26.010500049591066,1.3743811624499689
2022-11-17,160.7190399169922,149.06747436523438,23.93000030517578,25.708000087738036,1.395251081370107
2022-11-18,159.75869750976562,151.53134155273438,23.1200008392334,25.379500102996825,1.3608629928001084
2022-11-21,158.2308807373047,152.91990661621094,22.360000610351562,25.005000114440918,1.2694241612142414
2022-11-22,162.29052734375,154.723388671875,21.290000915527344,24.646500205993654,1.5921018844746782
2022-11-23,160.85003662109375,154.80799865722656,20.350000381469727,24.300000190734863,1.4881194718850748
2022-11-25,160.37857055664062,154.53707885742188,20.5,23.955500221252443,1.4497533415977406
2022-11-28,155.71649169921875,152.3272247314453,22.209999084472656,23.778500175476076,1.0771784672765856
2022-11-29,158.0475311279297,156.54373168945312,21.889999389648438,23.579000186920165,1.3086180073758005
2022-11-30,160.03807067871094,160.6416778564453,20.579999923706055,23.31750020980835,1.5134677714613984
2022-12-01,159.3221893310547,161.0311737060547,19.84000015258789,23.016500186920165,1.4668333857154505
2022-12-02,158.0475311279297,160.3538055419922,19.059999465942383,22.704500198364258,1.363905948742504
2022-12-05,154.14500427246094,153.38558959960938,20.75,22.514500236511232,0.9777584982459778
2022-12-06,150.17263793945312,148.2546844482422,22.170000076293945,22.405500221252442,0.6131713275829612
2022-12-07,150.61788940429688,147.89060974121094,22.68000030517578,22.262500190734862,0.6404084041830643
2022-12-08,151.50840759277344,152.09014892578125,22.290000915527344,22.072500228881836,0.7663893089745552
2022-12-09,146.6717529296875,150.4052734375,22.829999923706055,22.037500190734864,0.3886817717682083
2022-12-12,148.19960021972656,154.54554748535156,25.0,22.16150016784668,0.5603517581428699
2022-12-13,151.4996795654297,155.66319274902344,22.549999237060547,22.10250015258789,0.817600234699944
2022-12-14,150.45204162597656,156.0526580810547,21.139999389648438,21.932500076293945,0.7467346543455206
2022-12-15,149.32582092285156,153.4279327392578,22.829999923706055,21.86850004196167,0.6263906775319655
2022-12-16,147.3003387451172,150.87939453125,22.6200008392334,21.803000068664552,0.4414722254376726
2022-12-19,148.3130645751953,151.07411193847656,22.420000076293945,21.768000030517577,0.5182649737661931
2022-12-20,150.74884033203125,147.01002502441406,21.479999542236328,21.723999977111816,0.637194608515041
2022-12-21,152.52114868164062,149.59243774414062,20.06999969482422,21.66299991607666,0.8041133690012044
2022-12-22,150.2337646484375,148.6864776611328,21.969999313354492,21.743999862670897,0.6239016310185531
2022-12-23,154.87838745117188,149.87184143066406,20.8700008392334,21.76249990463257,0.9803351858280587
2022-12-27,156.8252410888672,149.80409240722656,21.649999618530273,21.73449993133545,1.1215458707037265
2022-12-28,154.51170349121094,146.99313354492188,22.139999389648438,21.74699993133545,0.9117805183416632
2022-12-29,155.68157958984375,148.8050079345703,21.440000534057617,21.789999961853027,1.0235177150242352
2022-12-30,156.70303344726562,147.1878662109375,21.670000076293945,21.88149995803833,1.0746560700666277
2023-01-03,151.90127563476562,148.40708923339844,22.899999618530273,22.073499965667725,0.7416386627342776
2023-01-04,150.2861328125,149.9564971923828,22.010000228881836,22.136499977111818,0.646155723363386
2023-01-05,152.9926300048828,147.1878662109375,22.459999084472656,22.15099992752075,0.8036565873272636
2023-01-06,154.14500427246094,151.51441955566406,21.1299991607666,22.073499870300292,0.9506059695337471
2023-01-09,152.94021606445312,153.83433532714844,21.969999313354492,22.05749979019165,0.8962752345932936
2023-01-10,153.69102478027344,151.36203002929688,20.579999923706055,21.944999790191652,0.9152370105127996
2023-01-11,152.95765686035156,154.2915802001953,21.09000015258789,21.749499797821045,0.9041841464288729
2023-01-12,154.59901428222656,154.9011688232422,18.829999923706055,21.56349983215332,1.03291091747745
2023-01-13,155.01805114746094,154.2238311767578,18.350000381469727,21.423999881744386,1.0536875837609514
2023-01-17,157.57608032226562,151.55674743652344,19.360000610351562,21.25049991607666,1.201818230168775
2023-01-18,154.72994995117188,149.6262969970703,20.34000015258789,21.136499881744385,0.9659305535858074
2023-01-19,156.27523803710938,149.14369201660156,20.520000457763672,21.041499900817872,1.071791827606897
2023-01-20,157.9340362548828,150.82008361816406,19.850000381469727,20.95999994277954,1.21727280171088
2023-01-23,157.72450256347656,152.80984497070312,19.809999465942383,20.946999931335448,1.230842340327065
2023-01-24,157.87294006347656,152.39498901367188,19.200000762939453,20.808500003814697,1.2356639094874575
2023-01-25,156.34510803222656,150.25286865234375,19.079999923706055,20.71899995803833,1.092990224586565
2023-01-26,163.94932556152344,152.14942932128906,18.729999542236328,20.572999954223633,1.675906060877299
2023-01-27,156.66812133789062,154.17300415039062,18.510000228881836,20.391499996185303,1.173467431233845
2023-01-30,152.0846405029297,149.83799743652344,19.940000534057617,20.316499996185303,0.7757951121385768
2023-01-31,151.92747497558594,156.83157348632812,19.399999618530273,20.202999973297118,0.8657998052531233
2023-02-01,149.6051788330078,156.6199493408203,17.8700008392334,19.951500034332277,0.6931136671389303
2023-02-02,147.5535125732422,161.96250915527344,18.729999542236328,19.7875,0.6207904287858321
2023-02-03,147.9376678466797,162.27578735351562,18.329999923706055,19.58100004196167,0.653394238472101
2023-02-06,148.1035614013672,159.8203887939453,19.43000030517578,19.49600009918213,0.6298804663018812
2023-02-07,151.98863220214844,159.42245483398438,18.65999984741211,19.33050012588501,0.9078628427058405
2023-02-08,148.4178466796875,157.78839111328125,19.6299991607666,19.28300008773804,0.6233488559678544
2023-02-09,147.05587768554688,156.4252166748047,20.709999084472656,19.264000034332277,0.5040927085294822
2023-02-10,150.13772583007812,156.82313537597656,20.530000686645508,19.34900007247925,0.7349581267729625
2023-02-13,149.2996063232422,158.6773681640625,20.34000015258789,19.448500061035155,0.7006505243302751
2023-02-14,150.4433135986328,158.135498046875,18.90999984741211,19.426000022888182,0.7763212476610099
2023-02-15,148.85792541503906,158.19476318359375,18.229999542236328,19.320499992370607,0.6613880731304077
2023-02-16,146.70884704589844,157.1025390625,20.170000076293945,19.30299997329712,0.4885749928244849
2023-02-17,143.43243408203125,156.48757934570312,20.020000457763672,19.311499977111815,0.24034951996860904
2023-02-21,141.8030242919922,152.43038940429688,22.8700008392334,19.46450004577637,0.062467270692431714
2023-02-22,141.23052978515625,150.8502197265625,22.290000915527344,19.619000053405763,-0.002276259852414613
2023-02-23,142.62210083007812,153.6945037841797,21.139999389648438,19.72200002670288,0.14063432049533325
2023-02-24,143.04489135742188,153.87388610839844,21.670000076293945,19.869000053405763,0.17411700020832926
2023-02-27,143.40599060058594,155.6505126953125,20.950000762939453,19.99100008010864,0.22627148253193824
2023-02-28,141.60044860839844,155.87257385253906,20.700000762939453,20.029000091552735,0.09762110265197131
2023-03-01,142.72779846191406,156.37655639648438,20.579999923706055,20.088000106811524,0.18727347375454173
2023-03-02,143.17698669433594,157.74314880371094,19.59000015258789,20.17400007247925,0.23991177514826564
2023-03-03,145.29083251953125,158.59730529785156,18.489999771118164,20.16200008392334,0.4066969532460356
2023-03-06,146.3565673828125,159.30624389648438,18.610000610351562,20.176000118255615,0.4948232198394577
2023-03-07,144.4717254638672,156.53883361816406,19.59000015258789,20.184000110626222,0.31700076413438044
2023-03-08,143.5557403564453,157.41859436035156,19.110000610351562,20.206500148773195,0.26286548063504556
2023-03-09,141.37144470214844,156.20570373535156,22.610000610351562,20.35550022125244,0.08572921904296853
2023-03-10,140.63156127929688,155.06112670898438,24.799999237060547,20.560000228881837,0.015080860690092774
2023-03-13,139.78607177734375,155.6505126953125,26.520000457763672,20.859500217437745,-0.0381192081006487
2023-03-14,141.5915985107422,158.06773376464844,23.729999542236328,21.029000186920165,0.12882865378003194
2023-03-15,135.46148681640625,157.46983337402344,26.139999389648438,21.390500164031984,-0.32757697791882856
2023-03-16,135.89306640625,160.5105743408203,22.989999771118164,21.628500175476074,-0.2519312199505756
2023-03-17,134.1755828857422,159.54539489746094,25.510000228881836,21.89550018310547,-0.3913780438468173
2023-03-20,136.14852905273438,156.72671508789062,24.149999618530273,22.102000141143797,-0.28818034712961604
2023-03-21,140.3145294189453,159.54539489746094,21.3799991607666,22.027500057220458,0.05699673827506032
2023-03-22,137.46083068847656,158.4777069091797,22.260000228881836,22.026000022888184,-0.16692417737220727
2023-03-23,136.09567260742188,158.26419067382812,22.610000610351562,22.09950008392334,-0.26973057048905436
2023-03-24,137.45204162597656,158.93043518066406,21.739999771118164,22.10300006866455,-0.16099657547785573
2023-03-27,138.85244750976562,159.99807739257812,20.600000381469727,22.085500049591065,-0.04322154949160044
2023-03-28,140.4730682373047,160.34828186035156,19.969999313354492,22.048999977111816,0.0802267395299298
2023-03-29,141.67971801757812,163.5427703857422,19.1200008392334,21.976000022888183,0.21471290191595188
2023-03-30,143.0272674560547,163.21823120117188,19.020000457763672,21.947500038146973,0.3084254830642397
2023-03-31,143.7054901123047,165.6952362060547,18.700000762939453,21.958000087738036,0.39390512666448424
2023-04-03,149.6858367919922,165.464599609375,18.549999237060547,21.955000019073488,0.8273493686717491
2023-04-04,148.88433837890625,162.8082275390625,19.0,21.925500011444093,0.7302631487792993
2023-04-05,149.6241912841797,161.77468872070312,19.079999923706055,21.923999977111816,0.7693026622171018
2023-04-06,147.66006469726562,161.07432556152344,18.399999618530273,21.71349992752075,0.615684332407594
2023-04-10,148.2237548828125,162.50927734375,18.969999313354492,21.42199993133545,0.6776775598758825
2023-04-11,149.04287719726562,164.3798370361328,19.100000381469727,21.050999927520753,0.7646480745951872
2023-04-12,149.57130432128906,162.15907287597656,19.09000015258789,20.81899995803833,0.771017712371127
2023-04-13,151.5706787109375,163.14132690429688,17.799999237060547,20.401999950408936,0.9313009774600285
2023-04-14,151.87893676757812,164.73855590820312,17.06999969482422,20.10599994659424,0.9769928225002315
2023-04-17,150.5402069091797,165.09732055664062,16.950000762939453,19.67799997329712,0.8844210488946475
2023-04-18,150.1879119873047,165.80625915527344,16.829999923706055,19.311999988555907,0.8689776244143764
2023-04-19,150.3287811279297,167.43768310546875,16.459999084472656,19.06599998474121,0.902939963794623
2023-04-20,149.59776306152344,166.54083251953125,17.170000076293945,18.811499977111815,0.8365338667990957
2023-04-21,148.95480346679688,166.7373046875,16.770000457763672,18.51949996948242,0.7924245564978228
2023-04-24,151.0334014892578,167.28395080566406,16.889999389648438,18.276999950408936,0.952173034923538
2023-04-25,148.84033203125,150.57688903808594,18.760000228881836,18.18499994277954,0.5495602010010788
2023-04-26,146.18922424316406,147.3994903564453,18.84000015258789,18.12849998474121,0.30982208042235654
2023-04-27,147.04356384277344,151.83250427246094,17.030000686645508,18.023999977111817,0.436548532196637
2023-04-28,148.4792022705078,153.58346557617188,15.779999732971191,17.86199994087219,0.5668124996869928
2023-05-01,147.2989959716797,155.62489318847656,16.079999923706055,17.73099989891052,0.5102360331116597
2023-05-02,140.95745849609375,151.9008026123047,17.780000686645508,17.692499971389772,-0.006975772584047336
2023-05-03,138.13021850585938,150.18399047851562,18.34000015258789,17.659499979019166,-0.2383836352437647
2023-05-04,137.5929412841797,148.01443481445312,20.09000015258789,17.709999990463256,-0.3091075486764673
2023-05-05,141.10720825195312,150.1071014404297,17.190000534057617,17.649500036239623,-0.022066767546627477
2023-05-08,140.5523223876953,148.95401000976562,16.979999542236328,17.550000047683717,-0.07932687470411567
2023-05-09,140.14715576171875,147.77532958984375,17.709999084472656,17.480499982833862,-0.12602314858235963
2023-05-10,138.35919189453125,146.54534912109375,16.940000534057617,17.37300000190735,-0.27446022260813174
2023-05-11,137.5929412841797,145.40078735351562,16.93000030517578,17.32950005531311,-0.34703415933186066
2023-05-12,137.9452362060547,145.305908203125,17.030000686645508,17.327500104904175,-0.3226801246943993
2023-05-15,138.4561309814453,145.60775756835938,17.1200008392334,17.33600010871887,-0.2809853918636266
2023-05-16,135.20608520507812,143.6760711669922,17.989999771118164,17.39400010108948,-0.5463920719184199
2023-05-17,137.14378356933594,147.77224731445312,16.8700008392334,17.414500188827514,-0.34542739342177614
2023-05-18,136.9747772216797,147.4962921142578,16.049999237060547,17.358500146865843,-0.3617756181282214
2023-05-19,138.059814453125,147.4014129638672,16.809999465942383,17.36050009727478,-0.28390374103552596
2023-05-22,135.57847595214844,147.90159606933594,17.209999084472656,17.37650008201599,-0.45787694611795904
2023-05-23,139.50067138671875,146.41835021972656,18.530000686645508,17.365000104904176,-0.1929320197044882
2023-05-24,139.8741912841797,144.63331604003906,20.030000686645508,17.424500131607054,-0.1915535825636448
2023-05-25,137.46395874023438,147.66012573242188,19.139999389648438,17.530000066757204,-0.32366951755522394
2023-05-26,137.0370330810547,147.95335388183594,17.950000762939453,17.638500118255614,-0.35059617236997975
2023-05-30,136.1832275390625,146.39248657226562,17.459999084472656,17.707500076293947,-0.4356059287616069
2023-05-31,133.95973205566406,144.0123748779297,17.940000534057617,17.71550006866455,-0.6325427898771894
2023-06-01,135.3293914794922,144.7281494140625,15.649999618530273,17.58100004196167,-0.5221193639670613
2023-06-02,138.9759063720703,146.7201690673828,14.600000381469727,17.306500053405763,-0.22687998041603888
2023-06-05,138.3088836669922,144.7454071044922,14.729999542236328,17.183500003814697,-0.3042535614230827
2023-06-06,138.5579071044922,144.52120971679688,13.960000038146973,17.03250002861023,-0.2893187782070692
2023-06-07,142.15101623535156,147.89297485351562,13.9399995803833,16.84400005340576,0.0220414413062457
2023-06-08,141.62628173828125,147.875732421875,13.649999618530273,16.679500007629393,-0.016534185318828915
2023-06-09,141.28834533691406,147.02200317382812,13.829999923706055,16.52449998855591,-0.05360475249970438
2023-06-12,139.92755126953125,147.89297485351562,15.010000228881836,16.423499965667723,-0.14035541525753564
2023-06-13,140.9770050048828,149.09164428710938,14.609999656677246,16.297999906539918,-0.04631180649118179
2023-06-14,139.7140655517578,150.80772399902344,13.880000114440918,16.092499923706054,-0.11365203563835344
2023-06-15,140.7724609375,154.36061096191406,14.5,15.973999881744385,0.015206676728292871
2023-06-16,139.86529541015625,153.9984130859375,13.539999961853027,15.84849991798401,-0.05630649294170228
2023-06-20,136.68128967285156,152.86874389648438,13.880000114440918,15.701999950408936,-0.3052516945018804
2023-06-21,137.74855041503906,149.72975158691406,13.199999809265137,15.50149998664856,-0.2728512658622433
2023-06-22,135.7563018798828,147.78948974609375,12.90999984741211,15.220499944686889,-0.44651571587413597
2023-06-23,134.60902404785156,145.9871826171875,13.4399995803833,14.890999889373779,-0.5564635558118037
2023-06-26,136.9747772216797,148.97091674804688,14.25,14.646499919891358,-0.34037735566764
2023-06-27,136.54788208007812,150.6266326904297,13.739999771118164,14.435999870300293,-0.3475307355977013
2023-06-28,137.78411865234375,151.48036193847656,13.430000305175781,14.23449993133545,-0.2448503538943839
2023-06-29,138.9581298828125,151.816650390625,13.539999961853027,14.01449990272522,-0.15422334845556102
2023-06-30,139.94532775878906,154.57620239257812,13.59000015258789,13.9114999294281,-0.04207681653687267
2023-07-03,139.82083129882812,158.47402954101562,13.569999694824219,13.859999895095825,0.0053915718772099145
2023-07-05,139.0203857421875,155.1970672607422,14.180000305175781,13.832499933242797,-0.10062312773110027
2023-07-06,135.96978759765625,154.60206604003906,15.4399995803833,13.906499910354615,-0.3320659789486237
2023-07-07,137.1615753173828,155.01597595214844,14.829999923706055,13.950999927520751,-0.23901425472102736
2023-07-10,138.07763671875,156.36988830566406,15.069999694824219,14.021999931335449,-0.1524605922230367
2023-07-11,140.63015747070312,159.74163818359375,14.84000015258789,14.07249994277954,0.08289718217474444
2023-07-12,141.9820556640625,160.81961059570312,13.539999961853027,13.9989999294281,0.1972792174944302
2023-07-13,140.08763122558594,159.84515380859375,13.609999656677246,13.948999929428101,0.04477440536013728
2023-07-14,136.59234619140625,159.75892639160156,13.34000015258789,13.92199993133545,-0.21176456009991823
2023-07-17,136.46783447265625,157.58580017089844,13.479999542236328,13.870999908447265,-0.2523928262671442
2023-07-18,136.74354553222656,159.1638946533203,13.300000190734863,13.858999919891357,-0.20935580118276467
2023-07-19,137.5795440673828,160.41429138183594,13.760000228881836,13.852999925613403,-0.13015186364769046
2023-07-20,139.1004180908203,161.20767211914062,13.989999771118164,13.892499923706055,-0.007557922329492784
2023-07-21,141.13711547851562,161.51812744140625,13.600000381469727,13.926999950408936,0.14570286627854423
2023-07-24,143.9208984375,162.41494750976562,13.90999984741211,13.950499963760375,0.36203782939245377
2023-07-25,144.57904052734375,159.26736450195312,13.859999656677246,13.930999946594238,0.36443249665138644
2023-07-26,143.49400329589844,159.00865173339844,13.1899995803833,13.903499937057495,0.2814296509635892
2023-07-27,141.99984741210938,160.84547424316406,14.40999984741211,13.952499914169312,0.1989539936810433
2023-07-28,141.29718017578125,162.0269012451172,13.329999923706055,13.941999912261963,0.1647764413391981
2023-07-31,145.55738830566406,161.3715057373047,13.630000114440918,13.943999910354615,0.4664219787360876
2023-08-01,144.3478240966797,159.96588134765625,13.930000305175781,13.961999940872193,0.357681141612006
2023-08-02,142.06207275390625,158.11183166503906,16.09000015258789,14.057499933242799,0.16383093349890732
2023-08-03,142.00869750976562,156.51644897460938,15.920000076293945,14.08149995803833,0.1367819449401674
2023-08-04,141.6885528564453,156.0335693359375,17.100000381469727,14.194999980926514,0.10639224158956732
2023-08-07,142.2043914794922,157.07701110839844,15.770000457763672,14.230000019073486,0.1592093014569671
2023-08-08,141.99090576171875,155.69725036621094,15.989999771118164,14.2875,0.12359509352823066
2023-08-09,142.17771911621094,154.6796875,15.960000038146973,14.408500003814698,0.12247367479682394
2023-08-10,143.0404052734375,155.55067443847656,15.850000381469727,14.520500040054321,0.19812120449037235
2023-08-11,145.99317932128906,153.68849182128906,14.84000015258789,14.595500040054322,0.38676303607064483
2023-08-14,145.88645935058594,152.7225799560547,14.819999694824219,14.662500047683716,0.3649521137161989
2023-08-15,141.62628173828125,150.76473999023438,16.459999084472656,14.820499992370605,0.02538817294227805
2023-08-16,141.08375549316406,148.57192993164062,16.780000686645508,14.971500015258789,-0.04605656157369483
2023-08-17,143.44532775878906,148.57192993164062,17.889999389648438,15.166499996185303,0.1264273400758266
2023-08-18,144.47793579101562,149.00701904296875,17.299999237060547,15.351499938964844,0.20816027077516341
2023-08-21,143.99310302734375,146.6140594482422,17.1299991607666,15.512499904632568,0.13802496996802513
2023-08-22,142.80780029296875,145.19566345214844,16.969999313354492,15.667999887466431,0.030870807477824398
2023-08-23,142.9963836669922,146.9534149169922,15.979999542236328,15.807499885559082,0.07015122387048459
2023-08-24,141.820068359375,145.31752014160156,17.200000762939453,15.94699993133545,-0.03950263976434149
2023-08-25,142.87960815429688,146.94473266601562,15.680000305175781,16.064499950408937,0.06149621625801702
2023-08-28,143.8583984375,146.91860961914062,15.079999923706055,16.136999940872194,0.13260577543647287
2023-08-29,143.6339111328125,149.45082092285156,14.449999809265137,16.16299991607666,0.15295462143323357
2023-08-30,143.83145141601562,149.67703247070312,13.880000114440918,16.05249991416931,0.17066507069871853
2023-08-31,144.6575469970703,147.40589904785156,13.569999694824219,15.934999895095824,0.19804483207314627
2023-09-01,147.53094482421875,146.1876678466797,13.09000015258789,15.734499883651733,0.39023357605130865
2023-09-05,149.47047424316406,142.68093872070312,14.010000228881836,15.646499872207642,0.48100631265426735
2023-09-06,149.62313842773438,141.23643493652344,14.449999809265137,15.56949987411499,0.4711953805773897
2023-09-07,149.63211059570312,141.17552185058594,14.399999618530273,15.491499853134155,0.4709667783050807
2023-09-08,150.1439208984375,140.13133239746094,13.84000015258789,15.390999841690064,0.493196024130938
2023-09-11,147.04603576660156,140.00079345703125,13.800000190734863,15.338999843597412,0.2650392454542413
2023-09-12,149.78477478027344,136.24168395996094,14.229999542236328,15.309499835968017,0.4105221559239015
2023-09-13,149.23699951171875,137.3468017578125,13.479999542236328,15.160499858856202,0.3865502408331631
2023-09-14,150.16188049316406,139.861572265625,12.819999694824219,14.962499809265136,0.4905932659258212
2023-09-15,149.50637817382812,139.65274047851562,13.789999961853027,14.757499837875367,0.4396865019585133
2023-09-18,150.15289306640625,137.868896484375,14.0,14.59249987602234,0.46102114740420297
2023-09-19,150.1349639892578,137.4947509765625,14.109999656677246,14.44149990081787,0.4542824266193242
2023-09-20,149.677001953125,137.17276000976562,15.140000343322754,14.349999952316285,0.4161615068804518
2023-09-21,148.33009338378906,135.2496795654297,17.540000915527344,14.428000020980836,0.2898805487089073
2023-09-22,149.30885314941406,133.8139190673828,17.200000762939453,14.428000020980836,0.34053264481128526
2023-09-25,151.4908447265625,134.27511596679688,16.899999618530273,14.48899998664856,0.5065928021154799
2023-09-26,150.6737060546875,132.17800903320312,18.940000534057617,14.682000017166137,0.41647974354695894
2023-09-27,153.58302307128906,132.62184143066406,18.219999313354492,14.870499992370606,0.6354101312498185
2023-09-28,153.17897033691406,135.31060791015625,17.34000015258789,15.043499994277955,0.6449156945399499
2023-09-29,151.41001892089844,135.632568359375,17.520000457763672,15.241000032424926,0.5203874452262008
2023-10-02,149.54229736328125,134.9451446533203,17.610000610351562,15.467000055313111,0.3739980851698708
2023-10-03,149.89251708984375,133.78782653808594,19.780000686645508,15.755500078201294,0.3827835116520872
2023-10-04,146.39952087402344,133.76171875,18.579999923706055,15.96200008392334,0.12728411161181663
2023-10-05,147.1717529296875,133.46588134765625,18.489999771118164,16.166500091552734,0.17939330246794444
2023-10-06,145.6721954345703,134.2403106689453,17.450000762939453,16.347000122070312,0.08110674738171372
2023-10-09,149.7039337158203,134.3012237548828,17.700000762939453,16.542000150680543,0.37645970975180176
2023-10-10,149.54229736328125,135.3541259765625,17.030000686645508,16.682000207901,0.3799328088247486
2023-10-11,144.6575469970703,135.13658142089844,16.09000015258789,16.81250023841858,0.020004893787856
2023-10-12,144.7742919921875,135.20620727539062,16.690000534057617,17.00600028038025,0.029542024451262233
2023-10-13,147.3154296875,134.9451446533203,19.31999969482422,17.28250026702881,0.21135270235991557
2023-10-16,148.5186309814453,136.31129455566406,17.209999084472656,17.44300022125244,0.3190559926806562
2023-10-17,150.48513793945312,136.77249145507812,17.8799991607666,17.63150019645691,0.4693776403504655
2023-10-18,151.67941284179688,133.8487548828125,19.219999313354492,17.835500144958495,0.5141784699507622
2023-10-19,151.84103393554688,132.31723022460938,21.399999618530273,18.028500080108643,0.5037589712973906
2023-10-20,149.80270385742188,132.230224609375,21.709999084472656,18.253999996185303,0.3536214110047014
2023-10-23,144.28042602539062,128.92361450195312,20.3700008392334,18.42750005722046,-0.09769546700619255
2023-10-24,140.66171264648438,129.93299865722656,18.969999313354492,18.428999996185304,-0.34735095190981263
2023-10-25,139.96133422851562,127.8532943725586,20.190000534057617,18.527500057220458,-0.4286835757309489
2023-10-26,138.95565795898438,120.2654800415039,20.68000030517578,18.694500064849855,-0.6122425913362773
2023-10-27,129.61712646484375,117.32430267333984,21.270000457763672,18.882000064849855,-1.3369872223238566
2023-10-30,131.17953491210938,120.76145935058594,19.75,18.989000034332275,-1.1729958958523943
2023-10-31,130.85626220703125,122.91078186035156,18.139999389648438,18.90699996948242,-1.1654182075052673
2023-11-01,129.28485107421875,121.6490249633789,16.8700008392334,18.82150001525879,-1.2984998665874086
2023-11-02,133.57701110839844,123.55467987060547,15.65999984741211,18.680000019073486,-0.9573572588261269
2023-11-03,132.5443572998047,124.31172180175781,14.90999984741211,18.55299997329712,-1.0217945319822228
2023-11-06,131.99664306640625,123.79833221435547,14.890000343322754,18.412499952316285,-1.0692481327479992
2023-11-07,129.67098999023438,123.4328842163086,14.8100004196167,18.301499938964845,-1.244411590002813
2023-11-08,127.86611938476562,123.51990509033203,14.449999809265137,18.219499921798707,-1.3749725014349752
2023-11-09,127.45308685302734,121.77953338623047,15.289999961853027,18.149499893188477,-1.430393979577338
2023-11-10,128.36000061035156,121.58586120605469,14.170000076293945,17.891999912261962,-1.3669654231247992
2023-11-13,129.30284118652344,121.6386947631836,14.760000228881836,17.76949996948242,-1.2973358108641049
2023-11-14,130.2456817626953,126.04048156738281,14.15999984741211,17.5835000038147,-1.1645985840435689
2023-11-15,130.70359802246094,129.56190490722656,14.180000305175781,17.33150005340576,-1.080054078389226
2023-11-16,128.63487243652344,129.33299255371094,14.319999694824219,16.97750005722046,-1.2344708650633467
2023-11-17,131.07565307617188,130.2749481201172,13.800000190734863,16.58200011253357,-1.0425330555095889
2023-11-20,131.00303649902344,131.6747589111328,13.40999984741211,16.234000062942506,-1.0275241666275194
2023-11-21,130.6945343017578,131.85084533691406,13.350000381469727,15.953000116348267,-1.0475012817073133
2023-11-22,130.95767211914062,132.71356201171875,12.850000381469727,15.586000108718872,-1.0157634176177723
2023-11-24,131.474853515625,133.8404083251953,12.460000038146973,15.175000095367432,-0.9616380022005442
2023-11-27,130.9849090576172,131.6923370361328,12.6899995803833,14.746000051498413,-1.0285930779979067
2023-11-28,132.02833557128906,132.7047882080078,12.6899995803833,14.393000030517578,-0.9376918951086078
2023-11-29,130.5766143798828,134.06930541992188,12.979999542236328,14.135000038146973,-1.023921835533066
2023-11-30,130.29530334472656,133.47067260742188,12.920000076293945,13.9375,-1.0531549122492083
2023-12-01,131.39320373535156,136.3758544921875,12.630000114440918,13.78600001335144,-0.9308096851349857
2023-12-04,131.4476318359375,137.2650146484375,13.079999923706055,13.694500017166138,-0.9139317860429248
2023-12-05,129.62387084960938,135.71559143066406,12.850000381469727,13.592500019073487,-1.0696188311087778
2023-12-06,129.3244171142578,136.71035766601562,12.970000267028809,13.500500011444093,-1.0770552129221878
2023-12-07,129.224609375,137.77561950683594,13.0600004196167,13.43100004196167,-1.0688869413515936
2023-12-08,130.9395294189453,137.59954833984375,12.350000381469727,13.284000062942505,-0.9461880235238919
2023-12-11,130.97581481933594,137.14175415039062,12.630000114440918,13.207000064849854,-0.9501808665164143
2023-12-12,129.29721069335938,136.7808074951172,12.069999694824219,13.072500038146973,-1.0780200116993148
2023-12-13,131.2117462158203,138.4359130859375,12.1899995803833,12.974000024795533,-0.9141694438474747
2023-12-14,136.03880310058594,142.93450927734375,12.479999542236328,12.88899998664856,-0.49633303532461875
2023-12-15,135.5125732421875,143.44508361816406,12.279999732971191,12.786999988555909,-0.5273587361606074
2023-12-18,135.8119659423828,142.23899841308594,12.5600004196167,12.725,-0.522993259551204
2023-12-19,137.5904083251953,142.2830352783203,12.529999732971191,12.680999994277954,-0.3924608283120231
2023-12-20,136.3291778564453,138.18057250976562,13.670000076293945,12.696999979019164,-0.5441090454809966
2023-12-21,136.74656677246094,138.3566436767578,13.649999618530273,12.736999940872192,-0.5110689354204456
2023-12-22,137.05503845214844,139.3162078857422,13.029999732971191,12.765499925613403,-0.47461463492877326
2023-12-26,138.28904724121094,139.12252807617188,12.989999771118164,12.780499935150146,-0.38729590723066026
2023-12-27,137.83538818359375,138.07493591308594,12.430000305175781,12.767499971389771,-0.435631738425614
2023-12-28,135.8936767578125,138.48870849609375,12.470000267028809,12.742000007629395,-0.571445703551064
2023-12-29,135.3401641845703,138.41827392578125,12.449999809265137,12.718499994277954,-0.6128950863891739
2024-01-02,135.63052368164062,139.39547729492188,13.199999809265137,12.746999979019165,-0.5775076971199102
2024-01-03,138.2164764404297,138.69119262695312,14.039999961853027,12.794999980926514,-0.3988554186661771
2024-01-04,136.70118713378906,138.2069854736328,14.130000114440918,12.858999967575073,-0.5165550502833642
2024-01-05,136.4652862548828,139.72999572753906,13.350000381469727,12.877999973297118,-0.5116843317125717
2024-01-08,135.64866638183594,140.78640747070312,13.079999923706055,12.878999948501587,-0.5559988222302904
2024-01-09,132.2007598876953,140.8040313720703,12.760000228881836,12.899499940872193,-0.8075703808088797
2024-01-10,131.1118927001953,141.93087768554688,12.6899995803833,12.902499914169312,-0.8707471246507905
2024-01-11,131.81964111328125,140.19656372070312,12.4399995803833,12.920999908447266,-0.844221391510302
2024-01-12,133.62525939941406,139.36904907226562,12.699999809265137,12.946499919891357,-0.7243511684987319
2024-01-16,130.376953125,136.74559020996094,13.84000015258789,13.014499950408936,-0.9996691021240323
2024-01-17,129.85980224609375,136.06771850585938,14.789999961853027,13.139999961853027,-1.0472772227994651
2024-01-18,128.68023681640625,137.80203247070312,14.130000114440918,13.218499946594239,-1.1082634046302826
2024-01-19,129.06129455566406,138.1189422607422,13.300000190734863,13.256999969482422,-1.075833133850611
2024-01-22,129.28814697265625,139.62437438964844,13.1899995803833,13.23299994468689,-1.0374190362535525
2024-01-23,128.92520141601562,140.90968322753906,12.550000190734863,13.17799997329712,-1.045276656584683
2024-01-24,131.4929962158203,137.8460693359375,13.140000343322754,13.183500003814697,-0.9021867958265375
2024-01-25,134.80484008789062,140.6015625,13.449999809265137,13.206500005722045,-0.6203122712933684
2024-01-26,135.32200622558594,140.24061584472656,13.260000228881836,13.248000001907348,-0.5877773183734992
2024-01-29,135.267578125,139.11373901367188,13.600000381469727,13.304500007629395,-0.608104721618803
2024-01-30,136.2112274169922,127.70436096191406,13.3100004196167,13.347500038146972,-0.7047440739777672
2024-01-31,133.77044677734375,124.92243194580078,14.350000381469727,13.405000066757202,-0.9233817187947977
2024-02-01,134.1878204345703,125.37142944335938,13.880000114440918,13.397000074386597,-0.8863822921062081
2024-02-02,138.1348114013672,124.87842559814453,13.850000381469727,13.383000087738036,-0.6052569648015227
2024-02-05,138.2164764404297,122.43982696533203,13.670000076293945,13.399000072479248,-0.6346788138556964
2024-02-06,138.23460388183594,128.46144104003906,13.0600004196167,13.39800009727478,-0.5459752483651162
2024-02-07,138.03497314453125,129.62353515625,12.829999923706055,13.40150008201599,-0.5436926908701513
2024-02-08,139.78616333007812,130.22215270996094,12.789999961853027,13.406500101089478,-0.4071031840318374
2024-02-09,137.0459747314453,128.76077270507812,12.930000305175781,13.431000137329102,-0.6284464368456004
2024-02-12,137.98960876464844,129.80838012695312,13.930000305175781,13.492500162124633,-0.544323719248949
2024-02-13,136.64674377441406,127.56346893310547,15.850000381469727,13.593000173568726,-0.6749794261419688
2024-02-14,137.01878356933594,126.96485900878906,14.380000114440918,13.57250018119812,-0.6564929025275889
2024-02-15,141.67837524414062,129.3946075439453,14.010000228881836,13.566500186920166,-0.2809088009590078
2024-02-16,141.8343048095703,132.1187286376953,14.239999771118164,13.613500165939332,-0.22999036549398616
2024-02-20,141.25643920898438,132.32345581054688,15.420000076293945,13.725000190734864,-0.26922556927275615
2024-02-21,142.57730102539062,131.99407958984375,15.34000015258789,13.864500188827515,-0.17753238191250353
2024-02-22,142.568115234375,133.2938232421875,14.539999961853027,13.934500169754028,-0.15934272494150092
2024-02-23,141.86183166503906,132.3145751953125,13.75,13.949500179290771,-0.22513793884947758
2024-02-26,141.66921997070312,131.3086395263672,13.739999771118164,13.973500156402588,-0.25380298359396897
2024-02-27,139.5687255859375,131.99407958984375,13.430000305175781,13.96500015258789,-0.39727193329415955
2024-02-28,139.73379516601562,131.54896545410156,13.84000015258789,13.99150013923645,-0.3916746707008555
2024-02-29,139.43113708496094,131.98519897460938,13.399999618530273,13.944000101089477,-0.4074499529995801
2024-03-01,140.1649169921875,131.80714416503906,13.109999656677246,13.905500078201294,-0.3564400782142744
2024-03-04,136.56011962890625,134.0772247314453,13.489999771118164,13.887500047683716,-0.5867852164989642
2024-03-05,137.2113800048828,133.23150634765625,14.460000038146973,13.927000045776367,-0.5514908408623946
2024-03-06,136.05564880371094,135.80429077148438,14.5,13.999000024795532,-0.5985691885425363
2024-03-07,137.00958251953125,136.56985473632812,14.4399995803833,14.079500007629395,-0.5177869350237244
2024-03-08,137.4773712158203,137.05950927734375,14.739999771118164,14.17699999809265,-0.4765153338813766
2024-03-11,139.42193603515625,137.76275634765625,15.220000267028809,14.291499996185303,-0.3242839029665611
2024-03-12,139.32106018066406,140.10406494140625,13.84000015258789,14.286999988555909,-0.2976769431867594
2024-03-13,141.15554809570312,137.77163696289062,13.75,14.181999969482423,-0.1975359291308618
2024-03-14,142.81578063964844,136.99717712402344,14.399999618530273,14.18299994468689,-0.08751447440860087
2024-03-15,142.67820739746094,136.5342559814453,14.40999984741211,14.202999925613403,-0.10427995693545532
2024-03-18,142.54977416992188,135.0386505126953,14.329999923706055,14.207499933242797,-0.13536314477891925
2024-03-19,143.65965270996094,136.38290405273438,13.819999694824219,14.127499914169311,-0.03479367539643606
2024-03-20,141.76095581054688,137.77163696289062,13.039999961853027,14.012499904632568,-0.15331831772639568
2024-03-21,142.0452880859375,138.27020263671875,12.920000076293945,13.931499910354614,-0.12531664964150852
2024-03-22,141.86183166503906,139.1159210205078,13.0600004196167,13.896999931335449,-0.1264436815327882
2024-03-25,143.5220489501953,139.38296508789062,13.1899995803833,13.869499921798706,-0.0013100891126727786
2024-03-26,142.4213409423828,128.005859375,13.239999771118164,13.859999895095825,-0.24679637528551607
2024-03-27,143.41200256347656,131.1572723388672,12.779999732971191,13.80699987411499,-0.1287105689780042
2024-03-28,144.6869659423828,132.3145751953125,13.010000228881836,13.787499904632568,-0.018796515411779922
2024-04-01,145.9160919189453,131.41543579101562,13.649999618530273,13.81449990272522,0.05792866597952428
2024-04-02,146.5581512451172,132.77748107910156,14.609999656677246,13.870499897003175,0.12458785301693122
2024-04-03,147.16354370117188,135.55499267578125,14.329999923706055,13.863999891281129,0.20910879134952587
2024-04-04,147.39283752441406,133.5341796875,16.350000381469727,13.956499910354614,0.19653189815135075
2024-04-05,148.2275390625,134.74488830566406,16.030000686645508,14.035999965667724,0.27506519220189196
2024-04-08,147.9248504638672,133.63209533691406,15.1899995803833,14.058499956130982,0.23680977397004552
2024-04-09,148.5944366455078,134.04164123535156,14.979999542236328,14.046499919891357,0.29165775175975883
2024-04-10,149.20899963378906,131.094970703125,15.800000190734863,14.144499921798706,0.29378493872744715
2024-04-11,148.49354553222656,132.65286254882812,14.90999984741211,14.202499914169312,0.26413634000933983
2024-04-12,145.80601501464844,129.0029296875,17.309999465942383,14.347999906539917,0.014881047093413249
2024-04-15,144.54937744140625,128.94952392578125,19.229999542236328,14.588999891281128,-0.07767589197614083
2024-04-16,143.3477783203125,127.20465850830078,18.399999618530273,14.792499876022339,-0.19075770004600423
2024-04-17,143.45785522460938,126.63493347167969,18.209999084472656,15.01199984550476,-0.19098520568483376
2024-04-18,144.53102111816406,127.07111358642578,18.0,15.259999847412109,-0.10627418890684358
2024-04-19,146.75994873046875,127.09782409667969,18.709999084472656,15.549499797821046,0.056909242943501005
2024-04-22,148.5210723876953,129.40354919433594,16.940000534057617,15.743499803543092,0.2189960876162261
2024-04-23,149.37411499023438,132.52822875976562,15.6899995803833,15.868499803543092,0.32664258373518207
2024-04-24,150.0345458984375,130.52520751953125,15.970000267028809,16.004999828338622,0.3458131448156508
2024-04-25,151.60304260253906,131.210693359375,15.369999885559082,16.13449983596802,0.47031967739719527
2024-04-26,152.1625518798828,131.38873291015625,15.029999732971191,16.235499811172485,0.5137685006848633
2024-04-29,152.566162109375,132.2433624267578,14.670000076293945,16.28649983406067,0.5556487996511177
2024-04-30,147.9248504638672,131.29080200195312,15.649999618530273,16.33849983215332,0.2028352911554122
2024-05-01,146.4205780029297,129.9020538330078,15.390000343322754,16.391499853134157,0.07281451994431806
2024-05-02,147.42953491210938,131.059326171875,14.680000305175781,16.307999849319458,0.1632996192373326
2024-05-03,146.9892578125,130.3560791015625,13.489999771118164,16.18099980354309,0.12093796401334511
2024-05-06,148.86962890625,130.5697021484375,13.489999771118164,16.095999813079835,0.2613759012507292
2024-05-07,149.20899963378906,130.94363403320312,13.229999542236328,16.008499813079833,0.29158889391123116
2024-05-08,149.08978271484375,131.54896545410156,13.0,15.868499803543092,0.29166551740011276
2024-05-09,151.75897216796875,131.80714416503906,12.6899995803833,15.75749979019165,0.4903635118208269
2024-05-10,152.09832763671875,132.6532440185547,12.550000190734863,15.519499826431275,0.5274270144132334
2024-05-13,150.9150848388672,135.5607147216797,13.600000381469727,15.237999868392944,0.4831959109399069
2024-05-14,150.0712127685547,133.1663360595703,13.420000076293945,14.988999891281129,0.38681659845349187
2024-05-15,149.55755615234375,133.1663360595703,12.449999809265137,14.700999927520751,0.34930027995594815
2024-05-16,149.25181579589844,134.71458435058594,12.420000076293945,14.42199993133545,0.3494363097985773
2024-05-17,150.7156982421875,134.33653259277344,11.989999771118164,14.085999965667725,0.4508690705663883
2024-05-20,149.2981414794922,132.85128784179688,12.149999618530273,13.846499919891357,0.32578155711557893
2024-05-21,148.214111328125,130.8979949951172,11.859999656677246,13.654999923706054,0.21826223269452125
2024-05-22,145.99050903320312,129.4127960205078,12.289999961853027,13.470999908447265,0.034303639315138426
2024-05-23,145.40679931640625,125.20914459228516,12.770000457763672,13.340999937057495,-0.06932834074838433
2024-05-24,146.1572723388672,124.81307220458984,11.930000305175781,13.185999965667724,-0.020262889318837688
2024-05-28,147.35247802734375,123.84092712402344,12.920000076293945,13.098499965667724,0.0529254462870236
2024-05-29,145.3697052001953,120.98747253417969,14.279999732971191,13.02999997138977,-0.13329824974522642
2024-05-30,146.62977600097656,123.19284057617188,14.470000267028809,12.983999967575073,-0.009263453611520624
2024-05-31,150.37290954589844,125.05611419677734,12.920000076293945,12.895999956130982,0.2911645056511753
2024-06-03,145.8885955810547,124.59703826904297,13.109999656677246,12.876999950408935,-0.04302129871258716
2024-06-04,144.6563262939453,122.08564758300781,13.15999984741211,12.860499954223632,-0.16946622646321483
2024-06-05,143.59080505371094,123.83192443847656,12.630000114440918,12.830499982833862,-0.22194928503175296
2024-06-06,144.4709930419922,123.82292938232422,12.579999923706055,12.809499979019165,-0.15779287056280733
2024-06-07,144.6099853515625,123.89494323730469,12.220000267028809,12.78600001335144,-0.14659619407593863
2024-06-10,145.2214813232422,123.93091583251953,12.739999771118164,12.795499992370605,-0.10141191220168895
2024-06-11,144.98988342285156,123.6339111328125,12.850000381469727,12.757999992370605,-0.12263713154149848
2024-06-12,142.8866729736328,122.8057632446289,12.039999961853027,12.68899998664856,-0.2882681152056481
2024-06-13,141.60809326171875,121.4195556640625,11.9399995803833,12.663499975204468,-0.40176793159274504
2024-06-14,141.35794067382812,122.1036605834961,12.65999984741211,12.675499963760377,-0.4101114720740515
2024-06-17,141.932373046875,122.28369903564453,12.75,12.713499975204467,-0.365543693562534
2024-06-18,142.0620880126953,120.79845428466797,12.300000190734863,12.721000003814698,-0.3776219764549284
2024-06-20,145.1288299560547,123.20181274414062,13.279999732971191,12.792000007629394,-0.1187589658915851
2024-06-21,143.86878967285156,122.95879364013672,13.199999809265137,12.8375,-0.21431590841125892
2024-06-24,147.6026153564453,124.75907135009766,13.329999923706055,12.86549997329712,0.08451809270082587
2024-06-25,146.8151092529297,120.9424819946289,12.84000015258789,12.910999965667724,-0.028382061270882386
2024-06-26,144.48953247070312,124.35400390625,12.550000190734863,12.892499971389771,-0.14873237578642565
2024-06-27,144.8323516845703,122.26567077636719,12.239999771118164,12.79049997329712,-0.15399741505613015
2024-06-28,144.9250030517578,123.183837890625,12.4399995803833,12.688999938964844,-0.1339068552868514
2024-07-01,145.01766967773438,122.37371063232422,12.220000267028809,12.653999948501587,-0.13889444240634433
2024-07-02,145.23077392578125,121.43755340576172,12.029999732971191,12.599999952316285,-0.13691435730839807
2024-07-03,145.19369506835938,122.01364135742188,12.09000015258789,12.546499967575073,-0.13126290709246483
2024-07-05,142.97007751464844,122.73377227783203,12.479999542236328,12.538999938964844,-0.2832210961632933
2024-07-08,142.98858642578125,121.9956283569336,12.369999885559082,12.528499937057495,-0.2925804457473965
2024-07-09,141.73779296875,120.8704833984375,12.510000228881836,12.542999935150146,-0.40026253992161986
2024-07-10,143.7298126220703,122.1036605834961,12.850000381469727,12.548499965667725,-0.23687530488117858
2024-07-11,143.85025024414062,124.43502044677734,12.920000076293945,12.551999950408936,-0.194248474815411
2024-07-12,144.156005859375,128.13458251953125,12.460000038146973,12.572999954223633,-0.11823246951948375
2024-07-15,146.42596435546875,129.75482177734375,13.119999885559082,12.631999969482422,0.07107144415965974
2024-07-16,146.17578125,132.61727905273438,13.1899995803833,12.658499956130981,0.09433572273550084
2024-07-17,149.3815155029297,132.6622772216797,14.479999542236328,12.744999933242799,0.32912827627163327
2024-07-18,150.067138671875,130.30392456054688,15.930000305175781,12.926499938964843,0.344982612658229
2024-07-19,147.45437622070312,130.6819610595703,16.520000457763672,13.088499975204467,0.15963803112871283
2024-07-22,145.453125,130.6819610595703,14.90999984741211,13.173999977111816,0.013471164354306417
2024-07-23,142.76620483398438,114.9295654296875,14.720000267028809,13.243499994277954,-0.4113582590630137
2024-07-24,143.67420959472656,115.6946792602539,18.040000915527344,13.503500032424927,-0.33393708452755033
2024-07-25,145.96270751953125,114.38948059082031,18.459999084472656,13.798999977111816,-0.1857300916838824
2024-07-26,146.2406463623047,115.9647216796875,16.389999389648438,14.00649995803833,-0.14257175991232904
2024-07-29,145.09178161621094,115.76668548583984,16.600000381469727,14.214499998092652,-0.22935594590029668
2024-07-30,147.84352111816406,116.14474487304688,17.690000534057617,14.488000011444091,-0.022889095232948093
2024-07-31,148.6773681640625,117.3509292602539,16.360000610351562,14.70450005531311,0.05551613757162694
2024-08-01,141.4042510986328,117.53996276855469,18.59000015258789,15.029500055313111,-0.4729528340100448
2024-08-02,137.63336181640625,115.27161407470703,23.389999389648438,15.575000047683716,-0.7812860497060923
2024-08-05,134.0292205810547,113.4353256225586,38.56999969482422,16.885000038146973,-1.071170743275696
2024-08-06,132.7042999267578,112.06712341308594,27.709999084472656,17.644999980926514,-1.1877939216246798
2024-08-07,131.944580078125,111.00496673583984,27.850000381469727,18.394999980926514,-1.2586950868765214
2024-08-08,133.87173461914062,113.60636138916016,23.790000915527344,18.938500022888185,-1.0801912638506719
2024-08-09,134.33497619628906,113.25531005859375,20.3700008392334,19.334000062942504,-1.0514512480234115
2024-08-12,134.36277770996094,112.39117431640625,20.709999084472656,19.713500022888184,-1.0619601529031264
2024-08-13,133.5566864013672,113.85839080810547,18.1200008392334,19.96000008583069,-1.0995444775054062
2024-08-14,134.03848266601562,113.7953872680664,16.190000534057617,20.045500135421754,-1.0652694107916099
2024-08-15,136.011962890625,115.71267700195312,15.229999542236328,20.01050009727478,-0.8933091037705146
2024-08-16,136.44741821289062,116.70281982421875,14.800000190734863,19.92450008392334,-0.8471364790460939
2024-08-19,137.5623016357422,117.55060577392578,14.649999618530273,19.91150007247925,-0.7534057002840004
2024-08-20,135.557373046875,117.48680877685547,15.880000114440918,19.969500064849854,-0.9007669112686386
2024-08-21,136.14761352539062,116.59343719482422,16.270000457763672,19.88100004196167,-0.8706207861066831
2024-08-22,136.53173828125,115.62714385986328,17.549999237060547,19.835500049591065,-0.8565870543368405
2024-08-23,138.30242919921875,116.65725708007812,15.859999656677246,19.809000062942506,-0.7123118290180162
2024-08-26,139.12689208984375,117.83321380615234,16.149999618530273,19.786500024795533,-0.6350306269794085
2024-08-27,137.67471313476562,116.59343719482422,15.430000305175781,19.67350001335144,-0.7590848815457655
2024-08-28,136.7847137451172,115.94620513916016,17.110000610351562,19.71100001335144,-0.8334804032761886
2024-08-29,138.11505126953125,115.75476837158203,15.649999618530273,19.56399998664856,-0.7390934936710449
2024-08-30,138.6116180419922,117.18597412109375,15.0,19.144500017166138,-0.6820571672515584
2024-09-03,135.52928161621094,116.22879028320312,20.719999313354492,18.25199999809265,-0.9210737389364866
2024-09-04,133.10276794433594,117.52326965332031,21.31999969482422,17.932500028610228,-1.0795166377000427
2024-09-05,132.03469848632812,116.13764953613281,19.899999618530273,17.534999990463255,-1.1776327361736316
2024-09-06,129.81430053710938,116.26527404785156,22.3799991607666,17.46449990272522,-1.3379536268362269
2024-09-09,131.4444580078125,117.48680877685547,19.450000762939453,17.41849989891052,-1.2011649314421797
2024-09-10,129.505126953125,118.35282897949219,19.079999923706055,17.336999940872193,-1.3302424792180316
2024-09-11,129.17723083496094,117.14039611816406,17.690000534057617,17.315499925613402,-1.3717848711401066
2024-09-12,130.4232635498047,117.06746673583984,17.06999969482422,17.359499883651733,-1.28183573490202
2024-09-13,131.7349090576172,115.99177551269531,16.559999465942383,17.425999879837036,-1.2016454549996554
2024-09-16,133.12147521972656,117.51415252685547,17.139999389648438,17.542999839782716,-1.078282599105503
2024-09-17,134.35816955566406,119.10032653808594,17.610000610351562,17.690999889373778,-0.9649402851681523
2024-09-18,134.8734893798828,119.10032653808594,18.229999542236328,17.80849986076355,-0.9273024897162008
2024-09-19,135.83843994140625,120.44950103759766,16.329999923706055,17.81149983406067,-0.8372468243884281
2024-09-20,136.48489379882812,117.23155975341797,16.149999618530273,17.741499853134155,-0.8367268074167958
2024-09-23,138.2274932861328,117.35919189453125,15.890000343322754,17.742999887466432,-0.7075992101045707
2024-09-24,138.14315795898438,118.07022094726562,15.390000343322754,17.704999923706055,-0.703441136758163
2024-09-25,134.88282775878906,119.88428497314453,15.40999984741211,17.70399990081787,-0.915244423066069
2024-09-26,133.0277862548828,121.54341125488281,15.369999885559082,17.616999864578247,-1.0266568986052054
2024-09-27,136.306884765625,122.39118957519531,16.959999084472656,17.682499837875366,-0.7748568511817394
2024-09-30,137.97450256347656,124.28732299804688,16.729999542236328,17.768999814987183,-0.6255430436351181
2024-10-01,140.25115966796875,121.48873138427734,19.260000228881836,17.69599986076355,-0.4998714867658099
2024-10-02,141.4222412109375,121.251708984375,18.899999618530273,17.574999856948853,-0.41777776679048606
2024-10-03,141.7033233642578,119.16413879394531,20.489999771118164,17.604499864578248,-0.42754087044408023
2024-10-04,141.2255096435547,119.64730072021484,19.209999084472656,17.44599986076355,-0.4554281472501259
2024-10-07,141.58152770996094,119.60171508789062,22.639999389648438,17.605499792099,-0.43008688483040897
2024-10-08,139.3611297607422,119.3829345703125,21.420000076293945,17.722499799728393,-0.5954344552084474
2024-10-09,140.2042999267578,121.24259185791016,20.860000610351562,17.88099980354309,-0.5068657444343491
2024-10-10,141.11306762695312,121.09672546386719,20.93000030517578,18.07399983406067,-0.44260807092717974
2024-10-11,141.86257934570312,122.7011489868164,20.459999084472656,18.268999814987183,-0.3645836559526054
2024-10-14,142.1998748779297,122.67381286621094,19.700000762939453,18.396999883651734,-0.3403450266490945
2024-10-15,138.40550231933594,121.97187805175781,20.639999389648438,18.548499822616577,-0.6276631925514761
2024-10-16,139.34239196777344,123.83150482177734,19.579999923706055,18.615999841690062,-0.5322498654068681
2024-10-17,141.65646362304688,123.43954467773438,19.110000610351562,18.75499987602234,-0.3689230305001244
2024-10-18,141.23489379882812,123.91357421875,18.030000686645508,18.8489999294281,-0.39283490015154054
2024-10-21,141.35667419433594,119.72021484375,18.3700008392334,18.97299995422363,-0.44479012878873125
2024-10-22,141.3941650390625,119.72021484375,18.200000762939453,19.11349997520447,-0.4420518822109317
2024-10-23,140.98190307617188,119.79315185546875,19.239999771118164,19.30499997138977,-0.4711041761540455
2024-10-24,140.9538116455078,126.1196517944336,19.079999923706055,19.49049997329712,-0.381352137084237
2024-10-25,141.29110717773438,125.28097534179688,20.329999923706055,19.65900001525879,-0.36888685875551086
2024-10-28,141.03814697265625,123.37572479248047,19.799999237060547,19.8125,-0.4150095710653485
2024-10-29,139.14564514160156,122.43678283691406,19.34000015258789,19.816499996185303,-0.5668586049534143
2024-10-30,138.70529174804688,121.97187805175781,20.350000381469727,19.889000034332277,-0.6057672501363247
2024-10-31,139.4267120361328,122.20887756347656,23.15999984741211,20.022500038146973,-0.5496372451377535
2024-11-01,143.40846252441406,122.19976043701172,21.8799991607666,20.15600004196167,-0.25895148587604083
2024-11-04,144.2516326904297,121.24259185791016,21.979999542236328,20.123000049591063,-0.21125770545388184
2024-11-05,143.72698974609375,122.0083236694336,20.489999771118164,20.076500034332277,-0.2384649143148046
2024-11-06,147.76495361328125,122.08125305175781,16.270000457763672,19.84700002670288,0.057517119133452456
2024-11-07,146.87490844726562,122.29092407226562,15.199999809265137,19.56050000190735,-0.004447234526393867
2024-11-08,147.02479553222656,120.73210144042969,14.9399995803833,19.28450002670288,-0.016119879272046316
2024-11-11,146.6219482421875,119.97547912597656,14.970000267028809,19.048000001907347,-0.05652227339117877
2024-11-12,145.4883270263672,118.63542175292969,14.710000038146973,18.751500034332274,-0.1587649636246893
2024-11-13,148.7018280029297,121.86248016357422,14.020000457763672,18.473500061035157,0.12276969635818702
2024-11-14,151.58740234375,120.91441345214844,14.3100004196167,18.233500051498414,0.3197681394312956
2024-11-15,151.23141479492188,122.21800994873047,16.139999389648438,18.13899998664856,0.3126840882890312
2024-11-18,152.1494598388672,124.70037841796875,15.579999923706055,17.99949994087219,0.41575764631543505
2024-11-19,151.0515899658203,122.91932678222656,16.350000381469727,17.906999921798707,0.3097268902873489
2024-11-20,152.68893432617188,121.89501190185547,17.15999984741211,17.802999925613403,0.41445099993816237
2024-11-21,152.9728546142578,121.2305679321289,16.8700008392334,17.692499971389772,0.42554615676739294
2024-11-22,153.66375732421875,124.41431427001953,15.239999771118164,17.437999963760376,0.5222074388430887
2024-11-25,151.7708740234375,126.92434692382812,14.600000381469727,17.178000020980836,0.4203785773375208
2024-11-26,153.82464599609375,124.54349517822266,14.100000381469727,16.916000032424925,0.5358329266562825
2024-11-27,153.42715454101562,125.20791625976562,14.100000381469727,16.603500032424925,0.5164424563055069
2024-11-29,153.25677490234375,125.24484252929688,13.510000228881836,16.121000051498413,0.5045341492237834
2024-12-02,153.52178955078125,123.67606353759766,13.34000015258789,15.694000101089477,0.5011256849189463
2024-12-03,153.247314453125,119.69871520996094,13.300000190734863,15.260000133514405,0.42336338453401395
2024-12-04,149.84014892578125,118.8404769897461,13.449999809265137,14.908000135421753,0.16205782812431765
2024-12-05,150.79605102539062,117.74232482910156,13.539999961853027,14.77150011062622,0.2159394829666141
2024-12-06,146.9251251220703,115.9151611328125,12.770000457763672,14.650000143051148,-0.09329815064125807
2024-12-09,148.66656494140625,118.60977935791016,14.1899995803833,14.612500143051147,0.07299425505118931
2024-12-10,148.59083557128906,120.16934204101562,14.180000305175781,14.573000144958495,0.0900939505851165
2024-12-11,147.84315490722656,119.15424346923828,13.579999923706055,14.51650013923645,0.02075495983901166
2024-12-12,146.4235076904297,119.02503967285156,13.920000076293945,14.511500120162964,-0.08480773970917065
2024-12-13,145.6284942626953,118.822021484375,13.8100004196167,14.486500120162964,-0.1458197187013489
2024-12-16,141.36004638671875,118.62823486328125,14.6899995803833,14.414000129699707,-0.46038954142182015
2024-12-17,140.177001953125,117.49317169189453,15.869999885559082,14.428500127792358,-0.5632673231043275
2024-12-18,136.3628692626953,114.2633056640625,27.6200008392334,14.992000150680543,-0.8887115074763534
2024-12-19,133.58978271484375,113.18360900878906,24.09000015258789,15.338500165939331,-1.1069189491106728
2024-12-20,135.19874572753906,115.97975158691406,18.360000610351562,15.41300015449524,-0.9488291311941984
2024-12-23,135.31231689453125,116.04434204101562,16.780000686645508,15.490000200271606,-0.9395968784066898
2024-12-24,136.13571166992188,116.51498413085938,14.270000457763672,15.473500204086303,-0.8726285023157804
2024-12-26,136.26820373535156,116.60726165771484,14.729999542236328,15.505000162124634,-0.8616125430436226
2024-12-27,136.28713989257812,116.3765640258789,15.949999809265137,15.597500133514405,-0.8635771398063032
2024-12-30,135.40696716308594,115.64753723144531,17.399999618530273,15.792000102996827,-0.9384418670739584
2024-12-31,137.08213806152344,116.36732482910156,17.350000381469727,15.992500114440919,-0.8056463399535054
2025-01-02,138.85198974609375,114.30946350097656,17.93000030517578,16.224000120162962,-0.7062419763483132
2025-01-03,139.93092346191406,114.23562622070312,16.1299991607666,16.358000087738038,-0.6285105478896066
2025-01-06,139.37254333496094,114.62319946289062,16.040000915527344,16.483000135421754,-0.6636692993293302
2025-01-07,141.57772827148438,115.33378601074219,17.81999969482422,16.73550009727478,-0.4922962609181188
2025-01-08,142.2497100830078,116.97638702392578,17.700000762939453,16.911000156402586,-0.4193804620100007
2025-01-10,144.9375762939453,113.76498413085938,19.540000915527344,17.179000186920167,-0.26966542135435395
2025-01-13,147.0292205810547,115.36146545410156,19.190000534057617,17.459500217437743,-0.09372992568591056
2025-01-14,148.4961700439453,116.12740325927734,18.709999084472656,17.69900016784668,0.024527263489739513
2025-01-15,149.849609375,117.631591796875,16.1200008392334,17.814500188827516,0.14520667771200174
2025-01-16,150.8433837890625,119.91094970703125,16.600000381469727,17.910000228881835,0.25086545372496233
2025-01-17,152.82142639160156,119.71714782714844,15.970000267028809,17.915000247955323,0.3925249584463034
2025-01-21,149.76443481445312,122.61481475830078,15.0600004196167,17.287000226974488,0.2112972159601463
2025-01-22,148.03244018554688,122.31951141357422,15.100000381469727,16.837500238418578,0.08051109847889663
2025-01-23,147.65386962890625,123.29769897460938,15.020000457763672,16.670500230789184,0.06705562985746177
2025-01-24,147.31314086914062,122.762451171875,14.850000381469727,16.574000215530397,0.034402596012930324
2025-01-27,148.80853271484375,125.74314880371094,17.899999618530273,16.755500173568727,0.18687550897000532
2025-01-28,147.84315490722656,124.96800231933594,16.40999984741211,16.839500188827515,0.10511835300792755
2025-01-29,147.3509979248047,123.45458221435547,16.559999465942383,16.870000171661378,0.04721109604529833
2025-01-30,147.947265625,106.03177642822266,15.84000015258789,16.792000198364256,-0.16206100900916628
2025-01-31,141.19915771484375,105.41348266601562,16.43000030517578,16.74600019454956,-0.6638996157758715
2025-02-03,141.3411102294922,102.70040130615234,18.6200008392334,16.780500221252442,-0.6929012197980571
2025-02-04,145.0133056640625,103.14334869384766,17.209999084472656,16.834500217437743,-0.41826475875083696
2025-02-05,144.79563903808594,103.26332092285156,15.770000457763672,16.821000194549562,-0.43242172148779934
2025-02-06,143.7639923095703,104.71215057373047,15.5,16.70500020980835,-0.48674691550836785
2025-02-07,144.44544982910156,104.37992858886719,16.540000915527344,16.647000217437743,-0.4417956679329993
2025-02-10,147.42674255371094,105.34888458251953,15.8100004196167,16.46050019264221,-0.2099882742175013
2025-02-11,149.0072784423828,105.69033813476562,16.020000457763672,16.302000188827513,-0.08959467568658595
2025-02-12,146.60330200195312,105.44116973876953,15.890000343322754,16.16100025177002,-0.26879136239807255
2025-02-13,147.5308380126953,106.71466827392578,15.100000381469727,16.110000228881837,-0.18256650442891675
2025-02-14,148.65045166015625,107.24989318847656,14.770000457763672,16.018500232696532,-0.09302581062512547
2025-02-18,149.43511962890625,108.0361557006836,15.350000381469727,15.98750023841858,-0.02430598836731179
2025-02-19,150.4590606689453,107.64302825927734,15.270000457763672,15.998000240325927,0.044775683173267904
2025-02-20,151.9518585205078,109.14067077636719,15.65999984741211,16.026000213623046,0.17553853957960472
2025-02-21,150.16241455078125,108.88793182373047,18.209999084472656,16.185500144958496,0.04117410351098289
2025-02-24,151.09063720703125,108.72881317138672,18.979999542236328,16.392000102996825,0.1066604196644791
2025-02-25,149.68392944335938,110.55406188964844,19.43000030517578,16.4685001373291,0.030403828295782358
2025-02-26,148.4590606689453,109.41211700439453,19.100000381469727,16.603000164031982,-0.07562856920359248
2025-02-27,149.92315673828125,110.10477447509766,21.1299991607666,16.831500148773195,0.04135684439657659
2025-02-28,151.7891845703125,111.41520690917969,19.6299991607666,17.021000099182128,0.19666297162503302
2025-03-03,146.49734497070312,111.6304931640625,22.780000686645508,17.338500118255617,-0.18671701777467825
2025-03-04,145.45428466796875,109.3185043334961,23.510000228881836,17.583000087738036,-0.29644903066187345
2025-03-05,144.31552124023438,111.40584564208984,21.93000030517578,17.819000148773192,-0.34933235042313354
2025-03-06,146.3633575439453,112.79116821289062,24.8700008392334,18.27400016784668,-0.17966061328853392
2025-03-07,149.60739135742188,113.83952331542969,23.3700008392334,18.66750020980835,0.07248895545007086
2025-03-10,150.784423828125,112.90348815917969,27.860000610351562,19.23350019454956,0.14487395102695924
2025-03-11,147.44471740722656,108.916015625,26.920000076293945,19.78900017738342,-0.156912830715837
2025-03-12,146.09542846679688,107.88639068603516,24.229999542236328,20.199500131607056,-0.27040272242655167
2025-03-13,146.9949493408203,107.85830688476562,24.65999984741211,20.638000106811525,-0.205111274249499
2025-03-14,150.2581024169922,109.2904281616211,21.770000457763672,20.97150011062622,0.054003549126631606
2025-03-17,151.8848876953125,110.50726318359375,20.510000228881836,21.25850009918213,0.19047774981043938
2025-03-18,153.8848876953125,111.2560806274414,21.700000762939453,21.576000118255614,0.34741931225796463
2025-03-19,156.98536682128906,109.95500946044922,19.899999618530273,21.807500076293945,0.5549914712813115
2025-03-20,157.6743621826172,109.49635314941406,19.799999237060547,22.014500045776366,0.5986585786181586
2025-03-21,157.65521240234375,107.73662567138672,19.280000686645508,22.06800012588501,0.5717245351240944
2025-03-24,157.91360473632812,108.391845703125,17.479999542236328,21.99300012588501,0.6001048182375665
2025-03-25,158.79397583007812,102.91608428955078,17.149999618530273,21.879000091552733,0.5849464175375758
2025-03-26,160.73654174804688,103.90827941894531,18.329999923706055,21.84050006866455,0.7412247754421102
2025-03-27,159.473388671875,103.90827941894531,18.690000534057617,21.7185001373291,0.6489669292054806
2025-03-28,158.93751525878906,102.64463806152344,21.649999618530273,21.819500160217284,0.5914912596999923
2025-03-31,160.08583068847656,102.95352172851562,22.280000686645508,21.794500160217286,0.6798438313691063
2025-04-01,161.25328063964844,102.27023315429688,21.770000457763672,21.707500171661376,0.7551965443518117
2025-04-02,159.3011474609375,103.15009307861328,21.510000228881836,21.68650016784668,0.6253847864221392
2025-04-03,149.3968505859375,93.71495056152344,30.020000457763672,21.944000148773192,-0.23491592905378658
2025-04-04,137.1097869873047,91.4591293334961,45.310001373291016,23.041000175476075,-1.1650694862231388
2025-04-07,134.1145782470703,89.44667053222656,46.97999954223633,23.99700012207031,-1.4130355324746866
2025-04-08,131.03323364257812,86.0395278930664,52.33000183105469,25.26750020980835,-1.6875309900206035
2025-04-09,139.74136352539062,93.28438568115234,33.619998931884766,25.73700017929077,-0.9463788071119836
2025-04-10,129.16722106933594,90.3826904296875,40.720001220703125,26.540000247955323,-1.760796745972164
2025-04-11,129.7892303466797,90.86943817138672,37.560001373291016,27.32950029373169,-1.7083034026281596
2025-04-14,129.49258422851562,92.35771179199219,30.889999389648438,27.84850025177002,-1.7083734419802776
2025-04-15,128.7461700439453,90.3265380859375,30.1200008392334,28.269500255584717,-1.7923641874504828
2025-04-16,129.53086853027344,88.17367553710938,32.63999938964844,28.906500244140624,-1.7662917489248477
2025-04-17,131.93276977539062,90.26101684570312,29.649999618530273,29.399000263214113,-1.5605729221011768
2025-04-21,127.97106170654297,90.09253692626953,33.81999969482422,30.126000213623048,-1.8523719371931036
2025-04-22,131.38731384277344,90.644775390625,30.56999969482422,30.780500221252442,-1.5948430746240945
2025-04-23,130.79400634765625,90.99111938476562,28.450000762939453,31.3455002784729,-1.6331511192886201
2025-04-24,133.0811004638672,92.59172058105469,26.469999313354492,31.75250024795532,-1.4428806263418459
2025-04-25,132.7557373046875,91.64633178710938,24.84000015258789,32.06000022888183,-1.4803629430269467
2025-04-28,134.0667266845703,90.8787841796875,25.149999618530273,32.23500022888184,-1.395749116478018
2025-04-29,133.3011932373047,90.54182434082031,24.170000076293945,32.32950019836426,-1.4565515701868306
2025-04-30,130.2007293701172,89.20330810546875,24.700000762939453,32.476000213623045,-1.702425639613423
2025-05-01,130.39208984375,88.54808044433594,24.600000381469727,32.63050022125244,-1.6979571047106101
2025-05-02,132.53564453125,90.23294067382812,22.68000030517578,32.26350021362305,-1.516947725330057
2025-05-05,129.6648406982422,89.44667053222656,23.639999389648438,31.18000011444092,-1.7380343076170295
2025-05-06,129.76052856445312,87.8086166381836,24.760000228881836,30.069000148773192,-1.7548152648296023
2025-05-07,129.9423370361328,87.94902038574219,23.549999237060547,28.630000019073485,-1.7394989876096423
2025-05-08,131.13851928710938,90.74774169921875,22.479999542236328,28.073000049591066,-1.6115203237343494
2025-05-09,132.52609252929688,89.75556945800781,21.899999618530273,27.131999969482422,-1.5245725106298667
2025-05-12,135.52127075195312,94.73522186279297,18.389999389648438,26.173499870300294,-1.2335517783231489
2025-05-13,136.21986389160156,93.42478942871094,18.219999313354492,25.539999866485594,-1.2015437852570787
2025-05-14,135.56912231445312,93.27501678466797,18.6200008392334,24.964999866485595,-1.2512458287729975
2025-05-15,136.1337127685547,93.93023681640625,17.829999923706055,24.224499893188476,-1.2005015269062886
2025-05-16,135.98062133789062,94.83818054199219,17.239999771118164,23.603999900817872,-1.1985078172525025
2025-05-19,134.1403045654297,94.29586791992188,18.139999389648438,22.81999988555908,-1.3407898883252423
2025-05-20,132.95860290527344,92.8116455078125,18.09000015258789,22.195999908447266,-1.448636242918551
2025-05-21,131.30230712890625,91.1942138671875,20.8700008392334,21.816999912261963,-1.5930788769877713
2025-05-22,131.04078674316406,92.25981903076172,20.280000686645508,21.507499980926514,-1.596716749728682
2025-05-23,132.2515411376953,90.73753356933594,22.290000915527344,21.380000019073485,-1.5303758530158404
2025-05-27,133.5010223388672,92.8116455078125,18.959999084472656,21.070499992370607,-1.4090191532369813
2025-05-28,131.7478790283203,92.04098510742188,19.309999465942383,20.82749996185303,-1.5482478238397606
2025-05-29,133.57852172851562,93.33493041992188,19.18000030517578,20.551499938964845,-1.3957653911248742
2025-05-30,132.40650939941406,92.80213165283203,18.56999969482422,20.249999904632567,-1.4890979604261083
2025-06-02,133.5106964111328,92.6308822631836,18.360000610351562,20.033999919891357,-1.410935634390448
2025-06-03,135.16700744628906,93.31590270996094,17.690000534057617,19.736499977111816,-1.2800220948235272
2025-06-04,133.0554656982422,93.76306915283203,17.610000610351562,19.378999996185303,-1.4277555049610435
2025-06-05,132.6002197265625,92.16468048095703,18.479999542236328,19.125500011444093,-1.4841998430851036
2025-06-06,135.8062744140625,93.47764587402344,16.770000457763672,18.840000057220458,-1.2309844267569103
2025-06-09,136.3389892578125,94.48615264892578,17.15999984741211,18.60300006866455,-1.1774417072458747
2025-06-10,138.84764099121094,97.483154296875,16.950000762939453,18.5310001373291,-0.9507259944297479
2025-06-11,140.23272705078125,96.24629211425781,17.260000228881836,18.483000183105467,-0.8675105326742667
2025-06-12,140.41676330566406,96.01795196533203,18.020000457763672,18.453000164031984,-0.8573823819843227
2025-06-13,141.32723999023438,95.14263916015625,20.81999969482422,18.60250015258789,-0.8035848772753278
2025-06-16,141.44346618652344,96.1796875,19.110000610351562,18.696000194549562,-0.7800473810555653
2025-06-17,144.17489624023438,94.82866668701172,21.600000381469727,18.869000244140626,-0.6001545510857281
2025-06-18,143.53562927246094,94.3910140991211,20.139999389648438,18.971500205993653,-0.6531959378826157
2025-06-20,144.85292053222656,94.44808959960938,20.6200008392334,18.959000205993654,-0.5561557390728652
2025-06-23,142.24740600585938,95.52320861816406,19.829999923706055,18.93650016784668,-0.7308555914870045
2025-06-24,139.04136657714844,95.7325210571289,17.479999542236328,18.69600009918213,-0.9619801358315843
2025-06-25,138.7313995361328,94.54324340820312,16.760000228881836,18.586000156402587,-1.0018770234322834
2025-06-26,139.90341186523438,95.71349334716797,16.59000015258789,18.450000190734862,-0.8992944069196875
2025-06-27,139.27383422851562,96.26531982421875,16.31999969482422,18.307000160217285,-0.9372697866286109
2025-06-30,138.69268798828125,96.03697967529297,16.729999542236328,18.21500015258789,-0.9830288362385925
2025-07-01,140.99794006347656,99.39551544189453,16.829999923706055,18.138500118255614,-0.7659227570482918
2025-07-02,143.33221435546875,100.41354370117188,16.639999389648438,18.086000061035158,-0.5806600404050587
2025-07-03,143.70997619628906,99.07202911376953,16.3799991607666,18.02449998855591,-0.5725358731955291
2025-07-07,142.77044677734375,95.95134735107422,17.790000915527344,17.99000005722046,-0.6864411588705077
2025-07-08,148.42703247070312,97.40703582763672,16.809999465942383,17.992000007629393,-0.252173442378461
2025-07-09,148.21392822265625,97.1882095336914,15.9399995803833,17.930999994277954,-0.270913481123709
2025-07-10,149.32781982421875,97.9207992553711,15.779999732971191,17.87249994277954,-0.1789267539934936
2025-07-11,150.4320068359375,96.3509521484375,16.399999618530273,17.829499912261962,-0.12105946463732914
2025-07-14,146.88693237304688,95.2568130493164,17.200000762939453,17.788499927520753,-0.39586073321380405
2025-07-15,145.95712280273438,94.69547271728516,17.3799991607666,17.61649990081787,-0.47191752668474424
2025-07-16,145.21128845214844,94.79061126708984,17.15999984741211,17.5189998626709,-0.5250110277409115
2025-07-17,146.6254425048828,94.66693115234375,16.520000457763672,17.264999866485596,-0.4235191322416566
2025-07-18,145.3275146484375,94.40052795410156,16.40999984741211,17.07849988937378,-0.5221826238374992
2025-07-21,144.97882080078125,94.09607696533203,16.649999618530273,16.879999828338622,-0.5520683195764201
2025-07-22,145.3275146484375,96.22726440429688,16.5,16.71349983215332,-0.4956748705341038
2025-07-23,148.310791015625,98.50117492675781,15.369999885559082,16.60799984931946,-0.2447864146851124
2025-07-24,150.93568420410156,97.54975128173828,15.390000343322754,16.539499855041505,-0.06687624632522607
2025-07-25,149.9767608642578,98.52971649169922,14.930000305175781,16.4564998626709,-0.12269357531795434
2025-07-28,151.3715362548828,96.64588928222656,15.029999732971191,16.391999864578246,-0.04815852937832148
2025-07-29,152.09799194335938,86.42757415771484,15.979999542236328,16.354499864578248,-0.14337771019170675
2025-07-30,148.73696899414062,82.94535827636719,15.479999542236328,16.28699984550476,-0.43938962904833195
2025-07-31,146.8772735595703,81.97489929199219,16.719999313354492,16.290999841690063,-0.589299901144006
2025-08-01,146.64480590820312,80.3955307006836,20.3799991607666,16.490999841690062,-0.6291970139943591
2025-08-04,146.29611206054688,80.89026641845703,17.520000457763672,16.47749981880188,-0.6474857198893829
2025-08-05,148.23329162597656,82.56478881835938,17.850000381469727,16.52949986457825,-0.4816995251984633
2025-08-06,147.98146057128906,82.06053161621094,16.770000457763672,16.570999908447266,-0.5074099672760208
2025-08-07,148.3495330810547,82.28887176513672,16.56999969482422,16.610499906539918,-0.4772133414399067
2025-08-08,150.14141845703125,82.46012878417969,15.149999618530273,16.547999906539918,-0.34385297405219056
2025-08-11,148.6304168701172,82.11760711669922,16.25,16.500499868392943,-0.45918344372374426
2025-08-12,149.58932495117188,83.18321228027344,14.729999542236328,16.367999887466432,-0.37368397914859464
2025-08-13,150.97439575195312,83.89677429199219,14.489999771118164,16.234499883651733,-0.26216704701048343
2025-08-14,150.28671264648438,84.24880981445312,14.829999923706055,16.149999856948853,-0.30728548327980804
2025-08-15,151.633056640625,84.18221282958984,15.09000015258789,16.08399987220764,-0.20991794853064985
2025-08-18,150.4416961669922,83.8623046875,14.989999771118164,16.000999879837035,-0.30157440897874943
2025-08-19,148.86488342285156,85.11282348632812,15.569999694824219,15.954499864578247,-0.39859498350192285
2025-08-20,150.0597381591797,84.27914428710938,15.6899995803833,15.970499849319458,-0.32342300370853144
2025-08-21,152.3416748046875,83.5133285522461,16.600000381469727,16.030999851226806,-0.16786825182034842
2025-08-22,154.91741943359375,86.10160827636719,14.220000267028809,15.995499849319458,0.05781681495581976
2025-08-25,154.93701171875,85.0546646118164,14.789999961853027,15.98349986076355,0.04405560274891427
2025-08-26,154.1143341064453,84.78323364257812,14.619999885559082,15.915499877929687,-0.019969642907215982
2025-08-27,155.95558166503906,85.17098999023438,14.850000381469727,15.883999919891357,0.12013764621835007
2025-08-28,156.03392028808594,84.59904479980469,14.430000305175781,15.769499969482421,0.11755983161009881
2025-08-29,157.2875213623047,84.76384735107422,15.359999656677246,15.518499994277954,0.21151146928748243
2025-09-02,158.4921417236328,82.6214828491211,17.170000076293945,15.500999975204468,0.2684063896795684
2025-09-03,154.79989624023438,82.67964935302734,16.350000381469727,15.425999975204467,-0.00042282324572464507
2025-09-04,154.4375457763672,81.89443969726562,15.300000190734863,15.352499961853027,-0.03828225130244287
2025-09-05,150.4906463623047,82.43730163574219,15.180000305175781,15.282999992370605,-0.3186774015384354
2025-09-08,150.82363891601562,81.73933410644531,15.109999656677246,15.280999994277954,-0.30448457733870915
2025-09-09,151.65611267089844,81.81688690185547,15.039999961853027,15.220499992370605,-0.24255720769513803
2025-09-10,154.53546142578125,81.28372192382812,15.350000381469727,15.251500034332276,-0.03999283268643487
2025-09-11,154.98597717285156,82.05923461914062,14.710000038146973,15.262500047683716,0.004165275930881082
2025-09-12,153.86949157714844,81.76841735839844,14.760000228881836,15.259000062942505,-0.08160035516244306
2025-09-15,154.06536865234375,81.4485092163086,15.6899995803833,15.289000034332275,-0.07193611989460062
2025-09-16,156.24935913085938,82.59239196777344,16.360000610351562,15.357500076293945,0.10417647982522327
2025-09-17,156.78802490234375,81.60362243652344,15.720000267028809,15.365000104904174,0.12917138630118205
2025-09-18,155.56381225585938,82.44699096679688,15.699999809265137,15.365500116348267,0.05199577287279985
2025-09-19,152.98806762695312,81.4872817993164,15.449999809265137,15.308000087738037,-0.15005712378490954
2025-09-22,152.83135986328125,81.65209197998047,16.100000381469727,15.402000093460083,-0.15911114593051093
2025-09-23,154.173095703125,81.82658386230469,16.639999389648438,15.494500064849854,-0.05858174235655477
2025-09-24,155.8968048095703,81.33219146728516,16.18000030517578,15.572500085830688,0.06013995276248142
2025-09-25,157.40504455566406,80.0525894165039,16.739999771118164,15.66700005531311,0.15173008370672778
2025-09-26,156.85659790039062,81.15769958496094,15.289999961853027,15.710000038146973,0.12770902133717527
2025-09-29,152.8803253173828,81.91382598876953,16.1200008392334,15.74800009727478,-0.15173680038143963
2025-09-30,152.08702087402344,80.9735107421875,16.280000686645508,15.703500127792358,-0.2233228688269612
2025-10-01,151.3916778564453,81.79749298095703,16.290000915527344,15.70050015449524,-0.2621523539595049
2025-10-02,150.2066192626953,82.95108032226562,16.6299991607666,15.767000102996827,-0.3319666619706107
2025-10-03,150.38291931152344,84.1240463256836,16.649999618530273,15.84050006866455,-0.3020692075368064
2025-10-06,150.84323120117188,83.96894073486328,16.3700008392334,15.903500127792359,-0.27069980290759005
2025-10-07,151.71487426757812,83.34852600097656,17.239999771118164,16.013500118255614,-0.21603979469803805
2025-10-08,150.5690155029297,83.61026763916016,16.299999237060547,16.061000061035156,-0.2959325993375644
2025-10-09,148.5123291015625,82.66995239257812,16.43000030517578,16.147000074386597,-0.45979323103179
2025-10-10,145.82882690429688,80.3337173461914,21.65999984741211,16.49200005531311,-0.6896912494404467
2025-10-13,148.80612182617188,80.63422393798828,19.030000686645508,16.65900011062622,-0.46787570840118703
2025-10-14,149.24685668945312,81.47760009765625,20.809999465942383,16.881500053405762,-0.4234472074198648
2025-10-15,148.97262573242188,81.51636505126953,20.639999389648438,17.127500009536742,-0.4429138989882528
2025-10-16,148.58087158203125,83.01893615722656,25.309999465942383,17.607999992370605,-0.4497229434323705
2025-10-17,149.92262268066406,83.76536560058594,20.780000686645508,17.874500036239624,-0.3408930454933958
2025-10-20,151.2937469482422,84.25006866455078,18.229999542236328,17.980999994277955,-0.23371570639406988
2025-10-21,150.6179656982422,85.3648681640625,17.8700008392334,18.042500066757203,-0.2668963980339614
2025-10-22,152.36126708984375,84.41486358642578,18.600000381469727,18.1635000705719,-0.1533551102433013
2025-10-23,153.33084106445312,84.36639404296875,17.299999237060547,18.19150004386902,-0.08324295919320462
2025-10-24,152.35145568847656,84.55057525634766,16.3700008392334,18.245500087738037,-0.1521024022210428
2025-10-27,152.07723999023438,86.48936462402344,15.789999961853027,18.229000043869018,-0.1439967451502155
2025-10-28,150.9509735107422,93.41084289550781,16.420000076293945,18.23600001335144,-0.1258192057249485
2025-10-29,151.9009552001953,94.41901397705078,16.920000076293945,18.26749997138977,-0.041805129977455086
2025-10-30,150.35354614257812,92.15062713623047,16.90999984741211,18.281500005722044,-0.18774092819256533
2025-10-31,154.4669189453125,93.46900177001953,17.440000534057617,18.321000051498412,0.13182144636870344
2025-11-03,150.86280822753906,91.21031188964844,17.170000076293945,18.36100001335144,-0.16419048092223013
2025-11-04,150.22622680664062,90.3960189819336,19.0,18.44900002479553,-0.22250114514053393
2025-11-05,149.5112762451172,90.06643676757812,18.010000228881836,18.534500074386596,-0.27950208254964337
2025-11-06,149.78550720214844,90.73531341552734,19.5,18.68800005912781,-0.2497668111872571
2025-11-07,151.82261657714844,93.01338195800781,19.079999923706055,18.559000062942506,-0.06792391733469863
2025-11-10,152.43960571289062,90.21183776855469,17.600000381469727,18.487500047683717,-0.06351360321435263
2025-11-11,153.01744079589844,92.12154388427734,17.280000686645508,18.311000108718872,0.006401890710984924
2025-11-12,150.1576690673828,93.2363510131836,17.510000228881836,18.15450015068054,-0.18629241943351402
2025-11-13,152.3710479736328,93.03278350830078,20.0,17.889000177383423,-0.027586191778257007
2025-11-14,154.3689727783203,93.04247283935547,19.829999923706055,17.84150013923645,0.11847832286776258
2025-11-17,151.62673950195312,92.89453125,22.3799991607666,18.049000120162965,-0.08395497763459396
2025-11-18,152.1317901611328,91.55323791503906,24.690000534057617,18.390000104904175,-0.06653071218487307
2025-11-19,150.2303924560547,91.1390151977539,23.65999984741211,18.643000078201293,-0.2114152852933059
2025-11-20,148.85385131835938,89.62020111083984,26.420000076293945,19.099000120162962,-0.33399423445902127
2025-11-21,148.5270538330078,93.35807037353516,23.43000030517578,19.452000093460082,-0.3036226029716142
2025-11-24,148.29928588867188,92.273193359375,20.520000457763672,19.688500118255615,-0.336000897796022
2025-11-25,147.09109497070312,93.23971557617188,18.559999465942383,19.795500087738038,-0.410219238536915
2025-11-26,148.0615997314453,94.35417175292969,17.190000534057617,19.809000110626222,-0.32316390214782204
2025-11-28,149.66592407226562,94.47252655029297,16.350000381469727,19.7810001373291,-0.20427023250053516
2025-12-01,151.06224060058594,93.91036987304688,17.239999771118164,19.771000099182128,-0.11044387823533007
2025-12-02,148.79443359375,94.26541900634766,16.59000015258789,19.742000102996826,-0.2709272630544773
2025-12-03,150.1214599609375,96.85923767089844,16.079999923706055,19.596000099182127,-0.13636538078079774
2025-12-04,150.7849578857422,93.45669555664062,15.779999732971191,19.484500074386595,-0.1372792443356892
2025-12-05,148.54685974121094,93.565185546875,15.40999984741211,19.280000066757204,-0.2991705781042101
2025-12-08,147.2693634033203,94.23583221435547,16.65999984741211,19.159000062942503,-0.38274427706726244
2025-12-09,147.05149841308594,95.63629913330078,16.93000030517578,19.12550005912781,-0.37833448298221084
2025-12-10,149.94320678710938,98.26957702636719,15.770000457763672,19.050000047683717,-0.12891917031744055
2025-12-11,149.2598876953125,99.0980224609375,14.850000381469727,18.91700005531311,-0.16680568969529036
2025-12-12,148.53695678710938,99.53196716308594,15.739999771118164,18.70400004386902,-0.21330996258417226
2025-12-15,148.3488006591797,98.69365692138672,16.5,18.537500047683714,-0.23921717202551843
2025-12-16,145.32833862304688,98.73310852050781,16.479999542236328,18.242500066757202,-0.45925241183009624
2025-12-17,148.07151794433594,99.57141876220703,17.6200008392334,17.88900008201599,-0.24673208213387773
2025-12-18,146.25924682617188,100.67601776123047,16.8700008392334,17.549500131607054,-0.36306744488305703
2025-12-19,146.3186492919922,100.5182113647461,14.90999984741211,16.974000120162962,-0.36101874996591393
2025-12-22,148.3488006591797,99.34458923339844,14.079999923706055,16.50650010108948,-0.22977150013225242
2025-12-23,149.05191040039062,98.81201171875,14.0,16.180500078201295,-0.1861461801877531
2025-12-24,149.04202270507812,99.27555084228516,13.470000267028809,15.926000118255615,-0.18014194379162088
2025-12-26,148.56666564941406,99.15719604492188,13.600000381469727,15.74650011062622,-0.21657839414780888
2025-12-29,149.5272674560547,98.30902099609375,14.199999809265137,15.639000082015992,-0.1587260680992366
2025-12-30,150.83447265625,98.26957702636719,14.329999923706055,15.493500089645385,-0.06382312529942294
2025-12-31,150.9335174560547,97.82576751708984,14.949999809265137,15.411500072479248,-0.06302923203504032
2026-01-02,154.3896942138672,99.6305923461914,14.510000228881836,15.333000087738037,0.21559190216097476
2026-01-05,162.2626953125,100.59711456298828,14.899999618530273,15.289000082015992,0.8046433048244317
2026-01-06,155.02349853515625,103.7728271484375,14.75,15.256000089645386,0.32199146292405745
2026-01-07,153.6964874267578,103.96022033691406,15.380000114440918,15.192000102996825,0.22778883089416482
2026-01-08,157.70724487304688,105.49876403808594,15.449999809265137,15.118000078201295,0.5430512827162919
2026-01-09,160.53955078125,106.57376861572266,14.489999771118164,15.054000043869019,0.765515885919066
2026-01-12,160.76730346679688,106.54418182373047,15.119999885559082,15.067500019073487,0.7817210937750488
2026-01-13,162.28248596191406,105.11412811279297,15.979999542236328,15.079500007629395,0.8716351049700161
2026-01-14,165.61985778808594,105.92284393310547,16.75,15.092000007629395,1.1271244681433945
2026-01-15,164.55030822753906,107.12606811523438,15.84000015258789,15.060000038146972,1.066466958564567
2026-01-16,164.6493377685547,105.43959045410156,15.859999656677246,14.971999979019165,1.049227392956324
2026-01-20,163.69863891601562,105.07467651367188,20.09000015258789,15.13299994468689,0.974495234807219
2026-01-21,165.11477661132812,106.98799133300781,16.899999618530273,15.232499933242797,1.1056908230164948
2026-01-22,165.04547119140625,107.79671478271484,15.640000343322754,15.310499954223634,1.112364289183404
2026-01-23,165.10488891601562,106.494873046875,16.09000015258789,15.414999961853027,1.0978130138615956
2026-01-26,165.8773193359375,105.49876403808594,16.149999618530273,15.548999929428101,1.139775058922031
2026-01-27,167.4123077392578,105.72559356689453,16.350000381469727,15.6864999294281,1.2551786640586515
2026-01-28,168.28378295898438,102.27372741699219,16.350000381469727,15.79399995803833,1.2687392515826736
2026-01-29,169.53158569335938,104.53223419189453,16.8799991607666,15.921499919891357,1.3926491114602784
2026-01-30,175.18626403808594,104.75907897949219,17.440000534057617,16.04599995613098,1.808945781747973
2026-02-02,172.3440704345703,108.75336456298828,16.34000015258789,16.137499952316283,1.6593194195228014
2026-02-03,176.31521606445312,110.31163787841797,18.0,16.29249997138977,1.971975010012344
2026-02-04,179.47430419921875,115.13438415527344,18.639999389648438,16.48699994087219,2.2726904887368824
2026-02-05,177.49368286132812,114.9469985961914,21.770000457763672,16.80649995803833,2.1253112321186705
2026-02-06,179.10789489746094,115.72612762451172,20.3700008392334,17.052500009536743,2.2545155645625368
2026-02-09,180.8310546875,116.29815673828125,17.360000610351562,17.196000051498412,2.3886719700847596
2026-02-10,180.4943389892578,117.06742095947266,17.790000915527344,17.329500102996825,2.375241801363776
2026-02-11,184.0198516845703,118.34954833984375,17.649999618530273,17.413000106811523,2.6513422186020725
2026-02-12,180.6329803466797,116.44609069824219,20.81999969482422,17.616500091552734,2.3763517359634765
2026-02-13,181.9600067138672,117.5999984741211,20.600000381469727,17.854500102996827,2.49001908656473
2026-02-17,180.5500030517578,115.51000213623047,20.290000915527344,18.07600016593933,2.356707690632449
2026-02-18,183.8699951171875,116.12000274658203,19.6200008392334,18.052500200271606,2.608044121046139
2026-02-19,184.77999877929688,115.54000091552734,20.229999542236328,18.21900019645691,2.666092331684835
2026-02-20,183.92999267578125,116.7300033569336,19.09000015258789,18.391500186920165,2.6212779195480964
2026-02-23,184.91000366210938,115.0199966430664,21.010000228881836,18.637500190734862,2.6680418180466816
2026-02-24,185.33999633789062,115.37000274658203,19.549999237060547,18.807500171661378,2.7045264462626037
2026-02-25,184.22000122070312,113.8499984741211,17.93000030517578,18.88650016784668,2.6006677679275545
2026-02-26,184.16000366210938,116.62999725341797,18.6299991607666,19.000500106811522,2.636626214705344
2026-02-27,186.75999450683594,115.95999908447266,19.860000610351562,19.149500179290772,2.8168013342575833
2026-03-02,189.60000610351562,114.41999816894531,21.440000534057617,19.34950017929077,3.0018824264868664
2026-03-03,188.77000427246094,113.2300033569336,23.56999969482422,19.711000156402587,2.9239929662395285
2026-03-04,186.02999877929688,110.5,21.149999618530273,19.8685001373291,2.684254106994823
2026-03-05,189.89999389648438,104.06999969482422,23.75,20.12400016784668,2.8736041386157645
2026-03-06,189.94000244140625,102.36000061035156,29.489999771118164,20.510000133514403,2.851712493702004
2026-03-09,189.44000244140625,99.94000244140625,25.5,20.766500091552736,2.7800770557636216
2026-03-10,186.2899932861328,100.91999816894531,24.93000030517578,21.145000076293947,2.5642282130221683
2026-03-11,191.7899932861328,100.80000305175781,24.229999542236328,21.467000007629395,2.9641945363608775
2026-03-12,196.97000122070312,97.88999938964844,27.290000915527344,21.949000072479247,3.3003035778726595
2026-03-13,196.82000732421875,97.20999908447266,27.190000534057617,22.267500114440917,3.2794808853919637
2026-03-16,196.83999633789062,97.4000015258789,23.510000228881836,22.413000106811523,3.283697961196975
2026-03-17,197.97000122070312,97.7699966430664,22.3700008392334,22.517000102996825,3.371599959507404
2026-03-18,198.61000061035156,96.83999633789062,25.09000015258789,22.79050006866455,3.404848844080303
2026-03-19,201.44000244140625,96.55999755859375,24.059999465942383,22.982000064849853,3.6074827233172355
2026-03-20,201.72999572753906,95.86000061035156,26.780000686645508,23.366500091552734,3.618505529305056
2026-03-23,205.2100067138672,97.66999816894531,26.149999618530273,23.623500061035156,3.898942523114699
2026-03-24,206.7899932861328,98.44000244140625,26.950000762939453,23.9935001373291,4.025514695783952
2026-03-25,205.14999389648438,98.37000274658203,25.329999923706055,24.363500118255615,3.904717081569376
2026-03-26,207.7899932861328,97.5,27.440000534057617,24.804000186920167,4.084912070522035
2026-03-27,211.14999389648438,94.80000305175781,31.049999237060547,25.363500118255615,4.291139295090681
2026-03-30,210.7100067138672,94.94999694824219,30.610000610351562,25.822000122070314,4.261180185391246
2026-03-31,206.89999389648438,98.37999725341797,25.25,25.9060001373291,4.032678157138855
2026-04-01,197.41000366210938,97.91000366210938,24.540000915527344,26.075500202178954,3.3327306436706867
2026-04-02,198.97000122070312,98.18000030517578,23.8700008392334,26.081500244140624,3.450587258531633
2026-04-06,198.86000061035156,97.16000366210938,24.170000076293945,25.815500259399414,3.4277519020318397
2026-04-07,201.5399932861328,97.56999969482422,25.780000686645508,25.82950029373169,3.6294419589726754
2026-04-08,192.88999938964844,100.44999694824219,21.040000915527344,25.63500032424927,3.0394575615254835
2026-04-09,190.36000061035156,101.63999938964844,19.489999771118164,25.39800033569336,2.8719402807620757
2026-04-10,188.5500030517578,101.69999694824219,19.229999542236328,24.995000267028807,2.740612773215132
2026-04-13,191.77999877929688,102.0199966430664,19.1200008392334,24.591500282287598,2.9811678742638943
2026-04-14,187.02000427246094,103.22000122070312,18.360000610351562,24.334000301361083,2.650921885751872
2026-04-15,184.91000366210938,103.56999969482422,18.170000076293945,24.12400026321411,2.501891033462417
2026-04-16,188.14999389648438,105.05999755859375,17.940000534057617,23.7665002822876,2.760153941757034
2026-04-17,183.99000549316406,106.44000244140625,17.479999542236328,23.437500286102296,2.4763430256886685
2026-04-20,183.25,107.11000061035156,18.8700008392334,23.04200029373169,2.4320170330584654
2026-04-21,185.97999572753906,106.30999755859375,19.5,22.709500312805176,2.6198009159898636
2026-04-22,186.32000732421875,105.30000305175781,18.920000076293945,22.3080002784729,2.629978575056463
2026-04-23,187.60000610351562,107.72000122070312,19.309999465942383,22.007000255584718,2.7585833612097233
2026-04-24,185.2100067138672,107.0199966430664,18.709999084472656,21.57050018310547,2.5738654476399443
2026-04-27,184.77999877929688,108.23999786376953,18.020000457763672,20.919000244140626,2.5601620646288885
2026-04-28,188.36000061035156,103.94000244140625,17.829999923706055,20.28000020980835,2.759240120272235
2026-04-29,192.22000122070312,106.61000061035156,18.809999465942383,19.95800018310547,3.0799101572866294
2026-04-30,193.30999755859375,108.80000305175781,16.889999389648438,19.575500106811525,3.191300128913976
