Date,GOOGL,XLF,VIX,AvgVIX,zscore
2015-01-30,26.657180786132812,15.142857551574707,20.969999313354492,19.119499969482423,-1.424204703493305
2015-02-02,26.39187240600586,15.386356353759766,19.43000030517578,19.201499938964844,-1.6382326579814954
2015-02-03,26.446422576904297,15.643010139465332,17.329999923706055,19.071999931335448,-1.7826430282916432
2015-02-04,26.089372634887695,15.603523254394531,18.329999923706055,18.932499885559082,-1.8451193941142958
2015-02-05,26.274343490600586,15.761474609375,16.850000381469727,18.80949993133545,-1.897216008102146
2015-02-06,26.47518539428711,15.886513710021973,17.290000915527344,18.823499965667725,-1.9252394218958255
2015-02-09,26.247068405151367,15.807533264160156,18.549999237060547,18.873499965667726,-1.9321352118046604
2015-02-10,26.786609649658203,15.932577133178711,17.229999542236328,18.754999923706055,-1.8778861911862192
2015-02-11,26.67949104309082,15.932577133178711,16.959999084472656,18.57499990463257,-1.9039069749374935
2015-02-12,27.076711654663086,16.090513229370117,15.34000015258789,18.267999935150147,-1.9044354324410804
2015-02-13,27.332103729248047,16.07735824584961,14.6899995803833,17.88299994468689,-1.8343156487475925
2015-02-17,27.02712059020996,16.130002975463867,15.800000190734863,17.62549991607666,-1.9407402802232192
2015-02-18,26.91008949279785,16.031291961669922,15.449999809265137,17.403499937057497,-1.9085311568177217
2015-02-19,27.09853172302246,15.965482711791992,15.289999961853027,17.22549991607666,-1.822329218077165
2015-02-20,26.867937088012695,16.083942413330078,14.300000190734863,17.12049994468689,-1.9511136100474973
2015-02-23,26.53072166442871,16.04445457458496,14.5600004196167,17.015499973297118,-2.0087712754996274
2015-02-24,26.71172523498535,16.123422622680664,13.6899995803833,16.9239999294281,-2.013312455424086
2015-02-25,27.142169952392578,16.123422622680664,13.84000015258789,16.754999971389772,-1.9087507059068713
2015-02-26,27.735267639160156,16.083942413330078,13.90999984741211,16.428499937057495,-1.740425463184004
2015-02-27,27.90089988708496,16.02471160888672,13.34000015258789,16.157499933242796,-1.6638055400487592
2015-03-02,28.515321731567383,16.14316177368164,13.039999961853027,15.760999965667725,-1.5873163635340428
2015-03-03,28.70227813720703,16.097105026245117,13.859999656677246,15.482499933242797,-1.5136092430865622
2015-03-04,28.679466247558594,15.998391151428223,14.229999542236328,15.327499914169312,-1.45851104399538
2015-03-05,28.833192825317383,16.064199447631836,14.039999961853027,15.11299991607666,-1.461594245492311
2015-03-06,28.410188674926758,15.945743560791016,15.199999809265137,15.03049988746643,-1.4915815573075568
2015-03-09,28.469697952270508,16.018129348754883,15.0600004196167,14.918999862670898,-1.5215921422059726
2015-03-10,27.76304054260254,15.675922393798828,16.690000534057617,14.825999927520751,-1.4830338208557832
2015-03-11,27.556745529174805,15.77463436126709,16.8700008392334,14.807999992370606,-1.5937844958657823
2015-03-12,27.82849884033203,16.116849899291992,15.420000076293945,14.73100004196167,-1.737993092648419
2015-03-13,27.423343658447266,16.004972457885742,16.0,14.764000034332275,-1.7676857254370097
2015-03-16,27.851804733276367,16.20240020751953,15.609999656677246,14.810000038146972,-1.7848849609583726
2015-03-17,27.651958465576172,16.162912368774414,15.65999984741211,14.803000020980836,-1.809173511427676
2015-03-18,28.07595443725586,16.255043029785156,13.970000267028809,14.729000043869018,-1.762773783077509
2015-03-19,27.952472686767578,16.103681564331055,14.069999694824219,14.668000030517579,-1.699788648840875
2015-03-20,28.015945434570312,16.32231903076172,13.020000457763672,14.604000043869018,-1.8186783032018043
2015-03-23,28.036775588989258,16.2298526763916,13.40999984741211,14.54650001525879,-1.7568165979150827
2015-03-24,28.640287399291992,16.09773826599121,13.619999885559082,14.543000030517579,-1.5290567590183233
2015-03-25,28.11760711669922,15.84012222290039,15.4399995803833,14.623000001907348,-1.4977713983954344
2015-03-26,27.950984954833984,15.826909065246582,15.800000190734863,14.717500019073487,-1.5301297324778087
2015-03-27,27.648983001708984,15.807096481323242,15.069999694824219,14.803999996185302,-1.5913199309397719
2015-03-30,27.827009201049805,16.038284301757812,14.510000228881836,14.877500009536742,-1.6900923969675115
2015-03-31,27.507648468017578,15.925993919372559,15.289999961853027,14.949000024795533,-1.6986905491038617
2015-04-01,27.24928855895996,15.9127836227417,15.109999656677246,14.993000030517578,-1.7533351733150324
2015-04-02,26.843637466430664,15.992051124572754,14.670000076293945,15.024500036239624,-1.900567893362065
2015-04-06,26.97455406188965,16.018468856811523,14.739999771118164,15.001500034332276,-1.8849945201395817
2015-04-07,27.019683837890625,15.932599067687988,14.779999732971191,14.9875,-1.821282302305835
2015-04-08,27.217050552368164,15.992051124572754,13.979999542236328,14.851999950408935,-1.8098600185078164
2015-04-09,27.176387786865234,16.018468856811523,13.09000015258789,14.66299991607666,-1.8359659537718875
2015-04-10,27.202173233032227,16.01186752319336,12.579999923706055,14.520999908447266,-1.8256470913625946
2015-04-13,27.20713233947754,16.07131576538086,13.9399995803833,14.417999887466431,-1.8609612794464774
2015-04-14,26.767765045166016,16.07131576538086,13.670000076293945,14.320999908447266,-1.9676904623496445
2015-04-15,26.830249786376953,16.130767822265625,12.84000015258789,14.179999923706054,-1.9890331180031822
2015-04-16,26.95323371887207,16.157188415527344,12.600000381469727,14.111499929428101,-1.9753884701142908
2015-04-17,26.41864776611328,15.939201354980469,13.890000343322754,14.102499961853027,-1.9713391184252214
2015-04-20,27.003318786621094,16.005258560180664,13.300000190734863,14.116499948501588,-1.8698920831733925
2015-04-21,26.923477172851562,15.925993919372559,13.25,14.10849995613098,-1.8405948870365507
2015-04-22,27.23390769958496,16.038284301757812,12.710000038146973,14.062999963760376,-1.8341660215853284
2015-04-23,27.644515991210938,16.064712524414062,12.479999542236328,13.914999961853027,-1.7506576081315592
2015-04-24,28.447877883911133,16.038284301757812,12.289999961853027,13.739499950408936,-1.5392736899998245
2015-04-27,28.07396697998047,15.978835105895996,13.119999885559082,13.641999959945679,-1.5935830742386532
2015-04-28,27.9871883392334,16.07131576538086,12.40999984741211,13.536999940872192,-1.6714734851783268
2015-04-29,27.839405059814453,16.064712524414062,13.390000343322754,13.44199995994568,-1.7033160073385234
2015-04-30,27.213577270507812,15.939201354980469,14.550000190734863,13.413999986648559,-1.7782383174140919
2015-05-01,27.332103729248047,16.07792854309082,12.699999809265137,13.315499973297118,-1.834665980207163
2015-05-04,27.4154109954834,16.236461639404297,12.850000381469727,13.221000003814698,-1.9118156305579839
2015-05-05,26.929428100585938,16.09113311767578,14.3100004196167,13.197500038146973,-1.9405937047674469
2015-05-06,26.534692764282227,16.01186752319336,15.149999618530273,13.25600004196167,-1.9877885296440694
2015-05-07,26.879840850830078,16.124162673950195,15.130000114440918,13.358000040054321,-1.9729291554867425
2015-05-08,27.22250747680664,16.355356216430664,12.859999656677246,13.372000026702882,-2.031711403659573
2015-05-11,27.065303802490234,16.295907974243164,13.850000381469727,13.367500066757202,-2.033379800626288
2015-05-12,26.715696334838867,16.236461639404297,13.859999656677246,13.377000045776366,-2.0817872578566865
2015-05-13,26.75338363647461,16.24306297302246,13.760000228881836,13.423000049591064,-2.076687597773949
2015-05-14,27.234905242919922,16.38838768005371,12.739999771118164,13.430000019073486,-2.048990896903218
2015-05-15,27.100513458251953,16.315723419189453,12.380000114440918,13.354500007629394,-2.036999378554197
2015-05-18,27.10944175720215,16.408193588256836,12.729999542236328,13.325999975204468,-2.091634633760442
2015-05-19,27.238872528076172,16.50067901611328,12.850000381469727,13.305999994277954,-2.1170073285534627
2015-05-20,27.3990478515625,16.454435348510742,12.880000114440918,13.314499998092652,-2.0496909271794084
2015-05-21,27.612287521362305,16.414810180664062,12.109999656677246,13.296000003814697,-1.9735500863281474
2015-05-22,27.49872589111328,16.421411514282227,12.130000114440918,13.288000011444092,-2.0051911557535838
2015-05-26,27.13522720336914,16.236461639404297,14.0600004196167,13.335000038146973,-1.979876652810275
2015-05-27,27.485334396362305,16.414810180664062,13.270000457763672,13.378000068664551,-2.004388984611383
2015-05-28,27.481863021850586,16.394989013671875,13.3100004196167,13.374000072479248,-1.9930561670812983
2015-05-29,27.042491912841797,16.249664306640625,13.84000015258789,13.3385000705719,-2.010513853331218
2015-06-01,27.23539924621582,16.262874603271484,13.970000267028809,13.402000093460083,-1.9717686827481633
2015-06-02,27.470458984375,16.28929901123047,14.239999771118164,13.471500062942505,-1.930901413322849
2015-06-03,27.536909103393555,16.428016662597656,13.65999984741211,13.439000034332276,-1.9999733745786739
2015-06-04,27.358383178710938,16.282695770263672,14.710000038146973,13.41700005531311,-1.9540700320160898
2015-06-05,27.25126838684082,16.375167846679688,14.210000038146973,13.371000051498413,-2.036895139361477
2015-06-08,26.95124626159668,16.276084899902344,15.289999961853027,13.492500066757202,-2.048908919645699
2015-06-09,26.88578987121582,16.315723419189453,14.470000267028809,13.523500061035156,-2.0891590938791946
2015-06-10,27.40350914001465,16.546920776367188,13.220000267028809,13.491500091552734,-2.105420662469989
2015-06-11,27.27655792236328,16.61297607421875,12.850000381469727,13.446000099182129,-2.176836619528176
2015-06-12,27.149112701416016,16.540313720703125,13.779999732971191,13.49800009727478,-2.1631588439568255
2015-06-15,26.927444458007812,16.467647552490234,15.390000343322754,13.648500108718872,-2.172366969850819
2015-06-16,27.02018165588379,16.560121536254883,14.8100004196167,13.75250015258789,-2.206646076966516
2015-06-17,27.105972290039062,16.540313720703125,14.5,13.835000133514404,-2.173638324145681
2015-06-18,27.581043243408203,16.69223403930664,13.1899995803833,13.850500106811523,-2.15156024721692
2015-06-19,27.647493362426758,16.413593292236328,13.960000038146973,13.94300012588501,-1.9642505072779615
2015-06-22,27.754608154296875,16.665700912475586,12.739999771118164,13.973500108718872,-2.093099417171481
2015-06-23,27.938587188720703,16.698869705200195,12.109999656677246,13.8760000705719,-2.0687834993565835
2015-06-24,27.699562072753906,16.559545516967773,13.260000228881836,13.875500059127807,-2.0412601088048445
2015-06-25,27.6688175201416,16.460031509399414,14.010000228881836,13.910500049591064,-1.987597358978763
2015-06-26,27.42632293701172,16.51310920715332,14.020000457763672,13.919500064849853,-2.079108514262786
2015-06-29,26.840660095214844,16.115047454833984,18.850000381469727,14.1635000705719,-1.976847328435917
2015-06-30,26.780662536621094,16.17475700378418,18.229999542236328,14.363000059127808,-2.0281010254672553
2015-07-01,26.942323684692383,16.420223236083984,16.09000015258789,14.484500074386597,-2.139619993164412
2015-07-02,27.14266586303711,16.347246170043945,16.790000915527344,14.588500118255615,-2.046124208408964
2015-07-06,27.057371139526367,16.280899047851562,17.010000228881836,14.728500127792358,-2.026086841168761
2015-07-07,27.276065826416016,16.3140811920166,16.09000015258789,14.768500137329102,-1.993346150519604
2015-07-08,26.862977981567383,16.02879524230957,19.65999984741211,15.028000116348267,-1.9184415538744155
2015-07-09,27.009265899658203,16.15484619140625,19.969999313354492,15.36550006866455,-1.960338558137146
2015-07-10,27.57756996154785,16.347246170043945,16.829999923706055,15.564500045776366,-1.9404792055235671
2015-07-13,28.352170944213867,16.546283721923828,13.899999618530273,15.570500040054322,-1.8745845429101533
2015-07-14,28.969568252563477,16.586091995239258,13.369999885559082,15.469500017166137,-1.7490631602870739
2015-07-15,28.958656311035156,16.72541046142578,13.229999542236328,15.39049997329712,-1.837296653477771
2015-07-16,29.842355728149414,16.891267776489258,12.109999656677246,15.270999956130982,-1.7245177807573384
2015-07-17,34.69425582885742,16.84482765197754,11.949999809265137,15.208999967575073,-0.517387418686296
2015-07-20,34.358036041259766,16.86473846435547,12.25,15.123499965667724,-0.6112915975388925
2015-07-21,34.48250198364258,16.84482765197754,12.220000267028809,15.097499990463257,-0.5688257373071621
2015-07-22,34.4701042175293,16.97088623046875,12.119999885559082,15.098000001907348,-0.6492746611580429
2015-07-23,33.459957122802734,16.824926376342773,12.640000343322754,15.067000007629394,-0.8049925868312314
2015-07-24,32.470130920410156,16.665700912475586,13.739999771118164,15.053499984741212,-0.9476252357643631
2015-07-27,32.64370346069336,16.546283721923828,15.600000381469727,15.132499980926514,-0.8321042199176293
2015-07-28,32.71263122558594,16.612627029418945,13.4399995803833,14.861999940872192,-0.8561150338602047
2015-07-29,32.8004035949707,16.778486251831055,12.5,14.575499963760375,-0.9366804526952436
2015-07-30,32.95561981201172,16.778486251831055,12.130000114440918,14.377499961853028,-0.8989760076157187
2015-07-31,32.60551834106445,16.72541046142578,12.119999885559082,14.143999910354614,-0.9514168675562465
2015-08-03,32.96355438232422,16.705509185791016,12.5600004196167,13.921499919891357,-0.8522190380964182
2015-08-04,32.792964935302734,16.678964614868164,13.0,13.766999912261962,-0.8773516505037788
2015-08-05,33.38854217529297,16.745315551757812,12.510000228881836,13.40949993133545,-0.7734357623571578
2015-08-06,33.232826232910156,16.685606002807617,13.770000457763672,13.099499988555909,-0.7745822462188611
2015-08-07,32.94718933105469,16.718778610229492,13.390000343322754,12.927500009536743,-0.8643457225681338
2015-08-10,32.88521194458008,16.87799835205078,12.229999542236328,12.844000005722046,-0.9772090895605742
2015-08-11,34.232078552246094,16.72541046142578,13.710000038146973,12.86100001335144,-0.556299969849402
2015-08-12,34.29009246826172,16.572824478149414,13.609999656677246,12.880000019073487,-0.4484744848101099
2015-08-13,34.04412841796875,16.632526397705078,13.489999771118164,12.949000024795533,-0.5448976625400429
2015-08-14,34.185951232910156,16.7519474029541,12.829999923706055,12.993000030517578,-0.5838065604681967
2015-08-17,34.42101287841797,16.78512191772461,13.020000457763672,13.031500053405761,-0.5470853930539329
2015-08-18,34.15421676635742,16.771846771240234,13.789999961853027,13.110000038146973,-0.6037394658064488
2015-08-19,34.41754150390625,16.619260787963867,15.25,13.26650004386902,-0.44604077330014835
2015-08-20,33.69550323486328,16.267635345458984,19.139999389648438,13.591499996185302,-0.4054329614581659
2015-08-21,31.93754005432129,15.683808326721191,28.030000686645508,14.30600004196167,-0.47382694295550315
2015-08-24,30.652162551879883,15.013724327087402,40.7400016784668,15.563000106811524,-0.37443513659812033
2015-08-25,30.372472763061523,14.814696311950684,36.02000045776367,16.692000150680542,-0.3201139933702688
2015-08-26,32.71659851074219,15.371987342834473,30.31999969482422,17.583000135421752,-0.09303100489129186
2015-08-27,33.12422180175781,15.750147819519043,26.100000381469727,18.281500148773194,-0.22631550118756458
2015-08-28,32.71411895751953,15.677166938781738,26.049999237060547,18.978000116348266,-0.2811040100467924
2015-08-31,32.12548065185547,15.544482231140137,28.43000030517578,19.77150011062622,-0.3425857356335349
2015-09-01,31.219966888427734,15.040266036987305,31.399999618530273,20.691500091552733,-0.2528110617175149
2015-09-02,31.981170654296875,15.245933532714844,26.09000015258789,21.370500087738037,-0.19424354213372735
2015-09-03,31.591398239135742,15.332178115844727,25.610000610351562,21.96250009536743,-0.3419050781847841
2015-09-04,31.190214157104492,15.026993751525879,27.799999237060547,22.68300004005432,-0.2518853499222804
2015-09-08,31.930095672607422,15.411791801452637,24.899999618530273,23.31650004386902,-0.30853656682831854
2015-09-09,31.906789779663086,15.19948959350586,26.229999542236328,23.942500019073485,-0.18378148119399673
2015-09-10,32.287147521972656,15.272472381591797,24.3700008392334,24.480500078201295,-0.136219694173055
2015-09-11,32.49641799926758,15.33881664276123,23.200000762939453,24.96600012779236,-0.1261396556176457
2015-09-14,32.3560791015625,15.30563735961914,24.25,25.537000131607055,-0.13984825792350794
2015-09-15,32.980918884277344,15.524582862854004,22.540000915527344,26.013000154495238,-0.12256231144309424
2015-09-16,33.003231048583984,15.624093055725098,21.350000381469727,26.391000175476073,-0.1782710768288463
2015-09-17,33.30821228027344,15.405158996582031,21.139999389648438,26.685500144958496,0.03030400371466167
2015-09-18,32.775115966796875,15.107151985168457,22.280000686645508,26.84250020980835,0.0838711682184988
2015-09-21,33.07562255859375,15.280488014221191,20.139999389648438,26.448000144958495,0.0503892426289561
2015-09-22,32.39228057861328,15.087149620056152,22.440000534057617,25.53300008773804,0.0031618468639274997
2015-09-23,32.39674377441406,15.093817710876465,22.1299991607666,24.838500022888184,0.0001498436621113605
2015-09-24,32.477073669433594,14.987143516540527,23.469999313354492,24.496000003814697,0.08519278877919771
2015-09-25,31.745126724243164,15.207151412963867,23.6200008392334,24.37200002670288,-0.22775859107727658
2015-09-28,30.956642150878906,14.853805541992188,27.6299991607666,24.451000022888184,-0.20223477231672216
2015-09-29,30.875320434570312,14.880477905273438,26.829999923706055,24.371000003814697,-0.23837382110858907
2015-09-30,31.6568603515625,15.107151985168457,24.5,24.026000022888184,-0.1877705985585713
2015-10-01,31.836864471435547,15.11381721496582,22.549999237060547,23.848999977111816,-0.14813921016118042
2015-10-02,32.58021545410156,15.13381576538086,20.940000534057617,23.61549997329712,0.020147327145405017
2015-10-05,33.30870056152344,15.45382308959961,19.540000915527344,23.20250005722046,0.0005284447633568498
2015-10-06,33.30671691894531,15.380488395690918,19.399999618530273,22.92750005722046,0.04509581481471179
2015-10-07,33.22539520263672,15.500494003295898,18.399999618530273,22.536000061035157,-0.0483774964415772
2015-10-08,33.076622009277344,15.593832015991211,17.420000076293945,22.188500022888185,-0.14185402202447203
2015-10-09,33.28688049316406,15.493828773498535,17.079999923706055,21.882499980926514,-0.029347332680907782
2015-10-12,33.544246673583984,15.507158279418945,16.170000076293945,21.478499984741212,0.024982669492488358
2015-10-13,33.87849807739258,15.387160301208496,17.670000076293945,21.23499994277954,0.1798918683122735
2015-10-14,33.74162292480469,15.260489463806152,18.030000686645508,21.06899995803833,0.22445617549774138
2015-10-15,34.36695861816406,15.607165336608887,16.049999237060547,20.814499950408937,0.16339829873646405
2015-10-16,34.48101043701172,15.700498580932617,15.050000190734863,20.452999925613405,0.13376900564921101
2015-10-19,34.71062469482422,15.687163352966309,14.979999542236328,20.194999933242798,0.19773767824094396
2015-10-20,33.72129440307617,15.78050708770752,15.75,19.860499906539918,-0.0999268191045729
2015-10-21,33.31465148925781,15.667167663574219,16.700000762939453,19.58899998664856,-0.1290827547181721
2015-10-22,33.7778205871582,15.92050838470459,14.449999809265137,19.138000011444092,-0.17219799796646995
2015-10-23,35.67167663574219,16.093849182128906,14.460000038146973,18.67999997138977,0.18136663364631195
2015-10-26,36.25634002685547,16.027179718017578,15.289999961853027,18.063000011444093,0.36434531150895977
2015-10-27,36.34064483642578,15.933838844299316,15.430000305175781,17.493000030517578,0.44216321657308233
2015-10-28,36.543968200683594,16.30718421936035,14.329999923706055,16.984500026702882,0.2622089738458441
2015-10-29,36.93721389770508,16.287187576293945,14.609999656677246,16.587500047683715,0.37001836285752965
2015-10-30,36.56727600097656,16.053842544555664,15.069999694824219,16.294000005722047,0.4234976449208707
2015-11-02,37.08053207397461,16.273853302001953,14.149999618530273,16.024499940872193,0.4130237826346389
2015-11-03,37.13408660888672,16.30051612854004,14.539999961853027,15.78149995803833,0.40965414170555803
2015-11-04,37.45592498779297,16.253854751586914,15.510000228881836,15.636999988555909,0.5164976232523668
2015-11-05,37.72172927856445,16.32052230834961,15.050000190734863,15.518499994277954,0.5401120094272985
2015-11-06,37.767852783203125,16.487184524536133,14.329999923706055,15.380999994277953,0.4489361543237557
2015-11-09,37.42914962768555,16.30718421936035,16.520000457763672,15.398500013351441,0.47723337745562366
2015-11-10,37.60221481323242,16.380525588989258,15.289999961853027,15.279500007629395,0.4742202872496804
2015-11-11,37.9488525390625,16.32718849182129,16.059999465942383,15.180999946594238,0.5911887876950985
2015-11-12,37.51642990112305,16.08051300048828,18.3700008392334,15.29700002670288,0.6376784009174649
2015-11-13,36.700172424316406,15.947175979614258,20.079999923706055,15.54850001335144,0.5213051346498685
2015-11-16,37.21343231201172,16.140518188476562,18.15999984741211,15.70750002861023,0.5272145885373246
2015-11-17,36.993255615234375,16.107177734375,18.84000015258789,15.862000036239625,0.49421114372444386
2015-11-18,37.68899917602539,16.393856048583984,16.850000381469727,15.869500017166137,0.4871127139651824
2015-11-19,37.68552780151367,16.4205265045166,16.989999771118164,15.996500015258789,0.46988590163902616
2015-11-20,38.53153610229492,16.447185516357422,15.470000267028809,16.047000026702882,0.6590180094928144
2015-11-23,38.516658782958984,16.380525588989258,15.619999885559082,16.063500022888185,0.6963530198477623
2015-11-24,38.16606140136719,16.333852767944336,15.930000305175781,16.088500022888184,0.6398583753612308
2015-11-25,38.147708892822266,16.34718894958496,15.1899995803833,16.131500005722046,0.6272078977549717
2015-11-27,38.28209686279297,16.38719367980957,15.119999885559082,16.157000017166137,0.635278080121629
2015-11-30,37.829833984375,16.373857498168945,16.1299991607666,16.209999990463256,0.533608724725951
2015-12-01,38.86825180053711,16.553857803344727,14.670000076293945,16.23600001335144,0.6752831288927855
2015-12-02,38.57368469238281,16.36052131652832,15.90999984741211,16.304500007629393,0.722494054195107
2015-12-03,38.09514236450195,16.093849182128906,18.110000610351562,16.43450002670288,0.7700643368507859
2015-12-04,38.64113235473633,16.520526885986328,14.8100004196167,16.42250003814697,0.6405873234444289
2015-12-07,38.332679748535156,16.367191314697266,15.84000015258789,16.498000049591063,0.6598528316379937
2015-12-08,38.439300537109375,16.16051483154297,17.600000381469727,16.552000045776367,0.8127132772370246
2015-12-09,37.81496047973633,15.97384262084961,19.610000610351562,16.768000078201293,0.7757233591046165
2015-12-10,37.690486907958984,15.987175941467285,19.34000015258789,16.93200011253357,0.7372961741299862
2015-12-11,37.21343231201172,15.633828163146973,24.389999389648438,17.23300004005432,0.8384723735939302
2015-12-14,37.8144645690918,15.667167663574219,22.729999542236328,17.365500020980836,0.9639921724454918
2015-12-15,37.692970275878906,16.033845901489258,20.950000762939453,17.5050000667572,0.7092302413444934
2015-12-16,38.511199951171875,16.29385757446289,17.860000610351562,17.456000089645386,0.7482668210480878
2015-12-17,38.17597961425781,16.06051254272461,18.940000534057617,17.56050009727478,0.810179541010339
2015-12-18,37.53229904174805,15.631158828735352,20.700000762939453,17.746000146865846,0.917569848124358
2015-12-21,37.72817611694336,15.78545093536377,18.700000762939453,17.907500171661376,0.870370387867282
2015-12-22,38.04207992553711,15.933052062988281,16.600000381469727,17.956500196456908,0.8559517092029555
2015-12-23,38.11051559448242,16.120895385742188,15.569999694824219,17.93850016593933,0.7571843530954535
2015-12-24,37.978111267089844,16.10746955871582,15.739999771118164,17.966000175476076,0.7332687078151192
2015-12-28,38.791385650634766,16.09405517578125,16.90999984741211,18.055500173568724,0.9390661718953458
2015-12-29,39.372589111328125,16.261777877807617,16.079999923706055,18.0530002117157,0.9772181486986098
2015-12-30,39.19108581542969,16.147727966308594,17.290000915527344,18.184000253677368,1.0031885948376575
2015-12-31,38.58162307739258,15.986715316772461,18.209999084472656,18.299000215530395,0.9540500377714177
2016-01-04,37.660736083984375,15.678115844726562,20.700000762939453,18.42850022315979,0.9199236940231801
2016-01-05,37.76437759399414,15.73849868774414,19.34000015258789,18.65500020980835,0.9080068823371379
2016-01-06,37.655277252197266,15.49698543548584,20.59000015258789,18.89250020980835,1.0298653905443316
2016-01-07,36.74629211425781,15.060921669006348,24.989999771118164,19.262000179290773,1.0769310322396983
2016-01-08,36.245933532714844,14.82612419128418,27.010000228881836,19.632000160217284,1.0996213236730958
2016-01-11,36.3530387878418,14.846246719360352,24.299999237060547,19.880000114440918,1.1132776705104706
2016-01-12,36.96151351928711,14.960291862487793,22.469999313354492,19.78400011062622,1.1910281886317173
2016-01-13,35.68357467651367,14.571189880371094,25.219999313354492,19.908500099182127,1.1196207605741277
2016-01-14,36.26973342895508,14.698653221130371,23.950000762939453,20.05850009918213,1.183707630051092
2016-01-15,35.233299255371094,14.36993408203125,27.020000457763672,20.516500091552736,1.1338725064119115
2016-01-19,35.659271240234375,14.3632230758667,26.049999237060547,20.87200002670288,1.241470305242226
2016-01-20,35.633487701416016,14.081463813781738,27.59000015258789,21.216499996185302,1.4082907402166263
2016-01-21,36.03566360473633,14.021086692810059,26.690000534057617,21.61599998474121,1.543074992269806
2016-01-22,36.967464447021484,14.276010513305664,22.34000015258789,21.90299997329712,1.6128252322262562
2016-01-25,36.38032150268555,13.987537384033203,24.149999618530273,22.33199996948242,1.647406997273759
2016-01-26,36.38874435424805,14.222339630126953,22.5,22.669999980926512,1.505214899099191
2016-01-27,35.58489227294922,14.168670654296875,23.110000610351562,22.980000019073486,1.3429153155695905
2016-01-28,37.10829544067383,14.175384521484375,22.420000076293945,23.297000026702882,1.7088494516516093
2016-01-29,37.75545120239258,14.571189880371094,20.200000762939453,23.442500019073485,1.622911951216372
2016-02-01,38.222591400146484,14.510810852050781,19.979999542236328,23.53100004196167,1.7734782174275503
2016-02-02,38.72543716430664,14.108292579650879,21.979999542236328,23.594999980926513,2.142892780141802
2016-02-03,37.161861419677734,14.121712684631348,21.649999618530273,23.710499954223632,1.75483187354719
2016-02-04,36.20228576660156,14.242466926574707,21.84000015258789,23.772999954223632,1.4475570710621284
2016-02-05,34.899559020996094,14.0546236038208,23.3799991607666,23.692499923706055,1.2464958332297156
2016-02-08,34.91939163208008,13.699066162109375,26.0,23.641999912261962,1.4697310893532292
2016-02-09,34.76367950439453,13.678942680358887,26.540000915527344,23.753999996185303,1.4442679593061887
2016-02-10,35.05278396606445,13.605143547058105,26.290000915527344,23.945000076293944,1.5598304828359504
2016-02-11,35.02849578857422,13.189208984375,28.139999389648438,24.091000080108643,1.8094375491331698
2016-02-12,35.054771423339844,13.746027946472168,25.399999618530273,24.163500022888183,1.47376850830911
2016-02-16,35.587867736816406,13.967411041259766,24.110000610351562,24.018000030517577,1.467271128839721
2016-02-17,36.29849624633789,14.155254364013672,22.309999465942383,23.83100004196167,1.52450245089592
2016-02-18,35.5814208984375,14.074752807617188,21.639999389648438,23.533500003814698,1.399765445947068
2016-02-19,35.809532165527344,14.074752807617188,20.530000686645508,23.22550001144409,1.4551772380005819
2016-02-22,36.153690338134766,14.296135902404785,19.3799991607666,23.07749996185303,1.4027838310951837
2016-02-23,35.57050704956055,14.041208267211914,20.979999542236328,22.91899995803833,1.417720587026282
2016-02-24,35.7495231628418,14.007665634155273,20.719999313354492,22.829999923706055,1.481811512757222
2016-02-25,36.157161712646484,14.202213287353516,19.110000610351562,22.629999923706055,1.4613233929153313
2016-02-26,35.94590377807617,14.302846908569336,19.809999465942383,22.499499893188478,1.348186682090831
2016-02-29,35.56703567504883,14.14854907989502,20.549999237060547,22.516999816894533,1.3509382766507034
2016-03-01,36.80431365966797,14.624863624572754,17.700000762939453,22.402999877929688,1.3588941961725929
2016-03-02,36.6709098815918,14.785867691040039,17.09000015258789,22.158499908447265,1.2275841383495631
2016-03-03,36.27964401245117,14.886497497558594,16.700000762939453,21.910999965667724,1.0707230301284258
2016-03-04,36.21171188354492,14.946874618530273,16.860000610351562,21.66199998855591,1.0171318149615765
2016-03-07,35.34785079956055,14.940170288085938,17.350000381469727,21.360500049591064,0.8114049009831308
2016-03-08,35.38405227661133,14.698653221130371,18.670000076293945,20.994000053405763,0.9685618353453056
2016-03-09,35.973182678222656,14.718779563903809,18.34000015258789,20.584000015258788,1.099307280747597
2016-03-10,36.308414459228516,14.705362319946289,18.049999237060547,20.17199993133545,1.18898248259405
2016-03-11,36.938201904296875,15.087759971618652,16.5,19.589999961853028,1.107062250916648
2016-03-14,37.204505920410156,15.04079532623291,16.920000076293945,19.165999984741212,1.200601864426162
2016-03-15,37.22087097167969,15.034090042114258,16.84000015258789,18.802499961853027,1.2086962220814577
2016-03-16,37.55759048461914,15.000543594360352,14.989999771118164,18.436499977111815,1.3110981117774356
2016-03-17,37.61312484741211,15.181680679321289,14.4399995803833,18.07649998664856,1.2133164435259005
2016-03-18,37.46088409423828,15.316449165344238,14.020000457763672,17.75099997520447,1.0935470088554642
2016-03-21,37.795623779296875,15.2894926071167,13.789999961853027,17.47150001525879,1.191419822957784
2016-03-22,37.690982818603516,15.242321014404297,14.170000076293945,17.13100004196167,1.1949782308641517
2016-03-23,37.567501068115234,15.127769470214844,14.9399995803833,16.84200005531311,1.2353511683173761
2016-03-24,37.4326171875,15.033437728881836,14.739999771118164,16.62350001335144,1.260533400978977
2016-03-28,37.35525894165039,15.080596923828125,15.239999771118164,16.39500002861023,1.2127721571381713
2016-03-29,37.980587005615234,15.107553482055664,13.819999694824219,16.058500051498413,1.3481148047044715
2016-03-30,38.10208511352539,15.195154190063477,13.5600004196167,15.851500034332275,1.3238158072037718
2016-03-31,37.83231735229492,15.161468505859375,13.949999809265137,15.694500017166138,1.2789779913081394
2016-04-01,38.16804122924805,15.296231269836426,13.100000381469727,15.514499998092651,1.2777463069964943
2016-04-04,37.94240188598633,15.2221097946167,14.119999885559082,15.377499961853028,1.2684675285258817
2016-04-05,37.617591857910156,15.006481170654297,15.420000076293945,15.280999946594239,1.3220259522627917
2016-04-06,38.08869934082031,15.087339401245117,14.09000015258789,15.051999950408936,1.386794414815589
2016-04-07,37.69445037841797,14.804325103759766,16.15999984741211,14.942999935150146,1.4648798029976444
2016-04-08,37.66221618652344,14.858236312866211,15.359999656677246,14.808499956130982,1.4239321601184032
2016-04-11,37.566505432128906,14.918875694274902,16.260000228881836,14.796499967575073,1.3634319770486039
2016-04-12,37.902732849121094,15.107553482055664,14.850000381469727,14.692999982833863,1.3292028132662936
2016-04-13,38.27912139892578,15.451211929321289,13.84000015258789,14.542999982833862,1.2095253776102235
2016-04-14,38.451698303222656,15.484907150268555,13.720000267028809,14.479500007629394,1.2307481569213161
2016-04-15,38.68030548095703,15.43100643157959,13.619999885559082,14.438500022888183,1.3193914230590913
2016-04-18,39.06116485595703,15.545553207397461,13.350000381469727,14.405000019073487,1.341542462490075
2016-04-19,38.49434280395508,15.740967750549316,13.239999771118164,14.377500009536742,1.0838101048325652
2016-04-20,38.42839050292969,15.862258911132812,13.279999732971191,14.332999992370606,0.9932805543852391
2016-04-21,38.68030548095703,15.720752716064453,13.949999809265137,14.283500003814698,1.141401365570834
2016-04-22,36.58611297607422,15.868999481201172,13.220000267028809,14.20750002861023,0.5416218421855304
2016-04-25,36.80629348754883,15.835308074951172,14.079999923706055,14.149500036239624,0.6158036344343664
2016-04-26,35.9712028503418,15.936381340026855,13.960000038146973,14.156500053405761,0.3508581383357372
2016-04-27,35.777305603027344,15.963335037231445,13.770000457763672,14.16700005531311,0.28719991118165367
2016-04-28,34.96402359008789,15.794882774353027,15.220000267028809,14.230500078201294,0.1931205932528081
2016-04-29,35.10387420654297,15.707282066345215,15.699999809265137,14.360500049591064,0.28090528066585074
2016-05-02,35.42768859863281,15.848777770996094,14.680000305175781,14.388500070571899,0.27264457609923276
2016-05-03,35.13163375854492,15.646635055541992,15.600000381469727,14.39750008583069,0.3249037413359876
2016-05-04,35.276939392089844,15.525341033935547,16.049999237060547,14.49550004005432,0.434711214025197
2016-05-05,35.44257354736328,15.518598556518555,15.90999984741211,14.483000040054321,0.4790882177564616
2016-05-06,35.96177673339844,15.585983276367188,14.720000267028809,14.451000070571899,0.563816605504696
2016-05-09,36.15766143798828,15.545553207397461,14.569999694824219,14.366500043869019,0.6362361018017033
2016-05-10,36.665958404541016,15.767928123474121,13.630000114440918,14.305500030517578,0.6231053012581826
2016-05-11,36.22807693481445,15.599464416503906,14.6899995803833,14.348000001907348,0.6202236726815844
2016-05-12,36.10509490966797,15.606200218200684,14.40999984741211,14.382499980926514,0.5862116388618585
2016-05-13,35.944419860839844,15.417522430419922,15.039999961853027,14.45349998474121,0.6630852166764558
2016-05-16,36.21567153930664,15.498384475708008,14.680000305175781,14.519999980926514,0.6793032373186081
2016-05-17,35.714324951171875,15.410787582397461,15.569999694824219,14.636499977111816,0.6113287587561327
2016-05-18,35.79316711425781,15.680323600769043,15.949999809265137,14.769999980926514,0.464905785737272
2016-05-19,35.472320556640625,15.532078742980957,16.329999923706055,14.88899998664856,0.4780334031805127
2016-05-20,35.789695739746094,15.639893531799316,15.199999809265137,14.987999963760377,0.48889857457388713
2016-05-23,35.56852722167969,15.626412391662598,15.819999694824219,15.074999952316285,0.44345469867070564
2016-05-24,36.3510627746582,15.862258911132812,14.420000076293945,15.097999954223633,0.4886651814819748
2016-05-25,36.602474212646484,16.03072166442871,13.899999618530273,15.104499912261963,0.4462509107444558
2016-05-26,36.544464111328125,15.936381340026855,13.430000305175781,15.014999914169312,0.4901122584472106
2016-05-27,37.07358932495117,16.044193267822266,13.119999885559082,14.885999917984009,0.5524165793275467
2016-05-31,37.13557815551758,16.003768920898438,14.1899995803833,14.861499881744384,0.5923071600600868
2016-06-01,37.11623764038086,16.037460327148438,14.199999809265137,14.791499853134155,0.5669125419613151
2016-06-02,36.908447265625,16.071155548095703,13.630000114440918,14.670499897003173,0.4957381642195329
2016-06-03,36.49140167236328,15.842044830322266,13.470000267028809,14.548499917984008,0.5351731273111445
2016-06-06,36.203773498535156,15.936381340026855,13.649999618530273,14.494999885559082,0.4073531837574331
2016-06-07,36.25485610961914,15.902688026428223,14.050000190734863,14.468999910354615,0.44045962475372386
2016-06-08,36.84200668334961,15.916171073913574,14.079999923706055,14.491499900817871,0.574805090436924
2016-06-09,36.82167434692383,15.801613807678223,14.640000343322754,14.488999938964843,0.640238147776646
2016-06-10,36.35899353027344,15.606200218200684,17.030000686645508,14.619999980926513,0.6478875821291544
2016-06-13,36.29403305053711,15.498384475708008,20.969999313354492,14.916499948501587,0.6983384731519684
2016-06-14,36.36196517944336,15.269279479980469,20.5,15.207499933242797,0.8555785899123624
2016-06-15,36.30940246582031,15.2894926071167,20.139999389648438,15.43599991798401,0.8303934369378972
2016-06-16,35.9156608581543,15.329923629760742,19.3700008392334,15.606999969482422,0.7099108206299536
2016-06-17,34.923858642578125,15.317054748535156,19.40999984741211,15.760999965667725,0.4768918665843195
2016-06-20,35.01708984375,15.405119895935059,18.3700008392334,15.919500017166138,0.44544109225846107
2016-06-21,35.15346145629883,15.49319076538086,18.479999542236328,16.052500009536743,0.4244662830900914
2016-06-22,35.23230743408203,15.47963809967041,21.170000076293945,16.39000000953674,0.45194455521366234
2016-06-23,35.45050048828125,15.804813385009766,17.25,16.557500028610228,0.30519309830368396
2016-06-24,33.979156494140625,14.9580078125,25.760000228881836,17.174000024795532,0.4679701376671166
2016-06-27,33.7778205871582,14.531218528747559,23.850000381469727,17.710500049591065,0.6812375577966681
2016-06-28,34.2796745300293,14.90381145477295,18.75,17.938500070571898,0.5742632851391766
2016-06-29,34.47456359863281,15.242538452148438,16.639999389648438,18.060500049591063,0.41352615994310415
2016-06-30,34.88814926147461,15.486407279968262,15.630000114440918,18.160500049591064,0.36418487394147137
2016-07-01,35.221397399902344,15.405119895935059,14.770000457763672,18.225500059127807,0.4950705908838681
2016-07-05,34.955589294433594,15.174786567687988,15.579999923706055,18.322000074386597,0.5719945485702893
2016-07-06,35.15791702270508,15.215435981750488,14.960000038146973,18.367500066757202,0.5961723332289965
2016-07-07,35.073116302490234,15.235761642456055,14.760000228881836,18.401500082015993,0.5630869356374992
2016-07-08,35.59481430053711,15.527058601379395,13.199999809265137,18.32950005531311,0.5108729022814797
2016-07-11,36.06195068359375,15.615131378173828,13.539999961853027,18.155000019073487,0.5702448538982118
2016-07-12,36.32526779174805,15.81159496307373,13.550000190734863,17.784000062942503,0.513521850530303
2016-07-13,36.17501449584961,15.81159496307373,13.039999961853027,17.411000061035157,0.47702297656455495
2016-07-14,36.48841857910156,15.960624694824219,12.819999694824219,17.045000076293945,0.4616053206396135
2016-07-15,36.47999572753906,15.933524131774902,12.670000076293945,16.710000038146973,0.47620705274197117
2016-07-18,37.351287841796875,15.98772144317627,12.4399995803833,16.361500024795532,0.6545643197720724
2016-07-19,37.36170959472656,15.994502067565918,11.970000267028809,16.0414999961853,0.6529306142762437
2016-07-20,37.543697357177734,16.021595001220703,11.770000457763672,15.70600004196167,0.6804951984793989
2016-07-21,37.411293029785156,15.940300941467285,12.739999771118164,15.284500026702881,0.6982707544035615
2016-07-22,37.65279769897461,16.04192352294922,12.020000457763672,15.023000049591065,0.6945096419220042
2016-07-25,37.56552505493164,16.008047103881836,12.869999885559082,14.378500032424927,0.6941199100207536
2016-07-26,37.571964263916016,16.021595001220703,13.050000190734863,13.838500022888184,0.6873616719252756
2016-07-27,37.786197662353516,16.014827728271484,12.829999923706055,13.542500019073486,0.7435594232081829
2016-07-28,37.978111267089844,16.04869270324707,12.720000267028809,13.346500062942505,0.7693751100161391
2016-07-29,39.24266052246094,16.021595001220703,11.869999885559082,13.158500051498413,1.0931999053634014
2016-08-01,39.71872329711914,15.980950355529785,12.4399995803833,13.042000007629394,1.2338108476145788
2016-08-02,39.67805862426758,15.845462799072266,13.369999885559082,12.931500005722047,1.3071622615527652
2016-08-03,39.618553161621094,16.008047103881836,12.859999656677246,12.82649998664856,1.1928325250494922
2016-08-04,39.535743713378906,15.967403411865234,12.420000076293945,12.709499979019165,1.1976840835959586
2016-08-05,40.01576614379883,16.27225112915039,11.390000343322754,12.619000005722047,1.127022223377382
2016-08-08,39.93146896362305,16.29258155822754,11.5,12.517000007629395,1.0940562143386734
2016-08-09,40.04304122924805,16.306129455566406,11.65999984741211,12.422499990463256,1.1128364388839984
2016-08-10,40.09313201904297,16.17740821838379,12.050000190734863,12.373000001907348,1.204077248575044
2016-08-11,40.07875061035156,16.211284637451172,11.680000305175781,12.316000032424927,1.1797736222595976
2016-08-12,40.0217170715332,16.163856506347656,11.550000190734863,12.260000038146973,1.19505420759513
2016-08-15,39.96766662597656,16.27225112915039,11.8100004196167,12.228500080108642,1.1153380987243373
2016-08-16,39.73112106323242,16.231609344482422,12.640000343322754,12.26200008392334,1.0828435805542376
2016-08-17,39.94088363647461,16.28580093383789,12.1899995803833,12.283000040054322,1.1005084976912576
2016-08-18,39.8084831237793,16.27225112915039,11.430000305175781,12.217500066757202,1.0766699380734615
2016-08-19,39.65475082397461,16.26548194885254,11.34000015258789,12.183500051498413,1.043484241790673
2016-08-22,39.52085494995117,16.26548194885254,12.270000457763672,12.153500080108643,1.0109588412575725
2016-08-23,39.50300979614258,16.28580093383789,12.380000114440918,12.120000076293945,0.994142098101729
2016-08-24,39.354736328125,16.279024124145508,13.449999809265137,12.1510000705719,0.962287124087627
2016-08-25,39.24066925048828,16.312902450561523,13.630000114440918,12.196500062942505,0.9137671190656858
2016-08-26,39.33588790893555,16.33321762084961,13.649999618530273,12.285500049591064,0.9244176863980059
2016-08-29,39.46482849121094,16.47548484802246,12.9399995803833,12.310500049591065,0.8683451442407281
2016-08-30,39.271427154541016,16.624523162841797,13.119999885559082,12.298000049591064,0.729811258126982
2016-08-31,39.16877365112305,16.638072967529297,13.420000076293945,12.326000070571899,0.6965515234414017
2016-09-01,39.24563217163086,16.57032585144043,13.479999542236328,12.379000043869018,0.7568384590443857
2016-09-02,39.51689147949219,16.644851684570312,11.979999542236328,12.408500003814698,0.7769506443860185
2016-09-06,40.06982421875,16.617746353149414,12.020000457763672,12.434500026702882,0.9279173524290141
2016-09-07,40.068336486816406,16.61097526550293,11.9399995803833,12.44850001335144,0.9317154128739488
2016-09-08,39.812950134277344,16.597427368164062,12.510000228881836,12.471500015258789,0.8780004988671438
2016-09-09,39.100826263427734,16.28580093383789,17.5,12.7625,0.8964454320560091
2016-09-12,39.61359405517578,16.468713760375977,15.15999984741211,12.942999982833863,0.9086420786514108
2016-09-13,39.11273193359375,16.17740821838379,17.850000381469727,13.244999980926513,0.9659227446032496
2016-09-14,39.19901657104492,16.136760711669922,18.139999389648438,13.519999933242797,1.0118522427840384
2016-09-15,39.73310852050781,16.231609344482422,16.299999237060547,13.72549991607666,1.0833263649895009
2016-09-16,39.57143783569336,16.077774047851562,15.369999885559082,13.922499895095825,1.138554475429924
2016-09-19,39.44350814819336,16.180288314819336,15.529999732971191,14.13199987411499,1.0445042245595535
2016-09-20,39.661197662353516,16.188671112060547,15.920000076293945,14.314499855041504,1.092234888986554
2016-09-21,39.92155075073242,16.289216995239258,13.300000190734863,14.360499858856201,1.093713763854045
2016-09-22,40.46307373046875,16.322736740112305,12.020000457763672,14.288999891281128,1.2046671056472822
2016-09-23,40.413978576660156,16.238941192626953,12.289999961853027,14.221999883651733,1.244216416466137
2016-09-26,39.803531646728516,15.9791898727417,14.5,14.26449990272522,1.2554935792352742
2016-09-27,40.20420455932617,16.104877471923828,13.100000381469727,14.272499942779541,1.2756138705540898
2016-09-28,40.17098617553711,16.180288314819336,12.390000343322754,14.235999965667725,1.2212200075585382
2016-09-29,39.80303192138672,15.954049110412598,14.020000457763672,14.26599998474121,1.2708160642884003
2016-09-30,39.87344741821289,16.171905517578125,13.289999961853027,14.256500005722046,1.1540927139589205
2016-10-03,39.690956115722656,16.09648895263672,13.569999694824219,14.336000013351441,1.1560908377423855
2016-10-04,39.81047058105469,16.163536071777344,13.630000114440918,14.416499996185303,1.1439359751259939
2016-10-05,39.73310852050781,16.423288345336914,12.989999771118164,14.469000005722046,0.9655786725832326
2016-10-06,39.82484817504883,16.44842529296875,12.84000015258789,14.485500001907349,0.9724221357262527
2016-10-07,39.70732116699219,16.44004249572754,13.479999542236328,14.284499979019165,0.9490225095271043
2016-10-10,40.37480163574219,16.52383804321289,13.380000114440918,14.195499992370605,1.0596886567942543
2016-10-11,40.146690368652344,16.37300682067871,15.359999656677246,14.070999956130981,1.0969319198956755
2016-10-12,40.25579071044922,16.356252670288086,15.90999984741211,13.959499979019165,1.1337261099501772
2016-10-13,39.87443542480469,16.197044372558594,16.690000534057617,13.979000043869018,1.1388900117301615
2016-10-14,39.90022277832031,16.272459030151367,16.1200008392334,14.016500091552734,1.0988272212050356
2016-10-17,40.01130294799805,16.197044372558594,16.209999084472656,14.050500059127808,1.1721372722921872
2016-10-18,40.73780059814453,16.33111000061035,15.279999732971191,14.01850004196167,1.2662588930972423
2016-10-19,41.00310516357422,16.47355842590332,14.40999984741211,14.074000024795533,1.2431999844297767
2016-10-20,40.74474334716797,16.47355842590332,13.75,14.160500001907348,1.1804398611447107
2016-10-21,40.86525344848633,16.465181350708008,13.34000015258789,14.213000011444091,1.2148596541952628
2016-10-24,41.444454193115234,16.515453338623047,13.020000457763672,14.139000034332275,1.3246746738023465
2016-10-25,41.08790969848633,16.498699188232422,13.460000038146973,14.157000017166137,1.2483564552678637
2016-10-26,40.7680549621582,16.59925079345703,14.239999771118164,14.249499988555907,1.1088902660930604
2016-10-27,40.532501220703125,16.641149520874023,15.359999656677246,14.316499948501587,1.0259323493479517
2016-10-28,40.642093658447266,16.56572914123535,16.190000534057617,14.461499977111817,1.0988845221272137
2016-10-31,40.16305160522461,16.540597915649414,17.059999465942383,14.635999965667725,0.9979557379492614
2016-11-01,39.94386672973633,16.47355842590332,18.559999465942383,14.882499933242798,0.9858944134261425
2016-11-02,39.09785842895508,16.3646297454834,19.31999969482422,15.198999929428101,0.847300254888836
2016-11-03,38.78891372680664,16.381389617919922,22.079999923706055,15.66099991798401,0.7619572311953285
2016-11-04,38.7348518371582,16.33111000061035,22.510000228881836,16.112499952316284,0.7797113338576358
2016-11-07,39.77278137207031,16.741697311401367,18.709999084472656,16.37899990081787,0.7796183928530152
2016-11-08,40.266197204589844,16.75007438659668,18.739999771118164,16.547999906539918,0.8943308045202856
2016-11-09,39.949317932128906,17.462310791015625,14.380000114440918,16.471499919891357,0.3798317205771822
2016-11-10,38.6946907043457,18.107511520385742,14.739999771118164,16.373999881744385,-0.3212812341554929
2016-11-11,38.27119445800781,18.157787322998047,14.170000076293945,16.276499843597414,-0.4550393287153589
2016-11-14,37.3522834777832,18.601884841918945,14.479999542236328,16.189999866485596,-0.9510646107532089
2016-11-15,38.44029998779297,18.585126876831055,13.369999885559082,16.09449987411499,-0.676474040062337
2016-11-16,38.679317474365234,18.31699562072754,13.720000267028809,16.059999895095824,-0.4537009303374848
2016-11-17,38.98577880859375,18.5683650970459,13.350000381469727,16.03999991416931,-0.5336720103482481
2016-11-18,38.4804573059082,18.5683650970459,12.850000381469727,16.015499925613405,-0.6564225013003335
2016-11-21,38.9183464050293,18.635404586791992,12.420000076293945,15.985499906539918,-0.5912345026073085
2016-11-22,38.928260803222656,18.643779754638672,12.40999984741211,15.932999897003175,-0.5939709745725701
2016-11-23,38.63071823120117,18.752710342407227,12.430000305175781,15.842499923706054,-0.7331643679064055
2016-11-25,38.69171142578125,18.777851104736328,12.34000015258789,15.691499948501587,-0.7337920437956028
2016-11-28,38.96743392944336,18.559986114501953,13.149999618530273,15.53949990272522,-0.532981090617863
2016-11-29,39.1484375,18.610267639160156,12.899999618530273,15.331499910354614,-0.5199002466228203
2016-11-30,38.47599411010742,18.861642837524414,13.329999923706055,15.069999933242798,-0.8376660989983125
2016-12-01,37.903228759765625,19.188432693481445,14.069999694824219,14.807499933242799,-1.177545539382514
2016-12-02,37.9096794128418,18.97894859313965,14.119999885559082,14.40949993133545,-1.0472932765864744
2016-12-05,38.592044830322266,19.205190658569336,12.140000343322754,13.890999937057495,-1.0205157051528542
2016-12-06,38.49087142944336,19.372772216796875,11.789999961853027,13.544999980926514,-1.1480370291645214
2016-12-07,39.24911117553711,19.674423217773438,12.220000267028809,13.219000005722046,-1.1491518241363523
2016-12-08,39.432586669921875,19.85877227783203,12.640000343322754,13.132000017166138,-1.2178276961353667
2016-12-09,40.14073181152344,19.90066909790039,11.75,12.982500028610229,-1.0715452329161443
2016-12-12,40.06386947631836,19.707935333251953,12.640000343322754,12.90600004196167,-0.9718206656065813
2016-12-13,40.432823181152344,19.758214950561523,12.720000267028809,12.818000078201294,-0.9130826247416568
2016-12-14,40.55927658081055,19.666044235229492,13.1899995803833,12.809000062942506,-0.8257449922960514
2016-12-15,40.44819641113281,19.833635330200195,12.789999961853027,12.762500047683716,-0.9556786836729445
2016-12-16,40.16008377075195,19.662761688232422,12.199999809265137,12.705000019073486,-0.9206987087374152
2016-12-19,40.291988372802734,19.671175003051758,11.710000038146973,12.648000001907349,-0.8938252870756633
2016-12-20,40.425880432128906,19.915285110473633,11.449999809265137,12.599499988555909,-1.011256738013523
2016-12-21,40.2771110534668,19.864776611328125,11.270000457763672,12.542500019073486,-1.0163679634137839
2016-12-22,40.15214538574219,19.814268112182617,11.430000305175781,12.492500019073486,-1.0156968953859384
2016-12-23,40.05891036987305,19.84793472290039,11.4399995803833,12.447499990463257,-1.0590264108481227
2016-12-27,40.1645393371582,19.873197555541992,11.989999771118164,12.389499998092651,-1.0488863472458585
2016-12-28,39.898738861083984,19.671175003051758,12.949999809265137,12.392000007629395,-0.9893517397866676
2016-12-29,39.8149299621582,19.5280818939209,13.369999885559082,12.394000005722045,-0.9218086701617259
2016-12-30,39.29771041870117,19.570171356201172,14.039999961853027,12.392500019073486,-1.0733047802362308
2017-01-03,40.0693244934082,19.789024353027344,12.850000381469727,12.32900004386902,-1.0203082378737445
2017-01-04,40.05742645263672,19.94895362854004,11.850000381469727,12.314500045776366,-1.12144241296655
2017-01-05,40.31777572631836,19.74693489074707,11.670000076293945,12.308500051498413,-0.9341001511599265
2017-01-06,40.922279357910156,19.814268112182617,11.319999694824219,12.263500022888184,-0.8286193166957534
2017-01-09,41.01996994018555,19.679601669311523,11.5600004196167,12.20950002670288,-0.7221636558574374
2017-01-10,40.96194839477539,19.721681594848633,11.489999771118164,12.196500015258788,-0.76210753676079
2017-01-11,41.152870178222656,19.84793472290039,11.260000228881836,12.127500009536742,-0.7932864752959904
2017-01-12,41.13650894165039,19.679601669311523,11.539999961853027,12.068499994277953,-0.6938545109489982
2017-01-13,41.206424713134766,19.789024353027344,11.229999542236328,11.970499992370605,-0.7440888221327564
2017-01-17,41.03385543823242,19.317649841308594,11.869999885559082,11.924499988555908,-0.49644499888882804
2017-01-18,41.11122131347656,19.47757911682129,12.479999542236328,11.938499975204468,-0.5758955736262334
2017-01-19,40.88062286376953,19.39341163635254,12.779999732971191,11.991999959945678,-0.5802077731578432
2017-01-20,41.06906509399414,19.486000061035156,11.539999961853027,11.996499967575073,-0.5913089327164152
2017-01-23,41.875404357910156,19.359737396240234,11.770000457763672,12.021499967575073,-0.31787384064556673
2017-01-24,42.1283073425293,19.603837966918945,11.069999694824219,12.003499937057494,-0.40638981935645685
2017-01-25,42.570655822753906,19.932111740112305,10.8100004196167,11.971999979019165,-0.5005938093206962
2017-01-26,42.49775314331055,19.982624053955078,10.630000114440918,11.903999996185302,-0.5493325348239253
2017-01-27,41.905147552490234,19.9068603515625,10.579999923706055,11.785500001907348,-0.6467443363430333
2017-01-30,40.85384750366211,19.74693489074707,11.880000114440918,11.711000013351441,-0.803879937880282
2017-01-31,40.67333221435547,19.62067222595215,11.989999771118164,11.608500003814697,-0.7701672408838492
2017-02-01,40.4278678894043,19.64592742919922,11.8100004196167,11.556500005722047,-0.8453085386889064
2017-02-02,40.57762145996094,19.570171356201172,11.930000305175781,11.560500001907348,-0.7623943838753661
2017-02-03,40.67036056518555,19.96578598022461,10.970000267028809,11.525500011444091,-0.9828911877459269
2017-02-06,40.7442512512207,19.873197555541992,11.369999885559082,11.528000020980835,-0.9080652626813517
2017-02-07,41.12162399291992,19.822683334350586,11.289999961853027,11.514499998092651,-0.7853648286477427
2017-02-08,41.15386199951172,19.688016891479492,11.449999809265137,11.5125,-0.6948086214375445
2017-02-09,41.16278839111328,19.957359313964844,10.880000114440918,11.493499994277954,-0.8580963028743792
2017-02-10,41.40032958984375,20.016286849975586,10.850000381469727,11.45900001525879,-0.8365927977334148
2017-02-13,41.60414123535156,20.24354362487793,11.069999694824219,11.451000022888184,-0.9266867493230903
2017-02-14,41.65719985961914,20.479236602783203,10.739999771118164,11.394500017166138,-1.058583293886487
2017-02-15,41.5228157043457,20.6391658782959,11.970000267028809,11.369000053405761,-1.1894712605951723
2017-02-16,41.763328552246094,20.58866310119629,11.760000228881836,11.318000078201294,-1.1000232638871472
2017-02-17,41.980525970458984,20.597074508666992,11.489999771118164,11.315500068664551,-1.052429712413812
2017-02-21,42.115413665771484,20.698087692260742,11.569999694824219,11.305500030517578,-1.0817154033852654
2017-02-22,42.21906661987305,20.714923858642578,11.739999771118164,11.339000034332276,-1.0668788747431477
2017-02-23,42.201210021972656,20.714923858642578,11.710000038146973,11.384000015258788,-1.0712165214638156
2017-02-24,42.04301834106445,20.55499267578125,11.470000267028809,11.426000022888184,-1.0113986265163915
2017-02-27,42.135257720947266,20.664417266845703,12.09000015258789,11.501500034332276,-1.0562113559892443
2017-02-28,41.90018844604492,20.656002044677734,12.920000076293945,11.553500032424926,-1.1081439174273544
2017-03-01,42.48635482788086,21.24521255493164,12.539999961853027,11.58100004196167,-1.3277047516748943
2017-03-02,42.1441764831543,20.916933059692383,11.8100004196167,11.58100004196167,-1.2091643551522602
2017-03-03,42.105987548828125,21.017942428588867,10.960000038146973,11.53250002861023,-1.2804907212192513
2017-03-06,42.0162353515625,20.85801887512207,11.239999771118164,11.546000003814697,-1.2040524927249197
2017-03-07,42.20864486694336,20.799089431762695,11.449999809265137,11.55,-1.1211130777931737
2017-03-08,42.332122802734375,20.807510375976562,11.859999656677246,11.57849998474121,-1.0962913117794444
2017-03-09,42.540401458740234,20.88326644897461,12.300000190734863,11.621000003814697,-1.0922338428768974
2017-03-10,42.71744155883789,20.86643409729004,11.65999984741211,11.659999990463257,-1.0388879849009922
2017-03-13,42.874637603759766,20.916933059692383,11.350000381469727,11.684999990463258,-1.0317239321755864
2017-03-14,42.94059753417969,20.85801887512207,12.300000190734863,11.746500015258789,-0.97951047119846
2017-03-15,43.06357955932617,20.82434844970703,11.630000114440918,11.791000032424927,-0.9289525988960733
2017-03-16,43.1434211730957,20.85801887512207,11.210000038146973,11.753000020980835,-0.9302414392627218
2017-03-17,43.260948181152344,20.65359878540039,11.279999732971191,11.728999996185303,-0.7761177965277523
2017-03-20,43.0397834777832,20.484651565551758,11.34000015258789,11.721500015258789,-0.7260585152192046
2017-03-21,42.15856170654297,19.91023063659668,12.470000267028809,11.76650004386902,-0.5872564310485091
2017-03-22,42.14170455932617,19.867990493774414,12.8100004196167,11.820000076293946,-0.5654033340265473
2017-03-23,41.63835906982422,19.91023063659668,13.119999885559082,11.89050006866455,-0.7136217820427492
2017-03-24,41.41470718383789,19.884885787963867,12.960000038146973,11.96500005722046,-0.7523810751268631
2017-03-27,41.581825256347656,19.808860778808594,12.5,11.985500049591064,-0.66508360491524
2017-03-28,41.68695831298828,20.07918357849121,11.529999732971191,11.916000032424927,-0.8056034257876756
2017-03-29,42.14516830444336,19.952468872070312,11.420000076293945,11.860000038146973,-0.6164566876249027
2017-03-30,42.125831604003906,20.214336395263672,11.539999961853027,11.846500015258789,-0.7820181132157026
2017-03-31,42.04252243041992,20.045387268066406,12.369999885559082,11.917000007629394,-0.6984703974247569
2017-04-03,42.48635482788086,20.003149032592773,12.380000114440918,11.974000024795533,-0.564709781305532
2017-04-04,42.27906036376953,19.97780418395996,11.789999961853027,11.991000032424926,-0.5994956009569965
2017-04-05,42.09756088256836,19.82575225830078,12.890000343322754,12.042500066757203,-0.5501797331835102
2017-04-06,41.908626556396484,19.952468872070312,12.390000343322754,12.047000074386597,-0.6739163752675377
2017-04-07,41.75985336303711,19.867990493774414,12.869999885559082,12.107500076293945,-0.6581609577690927
2017-04-10,41.740020751953125,19.817304611206055,14.050000190734863,12.242500066757202,-0.631842461128068
2017-04-11,41.6497688293457,19.758180618286133,15.069999694824219,12.38100004196167,-0.6174464162894369
2017-04-12,41.728118896484375,19.597673416137695,15.770000457763672,12.588000059127808,-0.49981498720844025
2017-04-13,41.664642333984375,19.344255447387695,15.960000038146973,12.825500059127808,-0.3595607271718262
2017-04-17,42.40601348876953,19.68214988708496,14.65999984741211,12.994500064849854,-0.3870373752991569
2017-04-18,42.34947967529297,19.496320724487305,14.420000076293945,13.148500061035156,-0.2866161635187603
2017-04-19,42.474449157714844,19.437183380126953,14.930000305175781,13.271500062942504,-0.2199312738440628
2017-04-20,42.651485443115234,19.766630172729492,14.149999618530273,13.338500022888184,-0.37930432407262843
2017-04-21,42.59544372558594,19.563892364501953,14.630000114440918,13.414000034332275,-0.2683766568061444
2017-04-24,43.58625411987305,20.003149032592773,10.84000015258789,13.30800004005432,-0.29752705234513643
2017-04-25,44.07769775390625,20.180540084838867,10.760000228881836,13.221000051498413,-0.28711837167666726
2017-04-26,44.09257507324219,20.163650512695312,10.850000381469727,13.18700008392334,-0.2731292373660705
2017-04-27,44.20663070678711,20.070728302001953,10.359999656677246,13.134000062942505,-0.18834157529474943
2017-04-28,45.847076416015625,19.876441955566406,10.819999694824219,13.098000049591064,0.32949770194428574
2017-05-01,46.258670806884766,20.003149032592773,10.109999656677246,12.985000038146973,0.35164472961120813
2017-05-02,46.470420837402344,19.97780418395996,10.59000015258789,12.895500040054321,0.41865136718370577
2017-05-03,47.03376770019531,20.1383056640625,10.680000305175781,12.84000005722046,0.45690166685135625
2017-05-04,47.34469985961914,20.172094345092773,10.460000038146973,12.71850004196167,0.5116756878847392
2017-05-05,47.124515533447266,20.1383056640625,10.569999694824219,12.627500009536742,0.47894573389642525
2017-05-08,47.541568756103516,20.121408462524414,9.770000457763672,12.472500038146972,0.5906343676620553
2017-05-09,47.443382263183594,20.045387268066406,9.960000038146973,12.268000030517578,0.6134828689845033
2017-05-10,47.350650787353516,20.112964630126953,10.210000038146973,12.025000047683715,0.5494444237104122
2017-05-11,47.40271759033203,19.98626136779785,10.600000381469727,11.76650004386902,0.6399256034925579
2017-05-12,47.365516662597656,19.90178108215332,10.399999618530273,11.488500022888184,0.682784839813198
2017-05-15,47.56785202026367,20.053834915161133,10.420000076293945,11.276500034332276,0.6385291604113584
2017-05-16,47.83514404296875,20.112964630126953,10.649999618530273,11.088000011444091,0.6671354079129044
2017-05-17,46.72234344482422,19.479421615600586,15.59000015258789,11.121000003814697,0.7860018513148989
2017-05-18,47.13542938232422,19.555444717407227,14.65999984741211,11.14650001525879,0.8396461751417359
2017-05-19,47.341224670410156,19.724384307861328,12.039999961853027,11.017000007629395,0.7858581093522796
2017-05-22,47.80836486816406,19.775075912475586,10.930000305175781,11.02150001525879,0.8681941017001374
2017-05-23,48.129703521728516,19.9271240234375,10.720000267028809,11.019500017166138,0.8528496978718471
2017-05-24,48.47981262207031,19.91867446899414,10.020000457763672,10.978000020980835,0.9430872000458163
2017-05-25,49.18647384643555,19.952468872070312,9.989999771118164,10.95950002670288,1.093986480990931
2017-05-26,49.25639343261719,19.94402503967285,9.8100004196167,10.909000062942505,1.1161580559068622
2017-05-30,49.40020751953125,19.808860778808594,10.380000114440918,10.922500085830688,1.2341236446406432
2017-05-31,48.94992446899414,19.639915466308594,10.40999984741211,10.9135000705719,1.2285253267273675
2017-06-01,49.009437561035156,19.884885787963867,9.890000343322754,10.874000072479248,1.0924976357436884
2017-06-02,49.397727966308594,19.808860778808594,9.75,10.8385000705719,1.2335213224085486
2017-06-05,49.78255081176758,19.8426570892334,10.069999694824219,10.8135000705719,1.3062398592498572
2017-06-06,49.42549514770508,19.758180618286133,10.449999809265137,10.847500038146972,1.271399037575246
2017-06-07,49.66452407836914,19.91023063659668,10.390000343322754,10.869000053405761,1.236059143913061
2017-06-08,49.80238723754883,20.1383056640625,10.15999984741211,10.866500043869019,1.1294426247633778
2017-06-09,48.1083869934082,20.518434524536133,10.699999809265137,10.871500015258789,0.4844317535486824
2017-06-12,47.696292877197266,20.5606689453125,11.460000038146973,10.924500036239625,0.358383205354511
2017-06-13,48.127227783203125,20.670480728149414,10.420000076293945,10.924500036239625,0.39560706238116705
2017-06-14,47.999786376953125,20.704280853271484,10.640000343322754,10.924000072479249,0.343886262666281
2017-06-15,47.61545944213867,20.61980438232422,10.899999618530273,10.689500045776366,0.302420823088217
2017-06-16,47.5380973815918,20.596908569335938,10.380000114440918,10.475500059127807,0.29769318162304603
2017-06-19,48.36129379272461,20.808895111083984,10.369999885559082,10.39200005531311,0.36743791735258013
2017-06-20,48.05234909057617,20.63082504272461,10.859999656677246,10.388500022888184,0.4017781966713912
2017-06-21,48.528419494628906,20.46122932434082,10.75,10.390000009536744,0.621605153268133
2017-06-22,48.430728912353516,20.33403968811035,10.479999542236328,10.412999963760376,0.676006701197136
2017-06-23,48.90033721923828,20.257720947265625,10.020000457763672,10.414499998092651,0.8369642154027663
2017-06-26,48.206077575683594,20.367963790893555,9.899999618530273,10.41899995803833,0.6005959310224354
2017-06-27,47.01591491699219,20.46971321105957,11.0600004196167,10.45299997329712,0.2489825317480234
2017-06-28,47.656620025634766,20.791934967041016,10.029999732971191,10.433999967575073,0.2066801985612433
2017-06-29,46.50662612915039,20.936092376708984,11.4399995803833,10.511499929428101,-0.1612266496906178
2017-06-30,46.10296630859375,20.91913414001465,11.180000305175781,10.58299994468689,-0.24886454783239673
2017-07-03,45.59614944458008,21.22439193725586,11.220000267028809,10.64049997329712,-0.5594970071083344
2017-07-05,46.230899810791016,21.258312225341797,11.069999694824219,10.671499967575073,-0.4261433282336192
2017-07-06,46.004276275634766,21.097200393676758,12.539999961853027,10.778999948501587,-0.38222333210370474
2017-07-07,46.65489959716797,21.241357803344727,11.1899995803833,10.830499935150147,-0.31273211525486655
2017-07-10,47.160221099853516,21.215911865234375,11.109999656677246,10.850999927520752,-0.1743502798140805
2017-07-11,47.28567886352539,21.029361724853516,10.890000343322754,10.82249994277954,-0.029277575544892274
2017-07-12,47.986392974853516,21.097200393676758,10.300000190734863,10.816499948501587,0.09926379373672052
2017-07-13,48.045406341552734,21.22439193725586,9.899999618530273,10.779499912261963,0.03546577395950963
2017-07-14,48.44510269165039,21.131122589111328,9.510000228881836,10.709999942779541,0.1898532757547831
2017-07-17,48.397987365722656,21.063282012939453,9.819999694824219,10.681999921798706,0.22008243858162624
2017-07-18,48.94298553466797,21.029361724853516,9.890000343322754,10.657999944686889,0.3733081178399235
2017-07-19,49.23160171508789,21.037841796875,9.789999961853027,10.604499959945679,0.43820822252035063
2017-07-20,49.20283889770508,21.029361724853516,9.579999923706055,10.54599995613098,0.4364305611138341
2017-07-21,49.284664154052734,21.029361724853516,9.359999656677246,10.489999961853027,0.45630719477295095
2017-07-24,49.5063362121582,21.122642517089844,9.430000305175781,10.460499954223632,0.4528527609786356
2017-07-25,48.05432891845703,21.38550567626953,9.430000305175781,10.436999988555907,-0.06133835917583203
2017-07-26,47.86985778808594,21.241357803344727,9.600000381469727,10.36399998664856,-0.017599781426112855
2017-07-27,47.235107421875,21.122642517089844,10.109999656677246,10.367999982833862,-0.09886421047441475
2017-07-28,47.52371597290039,21.122642517089844,10.289999961853027,10.310500001907348,-0.028756682607384242
2017-07-31,46.887474060058594,21.275266647338867,10.260000228881836,10.264499998092651,-0.2770662190639618
2017-08-01,46.940040588378906,21.427906036376953,10.09000015258789,10.207999992370606,-0.35806279281044284
2017-08-02,46.993595123291016,21.461822509765625,10.279999732971191,10.168499994277955,-0.365888321835657
2017-08-03,46.629608154296875,21.38550567626953,10.4399995803833,10.063499975204468,-0.40742530054060055
2017-08-04,46.90186309814453,21.529659271240234,10.029999732971191,10.005499982833863,-0.42984333300636907
2017-08-07,46.89986801147461,21.495746612548828,9.930000305175781,9.946500015258788,-0.40949555150618455
2017-08-08,46.822509765625,21.436384201049805,10.960000038146973,9.95,-0.3918209714203748
2017-08-09,46.61869812011719,21.436384201049805,11.109999656677246,9.99049997329712,-0.441330005599363
2017-08-10,45.80095672607422,21.054800033569336,16.040000915527344,10.297500038146973,-0.4055664460569718
2017-08-11,46.123294830322266,20.970003128051758,15.510000228881836,10.597500038146972,-0.27517506103074546
2017-08-14,46.561668395996094,21.258312225341797,12.329999923706055,10.723000049591064,-0.3457944691218074
2017-08-15,46.5195198059082,21.275266647338867,12.039999961853027,10.830500030517578,-0.3664480583580147
2017-08-16,46.82648468017578,21.23287582397461,11.739999771118164,10.928000020980836,-0.26584096863103096
2017-08-17,46.002784729003906,20.86825942993164,15.550000190734863,11.226500034332275,-0.24194807542488592
2017-08-18,45.92938995361328,20.876739501953125,14.260000228881836,11.471500062942505,-0.2649860899806607
2017-08-21,45.66606903076172,20.817378997802734,13.1899995803833,11.659500026702881,-0.2924859223294692
2017-08-22,46.63456726074219,21.04631996154785,11.350000381469727,11.755500030517577,-0.19786014173938984
2017-08-23,46.742671966552734,20.978487014770508,12.25,11.888000011444092,-0.129930293891925
2017-08-24,46.46049880981445,20.978487014770508,12.229999542236328,11.994000005722047,-0.19847456390427348
2017-08-25,46.14363098144531,21.037841796875,11.279999732971191,12.043499994277955,-0.31190813228708464
2017-08-28,46.02609634399414,20.902170181274414,11.319999694824219,12.096499967575074,-0.25711656735111155
2017-08-29,46.40397262573242,20.834341049194336,11.699999809265137,12.176999950408936,-0.12365733065560294
2017-08-30,46.794742584228516,20.91913414001465,11.220000267028809,12.223999977111816,-0.08082127832598425
2017-08-31,47.3704833984375,20.94456672668457,10.59000015258789,12.231500005722046,0.04341202126873907
2017-09-01,47.209312438964844,21.003921508789062,10.130000114440918,12.236500024795532,-0.0322003441864798
2017-09-05,46.68812561035156,20.554508209228516,12.229999542236328,12.351499986648559,0.1172681361378977
2017-09-06,46.71490478515625,20.60538673400879,11.630000114440918,12.384999990463257,0.09251872900697265
2017-09-07,47.10517883300781,20.249238967895508,11.550000190734863,12.407000017166137,0.4061026340251639
2017-09-08,46.684654235839844,20.435794830322266,12.119999885559082,12.210999965667725,0.18935006910536925
2017-09-11,46.77788543701172,20.791934967041016,10.729999542236328,11.97199993133545,-0.006778167245090723
2017-09-12,46.94450759887695,21.037841796875,10.579999923706055,11.88449993133545,-0.11736268456851635
2017-09-13,47.1324462890625,21.071767807006836,10.5,11.807499933242799,-0.09255006029900013
2017-09-14,46.62118148803711,21.029361724853516,10.4399995803833,11.742499923706054,-0.19069437384867796
2017-09-15,46.38115692138672,21.091524124145508,10.170000076293945,11.47349991798401,-0.287186221658125
2017-09-18,46.1064338684082,21.338459014892578,10.149999618530273,11.26799988746643,-0.505611923664936
2017-09-19,46.45901870727539,21.500242233276367,10.180000305175781,11.117499923706054,-0.5193463807515041
2017-09-20,46.9886360168457,21.627965927124023,9.779999732971191,11.038999891281128,-0.4691542453926645
2017-09-21,46.989131927490234,21.679054260253906,9.670000076293945,10.909999895095826,-0.5004171526672457
2017-09-22,46.776390075683594,21.653512954711914,9.59000015258789,10.777999925613404,-0.536405545186545
2017-09-25,46.331077575683594,21.627965927124023,10.210000038146973,10.724499940872192,-0.6288854680961735
2017-09-26,46.487281799316406,21.61945152282715,10.170000076293945,10.666999959945679,-0.5857106540994187
2017-09-27,47.6015739440918,21.883419036865234,9.869999885559082,10.575499963760375,-0.47718593158582445
2017-09-28,47.84506607055664,21.917476654052734,9.550000190734863,10.491999959945678,-0.43895935509006856
2017-09-29,48.286903381347656,22.019655227661133,9.510000228881836,10.437999963760376,-0.39439808169789914
2017-10-02,47.97697067260742,22.206987380981445,9.449999809265137,10.403999948501587,-0.584763021005471
2017-10-03,48.20558166503906,22.283618927001953,9.510000228881836,10.267999982833862,-0.5763043095988895
2017-10-04,47.94275665283203,22.181432723999023,9.630000114440918,10.167999982833862,-0.577376011074114
2017-10-05,48.855712890625,22.411340713500977,9.1899995803833,10.049999952316284,-0.49683628878396163
2017-10-06,49.27474594116211,22.4368896484375,9.649999618530273,9.926499938964843,-0.4107412265620688
2017-10-09,49.20878982543945,22.351734161376953,10.329999923706055,9.90649995803833,-0.3744523011332505
2017-10-10,48.98513412475586,22.453922271728516,10.079999923706055,9.88149995803833,-0.49155553997290385
2017-10-11,49.870323181152344,22.411340713500977,9.850000381469727,9.848999977111816,-0.25037159130843956
2017-10-12,49.870323181152344,22.241050720214844,9.90999984741211,9.822499990463257,-0.14576308615172517
2017-10-13,49.98041534423828,22.24955940246582,9.609999656677246,9.794499969482422,-0.1242468306893432
2017-10-16,50.053802490234375,22.394315719604492,9.90999984741211,9.782499980926513,-0.19534320943891004
2017-10-17,50.1356315612793,22.283618927001953,10.3100004196167,9.788999986648559,-0.10746502398285983
2017-10-18,50.221920013427734,22.40282440185547,10.069999694824219,9.803499984741212,-0.15973168709593183
2017-10-19,49.68138122558594,22.41986083984375,10.050000190734863,9.822499990463257,-0.301502427099382
2017-10-20,49.8415641784668,22.683820724487305,9.970000267028809,9.841499996185302,-0.42474105288971614
2017-10-23,48.8730583190918,22.666793823242188,11.069999694824219,9.884499979019164,-0.6495467017757964
2017-10-24,49.01935577392578,22.828577041625977,11.15999984741211,9.933999967575073,-0.7133915886238593
2017-10-25,49.16664123535156,22.692337036132812,11.229999542236328,10.001999950408935,-0.5939219228681646
2017-10-26,49.164649963378906,22.820056915283203,11.300000190734863,10.089499950408936,-0.6728634774169548
2017-10-27,51.25983810424805,22.803024291992188,9.800000190734863,10.103999948501587,-0.1534464544412298
2017-10-30,51.233062744140625,22.709362030029297,10.5,10.15649995803833,-0.10241423113024208
2017-10-31,51.228599548339844,22.64975929260254,10.180000305175781,10.189999961853028,-0.06688467275303352
2017-11-01,51.70267105102539,22.683820724487305,10.199999809265137,10.218499946594239,0.02735089472532426
2017-11-02,51.721031188964844,22.89669418334961,9.930000305175781,10.255499982833863,-0.09895650939776071
2017-11-03,52.069149017333984,22.803024291992188,9.140000343322754,10.230000019073486,0.04314781551604745
2017-11-06,51.706642150878906,22.777484893798828,9.399999618530273,10.183500003814697,-0.02922201149888076
2017-11-07,52.18815994262695,22.46242904663086,9.890000343322754,10.174000024795532,0.2812838130878107
2017-11-08,52.480743408203125,22.351734161376953,9.779999732971191,10.170499992370605,0.420356363295593
2017-11-09,51.95658493041992,22.27510643005371,10.5,10.2,0.34010220506745975
2017-11-10,51.779541015625,22.206987380981445,11.289999961853027,10.284000015258789,0.33894074779240924
2017-11-13,51.63325119018555,22.241050720214844,11.5,10.363500022888184,0.2824796810211385
2017-11-14,51.65507888793945,22.232526779174805,11.59000015258789,10.427500009536743,0.293018195022337
2017-11-15,51.395713806152344,22.292131423950195,13.130000114440918,10.580500030517578,0.19339945282356708
2017-11-16,51.9937744140625,22.300647735595703,11.760000228881836,10.666000032424927,0.3334461835544721
2017-11-17,51.36992645263672,22.27510643005371,11.430000305175781,10.739000034332275,0.19759369160350063
2017-11-20,51.308937072753906,22.377281188964844,10.649999618530273,10.718000030517578,0.12001284622827495
2017-11-21,52.08452224731445,22.445404052734375,9.729999542236328,10.64650001525879,0.2665669870791542
2017-11-22,52.164852142333984,22.334707260131836,9.880000114440918,10.57900004386902,0.3540809992471842
2017-11-24,52.392974853515625,22.326196670532227,9.670000076293945,10.497500038146972,0.41472359456919716
2017-11-27,53.1611213684082,22.309162139892578,9.869999885559082,10.501000022888183,0.6117826372034443
2017-11-28,52.72869873046875,22.88818359375,10.029999732971191,10.477500009536744,0.15104970914763255
2017-11-29,51.44382095336914,23.279865264892578,10.699999809265137,10.503499984741211,-0.4016757687508816
2017-11-30,51.38380813598633,23.433137893676758,11.279999732971191,10.557499980926513,-0.5104086219382307
2017-12-01,50.833370208740234,23.484222412109375,11.430000305175781,10.632499980926514,-0.6754996259324272
2017-12-04,50.178775787353516,23.84185028076172,11.680000305175781,10.759499979019164,-1.0542003023387985
2017-12-05,50.56210708618164,23.714122772216797,11.329999923706055,10.855999994277955,-0.8826206083837439
2017-12-06,51.212730407714844,23.628978729248047,11.020000457763672,10.9125,-0.6722703678911267
2017-12-07,51.80037307739258,23.705608367919922,10.15999984741211,10.931500005722047,-0.5765960788993222
2017-12-08,52.03889846801758,23.850364685058594,9.579999923706055,10.88550000190735,-0.6075777969913986
2017-12-11,52.16734313964844,23.790767669677734,9.34000015258789,10.788000011444092,-0.5397663553557065
2017-12-12,52.008644104003906,24.02918243408203,9.920000076293945,10.70900001525879,-0.7247741284430893
2017-12-13,52.13857650756836,23.731157302856445,10.180000305175781,10.638500022888184,-0.5101357947941205
2017-12-14,52.440086364746094,23.57789421081543,10.489999771118164,10.506500005722046,-0.34274539453514696
2017-12-15,53.160621643066406,23.790040969848633,9.420000076293945,10.389499998092651,-0.2980370733917726
2017-12-18,53.80976486206055,24.003904342651367,9.529999732971191,10.294499969482422,-0.2717255086948578
2017-12-19,53.54643249511719,23.901254653930664,10.029999732971191,10.263499975204468,-0.27263573702454386
2017-12-20,53.23798751831055,23.858478546142578,9.720000267028809,10.263000011444092,-0.32128463992634426
2017-12-21,53.10359573364258,24.063779830932617,9.619999885559082,10.25,-0.4800463153196506
2017-12-22,53.00491714477539,23.99534797668457,9.899999618530273,10.261499977111816,-0.46197945506369453
2017-12-26,52.85565185546875,23.926904678344727,10.25,10.280499982833863,-0.4561938649293177
2017-12-27,52.57546615600586,23.952573776245117,10.470000267028809,10.302500009536743,-0.5400237812184142
2017-12-28,52.364707946777344,24.046674728393555,10.180000305175781,10.276500034332276,-0.6490261068030058
2017-12-29,52.23824691772461,23.875581741333008,11.039999961853027,10.264500045776368,-0.5746436860642049
2018-01-02,53.22063064575195,23.88414192199707,9.770000457763672,10.181500053405761,-0.3412658112316501
2018-01-03,54.128623962402344,24.0124568939209,9.149999618530273,10.055000019073486,-0.1995234498126992
2018-01-04,54.33888244628906,24.234878540039062,9.220000267028809,9.949500036239623,-0.28508116209388273
2018-01-05,55.05943298339844,24.303312301635742,9.220000267028809,9.85950002670288,-0.15208677821767294
2018-01-08,55.253822326660156,24.269092559814453,9.520000457763672,9.827500057220458,-0.0838455092693285
2018-01-09,55.183406829833984,24.457286834716797,10.079999923706055,9.852500057220459,-0.216557572315036
2018-01-10,55.05199432373047,24.66259765625,9.819999694824219,9.876500034332276,-0.3746013927658526
2018-01-11,55.14671325683594,24.782363891601562,9.880000114440918,9.874500036239624,-0.4251646333637608
2018-01-12,56.069087982177734,25.00478172302246,10.15999984741211,9.87350001335144,-0.33773583718193717
2018-01-16,56.071571350097656,24.936344146728516,11.65999984741211,9.932000017166137,-0.2950916414747468
2018-01-17,56.488128662109375,25.124542236328125,11.90999984741211,10.056500005722047,-0.3095127414401123
2018-01-18,56.33290481567383,25.09032440185547,12.220000267028809,10.191000032424927,-0.3261991522446216
2018-01-19,56.706321716308594,25.26997184753418,11.270000457763672,10.253000068664551,-0.3458471038595373
2018-01-22,57.73085403442383,25.47527503967285,11.029999732971191,10.31850004196167,-0.22308917289695723
2018-01-23,58.32643508911133,25.500938415527344,11.100000381469727,10.392500066757203,-0.09417814172769061
2018-01-24,58.084434509277344,25.67203140258789,11.470000267028809,10.47100009918213,-0.25806564615572675
2018-01-25,58.62248611450195,25.62070083618164,11.579999923706055,10.537500095367431,-0.09583232702446406
2018-01-26,58.891265869140625,25.80890464782715,11.079999923706055,10.568000078201294,-0.14615442040443785
2018-01-29,58.83770751953125,25.706247329711914,13.84000015258789,10.7510000705719,-0.09610257454085469
2018-01-30,58.38594055175781,25.37262725830078,14.789999961853027,10.9385000705719,-0.0009022714351585678
2018-01-31,58.62644958496094,25.441057205200195,13.539999961853027,11.127000045776366,0.015484871661808501
2018-02-01,58.595211029052734,25.68058204650879,13.470000267028809,11.343000078201294,-0.13924267483233715
2018-02-02,55.501277923583984,25.11598777770996,17.309999465942383,11.747500038146972,-0.5439792379713918
2018-02-05,52.68406295776367,23.84992027282715,37.31999969482422,13.152500009536743,-0.45058425802927604
2018-02-06,53.77703857421875,24.286197662353516,29.979999542236328,14.175499963760377,-0.4530869646417567
2018-02-07,52.33793258666992,24.303312301635742,27.729999542236328,15.05799994468689,-0.8131817604207241
2018-02-08,49.97248077392578,23.2340030670166,33.459999084472656,16.23999991416931,-0.7309143183227356
2018-02-09,51.88467025756836,23.6788330078125,29.059999465942383,17.198999881744385,-0.5396709728643367
2018-02-12,52.295780181884766,24.0124568939209,25.610000610351562,17.971499919891357,-0.6447498506314507
2018-02-13,52.27495193481445,24.1151065826416,24.969999313354492,18.636999893188477,-0.7128666767493765
2018-02-14,53.195343017578125,24.68826675415039,19.260000228881836,19.004499912261963,-0.8413794443743084
2018-02-15,54.12069320678711,24.825132369995117,19.1299991607666,19.349999856948852,-0.7006734558700017
2018-02-16,54.32600021362305,24.79091453552246,19.459999084472656,19.7594997882843,-0.6297812874783884
2018-02-20,54.7271842956543,24.71392822265625,20.600000381469727,20.237999820709227,-0.4850349999369942
2018-02-21,55.23101806640625,24.748138427734375,20.020000457763672,20.683999824523926,-0.3836611031898692
2018-02-22,55.04009246826172,24.542835235595703,18.719999313354492,21.04649977684021,-0.3039229329702325
2018-02-23,55.94214630126953,24.910682678222656,16.489999771118164,21.291999769210815,-0.31076726468738075
2018-02-26,56.716243743896484,25.28707504272461,15.800000190734863,21.527999782562254,-0.35394331703730125
2018-02-27,55.41747283935547,25.04755210876465,18.59000015258789,21.765499782562255,-0.5222970276182123
2018-02-28,54.74354553222656,24.69681739807129,19.850000381469727,22.01849980354309,-0.47054948439054
2018-03-01,53.131370544433594,24.269092559814453,22.469999313354492,22.464999771118165,-0.599422220147124
2018-03-02,53.76265335083008,24.32897186279297,19.59000015258789,22.77099976539612,-0.4828573913823557
2018-03-05,54.28929901123047,24.671154022216797,18.729999542236328,22.841999769210815,-0.5651281483304247
2018-03-06,54.593780517578125,24.773805618286133,18.360000610351562,21.893999814987183,-0.5542233225738548
2018-03-07,55.294986724853516,24.731029510498047,17.760000228881836,21.28299984931946,-0.35761217246432375
2018-03-08,56.00611114501953,24.80802345275879,16.540000915527344,20.723499917984007,-0.23216602664457578
2018-03-09,57.56621551513672,25.40683937072754,14.640000343322754,19.782499980926513,-0.22104266731005856
2018-03-12,57.81863021850586,25.32129669189453,15.779999732971191,19.118499994277954,-0.10717864347407138
2018-03-13,56.52829360961914,25.03899383544922,16.350000381469727,18.655499982833863,-0.24720398564004495
2018-03-14,56.97361373901367,24.75670051574707,17.229999542236328,18.268499994277953,0.03438296307778263
2018-03-15,57.058902740478516,24.76525115966797,16.59000015258789,18.134999990463257,0.04984836602335412
2018-03-16,56.256046295166016,24.786718368530273,15.800000190734863,17.96850004196167,-0.15836523884287135
2018-03-19,54.55262756347656,24.606412887573242,19.020000457763672,17.94650011062622,-0.4613912907195186
2018-03-20,54.340877532958984,24.666515350341797,18.200000762939453,17.826500129699706,-0.5497494004918196
2018-03-21,54.25161361694336,24.657930374145508,17.860000610351562,17.7185001373291,-0.5661592821197151
2018-03-22,52.22585678100586,23.747852325439453,23.34000015258789,17.949500179290773,-0.499189742075951
2018-03-23,50.90675735473633,23.02666473388672,24.8700008392334,18.368500232696533,-0.37659677293707605
2018-03-26,52.272464752197266,23.773611068725586,21.030000686645508,18.630000257492064,-0.5036914369485117
2018-03-27,49.934295654296875,23.309993743896484,22.5,18.82550024986267,-0.7868708689268339
2018-03-28,49.84701156616211,23.352916717529297,22.8700008392334,18.976500272750854,-0.8344409601065482
2018-03-29,51.431915283203125,23.670578002929688,19.969999313354492,18.851500272750854,-0.644581213910674
2018-04-02,50.21645736694336,23.1468563079834,23.6200008392334,19.05300030708313,-0.6181146629151867
2018-04-03,50.51648712158203,23.46453094482422,21.100000381469727,19.1715003490448,-0.7403790859338101
2018-04-04,51.0634651184082,23.713516235351562,20.059999465942383,19.25650029182434,-0.7604603130285277
2018-04-05,51.20876693725586,23.90239143371582,18.940000534057617,19.31550030708313,-0.841189557264269
2018-04-06,50.083560943603516,23.32715606689453,21.489999771118164,19.56300024986267,-0.7611547479508564
2018-04-09,50.58639907836914,23.455942153930664,21.770000457763672,19.919500255584715,-0.7181203168557607
2018-04-10,51.400177001953125,23.807954788208008,20.469999313354492,20.15400023460388,-0.736680983215664
2018-04-11,50.83286666870117,23.524625778198242,20.239999771118164,20.348500204086303,-0.7004415801598571
2018-04-12,51.439353942871094,23.93674087524414,18.489999771118164,20.411500215530396,-0.8062771029238793
2018-04-13,51.37736511230469,23.576148986816406,17.40999984741211,20.452500200271608,-0.5998249120455659
2018-04-16,51.876243591308594,23.679174423217773,16.559999465942383,20.49050016403198,-0.5419276720087645
2018-04-17,53.52560806274414,23.679174423217773,15.25,20.3020001411438,-0.1412712630658266
2018-04-18,53.32874298095703,23.567562103271484,15.600000381469727,20.172000122070312,-0.12052983817930733
2018-04-19,54.02597427368164,23.928152084350586,15.960000038146973,20.077000093460082,-0.17267053476584113
2018-04-20,53.42444610595703,23.93674087524414,16.8799991607666,19.75400004386902,-0.32406719040494064
2018-04-23,53.25038146972656,23.910982131958008,16.34000015258789,19.32750000953674,-0.35052671156121207
2018-04-24,50.71285629272461,23.756437301635742,18.020000457763672,19.17699999809265,-0.8719949269299624
2018-04-25,50.730220794677734,23.739267349243164,17.84000015258789,18.944000005722046,-0.857229380551116
2018-04-26,51.737884521484375,23.747852325439453,16.239999771118164,18.612499952316284,-0.617725830702551
2018-04-27,51.14974594116211,23.782196044921875,15.40999984741211,18.384499979019164,-0.7816911024708566
2018-04-30,50.51152420043945,23.567562103271484,15.930000305175781,17.999999952316283,-0.80487631184038
2018-05-01,51.61093521118164,23.576148986816406,15.489999771118164,17.719499921798707,-0.5430870844318565
2018-05-02,50.881961822509766,23.309993743896484,15.970000267028809,17.51499996185303,-0.5566679450682741
2018-05-03,50.89435577392578,23.112520217895508,15.899999618530273,17.36299991607666,-0.4323500130535511
2018-05-04,52.119232177734375,23.413013458251953,14.770000457763672,17.026999950408936,-0.3194002625303177
2018-05-07,52.53876876831055,23.567562103271484,14.75,16.675999927520753,-0.3124269213758357
2018-05-08,52.49562454223633,23.730680465698242,14.710000038146973,16.387999963760375,-0.42311032739111853
2018-05-09,54.00117492675781,24.082698822021484,13.420000076293945,16.046999979019166,-0.27363216592556405
2018-05-10,54.820404052734375,24.280162811279297,13.229999542236328,15.783999967575074,-0.19592999615813453
2018-05-11,54.716766357421875,24.26299285888672,12.649999618530273,15.54599995613098,-0.21055777470549725
2018-05-14,54.87643814086914,24.245817184448242,12.930000305175781,15.36449999809265,-0.16122005042100168
2018-05-15,53.79885482788086,24.202896118164062,14.630000114440918,15.333500003814697,-0.39661562900926595
2018-05-16,53.76017379760742,24.245817184448242,13.420000076293945,15.224499988555909,-0.43237810611322053
2018-05-17,53.619834899902344,24.194311141967773,13.430000305175781,15.098000001907348,-0.4348286487893926
2018-05-18,53.04359436035156,23.996835708618164,13.420000076293945,14.925000047683715,-0.45349806304800794
2018-05-21,53.75621032714844,24.168546676635742,13.079999923706055,14.762000036239623,-0.38587391145607197
2018-05-22,53.324771881103516,24.331680297851562,13.220000267028809,14.52200002670288,-0.5908894257847362
2018-05-23,53.852909088134766,24.17713737487793,12.579999923706055,14.259000015258788,-0.3676615048128479
2018-05-24,53.827613830566406,23.988250732421875,12.529999732971191,14.07350001335144,-0.2577737611305893
2018-05-25,53.759681701660156,23.910982131958008,13.220000267028809,13.964000034332276,-0.22680972508901195
2018-05-29,52.965736389160156,23.112520217895508,17.020000457763672,14.01850004196167,0.07082071314227441
2018-05-30,53.431888580322266,23.53321075439453,14.9399995803833,13.991000032424926,-0.07437225500101308
2018-05-31,54.54915237426758,23.33574867248535,15.430000305175781,13.964000034332276,0.3183288003243225
2018-06-01,56.28480911254883,23.593311309814453,13.460000038146973,13.842000055313111,0.5817271860287295
2018-06-04,57.179412841796875,23.670578002929688,12.739999771118164,13.740500020980836,0.7515757738958025
2018-06-05,57.0792350769043,23.567562103271484,12.399999618530273,13.623000001907348,0.7905233104454138
2018-06-06,56.87740707397461,23.996835708618164,11.640000343322754,13.469500017166137,0.47779496587426235
2018-06-07,56.256046295166016,24.074111938476562,12.130000114440918,13.405000019073487,0.27938622249946565
2018-06-08,56.17124557495117,24.10845375061035,12.180000305175781,13.352500057220459,0.23769075557469396
2018-06-11,56.577392578125,24.05693817138672,12.350000381469727,13.337500095367432,0.36799603793857283
2018-06-12,56.938899993896484,23.996835708618164,12.34000015258789,13.308000087738037,0.4927325572302047
2018-06-13,56.74251937866211,23.910982131958008,12.9399995803833,13.223500061035157,0.4977681670776186
2018-06-14,57.5300178527832,23.687763214111328,12.119999885559082,13.158500051498413,0.8261863999923803
2018-06-15,57.48835372924805,23.6868896484375,11.979999542236328,13.086000013351441,0.8166021613160355
2018-06-18,58.69390106201172,23.643781661987305,12.3100004196167,13.030500030517578,1.135929525252859
2018-06-19,58.4514045715332,23.583419799804688,13.350000381469727,13.044000053405762,1.1141034034932686
2018-06-20,58.71819305419922,23.5230655670166,12.789999961853027,13.022500038146973,1.215985874899036
2018-06-21,57.99269104003906,23.45407485961914,14.640000343322754,13.125500059127807,1.0821308295775276
2018-06-22,57.98525619506836,23.341976165771484,13.770000457763672,13.187500095367431,1.1491865973630737
2018-06-25,56.49705505371094,23.091920852661133,17.329999923706055,13.393000078201293,0.9412873226187023
2018-06-26,56.166778564453125,23.014312744140625,15.920000076293945,13.338000059127808,0.9087323717332816
2018-06-27,55.38920211791992,22.729759216308594,17.90999984741211,13.486500072479249,0.8946470662200008
2018-06-28,55.877174377441406,22.928083419799805,16.850000381469727,13.557500076293945,0.8913533393462154
2018-06-29,55.996681213378906,22.928083419799805,16.09000015258789,13.68900008201599,0.9203834176339922
2018-07-02,56.63739013671875,23.040184020996094,15.600000381469727,13.832000112533569,1.0071586495986569
2018-07-03,55.35647964477539,22.83323097229004,16.139999389648438,14.019000101089478,0.8231359538474832
2018-07-05,56.59672546386719,22.884967803955078,14.970000267028809,14.18550009727478,1.092629305851428
2018-07-06,57.280574798583984,22.997066497802734,13.369999885559082,14.247500085830689,1.1898851896820724
2018-07-09,57.88557815551758,23.5230655670166,12.6899995803833,14.273000049591065,1.0137307026096587
2018-07-10,57.878631591796875,23.436832427978516,12.640000343322754,14.287500047683716,1.0650159680868394
2018-07-11,58.092864990234375,23.324735641479492,13.630000114440918,14.352000045776368,1.185917245094921
2018-07-12,59.570648193359375,23.36785125732422,12.579999923706055,14.334000062942504,1.5184081208767546
2018-07-13,59.727352142333984,23.26437759399414,12.180000305175781,14.33700008392334,1.6200374431807048
2018-07-16,59.33509826660156,23.678272247314453,12.829999923706055,14.379500102996825,1.270498910471451
2018-07-17,60.15680694580078,23.70413589477539,12.0600004196167,14.367000102996826,1.454216849810714
2018-07-18,60.14836883544922,24.083538055419922,12.100000381469727,14.304500102996826,1.2191017744615475
2018-07-19,59.463539123535156,23.721393585205078,12.869999885559082,14.30850009918213,1.2752099257128204
2018-07-20,59.40303421020508,23.764501571655273,12.859999656677246,14.219500064849854,1.2340312619588627
2018-07-23,60.05366134643555,24.0921688079834,12.619999885559082,14.162000036239624,1.1907940061658617
2018-07-24,62.39183807373047,24.161149978637695,12.40999984741211,13.916000032424927,1.716398803080099
2018-07-25,63.27404022216797,24.212888717651367,12.289999961853027,13.73450002670288,1.8989165797420706
2018-07-26,63.74811935424805,24.20425796508789,12.140000343322754,13.446000051498412,2.0193796495482057
2018-07-27,62.130985260009766,24.256004333496094,13.029999732971191,13.255000019073487,1.5947649026447122
2018-07-30,60.99785614013672,24.273250579833984,14.260000228881836,13.163500022888183,1.3089158245847603
2018-07-31,60.85801315307617,24.100793838500977,12.829999923706055,13.025,1.3808853077118772
2018-08-01,61.144142150878906,24.100793838500977,13.149999618530273,12.875500011444093,1.4503905133468131
2018-08-02,61.54780578613281,24.109413146972656,12.1899995803833,12.736499977111816,1.543151910516908
2018-08-03,61.40053176879883,24.247373580932617,11.640000343322754,12.65,1.4226281719456537
2018-08-06,61.376224517822266,24.376718521118164,11.270000457763672,12.57900004386902,1.337267448399808
2018-08-07,62.277278900146484,24.48881721496582,10.930000305175781,12.49350004196167,1.4872858331123382
2018-08-08,62.54953384399414,24.549175262451172,10.850000381469727,12.35450005531311,1.5163430916608962
2018-08-09,62.70475387573242,24.402587890625,11.270000457763672,12.289000082015992,1.6440965369478098
2018-08-10,62.11214828491211,24.118032455444336,13.15999984741211,12.338000059127808,1.6749447149763095
2018-08-13,61.92022705078125,23.885211944580078,14.779999732971191,12.435500049591065,1.7713448154970468
2018-08-14,62.39133834838867,24.109413146972656,13.3100004196167,12.498000049591065,1.7480591539266765
2018-08-15,61.10595703125,23.919713973999023,14.640000343322754,12.625000047683717,1.5523514336101654
2018-08-16,60.7013053894043,24.23875617980957,13.449999809265137,12.654000043869019,1.2580687930327799
2018-08-17,60.29417037963867,24.290491104125977,12.640000343322754,12.643000078201293,1.1273887655565846
2018-08-20,60.5966682434082,24.36809539794922,12.489999771118164,12.636500072479247,1.1531981974976164
2018-08-21,60.37152099609375,24.462947845458984,12.859999656677246,12.659000062942505,1.0402389088815118
2018-08-22,60.586753845214844,24.376718521118164,12.25,12.657000064849854,1.145492682948874
2018-08-23,60.55748748779297,24.264619827270508,12.40999984741211,12.670500040054321,1.2072452351432272
2018-08-24,61.33061218261719,24.350852966308594,11.989999771118164,12.61850004196167,1.3420766127336423
2018-08-27,62.29861068725586,24.67852210998535,12.15999984741211,12.513500022888184,1.375932651022847
2018-08-28,61.78236770629883,24.652650833129883,12.5,12.497000026702882,1.266421790787758
2018-08-29,62.714168548583984,24.644025802612305,12.25,12.452000045776368,1.498069102957574
2018-08-30,62.20785140991211,24.454326629638672,13.529999732971191,12.519000053405762,1.491608248016377
2018-08-31,61.08513259887695,24.42845344543457,12.859999656677246,12.580000019073486,1.2347761013856349
2018-09-04,60.06903076171875,24.549175262451172,13.15999984741211,12.674499988555908,0.9137901238190743
2018-09-05,59.463539123535156,24.566417694091797,13.90999984741211,12.823499965667725,0.7561147801543027
2018-09-06,58.714229583740234,24.454326629638672,14.649999618530273,13.013499927520751,0.6429529026878774
2018-09-07,58.396854400634766,24.42845344543457,14.880000114440918,13.193999910354615,0.5817513104430614
2018-09-10,58.271385192871094,24.402587890625,14.15999984741211,13.243999910354614,0.5671619923051014
2018-09-11,59.01176452636719,24.42845344543457,13.220000267028809,13.165999937057496,0.7311225907545459
2018-09-12,58.09980773925781,24.20425796508789,13.140000343322754,13.157499933242798,0.647316477675095
2018-09-13,58.62248611450195,24.169769287109375,12.369999885559082,13.043999910354614,0.795469489977401
2018-09-14,58.41618728637695,24.34222412109375,12.069999694824219,12.974999904632568,0.6394179215766107
2018-09-17,57.516136169433594,24.23875617980957,13.680000305175781,13.026999902725219,0.484341406727242
2018-09-18,57.87714385986328,24.35947036743164,12.789999961853027,13.041999912261963,0.4978815437281379
2018-09-19,58.23221206665039,24.77337074279785,11.75,12.986499929428101,0.3298757101424333
2018-09-20,59.090118408203125,24.988943099975586,11.800000190734863,12.963999938964843,0.40584927748176347
2018-09-21,58.12558364868164,24.89193344116211,11.680000305175781,12.927499961853027,0.23114137926345482
2018-09-24,58.494544982910156,24.614784240722656,12.199999809265137,12.937999963760376,0.4910195699826766
2018-09-25,59.20517349243164,24.519508361816406,12.420000076293945,12.950999975204468,0.7221699573656741
2018-09-26,59.213600158691406,24.22502326965332,12.890000343322754,12.970499992370605,0.9051180156038358
2018-09-27,59.873146057128906,24.138423919677734,12.40999984741211,12.97849998474121,1.1185296791267252
2018-09-28,59.85926055908203,23.887243270874023,12.119999885559082,12.907999992370605,1.2694560065407603
2018-10-01,59.93117141723633,23.982521057128906,12.0,12.865000009536743,1.2283954906304733
2018-10-02,59.88703155517578,23.982521057128906,12.050000190734863,12.809500026702882,1.2176732282496043
2018-10-03,60.07994079589844,24.20771026611328,11.609999656677246,12.694500017166138,1.1262010101384683
2018-10-04,58.371063232421875,24.372268676757812,14.220000267028809,12.673000049591064,0.6100003255714962
2018-10-05,57.91284942626953,24.251014709472656,14.819999694824219,12.670000028610229,0.5731788883989327
2018-10-08,57.32223129272461,24.415578842163086,15.6899995803833,12.746500015258789,0.32861738222725173
2018-10-09,56.78913497924805,24.320308685302734,15.949999809265137,12.882999992370605,0.2576440562082453
2018-10-10,54.16036605834961,23.566787719726562,22.959999084472656,13.3739999294281,0.08196010612888738
2018-10-11,54.08994674682617,22.865243911743164,24.979999542236328,14.004499912261963,0.49580988877036114
2018-10-12,55.56773376464844,22.89122772216797,21.309999465942383,14.46649990081787,0.8388256951143465
2018-10-15,54.67015838623047,22.787290573120117,21.299999237060547,14.84749984741211,0.684638808419572
2018-10-16,56.18959426879883,23.168380737304688,17.6200008392334,15.088999891281128,0.8196312716866485
2018-10-17,55.9173469543457,23.402233123779297,17.399999618530273,15.371499872207641,0.6098434986442489
2018-10-18,54.44551086425781,23.01247787475586,20.059999465942383,15.784499835968017,0.4917366981008528
2018-10-19,54.8060302734375,23.099096298217773,19.889999389648438,16.194999790191652,0.5261031241928703
2018-10-22,55.11299514770508,22.60540771484375,19.639999389648438,16.566999769210817,0.9039407378289752
2018-10-23,55.28853988647461,22.423526763916016,20.709999084472656,16.98149971961975,1.0583120855910622
2018-10-24,52.422725677490234,21.860553741455078,25.229999542236328,17.59849967956543,0.7079932422507361
2018-10-25,54.7271842956543,22.19833755493164,24.219999313354492,18.18899965286255,1.0602829266113125
2018-10-26,53.743316650390625,21.877878189086914,24.15999984741211,18.7909996509552,1.018143086514383
2018-10-29,51.312400817871094,22.06842041015625,24.700000762939453,19.425999689102174,0.3105862638234903
2018-10-30,52.045345306396484,22.449512481689453,23.350000381469727,19.990999698638916,0.2545265032906119
2018-10-31,54.082008361816406,22.761310577392578,21.229999542236328,20.47199969291687,0.5577273890497144
2018-11-01,53.85390090942383,22.865243911743164,19.34000015258789,20.727999687194824,0.43847066557414516
2018-11-02,53.13534164428711,22.84792137145996,19.510000228881836,20.962499713897706,0.27456256093631903
2018-11-05,52.35379409790039,23.211687088012695,19.959999084472656,21.175999689102174,-0.1387474707328717
2018-11-06,53.04011917114258,23.33294677734375,19.90999984741211,21.373999691009523,-0.046517756538163056
2018-11-07,54.9577751159668,23.636077880859375,16.360000610351562,21.043999767303468,0.23309854287293422
2018-11-08,54.28285217285156,23.705366134643555,16.719999313354492,20.630999755859374,0.02658569642353182
2018-11-09,53.40957260131836,23.488840103149414,17.360000610351562,20.433499813079834,-0.052536430193628636
2018-11-12,52.03791046142578,23.02114486694336,20.450000762939453,20.39099988937378,-0.09843117031156937
2018-11-13,51.96897506713867,23.151060104370117,20.020000457763672,20.510999870300292,-0.1949830988450962
2018-11-14,52.29677200317383,22.839263916015625,21.25,20.70349988937378,0.07617913109847894
2018-11-15,53.113521575927734,23.177040100097656,19.979999542236328,20.699499893188477,0.06708572280840305
2018-11-16,52.97566223144531,23.203025817871094,18.139999389648438,20.611999893188475,0.0176346042392249
2018-11-19,50.94990158081055,23.194364547729492,20.100000381469727,20.63499994277954,-0.46913373372325257
2018-11-20,51.100162506103516,22.683361053466797,22.479999542236328,20.723499965667724,-0.11872547358962567
2018-11-21,51.743839263916016,22.70068359375,20.799999237060547,20.501999950408937,0.026992499638948047
2018-11-23,51.08280563354492,22.518800735473633,21.520000457763672,20.367000007629393,-0.021852942132983267
2018-11-26,52.36421585083008,22.977834701538086,18.899999618530273,20.1039999961853,0.007438781198703575
2018-11-27,52.182708740234375,22.99515724182129,19.020000457763672,19.819999980926514,-0.047293304464992296
2018-11-28,54.14201736450195,23.436872482299805,18.489999771118164,19.576999950408936,0.15730936544310345
2018-11-29,54.28036880493164,23.237667083740234,18.790000915527344,19.455000019073488,0.3132882230256902
2018-11-30,55.02769470214844,23.358924865722656,18.06999969482422,19.391499996185303,0.42033716245663244
2018-12-03,55.360450744628906,23.506168365478516,16.440000534057617,19.238000011444093,0.41071767551583155
2018-12-04,52.68803787231445,22.48415184020996,20.739999771118164,19.27700004577637,0.38936774433209603
2018-12-06,53.462135314941406,22.172359466552734,21.190000534057617,19.341000080108643,0.7689409994504885
2018-12-07,51.900047302246094,21.747962951660156,23.229999542236328,19.68450002670288,0.6501905962037862
2018-12-10,52.22734832763672,21.444826126098633,22.639999389648438,19.98050003051758,0.9159129475656684
2018-12-11,52.64736557006836,21.236963272094727,21.760000228881836,20.200500011444092,1.1456310732235746
2018-12-12,53.24641799926758,21.358217239379883,21.459999084472656,20.250999927520752,1.2166644131791011
2018-12-13,53.236995697021484,21.202316284179688,20.649999618530273,20.282499885559083,1.3101449616431702
2018-12-14,52.15444564819336,20.994449615478516,21.6299991607666,20.301499843597412,1.1748683511515485
2018-12-17,50.86212921142578,20.786584854125977,24.520000457763672,20.52849988937378,0.9886350347972036
2018-12-18,51.74284744262695,20.708635330200195,25.579999923706055,20.90049991607666,1.250459359023666
2018-12-19,51.34860610961914,20.448801040649414,25.579999923706055,21.174499893188475,1.314307208437497
2018-12-20,50.75947189331055,20.26691436767578,28.3799991607666,21.46949987411499,1.2829296014513736
2018-12-21,49.156227111816406,19.86166763305664,30.110000610351562,21.93499994277954,1.1424179374935275
2018-12-24,48.82992172241211,19.443342208862305,36.06999969482422,22.66249990463257,1.320128999895279
2018-12-26,51.96303176879883,20.32356834411621,30.40999984741211,23.23799991607666,1.540490780747776
2018-12-27,52.21345520019531,20.567590713500977,29.959999084472656,23.78499984741211,1.4514205185668068
2018-12-28,51.905006408691406,20.558874130249023,28.34000015258789,24.277499866485595,1.3818480506423771
2018-12-31,51.81970977783203,20.759321212768555,25.420000076293945,24.608999824523927,1.2379942737208136
