Date,INTC,GILD,VIX,AvgVIX,zscore
2020-01-30,58.632652282714844,50.49644088745117,15.489999771118164,13.696000051498412,1.2163614508886669
2020-01-31,56.392127990722656,49.841880798339844,18.84000015258789,14.014500045776368,0.8769063760876457
2020-02-03,56.82435989379883,52.33396530151367,17.969999313354492,14.211999988555908,1.141767704301984
2020-02-04,57.741737365722656,53.15415954589844,16.049999237060547,14.32199993133545,1.32729148146122
2020-02-05,59.40007019042969,51.947547912597656,15.149999618530273,14.389999914169312,1.4360265960015242
2020-02-06,59.470985412597656,53.7929573059082,14.960000038146973,14.465499925613404,1.6005439985076333
2020-02-07,58.522491455078125,54.313453674316406,15.470000267028809,14.611999940872192,1.524056704035541
2020-02-10,58.85047149658203,54.40808868408203,15.039999961853027,14.735999917984008,1.5736482723433873
2020-02-11,59.754642486572266,53.43805694580078,15.180000305175781,14.878999948501587,1.6066276265795403
2020-02-12,59.79896545410156,52.79926681518555,13.739999771118164,14.946499919891357,1.558418515927158
2020-02-13,59.78123092651367,52.68098068237305,14.149999618530273,15.032999897003174,1.5461998462975342
2020-02-14,59.63054275512695,53.280338287353516,13.680000305175781,15.100999927520752,1.5775894970038704
2020-02-18,58.62886047363281,52.84658432006836,14.829999923706055,15.237499904632568,1.4139352448162887
2020-02-19,59.488712310791016,53.11473083496094,14.380000114440918,15.313999891281128,1.545636757227162
2020-02-20,58.0172233581543,52.83869934082031,15.5600004196167,15.446499919891357,1.3356620688673004
2020-02-21,57.03327560424805,54.968013763427734,17.079999923706055,15.651499938964843,1.3902569602648622
2020-02-24,54.746273040771484,57.491668701171875,25.030000686645508,16.174999952316284,1.3127438613921167
2020-02-25,52.946807861328125,55.283470153808594,27.850000381469727,16.655999994277956,0.898322744596915
2020-02-26,52.87589645385742,58.91119384765625,27.559999465942383,17.219999933242796,1.1950461679610063
2020-02-27,49.489715576171875,57.30239486694336,39.15999984741211,18.35849995613098,0.6298052901340484
2020-02-28,49.21491622924805,54.69989013671875,40.11000061035156,19.589499998092652,0.37561457206385135
2020-03-02,51.572845458984375,59.4632453918457,33.41999816894531,20.318499898910524,1.0762295296420796
2020-03-03,49.61381530761719,58.5247688293457,36.81999969482422,21.26099991798401,0.7485656991633929
2020-03-04,52.016056060791016,59.944339752197266,31.989999771118164,22.05799994468689,1.173010636327334
2020-03-05,50.49138641357422,60.038936614990234,39.619998931884766,23.281499910354615,0.9875221859114963
2020-03-06,49.4365234375,63.26448440551758,41.939998626708984,24.630499839782715,1.1255023461140516
2020-03-09,45.075260162353516,57.98060989379883,54.459999084472656,26.57999978065491,0.1268247233149359
2020-03-10,47.84981155395508,57.050018310546875,47.29999923706055,28.192999744415282,0.4004544368257928
2020-03-11,45.79328536987305,58.12257766723633,53.900001525878906,30.12899980545044,0.22989677733252756
2020-03-12,40.36829376220703,54.58842849731445,75.47000122070312,33.21549987792969,-0.756298375445954
2020-03-13,48.24870300292969,56.315696716308594,57.83000183105469,35.39949998855591,0.389184613384711
2020-03-16,39.54390335083008,54.843143463134766,82.69000244140625,38.850000095367434,-0.8394369088671183
2020-03-17,44.39270782470703,59.3165397644043,75.91000366210938,41.9040002822876,0.15280138597778936
2020-03-18,42.20321273803711,63.21685791015625,76.44999694824219,45.007500123977664,0.2036769919322161
2020-03-19,40.722862243652344,62.524356842041016,72.0,47.829500102996825,-0.04251947764074069
2020-03-20,40.625362396240234,58.313602447509766,66.04000091552734,50.27750015258789,-0.4097461329571322
2020-03-23,43.949485778808594,57.796226501464844,61.59000015258789,52.10550012588501,-0.03155983648358467
2020-03-24,46.449241638183594,58.87078857421875,61.66999816894531,53.796500015258786,0.3761833614072308
2020-03-25,45.43870162963867,55.44807052612305,63.95000076293945,55.61600008010864,-0.040485426275301516
2020-03-26,49.23264694213867,58.791194915771484,61.0,56.708000087738036,0.7226531337263361
2020-03-27,46.42264938354492,57.98725891113281,65.54000091552734,57.97950010299682,0.29835097598550775
2020-03-30,49.18833541870117,60.43889236450195,57.08000183105469,59.16250028610229,0.8558878953974329
2020-03-31,47.973907470703125,59.50758361816406,53.540000915527344,59.99850034713745,0.6233083184675925
2020-04-01,45.98828887939453,57.71662139892578,57.060001373291016,61.252000427246095,0.2204287751491055
2020-04-02,48.17777633666992,61.274654388427734,50.90999984741211,61.81650047302246,0.7980939106671615
2020-04-03,47.9827766418457,62.25370407104492,46.79999923706055,62.059500503540036,0.8558590120249667
2020-04-06,51.79444885253906,61.87165451049805,45.2400016784668,61.598500633239745,1.3073132572668682
2020-04-07,51.767852783203125,59.435943603515625,46.70000076293945,61.568500709533694,1.0986725678424818
2020-04-08,52.281982421875,59.69065475463867,43.349998474121094,61.041000556945804,1.1853742485257364
2020-04-09,50.65095138549805,58.512611389160156,41.66999816894531,59.35100040435791,0.8791400341486576
2020-04-13,52.03378677368164,59.92148971557617,41.16999816894531,58.51800022125244,1.1733347762269406
2020-04-14,53.771202087402344,61.8875617980957,37.7599983215332,56.27150001525879,1.5594777275063174
2020-04-15,52.184478759765625,59.404090881347656,40.84000015258789,54.51799983978272,1.148852565924966
2020-04-16,53.886436462402344,60.92443084716797,40.11000061035156,52.70100002288818,1.4929329873802724
2020-04-17,53.50526809692383,66.85449981689453,38.150001525878906,51.00850009918213,1.9443157001554079
2020-04-20,52.45927047729492,64.68145751953125,43.83000183105469,49.898000144958495,1.6284624182952414
2020-04-21,49.95952606201172,62.50843048095703,45.40999984741211,49.089000129699706,1.1281491329059041
2020-04-22,53.2747917175293,64.72126770019531,41.97999954223633,48.104500198364256,1.7352962498639128
2020-04-23,52.33517074584961,61.91143798828125,41.380001068115234,46.976000213623045,1.3792764267251947
2020-04-24,52.53019332885742,63.39197540283203,35.93000030517578,45.722500228881835,1.5287923599275595
2020-04-27,52.716339111328125,63.59894943237305,33.290000915527344,44.11000022888184,1.569854239681196
2020-04-28,52.07810592651367,62.619873046875,33.56999969482422,42.93450012207031,1.4063606281889927
2020-04-29,54.781734466552734,66.17790222167969,31.229999542236328,41.81900005340576,2.0492631626937206
2020-04-30,53.168418884277344,66.86244201660156,34.150001525878906,40.673500061035156,1.902243296385308
2020-05-01,50.94346618652344,63.63871765136719,37.189998626708984,39.9875,1.3482514635008267
2020-05-04,51.40441131591797,63.87751388549805,35.970001220703125,39.44600009918213,1.426863525092087
2020-05-05,52.07810592651367,62.99397277832031,33.61000061035156,38.86450004577637,1.4378873397204992
2020-05-06,52.75560760498047,61.66469955444336,34.119998931884766,38.235499954223634,1.411830794274905
2020-05-07,52.74668884277344,61.77610778808594,31.440000534057617,37.64000005722046,1.420087888096705
2020-05-08,53.192405700683594,61.68062210083008,27.979999542236328,36.95550012588501,1.4685965595199473
2020-05-11,53.602481842041016,64.31529998779297,27.56999969482422,36.275500202178954,1.7426634641863745
2020-05-12,52.05136489868164,62.0467529296875,33.040000915527344,36.03950033187866,1.3546686790588398
2020-05-13,51.471923828125,61.338348388671875,35.279998779296875,35.76150026321411,1.2214454878105248
2020-05-14,52.66646194458008,61.473670959472656,32.61000061035156,35.38650026321411,1.3844207286525654
2020-05-15,51.95329666137695,60.70154571533203,31.889999389648438,35.07350015640259,1.2288597293013481
2020-05-18,53.41526794433594,59.50758361816406,29.299999237060547,34.34700002670288,1.3137451760293983
2020-05-19,53.74510955810547,57.581298828125,30.530000686645508,33.60300006866455,1.1932628723192689
2020-05-20,56.250057220458984,58.81508255004883,27.989999771118164,32.90350008010864,1.6150830147468638
2020-05-21,55.251644134521484,58.50465393066406,29.530000686645508,32.31100006103516,1.4622366449244006
2020-05-22,55.50124740600586,58.37728500366211,28.15999984741211,31.92250003814697,1.4831741757860164
2020-05-26,55.57256317138672,58.24993896484375,28.010000228881836,31.658500003814698,1.4814913030951304
2020-05-27,56.660125732421875,59.6190299987793,27.6200008392334,31.361000061035156,1.7348668025832923
2020-05-28,55.002037048339844,59.95332717895508,28.59000015258789,31.229000091552734,1.5526496326648822
2020-05-29,56.09851837158203,61.95124053955078,27.510000228881836,30.89700002670288,1.8601498937025625
2020-06-01,55.14467239379883,59.825984954833984,28.229999542236328,30.449000072479247,1.5600165952621494
2020-06-02,55.37644577026367,58.313602447509766,26.84000015258789,29.992500019073486,1.4619717397596046
2020-06-03,55.207069396972656,59.221031188964844,25.65999984741211,29.594999980926513,1.51695235178233
2020-06-04,56.1341667175293,61.72040939331055,25.809999465942383,29.179500007629393,1.8452202389091414
2020-06-05,57.35544967651367,61.09157180786133,24.520000457763672,28.8335000038147,1.947190560115127
2020-06-08,56.7581901550293,61.266700744628906,25.809999465942383,28.725,1.8861649431298402
2020-06-09,56.19657516479492,61.76020050048828,27.56999969482422,28.725,1.8564923852932005
2020-06-10,56.93646240234375,61.34629440307617,27.56999969482422,28.451499938964844,1.9154929793769235
2020-06-11,53.219154357910156,58.49542236328125,40.790000915527344,28.727000045776368,1.2035625294811347
2020-06-12,52.889320373535156,58.78451919555664,36.09000015258789,28.901000022888184,1.1860741639440127
2020-06-15,53.57572555541992,59.402870178222656,34.400001525878906,29.026500129699706,1.325280556930757
2020-06-16,53.843170166015625,59.924861907958984,33.66999816894531,29.245000076293945,1.403205844575478
2020-06-17,53.923397064208984,59.234222412109375,33.470001220703125,29.392000102996825,1.3551829391025632
2020-06-18,53.55790328979492,59.45909118652344,32.939998626708984,29.639500045776366,1.3277570903678675
2020-06-19,53.1478385925293,62.21361541748047,35.119998931884766,29.91899995803833,1.5078588191085018
2020-06-22,53.56681442260742,60.768089294433594,31.770000457763672,30.09949998855591,1.4392017099370535
2020-06-23,53.41526794433594,60.27019119262695,31.3700008392334,30.267500019073488,1.3780128217690701
2020-06-24,52.67537307739258,60.976898193359375,33.84000015258789,30.57849998474121,1.3436866304841364
2020-06-25,52.15833282470703,60.6235466003418,32.220001220703125,30.760000038146973,1.248302851304596
2020-06-26,51.25798034667969,59.88471984863281,34.72999954223633,31.121000003814697,1.0717964485327274
2020-06-29,51.94438934326172,59.876670837402344,31.780000686645508,31.298500061035156,1.1582143758412315
2020-06-30,53.33504104614258,61.78799819946289,30.43000030517578,31.47800006866455,1.4957440678664253
2020-07-01,52.42576217651367,61.08128356933594,28.6200008392334,31.626000118255615,1.3208112261712583
2020-07-02,52.711029052734375,61.31416702270508,27.68000030517578,31.719500160217287,1.3766337441040535
2020-07-06,53.0765266418457,61.6434211730957,27.940000534057617,31.890500164031984,1.4507579815627685
2020-07-07,51.98004913330078,61.370399475097656,29.43000030517578,32.07150020599365,1.2886209442221364
2020-07-08,52.247474670410156,60.71990966796875,28.079999923706055,32.097000217437746,1.2677346330658752
2020-07-09,52.07810592651367,59.99714660644531,29.260000228881836,32.18150024414062,1.1853341666247694
2020-07-10,53.067604064941406,61.29008865356445,27.290000915527344,31.506500244140625,1.4198492393576028
2020-07-13,52.220741271972656,61.57918930053711,32.189998626708984,31.31150016784668,1.3367570605230312
2020-07-14,52.577308654785156,61.988746643066406,29.520000457763672,31.067500114440918,1.416515607502966
2020-07-15,52.621891021728516,61.555091857910156,27.760000228881836,30.772000217437743,1.3856268945175225
2020-07-16,52.719947814941406,61.54704666137695,28.0,30.49850015640259,1.3973910106837415
2020-07-17,53.4865837097168,62.24574279785156,25.68000030517578,30.13550024032593,1.5535485938173639
2020-07-20,54.51174545288086,62.70348358154297,24.459999084472656,29.602500247955323,1.7222035340466393
2020-07-21,54.11060333251953,61.659488677978516,24.84000015258789,29.256000232696532,1.5833227369254204
2020-07-22,54.42259979248047,61.23388671875,24.31999969482422,28.903500175476076,1.5870439846242472
2020-07-23,53.843170166015625,60.67975997924805,26.079999923706055,28.515500164031984,1.4668237831323268
2020-07-24,45.09811019897461,59.13785934448242,25.84000015258789,28.19650011062622,0.22724960819425608
2020-07-27,44.1888427734375,59.86063003540039,24.739999771118164,27.697000122070314,0.17278601787440553
2020-07-28,43.89466857910156,59.210140228271484,25.440000534057617,27.380000114440918,0.08064010984607893
2020-07-29,42.85166931152344,58.63192367553711,24.100000381469727,27.063500118255615,-0.10043109736438141
2020-07-30,42.78034591674805,58.085838317871094,24.760000228881836,26.870500087738037,-0.15550164560149676
2020-07-31,42.54857635498047,55.837249755859375,24.459999084472656,26.70950002670288,-0.37440668056247584
2020-08-03,43.056705474853516,57.60399627685547,24.280000686645508,26.526500034332276,-0.16104180180965025
2020-08-04,43.79659652709961,56.92139434814453,23.760000228881836,26.243000030517578,-0.12468467462465363
2020-08-05,43.60939025878906,55.41163635253906,22.989999771118164,25.988500022888182,-0.2756713426395827
2020-08-06,43.59143829345703,55.25904083251953,22.649999618530273,25.657999992370605,-0.2908089760268405
2020-08-07,43.1068000793457,55.69270324707031,22.209999084472656,25.403999900817873,-0.31575690154135627
2020-08-10,44.17481994628906,55.01813888549805,22.1299991607666,24.90099992752075,-0.2370872023977525
2020-08-11,43.250389099121094,54.68886947631836,24.030000686645508,24.626499938964844,-0.3821339823459267
2020-08-12,44.14789581298828,55.28313446044922,22.280000686645508,24.352499961853027,-0.2181714025061199
2020-08-13,43.58246994018555,54.753116607666016,22.1299991607666,24.058999919891356,-0.33458297099353895
2020-08-14,43.8786506652832,55.01010513305664,22.049999237060547,23.877499866485596,-0.2753442096871884
2020-08-17,43.91454315185547,55.5320930480957,21.350000381469727,23.72199993133545,-0.2268001532483888
2020-08-18,43.66324996948242,55.45981216430664,21.510000228881836,23.555499935150145,-0.26477730934363974
2020-08-19,43.37604904174805,52.761505126953125,22.540000915527344,23.466499996185302,-0.5286152246993201
2020-08-20,44.129947662353516,53.04258346557617,22.719999313354492,23.298499965667723,-0.40926796699110873
2020-08-21,44.22867202758789,53.403968811035156,22.540000915527344,23.133500003814696,-0.36628592237068225
2020-08-24,44.10301971435547,53.06666946411133,22.3700008392334,23.01500005722046,-0.41065495579374844
2020-08-25,44.3632926940918,53.04258346557617,22.030000686645508,22.844500064849854,-0.37965956092763814
2020-08-26,44.47099685668945,52.68121337890625,23.270000457763672,22.803000068664552,-0.3964472628151348
2020-08-27,44.33636474609375,52.64106369018555,24.469999313354492,22.788500022888183,-0.4169138581853322
2020-08-28,45.26079177856445,52.408164978027344,22.959999084472656,22.713500022888184,-0.3192434642143063
2020-08-31,45.72749328613281,53.604732513427734,26.40999984741211,22.819999980926514,-0.15918620881143528
2020-09-01,45.58388900756836,52.86591339111328,26.1200008392334,22.938000011444093,-0.23967060570982746
2020-09-02,46.89424133300781,53.63684844970703,26.56999969482422,23.117000007629393,-0.008434750400239194
2020-09-03,45.22489547729492,52.930152893066406,33.599998474121094,23.664499950408935,-0.2798084578606539
2020-09-04,44.94667053222656,53.01045608520508,30.75,24.091499996185302,-0.3083440979494513
2020-09-08,43.8965950012207,51.508731842041016,31.459999084472656,24.557999992370604,-0.5681404589576742
2020-09-09,44.53382110595703,51.80585479736328,28.809999465942383,24.79699993133545,-0.4622452675117976
2020-09-10,43.941471099853516,51.211585998535156,29.709999084472656,25.168499851226805,-0.5874878084725171
2020-09-11,44.22867202758789,52.66513442993164,26.8700008392334,25.405499935150146,-0.4285501167677719
2020-09-14,44.34534454345703,53.833675384521484,25.850000381469727,25.595499992370605,-0.3152688219568589
2020-09-15,44.8748664855957,53.72006607055664,25.59000015258789,25.807499980926515,-0.25765373328351865
2020-09-16,45.20695114135742,53.27375411987305,26.040000915527344,26.03400001525879,-0.25312886300728504
2020-09-17,45.16205978393555,52.778743743896484,26.459999084472656,26.229999923706053,-0.30054126451421326
2020-09-18,44.77613830566406,52.78687286376953,25.829999923706055,26.385499954223633,-0.3488245389681788
2020-09-21,44.62357711791992,52.1052131652832,27.780000686645508,26.64749994277954,-0.42562842204940904
2020-09-22,44.83000183105469,51.44792556762695,26.860000610351562,26.87199993133545,-0.45482780692274694
2020-09-23,43.815826416015625,51.19635009765625,28.579999923706055,27.199499893188477,-0.6047144446700708
2020-09-24,44.12097930908203,50.51471710205078,28.510000228881836,27.461499881744384,-0.6234381990602255
2020-09-25,44.82101821899414,50.51471710205078,26.3799991607666,27.55699987411499,-0.5346124968350572
2020-09-28,46.158294677734375,51.00160217285156,26.190000534057617,27.71849994659424,-0.32389822438503807
2020-09-29,45.94288635253906,50.393001556396484,26.270000457763672,27.711499977111817,-0.40251963205343766
2020-09-30,46.472408294677734,51.27750778198242,26.3700008392334,27.723999977111816,-0.2607898059303797
2020-10-01,46.88526153564453,51.38300704956055,26.700000762939453,27.73050003051758,-0.19951337877403696
2020-10-02,45.781341552734375,50.44980239868164,27.6299991607666,27.432000064849852,-0.41823072744048073
2020-10-05,46.39164733886719,51.610225677490234,27.959999084472656,27.292500019073486,-0.24299798835299044
2020-10-06,46.10443878173828,50.73381423950195,29.479999542236328,27.19350004196167,-0.3532992662316643
2020-10-07,47.27117919921875,50.99348831176758,28.059999465942383,27.15600004196167,-0.18337164448127732
2020-10-08,47.89942932128906,51.38300704956055,26.360000610351562,26.988500118255615,-0.07082886644410147
2020-10-09,47.40580749511719,51.80497360229492,25.0,26.895000076293947,-0.09790234557820614
2020-10-12,48.35715866088867,52.38111877441406,25.06999969482422,26.85600004196167,0.07136536401114552
2020-10-13,48.31228256225586,52.33243942260742,26.06999969482422,26.880000019073485,0.0615687974616234
2020-10-14,48.06098556518555,51.975379943847656,26.399999618530273,26.897999954223632,-0.0004081451519846365
2020-10-15,48.330230712890625,51.09087371826172,26.969999313354492,26.923499965667723,-0.04078496551335829
2020-10-16,48.608455657958984,50.31184387207031,27.40999984741211,27.002499961853026,-0.07113349937622158
2020-10-19,48.98540496826172,49.151432037353516,29.18000030517578,27.07249994277954,-0.1210956269076325
2020-10-20,47.95328140258789,49.13520431518555,29.350000381469727,27.196999931335448,-0.253426058553897
2020-10-21,48.01610565185547,48.859291076660156,28.649999618530273,27.20049991607666,-0.2687066775919081
2020-10-22,48.3751106262207,49.232574462890625,28.110000610351562,27.180499935150145,-0.19169576738589522
2020-10-23,43.25936508178711,49.3299560546875,27.549999237060547,27.238999938964845,-0.8326096939773737
2020-10-26,41.93107223510742,48.65642166137695,32.459999084472656,27.552499866485597,-1.0579136651437426
2020-10-27,40.9617805480957,48.69699478149414,33.349998474121094,27.906499767303465,-1.1774847518264329
2020-10-28,39.714263916015625,47.65019607543945,40.279998779296875,28.60199966430664,-1.4239955948548326
2020-10-29,39.5886116027832,47.496002197265625,37.59000015258789,29.146499633789062,-1.452933680838239
2020-10-30,39.741188049316406,47.187644958496094,38.02000045776367,29.665999698638917,-1.4595601011215655
2020-11-02,39.90272521972656,47.496002197265625,37.130001068115234,30.124499797821045,-1.4130768068724981
2020-11-03,40.25275421142578,47.739444732666016,35.54999923706055,30.427999782562257,-1.3481469795739267
2020-11-04,41.0156364440918,48.58338165283203,29.56999969482422,30.50349979400635,-1.180225730540472
2020-11-05,41.29587936401367,48.38862991333008,27.579999923706055,30.56449975967407,-1.1610790211713415
2020-11-06,41.03371047973633,47.934207916259766,24.860000610351562,30.55749979019165,-1.232640547664331
2020-11-09,41.223548889160156,47.9179801940918,25.75,30.59149980545044,-1.2099201257171424
2020-11-10,41.07890701293945,49.19200134277344,24.799999237060547,30.527999782562254,-1.1209069896459012
2020-11-11,41.90156555175781,48.77002716064453,23.450000762939453,30.380499839782715,-1.052083735534237
2020-11-12,40.63594055175781,48.672645568847656,25.350000381469727,30.299499893188475,-1.2208815431654778
2020-11-13,41.09698486328125,49.167659759521484,23.100000381469727,30.083999919891358,-1.1206645005094602
2020-11-16,41.75692367553711,49.573402404785156,22.450000762939453,29.74749994277954,-1.0027335995101332
2020-11-17,41.16027069091797,49.47602844238281,22.709999084472656,29.415499877929687,-1.0866470410181148
2020-11-18,40.73538589477539,49.41921615600586,23.84000015258789,29.174999904632568,-1.1453470891682986
2020-11-19,41.24162673950195,49.20011520385742,23.110000610351562,28.924999904632568,-1.0995762192083847
2020-11-20,41.03371047973633,48.77814483642578,23.700000762939453,28.732499980926512,-1.1615189894368767
2020-11-23,41.639408111572266,48.5996208190918,22.65999984741211,28.242500019073486,-1.0997088030536866
2020-11-24,42.49822998046875,48.89175033569336,21.639999389648438,27.657000064849854,-0.9661168473905842
2020-11-25,42.53438949584961,48.28314208984375,21.25,26.70550012588501,-1.0128182579192
2020-11-27,42.89600372314453,48.713226318359375,20.84000015258789,25.86800012588501,-0.9306894594526373
2020-11-30,43.70962142944336,49.232574462890625,20.56999969482422,24.995500087738037,-0.7836847957953507
2020-12-01,44.803497314453125,49.59774398803711,20.770000457763672,24.17750005722046,-0.6141122458597366
2020-12-02,45.11086654663086,49.60586166381836,21.170000076293945,23.458500099182128,-0.5744270400072385
2020-12-03,46.09625244140625,49.38676071166992,21.280000686645508,23.044000148773193,-0.4678589844399645
2020-12-04,47.00027847290039,49.95479965209961,20.790000915527344,22.704500198364258,-0.3052793509437251
2020-12-07,45.382076263427734,49.3624153137207,21.299999237060547,22.526500129699706,-0.5605301925265594
2020-12-08,45.82503890991211,49.6383171081543,20.68000030517578,22.273000144958495,-0.48107285357505153
2020-12-09,45.264549255371094,49.354305267333984,22.270000457763672,22.146500205993654,-0.57612628172413
2020-12-10,45.43631362915039,49.05405044555664,22.520000457763672,22.100000190734864,-0.5796351877573691
2020-12-11,44.95717239379883,49.30561065673828,23.309999465942383,21.998000144958496,-0.619232017894384
2020-12-14,45.626163482666016,49.108642578125,24.719999313354492,22.079000091552736,-0.550945073305551
2020-12-15,45.80696105957031,48.772178649902344,22.889999389648438,22.101000022888183,-0.5563592548912656
2020-12-16,46.21376419067383,48.370052337646484,22.5,22.09050006866455,-0.5386299153327538
2020-12-17,45.78887939453125,48.47674560546875,21.93000030517578,21.995000076293945,-0.5835507703754675
2020-12-18,42.9050407409668,48.48493957519531,21.56999969482422,21.91800003051758,-0.948781314834558
2020-12-21,41.910614013671875,48.041786193847656,25.15999984741211,21.99099998474121,-1.112307054883585
2020-12-22,41.73884201049805,46.7779541015625,24.229999542236328,22.069499969482422,-1.2406102699494155
2020-12-23,42.10045623779297,47.089805603027344,23.309999465942383,22.15299997329712,-1.1684453628358669
2020-12-24,42.5524787902832,46.83540344238281,21.530000686645508,22.167000007629394,-1.1325290369471679
2020-12-28,42.5524787902832,46.68768310546875,21.700000762939453,22.210000038146973,-1.144977953794111
2020-12-29,44.64980697631836,46.63844680786133,23.079999923706055,22.335500049591065,-0.8830039939966188
2020-12-30,44.07123565673828,46.4907341003418,22.770000457763672,22.435500049591063,-0.9688653353917583
2020-12-31,45.038536071777344,47.811988830566406,22.75,22.514500045776366,-0.7347808506599377
2021-01-04,44.9029426574707,49.330223083496094,26.969999313354492,22.798999977111816,-0.6240388794763837
2021-01-05,45.75272750854492,49.23995590209961,25.34000015258789,23.026499938964843,-0.5238195284891207
2021-01-06,46.19569396972656,50.84025955200195,25.06999969482422,23.214999961853028,-0.33274966267181194
2021-01-07,47.18107604980469,51.30803298950195,22.3700008392334,23.299499988555908,-0.1682967495562798
2021-01-08,46.692901611328125,51.73479080200195,21.559999465942383,23.263999938964844,-0.19427525059990325
2021-01-11,46.59346389770508,51.29983139038086,24.079999923706055,23.34199991226196,-0.24354815728791707
2021-01-12,48.130306243896484,50.94694137573242,23.329999923706055,23.342999935150146,-0.0782824321957187
2021-01-13,51.48423767089844,50.50377655029297,22.209999084472656,23.217499923706054,0.3099401462722532
2021-01-14,53.56349563598633,51.209556579589844,23.25,23.235499954223634,0.6332491378046288
2021-01-15,52.05377960205078,51.97277069091797,24.34000015258789,23.32749996185303,0.5060048511668606
2021-01-19,52.4244270324707,55.04206085205078,23.239999771118164,23.392999935150147,0.8116950907709315
2021-01-20,53.03915786743164,55.79706954956055,21.579999923706055,23.39349994659424,0.9533235851543597
2021-01-21,56.46541976928711,54.968196868896484,21.31999969482422,23.201499938964844,1.318218977339352
2021-01-22,51.22207260131836,54.935386657714844,21.90999984741211,23.085499954223632,0.6501423630307029
2021-01-25,50.119163513183594,55.93659210205078,23.190000534057617,23.079500007629395,0.5945728848448885
2021-01-26,49.9112434387207,54.738407135009766,23.020000457763672,23.153999996185302,0.4672152725603586
2021-01-27,48.446712493896484,53.73720932006836,37.209999084472656,23.929499912261964,0.19701112513026775
2021-01-28,50.68870162963867,53.08066940307617,30.209999084472656,24.285999870300294,0.4261610204826733
2021-01-29,50.18244552612305,53.835693359375,33.09000015258789,24.801999855041505,0.4255523471931081
2021-02-01,51.24918746948242,53.42534255981445,30.239999771118164,25.176499843597412,0.5263261088925226
2021-02-02,52.43346405029297,53.44997787475586,25.559999465942383,25.105999851226805,0.6786712885119401
2021-02-03,52.14418029785156,52.94935989379883,22.90999984741211,24.984499835968016,0.5997761435209799
2021-02-04,53.47024917602539,54.024444580078125,21.770000457763672,24.81949987411499,0.8586379901593978
2021-02-05,52.915443420410156,56.18278884887695,20.8700008392334,24.74449987411499,0.9701317876996547
2021-02-08,53.80677795410156,55.780670166015625,21.239999771118164,24.72849988937378,1.04934241289804
2021-02-09,53.46115493774414,55.230812072753906,21.6299991607666,24.605999851226805,0.9591489196373298
2021-02-10,53.53391647338867,55.22261047363281,21.989999771118164,24.538999843597413,0.9676902207313518
2021-02-11,55.17103576660156,54.918968200683594,21.25,24.49099988937378,1.1498300493763847
2021-02-12,56.216983795166016,54.89434051513672,19.969999313354492,24.326999855041503,1.2804715928332278
2021-02-16,56.8172607421875,53.17915344238281,21.459999084472656,24.18299980163574,1.2120939186548416
2021-02-17,56.253353118896484,53.42534255981445,21.5,24.095999813079835,1.1612887110657029
2021-02-18,56.035072326660156,53.53204345703125,22.489999771118164,24.14149980545044,1.1425838213985802
2021-02-19,57.308387756347656,52.826263427734375,22.049999237060547,24.177999782562257,1.2446721639797185
2021-02-22,55.21651077270508,52.612892150878906,23.450000762939453,24.254999828338622,0.9612590179183433
2021-02-23,55.58940505981445,52.26000213623047,23.110000610351562,24.25099983215332,0.9788350899960205
2021-02-24,57.47210693359375,52.284629821777344,21.34000015258789,24.16699981689453,1.219800582182405
2021-02-25,54.93456268310547,51.52961349487305,28.889999389648438,23.75099983215332,0.8341917896210495
2021-02-26,55.28018569946289,50.38889694213867,27.950000762939453,23.63799991607666,0.7819145599521165
2021-03-01,57.190155029296875,51.2587890625,23.350000381469727,23.15099992752075,1.0975733651753297
2021-03-02,55.69855499267578,51.71015930175781,24.100000381469727,22.84399995803833,0.9463475701948064
2021-03-03,54.47980880737305,51.49678421020508,26.670000076293945,22.89949998855591,0.7737228819629223
2021-03-04,53.05186462402344,51.890708923339844,28.56999969482422,23.182499980926515,0.6257330366852756
2021-03-05,55.24380111694336,53.03143310546875,24.65999984741211,23.326999950408936,0.9999937336336628
2021-03-08,54.4343376159668,53.13812255859375,25.469999313354492,23.55699987411499,0.906274593122544
2021-03-09,56.99915313720703,52.79343795776367,24.030000686645508,23.69649991989136,1.2026680516610841
2021-03-10,56.61716079711914,52.44876480102539,22.559999465942383,23.742999935150145,1.1251514335490254
2021-03-11,57.58124923706055,51.775814056396484,21.90999984741211,23.738999938964845,1.1907695909723737
2021-03-12,57.20834732055664,51.095211029052734,20.690000534057617,23.710999965667725,1.0860964257388965
2021-03-15,58.0178108215332,52.3485221862793,20.030000686645508,23.714000034332276,1.2944276424457868
2021-03-16,58.91822814941406,53.12872314453125,19.790000915527344,23.63050012588501,1.4744290249737364
2021-03-17,59.82773971557617,53.469024658203125,19.229999542236328,23.517000102996825,1.618512459571946
2021-03-18,57.96324157714844,53.18682861328125,21.579999923706055,23.47150011062622,1.3581505818457837
2021-03-19,57.99052047729492,53.50222396850586,20.950000762939453,23.416500186920167,1.3881913998772317
2021-03-22,59.691322326660156,54.39033126831055,18.8799991607666,23.188000106811522,1.678844669116712
2021-03-23,57.73586654663086,53.53541946411133,20.299999237060547,23.04750003814697,1.3586766778427695
2021-03-24,56.42616653442383,53.41092300415039,21.200000762939453,23.04050006866455,1.1820012664999884
2021-03-25,56.40797805786133,53.11212921142578,19.809999465942383,22.586500072479247,1.15451297586147
2021-03-26,59.00008773803711,54.14962387084961,18.860000610351562,22.132000064849855,1.5708508527881453
2021-03-29,58.66356658935547,54.938148498535156,20.739999771118164,22.001500034332274,1.5946025264204469
2021-03-30,57.99961853027344,54.365440368652344,19.610000610351562,21.77700004577637,1.4620921311734296
2021-03-31,58.20881271362305,53.64331817626953,19.399999618530273,21.413500022888183,1.4277803142274832
2021-04-01,58.70905303955078,55.145652770996094,17.329999923706055,20.851500034332275,1.617861278044576
2021-04-05,60.51898193359375,55.06263732910156,17.90999984741211,20.514000034332277,1.8405213709525103
2021-04-06,59.627647399902344,54.971343994140625,18.1200008392334,20.14650011062622,1.719729164575323
2021-04-07,60.25520706176758,54.44844055175781,17.15999984741211,19.803000068664552,1.7552912782735917
2021-04-08,60.98282241821289,53.9670295715332,16.950000762939453,19.522500133514406,1.8070458565891254
2021-04-09,62.08333206176758,54.04172897338867,16.690000534057617,19.26150016784668,1.9529811952000142
2021-04-12,59.49122619628906,53.66822814941406,16.90999984741211,19.072500133514403,1.5926009184172962
2021-04-13,59.31841278076172,53.859134674072266,16.649999618530273,18.903500080108643,1.5867615459683397
2021-04-14,58.381614685058594,54.199432373046875,16.989999771118164,18.763500022888184,1.4965723209110426
2021-04-15,59.13652038574219,54.58953094482422,16.56999969482422,18.630500030517577,1.625234885604965
2021-04-16,58.89094543457031,55.5025520324707,16.25,18.364000034332275,1.6710181902169243
2021-04-19,57.87228775024414,54.73893356323242,17.290000915527344,18.18100004196167,1.4774111315497642
2021-04-20,57.02644729614258,55.0958366394043,18.68000030517578,18.17100009918213,1.4001626252756487
2021-04-21,57.93595886230469,55.436153411865234,17.5,18.0310001373291,1.544247345786145
2021-04-22,56.908206939697266,54.48163986206055,18.709999084472656,17.90650005340576,1.3333989425971773
2021-04-23,53.87953567504883,54.34884262084961,17.329999923706055,17.782500076293946,0.9379092210043243
2021-04-26,53.44295883178711,54.58123779296875,17.639999389648438,17.72150001525879,0.9020981448498449
2021-04-27,52.72445297241211,53.67652893066406,17.559999465942383,17.5625,0.7346862049807373
2021-04-28,52.40611267089844,53.485626220703125,17.280000686645508,17.446000003814696,0.6782049718865134
2021-04-29,53.00639343261719,52.98762512207031,17.610000610351562,17.35650005340576,0.7124043618918638
2021-04-30,52.324256896972656,52.680519104003906,18.610000610351562,17.420500087738038,0.5999693211425694
2021-05-03,52.07869338989258,54.61444091796875,18.309999465942383,17.44050006866455,0.7317890038305377
2021-05-04,51.75127410888672,54.48163986206055,19.479999542236328,17.508500003814696,0.6790522005249646
2021-05-05,51.70579528808594,55.20375442504883,19.149999618530273,17.607999992370605,0.7341366941653485
2021-05-06,52.33539581298828,55.2286376953125,18.389999389648438,17.679999923706056,0.8161216960706537
2021-05-07,52.77464294433594,55.2286376953125,16.690000534057617,17.679999923706056,0.8718563621583499
2021-05-10,51.21895980834961,56.008846282958984,19.65999984741211,17.817499923706055,0.7402116415123529
2021-05-11,50.36790084838867,55.79304504394531,21.84000015258789,18.076999950408936,0.6140371513148393
2021-05-12,49.06843948364258,55.98394775390625,27.59000015258789,18.606999969482423,0.46524069622368364
2021-05-13,49.42533493041992,57.195762634277344,23.1299991607666,18.93499994277954,0.6126499590091905
2021-05-14,50.651580810546875,56.88035202026367,18.809999465942383,19.06299991607666,0.7416636122353216
2021-05-17,50.63328170776367,57.32855987548828,19.719999313354492,19.18449983596802,0.7771137635373714
2021-05-18,50.184871673583984,57.145957946777344,21.34000015258789,19.317499828338622,0.7048279336300362
2021-05-19,50.66073226928711,56.855464935302734,22.18000030517578,19.551499843597412,0.7407274886769848
2021-05-20,51.20065689086914,57.56095504760742,20.670000076293945,19.649499893188477,0.8686909546345525
2021-05-21,51.319618225097656,57.062965393066406,20.149999618530273,19.790499877929687,0.8418182236554761
2021-05-24,52.124916076660156,55.96735382080078,18.399999618530273,19.82849988937378,0.8516688229153339
2021-05-25,52.04256057739258,54.971343994140625,18.84000015258789,19.892499923706055,0.7572817150001407
2021-05-26,52.088314056396484,55.07094192504883,17.360000610351562,19.896499919891358,0.7714806988442018
2021-05-27,52.82955551147461,54.697425842285156,16.739999771118164,19.852999877929687,0.8340569350892603
2021-05-28,52.271331787109375,54.871734619140625,16.760000228881836,19.7604998588562,0.7779153279832296
2021-06-01,52.060855865478516,54.21603775024414,17.899999618530273,19.739999866485597,0.6959508089824541
2021-06-02,52.60078048706055,54.805328369140625,17.479999542236328,19.639999866485596,0.8141217313992011
2021-06-03,51.46603775024414,55.17884063720703,18.040000915527344,19.58449993133545,0.7016150523899622
2021-06-04,52.500118255615234,55.96735382080078,16.420000076293945,19.485999965667723,0.8992770294738556
2021-06-07,52.24388885498047,55.959041595458984,16.420000076293945,19.472499942779542,0.8660643981871726
2021-06-08,52.16152572631836,56.03374481201172,17.06999969482422,19.342999935150146,0.8619091088339392
2021-06-09,52.16152572631836,56.979957580566406,17.889999389648438,19.145499897003173,0.9416498156406558
2021-06-10,52.5092658996582,57.51115417480469,16.100000381469727,18.570999908447266,1.0305392774647388
2021-06-11,52.939369201660156,57.079551696777344,15.649999618530273,18.196999931335448,1.0487410402570734
2021-06-14,53.25050735473633,57.155029296875,16.389999389648438,18.07599992752075,1.094581132238493
2021-06-15,53.06748580932617,57.104713439941406,17.020000457763672,17.94099998474121,1.0671178169193856
2021-06-16,52.36284637451172,56.46733093261719,18.149999618530273,17.78149995803833,0.9239938836964078
2021-06-17,52.32624435424805,56.37507629394531,17.75,17.55999994277954,0.9115749445214645
2021-06-18,50.944427490234375,55.86349105834961,20.700000762939453,17.561499977111815,0.6931275117389613
2021-06-21,51.127445220947266,56.48409652709961,17.889999389648438,17.448499965667725,0.7686506717802669
2021-06-22,51.127445220947266,56.23250198364258,16.65999984741211,17.361499977111816,0.7474479070420351
2021-06-23,50.56922149658203,55.89703369140625,16.31999969482422,17.235499954223634,0.6483455778297843
2021-06-24,51.31047058105469,56.34152603149414,15.970000267028809,17.165999937057496,0.7798592539187393
2021-06-25,51.16404724121094,56.9286003112793,15.619999885559082,17.10999994277954,0.8107548960922545
2021-06-28,52.60078048706055,56.77762985229492,15.760000228881836,17.05999994277954,0.9803345743551141
2021-06-29,51.93274688720703,56.970523834228516,16.020000457763672,16.96599998474121,0.9118257839096641
2021-06-30,51.37451934814453,57.75049591064453,15.829999923706055,16.883500003814696,0.9067250876843339
2021-07-01,51.25555419921875,57.97690963745117,15.479999542236328,16.755499935150148,0.9107106677510686
2021-07-02,51.94189453125,58.11949920654297,15.069999694824219,16.68799991607666,1.0098147300057154
2021-07-06,51.328765869140625,57.37309265136719,16.440000534057617,16.688999938964844,0.8691144632716695
2021-07-07,51.209800720214844,57.331146240234375,16.200000762939453,16.645499992370606,0.850484382475227
2021-07-08,50.68819046020508,56.76925277709961,19.0,16.701000022888184,0.7369461664357511
2021-07-09,51.23725891113281,57.2137451171875,16.18000030517578,16.705000019073488,0.8440746555201046
2021-07-12,51.91444396972656,57.08793640136719,16.170000076293945,16.73100004196167,0.9193981587149308
2021-07-13,52.04256057739258,57.03761291503906,17.1200008392334,16.767500114440917,0.9314135272952432
2021-07-14,51.72227096557617,56.970523834228516,16.329999923706055,16.733000087738038,0.8851191662122309
2021-07-15,51.072540283203125,57.28083419799805,17.010000228881836,16.676000118255615,0.8288278695748043
2021-07-16,50.303836822509766,57.557594299316406,18.450000762939453,16.711000156402587,0.7546130973071449
2021-07-19,50.00185775756836,57.22214126586914,22.5,16.801000118255615,0.6880261207147416
2021-07-20,50.55091857910156,58.002098083496094,19.729999542236328,16.89300012588501,0.8234244233513222
2021-07-21,51.456886291503906,57.37309265136719,17.90999984741211,16.95550012588501,0.8853712546080718
2021-07-22,51.209800720214844,57.574363708496094,17.690000534057617,17.02400016784668,0.8709811813680961
2021-07-23,48.501068115234375,57.88467025756836,17.200000762939453,17.08550019264221,0.5534293831841235
2021-07-26,49.699867248535156,57.65823745727539,17.579999923706055,17.18350019454956,0.686458882357711
2021-07-27,48.66578674316406,57.80919647216797,19.360000610351562,17.36350021362305,0.5679695603279151
2021-07-28,48.565120697021484,58.75688934326172,18.309999465942383,17.478000164031982,0.6350618074335492
2021-07-29,49.14164352416992,58.563995361328125,17.700000762939453,17.57150020599365,0.69195908810204
2021-07-30,49.159950256347656,57.2724609375,18.239999771118164,17.709500217437743,0.5854397831335151
2021-08-02,49.12334442138672,57.322776794433594,19.459999084472656,17.929000186920167,0.5850352813740178
2021-08-03,49.47108459472656,58.563995361328125,18.040000915527344,18.00900020599365,0.7337608137199472
2021-08-04,49.324668884277344,58.069175720214844,17.969999313354492,18.097500133514405,0.6734823851034699
2021-08-05,49.635986328125,58.11949920654297,17.280000686645508,18.01150016784668,0.7172254003139273
2021-08-06,49.66362380981445,57.68339538574219,16.149999618530273,18.010000133514403,0.6839802160174997
2021-08-09,49.78335189819336,57.415016174316406,16.719999313354492,18.03750009536743,0.6765548626357671
2021-08-10,49.68204116821289,58.069175720214844,16.790000915527344,18.021000099182128,0.7188282132094714
2021-08-11,49.866249084472656,58.57236862182617,16.170000076293945,18.013000106811525,0.7846076185272397
2021-08-12,49.31361389160156,59.444583892822266,15.59000015258789,17.942000102996825,0.7879901785059383
2021-08-13,49.26755905151367,59.679420471191406,15.449999809265137,17.79200005531311,0.801936938458497
2021-08-16,49.2491455078125,60.14067840576172,16.1200008392334,17.47300009727478,0.8384723452009947
2021-08-17,48.53070831298828,61.24771499633789,17.90999984741211,17.382000112533568,0.8406060441743792
2021-08-18,48.0701789855957,60.35034942626953,21.56999969482422,17.565000104904176,0.7065467680802884
2021-08-19,48.300437927246094,60.107139587402344,21.670000076293945,17.76400008201599,0.7152674340889148
2021-08-20,47.904388427734375,60.752906799316406,18.559999465942383,17.832000017166138,0.7194350714681856
2021-08-23,49.02808380126953,60.84516143798828,17.149999618530273,17.81050000190735,0.8697918154156912
2021-08-24,49.56229782104492,60.59356689453125,17.219999313354492,17.703499937057494,0.9163737620316258
2021-08-25,49.56229782104492,59.889095306396484,16.790000915527344,17.627500009536742,0.8570054421040436
2021-08-26,48.93598175048828,59.905853271484375,18.84000015258789,17.684499979019165,0.7789464487544385
2021-08-27,49.635986328125,59.780052185058594,16.389999389648438,17.591999959945678,0.85716609081961
2021-08-30,49.68204116821289,60.39228820800781,16.190000534057617,17.428500032424928,0.9146051440694091
2021-08-31,49.79256820678711,61.03804397583008,16.479999542236328,17.350499963760377,0.9830496965568005
2021-09-01,49.433353424072266,60.274864196777344,16.110000610351562,17.25750002861023,0.873154212212923
2021-09-02,49.48861312866211,60.66903305053711,16.40999984741211,17.21399998664856,0.9133839473640715
2021-09-03,49.28598403930664,60.35034942626953,16.40999984741211,17.22699999809265,0.8608163895765297
2021-09-07,49.41493606567383,59.7045783996582,18.139999389648438,17.298000001907347,0.8227572851289943
2021-09-08,49.341243743896484,60.283260345458984,17.959999084472656,17.356499910354614,0.8621742822148931
2021-09-09,49.18467330932617,59.21814727783203,18.799999237060547,17.487999868392944,0.7525467028412219
2021-09-10,49.589935302734375,59.53684616088867,20.950000762939453,17.755999898910524,0.8308269887788363
2021-09-13,50.64915084838867,59.671043395996094,19.3700008392334,17.951999950408936,0.9765367446328073
2021-09-14,50.21625900268555,59.67949295043945,19.459999084472656,18.118999862670897,0.9223205543783927
2021-09-15,50.768890380859375,60.789222717285156,18.18000030517578,18.13249988555908,1.085963049886006
2021-09-16,50.50178909301758,60.42497253417969,18.690000534057617,17.988499927520753,1.0213747651105758
2021-09-17,49.97677230834961,60.66216278076172,20.809999465942383,17.945499897003174,0.9747459250943057
2021-09-20,48.79780960083008,60.11152267456055,25.709999084472656,18.302999877929686,0.7787467160678233
2021-09-21,48.69650650024414,60.76380920410156,24.360000610351562,18.663499927520753,0.8208631889778562
2021-09-22,49.276771545410156,60.46731948852539,20.8700008392334,18.846000003814698,0.869504927750549
2021-09-23,49.76493453979492,60.729915618896484,18.6299991607666,18.93799991607666,0.9535762790194974
2021-09-24,49.93993377685547,60.30636978149414,17.75,18.883499908447266,0.9400876631838505
2021-09-27,50.3452033996582,59.64561080932617,18.760000228881836,19.001999950408937,0.9358265289897492
2021-09-28,49.7373046875,59.27287673950195,23.25,19.354999923706053,0.8272805798945324
2021-09-29,49.26755905151367,60.094573974609375,22.559999465942383,19.658999919891357,0.8369233969972023
2021-09-30,49.074134826660156,59.17122268676758,23.139999389648438,20.0104998588562,0.7345663259386745
2021-10-01,49.60835266113281,58.078453063964844,21.100000381469727,20.244999885559082,0.710259948485796
2021-10-04,49.2491455078125,57.23133087158203,22.959999084472656,20.57249984741211,0.5932913072445629
2021-10-05,49.69124984741211,57.09578323364258,21.299999237060547,20.730499839782716,0.6379654350447007
2021-10-06,49.71887969970703,57.16355514526367,21.0,20.88249988555908,0.6471826782081235
2021-10-07,49.90309143066406,57.7226448059082,19.540000915527344,20.919499969482423,0.7176731857446782
2021-10-08,49.56229782104492,57.64641189575195,18.770000457763672,20.810499954223634,0.6680065549069762
2021-10-11,49.22151184082031,57.67182922363281,20.0,20.84199991226196,0.6269073183142994
2021-10-12,48.051761627197266,57.07037353515625,19.850000381469727,20.861499977111816,0.4277946438325172
2021-10-13,48.1346549987793,57.29062271118164,18.639999389648438,20.884499931335448,0.45687389851764054
2021-10-14,49.645198822021484,57.73112487792969,16.860000610351562,20.792999935150146,0.6856646617755496
2021-10-15,50.16099166870117,57.29062271118164,16.299999237060547,20.567499923706055,0.7139892889650339
2021-10-18,50.17020034790039,55.825103759765625,16.309999465942383,20.097499942779542,0.5916532677316105
2021-10-19,50.851783752441406,56.6722412109375,15.699999809265137,19.66449990272522,0.749528488133746
2021-10-20,50.99916076660156,56.63834762573242,15.489999771118164,19.395499849319457,0.7653723542549568
2021-10-21,51.57942199707031,56.74845504760742,15.010000228881836,19.21449990272522,0.8482789922168664
2021-10-22,45.55567932128906,56.96024703979492,15.430000305175781,19.098499917984007,0.10179397896737738
2021-10-25,45.5096321105957,57.32451248168945,15.239999771118164,18.922499895095825,0.1266491364827844
2021-10-26,44.46883010864258,57.375335693359375,15.979999542236328,18.558999872207643,-0.0011318541692690723
2021-10-27,44.109622955322266,56.56209945678711,16.979999542236328,18.279999876022337,-0.11524480569995073
2021-10-28,44.28462600708008,57.04495620727539,16.530000686645508,17.949499940872194,-0.05234717584996284
2021-10-29,45.131996154785156,54.96104049682617,16.260000228881836,17.707499933242797,-0.12044605310856933
2021-11-01,45.63858413696289,55.604862213134766,16.40999984741211,17.379999971389772,-0.0019095813956987657
2021-11-02,45.92411422729492,55.825103759765625,16.030000686645508,17.116500043869017,0.05288095660582689
2021-11-03,46.41226577758789,57.10426330566406,15.100000381469727,16.821500062942505,0.22262026117476777
2021-11-04,46.66083526611328,56.307960510253906,15.4399995803833,16.616499996185304,0.1870531884053342
2021-11-05,47.226585388183594,56.1808967590332,16.479999542236328,16.501999950408937,0.24813130200371264
2021-11-08,47.81089401245117,55.88440704345703,17.219999313354492,16.36299991607666,0.2972861176184405
2021-11-09,47.48627853393555,56.03689956665039,17.780000686645508,16.259499931335448,0.2689477818822691
2021-11-10,47.078189849853516,57.028018951416016,18.729999542236328,16.263999938964844,0.3006918583530753
2021-11-11,46.86487579345703,57.1212043762207,17.65999984741211,16.30399990081787,0.2814781851312014
2021-11-12,46.66083526611328,57.16355514526367,16.290000915527344,16.30349998474121,0.25915718361977885
2021-11-15,46.67011260986328,56.926368713378906,16.489999771118164,16.3125,0.2403458140863444
2021-11-16,46.9390754699707,56.66376495361328,16.3700008392334,16.346000051498415,0.2523431022194911
2021-11-17,46.58663558959961,57.1466178894043,17.110000610351562,16.427000093460084,0.24831486093027058
2021-11-18,46.076534271240234,57.42616271972656,17.59000015258789,16.556000089645387,0.2071479678420832
2021-11-19,45.928138732910156,58.188575744628906,17.90999984741211,16.680000066757202,0.2525697821321764
2021-11-22,46.21564865112305,59.27287673950195,19.170000076293945,16.87650008201599,0.3804288892278525
2021-11-23,45.538597106933594,59.83198928833008,19.3799991607666,17.046500062942506,0.34163837845316986
2021-11-24,46.15072250366211,59.35758972167969,18.579999923706055,17.12650008201599,0.3793296812072382
2021-11-26,45.24181365966797,59.527015686035156,28.6200008392334,17.731000089645384,0.2782792669918675
2021-11-29,46.373321533203125,59.84892272949219,22.959999084472656,18.066000032424927,0.44898093699101044
2021-11-30,45.631351470947266,58.39188003540039,27.190000534057617,18.605000066757203,0.23204456786017386
2021-12-01,45.07485580444336,58.39188003540039,31.1200008392334,19.359500074386595,0.16143260949249016
2021-12-02,45.90959167480469,59.01874923706055,27.950000762939453,20.002000093460083,0.32017807049031305
2021-12-03,45.6777229309082,58.925567626953125,30.670000076293945,20.763500118255614,0.28290424102123424
2021-12-06,47.29151153564453,58.874732971191406,27.18000030517578,21.29850015640259,0.4833887078596959
2021-12-07,48.75690460205078,59.00180435180664,21.889999389648438,21.532000160217287,0.6800365114582191
2021-12-08,47.99638748168945,59.05263137817383,19.899999618530273,21.638000106811525,0.5878202960281236
2021-12-09,46.818504333496094,59.55244064331055,21.579999923706055,21.78050012588501,0.48048316395258134
2021-12-10,46.920528411865234,59.51007080078125,18.690000534057617,21.832000160217284,0.48985801657691025
2021-12-13,46.373321533203125,59.81503677368164,20.309999465942383,22.03300008773804,0.4461252472804572
2021-12-14,46.09508514404297,60.345584869384766,21.889999389648438,22.303000068664552,0.45553189040729536
2021-12-15,46.99471664428711,60.936038970947266,19.290000915527344,22.449000072479247,0.6194429210129597
2021-12-16,47.14311981201172,61.877323150634766,20.56999969482422,22.62200002670288,0.717598682288534
2021-12-17,46.94834899902344,61.791748046875,21.56999969482422,22.821000003814696,0.6856731181026358
2021-12-20,46.00232696533203,62.014251708984375,22.8700008392334,23.069000053405762,0.5843865756290159
2021-12-21,47.08747100830078,61.47515106201172,21.010000228881836,23.161000061035157,0.6766451145978668
2021-12-22,47.2729606628418,61.980018615722656,18.6299991607666,23.123500061035156,0.7427282844673239
2021-12-23,47.58830642700195,62.02281951904297,17.959999084472656,23.092500019073487,0.7863484856234797
2021-12-27,48.172603607177734,62.356544494628906,17.68000030517578,22.545499992370605,0.8886122769185939
2021-12-28,48.00565719604492,62.44210433959961,17.540000915527344,22.27450008392334,0.8746394114983947
2021-12-29,48.070587158203125,63.01543426513672,16.950000762939453,21.762500095367432,0.9311947138711785
2021-12-30,47.98711395263672,62.77583694458008,17.329999923706055,21.073000049591066,0.9004113491235894
2021-12-31,47.76451873779297,62.1340446472168,17.219999313354492,20.536499977111816,0.8180808392721789
2022-01-03,49.35048294067383,62.108375549316406,16.600000381469727,19.832999992370606,1.0171555474344707
2022-01-04,49.28555679321289,61.791748046875,16.90999984741211,19.319499969482422,0.9822339529726285
2022-01-05,49.962608337402344,61.76609420776367,19.729999542236328,19.211499977111817,1.0659809217223928
2022-01-06,50.09246063232422,61.26121139526367,19.610000610351562,19.19700002670288,1.0399091990980251
2022-01-07,49.563804626464844,60.978824615478516,18.760000228881836,19.05600004196167,0.9490319906516077
2022-01-10,51.20541763305664,61.689064025878906,19.399999618530273,19.091499996185302,1.2171854185598447
2022-01-11,51.85464096069336,61.92867660522461,18.40999984741211,18.99650001525879,1.3197562959070046
2022-01-12,51.69697952270508,61.82600021362305,17.6200008392334,18.78300008773804,1.2910982356384195
2022-01-13,50.95499801635742,61.50936508178711,20.309999465942383,18.834000015258788,1.1702666054040032
2022-01-14,51.65987777709961,61.415245056152344,19.190000534057617,18.76500005722046,1.2517747192732875
2022-01-18,50.788063049316406,60.26856994628906,22.790000915527344,18.826000118255614,1.0445185524843408
2022-01-19,49.73074722290039,59.10478591918945,23.850000381469727,18.875000095367433,0.8122829143982663
2022-01-20,48.26535415649414,58.02657699584961,25.59000015258789,19.104000091552734,0.5354793758025148
2022-01-21,48.26535415649414,58.6255989074707,28.850000381469727,19.61500015258789,0.5859610773952123
2022-01-24,48.172603607177734,58.67693328857422,29.899999618530273,20.212000179290772,0.5785183867326689
2022-01-25,47.30078887939453,58.9079704284668,31.15999984741211,20.886000156402588,0.48736691882620686
2022-01-26,47.940738677978516,57.6243896484375,31.959999084472656,21.607000064849853,0.46039619957861844
2022-01-27,44.56475830078125,57.564491271972656,30.489999771118164,22.28400001525879,0.026980979517184336
2022-01-28,44.26796340942383,58.92509841918945,27.65999984741211,22.800500011444093,0.10398481455573802
2022-01-31,45.27891159057617,58.77105712890625,24.829999923706055,23.18100004196167,0.21927919553938857
2022-02-01,45.39948272705078,58.59135437011719,21.959999084472656,23.448999977111818,0.2194338930926698
2022-02-02,45.918853759765625,56.32368469238281,22.09000015258789,23.707999992370606,0.09423065664232577
2022-02-03,44.778072357177734,55.95572280883789,24.350000381469727,23.939000034332274,-0.08152890660934768
2022-02-04,44.86685562133789,54.68070602416992,23.219999313354492,24.119499969482423,-0.17771366939872224
2022-02-07,45.02573013305664,54.56089401245117,22.860000610351562,24.324499988555907,-0.16765157312899848
2022-02-08,45.61448287963867,54.509552001953125,21.440000534057617,24.426500034332275,-0.09727339022565942
2022-02-09,46.6424674987793,54.2357292175293,19.959999084472656,24.503999996185303,0.010088278531021644
2022-02-10,45.661216735839844,52.8751220703125,23.90999984741211,24.818499946594237,-0.2290826890930587
2022-02-11,44.51173400878906,53.1147346496582,27.360000610351562,25.171000003814697,-0.3547438801952634
2022-02-14,44.46501541137695,52.29323196411133,28.329999923706055,25.62799997329712,-0.42990279954781707
2022-02-15,45.268707275390625,52.48149490356445,25.700000762939453,25.773499965667725,-0.312059319122774
2022-02-16,45.072452545166016,52.969261169433594,24.290000915527344,25.795499992370605,-0.29585566161472004
2022-02-17,44.45566177368164,52.447265625,28.110000610351562,25.92150001525879,-0.4181086897155492
2022-02-18,42.09130096435547,52.24188995361328,27.75,25.866499996185304,-0.7354226204052905
2022-02-22,41.76421356201172,52.18198776245117,28.809999465942383,25.811999988555907,-0.7819738667376218
2022-02-23,41.72682571411133,52.49861145019531,31.020000457763672,25.805000019073486,-0.7600348899616062
2022-02-24,43.66131591796875,51.86536407470703,30.31999969482422,25.723000049591064,-0.567939607201381
2022-02-25,44.58650207519531,52.301788330078125,27.59000015258789,25.57800006866455,-0.41376666933847434
2022-02-28,44.577152252197266,51.685672760009766,30.149999618530273,25.70250005722046,-0.4668752833587937
2022-03-01,43.75476837158203,51.56587600708008,33.31999969482422,26.127000045776366,-0.5813206456612118
2022-03-02,45.67055130004883,52.404483795166016,30.739999771118164,26.566000080108644,-0.2675606131345637
2022-03-03,44.79209518432617,52.806663513183594,30.479999542236328,26.985500049591064,-0.3451319933453974
2022-03-04,44.92292785644531,52.935028076171875,31.979999542236328,27.367000007629393,-0.3177133161856827
2022-03-07,44.55846405029297,51.56587600708008,36.45000076293945,28.028500080108643,-0.4793422669939529
2022-03-08,44.39025115966797,50.94974899291992,35.130001068115234,28.642000102996825,-0.5526094728886244
2022-03-09,44.51173400878906,50.48765563964844,32.45000076293945,29.192500114440918,-0.5761371482392479
2022-03-10,43.6052360534668,49.5634765625,30.229999542236328,29.706000137329102,-0.7690436290279238
2022-03-11,42.8295783996582,49.63193130493164,30.75,30.048000144958497,-0.861695428237972
2022-03-14,41.49319839477539,50.39456558227539,31.770000457763672,30.268500137329102,-0.9669945242358134
2022-03-15,41.87635803222656,50.54189682006836,29.829999923706055,30.3435001373291,-0.9059604950913138
2022-03-16,43.57720184326172,50.23857879638672,26.670000076293945,30.392000102996825,-0.7157075402005726
2022-03-17,44.05381393432617,51.304534912109375,25.670000076293945,30.461000061035158,-0.5653998501955105
2022-03-18,44.34352111816406,51.49519729614258,23.8700008392334,30.249000072479248,-0.5125720351031153
2022-03-21,44.28744888305664,51.70318603515625,23.530000686645508,30.038000106811523,-0.5021589130898264
2022-03-22,45.221981048583984,51.980506896972656,22.940000534057617,29.744500160217285,-0.360208297485935
2022-03-23,45.10983657836914,51.00120544433594,23.56999969482422,29.37200012207031,-0.4569671588618349
2022-03-24,48.240516662597656,51.252532958984375,21.670000076293945,28.9395001411438,-0.03854489719915368
2022-03-25,48.43677520751953,51.0532112121582,20.809999465942383,28.600500106811523,-0.030439827761987327
2022-03-28,48.13771057128906,51.287200927734375,19.6299991607666,28.07450008392334,-0.04866804117527218
2022-03-29,48.82926559448242,52.457149505615234,18.899999618530273,27.353500080108642,0.1376768849387567
2022-03-30,48.06295394897461,51.70318603515625,19.329999923706055,26.78300008773804,-0.023097129542753374
2022-03-31,46.31538772583008,51.521202087402344,20.559999465942383,26.28700008392334,-0.2601766609312368
2022-04-01,44.96031188964844,51.711849212646484,19.6299991607666,25.669500064849853,-0.41605139777019945
2022-04-04,45.978946685791016,52.5784797668457,18.56999969482422,24.77550001144409,-0.21376604946448555
2022-04-05,44.97900390625,51.78117752075195,21.030000686645508,24.070499992370607,-0.40783708498833915
2022-04-06,44.42763137817383,52.708473205566406,22.100000381469727,23.55299997329712,-0.39965248762850164
2022-04-07,44.44632339477539,52.85580062866211,21.549999237060547,23.11899995803833,-0.3848649127154181
2022-04-08,43.94167709350586,53.991092681884766,21.15999984741211,22.639499950408936,-0.3532227817643038
2022-04-11,43.52113342285156,53.635772705078125,24.3700008392334,22.26949996948242,-0.43652830042493634
2022-04-12,43.455718994140625,53.41044616699219,24.260000228881836,21.99099998474121,-0.46381759516852833
2022-04-13,43.93231964111328,53.78309631347656,21.81999969482422,21.748499965667726,-0.3719387108795687
2022-04-14,42.680049896240234,53.57510757446289,22.700000762939453,21.6,-0.5483631695155934
2022-04-18,43.5865478515625,53.36711502075195,22.170000076293945,21.51499996185303,-0.4508688085708951
2022-04-19,44.79209518432617,54.407066345214844,21.3700008392334,21.40699996948242,-0.21026036907364284
2022-04-20,44.96031188964844,55.117698669433594,20.31999969482422,21.27599992752075,-0.12902838139691958
2022-04-21,44.39025115966797,55.247703552246094,22.68000030517578,21.23149995803833,-0.19040559467704773
2022-04-22,43.493099212646484,53.947757720947266,28.209999084472656,21.558499908447267,-0.4137933877607849
2022-04-25,43.97905731201172,54.29440689086914,27.020000457763672,21.86899995803833,-0.32291836075022645
2022-04-26,42.53987121582031,53.531768798828125,33.52000045776367,22.563500022888185,-0.5698023070898496
2022-04-27,42.259517669677734,53.37578582763672,31.600000381469727,23.198500061035155,-0.6185207118095132
2022-04-28,43.773460388183594,53.349788665771484,29.989999771118164,23.73150005340576,-0.4286122269666833
2022-04-29,40.736228942871094,51.42586135864258,33.400001525878906,24.37350015640259,-0.9761330074520181
2022-05-02,42.01653289794922,52.26649856567383,32.34000015258789,25.00900020599365,-0.7428358465950946
2022-05-03,42.109989166259766,52.2838249206543,29.25,25.54300022125244,-0.7295173256907728
2022-05-04,43.493099212646484,53.80043029785156,25.420000076293945,25.762500190734862,-0.4262091923663465
2022-05-05,42.00957107543945,53.16779327392578,31.200000762939453,26.21750020980835,-0.6677639075130298
2022-05-06,41.72699737548828,53.02046585083008,30.190000534057617,26.6495002746582,-0.7160345867164611
2022-05-09,40.56843566894531,53.45378112792969,34.75,27.3290002822876,-0.826523767016732
2022-05-10,41.453834533691406,53.54043960571289,32.9900016784668,27.76000032424927,-0.7068753145779386
2022-05-11,40.342376708984375,52.483150482177734,32.560001373291016,28.175000381469726,-0.9370061546384375
2022-05-12,40.35179901123047,54.1470832824707,31.770000457763672,28.6725004196167,-0.7955850687123731
2022-05-13,41.067649841308594,54.05175018310547,28.8700008392334,28.981000423431396,-0.7127871009097889
2022-05-16,40.57786178588867,53.9390983581543,27.469999313354492,29.246000385284425,-0.7844283124223427
2022-05-17,41.821189880371094,54.753726959228516,26.100000381469727,29.48250036239624,-0.5580147379540745
2022-05-18,39.890254974365234,54.78839874267578,30.959999084472656,30.01450033187866,-0.800102988979425
2022-05-19,39.57000732421875,54.83172607421875,29.350000381469727,30.34800033569336,-0.8370868428959285
2022-05-20,39.23091506958008,55.32570266723633,29.43000030517578,30.409000396728516,-0.8384840165147182
2022-05-23,39.56058883666992,55.16971206665039,28.479999542236328,30.48200035095215,-0.8097986460829585
2022-05-24,39.24974822998047,55.76768112182617,29.450000762939453,30.278500366210938,-0.798847244582586
2022-05-25,39.74897003173828,56.33966064453125,28.3700008392334,30.117000389099122,-0.6872998405083447
2022-05-26,40.95462417602539,55.87168502807617,27.5,29.992500400543214,-0.5737562008964912
2022-05-27,41.96247482299805,56.15766525268555,25.719999313354492,29.608500289916993,-0.42177268204737256
2022-05-31,41.840030670166016,56.20099639892578,26.190000534057617,29.301000308990478,-0.43365756024991997
2022-06-01,41.54803466796875,56.13166427612305,25.690000534057617,29.12300033569336,-0.47655086464909296
2022-06-02,42.235633850097656,54.996376037597656,24.719999313354492,29.088000297546387,-0.48497836719383985
2022-06-03,40.86985397338867,54.98771667480469,24.790000915527344,28.76750030517578,-0.6590075703699204
2022-06-06,40.822757720947266,53.7570915222168,25.06999969482422,28.51150026321411,-0.768692610870796
2022-06-07,41.00171661376953,54.19908905029297,24.020000457763672,27.975000286102294,-0.7087363886037208
2022-06-08,38.835304260253906,54.060420989990234,23.959999084472656,27.523500156402587,-0.9953115846977125
2022-06-09,37.686161041259766,53.02046585083008,26.09000015258789,27.200000095367432,-1.228763407761404
2022-06-10,36.90437698364258,52.63914108276367,27.75,26.999000072479248,-1.360097081785771
2022-06-13,35.576263427734375,51.261199951171875,34.02000045776367,27.256500053405762,-1.6447411581189404
2022-06-14,35.72697448730469,50.70840072631836,32.689998626708984,27.517500019073488,-1.6722042647521334
2022-06-15,36.40515899658203,51.23487854003906,29.6200008392334,27.69350004196167,-1.5417834445437897
2022-06-16,35.171241760253906,50.6469841003418,32.95000076293945,27.79300012588501,-1.7478952131222087
2022-06-17,34.82273864746094,51.35771942138672,31.1299991607666,27.882000064849855,-1.7322194734977827
2022-06-21,35.53859329223633,53.095088958740234,30.190000534057617,27.920000076293945,-1.494972668736909
2022-06-22,35.20892333984375,53.9725456237793,28.950000762939453,27.943500137329103,-1.4628570503970892
2022-06-23,35.2371826171875,54.91143798828125,29.049999237060547,27.923500061035156,-1.3801475305327213
2022-06-24,36.36748504638672,55.350162506103516,27.229999542236328,27.866499996185304,-1.1997541925282451
2022-06-27,36.38631820678711,55.130802154541016,26.950000762939453,27.839000034332276,-1.2158507879674398
2022-06-28,35.58568572998047,54.58677673339844,28.360000610351562,27.971000099182127,-1.3632874389586995
2022-06-29,35.124149322509766,54.82368850708008,28.15999984741211,28.069500064849855,-1.4018849244890093
2022-06-30,35.2371826171875,54.23579025268555,28.709999084472656,28.220499992370605,-1.437086762150844
2022-07-01,34.22932434082031,54.71839141845703,26.700000762939453,28.319500064849855,-1.524300168669582
2022-07-05,34.558998107910156,54.700843811035156,27.540000915527344,28.457000064849854,-1.4839477160611543
2022-07-06,34.841575622558594,55.04305648803711,26.729999542236328,28.54000005722046,-1.4192528810980243
2022-07-07,35.92477798461914,55.034278869628906,26.079999923706055,28.643000030517577,-1.2825485128201217
2022-07-08,35.78349304199219,55.13957214355469,24.639999389648438,28.677000045776367,-1.291602270367731
2022-07-11,35.03937530517578,54.98163604736328,26.170000076293945,28.68100004196167,-1.3993308293286844
2022-07-12,35.048797607421875,54.700843811035156,27.290000915527344,28.65800008773804,-1.4217986213785079
2022-07-13,35.048797607421875,54.8061408996582,26.81999969482422,28.298000049591064,-1.4129248621664894
2022-07-14,35.51975631713867,54.23579025268555,26.399999618530273,27.98350009918213,-1.4012318875529761
2022-07-15,36.37689971923828,54.928985595703125,24.229999542236328,27.714000034332276,-1.2340536671627227
2022-07-18,36.46167755126953,53.43729782104492,25.299999237060547,27.33149995803833,-1.3490062994387577
2022-07-19,37.883968353271484,54.5078010559082,24.5,27.0,-1.078321255262996
2022-07-20,38.2042236328125,54.00764846801758,23.8799991607666,26.68449993133545,-1.079834718270495
2022-07-21,38.251319885253906,53.53382110595703,23.110000610351562,26.392499923706055,-1.11378993792396
2022-07-22,36.923213958740234,53.34955978393555,23.030000686645508,26.091499996185302,-1.2978374139162006
2022-07-25,36.88554000854492,53.30569076538086,23.360000610351562,25.898000049591065,-1.3063147389968301
2022-07-26,36.69715118408203,53.191612243652344,24.690000534057617,25.785000038146972,-1.3398325971863152
2022-07-27,37.846290588378906,53.43729782104492,23.239999771118164,25.528999996185302,-1.1733171718918265
2022-07-28,37.40359115600586,52.99857711791992,22.329999923706055,25.2375,-1.2664624394996964
2022-07-29,34.20107650756836,52.428218841552734,21.329999923706055,24.86850004196167,-1.720885413753637
2022-08-01,34.81332015991211,52.29660415649414,22.84000015258789,24.675500011444093,-1.6542914078808604
2022-08-02,33.918487548828125,52.24395751953125,23.93000030517578,24.494999980926515,-1.7722705797859013
2022-08-03,34.398868560791016,54.63941955566406,21.950000762939453,24.25600004196167,-1.509442482950357
2022-08-04,33.92791748046875,54.32353591918945,21.440000534057617,24.024000072479247,-1.5958205965803722
2022-08-05,33.67102813720703,53.60401916503906,21.149999618530273,23.84950008392334,-1.6890526946040105
2022-08-08,33.66151428222656,54.0515251159668,21.290000915527344,23.60550012588501,-1.6525469632226109
2022-08-09,32.84328842163086,54.402503967285156,21.770000457763672,23.329500102996825,-1.7267907973387215
2022-08-10,33.652000427246094,55.402809143066406,19.739999771118164,22.975500106811523,-1.5398766471036356
2022-08-11,33.86131286621094,54.797367095947266,20.200000762939453,22.665500164031982,-1.5643404091942756
2022-08-12,34.356056213378906,55.244873046875,19.530000686645508,22.43050022125244,-1.4638510914025762
2022-08-15,34.57488250732422,58.09660720825195,19.950000762939453,22.163000297546386,-1.1957591669827075
2022-08-16,34.43217468261719,58.2019157409668,19.690000534057617,21.922500324249267,-1.204992183582256
2022-08-17,34.042083740234375,57.92988967895508,19.899999618530273,21.723500347137453,-1.2774141790859712
2022-08-18,34.441688537597656,57.19282913208008,19.559999465942383,21.546000289916993,-1.2888243092830138
2022-08-19,33.66151428222656,57.33321762084961,20.600000381469727,21.424500274658204,-1.3759870936476357
2022-08-22,32.196311950683594,56.47332000732422,23.799999237060547,21.44650020599365,-1.6343685619425514
2022-08-23,32.30097579956055,55.87664031982422,24.110000610351562,21.41750020980835,-1.671372414381406
2022-08-24,32.21533966064453,55.8239860534668,22.81999969482422,21.396500205993654,-1.6866758724562616
2022-08-25,33.195316314697266,55.79766845703125,21.780000686645508,21.369000244140626,-1.56454764086644
2022-08-26,31.739627838134766,54.727169036865234,25.559999465942383,21.580500221252443,-1.8394700878584844
2022-08-29,31.340030670166016,54.797367095947266,26.209999084472656,21.74900016784668,-1.8842578572110187
2022-08-30,30.69305419921875,54.84123611450195,26.209999084472656,21.863000106811523,-1.9626536381472848
2022-08-31,30.36957359313965,55.69237518310547,25.8700008392334,22.059000110626222,-1.9319705506312022
2022-09-01,30.21734619140625,56.99100875854492,25.559999465942383,22.26500005722046,-1.8418457411551847
2022-09-02,29.703575134277344,55.99948501586914,25.469999313354492,22.48100004196167,-1.990595733590426
2022-09-06,28.885347366333008,55.62217330932617,26.90999984741211,22.761999988555907,-2.126215438730937
2022-09-07,29.161258697509766,56.85062026977539,24.639999389648438,22.905499935150146,-1.9876803474190163
2022-09-08,29.25640296936035,57.12263107299805,23.610000610351562,23.098999977111816,-1.9526844791586069
2022-09-09,29.931915283203125,57.280582427978516,22.790000915527344,23.228499984741212,-1.853659757366099
2022-09-12,30.02705955505371,59.6760368347168,23.8700008392334,23.445499992370607,-1.6397137634725536
2022-09-13,27.86732292175293,57.12263107299805,27.270000457763672,23.811499977111815,-2.1289404114055595
2022-09-14,27.762662887573242,57.84143829345703,26.15999984741211,24.13499994277954,-2.081643954467769
2022-09-15,27.439178466796875,57.681697845458984,26.270000457763672,24.45349998474121,-2.1361517540639294
2022-09-16,27.819746017456055,58.21415328979492,26.299999237060547,24.79049997329712,-2.0429908433779604
2022-09-19,28.01003074645996,58.40938186645508,25.760000228881836,25.048499965667723,-2.0023936168960135
2022-09-20,27.5533447265625,57.30898666381836,27.15999984741211,25.216499996185302,-2.1530752553807266
2022-09-21,27.087148666381836,56.350589752197266,27.989999771118164,25.41049995422363,-2.2929968927742816
2022-09-22,26.706575393676758,56.590187072753906,27.350000381469727,25.636999988555907,-2.321094904067286
2022-09-23,26.183292388916016,55.78263854980469,29.920000076293945,26.04399995803833,-2.455547592728204
2022-09-26,25.660005569458008,55.321189880371094,32.2599983215332,26.37899990081787,-2.560833702938353
2022-09-27,25.583890914916992,55.57854461669922,32.599998474121094,26.698499870300292,-2.5488034518110885
2022-09-28,25.812232971191406,56.732181549072266,30.18000030517578,26.89699993133545,-2.4226087803777423
2022-09-29,25.098661422729492,55.96900177001953,31.84000015258789,27.195499897003174,-2.5774674633525008
2022-09-30,24.518293380737305,54.7443733215332,31.6200008392334,27.498499965667726,-2.7543122950940058
2022-10-03,25.660005569458008,55.30344772338867,30.100000381469727,27.730000019073486,-2.562328897449642
2022-10-04,26.35454559326172,57.9567985534668,29.06999969482422,27.83800001144409,-2.2505936438026612
2022-10-05,26.297460556030273,58.08103561401367,28.549999237060547,28.033500003814698,-2.2473670840805426
2022-10-06,25.85980796813965,57.6373291015625,30.520000457763672,28.378999996185303,-2.3402921455450456
2022-10-07,24.470718383789062,57.05164337158203,31.360000610351562,28.807499980926515,-2.565907102133064
2022-10-10,23.97597885131836,57.202510833740234,32.45000076293945,29.236499977111816,-2.6159688855694925
2022-10-11,23.823753356933594,58.27626419067383,33.630001068115234,29.554500007629393,-2.5447952878785003
2022-10-12,24.099668502807617,58.02779769897461,33.56999969482422,29.925,-2.5307244486678133
2022-10-13,25.136722564697266,58.97732162475586,31.940000534057617,30.2085000038147,-2.3191162200425173
2022-10-14,24.651493072509766,58.719974517822266,32.02000045776367,30.494500064849852,-2.402372994757009
2022-10-17,25.136722564697266,58.90633773803711,31.3700008392334,30.77500009536743,-2.325098283999958
2022-10-18,24.613435745239258,59.34116744995117,30.5,30.942000102996825,-2.3548518353614147
2022-10-19,24.737125396728516,58.73772048950195,30.760000228881836,31.08050012588501,-2.3900118665506667
2022-10-20,24.813236236572266,58.71110153198242,29.979999542236328,31.21200008392334,-2.3825976790702903
2022-10-21,25.660005569458008,60.15757369995117,29.690000534057617,31.200500106811525,-2.15325448082432
2022-10-24,25.85980796813965,61.23134231567383,29.850000381469727,31.08000020980835,-2.037411901809086
2022-10-25,26.078636169433594,61.763790130615234,28.459999084472656,30.87300024032593,-1.9647742237259027
2022-10-26,25.888347625732422,62.846439361572266,27.280000686645508,30.728000259399415,-1.8976806379735243
2022-10-27,24.994007110595703,62.29623794555664,27.389999389648438,30.50550022125244,-2.057528075759582
2022-10-28,27.658004760742188,70.34504699707031,25.75,30.212000179290772,-1.041200226563729
2022-10-31,27.049091339111328,69.62625122070312,25.8799991607666,30.001000118255615,-1.1790387766090191
2022-11-01,26.925405502319336,70.40717315673828,25.809999465942383,29.838000106811524,-1.1289218155791225
2022-11-02,26.08814811706543,69.1115493774414,25.860000610351562,29.703500175476073,-1.3443455442937158
2022-11-03,26.059606552124023,70.5136489868164,25.299999237060547,29.442500114440918,-1.2298071841482672
2022-11-04,27.19263458251953,71.29458618164062,24.549999237060547,29.102000045776368,-1.0202285269796685
2022-11-07,27.395132064819336,72.2884750366211,24.350000381469727,28.69700002670288,-0.9107757282294227
2022-11-08,27.46263313293457,72.9718017578125,25.540000915527344,28.292500019073486,-0.8446243662343641
2022-11-09,26.53692626953125,73.05165100097656,26.09000015258789,27.91850004196167,-0.9553551755792942
2022-11-10,28.69690704345703,73.30014038085938,23.530000686645508,27.498000049591063,-0.6603410298799874
2022-11-11,29.342975616455078,72.60795593261719,22.520000457763672,27.023000049591065,-0.6366962904504815
2022-11-14,29.265832901000977,73.52198028564453,23.729999542236328,26.64099998474121,-0.5694566084785139
2022-11-15,29.61296844482422,73.65509033203125,24.540000915527344,26.34300003051758,-0.5141920318094587
2022-11-16,28.475122451782227,73.54861450195312,24.110000610351562,26.010500049591066,-0.6675427729378537
2022-11-17,28.822263717651367,74.20529174804688,23.93000030517578,25.708000087738036,-0.5681546048813931
2022-11-18,28.802978515625,74.20529174804688,23.1200008392334,25.379500102996825,-0.5706016425935703
2022-11-21,27.906200408935547,74.85309600830078,22.360000610351562,25.005000114440918,-0.6297981901844449
2022-11-22,28.754764556884766,75.63404083251953,21.290000915527344,24.646500205993654,-0.45631360387948344
2022-11-23,28.610122680664062,75.8026351928711,20.350000381469727,24.300000190734863,-0.4604587048918168
2022-11-25,28.291908264160156,76.5480728149414,20.5,23.955500221252443,-0.4380152432818095
2022-11-28,27.70370101928711,75.61627197265625,22.209999084472656,23.778500175476076,-0.5911771452334004
2022-11-29,27.867626190185547,76.10436248779297,21.889999389648438,23.579000186920165,-0.5292440844023688
2022-11-30,28.995830535888672,77.9412841796875,20.579999923706055,23.31750020980835,-0.2312859293867458
2022-12-01,28.764406204223633,78.00341033935547,19.84000015258789,23.016500186920165,-0.25541503207520194
2022-12-02,28.35940933227539,79.00617980957031,19.059999465942383,22.704500198364258,-0.2222968514032934
2022-12-05,28.127981185913086,78.07440948486328,20.75,22.514500236511232,-0.33018562082897046
2022-12-06,27.578344345092773,78.0566635131836,22.170000076293945,22.405500221252442,-0.4014228006935796
2022-12-07,27.317991256713867,77.90579986572266,22.68000030517578,22.262500190734862,-0.447171987612031
2022-12-08,27.424060821533203,79.39664459228516,22.290000915527344,22.072500228881836,-0.30807438513267565
2022-12-09,27.231203079223633,78.06553649902344,22.829999923706055,22.037500190734864,-0.44472268958760214
2022-12-12,27.665130615234375,78.57135009765625,25.0,22.16150016784668,-0.34703630357826776
2022-12-13,27.70370101928711,78.75770568847656,22.549999237060547,22.10250015258789,-0.32643738139720246
2022-12-14,27.25048828125,79.09772491455078,21.139999389648438,21.932500076293945,-0.35528947228964447
2022-12-15,26.180143356323242,77.46923828125,22.829999923706055,21.86850004196167,-0.6283404682985019
2022-12-16,25.958356857299805,77.63030242919922,22.6200008392334,21.803000068664552,-0.6429088019077562
2022-12-19,25.83300018310547,77.32606506347656,22.420000076293945,21.768000030517577,-0.6844540721901099
2022-12-20,25.49550437927246,75.8497085571289,21.479999542236328,21.723999977111816,-0.8516956375341844
2022-12-21,25.871570587158203,76.2970962524414,20.06999969482422,21.66299991607666,-0.7662748488590543
2022-12-22,25.042295455932617,76.30603790283203,21.969999313354492,21.743999862670897,-0.87074537798697
2022-12-23,25.158008575439453,75.83180236816406,20.8700008392334,21.76249990463257,-0.896028420609099
2022-12-27,25.013368606567383,76.06446075439453,21.649999618530273,21.73449993133545,-0.8947743768686018
2022-12-28,24.627656936645508,75.6707534790039,22.139999389648438,21.74699993133545,-0.9768952080014949
2022-12-29,25.273717880249023,76.28815460205078,21.440000534057617,21.789999961853027,-0.8428880146407846
2022-12-30,25.485862731933594,76.8160629272461,21.670000076293945,21.88149995803833,-0.7714809243565035
2023-01-03,25.775142669677734,76.40446472167969,22.899999618530273,22.073499965667725,-0.7694619576323876
2023-01-04,26.691207885742188,76.50289154052734,22.010000228881836,22.136499977111818,-0.6449305899339217
2023-01-05,26.57549285888672,76.8160629272461,22.459999084472656,22.15099992752075,-0.6332212364707797
2023-01-06,27.70370101928711,78.81139373779297,21.1299991607666,22.073499870300292,-0.32191289901666503
2023-01-09,28.262981414794922,76.14497375488281,21.969999313354492,22.05749979019165,-0.4756562666736474
2023-01-10,28.388338088989258,77.9703140258789,20.579999923706055,21.944999790191652,-0.30592225827319847
2023-01-11,28.783693313598633,78.01504516601562,21.09000015258789,21.749499797821045,-0.25198724422708657
2023-01-12,29.20797348022461,76.69973754882812,18.829999923706055,21.56349983215332,-0.30899732761526144
2023-01-13,29.034404754638672,77.19186401367188,18.350000381469727,21.423999881744386,-0.28954766597358145
2023-01-17,28.542619705200195,76.42236328125,19.360000610351562,21.25049991607666,-0.4167972573622166
2023-01-18,27.780841827392578,74.9281005859375,20.34000015258789,21.136499881744385,-0.6393836385120721
2023-01-19,27.404775619506836,74.82071685791016,20.520000457763672,21.041499900817872,-0.6961510866601874
2023-01-20,28.176197052001953,74.27491760253906,19.850000381469727,20.95999994277954,-0.6442643235883573
2023-01-23,29.188690185546875,74.47177124023438,19.809999465942383,20.946999931335448,-0.49920274810666593
2023-01-24,28.851192474365234,75.17863464355469,19.200000762939453,20.808500003814697,-0.48245686845207963
2023-01-25,28.63905143737793,75.22335815429688,19.079999923706055,20.71899995803833,-0.5056057584086471
2023-01-26,29.015117645263672,74.82071685791016,18.729999542236328,20.572999954223633,-0.49181992844141104
2023-01-27,27.15406036376953,74.91915130615234,18.510000228881836,20.391499996185303,-0.7196681248269015
2023-01-30,26.95156478881836,74.57913208007812,19.940000534057617,20.316499996185303,-0.7740167682527501
2023-01-31,27.25048828125,75.10704803466797,19.399999618530273,20.202999973297118,-0.6915979703509755
2023-02-01,28.031557083129883,75.16073608398438,17.8700008392334,19.951500034332277,-0.5879661614621718
2023-02-02,29.111547470092773,72.82540130615234,18.729999542236328,19.7875,-0.6477365760080054
2023-02-03,29.236900329589844,75.60812377929688,18.329999923706055,19.58100004196167,-0.3973210570417766
2023-02-06,28.002227783203125,77.27239990234375,19.43000030517578,19.49600009918213,-0.4137302613407218
2023-02-07,28.353595733642578,76.99501037597656,18.65999984741211,19.33050012588501,-0.3925229034004614
2023-02-08,27.563013076782227,76.65499877929688,19.6299991607666,19.28300008773804,-0.5214913960749388
2023-02-09,27.06524085998535,76.52973175048828,20.709999084472656,19.264000034332277,-0.5952088203161117
2023-02-10,27.133562088012695,77.57660675048828,20.530000686645508,19.34900007247925,-0.4983158876630797
2023-02-13,27.865581512451172,78.28349304199219,20.34000015258789,19.448500061035155,-0.34586046450870445
2023-02-14,27.95342445373535,76.66395568847656,18.90999984741211,19.426000022888182,-0.4711985124294489
2023-02-15,28.15839195251465,76.1002426147461,18.229999542236328,19.320499992370607,-0.49269694148201576
2023-02-16,27.523975372314453,74.61492919921875,20.170000076293945,19.30299997329712,-0.6983686666559248
2023-02-17,26.948116302490234,75.84076690673828,20.020000457763672,19.311499977111815,-0.6681318930327939
2023-02-21,25.435274124145508,75.73338317871094,22.8700008392334,19.46450004577637,-0.8691412146239067
2023-02-22,24.859416961669922,74.7133560180664,22.290000915527344,19.619000053405763,-1.0281711988922297
2023-02-23,24.996061325073242,73.85436248779297,21.139999389648438,19.72200002670288,-1.0832232640684167
2023-02-24,24.53732681274414,72.17219543457031,21.670000076293945,19.869000053405763,-1.2831928069700957
2023-02-27,24.303083419799805,72.37799072265625,20.950000762939453,19.99100008010864,-1.2955721042088657
2023-02-28,24.332366943359375,72.0558853149414,20.700000762939453,20.029000091552735,-1.319001376814332
2023-03-01,24.7227725982666,71.21479034423828,20.579999923706055,20.088000106811524,-1.3403461067973
2023-03-02,25.571918487548828,71.24164581298828,19.59000015258789,20.17400007247925,-1.23033749039761
2023-03-03,25.767126083374023,72.53904724121094,18.489999771118164,20.16200008392334,-1.0962316007737776
2023-03-06,25.366952896118164,72.57484436035156,18.610000610351562,20.176000118255615,-1.1439915486247905
2023-03-07,24.917980194091797,71.8321762084961,19.59000015258789,20.184000110626222,-1.2635475411836397
2023-03-08,25.35719108581543,71.76060485839844,19.110000610351562,20.206500148773195,-1.213849045006609
2023-03-09,25.80616569519043,70.64212799072266,22.610000610351562,20.35550022125244,-1.251138103856207
2023-03-10,26.56746482849121,71.13427734375,24.799999237060547,20.560000228881837,-1.113064115537126
2023-03-13,26.303937911987305,71.14323425292969,26.520000457763672,20.859500217437745,-1.145747374082849
2023-03-14,27.338529586791992,72.05553436279297,23.729999542236328,21.029000186920165,-0.9375885729162179
2023-03-15,27.728939056396484,71.94715881347656,26.139999389648438,21.390500164031984,-0.8971839538162101
2023-03-16,29.456506729125977,72.12779998779297,22.989999771118164,21.628500175476074,-0.6627551349206199
2023-03-17,29.095378875732422,69.83345794677734,25.510000228881836,21.89550018310547,-0.9019298384880137
2023-03-20,28.460962295532227,71.7755126953125,24.149999618530273,22.102000141143797,-0.8187650894864142
2023-03-21,27.777740478515625,71.4864501953125,21.3799991607666,22.027500057220458,-0.929817246845023
2023-03-22,27.455650329589844,70.28507995605469,22.260000228881836,22.026000022888184,-1.0719299695507714
2023-03-23,28.334077835083008,71.1432113647461,22.610000610351562,22.09950008392334,-0.8881513298515212
2023-03-24,28.656164169311523,72.2633056640625,21.739999771118164,22.10300006866455,-0.7528885029753066
2023-03-27,28.480480194091797,71.88392639160156,20.600000381469727,22.085500049591065,-0.8071521188575188
2023-03-28,28.58784294128418,73.13949584960938,19.969999313354492,22.048999977111816,-0.6877179101433369
2023-03-29,30.76438331604004,73.42855072021484,19.1200008392334,21.976000022888183,-0.3871839717514399
2023-03-30,31.32071876525879,73.57306671142578,19.020000457763672,21.947500038146973,-0.30441346757678733
2023-03-31,31.886812210083008,74.9460678100586,18.700000762939453,21.958000087738036,-0.11687600429741846
2023-04-03,32.10154342651367,75.1899642944336,18.549999237060547,21.955000019073488,-0.06907542383933207
2023-04-04,32.30650329589844,74.17828369140625,19.0,21.925500011444093,-0.12832663387253532
2023-04-05,32.04298400878906,75.56031799316406,19.079999923706055,21.923999977111816,-0.045294821323325796
2023-04-06,32.023460388183594,75.30738830566406,18.399999618530273,21.71349992752075,-0.06908739327110736
2023-04-10,31.74041175842285,74.61184692382812,18.969999313354492,21.42199993133545,-0.1636182699580022
2023-04-11,31.574481964111328,74.55765533447266,19.100000381469727,21.050999927520753,-0.18923948927080397
2023-04-12,31.252397537231445,74.21440887451172,19.09000015258789,20.81899995803833,-0.25903435074846276
2023-04-13,31.359760284423828,75.21704864501953,17.799999237060547,20.401999950408936,-0.16091542409759366
2023-04-14,31.12551498413086,74.97315979003906,17.06999969482422,20.10599994659424,-0.21119144139711127
2023-04-17,31.369518280029297,75.54224395751953,16.950000762939453,19.67799997329712,-0.13227190053728605
2023-04-18,31.066951751708984,75.677734375,16.829999923706055,19.311999988555907,-0.15924534314548341
2023-04-19,30.40325355529785,75.97582244873047,16.459999084472656,19.06599998474121,-0.2183389487859324
2023-04-20,30.12020492553711,76.49974822998047,17.170000076293945,18.811499977111815,-0.21010100143699645
2023-04-21,29.57362937927246,78.19792175292969,16.770000457763672,18.51949996948242,-0.13634312017165715
2023-04-24,28.948970794677734,78.3153305053711,16.889999389648438,18.276999950408936,-0.20570960149876868
2023-04-25,28.187667846679688,77.31268310546875,18.760000228881836,18.18499994277954,-0.3868055553143715
2023-04-26,28.353595733642578,75.64161682128906,18.84000015258789,18.12849998474121,-0.5065781795761181
2023-04-27,29.144180297851562,75.4699935913086,17.030000686645508,18.023999977111817,-0.4207267268113807
2023-04-28,30.315410614013672,74.25957489013672,15.779999732971191,17.86199994087219,-0.3741193294962963
2023-05-01,29.57362937927246,73.54597473144531,16.079999923706055,17.73099989891052,-0.5283791989990251
2023-05-02,29.056337356567383,72.66073608398438,17.780000686645508,17.692499971389772,-0.6686189334820649
2023-05-03,29.915241241455078,71.76648712158203,18.34000015258789,17.659499979019166,-0.6349968943139498
2023-05-04,30.615957260131836,70.92644500732422,20.09000015258789,17.709999990463256,-0.616878605035769
2023-05-05,30.37095069885254,72.0374755859375,17.190000534057617,17.649500036239623,-0.5543362169794395
2023-05-08,30.155349731445312,70.98966217041016,16.979999542236328,17.550000047683717,-0.669996089139711
2023-05-09,29.498729705810547,71.1793441772461,17.709999084472656,17.480499982833862,-0.7373273321296415
2023-05-10,29.371328353881836,70.55607604980469,16.940000534057617,17.37300000190735,-0.8060178991305812
2023-05-11,28.28350067138672,71.0890121459961,16.93000030517578,17.32950005531311,-0.8991364651145282
2023-05-12,28.371702194213867,70.61028289794922,17.030000686645508,17.327500104904175,-0.9282890675699348
2023-05-15,29.204723358154297,70.79995727539062,17.1200008392334,17.33600010871887,-0.806605139031975
2023-05-16,28.636308670043945,70.74575805664062,17.989999771118164,17.39400010108948,-0.8832970244389087
2023-05-17,28.29330062866211,71.1883773803711,16.8700008392334,17.414500188827514,-0.8895191190141393
2023-05-18,29.087120056152344,70.64641571044922,16.049999237060547,17.358500146865843,-0.8344669389286264
2023-05-19,29.332128524780273,71.22450256347656,16.809999465942383,17.36050009727478,-0.7546611666613107
2023-05-22,29.67513656616211,71.01676940917969,17.209999084472656,17.37650008201599,-0.728644381301716
2023-05-23,28.920516967773438,70.98062133789062,18.530000686645508,17.365000104904176,-0.8274419790318885
2023-05-24,28.420703887939453,71.4051742553711,20.030000686645508,17.424500131607054,-0.855083084443431
2023-05-25,26.852663040161133,70.14056396484375,19.139999389648438,17.530000066757204,-1.1606199767817131
2023-05-26,28.420703887939453,69.63472747802734,17.950000762939453,17.638500118255614,-1.0042849152374786
2023-05-30,29.390928268432617,68.9482192993164,17.459999084472656,17.707500076293947,-0.9390307209747579
2023-05-31,30.811962127685547,69.49923706054688,17.940000534057617,17.71550006866455,-0.7122840500499034
2023-06-01,30.508153915405273,68.83983612060547,15.649999618530273,17.58100004196167,-0.8064033606315142
2023-06-02,30.684558868408203,70.35735321044922,14.600000381469727,17.306500053405763,-0.6561333506322474
2023-06-05,29.263525009155273,70.20379638671875,14.729999542236328,17.183500003814697,-0.8493845783147514
2023-06-06,30.341550827026367,68.8307876586914,13.960000038146973,17.03250002861023,-0.8283056405788441
2023-06-07,30.65515899658203,68.72240447998047,13.9399995803833,16.84400005340576,-0.7976467361903484
2023-06-08,31.184371948242188,70.81803894042969,13.649999618530273,16.679500007629393,-0.5538900439113947
2023-06-09,30.713960647583008,70.56510925292969,13.829999923706055,16.52449998855591,-0.6348943140067479
2023-06-12,32.409400939941406,70.33025360107422,15.010000228881836,16.423499965667723,-0.4395574273967078
2023-06-13,33.23262023925781,70.86319732666016,14.609999656677246,16.297999906539918,-0.29018870040957345
2023-06-14,34.86927032470703,71.09119415283203,13.880000114440918,16.092499923706054,-0.06330529510470301
2023-06-15,35.10447311401367,72.0488052368164,14.5,15.973999881744385,0.04724011917008491
2023-06-16,35.64347839355469,71.921142578125,13.539999961853027,15.84849991798401,0.10487419303242985
2023-06-20,34.30084991455078,70.872314453125,13.880000114440918,15.701999950408936,-0.15387611491731562
2023-06-21,32.242801666259766,70.78111267089844,13.199999809265137,15.50149998664856,-0.42270118403386525
2023-06-22,32.05659866333008,71.23710632324219,12.90999984741211,15.220499944686889,-0.40789968580092517
2023-06-23,32.340797424316406,70.6534194946289,13.4399995803833,14.890999889373779,-0.4210279721413557
2023-06-26,32.674007415771484,69.823486328125,14.25,14.646499919891358,-0.4486894324102828
2023-06-27,33.418827056884766,69.32189178466797,13.739999771118164,14.435999870300293,-0.39645279781946846
2023-06-28,32.8994140625,69.4769287109375,13.430000305175781,14.23449993133545,-0.44929394252949784
2023-06-29,32.25259780883789,69.32189178466797,13.539999961853027,14.01449990272522,-0.5444319036184585
2023-06-30,32.772010803222656,70.28861999511719,13.59000015258789,13.9114999294281,-0.39705563124393745
2023-07-03,32.94841384887695,69.96942901611328,13.569999694824219,13.859999895095825,-0.4015717681608232
2023-07-05,31.860591888427734,70.44367218017578,14.180000305175781,13.832499933242797,-0.4996358697031888
2023-07-06,31.331375122070312,69.53166961669922,15.4399995803833,13.906499910354615,-0.6436441869862367
2023-07-07,31.213773727416992,67.87181091308594,14.829999923706055,13.950999927520751,-0.7984484339778535
2023-07-10,32.08599853515625,69.0300521850586,15.069999694824219,14.021999931335449,-0.5901655119392964
2023-07-11,32.63480758666992,69.42222595214844,14.84000015258789,14.07249994277954,-0.4874790089712056
2023-07-12,33.30122756958008,69.65933990478516,13.539999961853027,13.9989999294281,-0.3829366710780623
2023-07-13,33.19342041015625,69.96029663085938,13.609999656677246,13.948999929428101,-0.37125328634986676
2023-07-14,32.48780059814453,70.39807891845703,13.34000015258789,13.92199993133545,-0.4238936649642046
2023-07-17,33.683433532714844,70.66255187988281,13.479999542236328,13.870999908447265,-0.24989554455290094
2023-07-18,33.81083679199219,71.33744049072266,13.300000190734863,13.858999919891357,-0.1768544942688858
2023-07-19,33.771636962890625,72.01232147216797,13.760000228881836,13.852999925613403,-0.12495382090236862
2023-07-20,32.703407287597656,72.90609741210938,13.989999771118164,13.892499923706055,-0.18517640456967308
2023-07-21,33.34042739868164,73.54450988769531,13.600000381469727,13.926999950408936,-0.05054567236349229
2023-07-24,32.958221435546875,70.82670593261719,13.90999984741211,13.950499963760375,-0.3280815477574624
2023-07-25,33.418827056884766,70.43455505371094,13.859999656677246,13.930999946594238,-0.30268471683395837
2023-07-26,33.67363739013672,70.39807891845703,13.1899995803833,13.903499937057495,-0.27342662051610167
2023-07-27,33.85983657836914,69.77790832519531,14.40999984741211,13.952499914169312,-0.30206437603188
2023-07-28,36.094295501708984,70.09709930419922,13.329999923706055,13.941999912261963,0.008358338836141016
2023-07-31,35.05546569824219,69.44046020507812,13.630000114440918,13.943999910354615,-0.17879276458249474
2023-08-01,35.08486557006836,69.02094268798828,13.930000305175781,13.961999940872193,-0.2104165381657799
2023-08-02,33.703033447265625,69.02094268798828,16.09000015258789,14.057499933242799,-0.3857528043751229
2023-08-03,34.17344665527344,68.8841323852539,15.920000076293945,14.08149995803833,-0.3375930638877026
2023-08-04,34.56195068359375,71.7569580078125,17.100000381469727,14.194999980926514,-0.04619382123442327
2023-08-07,34.65046691894531,73.57186126708984,15.770000457763672,14.230000019073486,0.11798605749974549
2023-08-08,34.44392395019531,73.03377532958984,15.989999771118164,14.2875,0.046432068760398335
2023-08-09,33.716094970703125,73.1158676147461,15.960000038146973,14.408500003814698,-0.03900161856475589
2023-08-10,34.10951614379883,72.96080780029297,15.850000381469727,14.520500040054321,-0.002149102665354214
2023-08-11,34.316062927246094,72.96080780029297,14.84000015258789,14.595500040054322,0.024058959232743107
2023-08-14,35.09306716918945,72.82402038574219,14.819999694824219,14.662500047683716,0.11112298601424693
2023-08-15,34.198036193847656,72.63249969482422,16.459999084472656,14.820499992370605,-0.01858476489690382
2023-08-16,32.978431701660156,71.13679504394531,16.780000686645508,14.971500015258789,-0.29938482212774303
2023-08-17,32.04405975341797,69.76878356933594,17.889999389648438,15.166499996185303,-0.5332314755646045
2023-08-18,32.211265563964844,69.20332336425781,17.299999237060547,15.351499938964844,-0.5596686016299377
2023-08-21,32.5948486328125,69.25806427001953,17.1299991607666,15.512499904632568,-0.5063837603827708
2023-08-22,32.34896469116211,69.6319808959961,16.969999313354492,15.667999887466431,-0.5060719081072392
2023-08-23,33.4210319519043,70.26127624511719,15.979999542236328,15.807499885559082,-0.31700776467168545
2023-08-24,32.05389404296875,69.61373901367188,17.200000762939453,15.94699993133545,-0.5450497887065257
2023-08-25,32.703041076660156,70.09709930419922,15.680000305175781,16.064499950408937,-0.4219471077096679
2023-08-28,33.066951751708984,70.26127624511719,15.079999923706055,16.136999940872194,-0.3619358707827094
2023-08-29,33.745601654052734,71.32832336425781,14.449999809265137,16.16299991607666,-0.18590030523339723
2023-08-30,33.96198272705078,70.82670593261719,13.880000114440918,16.05249991416931,-0.200717482243632
2023-08-31,34.56195068359375,69.75053405761719,13.569999694824219,15.934999895095824,-0.21528228554133233
2023-09-01,36.00776672363281,69.90559387207031,13.09000015258789,15.734499883651733,-0.018759863702101993
2023-09-05,36.10612487792969,68.54669952392578,14.010000228881836,15.646499872207642,-0.12079835909196912
2023-09-06,36.37167739868164,67.7076416015625,14.449999809265137,15.56949987411499,-0.15781363535201615
2023-09-07,37.551944732666016,67.43402862548828,14.399999618530273,15.491499853134155,-0.03111161781645361
2023-09-08,37.38473892211914,69.31277465820312,13.84000015258789,15.390999841690064,0.10600076397910556
2023-09-11,37.9552001953125,70.26127624511719,13.800000190734863,15.338999843597412,0.25831836724054963
2023-09-12,38.22075271606445,70.04239654541016,14.229999542236328,15.309499835968017,0.27356770995862556
2023-09-13,38.07322311401367,70.50749969482422,13.479999542236328,15.160499858856202,0.29404404218947117
2023-09-14,38.033878326416016,71.2442626953125,12.819999694824219,14.962499809265136,0.35114133951369875
2023-09-15,37.25687789916992,69.6878662109375,13.789999961853027,14.757499837875367,0.12138718283629406
2023-09-18,37.36506652832031,69.64183807373047,14.0,14.59249987602234,0.1312359381566253
2023-09-19,35.74220657348633,69.77996826171875,14.109999656677246,14.44149990081787,-0.06304285914126183
2023-09-20,34.11935043334961,69.82601165771484,15.140000343322754,14.349999952316285,-0.2650816530542566
2023-09-21,34.08000946044922,69.31948852539062,17.540000915527344,14.428000020980836,-0.3127600048105465
2023-09-22,33.617740631103516,69.08004760742188,17.200000762939453,14.428000020980836,-0.3915943562564706
2023-09-25,33.725929260253906,68.91426849365234,16.899999618530273,14.48899998664856,-0.3918374405616757
2023-09-26,33.27349853515625,69.5589370727539,18.940000534057617,14.682000017166137,-0.39491642257013426
2023-09-27,34.04066848754883,69.57736206054688,18.219999313354492,14.870499992370606,-0.2960199376115582
2023-09-28,34.601287841796875,69.45763397216797,17.34000015258789,15.043499994277955,-0.23497464842905408
2023-09-29,34.96520233154297,69.01557922363281,17.520000457763672,15.241000032424926,-0.22605222261547106
2023-10-02,34.87668228149414,68.24198913574219,17.610000610351562,15.467000055313111,-0.3024774302512074
2023-10-03,35.10289764404297,67.47760772705078,19.780000686645508,15.755500078201294,-0.3381908181908845
2023-10-04,35.33895492553711,68.83139038085938,18.579999923706055,15.96200008392334,-0.19415019647648096
2023-10-05,35.29961013793945,68.79454040527344,18.489999771118164,16.166500091552734,-0.2022480091286643
2023-10-06,35.594669342041016,68.83139038085938,17.450000762939453,16.347000122070312,-0.16170341060009244
2023-10-09,35.46681594848633,69.1260986328125,17.700000762939453,16.542000150680543,-0.1530902095994015
2023-10-10,35.83073043823242,69.96416473388672,17.030000686645508,16.682000207901,-0.03628745841059903
2023-10-11,36.27333068847656,70.87588500976562,16.09000015258789,16.81250023841858,0.09670657631095411
2023-10-12,36.23398208618164,70.69169616699219,16.690000534057617,17.00600028038025,0.0761915105842381
2023-10-13,35.3782958984375,71.51133728027344,19.31999969482422,17.28250026702881,0.036690286607827964
2023-10-16,35.95859146118164,72.93880462646484,17.209999084472656,17.44300022125244,0.23061987519330981
2023-10-17,35.46681594848633,74.11760711669922,17.8799991607666,17.63150019645691,0.26756191829866677
2023-10-18,35.05372619628906,73.37163543701172,19.219999313354492,17.835500144958495,0.15228059866806465
2023-10-19,35.083229064941406,72.23890686035156,21.399999618530273,18.028500080108643,0.060565067833455236
2023-10-20,34.34556579589844,71.64949035644531,21.709999084472656,18.253999996185303,-0.08270688900468037
2023-10-23,33.29317092895508,71.42845916748047,20.3700008392334,18.42750005722046,-0.23486899605896838
2023-10-24,34.02099609375,71.97181701660156,18.969999313354492,18.428999996185304,-0.09672689109541757
2023-10-25,32.28995132446289,72.19282531738281,20.190000534057617,18.527500057220458,-0.2977484815066493
2023-10-26,31.985050201416016,72.29414367675781,20.68000030517578,18.694500064849855,-0.3278979539518341
2023-10-27,34.95536804199219,70.5627670288086,21.270000457763672,18.882000064849855,-0.09691305904597763
2023-10-30,35.10289764404297,71.6218490600586,19.75,18.989000034332275,0.01105910112317218
2023-10-31,35.89957809448242,72.33097839355469,18.139999389648438,18.90699996948242,0.17190818452605255
2023-11-01,36.67658233642578,73.85054016113281,16.8700008392334,18.82150001525879,0.3985586329782703
2023-11-02,37.079837799072266,74.8083267211914,15.65999984741211,18.680000019073486,0.5304425024132311
2023-11-03,37.51259994506836,75.13986206054688,14.90999984741211,18.55299997329712,0.6132939686225729
2023-11-06,37.44845962524414,74.7254409790039,14.890000343322754,18.412499952316285,0.5702306734755346
2023-11-07,38.25762176513672,74.23734283447266,14.8100004196167,18.301499938964845,0.6317689117240749
2023-11-08,37.418853759765625,71.74158477783203,14.449999809265137,18.219499921798707,0.3150139320771896
2023-11-09,37.30044174194336,69.05242156982422,15.289999961853027,18.149499893188477,0.07336368553618482
2023-11-10,38.346431732177734,69.9180908203125,14.170000076293945,17.891999912261962,0.27903903460768287
2023-11-13,37.724754333496094,69.0063705444336,14.760000228881836,17.76949996948242,0.12332247227057369
2023-11-14,38.889163970947266,68.81297302246094,14.15999984741211,17.5835000038147,0.25477239821365333
2023-11-15,40.073307037353516,69.10765838623047,14.180000305175781,17.33150005340576,0.4298587122655075
2023-11-16,42.77709197998047,68.62876892089844,14.319999694824219,16.97750005722046,0.7325756369492722
2023-11-17,43.231014251708984,69.48526000976562,13.800000190734863,16.58200011253357,0.8623519273070367
2023-11-20,44.14872741699219,69.99176788330078,13.40999984741211,16.234000062942506,1.0214828362142203
2023-11-21,43.063262939453125,68.78533935546875,13.350000381469727,15.953000116348267,0.7820817022958437
2023-11-22,43.09286117553711,69.71549987792969,12.850000381469727,15.586000108718872,0.8642252550537621
2023-11-24,43.3790283203125,69.42079162597656,12.460000038146973,15.175000095367432,0.8756999804882534
2023-11-27,43.49745178222656,68.99715423583984,12.6899995803833,14.746000051498413,0.8550249297032061
2023-11-28,43.64546203613281,68.61958312988281,12.6899995803833,14.393000030517578,0.8419862216839945
2023-11-29,44.3460807800293,69.28265380859375,12.979999542236328,14.135000038146973,0.9867648156080312
2023-11-30,44.1092529296875,70.54434204101562,12.920000076293945,13.9375,1.0630414291447126
2023-12-01,43.16193771362305,71.51133728027344,12.630000114440918,13.78600001335144,1.0243317452659535
2023-12-04,41.790306091308594,72.14678192138672,13.079999923706055,13.694500017166138,0.90384096221676
2023-12-05,41.365989685058594,72.77302551269531,12.850000381469727,13.592500019073487,0.9027765772785985
2023-12-06,40.72458267211914,73.08615112304688,12.970000267028809,13.500500011444093,0.8477786952970393
2023-12-07,41.59295654296875,71.87972259521484,13.0600004196167,13.43100004196167,0.8562938712761746
2023-12-08,42.135684967041016,72.77302551269531,12.350000381469727,13.284000062942505,1.000440754159954
2023-12-11,43.95136642456055,73.75843811035156,12.630000114440918,13.207000064849854,1.313870992747443
2023-12-12,43.45797348022461,74.43074035644531,12.069999694824219,13.072500038146973,1.3079232326733217
2023-12-13,43.9809684753418,76.52127838134766,12.1899995803833,12.974000024795533,1.5504614535952224
2023-12-14,44.582908630371094,76.00084686279297,12.479999542236328,12.88899998664856,1.5829811076583529
2023-12-15,45.549957275390625,74.6533203125,12.279999732971191,12.786999988555909,1.5921259797728675
2023-12-18,45.0861701965332,73.88196563720703,12.5600004196167,12.725,1.4682727231377382
2023-12-19,46.04335021972656,73.87267303466797,12.529999732971191,12.680999994277954,1.5889431196557138
2023-12-20,45.15523910522461,73.03627014160156,13.670000076293945,12.696999979019164,1.4057668968229156
2023-12-21,46.457801818847656,73.35225677490234,13.649999618530273,12.736999940872192,1.5976742353771924
2023-12-22,47.365638732910156,74.03067779541016,13.029999732971191,12.765499925613403,1.7700397090768527
2023-12-26,49.832603454589844,74.3001708984375,12.989999771118164,12.780499935150146,2.105776126044303
2023-12-27,50.08916473388672,74.69049835205078,12.430000305175781,12.767499971389771,2.171224646885013
2023-12-28,49.72405242919922,75.40607452392578,12.470000267028809,12.742000007629395,2.1852008548519763
2023-12-29,49.58590316772461,75.28526306152344,12.449999809265137,12.718499994277954,2.1574903256109206
