Date,INTC,XOM,VIX,AvgVIX,zscore
2020-01-30,58.63264083862305,48.384185791015625,15.489999771118164,13.696000051498412,1.6591507064635171
2020-01-31,56.39213180541992,46.390262603759766,18.84000015258789,14.014500045776368,1.2488321868339067
2020-02-03,56.82435989379883,45.352237701416016,17.969999313354492,14.211999988555908,1.26543236893951
2020-02-04,57.74173355102539,44.784671783447266,16.049999237060547,14.32199993133545,1.372582313058412
2020-02-05,59.40006637573242,46.84579849243164,15.149999618530273,14.389999914169312,1.7020196250178201
2020-02-06,59.470977783203125,46.21103286743164,14.960000038146973,14.465499925613404,1.6843200750974074
2020-02-07,58.522491455078125,45.90485382080078,15.470000267028809,14.611999940872192,1.5342705119385458
2020-02-10,58.85047149658203,45.42005157470703,15.039999961853027,14.735999917984008,1.560184098594465
2020-02-11,59.754642486572266,45.85183334350586,15.180000305175781,14.878999948501587,1.709374887122393
2020-02-12,59.79896545410156,46.41238784790039,13.739999771118164,14.946499919891357,1.7404056256296128
2020-02-13,59.78123474121094,46.15483093261719,14.149999618530273,15.032999897003174,1.7265273397074614
2020-02-14,59.630531311035156,45.942726135253906,13.680000305175781,15.100999927520752,1.6954989022027303
2020-02-18,58.628868103027344,45.35944747924805,14.829999923706055,15.237499904632568,1.5256073256874119
2020-02-19,59.48871612548828,45.70790481567383,14.380000114440918,15.313999891281128,1.6647515519552514
2020-02-20,58.01722717285156,45.344303131103516,15.5600004196167,15.446499919891357,1.4368621554588032
2020-02-21,57.03327178955078,44.791316986083984,17.079999923706055,15.651499938964843,1.2708525768088041
2020-02-24,54.746273040771484,42.69301986694336,25.030000686645508,16.174999952316284,0.8492499098752491
2020-02-25,52.94681930541992,41.056819915771484,27.850000381469727,16.655999994277956,0.5181748610661097
2020-02-26,52.87590026855469,40.1553840637207,27.559999465942383,17.219999933242796,0.46832534240569235
2020-02-27,49.48971939086914,37.73894119262695,39.15999984741211,18.35849995613098,-0.12555399945428647
2020-02-28,49.21491622924805,38.966094970703125,40.11000061035156,19.589499998092652,-0.11116808502260903
2020-03-02,51.57283020019531,40.81440734863281,33.41999816894531,20.318499898910524,0.3096546950932656
2020-03-03,49.61381530761719,38.860050201416016,36.81999969482422,21.26099991798401,-0.058387553080634695
2020-03-04,52.01605987548828,39.70844650268555,31.989999771118164,22.05799994468689,0.3248519629832163
2020-03-05,50.491390228271484,37.9586181640625,39.619998931884766,23.281499910354615,0.02835082777220806
2020-03-06,49.4365234375,36.12544631958008,41.939998626708984,24.630499839782715,-0.20416109529104517
2020-03-09,45.075260162353516,31.70918083190918,54.459999084472656,26.57999978065491,-1.0263907841280044
2020-03-10,47.84981155395508,32.88332748413086,47.29999923706055,28.192999744415282,-0.5752137836171486
2020-03-11,45.793270111083984,31.800090789794922,53.900001525878906,30.12899980545044,-0.9189964865483452
2020-03-12,40.368289947509766,28.164072036743164,75.47000122070312,33.21549987792969,-1.8600985144317046
2020-03-13,48.24869918823242,28.87611961364746,57.83000183105469,35.39949998855591,-0.6939720656794096
2020-03-16,39.54389572143555,26.12637710571289,82.69000244140625,38.850000095367434,-2.0684143086489857
2020-03-17,44.39270782470703,27.883790969848633,75.91000366210938,41.9040002822876,-1.2928869902812288
2020-03-18,42.203208923339844,25.08859634399414,76.44999694824219,45.007500123977664,-1.731092329789767
2020-03-19,40.72286605834961,26.08092498779297,72.0,47.829500102996825,-1.9006354248771176
2020-03-20,40.62535858154297,24.800739288330078,66.04000091552734,50.27750015258789,-1.9709677323133403
2020-03-23,43.94947814941406,23.823558807373047,61.59000015258789,52.10550012588501,-1.5352457699263518
2020-03-24,46.449241638183594,26.845998764038086,61.66999816894531,53.796500015258786,-1.0423686711213176
2020-03-25,45.438697814941406,28.247390747070312,63.95000076293945,55.61600008010864,-1.1262715926707139
2020-03-26,49.23265075683594,29.406373977661133,61.0,56.708000087738036,-0.5289625703983353
2020-03-27,46.42264175415039,27.989837646484375,65.54000091552734,57.97950010299682,-0.9959037010384122
2020-03-30,49.188323974609375,28.406465530395508,57.08000183105469,59.16250028610229,-0.579312591724772
2020-03-31,47.97390365600586,28.76250457763672,53.540000915527344,59.99850034713745,-0.738539696786048
2020-04-01,45.9882926940918,28.42919921875,57.060001373291016,61.252000427246095,-1.039133004103384
2020-04-02,48.177791595458984,30.603240966796875,50.90999984741211,61.81650047302246,-0.628240238190878
2020-04-03,47.98277282714844,29.701799392700195,46.79999923706055,62.059500503540036,-0.6959609718882821
2020-04-06,51.79445266723633,30.656253814697266,45.2400016784668,61.598500633239745,-0.10509248054697769
2020-04-07,51.767852783203125,31.23953628540039,46.70000076293945,61.568500709533694,-0.08327561046885833
2020-04-08,52.28199005126953,33.21663284301758,43.349998474121094,61.041000556945804,0.07769711903427319
2020-04-09,50.65093994140625,32.67122268676758,41.66999816894531,59.35100040435791,-0.18116411771004226
2020-04-13,52.033782958984375,32.39094543457031,41.16999816894531,58.51800022125244,0.005647978019097645
2020-04-14,53.77119827270508,32.14097595214844,37.7599983215332,56.27150001525879,0.2448528608373582
2020-04-15,52.18447494506836,30.663843154907227,40.84000015258789,54.51799983978272,-0.04859367105946501
2020-04-16,53.886444091796875,29.656352996826172,40.11000061035156,52.70100002288818,0.1521980203455865
2020-04-17,53.505271911621094,32.73939895629883,38.150001525878906,51.00850009918213,0.23287129805153362
2020-04-20,52.45927810668945,31.194091796875,43.83000183105469,49.898000144958495,0.014294761372884806
2020-04-21,49.95952224731445,31.027437210083008,45.40999984741211,49.089000129699706,-0.35301014205513326
2020-04-22,53.27479934692383,31.913724899291992,41.97999954223633,48.104500198364256,0.16337660212643756
2020-04-23,52.335166931152344,32.91361999511719,41.380001068115234,46.976000213623045,0.07203113790275081
2020-04-24,52.530181884765625,33.125736236572266,35.93000030517578,45.722500228881835,0.10944115297835855
2020-04-27,52.716339111328125,33.28480529785156,33.290000915527344,44.11000022888184,0.14324308674479014
2020-04-28,52.07810974121094,34.06504440307617,33.56999969482422,42.93450012207031,0.08564267924158993
2020-04-29,54.78173065185547,35.951229095458984,31.229999542236328,41.81900005340576,0.5579142109996132
2020-04-30,53.168418884277344,35.2013053894043,34.150001525878906,40.673500061035156,0.29261476226975225
2020-05-01,50.943477630615234,32.67879867553711,37.189998626708984,39.9875,-0.13870414903236777
2020-05-04,51.40441131591797,33.996864318847656,35.970001220703125,39.44600009918213,-0.014371093806369431
2020-05-05,52.07810974121094,33.9589958190918,33.61000061035156,38.86450004577637,0.08097964078791509
2020-05-06,52.75559997558594,33.32267761230469,34.119998931884766,38.235499954223634,0.1505621167110862
2020-05-07,52.74668884277344,33.512054443359375,31.440000534057617,37.64000005722046,0.15760591643005414
2020-05-08,53.192405700683594,34.98162078857422,27.979999542236328,36.95550012588501,0.2864092779987485
2020-05-11,53.60247039794922,34.648311614990234,27.56999969482422,36.275500202178954,0.33080472118772947
2020-05-12,52.05135726928711,34.06916427612305,33.040000915527344,36.03950033187866,0.08197134749900327
2020-05-13,51.471923828125,32.37806701660156,35.279998779296875,35.76150026321411,-0.07582873687049317
2020-05-14,52.666465759277344,32.663780212402344,32.61000061035156,35.38650026321411,0.10875412760739442
2020-05-15,51.95330810546875,32.432125091552734,31.889999389648438,35.07350015640259,-0.004130089891678207
2020-05-18,53.41527557373047,35.01124954223633,29.299999237060547,34.34700002670288,0.3198064203044259
2020-05-19,53.74509811401367,33.930179595947266,30.530000686645508,33.60300006866455,0.319766982680202
2020-05-20,56.25005340576172,35.03440856933594,27.989999771118164,32.90350008010864,0.7290465022448893
2020-05-21,55.25164794921875,34.408931732177734,29.530000686645508,32.31100006103516,0.5577685710063477
2020-05-22,55.50124740600586,34.43982696533203,28.15999984741211,31.92250003814697,0.5950705911421262
2020-05-26,55.572566986083984,35.451393127441406,28.010000228881836,31.658500003814698,0.6498203050821371
2020-05-27,56.660125732421875,35.70622634887695,27.6200008392334,31.361000061035156,0.8176392554735602
2020-05-28,55.002037048339844,34.779579162597656,28.59000015258789,31.229000091552734,0.5381210450856401
2020-05-29,56.098514556884766,35.11163330078125,27.510000228881836,30.89700002670288,0.7106198040830315
2020-06-01,55.14468002319336,35.73710250854492,28.229999542236328,30.449000072479247,0.6007653693953559
2020-06-02,55.37643814086914,36.53246307373047,26.84000015258789,29.992500019073486,0.6691122834501849
2020-06-03,55.20706558227539,38.02280044555664,25.65999984741211,29.594999980926513,0.7102531028996737
2020-06-04,56.134178161621094,37.91470718383789,25.809999465942383,29.179500007629393,0.8390088679638855
2020-06-05,57.35544967651367,40.98802947998047,24.520000457763672,28.8335000038147,1.1500142554678858
2020-06-08,56.758182525634766,42.269874572753906,25.809999465942383,28.725,1.1203686104258488
2020-06-09,56.19657897949219,41.32778549194336,27.56999969482422,28.725,0.998070587744749
2020-06-10,56.93647384643555,39.11159896850586,27.56999969482422,28.451499938964844,1.0071715988304277
2020-06-11,53.219146728515625,35.65989685058594,40.790000915527344,28.727000045776368,0.32008444003962083
2020-06-12,52.88931655883789,36.42435073852539,36.09000015258789,28.901000022888184,0.3062009254466573
2020-06-15,53.57573318481445,36.401187896728516,34.400001525878906,29.026500129699706,0.4040297618266963
2020-06-16,53.84315872192383,37.2197265625,33.66999816894531,29.245000076293945,0.4785321163828211
2020-06-17,53.923397064208984,36.00737380981445,33.470001220703125,29.392000102996825,0.4367787365399229
2020-06-18,53.55790710449219,36.231300354003906,32.939998626708984,29.639500045776366,0.3939926328101882
2020-06-19,53.147830963134766,35.50545120239258,35.119998931884766,29.91899995803833,0.3030235289279764
2020-06-22,53.56681823730469,35.845211029052734,31.770000457763672,30.09949998855591,0.3782992322300431
2020-06-23,53.41527557373047,36.061424255371094,31.3700008392334,30.267500019073488,0.36598341660591965
2020-06-24,52.675376892089844,34.36260986328125,33.84000015258789,30.57849998474121,0.18473623076170873
2020-06-25,52.15833282470703,34.879974365234375,32.220001220703125,30.760000038146973,0.13302829471448194
2020-06-26,51.25798034667969,33.683074951171875,34.72999954223633,31.121000003814697,-0.04925542559625952
2020-06-29,51.944393157958984,34.223609924316406,31.780000686645508,31.298500061035156,0.0733590913877021
2020-06-30,53.33503723144531,34.532493591308594,30.43000030517578,31.47800006866455,0.287200439390029
2020-07-01,52.4257698059082,33.752567291259766,28.6200008392334,31.626000118255615,0.12196755447275465
2020-07-02,52.71102523803711,34.03828048706055,27.68000030517578,31.719500160217287,0.17560875142244162
2020-07-06,53.07651901245117,34.277671813964844,27.940000534057617,31.890500164031984,0.23876785047376914
2020-07-07,51.98004913330078,33.3896484375,29.43000030517578,32.07150020599365,0.041823791714821854
2020-07-08,52.247474670410156,33.31241989135742,28.079999923706055,32.097000217437746,0.07693856750504259
2020-07-09,52.07810592651367,31.937917709350586,29.260000228881836,32.18150024414062,-0.00788927990586524
2020-07-10,53.067604064941406,32.93404769897461,27.290000915527344,31.506500244140625,0.17840386077641177
2020-07-13,52.220741271972656,32.9417724609375,32.189998626708984,31.31150016784668,0.05679117355916943
2020-07-14,52.57731628417969,34.03055953979492,29.520000457763672,31.067500114440918,0.15601451730190166
2020-07-15,52.621883392333984,34.46299743652344,27.760000228881836,30.772000217437743,0.18144702668009
2020-07-16,52.719947814941406,34.19270706176758,28.0,30.49850015640259,0.18368390199871887
2020-07-17,53.48658752441406,33.60585403442383,25.68000030517578,30.13550024032593,0.26827935715945506
2020-07-20,54.511749267578125,32.818214416503906,24.459999084472656,29.602500247955323,0.38127449741615943
2020-07-21,54.110595703125,34.478431701660156,24.84000015258789,29.256000232696532,0.39650747895997873
2020-07-22,54.42259979248047,33.675350189208984,24.31999969482422,28.903500175476076,0.40612546490163565
2020-07-23,53.84315872192383,33.74483871459961,26.079999923706055,28.515500164031984,0.3257386037475448
2020-07-24,45.09809494018555,33.53635787963867,25.84000015258789,28.19650011062622,-0.9427600739933313
2020-07-27,44.18882751464844,34.03055953979492,24.739999771118164,27.697000122070314,-1.0519685647120471
2020-07-28,43.89466094970703,33.629024505615234,25.440000534057617,27.380000114440918,-1.1119857840479723
2020-07-29,42.85166549682617,33.99967575073242,24.100000381469727,27.063500118255615,-1.2458843670584694
2020-07-30,42.780364990234375,32.33173751831055,24.760000228881836,26.870500087738037,-1.3294925231186296
2020-07-31,42.54857635498047,32.49390411376953,24.459999084472656,26.70950002670288,-1.3557406202607918
2020-08-03,43.05670166015625,32.62517547607422,24.280000686645508,26.526500034332276,-1.2767960074264781
2020-08-04,43.79660415649414,33.56724166870117,23.760000228881836,26.243000030517578,-1.128823077259036
2020-08-05,43.609397888183594,33.860679626464844,22.989999771118164,25.988500022888182,-1.142878993686202
2020-08-06,43.59144973754883,33.698524475097656,22.649999618530273,25.657999992370605,-1.1525937021773232
2020-08-07,43.106788635253906,33.5440788269043,22.209999084472656,25.403999900817873,-1.2291783472701308
2020-08-10,44.17482376098633,34.370330810546875,22.1299991607666,24.90099992752075,-1.0390451669945429
2020-08-11,43.250389099121094,34.72554016113281,24.030000686645508,24.626499938964844,-1.1565494129406286
2020-08-12,44.14789962768555,34.717655181884766,22.280000686645508,24.352499961853027,-1.027650250943574
2020-08-13,43.58246994018555,33.86723327636719,22.1299991607666,24.058999919891356,-1.1464685797796899
2020-08-14,43.87864303588867,34.016849517822266,22.049999237060547,23.877499866485596,-1.0972394748990342
2020-08-17,43.91454315185547,33.575889587402344,21.350000381469727,23.72199993133545,-1.1114590340218182
2020-08-18,43.663238525390625,33.4105339050293,21.510000228881836,23.555499935150145,-1.1549189370591086
2020-08-19,43.37604522705078,33.040443420410156,22.540000915527344,23.466499996185302,-1.2125493309494981
2020-08-20,44.129940032958984,32.5364875793457,22.719999313354492,23.298499965667723,-1.1261441501895753
2020-08-21,44.22866439819336,32.29238510131836,22.540000915527344,23.133500003814696,-1.1226607378090172
2020-08-24,44.10301971435547,33.24517822265625,22.3700008392334,23.01500005722046,-1.0988591296699968
2020-08-25,44.363285064697266,32.19002151489258,22.030000686645508,22.844500064849854,-1.107775714935172
2020-08-26,44.47099304199219,31.504959106445312,23.270000457763672,22.803000068664552,-1.1223879688331733
2020-08-27,44.33636474609375,31.292354583740234,24.469999313354492,22.788500022888183,-1.1511234823194596
2020-08-28,45.26079177856445,32.0404052734375,22.959999084472656,22.713500022888184,-0.9851091357517315
2020-08-31,45.72748947143555,31.4498291015625,26.40999984741211,22.819999980926514,-0.9438704957893189
2020-09-01,45.58388900756836,31.048254013061523,26.1200008392334,22.938000011444093,-0.9822072272747349
2020-09-02,46.894229888916016,30.859275817871094,26.56999969482422,23.117000007629393,-0.8018213006103938
2020-09-03,45.224891662597656,30.79627799987793,33.599998474121094,23.664499950408935,-1.0449841673790778
2020-09-04,44.9466552734375,30.77265739440918,30.75,24.091499996185302,-1.0860901736979036
2020-09-08,43.89659881591797,30.06396484375,31.459999084472656,24.557999992370604,-1.268465159113944
2020-09-09,44.5338134765625,29.882854461669922,28.809999465942383,24.79699993133545,-1.1846667202570522
2020-09-10,43.94146728515625,29.134811401367188,29.709999084472656,25.168499851226805,-1.302859479053988
2020-09-11,44.22866439819336,29.056060791015625,26.8700008392334,25.405499935150146,-1.2649644267458766
2020-09-14,44.345340728759766,28.8670711517334,25.850000381469727,25.595499992370605,-1.2564724900115631
2020-09-15,44.874874114990234,28.55997657775879,25.59000015258789,25.807499980926515,-1.1937202997063148
2020-09-16,45.206939697265625,29.77262306213379,26.040000915527344,26.03400001525879,-1.0925802387037729
2020-09-17,45.162071228027344,29.764751434326172,26.459999084472656,26.229999923706053,-1.0993876375438667
2020-09-18,44.776145935058594,29.284420013427734,25.829999923706055,26.385499954223633,-1.1760832971221773
2020-09-21,44.62356948852539,28.685977935791016,27.780000686645508,26.64749994277954,-1.224369007797719
2020-09-22,44.829986572265625,27.977279663085938,26.860000610351562,26.87199993133545,-1.2258059587270593
2020-09-23,43.81581497192383,27.079620361328125,28.579999923706055,27.199499893188477,-1.4113223651489901
2020-09-24,44.120967864990234,27.024497985839844,28.510000228881836,27.461499881744384,-1.369802641593842
2020-09-25,44.821014404296875,27.276473999023438,26.3799991607666,27.55699987411499,-1.2579129628054233
2020-09-28,46.15828323364258,27.804058074951172,26.190000534057617,27.71849994659424,-1.0421414823929898
2020-09-29,45.94288635253906,26.99300193786621,26.270000457763672,27.711499977111817,-1.108822445464763
2020-09-30,46.472408294677734,27.032371520996094,26.3700008392334,27.723999977111816,-1.030837605574423
2020-10-01,46.88526916503906,26.087461471557617,26.700000762939453,27.73050003051758,-1.0129320645580182
2020-10-02,45.78133773803711,25.969348907470703,27.6299991607666,27.432000064849852,-1.177097047103381
2020-10-05,46.39163589477539,26.567794799804688,27.959999084472656,27.292500019073486,-1.0628970216526474
2020-10-06,46.10443878173828,26.29219627380371,29.479999542236328,27.19350004196167,-1.1163730802010885
2020-10-07,47.271183013916016,26.378807067871094,28.059999465942383,27.15600004196167,-0.944547906205773
2020-10-08,47.89942932128906,27.764684677124023,26.360000610351562,26.988500118255615,-0.7931392769208219
2020-10-09,47.40580749511719,27.355222702026367,25.0,26.895000076293947,-0.8822275753269984
2020-10-12,48.35715866088867,27.268596649169922,25.06999969482422,26.85600004196167,-0.7490374064004207
2020-10-13,48.312294006347656,26.945758819580078,26.06999969482422,26.880000019073485,-0.769693563980615
2020-10-14,48.06098175048828,26.890636444091797,26.399999618530273,26.897999954223632,-0.808307521723854
2020-10-15,48.33023452758789,27.126859664916992,26.969999313354492,26.923499965667723,-0.7591468973075177
2020-10-16,48.60845184326172,26.851261138916016,27.40999984741211,27.002499961853026,-0.7312005348484664
2020-10-19,48.985408782958984,26.315814971923828,29.18000030517578,27.07249994277954,-0.700460889691414
2020-10-20,47.953285217285156,26.53629493713379,29.350000381469727,27.196999931335448,-0.8393970157962027
2020-10-21,48.01611328125,26.111080169677734,28.649999618530273,27.20049991607666,-0.849046492736256
2020-10-22,48.37510681152344,27.4497127532959,28.110000610351562,27.180499935150145,-0.7384889701167102
2020-10-23,43.25938034057617,26.898509979248047,27.549999237060547,27.238999938964845,-1.4994152156768814
2020-10-26,41.93107223510742,26.260692596435547,32.459999084472656,27.552499866485597,-1.7187433523393456
2020-10-27,40.96177673339844,25.843358993530273,33.349998474121094,27.906499767303465,-1.8766770894698361
2020-10-28,39.71426010131836,24.859071731567383,40.279998779296875,28.60199966430664,-2.0996054111735494
2020-10-29,39.58860397338867,25.961475372314453,37.59000015258789,29.146499633789062,-2.0692269605128724
2020-10-30,39.741188049316406,25.685874938964844,38.02000045776367,29.665999698638917,-2.059372477991185
2020-11-02,39.902732849121094,26.764650344848633,37.130001068115234,30.124499797821045,-1.9886746521027483
2020-11-03,40.25275802612305,26.307941436767578,35.54999923706055,30.427999782562257,-1.9583511731244696
2020-11-04,41.015625,26.166196823120117,29.56999969482422,30.50349979400635,-1.8547272481663075
2020-11-05,41.295875549316406,26.11895751953125,27.579999923706055,30.56449975967407,-1.8164469581492517
2020-11-06,41.03371047973633,25.81186294555664,24.860000610351562,30.55749979019165,-1.8677031866368379
2020-11-09,41.22355651855469,29.07968521118164,25.75,30.59149980545044,-1.696675757501851
2020-11-10,41.078914642333984,29.724830627441406,24.799999237060547,30.527999782562254,-1.6891373453375311
2020-11-11,41.90156936645508,29.41838264465332,23.450000762939453,30.380499839782715,-1.5841458290965633
2020-11-12,40.63593673706055,28.410348892211914,25.350000381469727,30.299499893188475,-1.810727093904797
2020-11-13,41.096988677978516,29.09581756591797,23.100000381469727,30.083999919891358,-1.7141927884810109
2020-11-16,41.756927490234375,30.773176193237305,22.450000762939453,29.74749994277954,-1.545403638387737
2020-11-17,41.1602668762207,31.18445587158203,22.709999084472656,29.415499877929687,-1.6132413753707595
2020-11-18,40.73538589477539,30.007070541381836,23.84000015258789,29.174999904632568,-1.7261968438889204
2020-11-19,41.241634368896484,30.16029930114746,23.110000610351562,28.924999904632568,-1.6465570200432893
2020-11-20,41.03371047973633,29.789337158203125,23.700000762939453,28.732499980926512,-1.6928105619054559
2020-11-23,41.639408111572266,31.74088478088379,22.65999984741211,28.242500019073486,-1.5197761022640695
2020-11-24,42.498226165771484,33.85371780395508,21.639999389648438,27.657000064849854,-1.3031992296204737
2020-11-25,42.53438186645508,32.91020584106445,21.25,26.70550012588501,-1.3394795857833357
2020-11-27,42.89599609375,32.410221099853516,20.84000015258789,25.86800012588501,-1.3093900992682217
2020-11-30,43.70961380004883,30.748985290527344,20.56999969482422,24.995500087738037,-1.265271028493478
2020-12-01,44.803497314453125,31.04736328125,20.770000457763672,24.17750005722046,-1.0946265835496927
2020-12-02,45.110862731933594,32.208614349365234,21.170000076293945,23.458500099182128,-0.9993033624157486
2020-12-03,46.096256256103516,32.42634963989258,21.280000686645508,23.044000148773193,-0.8478279244837108
2020-12-04,47.00027847290039,33.61179733276367,20.790000915527344,22.704500198364258,-0.6655192850442673
2020-12-07,45.3820686340332,32.98277282714844,21.299999237060547,22.526500129699706,-0.9262080482317909
2020-12-08,45.82503890991211,34.063392639160156,20.68000030517578,22.273000144958495,-0.814902488403484
2020-12-09,45.26454162597656,34.51498794555664,22.270000457763672,22.146500205993654,-0.8757598209775265
2020-12-10,45.436317443847656,35.490753173828125,22.520000457763672,22.100000190734864,-0.8081181162186791
2020-12-11,44.95718002319336,35.3214111328125,23.309999465942383,21.998000144958496,-0.8845623302965474
2020-12-14,45.626155853271484,34.04726028442383,24.719999313354492,22.079000091552736,-0.8442519656435526
2020-12-15,45.80695343017578,34.708526611328125,22.889999389648438,22.101000022888183,-0.7891398443257104
2020-12-16,46.21377182006836,35.24076461791992,22.5,22.09050006866455,-0.7071531046070526
2020-12-17,45.788883209228516,35.063350677490234,21.93000030517578,21.995000076293945,-0.7761401545428136
2020-12-18,42.9050407409668,34.45853042602539,21.56999969482422,21.91800003051758,-1.218021877129493
2020-12-21,41.910614013671875,33.82952880859375,25.15999984741211,21.99099998474121,-1.3888818393736162
2020-12-22,41.73884201049805,33.256961822509766,24.229999542236328,22.069499969482422,-1.4387940555025962
2020-12-23,42.1004638671875,33.68437576293945,23.309999465942383,22.15299997329712,-1.367925031305063
2020-12-24,42.55247497558594,33.54728317260742,21.530000686645508,22.167000007629394,-1.3088613061120271
2020-12-28,42.55247497558594,33.660179138183594,21.700000762939453,22.210000038146973,-1.3038971829812167
2020-12-29,44.649818420410156,33.281158447265625,23.079999923706055,22.335500049591065,-1.0185353846742895
2020-12-30,44.07124328613281,33.54728317260742,22.770000457763672,22.435500049591063,-1.0901513006455654
2020-12-31,45.03853988647461,33.2408447265625,22.75,22.514500045776366,-0.9643302331185495
2021-01-04,44.902931213378906,33.466636657714844,26.969999313354492,22.798999977111816,-0.973930293727765
2021-01-05,45.752723693847656,35.07949447631836,25.34000015258789,23.026499938964843,-0.780637444845885
2021-01-06,46.19568634033203,35.974613189697266,25.06999969482422,23.214999961853028,-0.6774896108070236
2021-01-07,47.18107986450195,36.25686264038086,22.3700008392334,23.299499988555908,-0.5231774352372686
2021-01-08,46.692909240722656,36.66008758544922,21.559999465942383,23.263999938964844,-0.5757462601224146
2021-01-11,46.593467712402344,37.7729377746582,24.079999923706055,23.34199991226196,-0.5411334370954803
2021-01-12,48.130306243896484,38.61162567138672,23.329999923706055,23.342999935150146,-0.28294347511413054
2021-01-13,51.48424530029297,39.04708480834961,22.209999084472656,23.217499923706054,0.2191874974701517
2021-01-14,53.563507080078125,40.57123565673828,23.25,23.235499954223634,0.5856293763308583
2021-01-15,52.053775787353516,38.61968994140625,24.34000015258789,23.32749996185303,0.28240976720595246
2021-01-19,52.424434661865234,39.385799407958984,23.239999771118164,23.392999935150147,0.36947287067844603
2021-01-20,53.03915786743164,39.94222640991211,21.579999923706055,23.39349994659424,0.48246252144397317
2021-01-21,56.465415954589844,38.797096252441406,21.31999969482422,23.201499938964844,0.9255080486811271
2021-01-22,51.22206497192383,38.24873733520508,21.90999984741211,23.085499954223632,0.14632830081463874
2021-01-25,50.11915969848633,37.82133102416992,23.190000534057617,23.079500007629395,-0.031288796477060454
2021-01-26,49.91123580932617,36.9907112121582,23.020000457763672,23.153999996185302,-0.09775384240517426
2021-01-27,48.446712493896484,36.571372985839844,37.209999084472656,23.929499912261964,-0.32709093229930675
2021-01-28,50.68870162963867,37.14393615722656,30.209999084472656,24.285999870300294,0.020942427446932848
2021-01-29,50.18244552612305,36.16008758544922,33.09000015258789,24.801999855041505,-0.09522149215414734
2021-02-01,51.24919509887695,36.224609375,30.239999771118164,25.176499843597412,0.06123269507740968
2021-02-02,52.43346405029297,36.79716873168945,25.559999465942383,25.105999851226805,0.2569490487073149
2021-02-03,52.14418411254883,38.240665435791016,22.90999984741211,24.984499835968016,0.27876300331966314
2021-02-04,53.470252990722656,38.97451400756836,21.770000457763672,24.81949987411499,0.501991246215914
2021-02-05,52.91545104980469,40.280921936035156,20.8700008392334,24.74449987411499,0.4795408443687842
2021-02-08,53.806766510009766,42.014732360839844,21.239999771118164,24.72849988937378,0.6841315836586831
2021-02-09,53.46115493774414,41.522666931152344,21.6299991607666,24.605999851226805,0.612725341991968
2021-02-10,53.533912658691406,41.924522399902344,21.989999771118164,24.538999843597413,0.6408727033195927
2021-02-11,55.17103958129883,40.8747673034668,21.25,24.49099988937378,0.830468377744206
2021-02-12,56.216976165771484,41.432456970214844,19.969999313354492,24.326999855041503,1.005610367579726
2021-02-16,56.817256927490234,42.67904281616211,21.459999084472656,24.18299980163574,1.146867055786706
2021-02-17,56.253360748291016,43.34333419799805,21.5,24.095999813079835,1.0948726771371131
2021-02-18,56.035072326660156,42.66262435913086,22.489999771118164,24.14149980545044,1.0335067459859635
2021-02-19,57.30839157104492,42.949668884277344,22.049999237060547,24.177999782562257,1.2294924653639123
2021-02-22,55.216514587402344,44.53251647949219,23.450000762939453,24.254999828338622,0.9978510662575163
2021-02-23,55.589420318603516,45.1475944519043,23.110000610351562,24.25099983215332,1.078596756107595
2021-02-24,57.47210693359375,46.500797271728516,21.34000015258789,24.16699981689453,1.4092141401498421
2021-02-25,54.9345588684082,45.72988510131836,28.889999389648438,23.75099983215332,1.0098973013130184
2021-02-26,55.280174255371094,44.589908599853516,27.950000762939453,23.63799991607666,1.0095419433349333
2021-03-01,57.19015884399414,46.254764556884766,23.350000381469727,23.15099992752075,1.3577939980815263
2021-03-02,55.69855880737305,45.9841194152832,24.100000381469727,22.84399995803833,1.1310958791769359
2021-03-03,54.47980499267578,46.35318374633789,26.670000076293945,22.89949998855591,0.9718174614802805
2021-03-04,53.051876068115234,48.14923858642578,28.56999969482422,23.182499980926515,0.8451626920689171
2021-03-05,55.24380111694336,49.96990966796875,24.65999984741211,23.326999950408936,1.24086685282445
2021-03-08,54.434329986572266,49.920692443847656,25.469999313354492,23.55699987411499,1.1221349631645245
2021-03-09,56.99915313720703,49.1497802734375,24.030000686645508,23.69649991989136,1.4575843350489082
2021-03-10,56.61716079711914,50.6588020324707,22.559999465942383,23.742999935150145,1.4689284413671821
2021-03-11,57.58124542236328,50.28154754638672,21.90999984741211,23.738999938964845,1.5911731327145018
2021-03-12,57.208351135253906,50.82283020019531,20.690000534057617,23.710999965667725,1.5612751640913984
2021-03-15,58.01781463623047,49.52703094482422,20.030000686645508,23.714000034332276,1.6208645377324093
2021-03-16,58.9182243347168,48.47728729248047,19.790000915527344,23.63050012588501,1.7043698606905515
2021-03-17,59.82774353027344,48.69050979614258,19.229999542236328,23.517000102996825,1.844720596438752
2021-03-18,57.96324157714844,46.59101104736328,21.579999923706055,23.47150011062622,1.4839066813591302
2021-03-19,57.99052429199219,46.328575134277344,20.950000762939453,23.416500186920167,1.4762960141106012
2021-03-22,59.691314697265625,45.8528938293457,18.8799991607666,23.188000106811522,1.7003020085935232
2021-03-23,57.735862731933594,45.28702163696289,20.299999237060547,23.04750003814697,1.3938255991391435
2021-03-24,56.42616653442383,46.2055549621582,21.200000762939453,23.04050006866455,1.2456116147410785
2021-03-25,56.40797424316406,46.07433319091797,19.809999465942383,22.586500072479247,1.2372219135212241
2021-03-26,59.00008773803711,47.32911682128906,18.860000610351562,22.132000064849855,1.6656726421968273
2021-03-29,58.66356658935547,47.07489013671875,20.739999771118164,22.001500034332274,1.6060334196421904
2021-03-30,57.9996223449707,46.492591857910156,19.610000610351562,21.77700004577637,1.484818120376124
2021-03-31,58.20881271362305,45.787296295166016,19.399999618530273,21.413500022888183,1.4839301557245155
2021-04-01,58.70903778076172,47.066688537597656,17.329999923706055,20.851500034332275,1.6122208611496704
2021-04-05,60.51897430419922,46.33677673339844,17.90999984741211,20.514000034332277,1.8407657140533549
2021-04-06,59.62763977050781,46.2055549621582,18.1200008392334,20.14650011062622,1.7066392936189283
2021-04-07,60.255226135253906,46.410587310791016,17.15999984741211,19.803000068664552,1.8060302063848093
2021-04-08,60.982818603515625,45.92670440673828,16.950000762939453,19.522500133514406,1.8895303455124464
2021-04-09,62.08332824707031,45.82008743286133,16.690000534057617,19.26150016784668,2.0433210426301356
2021-04-12,59.4912223815918,45.51665496826172,16.90999984741211,19.072500133514403,1.6567030609337376
2021-04-13,59.318416595458984,45.68887710571289,16.649999618530273,18.903500080108643,1.6393909302146383
2021-04-14,58.381622314453125,47.009273529052734,16.989999771118164,18.763500022888184,1.5625468630119068
2021-04-15,59.136512756347656,46.73043441772461,16.56999969482422,18.630500030517577,1.6589939773163769
2021-04-16,58.89094924926758,46.46799087524414,16.25,18.364000034332275,1.6120917948473479
2021-04-19,57.872283935546875,46.32037353515625,17.290000915527344,18.18100004196167,1.4589081984331025
2021-04-20,57.02644729614258,45.34442138671875,18.68000030517578,18.17100009918213,1.2941902459460588
2021-04-21,57.93595886230469,45.92670440673828,17.5,18.0310001373291,1.4507677600488098
2021-04-22,56.908206939697266,45.32802200317383,18.709999084472656,17.90650005340576,1.2764419673319776
2021-04-23,53.87954330444336,45.574058532714844,17.329999923706055,17.782500076293946,0.8511181263575961
2021-04-26,53.44296646118164,45.66427230834961,17.639999389648438,17.72150001525879,0.7922157124022904
2021-04-27,52.724449157714844,46.26296615600586,17.559999465942383,17.5625,0.7150707672352237
2021-04-28,52.406124114990234,47.657169342041016,17.280000686645508,17.446000003814696,0.7305346116046029
2021-04-29,53.00639724731445,48.33787155151367,17.610000610351562,17.35650005340576,0.8469078589355097
2021-04-30,52.324256896972656,46.943660736083984,18.610000610351562,17.420500087738038,0.6873718084443347
2021-05-03,52.07869338989258,48.23944854736328,18.309999465942383,17.44050006866455,0.7089862666442242
2021-05-04,51.75127029418945,48.54289627075195,19.479999542236328,17.508500003814696,0.6751785839244283
2021-05-05,51.70579147338867,50.002708435058594,19.149999618530273,17.607999992370605,0.732818485682937
2021-05-06,52.33539962768555,50.4783821105957,18.389999389648438,17.679999923706056,0.8444008549164864
2021-05-07,52.77465057373047,51.20008850097656,16.690000534057617,17.679999923706056,0.9393891118007338
2021-05-10,51.21895217895508,51.32310485839844,19.65999984741211,17.817499923706055,0.7207701196345465
2021-05-11,50.36789321899414,49.691062927246094,21.84000015258789,18.076999950408936,0.5264513512595329
2021-05-12,49.06843185424805,49.95732879638672,27.59000015258789,18.606999969482423,0.35103052671307794
2021-05-13,49.42533493041992,49.34159469604492,23.1299991607666,18.93499994277954,0.3753519955513993
2021-05-14,50.65157699584961,50.564727783203125,18.809999465942383,19.06299991607666,0.6057189125406198
2021-05-17,50.63328552246094,51.74626159667969,19.719999313354492,19.18449983596802,0.6550378094080225
2021-05-18,50.184879302978516,50.28182601928711,21.34000015258789,19.317499828338622,0.5260727705635557
2021-05-19,50.660736083984375,49.07534408569336,22.18000030517578,19.551499843597412,0.541548509821673
2021-05-20,51.200653076171875,48.95884323120117,20.670000076293945,19.649499893188477,0.614176543370339
2021-05-21,51.319618225097656,49.025413513183594,20.149999618530273,19.790499877929687,0.6342352489182463
2021-05-24,52.12491989135742,49.59954071044922,18.399999618530273,19.82849988937378,0.7754474139808955
2021-05-25,52.04256057739258,48.47624969482422,18.84000015258789,19.892499923706055,0.7141952963731222
2021-05-26,52.08831024169922,49.04205322265625,17.360000610351562,19.896499919891358,0.7456622897682501
2021-05-27,52.829566955566406,48.725860595703125,16.739999771118164,19.852999877929687,0.8385036180478244
2021-05-28,52.271339416503906,48.56777572631836,16.760000228881836,19.7604998588562,0.7511650297542958
2021-06-01,52.06085205078125,50.30678939819336,17.899999618530273,19.739999866485597,0.797319607200212
2021-06-02,52.600772857666016,50.70618438720703,17.479999542236328,19.639999866485596,0.8926325302793543
2021-06-03,51.46603012084961,50.905887603759766,18.040000915527344,19.58449993133545,0.7380051758972068
2021-06-04,52.500118255615234,51.13053512573242,16.420000076293945,19.485999965667723,0.8967968101866096
2021-06-07,52.24388885498047,50.79771423339844,16.420000076293945,19.472499942779542,0.8452641406627724
2021-06-08,52.16152572631836,51.69634246826172,17.06999969482422,19.342999935150146,0.8729168306897062
2021-06-09,52.16152572631836,52.1290168762207,17.889999389648438,19.145499897003173,0.8919418598455079
2021-06-10,52.50926971435547,52.21223068237305,16.100000381469727,18.570999908447266,0.9456776568736682
2021-06-11,52.93936538696289,51.729618072509766,15.649999618530273,18.196999931335448,0.986392669854884
2021-06-14,53.25051498413086,51.64642333984375,16.389999389648438,18.07599992752075,1.0275415845867628
2021-06-15,53.06748962402344,53.52689743041992,17.020000457763672,17.94099998474121,1.083870948360978
2021-06-16,52.36285400390625,53.33552551269531,18.149999618530273,17.78149995803833,0.9739852287322127
2021-06-17,52.32624053955078,51.579864501953125,17.75,17.55999994277954,0.8915149364771451
2021-06-18,50.944419860839844,50.256874084472656,20.700000762939453,17.561499977111815,0.6343531401100926
2021-06-21,51.12744903564453,52.0791015625,17.889999389648438,17.448499965667725,0.74083498422166
2021-06-22,51.12744903564453,53.077579498291016,16.65999984741211,17.361499977111816,0.7847388331445851
2021-06-23,50.56922912597656,53.46865463256836,16.31999969482422,17.235499954223634,0.721548334627098
2021-06-24,51.31047058105469,53.68498229980469,15.970000267028809,17.165999937057496,0.8378027957475084
2021-06-25,51.16404342651367,53.801483154296875,15.619999885559082,17.10999994277954,0.8218392079507235
2021-06-28,52.600772857666016,52.42856216430664,15.760000228881836,17.05999994277954,0.9683668164396968
2021-06-29,51.932735443115234,52.10406494140625,16.020000457763672,16.96599998474121,0.8578977931032434
2021-06-30,51.37453079223633,52.4868049621582,15.829999923706055,16.883500003814696,0.7943429905217697
2021-07-01,51.255558013916016,52.63657760620117,15.479999542236328,16.755499935150148,0.7837959524847266
2021-07-02,51.94189453125,52.56169891357422,15.069999694824219,16.68799991607666,0.8793392667770144
2021-07-06,51.328773498535156,51.06397247314453,16.440000534057617,16.688999938964844,0.725190670608068
2021-07-07,51.20979690551758,50.26518249511719,16.200000762939453,16.645499992370606,0.6729340493551395
2021-07-08,50.68819046020508,50.040531158447266,19.0,16.701000022888184,0.5879420970662756
2021-07-09,51.23725891113281,50.94749069213867,16.18000030517578,16.705000019073488,0.7068903317971855
2021-07-12,51.91444396972656,50.89755630493164,16.170000076293945,16.73100004196167,0.8022126120776989
2021-07-13,52.04256057739258,50.65626525878906,17.1200008392334,16.767500114440917,0.8100522708130355
2021-07-14,51.72226333618164,49.5329704284668,16.329999923706055,16.733000087738038,0.7145357695213331
2021-07-15,51.072540283203125,49.05036926269531,17.010000228881836,16.676000118255615,0.5997521501680694
2021-07-16,50.30384063720703,47.6941032409668,18.450000762939453,16.711000156402587,0.4294196031313473
2021-07-19,50.00185012817383,46.05492401123047,22.5,16.801000118255615,0.31385552310371684
2021-07-20,50.55092239379883,46.56249237060547,19.729999542236328,16.89300012588501,0.41524276760037304
2021-07-21,51.45688247680664,48.06021499633789,17.90999984741211,16.95550012588501,0.6115614400704272
2021-07-22,51.20979690551758,47.51937484741211,17.690000534057617,17.02400016784668,0.5521987583536869
2021-07-23,48.50106430053711,47.461124420166016,17.200000762939453,17.08550019264221,0.1595668045841245
2021-07-26,49.699867248535156,48.6593017578125,17.579999923706055,17.18350019454956,0.384885031880923
2021-07-27,48.6657829284668,48.11845397949219,19.360000610351562,17.36350021362305,0.21219037651545766
2021-07-28,48.56512451171875,48.442962646484375,18.309999465942383,17.478000164031982,0.2119639737983002
2021-07-29,49.14164733886719,49.03373336791992,17.700000762939453,17.57150020599365,0.32096270470252136
2021-07-30,49.159950256347656,47.902122497558594,18.239999771118164,17.709500217437743,0.2738406063522087
2021-08-02,49.12334060668945,47.91044235229492,19.459999084472656,17.929000186920167,0.26893446964188616
2021-08-03,49.471092224121094,48.426326751708984,18.040000915527344,18.00900020599365,0.3416962267604796
2021-08-04,49.32466506958008,47.29470443725586,17.969999313354492,18.097500133514405,0.27085169559746414
2021-08-05,49.635986328125,47.5942497253418,17.280000686645508,18.01150016784668,0.3288547058383542
2021-08-06,49.66361618041992,48.14342498779297,16.149999618530273,18.010000133514403,0.3569812006701114
2021-08-09,49.78335189819336,47.5942497253418,16.719999313354492,18.03750009536743,0.3500760629152698
2021-08-10,49.682044982910156,48.409671783447266,16.790000915527344,18.021000099182128,0.37134211565847985
2021-08-11,49.86624526977539,48.551124572753906,16.170000076293945,18.013000106811525,0.40408763947790377
2021-08-12,49.3136100769043,48.441322326660156,15.59000015258789,17.942000102996825,0.31967740054682864
2021-08-13,49.26755905151367,47.951416015625,15.449999809265137,17.79200005531311,0.2915042691565693
2021-08-16,49.2491455078125,47.25034713745117,16.1200008392334,17.47300009727478,0.25802608743661093
2021-08-17,48.53071212768555,46.929386138916016,17.90999984741211,17.382000112533568,0.1404552910733071
2021-08-18,48.0701789855957,45.94112777709961,21.56999969482422,17.565000104904176,0.030681797869052625
2021-08-19,48.30044174194336,44.538997650146484,21.670000076293945,17.76400008201599,0.002188003263855927
2021-08-20,47.904388427734375,44.54743957519531,18.559999465942383,17.832000017166138,-0.05447439756134338
2021-08-23,49.02808380126953,46.380348205566406,17.149999618530273,17.81050000190735,0.1879376016332986
2021-08-24,49.56229782104492,46.76044464111328,17.219999313354492,17.703499937057494,0.28158014732309766
2021-08-25,49.56229782104492,46.844905853271484,16.790000915527344,17.627500009536742,0.2852939723016169
2021-08-26,48.93598556518555,46.2114143371582,18.84000015258789,17.684499979019165,0.1672468556331069
2021-08-27,49.635986328125,47.10675811767578,16.389999389648438,17.591999959945678,0.30741932191351234
2021-08-30,49.682044982910156,46.591522216796875,16.190000534057617,17.428500032424928,0.29139666966295685
2021-08-31,49.79256820678711,46.05093765258789,16.479999542236328,17.350499963760377,0.283542627751706
2021-09-01,49.43335723876953,45.41743469238281,16.110000610351562,17.25750002861023,0.20395888924667716
2021-09-02,49.48862075805664,46.52394104003906,16.40999984741211,17.21399998664856,0.2605710460945304
2021-09-03,49.285987854003906,46.34657287597656,16.40999984741211,17.22699999809265,0.2235919090968936
2021-09-07,49.4149284362793,46.07626724243164,18.139999389648438,17.298000001907347,0.2302744302716243
2021-09-08,49.34124755859375,45.6539421081543,17.959999084472656,17.356499910354614,0.20109406283204742
2021-09-09,49.184669494628906,45.6877326965332,18.799999237060547,17.487999868392944,0.18003186030465695
2021-09-10,49.58993148803711,45.594818115234375,20.950000762939453,17.755999898910524,0.23430602742903106
2021-09-13,50.64915466308594,46.768898010253906,19.3700008392334,17.951999950408936,0.43846450697489736
2021-09-14,50.21625900268555,46.10161590576172,19.459999084472656,18.118999862670897,0.346784520101822
2021-09-15,50.76889419555664,47.65579605102539,18.18000030517578,18.13249988555908,0.49470517503676176
2021-09-16,50.50178527832031,47.14899826049805,18.690000534057617,17.988499927520753,0.433955903245178
2021-09-17,49.97677993774414,46.591522216796875,20.809999465942383,17.945499897003174,0.3338399331517025
2021-09-20,48.797821044921875,45.34986114501953,25.709999084472656,18.302999877929686,0.10946733257823808
2021-09-21,48.69650650024414,45.30763626098633,24.360000610351562,18.663499927520753,0.09302088570109758
2021-09-22,49.276771545410156,46.63375473022461,20.8700008392334,18.846000003814698,0.234892324717454
2021-09-23,49.76493453979492,48.213260650634766,18.6299991607666,18.93799991607666,0.3746422642320842
2021-09-24,49.939937591552734,48.6440544128418,17.75,18.883499908447266,0.418785888467675
2021-09-27,50.34519958496094,50.088409423828125,18.760000228881836,19.001999950408937,0.5406549913579837
2021-09-28,49.7373046875,50.61210250854492,23.25,19.354999923706053,0.4761423676806433
2021-09-29,49.26755905151367,50.578311920166016,22.559999465942383,19.658999919891357,0.4070109186228429
2021-09-30,49.07413864135742,49.682979583740234,23.139999389648438,20.0104998588562,0.33978898417123193
2021-10-01,49.60835266113281,51.465206146240234,21.100000381469727,20.244999885559082,0.4950842785672549
2021-10-04,49.2491455078125,52.13249969482422,22.959999084472656,20.57249984741211,0.47269812035216296
2021-10-05,49.69125747680664,52.04802703857422,21.299999237060547,20.730499839782716,0.5326500607384599
2021-10-06,49.7188835144043,51.09356689453125,21.0,20.88249988555908,0.49465999169404856
2021-10-07,49.9030876159668,51.237152099609375,19.540000915527344,20.919499969482423,0.5274998288230479
2021-10-08,49.56229782104492,52.521034240722656,18.770000457763672,20.810499954223634,0.5348777380083275
2021-10-11,49.22151565551758,51.99734878540039,20.0,20.84199991226196,0.46277659730210324
2021-10-12,48.05176544189453,51.72705841064453,19.850000381469727,20.861499977111816,0.2824420138308248
2021-10-13,48.13465881347656,51.583473205566406,18.639999389648438,20.884499931335448,0.2880655087359804
2021-10-14,49.64519500732422,52.368995666503906,16.860000610351562,20.792999935150146,0.5401300810536738
2021-10-15,50.160987854003906,52.86735153198242,16.299999237060547,20.567499923706055,0.6363198472586268
2021-10-18,50.170204162597656,52.842018127441406,16.309999465942383,20.097499942779542,0.6365331109739372
2021-10-19,50.851783752441406,53.635990142822266,15.699999809265137,19.66449990272522,0.7695954438496997
2021-10-20,50.9991569519043,53.93162155151367,15.489999771118164,19.395499849319457,0.8038170418296428
2021-10-21,51.57942199707031,52.951812744140625,15.010000228881836,19.21449990272522,0.8442950707859241
2021-10-22,45.555686950683594,53.315025329589844,15.430000305175781,19.098499917984007,-0.007181262833728045
2021-10-25,45.50962829589844,54.35395431518555,15.239999771118164,18.922499895095825,0.03186858035337347
2021-10-26,44.46883010864258,55.61249542236328,15.979999542236328,18.558999872207643,-0.06267238016064715
2021-10-27,44.109622955322266,54.16812515258789,16.979999542236328,18.279999876022337,-0.17791003357058519
2021-10-28,44.28461837768555,54.32017135620117,16.530000686645508,17.949499940872194,-0.14602425425975055
2021-10-29,45.13199996948242,54.4553108215332,16.260000228881836,17.707499933242797,-0.018055006662190745
2021-11-01,45.63857650756836,55.43511962890625,16.40999984741211,17.379999971389772,0.09797742549894733
2021-11-02,45.924102783203125,54.750946044921875,16.030000686645508,17.116500043869017,0.1090109515999628
2021-11-03,46.412269592285156,53.99919891357422,15.100000381469727,16.821500062942505,0.14625443642202463
2021-11-04,46.66083908081055,54.40462875366211,15.4399995803833,16.616499996185304,0.19987671316181443
2021-11-05,47.22657775878906,54.91987609863281,16.479999542236328,16.501999950408937,0.30400165284924097
2021-11-08,47.81088638305664,55.511138916015625,17.219999313354492,16.36299991607666,0.41414321415399286
2021-11-09,47.48627853393555,56.051719665527344,17.780000686645508,16.259499931335448,0.39116786360085104
2021-11-10,47.07819366455078,54.947471618652344,18.729999542236328,16.263999938964844,0.28384701975932175
2021-11-11,46.86487579345703,55.05018615722656,17.65999984741211,16.30399990081787,0.25764464924013164
2021-11-12,46.66083908081055,54.6307487487793,16.290000915527344,16.30349998474121,0.20981938465030653
2021-11-15,46.670108795166016,55.1015625,16.489999771118164,16.3125,0.23185631413938046
2021-11-16,46.9390754699707,55.657955169677734,16.3700008392334,16.346000051498415,0.29505383731973656
2021-11-17,46.586639404296875,55.05018615722656,17.110000610351562,16.427000093460084,0.21757725925602375
2021-11-18,46.0765266418457,54.45097351074219,17.59000015258789,16.556000089645387,0.11777070188688293
2021-11-19,45.92813491821289,51.93431091308594,17.90999984741211,16.680000066757202,-0.014258031784390978
2021-11-22,46.215641021728516,52.653343200683594,19.170000076293945,16.87650008201599,0.058760649168726885
2021-11-23,45.53859329223633,54.040096282958984,19.3799991607666,17.046500062942506,0.022239099357636728
2021-11-24,46.15072250366211,54.339698791503906,18.579999923706055,17.12650008201599,0.12356243029888746
2021-11-26,45.24180603027344,52.4307861328125,28.6200008392334,17.731000089645384,-0.0912623212607436
2021-11-29,46.37331771850586,52.72182846069336,22.959999084472656,18.066000032424927,0.08447820849611327
2021-11-30,45.63134765625,51.22381591796875,27.190000534057617,18.605000066757203,-0.08823785321512298
2021-12-01,45.07486343383789,51.18101119995117,31.1200008392334,19.359500074386595,-0.17025643782436659
2021-12-02,45.90958786010742,52.45646667480469,27.950000762939453,20.002000093460083,0.006030695514442744
2021-12-03,45.67771911621094,52.12263107299805,30.670000076293945,20.763500118255614,-0.04203853880842915
2021-12-06,47.29151153564453,52.71327590942383,27.18000030517578,21.29850015640259,0.21632651073953657
2021-12-07,48.75690841674805,53.30392074584961,21.889999389648438,21.532000160217287,0.45332188278370655
2021-12-08,47.99637985229492,53.458003997802734,19.899999618530273,21.638000106811525,0.3505772396200823
2021-12-09,46.81850051879883,53.594974517822266,21.579999923706055,21.78050012588501,0.1869796007251668
2021-12-10,46.92052459716797,53.937374114990234,18.690000534057617,21.832000160217284,0.21672713874822483
2021-12-13,46.37331771850586,52.756072998046875,20.309999465942383,22.03300008773804,0.08598396735217971
2021-12-14,46.09507751464844,52.67904281616211,21.889999389648438,22.303000068664552,0.0425289512167882
2021-12-15,46.994720458984375,52.447914123535156,19.290000915527344,22.449000072479247,0.1619189922803993
2021-12-16,47.14311599731445,52.533512115478516,20.56999969482422,22.62200002670288,0.1870524798511733
2021-12-17,46.9483528137207,51.386451721191406,21.56999969482422,22.821000003814696,0.10856850164928943
2021-12-20,46.0023307800293,50.641719818115234,22.8700008392334,23.069000053405762,-0.060409700247997966
2021-12-21,47.087467193603516,51.78878402709961,21.010000228881836,23.161000061035157,0.1462925107118508
2021-12-22,47.27296447753906,52.20822525024414,18.6299991607666,23.123500061035156,0.19144817535304715
2021-12-23,47.58830261230469,52.233909606933594,17.959999084472656,23.092500019073487,0.23798775779013867
2021-12-27,48.17259979248047,52.978633880615234,17.68000030517578,22.545499992370605,0.3548754902970859
2021-12-28,48.00566101074219,52.80743408203125,17.540000915527344,22.27450008392334,0.3233077079053988
2021-12-29,48.07058334350586,52.34518814086914,16.950000762939453,21.762500095367432,0.31233152641645967
2021-12-30,47.987117767333984,52.037017822265625,17.329999923706055,21.073000049591066,0.28676159066708057
2021-12-31,47.76451873779297,52.37942886352539,17.219999313354492,20.536499977111816,0.26976232935291483
2022-01-03,49.35047912597656,54.39106369018555,16.600000381469727,19.832999992370606,0.586601462881773
2022-01-04,49.285560607910156,56.43693161010742,16.90999984741211,19.319499969482422,0.667211279840284
2022-01-05,49.962608337402344,57.13885498046875,19.729999542236328,19.211499977111817,0.7955735525540688
2022-01-06,50.09245300292969,58.482810974121094,19.610000610351562,19.19700002670288,0.8733666013338435
2022-01-07,49.56380844116211,58.962162017822266,18.760000228881836,19.05600004196167,0.8183166565821376
2022-01-10,51.20542526245117,58.611202239990234,19.399999618530273,19.091499996185302,1.0392854701123504
2022-01-11,51.85464859008789,61.07653045654297,18.40999984741211,18.99650001525879,1.2411791721559486
2022-01-12,51.69697952270508,60.89677429199219,17.6200008392334,18.78300008773804,1.2105700435611517
2022-01-13,50.95500183105469,60.46018600463867,20.309999465942383,18.834000015258788,1.0845245305751006
2022-01-14,51.65987777709961,61.52164840698242,19.190000534057617,18.76500005722046,1.2327034114639186
2022-01-18,50.78805923461914,62.55741500854492,22.790000915527344,18.826000118255614,1.152700771930171
2022-01-19,49.730735778808594,62.58309555053711,23.850000381469727,18.875000095367433,1.00157025772078
2022-01-20,48.26535415649414,62.72005081176758,25.59000015258789,19.104000091552734,0.7965702233939734
2022-01-21,48.26535415649414,61.77845764160156,28.850000381469727,19.61500015258789,0.755167641716416
2022-01-24,48.17259979248047,62.309173583984375,29.899999618530273,20.212000179290772,0.7651465547062827
2022-01-25,47.30078887939453,64.14103698730469,31.15999984741211,20.886000156402588,0.7201500074025975
2022-01-26,47.940738677978516,63.49049377441406,31.959999084472656,21.607000064849853,0.7837009938869436
2022-01-27,44.56475830078125,64.30368041992188,30.489999771118164,22.28400001525879,0.3332998872555553
2022-01-28,44.267974853515625,64.44064331054688,27.65999984741211,22.800500011444093,0.2965839954012748
2022-01-31,45.27891159057617,65.02273559570312,24.829999923706055,23.18100004196167,0.46775883944740954
2022-02-01,45.39948272705078,69.1915283203125,21.959999084472656,23.448999977111818,0.6684267161109765
2022-02-02,45.91885757446289,69.01174926757812,22.09000015258789,23.707999992370606,0.7353141897116202
2022-02-03,44.778072357177734,68.20709991455078,24.350000381469727,23.939000034332274,0.5356545277000795
2022-02-04,44.86685562133789,69.6880111694336,23.219999313354492,24.119499969482423,0.6135565644746961
2022-02-07,45.02573013305664,70.52691650390625,22.860000610351562,24.324499988555907,0.6733225829199698
2022-02-08,45.614479064941406,68.70361328125,21.440000534057617,24.426500034332275,0.67793322935309
2022-02-09,46.64247131347656,68.37471008300781,19.959999084472656,24.503999996185303,0.8115069721323259
2022-02-10,45.66120910644531,67.71692657470703,23.90999984741211,24.818499946594237,0.6412772026225405
2022-02-11,44.51173782348633,69.4219741821289,27.360000610351562,25.171000003814697,0.5507200260451622
2022-02-14,44.46501541137695,68.35740661621094,28.329999923706055,25.62799997329712,0.49718191081732926
2022-02-15,45.26870346069336,67.50054931640625,25.700000762939453,25.773499965667725,0.5752402094811067
2022-02-16,45.07245635986328,67.81210327148438,24.290000915527344,25.795499992370605,0.5606789437535261
2022-02-17,44.455665588378906,67.7082748413086,28.110000610351562,25.92150001525879,0.4672926635498355
2022-02-18,42.09130096435547,66.95527648925781,27.75,25.866499996185304,0.09370276497160455
2022-02-22,41.76421356201172,66.17633056640625,28.809999465942383,25.811999988555907,0.012349735955882513
2022-02-23,41.726829528808594,66.44462585449219,31.020000457763672,25.805000019073486,0.018763405612491655
2022-02-24,43.66130828857422,65.60509490966797,30.31999969482422,25.723000049591064,0.26042290620313674
2022-02-25,44.58649826049805,67.37071990966797,27.59000015258789,25.57800006866455,0.4712906510687176
2022-02-28,44.577152252197266,67.87271118164062,30.149999618530273,25.70250005722046,0.4920177259340214
2022-03-01,43.754764556884766,68.52182006835938,33.31999969482422,26.127000045776366,0.40213172873630715
2022-03-02,45.67055892944336,69.69892883300781,30.739999771118164,26.566000080108644,0.7297737983744974
2022-03-03,44.79209518432617,70.14033508300781,30.479999542236328,26.985500049591064,0.62267973197423
2022-03-04,44.92292022705078,72.78010559082031,31.979999542236328,27.367000007629393,0.7575919286158137
2022-03-07,44.5584602355957,75.40258026123047,36.45000076293945,28.028500080108643,0.8204201659361722
2022-03-08,44.3902473449707,75.97380828857422,35.130001068115234,28.642000102996825,0.821314032768326
2022-03-09,44.51173782348633,71.65496063232422,32.45000076293945,29.192500114440918,0.6489061714191697
2022-03-10,43.60524368286133,73.87930297851562,30.229999542236328,29.706000137329102,0.6161726744677579
2022-03-11,42.82958221435547,73.49846649169922,30.75,30.048000144958497,0.48772798407995044
2022-03-14,41.49319839477539,70.86734008789062,31.770000457763672,30.268500137329102,0.179589562405462
2022-03-15,41.87635803222656,66.83411407470703,29.829999923706055,30.3435001373291,0.057422334585751925
2022-03-16,43.577205657958984,66.58311462402344,26.670000076293945,30.392000102996825,0.29131600441192196
2022-03-17,44.05381393432617,68.35740661621094,25.670000076293945,30.461000061035158,0.4379669030580416
2022-03-18,44.34352493286133,68.08908081054688,23.8700008392334,30.249000072479248,0.467888198765591
2022-03-21,44.28744888305664,71.14433288574219,23.530000686645508,30.038000106811523,0.5941547779043975
2022-03-22,45.221981048583984,70.83272552490234,22.940000534057617,29.744500160217285,0.7150303266610972
2022-03-23,45.10983657836914,71.94921875,23.56999969482422,29.37200012207031,0.7479740515355348
2022-03-24,48.240516662597656,72.16560363769531,21.670000076293945,28.9395001411438,1.208321784340414
2022-03-25,48.43677520751953,73.74080657958984,20.809999465942383,28.600500106811523,1.305846861571472
2022-03-28,48.13771438598633,71.67227935791016,19.6299991607666,28.07450008392334,1.1718259066933414
2022-03-29,48.82926940917969,71.29145050048828,18.899999618530273,27.353500080108642,1.2546678452096292
2022-03-30,48.062950134277344,72.51180267333984,19.329999923706055,26.78300008773804,1.1979739827401539
2022-03-31,46.31538391113281,71.48184204101562,20.559999465942383,26.28700008392334,0.9010278002828206
2022-04-01,44.9603157043457,71.94058990478516,19.6299991607666,25.669500064849853,0.7260629032182537
2022-04-04,45.97895431518555,71.9751968383789,18.56999969482422,24.77550001144409,0.8742734991014048
2022-04-05,44.979000091552734,71.60302734375,21.030000686645508,24.070499992370607,0.7139106581192645
2022-04-06,44.42762756347656,72.39928436279297,22.100000381469727,23.55299997329712,0.6695223773700288
2022-04-07,44.44631576538086,73.61100006103516,21.549999237060547,23.11899995803833,0.7254936477694475
2022-04-08,43.941673278808594,75.16024017333984,21.15999984741211,22.639499950408936,0.7209439700942691
2022-04-11,43.52113342285156,72.5723876953125,24.3700008392334,22.26949996948242,0.5465943107311914
2022-04-12,43.455718994140625,74.08702850341797,24.260000228881836,21.99099998474121,0.6037742462018455
2022-04-13,43.93232727050781,75.13427734375,21.81999969482422,21.748499965667726,0.7184564938088981
2022-04-14,42.680049896240234,76.01710510253906,22.700000762939453,21.6,0.5769410971056854
2022-04-18,43.586551666259766,76.6402587890625,22.170000076293945,21.51499996185303,0.7348823008528229
2022-04-19,44.79209518432617,75.95651245117188,21.3700008392334,21.40699996948242,0.8784215599381278
2022-04-20,44.9603157043457,76.12960052490234,20.31999969482422,21.27599992752075,0.9102569477831493
2022-04-21,44.3902473449707,75.32469940185547,22.68000030517578,21.23149995803833,0.7927722117871243
2022-04-22,43.493099212646484,73.68023681640625,28.209999084472656,21.558499908447267,0.5912702331779778
2022-04-25,43.97905349731445,71.19624328613281,27.020000457763672,21.86899995803833,0.552026886636857
2022-04-26,42.53987503051758,71.22221374511719,33.52000045776367,22.563500022888185,0.3459201460393129
2022-04-27,42.259517669677734,73.2561264038086,31.600000381469727,23.198500061035155,0.39498004226921574
2022-04-28,43.77345657348633,75.47181701660156,29.989999771118164,23.73150005340576,0.7104202237286343
2022-04-29,40.73622512817383,73.78408813476562,33.400001525878906,24.37350015640259,0.19883341221537812
2022-05-02,42.01654052734375,74.7880859375,32.34000015258789,25.00900020599365,0.4273516032714583
2022-05-03,42.10999298095703,76.32867431640625,29.25,25.54300022125244,0.5085500753902291
2022-05-04,43.493099212646484,79.36659240722656,25.420000076293945,25.762500190734862,0.8413036969456348
2022-05-05,42.00957107543945,78.1635513305664,31.200000762939453,26.21750020980835,0.5747697986002668
2022-05-06,41.72699737548828,79.3579330444336,30.190000534057617,26.6495002746582,0.5865957047410361
2022-05-09,40.56843948364258,73.1003189086914,34.75,27.3290002822876,0.14460560236820325
2022-05-10,41.45384216308594,73.58503723144531,32.9900016784668,27.76000032424927,0.29342132443477303
2022-05-11,40.34238052368164,75.11698150634766,32.560001373291016,28.175000381469726,0.20072623321210212
2022-05-12,40.3517951965332,75.45797729492188,31.770000457763672,28.6725004196167,0.21707584096687765
2022-05-13,41.067657470703125,77.69635009765625,28.8700008392334,28.981000423431396,0.4185864691331004
2022-05-16,40.57786178588867,79.52378845214844,27.469999313354492,29.246000385284425,0.42840739533131617
2022-05-17,41.82119369506836,80.53804779052734,26.100000381469727,29.48250036239624,0.6520509920703181
2022-05-18,39.8902587890625,79.261474609375,30.959999084472656,30.01450033187866,0.3178550846519266
2022-05-19,39.57000732421875,79.68991088867188,29.350000381469727,30.34800033569336,0.2905759952738297
2022-05-20,39.23092269897461,80.31945037841797,29.43000030517578,30.409000396728516,0.26942750349547506
2022-05-23,39.560585021972656,82.09444427490234,28.479999542236328,30.48200035095215,0.3949483351813566
2022-05-24,39.249752044677734,82.54035186767578,29.450000762939453,30.278500366210938,0.3697937809053142
2022-05-25,39.748966217041016,84.20166778564453,28.3700008392334,30.117000389099122,0.514732392684044
2022-05-26,40.95461654663086,84.49893951416016,27.5,29.992500400543214,0.7014231580769792
2022-05-27,41.96247863769531,85.32958984375,25.719999313354492,29.608500289916993,0.8830845280945295
2022-05-31,41.840030670166016,83.93934631347656,26.190000534057617,29.301000308990478,0.804321340843319
2022-06-01,41.54803466796875,85.54817962646484,25.690000534057617,29.12300033569336,0.8330141478692711
2022-06-02,42.23564147949219,85.3995361328125,24.719999313354492,29.088000297546387,0.9254968951996017
2022-06-03,40.869850158691406,86.64114379882812,24.790000915527344,28.76750030517578,0.7834107701202524
2022-06-06,40.822757720947266,86.42254638671875,25.06999969482422,28.51150026321411,0.7670173329207565
2022-06-07,41.0017204284668,90.3834457397461,24.020000457763672,27.975000286102294,0.9669526463973751
2022-06-08,38.83530807495117,91.4501724243164,23.959999084472656,27.523500156402587,0.7018835558270231
2022-06-09,37.68616485595703,89.47409057617188,26.09000015258789,27.200000095367432,0.4495115060357821
2022-06-10,36.90437316894531,87.83901977539062,27.75,26.999000072479248,0.26503437929008306
2022-06-13,35.576271057128906,83.80817413330078,34.02000045776367,27.256500053405762,-0.10345817634755372
2022-06-14,35.72697067260742,84.02678680419922,32.689998626708984,27.517500019073488,-0.07214413193306271
2022-06-15,36.40515899658203,82.96879577636719,29.6200008392334,27.69350004196167,-0.02100240857059342
2022-06-16,35.17123794555664,79.90850830078125,32.95000076293945,27.79300012588501,-0.33325623948530303
2022-06-17,34.82273483276367,75.30059051513672,31.1299991607666,27.882000064849855,-0.5860560959897522
2022-06-21,35.53858947753906,79.9872055053711,30.190000534057617,27.920000076293945,-0.27689545946956773
2022-06-22,35.208919525146484,76.82198333740234,28.950000762939453,27.943500137329103,-0.46354680471943344
2022-06-23,35.23717498779297,74.50492095947266,29.049999237060547,27.923500061035156,-0.5613609101064282
2022-06-24,36.36748123168945,75.98258972167969,27.229999542236328,27.866499996185304,-0.33361708591382266
2022-06-27,36.38631820678711,77.84498596191406,26.950000762939453,27.839000034332276,-0.2490134635707182
2022-06-28,35.58568572998047,80.00466918945312,28.360000610351562,27.971000099182127,-0.2693454788887001
2022-06-29,35.124149322509766,77.04932403564453,28.15999984741211,28.069500064849855,-0.4657577784352309
2022-06-30,35.23717498779297,74.88089752197266,28.709999084472656,28.220499992370605,-0.5448289291713827
2022-07-01,34.22932434082031,76.55094146728516,26.700000762939453,28.319500064849855,-0.6165311852129876
2022-07-05,34.558998107910156,74.1551742553711,27.540000915527344,28.457000064849854,-0.6744003049087557
2022-07-06,34.84157180786133,72.8173828125,26.729999542236328,28.54000005722046,-0.6925320480145423
2022-07-07,35.92477798461914,75.14319610595703,26.079999923706055,28.643000030517577,-0.43427728943277866
2022-07-08,35.78349304199219,75.26559448242188,24.639999389648438,28.677000045776367,-0.44924105515170965
2022-07-11,35.03937530517578,74.88089752197266,26.170000076293945,28.68100004196167,-0.5733130431511458
2022-07-12,35.04880142211914,73.88411712646484,27.290000915527344,28.65800008773804,-0.6157848433383716
2022-07-13,35.04880142211914,74.18138885498047,26.81999969482422,28.298000049591064,-0.6027135749708173
2022-07-14,35.519752502441406,72.6949691772461,26.399999618530273,27.98350009918213,-0.6002533600487119
2022-07-15,36.37689971923828,73.91908264160156,24.229999542236328,27.714000034332276,-0.42299478408857744
2022-07-18,36.4616813659668,75.28308868408203,25.299999237060547,27.33149995803833,-0.35080941246112124
2022-07-19,37.88397216796875,77.18048095703125,24.5,27.0,-0.06256282708824586
2022-07-20,38.20423126220703,78.02862548828125,23.8799991607666,26.68449993133545,0.02084960888938083
2022-07-21,38.251319885253906,76.72579193115234,23.110000610351562,26.392499923706055,-0.029656002477449796
2022-07-22,36.923213958740234,76.13997650146484,23.030000686645508,26.091499996185302,-0.24666845819519093
2022-07-25,36.885536193847656,78.67565155029297,23.360000610351562,25.898000049591065,-0.1405986414242644
2022-07-26,36.6971549987793,78.36962127685547,24.690000534057617,25.785000038146972,-0.18118283587842818
2022-07-27,37.84629440307617,80.06590270996094,23.239999771118164,25.528999996185302,0.058885623408825236
2022-07-28,37.40359115600586,81.00146484375,22.329999923706055,25.2375,0.036271600259099236
2022-07-29,34.201072692871094,84.75251007080078,21.329999923706055,24.86850004196167,-0.2599702296932865
2022-08-01,34.813316345214844,82.61029815673828,22.84000015258789,24.675500011444093,-0.265998891922841
2022-08-02,33.91849136352539,82.2518081665039,23.93000030517578,24.494999980926515,-0.41062111358645476
2022-08-03,34.39887237548828,79.5849838256836,21.950000762939453,24.25600004196167,-0.45870625091975953
2022-08-04,33.92790985107422,76.23617553710938,21.440000534057617,24.024000072479247,-0.6737768361140045
2022-08-05,33.6710319519043,77.33785247802734,21.149999618530273,23.84950008392334,-0.6623269107275138
2022-08-08,33.66151428222656,77.7750473022461,21.290000915527344,23.60550012588501,-0.6444737059755906
2022-08-09,32.843284606933594,79.2090072631836,21.770000457763672,23.329500102996825,-0.699250417914738
2022-08-10,33.652000427246094,79.96096801757812,19.739999771118164,22.975500106811523,-0.549727118728428
2022-08-11,33.8613166809082,82.2740707397461,20.200000762939453,22.665500164031982,-0.41787564267810884
2022-08-12,34.356056213378906,82.98920440673828,19.530000686645508,22.43050022125244,-0.31518576787248903
2022-08-15,34.57488250732422,81.50596618652344,19.950000762939453,22.163000297546386,-0.3488928542920393
2022-08-16,34.43217468261719,80.74671936035156,19.690000534057617,21.922500324249267,-0.40282814500369113
2022-08-17,34.04208755493164,81.40003967285156,19.899999618530273,21.723500347137453,-0.4302755833741763
2022-08-18,34.44169235229492,83.3246841430664,19.559999465942383,21.546000289916993,-0.2881024442874138
2022-08-19,33.66151428222656,83.059814453125,20.600000381469727,21.424500274658204,-0.41209839725010206
2022-08-22,32.196319580078125,82.99801635742188,23.799999237060547,21.44650020599365,-0.6258108533572329
2022-08-23,32.30097579956055,86.5206527709961,24.110000610351562,21.41750020980835,-0.4558467958957693
2022-08-24,32.2153434753418,87.0326919555664,22.81999969482422,21.396500205993654,-0.4456635061412521
2022-08-25,33.195316314697266,87.48295593261719,21.780000686645508,21.369000244140626,-0.2847442065044645
2022-08-26,31.73963165283203,86.4058837890625,25.559999465942383,21.580500221252443,-0.5417295576617638
2022-08-29,31.34003257751465,88.392333984375,26.209999084472656,21.74900016784668,-0.5119280081634208
2022-08-30,30.693056106567383,85.02860260009766,26.209999084472656,21.863000106811523,-0.7530016357289163
2022-08-31,30.36957359313965,84.39295196533203,25.8700008392334,22.059000110626222,-0.8275347383414294
2022-09-01,30.21734619140625,82.87442779541016,25.559999465942383,22.26500005722046,-0.9162269077786318
2022-09-02,29.703571319580078,84.39295196533203,25.469999313354492,22.48100004196167,-0.9234422970384107
2022-09-06,28.885347366333008,83.82791137695312,26.90999984741211,22.761999988555907,-1.0661157888861872
2022-09-07,29.161258697509766,83.11280059814453,24.639999389648438,22.905499935150146,-1.0578271938778157
2022-09-08,29.256404876708984,83.7926025390625,23.610000610351562,23.098999977111816,-1.01423426407404
2022-09-09,29.931915283203125,85.19634246826172,22.790000915527344,23.228499984741212,-0.8552339551439891
2022-09-12,30.027057647705078,86.17632293701172,23.8700008392334,23.445499992370607,-0.7984424920880884
2022-09-13,27.867321014404297,84.16340637207031,27.270000457763672,23.811499977111815,-1.1979645477826457
2022-09-14,27.762662887573242,86.22929382324219,26.15999984741211,24.13499994277954,-1.1221971529850248
2022-09-15,27.439176559448242,83.72196960449219,26.270000457763672,24.45349998474121,-1.279029743465511
2022-09-16,27.819747924804688,82.29174041748047,26.299999237060547,24.79049997329712,-1.2871139065623847
2022-09-19,28.010032653808594,82.28289031982422,25.760000228881836,25.048499965667723,-1.2601011280190515
2022-09-20,27.553348541259766,81.61193084716797,27.15999984741211,25.216499996185302,-1.3553684641472346
2022-09-21,27.087148666381836,80.29644012451172,27.989999771118164,25.41049995422363,-1.480346654965098
2022-09-22,26.70657730102539,79.96096801757812,27.350000381469727,25.636999988555907,-1.5499017466515304
2022-09-23,26.183292388916016,75.70555877685547,29.920000076293945,26.04399995803833,-1.812370956254277
2022-09-26,25.660005569458008,74.14290618896484,32.2599983215332,26.37899990081787,-1.9564378428962401
2022-09-27,25.583890914916992,75.69673919677734,32.599998474121094,26.698499870300292,-1.8990754804548808
2022-09-28,25.81223487854004,78.45127868652344,30.18000030517578,26.89699993133545,-1.7450736049502824
2022-09-29,25.098663330078125,78.2923583984375,31.84000015258789,27.195499897003174,-1.8548192183020888
2022-09-30,24.518291473388672,77.08283996582031,31.6200008392334,27.498499965667726,-1.99157904468975
2022-10-03,25.660005569458008,81.15283966064453,30.100000381469727,27.730000019073486,-1.6482056335820032
2022-10-04,26.35454750061035,84.11042785644531,29.06999969482422,27.83800001144409,-1.4181407798356633
2022-10-05,26.29745864868164,87.50946044921875,28.549999237060547,28.033500003814698,-1.2769037532372964
2022-10-06,25.85980987548828,90.10506439208984,30.520000457763672,28.378999996185303,-1.2257965823058452
2022-10-07,24.470722198486328,89.19572448730469,31.360000610351562,28.807499980926515,-1.4658163279522924
2022-10-10,23.975982666015625,87.26225280761719,32.45000076293945,29.236499977111816,-1.6220774697124056
2022-10-11,23.82375144958496,86.5206527709961,33.630001068115234,29.554500007629393,-1.6766082320202687
2022-10-12,24.09966468811035,86.90027618408203,33.56999969482422,29.925,-1.6201830512164195
2022-10-13,25.136722564697266,89.93733978271484,31.940000534057617,30.2085000038147,-1.3372996444343128
2022-10-14,24.651493072509766,87.5712661743164,32.02000045776367,30.494500064849852,-1.5112131364399815
2022-10-17,25.136722564697266,88.83375549316406,31.3700008392334,30.77500009536743,-1.3858251012174578
2022-10-18,24.61343765258789,88.99266052246094,30.5,30.942000102996825,-1.454193490098798
2022-10-19,24.73712158203125,91.63243103027344,30.760000228881836,31.08050012588501,-1.3203096484169086
2022-10-20,24.8132381439209,91.75602722167969,29.979999542236328,31.21200008392334,-1.303913873847003
2022-10-21,25.660005569458008,93.4599609375,29.690000534057617,31.200500106811525,-1.1070519697435295
2022-10-24,25.85980987548828,94.11328125,29.850000381469727,31.08000020980835,-1.0495521796284857
2022-10-25,26.07863426208496,93.47762298583984,28.459999084472656,30.87300024032593,-1.045990792947677
2022-10-26,25.88834571838379,94.59001922607422,27.280000686645508,30.728000259399415,-1.02448034139474
2022-10-27,24.994009017944336,94.95199584960938,27.389999389648438,30.50550022125244,-1.1373527726284538
2022-10-28,27.658004760742188,97.7330093383789,25.75,30.212000179290772,-0.6314411413857751
2022-10-31,27.04909324645996,97.83012390136719,25.8799991607666,30.001000118255615,-0.7148571511301055
2022-11-01,26.925403594970703,98.80130767822266,25.809999465942383,29.838000106811524,-0.6899653574667104
2022-11-02,26.088150024414062,96.77069091796875,25.860000610351562,29.703500175476073,-0.899821727023819
2022-11-03,26.059602737426758,98.08617401123047,25.299999237060547,29.442500114440918,-0.84608986339519
2022-11-04,27.19263458251953,99.1544189453125,24.549999237060547,29.102000045776368,-0.6359562225413816
2022-11-07,27.39512825012207,100.32862854003906,24.350000381469727,28.69700002670288,-0.5551652457443533
2022-11-08,27.462631225585938,100.64647674560547,25.540000915527344,28.292500019073486,-0.531468457751445
2022-11-09,26.536924362182617,96.14385986328125,26.09000015258789,27.91850004196167,-0.8627582924610117
2022-11-10,28.696908950805664,97.55644226074219,23.530000686645508,27.498000049591063,-0.48959768875992543
2022-11-11,29.342975616455078,100.60231018066406,22.520000457763672,27.023000049591065,-0.26263178052801506
2022-11-14,29.265830993652344,100.89602661132812,23.729999542236328,26.64099998474121,-0.260826041336542
2022-11-15,29.61297035217285,101.5723876953125,24.540000915527344,26.34300003051758,-0.18109616823899796
2022-11-16,28.47512435913086,100.48662567138672,24.110000610351562,26.010500049591066,-0.39269330977557526
2022-11-17,28.822263717651367,100.62013244628906,23.93000030517578,25.708000087738036,-0.3368331615049658
2022-11-18,28.802976608276367,99.7479476928711,23.1200008392334,25.379500102996825,-0.37796123861515285
2022-11-21,27.906198501586914,98.76007080078125,22.360000610351562,25.005000114440918,-0.5505393497718974
2022-11-22,28.754764556884766,101.61688995361328,21.290000915527344,24.646500205993654,-0.3027251677977839
2022-11-23,28.61012077331543,101.1095962524414,20.350000381469727,24.300000190734863,-0.3458606717414851
2022-11-25,28.29191017150879,100.75361633300781,20.5,23.955500221252443,-0.40733725532994053
2022-11-28,27.703699111938477,97.72771453857422,22.209999084472656,23.778500175476076,-0.6250937495663204
2022-11-29,27.867626190185547,98.37739562988281,21.889999389648438,23.579000186920165,-0.5729204736980498
2022-11-30,28.995832443237305,99.08935546875,20.579999923706055,23.31750020980835,-0.37914787336330336
2022-12-01,28.764404296875,98.60879516601562,19.84000015258789,23.016500186920165,-0.4336052583540597
2022-12-02,28.35940933227539,97.772216796875,19.059999465942383,22.704500198364258,-0.5287114976697196
2022-12-05,28.12798500061035,95.09339904785156,20.75,22.514500236511232,-0.6798274174735869
2022-12-06,27.578344345092773,92.45018005371094,22.170000076293945,22.405500221252442,-0.8752027269808779
2022-12-07,27.317989349365234,92.24549865722656,22.68000030517578,22.262500190734862,-0.9216951092398771
2022-12-08,27.424060821533203,92.93077850341797,22.290000915527344,22.072500228881836,-0.8762880164996464
2022-12-09,27.231204986572266,92.14759826660156,22.829999923706055,22.037500190734864,-0.9384972346163729
2022-12-12,27.665128707885742,94.41702270507812,25.0,22.16150016784668,-0.7762217614717845
2022-12-13,27.703699111938477,95.44939422607422,22.549999237060547,22.10250015258789,-0.7252732600116747
2022-12-14,27.250490188598633,94.74629974365234,21.139999389648438,21.932500076293945,-0.8214531533254499
2022-12-15,26.180137634277344,93.83855438232422,22.829999923706055,21.86850004196167,-1.0155033815574095
2022-12-16,25.958356857299805,93.17996215820312,22.6200008392334,21.803000068664552,-1.0763997001552374
2022-12-19,25.8330020904541,93.5982437133789,22.420000076293945,21.768000030517577,-1.076059230515624
2022-12-20,25.495506286621094,94.95101165771484,21.479999542236328,21.723999977111816,-1.0651780084592524
2022-12-21,25.871570587158203,96.1702651977539,20.06999969482422,21.66299991607666,-0.9574114011946254
2022-12-22,25.042295455932617,94.23013305664062,21.969999313354492,21.743999862670897,-1.1621401579250557
2022-12-23,25.158010482788086,96.7220687866211,20.8700008392334,21.76249990463257,-1.0359042866718593
2022-12-27,25.01336669921875,98.06591033935547,21.649999618530273,21.73449993133545,-0.99764393837871
2022-12-28,24.627656936645508,96.45506286621094,22.139999389648438,21.74699993133545,-1.1240182278025042
2022-12-29,25.27372169494629,97.18482971191406,21.440000534057617,21.789999961853027,-0.9988933540663273
2022-12-30,25.485858917236328,98.16381072998047,21.670000076293945,21.88149995803833,-0.9252980104756419
2023-01-03,25.775144577026367,94.79081726074219,22.899999618530273,22.073499965667725,-1.0319526097223044
2023-01-04,26.691205978393555,95.06671142578125,22.010000228881836,22.136499977111818,-0.8879040430579994
2023-01-05,26.57549285888672,97.19373321533203,22.459999084472656,22.15099992752075,-0.811040496588307
2023-01-06,27.703699111938477,98.36849212646484,21.1299991607666,22.073499870300292,-0.5969182622535633
2023-01-09,28.262981414794922,96.53517150878906,21.969999313354492,22.05749979019165,-0.5969914259916286
2023-01-10,28.388338088989258,97.9769058227539,20.579999923706055,21.944999790191652,-0.5155452811902367
2023-01-11,28.783693313598633,99.11607360839844,21.09000015258789,21.749499797821045,-0.4085221199721605
2023-01-12,29.207975387573242,100.76251983642578,18.829999923706055,21.56349983215332,-0.2750279257110365
2023-01-13,29.03440284729004,100.70022583007812,18.350000381469727,21.423999881744386,-0.3027623294031977
2023-01-17,28.54262351989746,100.50443267822266,19.360000610351562,21.25049991607666,-0.38219011523755936
2023-01-18,27.780841827392578,98.439697265625,20.34000015258789,21.136499881744385,-0.582678391775965
2023-01-19,27.40477180480957,99.07157897949219,20.520000457763672,21.041499900817872,-0.6090499708061142
2023-01-20,28.176197052001953,100.87821960449219,19.850000381469727,20.95999994277954,-0.41852160350702244
2023-01-23,29.188690185546875,100.35314178466797,19.809999465942383,20.946999931335448,-0.2958057586833762
2023-01-24,28.8511905670166,101.28760528564453,19.200000762939453,20.808500003814697,-0.30331825663372824
2023-01-25,28.639053344726562,100.75361633300781,19.079999923706055,20.71899995803833,-0.35734695412016243
2023-01-26,29.015117645263672,104.80298614501953,18.729999542236328,20.572999954223633,-0.12513794028341058
2023-01-27,27.154062271118164,102.8895492553711,18.510000228881836,20.391499996185303,-0.47727424707444777
2023-01-30,26.951566696166992,101.06512451171875,19.940000534057617,20.316499996185303,-0.5866559627270279
2023-01-31,27.250490188598633,103.24554443359375,19.399999618530273,20.202999973297118,-0.447734775131597
2023-02-01,28.03155517578125,102.11528015136719,17.8700008392334,19.951500034332277,-0.38495622415775704
2023-02-02,29.111547470092773,98.92027282714844,18.729999542236328,19.7875,-0.36991904290616995
2023-02-03,29.236902236938477,99.60554504394531,18.329999923706055,19.58100004196167,-0.32173539764420633
2023-02-06,28.002227783203125,99.43647003173828,19.43000030517578,19.49600009918213,-0.506968868730435
2023-02-07,28.353595733642578,102.27546691894531,18.65999984741211,19.33050012588501,-0.33153728499417573
2023-02-08,27.56301498413086,101.38548278808594,19.6299991607666,19.28300008773804,-0.4845180408656021
2023-02-09,27.06523895263672,101.7681884765625,20.709999084472656,19.264000034332277,-0.539372338685352
2023-02-10,27.133560180664062,106.0578384399414,20.530000686645508,19.34900007247925,-0.3409145158586425
2023-02-13,27.865583419799805,105.64530944824219,20.34000015258789,19.448500061035155,-0.25363883738350795
2023-02-14,27.953426361083984,104.40770721435547,18.90999984741211,19.426000022888182,-0.2954073573380987
2023-02-15,28.15839195251465,104.09380340576172,18.229999542236328,19.320499992370607,-0.2796939115445766
2023-02-16,27.52397346496582,103.78889465332031,20.170000076293945,19.30299997329712,-0.38446032604835406
2023-02-17,26.948118209838867,99.79805755615234,20.020000457763672,19.311499977111815,-0.6428664778400536
2023-02-21,25.43527603149414,99.69939422607422,22.8700008392334,19.46450004577637,-0.8650613946309264
2023-02-22,24.859418869018555,98.40795135498047,22.290000915527344,19.619000053405763,-1.0047733642204977
2023-02-23,24.996063232421875,99.31376647949219,21.139999389648438,19.72200002670288,-0.9452665196477809
2023-02-24,24.537328720092773,99.3227310180664,21.670000076293945,19.869000053405763,-1.0109323373965278
2023-02-27,24.303081512451172,99.14337921142578,20.950000762939453,19.99100008010864,-1.0525513097989934
2023-02-28,24.332365036010742,98.56940460205078,20.700000762939453,20.029000091552735,-1.0735724488861875
2023-03-01,24.7227725982666,99.44830322265625,20.579999923706055,20.088000106811524,-0.9787060120166986
2023-03-02,25.571918487548828,99.9056625366211,19.59000015258789,20.17400007247925,-0.8363144404707011
2023-03-03,25.767126083374023,101.17017364501953,18.489999771118164,20.16200008392334,-0.7526020657962504
2023-03-06,25.366952896118164,102.06700134277344,18.610000610351562,20.176000118255615,-0.7707947371676623
2023-03-07,24.917980194091797,100.09400177001953,19.59000015258789,20.184000110626222,-0.9222033053954262
2023-03-08,25.35719108581543,98.63218688964844,19.110000610351562,20.206500148773195,-0.9232319396129814
2023-03-09,25.80616569519043,97.8698959350586,22.610000610351562,20.35550022125244,-0.8920959417833569
2023-03-10,26.56746482849121,96.65917205810547,24.799999237060547,20.560000228881837,-0.8357016404260412
2023-03-13,26.303939819335938,95.54713439941406,26.520000457763672,20.859500217437745,-0.9225476782907632
2023-03-14,27.338529586791992,95.90585327148438,23.729999542236328,21.029000186920165,-0.7577885852553408
2023-03-15,27.72893714904785,91.1347885131836,26.139999389648438,21.390500164031984,-0.9113554183819959
2023-03-16,29.456506729125977,90.60564422607422,22.989999771118164,21.628500175476074,-0.6858439015746154
2023-03-17,29.095380783081055,89.53843688964844,25.510000228881836,21.89550018310547,-0.7847737238654248
2023-03-20,28.46095848083496,91.8791275024414,24.149999618530273,22.102000141143797,-0.7732116325709945
2023-03-21,27.777740478515625,95.99553680419922,21.3799991607666,22.027500057220458,-0.6905966314252289
2023-03-22,27.45564842224121,93.7983169555664,22.260000228881836,22.026000022888184,-0.8335929104270243
2023-03-23,28.33407974243164,92.74007415771484,22.610000610351562,22.09950008392334,-0.7536262945950877
2023-03-24,28.656166076660156,92.84769439697266,21.739999771118164,22.10300006866455,-0.7025121544158301
2023-03-27,28.48048210144043,94.88349151611328,20.600000381469727,22.085500049591065,-0.6382959216162416
2023-03-28,28.587844848632812,96.06727600097656,19.969999313354492,22.048999977111816,-0.570783243571299
2023-03-29,30.764385223388672,97.7174301147461,19.1200008392334,21.976000022888183,-0.18479231379444824
2023-03-30,31.320720672607422,98.19274139404297,19.020000457763672,21.947500038146973,-0.08377750443969775
2023-03-31,31.88681983947754,98.34519958496094,18.700000762939453,21.958000087738036,0.0044472270352691025
2023-04-03,32.10154724121094,104.14761352539062,18.549999237060547,21.955000019073488,0.2905056540736332
2023-04-04,32.30650329589844,103.15214538574219,19.0,21.925500011444093,0.2762488144996054
2023-04-05,32.04298400878906,104.91887664794922,19.079999923706055,21.923999977111816,0.3159853019014006
2023-04-06,32.02346420288086,103.1790542602539,18.399999618530273,21.71349992752075,0.23667301593213014
2023-04-10,31.74041175842285,102.7216796875,18.969999313354492,21.42199993133545,0.1758009760675978
2023-04-11,31.574481964111328,103.44808959960938,19.100000381469727,21.050999927520753,0.18384708762641633
2023-04-12,31.252399444580078,103.3404769897461,19.09000015258789,20.81899995803833,0.132733832252465
2023-04-13,31.35976219177246,103.82476806640625,17.799999237060547,20.401999950408936,0.1694892428451195
2023-04-14,31.125513076782227,104.07588195800781,17.06999969482422,20.10599994659424,0.14679790625241193
2023-04-17,31.36952018737793,102.86515808105469,16.950000762939453,19.67799997329712,0.12869964654697635
2023-04-18,31.066953659057617,104.8740463256836,16.829999923706055,19.311999988555907,0.1734609720185227
2023-04-19,30.40325355529785,104.5422134399414,16.459999084472656,19.06599998474121,0.06329398769745809
2023-04-20,30.120206832885742,103.70817565917969,17.170000076293945,18.811499977111815,-0.014139401435059819
2023-04-21,29.57362937927246,104.04000854492188,16.770000457763672,18.51949996948242,-0.07825825739050349
2023-04-24,28.948972702026367,106.0040283203125,16.889999389648438,18.276999950408936,-0.08185237745604428
2023-04-25,28.18766975402832,104.49737548828125,18.760000228881836,18.18499994277954,-0.25773238873263016
2023-04-26,28.353595733642578,103.53778076171875,18.84000015258789,18.12849998474121,-0.2760323666981721
2023-04-27,29.144180297851562,104.775390625,17.030000686645508,18.023999977111817,-0.10776568853476073
2023-04-28,30.315412521362305,106.12958526611328,15.779999732971191,17.86199994087219,0.1204424224568268
2023-05-01,29.57362937927246,102.8382568359375,16.079999923706055,17.73099989891052,-0.1311002117120271
2023-05-02,29.05633544921875,98.73980712890625,17.780000686645508,17.692499971389772,-0.38580505844992796
2023-05-03,29.915239334106445,96.79370880126953,18.34000015258789,17.659499979019166,-0.3476901840136711
2023-05-04,30.615957260131836,95.0987319946289,20.09000015258789,17.709999990463256,-0.32131284717470715
2023-05-05,30.37095069885254,97.46632385253906,17.190000534057617,17.649500036239623,-0.25249013121351266
2023-05-08,30.155349731445312,97.85194396972656,16.979999542236328,17.550000047683717,-0.26658170106019247
2023-05-09,29.498733520507812,97.87885284423828,17.709999084472656,17.480499982833862,-0.3599544171265527
2023-05-10,29.371326446533203,96.62330627441406,16.940000534057617,17.37300000190735,-0.43350900998948755
2023-05-11,28.28350257873535,94.87450408935547,16.93000030517578,17.32950005531311,-0.6670571127116052
2023-05-12,28.371702194213867,94.86553192138672,17.030000686645508,17.327500104904175,-0.6547504533379271
2023-05-15,29.204723358154297,95.04645538330078,17.1200008392334,17.33600010871887,-0.5268360192010041
2023-05-16,28.636308670043945,92.7397232055664,17.989999771118164,17.39400010108948,-0.7101192943051164
2023-05-17,28.29330062866211,94.82030487060547,16.8700008392334,17.414500188827514,-0.6680293276513124
2023-05-18,29.087121963500977,95.6796646118164,16.049999237060547,17.358500146865843,-0.5159284899250269
2023-05-19,29.33212661743164,96.12293243408203,16.809999465942383,17.36050009727478,-0.46115580125184874
2023-05-22,29.67513656616211,94.95599365234375,17.209999084472656,17.37650008201599,-0.46307190734301357
2023-05-23,28.920516967773438,96.24957275390625,18.530000686645508,17.365000104904176,-0.5148611148043434
2023-05-24,28.420703887939453,97.32603454589844,20.030000686645508,17.424500131607054,-0.5395037637511263
2023-05-25,26.852663040161133,95.58016967773438,19.139999389648438,17.530000066757204,-0.8420762854022049
2023-05-26,28.420703887939453,94.95599365234375,17.950000762939453,17.638500118255614,-0.6437162992533211
2023-05-30,29.39093017578125,94.11471557617188,17.459999084472656,17.707500076293947,-0.5409906556918403
2023-05-31,30.81196403503418,92.43215942382812,17.940000534057617,17.71550006866455,-0.4103381838463897
2023-06-01,30.508153915405273,93.49959564208984,15.649999618530273,17.58100004196167,-0.40715231703222654
2023-06-02,30.684558868408203,95.67063903808594,14.600000381469727,17.306500053405763,-0.28628668666118073
2023-06-05,29.263526916503906,95.24545288085938,14.729999542236328,17.183500003814697,-0.509617947252351
2023-06-06,30.341550827026367,96.02342987060547,13.960000038146973,17.03250002861023,-0.32016902241109346
2023-06-07,30.65515899658203,98.17637634277344,13.9399995803833,16.84400005340576,-0.18034119894566178
2023-06-08,31.184371948242188,97.86881256103516,13.649999618530273,16.679500007629393,-0.11765578420234941
2023-06-09,30.713960647583008,97.14512634277344,13.829999923706055,16.52449998855591,-0.2172183379014185
2023-06-12,32.409400939941406,96.26766204833984,15.010000228881836,16.423499965667723,-0.011649495173068914
2023-06-13,33.23262023925781,96.28577423095703,14.609999656677246,16.297999906539918,0.1076944847286213
2023-06-14,34.869266510009766,95.12788391113281,13.880000114440918,16.092499923706054,0.2924661533480431
2023-06-15,35.10447311401367,95.78823852539062,14.5,15.973999881744385,0.3553733498376176
2023-06-16,35.64348220825195,95.1007308959961,13.539999961853027,15.84849991798401,0.4027630311019564
2023-06-20,34.30084991455078,92.9206314086914,13.880000114440918,15.701999950408936,0.11355680202233535
2023-06-21,32.2427978515625,93.96094512939453,13.199999809265137,15.50149998664856,-0.1370692794688226
2023-06-22,32.05659484863281,93.4453125,12.90999984741211,15.220499944686889,-0.18655618177593675
2023-06-23,32.34080123901367,92.63117218017578,13.4399995803833,14.890999889373779,-0.1814274636889863
2023-06-26,32.674007415771484,94.34086608886719,14.25,14.646499919891358,-0.058267590955788415
2023-06-27,33.41883087158203,94.57605743408203,13.739999771118164,14.435999870300293,0.05933214619430091
2023-06-28,32.8994140625,95.34497833251953,13.430000305175781,14.23449993133545,0.018343653606925567
2023-06-29,32.25259780883789,96.52095031738281,13.539999961853027,14.01449990272522,-0.02309262527247532
2023-06-30,32.77200698852539,97.01849365234375,13.59000015258789,13.9114999294281,0.07358218283451168
2023-07-03,32.94841766357422,97.20845031738281,13.569999694824219,13.859999895095825,0.1073387177781681
2023-07-05,31.86058807373047,96.71092224121094,14.180000305175781,13.832499933242797,-0.07119071630804798
2023-07-06,31.331375122070312,93.1015625,15.4399995803833,13.906499910354615,-0.3061062950138506
2023-07-07,31.213773727416992,93.31867980957031,14.829999923706055,13.950999927520751,-0.31349464999589866
2023-07-10,32.08599853515625,94.70271301269531,15.069999694824219,14.021999931335449,-0.12703303289266452
2023-07-11,32.63480758666992,95.86058807373047,14.84000015258789,14.07249994277954,0.00291079732770107
2023-07-12,33.30122756958008,96.33097839355469,13.539999961853027,13.9989999294281,0.11956193523819275
2023-07-13,33.19341278076172,94.56700897216797,13.609999656677246,13.948999929428101,0.026472979549191575
2023-07-14,32.4878044128418,91.3104476928711,13.34000015258789,13.92199993133545,-0.21833157304877615
2023-07-17,33.683433532714844,91.7084732055664,13.479999542236328,13.870999908447265,-0.028653688474498035
2023-07-18,33.81083679199219,91.2923583984375,13.300000190734863,13.858999919891357,-0.028603891673668957
2023-07-19,33.771636962890625,91.92559814453125,13.760000228881836,13.852999925613403,-0.00640481468859186
2023-07-20,32.703407287597656,93.54481506347656,13.989999771118164,13.892499923706055,-0.08903684750863913
2023-07-21,33.340423583984375,93.9790267944336,13.600000381469727,13.926999950408936,0.021789216281381914
2023-07-24,32.95821762084961,95.45352172851562,13.90999984741211,13.950499963760375,0.03158438858386911
2023-07-25,33.41883087158203,95.5982666015625,13.859999656677246,13.930999946594238,0.10427947577263276
2023-07-26,33.67363739013672,95.06453704833984,13.1899995803833,13.903499937057495,0.1175043484750162
2023-07-27,33.859832763671875,95.36306762695312,14.40999984741211,13.952499914169312,0.15744400662756683
2023-07-28,36.09429931640625,94.22327423095703,13.329999923706055,13.941999912261963,0.4291004321226862
2023-07-31,35.05546951293945,97.00943756103516,13.630000114440918,13.943999910354615,0.4020136618792821
2023-08-01,35.084869384765625,96.4485855102539,13.930000305175781,13.961999940872193,0.3815862865818198
2023-08-02,33.703033447265625,95.24545288085938,16.09000015258789,14.057499933242799,0.12969253273894213
2023-08-03,34.17344665527344,96.90089416503906,15.920000076293945,14.08149995803833,0.2702253537120896
2023-08-04,34.56195068359375,97.1722640991211,17.100000381469727,14.194999980926514,0.3381041651164187
2023-08-07,34.65046691894531,96.97325897216797,15.770000457763672,14.230000019073486,0.342100522755315
2023-08-08,34.44392395019531,97.45271301269531,15.989999771118164,14.2875,0.33343929901832153
2023-08-09,33.716094970703125,99.10812377929688,15.960000038146973,14.408500003814698,0.3014180894882199
2023-08-10,34.10951614379883,99.61468505859375,15.850000381469727,14.520500040054321,0.38034653938216395
2023-08-11,34.316062927246094,101.16156768798828,14.84000015258789,14.595500040054322,0.47810790678086423
2023-08-14,35.09306716918945,101.24298095703125,14.819999694824219,14.662500047683716,0.5935800920403328
2023-08-15,34.198036193847656,98.64373016357422,16.459999084472656,14.820499992370605,0.3504002165875318
2023-08-16,32.978431701660156,96.98385620117188,16.780000686645508,14.971500015258789,0.1017853074743867
2023-08-17,32.04405975341797,98.86261749267578,17.889999389648438,15.166499996185303,0.04984180407686085
2023-08-18,32.21126174926758,100.35832214355469,17.299999237060547,15.351499938964844,0.1396869957768903
2023-08-21,32.594852447509766,99.14534759521484,17.1299991607666,15.512499904632568,0.14159048615731878
2023-08-22,32.34896469116211,98.58899688720703,16.969999313354492,15.667999887466431,0.08171828429604182
2023-08-23,33.4210319519043,97.72258758544922,15.979999542236328,15.807499885559082,0.19800448259397752
2023-08-24,32.05389404296875,96.99298095703125,17.200000762939453,15.94699993133545,-0.030951378452201698
2023-08-25,32.703041076660156,98.7258071899414,15.680000305175781,16.064499950408937,0.1387226567883153
2023-08-28,33.06695556640625,99.55574798583984,15.079999923706055,16.136999940872194,0.22762124916980989
2023-08-29,33.745601654052734,100.14855194091797,14.449999809265137,16.16299991607666,0.3514156279261141
2023-08-30,33.96198272705078,101.12439727783203,13.880000114440918,16.05249991416931,0.42548422827777793
2023-08-31,34.56195068359375,101.4071273803711,13.569999694824219,15.934999895095824,0.5243143867393412
2023-09-01,36.00776672363281,103.53213500976562,13.09000015258789,15.734499883651733,0.8259571442145129
2023-09-05,36.10612487792969,103.541259765625,14.010000228881836,15.646499872207642,0.8405224182358053
2023-09-06,36.37167739868164,104.43504333496094,14.449999809265137,15.56949987411499,0.9180636260935352
2023-09-07,37.551944732666016,103.92428588867188,14.399999618530273,15.491499853134155,1.0655694477124027
2023-09-08,37.38473892211914,105.4382553100586,13.84000015258789,15.390999841690064,1.108061408933557
2023-09-11,37.955196380615234,104.11582946777344,13.800000190734863,15.338999843597412,1.1320619611805083
2023-09-12,38.22075271606445,107.15283966064453,14.229999542236328,15.309499835968017,1.303843054581152
2023-09-13,38.07322311401367,106.19522094726562,13.479999542236328,15.160499858856202,1.2404908388662275
2023-09-14,38.033878326416016,108.09222412109375,12.819999694824219,14.962499809265136,1.318237698795107
2023-09-15,37.25687789916992,106.43234252929688,13.789999961853027,14.757499837875367,1.1333595869859299
2023-09-18,37.36506652832031,107.28964233398438,14.0,14.59249987602234,1.186635411539964
2023-09-19,35.74220657348633,107.00691986083984,14.109999656677246,14.44149990081787,0.9405041779358261
2023-09-20,34.11935043334961,106.15874481201172,15.140000343322754,14.349999952316285,0.6695101055375239
2023-09-21,34.08000946044922,104.66304779052734,17.540000915527344,14.428000020980836,0.5980778569676427
2023-09-22,33.617740631103516,104.82720184326172,17.200000762939453,14.428000020980836,0.5387268836715414
2023-09-25,33.725929260253906,106.00370788574219,16.899999618530273,14.48899998664856,0.6060384539711405
2023-09-26,33.27349853515625,106.1678695678711,18.940000534057617,14.682000017166137,0.5481045508895868
2023-09-27,34.04066848754883,109.62439727783203,18.219999313354492,14.870499992370606,0.8105669493191234
2023-09-28,34.601287841796875,108.95863342285156,17.34000015258789,15.043499994277955,0.8620247034915499
2023-09-29,34.96520233154297,107.23492431640625,17.520000457763672,15.241000032424926,0.8386373299085363
2023-10-02,34.87668228149414,105.45648956298828,17.610000610351562,15.467000055313111,0.747690858352508
2023-10-03,35.10289764404297,105.63890075683594,19.780000686645508,15.755500078201294,0.7882877297201051
2023-10-04,35.33895492553711,101.68984985351562,18.579999923706055,15.96200008392334,0.6486382937713767
2023-10-05,35.29960632324219,99.40070343017578,18.489999771118164,16.166500091552734,0.5423163611975781
2023-10-06,35.59467315673828,97.74083709716797,17.450000762939453,16.347000122070312,0.5118218073232562
2023-10-09,35.46681594848633,101.160888671875,17.700000762939453,16.542000150680543,0.6437920681886694
2023-10-10,35.83073043823242,100.73224639892578,17.030000686645508,16.682000207901,0.6773497872960189
2023-10-11,36.2733268737793,97.12065124511719,16.09000015258789,16.81250023841858,0.5822811825399355
2023-10-12,36.233985900878906,97.1024169921875,16.690000534057617,17.00600028038025,0.5758141173303493
2023-10-13,35.378292083740234,100.20328521728516,19.31999969482422,17.28250026702881,0.5889376358699608
2023-10-16,35.95859146118164,100.2762222290039,17.209999084472656,17.44300022125244,0.6757106586641866
2023-10-17,35.46681594848633,101.58954620361328,17.8799991607666,17.63150019645691,0.6626404721828985
2023-10-18,35.0537223815918,103.01228332519531,19.219999313354492,17.835500144958495,0.6657118485420465
2023-10-19,35.083229064941406,103.07613372802734,21.399999618530273,18.028500080108643,0.67276850581826
2023-10-20,34.3455696105957,101.30682373046875,21.709999084472656,18.253999996185303,0.488744033143461
2023-10-23,33.29317092895508,99.82022857666016,20.3700008392334,18.42750005722046,0.27182677554792456
2023-10-24,34.02099609375,98.8534927368164,18.969999313354492,18.428999996185304,0.3341290061790462
2023-10-25,32.289947509765625,99.03588104248047,20.190000534057617,18.527500057220458,0.09286936659742089
2023-10-26,31.985050201416016,98.13300323486328,20.68000030517578,18.694500064849855,0.009262437725227779
2023-10-27,34.95536804199219,96.26335906982422,21.270000457763672,18.882000064849855,0.3547929147233947
2023-10-30,35.10289764404297,96.5643310546875,19.75,18.989000034332275,0.3892718647094729
2023-10-31,35.899574279785156,96.53697204589844,18.139999389648438,18.90699996948242,0.5027941687385874
2023-11-01,36.67658233642578,96.34544372558594,16.8700008392334,18.82150001525879,0.6062654500466208
2023-11-02,37.079837799072266,99.51014709472656,15.65999984741211,18.680000019073486,0.8034906538079468
2023-11-03,37.51259994506836,98.29715728759766,14.90999984741211,18.55299997329712,0.8124744002937838
2023-11-06,37.448463439941406,96.55520629882812,14.890000343322754,18.412499952316285,0.72664349692661
2023-11-07,38.25762176513672,95.04126739501953,14.8100004196167,18.301499938964845,0.7765971543163787
2023-11-08,37.418853759765625,93.87386322021484,14.449999809265137,18.219499921798707,0.6044788254000094
2023-11-09,37.30044174194336,93.9012222290039,15.289999961853027,18.149499893188477,0.5886299171501093
2023-11-10,38.346431732177734,94.62173461914062,14.170000076293945,17.891999912261962,0.770939039052783
2023-11-13,37.72475814819336,95.6158218383789,14.760000228881836,17.76949996948242,0.7251258124403323
2023-11-14,38.88916778564453,95.98397064208984,14.15999984741211,17.5835000038147,0.9089942380189848
2023-11-15,40.073307037353516,95.40416717529297,14.180000305175781,17.33150005340576,1.0540216275251593
2023-11-16,42.7770881652832,94.29971313476562,14.319999694824219,16.97750005722046,1.3948155277224021
2023-11-17,43.23101806640625,96.60061645507812,13.800000190734863,16.58200011253357,1.5613561386642298
2023-11-20,44.14872741699219,96.17725372314453,13.40999984741211,16.234000062942506,1.6748951501414175
2023-11-21,43.063262939453125,96.14043426513672,13.350000381469727,15.953000116348267,1.5169640188146014
2023-11-22,43.09286117553711,95.72628021240234,12.850000381469727,15.586000108718872,1.5030156336368075
2023-11-24,43.3790283203125,96.24168395996094,12.460000038146973,15.175000095367432,1.566887793263139
2023-11-27,43.4974479675293,95.68025970458984,12.6899995803833,14.746000051498413,1.5592545372479212
2023-11-28,43.64546203613281,95.62503814697266,12.6899995803833,14.393000030517578,1.5781411465604454
2023-11-29,44.34607696533203,94.18927001953125,12.979999542236328,14.135000038146973,1.615901257936839
2023-11-30,44.1092529296875,94.55741882324219,12.920000076293945,13.9375,1.5979852360955926
2023-12-01,43.16194152832031,94.78751373291016,12.630000114440918,13.78600001335144,1.4716852497038875
2023-12-04,41.790306091308594,94.2721176147461,13.079999923706055,13.694500017166138,1.2515007249997012
2023-12-05,41.365989685058594,92.44060516357422,12.850000381469727,13.592500019073487,1.1098640814170952
2023-12-06,40.72458267211914,91.21652221679688,12.970000267028809,13.500500011444093,0.9636744834205634
2023-12-07,41.59295654296875,90.58148956298828,13.0600004196167,13.43100004196167,1.0608016558848596
2023-12-08,42.135684967041016,91.62146759033203,12.350000381469727,13.284000062942505,1.184685822278729
2023-12-11,43.95136642456055,91.68590545654297,12.630000114440918,13.207000064849854,1.4489861444038337
2023-12-12,43.457977294921875,90.24095153808594,12.069999694824219,13.072500038146973,1.3143999718960182
2023-12-13,43.9809684753418,91.04165649414062,12.1899995803833,12.974000024795533,1.4249208569980476
2023-12-14,44.582908630371094,93.48981475830078,12.479999542236328,12.88899998664856,1.619250576660081
2023-12-15,45.54995346069336,92.8639907836914,12.279999732971191,12.786999988555909,1.730991758782964
2023-12-18,45.0861701965332,93.55423736572266,12.5600004196167,12.725,1.6945553959007984
2023-12-19,46.0433464050293,94.78751373291016,12.529999732971191,12.680999994277954,1.8866215319266797
2023-12-20,45.155242919921875,93.20449829101562,13.670000076293945,12.696999979019164,1.6891239049394926
2023-12-21,46.457801818847656,93.62786865234375,13.649999618530273,12.736999940872192,1.8953146291417837
2023-12-22,47.365638732910156,93.79353332519531,13.029999732971191,12.765499925613403,2.0333319535020284
2023-12-26,49.83259963989258,94.00520324707031,12.989999771118164,12.780499935150146,2.3978935838537003
2023-12-27,50.08916091918945,93.5634536743164,12.430000305175781,12.767499971389771,2.4154155816668736
2023-12-28,49.72405242919922,92.21051788330078,12.470000267028809,12.742000007629395,2.303348552061538
2023-12-29,49.58590316772461,92.01725769042969,12.449999809265137,12.718499994277954,2.274956587629095
2024-01-02,47.16828155517578,94.20768737792969,13.199999809265137,12.746999979019165,2.0231222371507025
2024-01-03,46.42819595336914,94.99919128417969,14.039999961853027,12.794999980926514,1.9513493601332919
2024-01-04,46.250572204589844,94.17086791992188,14.130000114440918,12.858999967575073,1.889348658018094
2024-01-05,46.27030563354492,94.4561767578125,13.350000381469727,12.877999973297118,1.9047356183224649
2024-01-08,47.809696197509766,92.88236999511719,13.079999923706055,12.878999948501587,2.0572138248610936
2024-01-09,47.41497802734375,91.73193359375,12.760000228881836,12.899499940872193,1.9497869128042145
2024-01-10,46.84264373779297,90.82998657226562,12.6899995803833,12.902499914169312,1.8277086884783533
2024-01-11,47.010398864746094,90.81157684326172,12.4399995803833,12.920999908447266,1.8510567506158198
2024-01-12,46.49726486206055,91.98963165283203,12.699999809265137,12.946499919891357,1.8289629478926088
2024-01-16,46.43806076049805,89.90962982177734,13.84000015258789,13.014499950408936,1.7289779769550422
2024-01-17,45.45127868652344,89.25616455078125,14.789999961853027,13.139999961853027,1.558143196066239
2024-01-18,46.122291564941406,89.09051513671875,14.130000114440918,13.218499946594239,1.6474885730145215
2024-01-19,47.5136604309082,89.22855377197266,13.300000190734863,13.256999969482422,1.8539221061546671
2024-01-22,47.582733154296875,89.10891723632812,13.1899995803833,13.23299994468689,1.858608402226661
2024-01-23,48.24387741088867,90.11210632324219,12.550000190734863,13.17799997329712,1.9979273848003978
2024-01-24,48.44123077392578,91.6675033569336,13.140000343322754,13.183500003814697,2.094739240013336
2024-01-25,48.89515686035156,93.99601745605469,13.449999809265137,13.206500005722045,2.2624933689701674
2024-01-26,43.07312774658203,94.79670715332031,13.260000228881836,13.248000001907348,1.4592998760503761
2024-01-29,43.260616302490234,94.91636657714844,13.600000381469727,13.304500007629395,1.4915606553902347
2024-01-30,42.3527717590332,96.49938201904297,13.3100004196167,13.347500038146972,1.4304330526981317
2024-01-31,42.51066589355469,94.6218490600586,14.350000381469727,13.405000066757202,1.3706139943443167
2024-02-01,42.786964416503906,94.23530578613281,13.880000114440918,13.397000074386597,1.3934057147634737
2024-02-02,42.03700256347656,93.8487548828125,13.850000381469727,13.383000087738036,1.2684106263698864
2024-02-05,42.20475769042969,93.46219635009766,13.670000076293945,13.399000072479248,1.2755709001948585
2024-02-06,42.29877853393555,94.10645294189453,13.0600004196167,13.39800009727478,1.3174388196409321
2024-02-07,42.33836364746094,94.07884979248047,12.829999923706055,13.40150008201599,1.3219255361677944
2024-02-08,42.061256408691406,95.68946075439453,12.789999961853027,13.406500101089478,1.3528405619659407
2024-02-09,42.86289596557617,93.6646728515625,12.930000305175781,13.431000137329102,1.3792490537084678
2024-02-12,43.57545852661133,94.95318603515625,13.930000305175781,13.492500162124633,1.5385184433260943
2024-02-13,42.71444320678711,94.1357421875,15.850000381469727,13.593000173568726,1.3785844200862647
2024-02-14,43.73380661010742,93.67127227783203,14.380000114440918,13.57250018119812,1.5049545938875195
2024-02-15,43.595252990722656,96.35582733154297,14.010000228881836,13.566500186920166,1.6030441674192555
2024-02-16,43.060829162597656,96.35582733154297,14.239999771118164,13.613500165939332,1.5260845432560817
2024-02-20,44.060401916503906,95.44550323486328,15.420000076293945,13.725000190734864,1.630000213263015
2024-02-21,43.021240234375,97.39620971679688,15.34000015258789,13.864500188827515,1.566129965567692
2024-02-22,42.53630065917969,97.3125991821289,14.539999961853027,13.934500169754028,1.4926198938839155
2024-02-23,42.54619598388672,96.45800018310547,13.75,13.949500179290771,1.4564674881230053
2024-02-26,42.54619598388672,96.83885955810547,13.739999771118164,13.973500156402588,1.4732141701091557
2024-02-27,42.28887939453125,96.63450622558594,13.430000305175781,13.96500015258789,1.4271737583363222
2024-02-28,41.556522369384766,96.90388488769531,13.84000015258789,13.99150013923645,1.3335555820845029
2024-02-29,42.60557556152344,97.08966827392578,13.399999618530273,13.944000101089477,1.4927933710643333
2024-03-01,43.36762619018555,98.3158187866211,13.109999656677246,13.905500078201294,1.6564471475389668
2024-03-04,45.1391487121582,96.9410400390625,13.489999771118164,13.887500047683716,1.8511048984119187
2024-03-05,42.71444320678711,98.13005065917969,14.460000038146973,13.927000045776367,1.5542172602383681
2024-03-06,44.05050277709961,99.17971801757812,14.5,13.999000024795532,1.7927710081667059
2024-03-07,45.67357635498047,99.737060546875,14.4399995803833,14.079500007629395,2.051008261298715
2024-03-08,43.54576873779297,100.67526245117188,14.739999771118164,14.17699999809265,1.7858471058322172
2024-03-11,44.39689254760742,101.26976013183594,15.220000267028809,14.291499996185303,1.9345535878338185
2024-03-12,44.77296829223633,100.61952209472656,13.84000015258789,14.286999988555909,1.960118849102343
2024-03-13,42.78371810913086,101.7435073852539,13.75,14.181999969482423,1.7230796759196205
2024-03-14,42.30867385864258,103.54559326171875,14.399999618530273,14.18299994468689,1.7339101121179126
2024-03-15,42.199806213378906,103.35980224609375,14.40999984741211,14.202999925613403,1.7100632680022634
2024-03-18,42.26908493041992,104.31659698486328,14.329999923706055,14.207499933242797,1.7621107458164023
2024-03-19,41.61589813232422,105.05043029785156,13.819999694824219,14.127499914169311,1.7003158974524952
2024-03-20,41.76435470581055,104.95753479003906,13.039999961853027,14.012499904632568,1.7176096768176567
2024-03-21,41.98208236694336,105.42198944091797,12.920000076293945,13.931499910354614,1.769385947465213
2024-03-22,42.13053512573242,105.42198944091797,13.0600004196167,13.896999931335449,1.7907638649927233
2024-03-25,41.39817428588867,106.49951171875,13.1899995803833,13.869499921798706,1.7326798407157438
2024-03-26,41.556522369384766,105.7006607055664,13.239999771118164,13.859999895095825,1.7203566346392514
2024-03-27,43.318145751953125,106.7967758178711,12.779999732971191,13.80699987411499,2.0222359800281007
2024-03-28,43.714012145996094,107.97650146484375,13.010000228881836,13.787499904632568,2.131116112730437
2024-04-01,44.060401916503906,108.67318725585938,13.649999618530273,13.81449990272522,2.2116317346425305
2024-04-02,43.48638916015625,110.80038452148438,14.609999656677246,13.870499897003175,2.222505625651725
2024-04-03,39.913658142089844,110.81897735595703,14.329999923706055,13.863999891281129,1.708832566249087
2024-04-04,39.31985092163086,111.2091064453125,16.350000381469727,13.956499910354614,1.640475723986814
2024-04-05,38.31037902832031,112.74181365966797,16.030000686645508,14.035999965667724,1.5625011980738992
2024-04-08,37.58791732788086,111.98008728027344,15.1899995803833,14.058499956130982,1.4249695085341338
2024-04-09,37.93430709838867,112.5653076171875,14.979999542236328,14.046499919891357,1.5005839080139824
2024-04-10,36.81596755981445,113.51280212402344,15.800000190734863,14.144499921798706,1.3811996565346776
2024-04-11,37.24153137207031,113.13195037841797,14.90999984741211,14.202499914169312,1.4257365637307997
2024-04-12,35.321556091308594,111.81289672851562,17.309999465942383,14.347999906539917,1.091250996376776
2024-04-15,35.935157775878906,111.17194366455078,19.229999542236328,14.588999891281128,1.1514294128907732
2024-04-16,35.88566970825195,110.25232696533203,18.399999618530273,14.792499876022339,1.1038666318342973
2024-04-17,35.31166076660156,110.19658660888672,18.209999084472656,15.01199984550476,1.018755612578221
2024-04-18,34.67826843261719,110.09442138671875,18.0,15.259999847412109,0.9230517593727365
2024-04-19,33.84694290161133,111.35773468017578,18.709999084472656,15.549499797821046,0.8588857144068596
2024-04-22,34.054771423339844,111.98938751220703,16.940000534057617,15.743499803543092,0.9165882945999979
2024-04-23,33.92611312866211,112.42597198486328,15.6899995803833,15.868499803543092,0.9172578336750186
2024-04-24,34.14384078979492,112.44454193115234,15.970000267028809,16.004999828338622,0.9494282081824167
2024-04-25,34.74754333496094,112.70464324951172,15.369999885559082,16.13449983596802,1.0478011603414343
2024-04-26,31.55088996887207,109.57421112060547,15.029999732971191,16.235499811172485,0.44982003850166036
2024-04-29,31.036256790161133,111.1347885131836,14.670000076293945,16.28649983406067,0.44433016168878753
2024-04-30,30.155445098876953,109.8621826171875,15.649999618530273,16.33849983215332,0.2615315367735947
2024-05-01,30.05647850036621,107.78142547607422,15.390000343322754,16.391499853134157,0.15578736178728028
2024-05-02,30.195032119750977,107.97650146484375,14.680000305175781,16.307999849319458,0.18431739767402483
2024-05-03,30.58100700378418,107.75355529785156,13.489999771118164,16.18099980354309,0.23009653783932846
2024-05-06,30.774776458740234,108.45023345947266,13.489999771118164,16.095999813079835,0.2886337583595735
2024-05-07,30.486604690551758,107.91146850585938,13.229999542236328,16.008499813079833,0.22344571289436174
2024-05-08,29.81089210510254,107.89289093017578,13.0,15.868499803543092,0.1253229517674849
2024-05-09,29.90032386779785,110.02010345458984,12.6899995803833,15.75749979019165,0.23173674335436306
2024-05-10,29.66183853149414,109.57421112060547,12.550000190734863,15.519499826431275,0.1777874662348697
2024-05-13,30.317676544189453,109.52777862548828,13.600000381469727,15.237999868392944,0.2701896492446728
2024-05-14,30.854272842407227,110.19265747070312,13.420000076293945,14.988999891281129,0.376697357923771
2024-05-15,31.072887420654297,111.04483032226562,12.449999809265137,14.700999927520751,0.44564961880778986
2024-05-16,31.828094482421875,110.37995147705078,12.420000076293945,14.42199993133545,0.5251678615275975
2024-05-17,31.629356384277344,112.0374755859375,11.989999771118164,14.085999965667725,0.5694312312490648
2024-05-20,31.897653579711914,111.12911224365234,12.149999618530273,13.846499919891357,0.5681258887301143
2024-05-21,31.5399227142334,110.36122131347656,11.859999656677246,13.654999923706054,0.48284614894579736
2024-05-22,31.221940994262695,108.141845703125,12.289999961853027,13.470999908447265,0.33946757229484786
2024-05-23,29.8903865814209,106.2969970703125,12.770000457763672,13.340999937057495,0.06659785178722544
2024-05-24,30.526351928710938,106.21273040771484,11.930000305175781,13.185999965667724,0.15447467688496605
2024-05-28,30.86421012878418,107.56121826171875,12.920000076293945,13.098499965667724,0.2624219532907802
2024-05-29,29.94007110595703,106.40937805175781,14.279999732971191,13.02999997138977,0.07869414325872645
2024-05-30,29.99969482421875,106.74649810791016,14.470000267028809,12.983999967575073,0.10210367819708802
2024-05-31,30.655534744262695,109.80870819091797,12.920000076293945,12.895999956130982,0.3311955600600207
2024-06-03,30.099063873291016,107.1772689819336,13.109999656677246,12.876999950408935,0.13535463267434497
2024-06-04,29.8407039642334,105.51036834716797,13.15999984741211,12.860499954223632,0.024854639059182445
2024-06-05,30.585975646972656,105.93179321289062,12.630000114440918,12.830499982833862,0.15070775533899178
2024-06-06,30.22824478149414,106.72777557373047,12.579999923706055,12.809499979019165,0.134192736578735
2024-06-07,30.546226501464844,105.58529663085938,12.220000267028809,12.78600001335144,0.12974796219228416
2024-06-10,30.71515464782715,105.89433288574219,12.739999771118164,12.795499992370605,0.16766299858522002
2024-06-11,30.7250919342041,105.04216003417969,12.850000381469727,12.757999992370605,0.13162331509313474
2024-06-12,30.56610107421875,103.88095092773438,12.039999961853027,12.68899998664856,0.05766859520811462
2024-06-13,30.26799201965332,103.0475082397461,11.9399995803833,12.663499975204468,-0.02190767614317817
2024-06-14,30.258056640625,102.17659759521484,12.65999984741211,12.675499963760377,-0.06163303515527275
2024-06-17,30.784713745117188,101.47425842285156,12.75,12.713499975204467,-0.016674254786383673
2024-06-18,30.436920166015625,102.42945098876953,12.300000190734863,12.721000003814698,-0.024757659947138324
2024-06-20,30.426984786987305,104.63947296142578,13.279999732971191,12.792000007629394,0.07098797676142288
2024-06-21,30.894020080566406,103.72175598144531,13.199999809265137,12.8375,0.09789059791014838
2024-06-24,30.37729835510254,106.80268096923828,13.329999923706055,12.86549997329712,0.15895082266735802
2024-06-25,30.546226501464844,107.10235595703125,12.84000015258789,12.910999965667724,0.19645423688887972
2024-06-26,30.347488403320312,107.13982391357422,12.550000190734863,12.892499971389771,0.16948248161701623
2024-06-27,30.397172927856445,107.59867095947266,12.239999771118164,12.79049997329712,0.19681315454595064
2024-06-28,30.774776458740234,107.8046875,12.4399995803833,12.688999938964844,0.2602486020515978
2024-07-01,30.645597457885742,107.65486145019531,12.220000267028809,12.653999948501587,0.23505823161394293
2024-07-02,30.874147415161133,106.92443084716797,12.029999732971191,12.599999952316285,0.23585293444514957
2024-07-03,31.033138275146484,107.46758270263672,12.09000015258789,12.546499967575073,0.28263119784583485
2024-07-05,31.818159103393555,106.16590881347656,12.479999542236328,12.538999938964844,0.3384423958209289
2024-07-08,33.77574157714844,105.05152130126953,12.369999885559082,12.528499937057495,0.5713432869656082
2024-07-09,34.3719596862793,103.89031219482422,12.510000228881836,12.542999935150146,0.6061423227500441
2024-07-10,34.65019226074219,104.80803680419922,12.850000381469727,12.548499965667725,0.6865622259543268
2024-07-11,33.2888298034668,106.05352783203125,12.920000076293945,12.551999950408936,0.5452846331402663
2024-07-12,34.27259063720703,106.07225036621094,12.460000038146973,12.572999954223633,0.6877742105444843
2024-07-15,34.242774963378906,107.88896942138672,13.119999885559082,12.631999969482422,0.763363154150746
2024-07-16,34.12353515625,108.66622161865234,13.1899995803833,12.658499956130981,0.7803684250885862
2024-07-17,34.242774963378906,110.16455841064453,14.479999542236328,12.744999933242799,0.8634225661956403
2024-07-18,34.65019226074219,111.2508544921875,15.930000305175781,12.926499938964843,0.969857914593955
2024-07-19,32.7721061706543,108.69432067871094,16.520000457763672,13.088499975204467,0.5869916317656964
2024-07-22,33.15964889526367,107.94515228271484,14.90999984741211,13.173999977111816,0.6098581492091947
2024-07-23,32.7422981262207,106.203369140625,14.720000267028809,13.243499994277954,0.47317005846466004
2024-07-24,31.50017547607422,107.70169067382812,18.040000915527344,13.503500032424927,0.36018072973599685
2024-07-25,30.90395736694336,109.9678955078125,18.459999084472656,13.798999977111816,0.3739692127572921
2024-07-26,31.152381896972656,109.87425994873047,16.389999389648438,14.00649995803833,0.405626322260299
2024-07-29,30.63566017150879,108.72241973876953,16.600000381469727,14.214499998092652,0.28056857975248184
2024-07-30,29.94007110595703,110.66088104248047,17.690000534057617,14.488000011444091,0.2656360258073671
2024-07-31,30.546226501464844,111.0541763305664,16.360000610351562,14.70450005531311,0.3702188424259837
2024-08-01,28.866878509521484,109.5184097290039,18.59000015258789,15.029500055313111,0.06085573564059725
2024-08-02,21.3445987701416,109.45285034179688,23.389999389648438,15.575000047683716,-1.0252717404471108
2024-08-05,19.983234405517578,107.4769287109375,38.56999969482422,16.885000038146973,-1.3081976199836398
2024-08-06,19.704999923706055,106.90570068359375,27.709999084472656,17.644999980926514,-1.3733820745163774
2024-08-07,18.989999771118164,108.32911682128906,27.850000381469727,18.394999980926514,-1.4137568544200652
2024-08-08,20.489999771118164,110.39867401123047,23.790000915527344,18.938500022888185,-1.1067495426328284
2024-08-09,19.709999084472656,111.29767608642578,20.3700008392334,19.334000062942504,-1.1795436076984966
2024-08-12,19.360000610351562,111.43814849853516,20.709999084472656,19.713500022888184,-1.2237684052277156
2024-08-13,20.469999313354492,110.37059020996094,18.1200008392334,19.96000008583069,-1.1108645721030987
2024-08-14,19.920000076293945,111.39132690429688,16.190000534057617,20.045500135421754,-1.1451845469290238
2024-08-15,20.690000534057617,112.0804443359375,15.229999542236328,20.01050009727478,-1.0039997174104192
2024-08-16,20.8700008392334,111.55178833007812,14.800000190734863,19.92450008392334,-1.001324214567862
2024-08-19,21.520000457763672,111.89163970947266,14.649999618530273,19.91150007247925,-0.8927775872093859
2024-08-20,20.989999771118164,108.16285705566406,15.880000114440918,19.969500064849854,-1.1330577216264717
2024-08-21,21.40999984741211,107.47373962402344,16.270000457763672,19.88100004196167,-1.1028767006058873
2024-08-22,20.100000381469727,108.30445861816406,17.549999237060547,19.835500049591065,-1.254995621345602
2024-08-23,20.540000915527344,109.80540466308594,15.859999656677246,19.809000062942506,-1.1256356484223495
2024-08-26,20.1299991607666,112.15594482421875,16.149999618530273,19.786500024795533,-1.081322817171721
2024-08-27,20.06999969482422,111.08924865722656,15.430000305175781,19.67350001335144,-1.1368664888084743
2024-08-28,19.610000610351562,109.99420928955078,17.110000610351562,19.71100001335144,-1.2512583187360595
2024-08-29,20.1299991607666,111.5140380859375,15.649999618530273,19.56399998664856,-1.1095479541025453
2024-08-30,22.040000915527344,111.33468627929688,15.0,19.144500017166138,-0.8423846724694325
2024-09-03,20.100000381469727,109.00301361083984,20.719999313354492,18.25199999809265,-1.2242796167515733
2024-09-04,19.43000030517578,107.6719741821289,21.31999969482422,17.932500028610228,-1.3792897140291112
2024-09-05,19.399999618530273,106.83181762695312,19.899999618530273,17.534999990463255,-1.42055229353921
2024-09-06,18.889999389648438,106.33150482177734,22.3799991607666,17.46449990272522,-1.5159939428323344
2024-09-09,19.06999969482422,108.56878662109375,19.450000762939453,17.41849989891052,-1.3916980103581085
2024-09-10,18.979999542236328,104.61344146728516,19.079999923706055,17.336999940872193,-1.5785780618511398
2024-09-11,19.639999389648438,103.5750503540039,17.690000534057617,17.315499925613402,-1.5291937439224241
2024-09-12,19.360000610351562,105.00048828125,17.06999969482422,17.359499883651733,-1.5068373158821147
2024-09-13,19.65999984741211,104.92496490478516,16.559999465942383,17.425999879837036,-1.4669567916254223
2024-09-16,20.90999984741211,106.39759063720703,17.139999389648438,17.542999839782716,-1.222198231754065
2024-09-17,21.469999313354492,107.7852554321289,17.610000610351562,17.690999889373778,-1.0805388948151897
2024-09-18,20.770000457763672,108.16285705566406,18.229999542236328,17.80849986076355,-1.1647386901403942
2024-09-19,21.139999389648438,109.50332641601562,16.329999923706055,17.81149983406067,-1.052515571795941
2024-09-20,21.84000015258789,108.814208984375,16.149999618530273,17.741499853134155,-0.9820130933933537
2024-09-23,22.559999465942383,110.78715515136719,15.890000343322754,17.742999887466432,-0.7915777264623831
2024-09-24,22.809999465942383,110.49452209472656,15.390000343322754,17.704999923706055,-0.7684438158834258
2024-09-25,23.540000915527344,108.34220886230469,15.40999984741211,17.70399990081787,-0.7579589467733969
2024-09-26,23.920000076293945,106.4825439453125,15.369999885559082,17.616999864578247,-0.7850081320816746
2024-09-27,23.90999984741211,109.33340454101562,16.959999084472656,17.682499837875366,-0.6610936629907617
2024-09-30,23.459999084472656,110.6550064086914,16.729999542236328,17.768999814987183,-0.6677840974491162
2024-10-01,22.690000534057617,113.21322631835938,19.260000228881836,17.69599986076355,-0.6661807118520462
2024-10-02,22.389999389648438,114.71417999267578,18.899999618530273,17.574999856948853,-0.6433842354917326
2024-10-03,22.260000228881836,115.71481323242188,20.489999771118164,17.604499864578248,-0.6181061260622276
2024-10-04,22.59000015258789,117.83880615234375,19.209999084472656,17.44599986076355,-0.4771909206087316
2024-10-07,22.3799991607666,118.34855651855469,22.639999389648438,17.605499792099,-0.4850179635175744
2024-10-08,23.31999969482422,115.20506286621094,21.420000076293945,17.722499799728393,-0.48787517886427767
2024-10-09,23.459999084472656,115.25225830078125,20.860000610351562,17.88099980354309,-0.46563936765992375
2024-10-10,23.219999313354492,116.24345397949219,20.93000030517578,18.07399983406067,-0.45661685669644625
2024-10-11,23.559999465942383,116.68712615966797,20.459999084472656,18.268999814987183,-0.3881465753874464
2024-10-14,23.440000534057617,117.13079833984375,19.700000762939453,18.396999883651734,-0.38591839406231826
2024-10-15,22.65999984741211,113.60970306396484,20.639999389648438,18.548499822616577,-0.6530675664067943
2024-10-16,22.309999465942383,113.90234375,19.579999923706055,18.615999841690062,-0.6906016816280354
2024-10-17,22.440000534057617,113.60970306396484,19.110000610351562,18.75499987602234,-0.6847485349207169
2024-10-18,22.770000457763672,113.28875732421875,18.030000686645508,18.8489999294281,-0.6513391778111238
2024-10-21,22.84000015258789,113.35482788085938,18.3700008392334,18.97299995422363,-0.6383537085347298
2024-10-22,22.399999618530273,113.94010162353516,18.200000762939453,19.11349997520447,-0.6759809800216277
2024-10-23,21.979999542236328,113.53418731689453,19.239999771118164,19.30499997138977,-0.7543113955155337
2024-10-24,22.34000015258789,112.89226531982422,19.079999923706055,19.49049997329712,-0.7306953688484901
2024-10-25,22.68000030517578,112.79785919189453,20.329999923706055,19.65900001525879,-0.6858848079008123
2024-10-28,22.920000076293945,112.24090576171875,19.799999237060547,19.8125,-0.6758133505428616
2024-10-29,22.899999618530273,110.7116470336914,19.34000015258789,19.816499996185303,-0.7459362053528527
2024-10-30,22.299999237060547,110.15469360351562,20.350000381469727,19.889000034332277,-0.8568288454734518
2024-10-31,21.520000457763672,110.2396469116211,23.15999984741211,20.022500038146973,-0.9654169912650967
2024-11-01,23.200000762939453,108.51213836669922,21.8799991607666,20.15600004196167,-0.7994486863071949
2024-11-04,22.520000457763672,111.96715545654297,21.979999542236328,20.123000049591063,-0.7454522494740474
2024-11-05,23.31999969482422,112.29755401611328,20.489999771118164,20.076500034332277,-0.6157205970964085
2024-11-06,25.049999237060547,114.22329711914062,16.270000457763672,19.84700002670288,-0.2819158522130481
2024-11-07,26.229999542236328,114.36490631103516,15.199999809265137,19.56050000190735,-0.10576341719944857
2024-11-08,26.200000762939453,114.3271484375,14.9399995803833,19.28450002670288,-0.11174362993777603
2024-11-11,25.049999237060547,113.72298431396484,14.970000267028809,19.048000001907347,-0.3039149941322339
2024-11-12,24.15999984741211,113.60970306396484,14.710000038146973,18.751500034332274,-0.43706028871901875
2024-11-13,24.920000076293945,114.66697692871094,14.020000457763672,18.473500061035157,-0.28112741689554055
2024-11-14,25.030000686645508,114.74311828613281,14.3100004196167,18.233500051498414,-0.26193880078919
2024-11-15,24.350000381469727,113.55342864990234,16.139999389648438,18.13899998664856,-0.4121737195856588
2024-11-18,24.84000015258789,114.50518035888672,15.579999923706055,17.99949994087219,-0.29976211466277286
2024-11-19,24.200000762939453,112.90623474121094,16.350000381469727,17.906999921798707,-0.462232010333668
2024-11-20,24.010000228881836,114.51468658447266,17.15999984741211,17.802999925613403,-0.41886813455444194
2024-11-21,24.440000534057617,116.0470199584961,16.8700008392334,17.692499971389772,-0.2895681179150709
2024-11-22,24.5,115.91378784179688,15.239999771118164,17.437999963760376,-0.2867862231760696
2024-11-25,24.8700008392334,114.18158721923828,14.600000381469727,17.178000020980836,-0.309670511449899
2024-11-26,24.049999237060547,112.27808380126953,14.100000381469727,16.916000032424925,-0.5114532416498264
2024-11-27,23.649999618530273,111.98303985595703,14.100000381469727,16.603500032424925,-0.582028438446064
2024-11-29,24.049999237060547,112.26856231689453,13.510000228881836,16.121000051498413,-0.5118719086994804
2024-12-02,23.93000030517578,112.16387939453125,13.34000015258789,15.694000101089477,-0.5337553263541708
2024-12-03,22.469999313354492,111.99256134033203,13.300000190734863,15.260000133514405,-0.7515355404575865
2024-12-04,21.959999084472656,108.76612091064453,13.449999809265137,14.908000135421753,-0.9668471348750939
2024-12-05,20.799999237060547,109.24198913574219,13.539999961853027,14.77150011062622,-1.11296844619815
2024-12-06,20.920000076293945,108.09037780761719,12.770000457763672,14.650000143051148,-1.146324986032441
2024-12-09,20.809999465942383,107.45270538330078,14.1899995803833,14.612500143051147,-1.1902045584862
2024-12-10,20.15999984741211,107.23380279541016,14.180000305175781,14.573000144958495,-1.2934329737147394
2024-12-11,20.1200008392334,106.51998901367188,13.579999923706055,14.51650013923645,-1.3305799703380654
2024-12-12,20.780000686645508,106.42481231689453,13.920000076293945,14.511500120162964,-1.2397217832734166
2024-12-13,20.34000015258789,105.4920883178711,13.8100004196167,14.486500120162964,-1.3440965923151695
2024-12-16,20.829999923706055,103.23645782470703,14.6899995803833,14.414000129699707,-1.372716069395761
2024-12-17,20.440000534057617,102.79863739013672,15.869999885559082,14.428500127792358,-1.448129177636437
2024-12-18,19.299999237060547,101.28536224365234,27.6200008392334,14.992000150680543,-1.678834776835007
2024-12-19,19.059999465942383,100.41927337646484,24.09000015258789,15.338500165939331,-1.7514785072446157
2024-12-20,19.520000457763672,100.76190185546875,18.360000610351562,15.41300015449524,-1.6701704927432055
2024-12-23,20.200000762939453,101.17115020751953,16.780000686645508,15.490000200271606,-1.554252182261867
2024-12-24,20.399999618530273,101.26632690429688,14.270000457763672,15.473500204086303,-1.5212663835593954
2024-12-26,20.440000534057617,101.35198211669922,14.729999542236328,15.505000162124634,-1.51173973155242
2024-12-27,20.299999237060547,101.34246063232422,15.949999809265137,15.597500133514405,-1.532319264626803
2024-12-30,19.81999969482422,100.6572036743164,17.399999618530273,15.792000102996827,-1.631572807266863
2024-12-31,20.049999237060547,102.37987518310547,17.350000381469727,15.992500114440919,-1.5227045555044787
2025-01-02,20.219999313354492,102.13241577148438,17.93000030517578,16.224000120162962,-1.5091047018890622
2025-01-03,20.559999465942383,102.65587615966797,16.1299991607666,16.358000087738038,-1.4371260712168583
2025-01-06,19.8700008392334,102.54166412353516,16.040000915527344,16.483000135421754,-1.541511212966157
2025-01-07,20.010000228881836,103.5029296875,17.81999969482422,16.73550009727478,-1.47908302952465
2025-01-08,19.8799991607666,101.770751953125,17.700000762939453,16.911000156402586,-1.5739690119506833
2025-01-10,19.149999618530273,101.39956665039062,19.540000915527344,17.179000186920167,-1.6954137933671938
2025-01-13,19.200000762939453,104.01688385009766,19.190000534057617,17.459500217437743,-1.573127919588451
2025-01-14,19.200000762939453,104.42613983154297,18.709999084472656,17.69900016784668,-1.5551326168019712
2025-01-15,19.719999313354492,106.12976837158203,16.1200008392334,17.814500188827516,-1.4053404349463359
2025-01-16,19.670000076293945,105.94893646240234,16.600000381469727,17.910000228881835,-1.4204918869084433
2025-01-17,21.489999771118164,106.90068817138672,15.970000267028809,17.915000247955323,-1.1165538400890958
2025-01-21,21.770000457763672,106.09170532226562,15.0600004196167,17.287000226974488,-1.111803985760006
2025-01-22,21.860000610351562,104.24530029296875,15.100000381469727,16.837500238418578,-1.1800313877189363
2025-01-23,21.56999969482422,104.83538818359375,15.020000457763672,16.670500230789184,-1.1958463045529748
2025-01-24,20.829999923706055,103.41728210449219,14.850000381469727,16.574000215530397,-1.3647650856266549
2025-01-27,20.290000915527344,104.85443115234375,17.899999618530273,16.755500173568727,-1.3793350049600628
2025-01-28,19.799999237060547,102.82718658447266,16.40999984741211,16.839500188827515,-1.5390371393489157
2025-01-29,19.75,103.42679595947266,16.559999465942383,16.870000171661378,-1.5198719829958938
2025-01-30,20.010000228881836,104.28337097167969,15.84000015258789,16.792000198364256,-1.4447664212095206
2025-01-31,19.43000030517578,101.67557525634766,16.43000030517578,16.74600019454956,-1.6429560236011176
2025-02-03,19.3799991607666,101.92302703857422,18.6200008392334,16.780500221252442,-1.6392757842856798
2025-02-04,19.290000915527344,104.6545639038086,17.209999084472656,16.834500217437743,-1.532128174620326
2025-02-05,19.649999618530273,104.57841491699219,15.770000457763672,16.821000194549562,-1.4836349447351842
2025-02-06,19.3799991607666,103.19837951660156,15.5,16.70500020980835,-1.5831975470891488
2025-02-07,19.100000381469727,103.63618469238281,16.540000915527344,16.647000217437743,-1.6042680968090381
2025-02-10,19.770000457763672,105.6158218383789,15.8100004196167,16.46050019264221,-1.4207386550665861
2025-02-11,20.969999313354492,106.28205108642578,16.020000457763672,16.302000188827513,-1.2186383811752017
2025-02-12,22.479999542236328,103.08438110351562,15.890000343322754,16.16100025177002,-1.1417950502034273
2025-02-13,24.1299991607666,103.83338165283203,15.100000381469727,16.110000228881837,-0.8712529648521136
2025-02-14,23.600000381469727,103.93899536132812,14.770000457763672,16.018500232696532,-0.9429314438733096
2025-02-18,27.389999389648438,105.76351165771484,15.350000381469727,15.98750023841858,-0.3169278023713364
2025-02-19,25.719999313354492,105.91715240478516,15.270000457763672,15.998000240325927,-0.5506602130892646
2025-02-20,26.09000015258789,107.54960632324219,15.65999984741211,16.026000213623046,-0.4255980326916977
2025-02-21,24.8700008392334,106.29166412353516,18.209999084472656,16.185500144958496,-0.6565965467586575
2025-02-24,24.270000457763672,106.8486099243164,18.979999542236328,16.392000102996825,-0.7185101741256534
2025-02-25,22.989999771118164,105.36981201171875,19.43000030517578,16.4685001373291,-0.9678603739784629
2025-02-26,23.520000457763672,105.11054229736328,19.100000381469727,16.603000164031982,-0.9029379939917532
2025-02-27,23.09000015258789,105.77310943603516,21.1299991607666,16.831500148773195,-0.9357265334557325
2025-02-28,23.729999542236328,106.90621948242188,19.6299991607666,17.021000099182128,-0.793739789000991
2025-03-03,22.739999771118164,103.47808837890625,22.780000686645508,17.338500118255617,-1.0870421416505822
2025-03-04,21.329999923706055,103.26683044433594,23.510000228881836,17.583000087738036,-1.2993781358678866
2025-03-05,20.809999465942383,101.2502670288086,21.93000030517578,17.819000148773192,-1.4629305814740323
2025-03-06,20.75,103.34364318847656,24.8700008392334,18.27400016784668,-1.3795234230102749
2025-03-07,20.639999389648438,104.68801879882812,23.3700008392334,18.66750020980835,-1.3362508067648362
2025-03-10,19.93000030517578,107.35755157470703,27.860000610351562,19.23350019454956,-1.3211126939427458
2025-03-11,19.780000686645508,104.82245635986328,26.920000076293945,19.78900017738342,-1.4541834687483441
2025-03-12,20.68000030517578,104.79364776611328,24.229999542236328,20.199500131607056,-1.3258458932706871
2025-03-13,23.700000762939453,104.35192108154297,24.65999984741211,20.638000106811525,-0.9103742397154339
2025-03-14,24.049999237060547,107.45358276367188,21.770000457763672,20.97150011062622,-0.7235902925455792
2025-03-17,25.690000534057617,109.23966979980469,20.510000228881836,21.25850009918213,-0.4088865171614052
2025-03-18,25.920000076293945,109.12443542480469,21.700000762939453,21.576000118255614,-0.38083241197553513
2025-03-19,24.1200008392334,110.82410430908203,19.899999618530273,21.807500076293945,-0.5653052767963724
2025-03-20,23.959999084472656,111.29463195800781,19.799999237060547,22.014500045776366,-0.5676568402696804
2025-03-21,24.260000228881836,110.91053771972656,19.280000686645508,22.06800012588501,-0.5413441413641571
2025-03-24,24.219999313354492,111.1986083984375,17.479999542236328,21.99300012588501,-0.5344377762018307
2025-03-25,24.200000762939453,111.95720672607422,17.149999618530273,21.879000091552733,-0.5039615079085717
2025-03-26,23.420000076293945,113.5704574584961,18.329999923706055,21.84050006866455,-0.5453495057831452
2025-03-27,23.6200008392334,113.20556640625,18.690000534057617,21.7185001373291,-0.5325929680127528
2025-03-28,22.709999084472656,113.05191802978516,21.649999618530273,21.819500160217284,-0.6703936740689491
2025-03-31,22.709999084472656,114.20423889160156,22.280000686645508,21.794500160217286,-0.619725232419467
2025-04-01,22.049999237060547,114.30986785888672,21.770000457763672,21.707500171661376,-0.7101238250465951
2025-04-02,21.979999542236328,113.95455932617188,21.510000228881836,21.68650016784668,-0.735827312367399
2025-04-03,22.43000030517578,107.96250915527344,30.020000457763672,21.944000148773192,-0.9345001106424504
2025-04-04,19.850000381469727,100.1939697265625,45.310001373291016,23.041000175476075,-1.647621318645184
2025-04-07,19.56999969482422,98.849609375,46.97999954223633,23.99700012207031,-1.7470553429225308
2025-04-08,18.1299991607666,96.76583862304688,52.33000183105469,25.26750020980835,-2.0460474218500937
2025-04-09,21.530000686645508,101.59596252441406,33.619998931884766,25.73700017929077,-1.344046413448921
2025-04-10,19.8799991607666,95.95921325683594,40.720001220703125,26.540000247955323,-1.8295068739160323
2025-04-11,19.739999771118164,99.04165649414062,37.560001373291016,27.32950029373169,-1.7141300464149645
2025-04-14,20.309999465942383,99.28172302246094,30.889999389648438,27.84850025177002,-1.6214914134746927
2025-04-15,19.850000381469727,99.00324249267578,30.1200008392334,28.269500255584717,-1.6999785182497607
2025-04-16,19.229999542236328,100.04994201660156,32.63999938964844,28.906500244140624,-1.7432374576766096
2025-04-17,18.93000030517578,102.67146301269531,29.649999618530273,29.399000263214113,-1.6711684927723207
2025-04-21,18.84000015258789,101.16384887695312,33.81999969482422,30.126000213623048,-1.75041991375785
2025-04-22,19.510000228881836,103.99663543701172,30.56999969482422,30.780500221252442,-1.5293768308611642
2025-04-23,20.59000015258789,103.10357666015625,28.450000762939453,31.3455002784729,-1.4131200886892832
2025-04-24,21.489999771118164,104.31350708007812,26.469999313354492,31.75250024795532,-1.230314198427987
2025-04-25,20.049999237060547,104.25588989257812,24.84000015258789,32.06000022888183,-1.4402147343181715
2025-04-28,20.510000228881836,104.31350708007812,25.149999618530273,32.23500022888184,-1.3714388872638108
2025-04-29,20.34000015258789,104.05424499511719,24.170000076293945,32.32950019836426,-1.4073196779279864
2025-04-30,20.100000381469727,101.4327163696289,24.700000762939453,32.476000213623045,-1.5571514554431896
2025-05-01,19.979999542236328,101.5767593383789,24.600000381469727,32.63050022125244,-1.5680984775043112
2025-05-02,20.6200008392334,101.98966217041016,22.68000030517578,32.26350021362305,-1.457779527949632
2025-05-05,20.270000457763672,99.16648864746094,23.639999389648438,31.18000011444092,-1.6323184095253558
2025-05-06,19.940000534057617,100.54927062988281,24.760000228881836,30.069000148773192,-1.6190380038387453
2025-05-07,20.309999465942383,100.45325469970703,23.549999237060547,28.630000019073485,-1.5699782573772711
2025-05-08,21.0,101.85523223876953,22.479999542236328,28.073000049591066,-1.4089687934356305
2025-05-09,21.420000076293945,103.04596710205078,21.899999618530273,27.131999969482422,-1.2961292096213868
2025-05-12,22.18000030517578,104.82245635986328,18.389999389648438,26.173499870300294,-1.1085718793813948
2025-05-13,22.559999465942383,105.11054229736328,18.219999313354492,25.539999866485594,-1.0411827945390073
2025-05-14,21.520000457763672,104.16947174072266,18.6200008392334,24.964999866485595,-1.2323272995311358
2025-05-15,21.549999237060547,105.22579956054688,17.829999923706055,24.224499893188476,-1.1815597765916281
2025-05-16,21.65999984741211,104.84784698486328,17.239999771118164,23.603999900817872,-1.1823380227676035
2025-05-19,21.3799991607666,103.18099212646484,18.139999389648438,22.81999988555908,-1.295952380529616
2025-05-20,21.270000457763672,101.70793151855469,18.09000015258789,22.195999908447266,-1.3765643443967568
2025-05-21,20.690000534057617,100.45779418945312,20.8700008392334,21.816999912261963,-1.5150566549991438
2025-05-22,20.549999237060547,99.78910827636719,20.280000686645508,21.507499980926514,-1.5646201590318491
2025-05-23,20.049999237060547,99.84724426269531,22.290000915527344,21.380000019073485,-1.6340663005380613
2025-05-27,20.549999237060547,100.32210540771484,18.959999084472656,21.070499992370607,-1.5411838619518314
2025-05-28,20.3700008392334,98.95567321777344,19.309999465942383,20.82749996185303,-1.6271875872941157
2025-05-29,20.25,99.51776123046875,19.18000030517578,20.551499938964845,-1.6197528446767688
2025-05-30,19.549999237060547,99.13980865478516,18.56999969482422,20.249999904632567,-1.737175218564711
2025-06-02,19.739999771118164,99.86663055419922,18.360000610351562,20.033999919891357,-1.6778552974196832
2025-06-03,20.290000915527344,100.59346771240234,17.690000534057617,19.736499977111816,-1.5666928707952184
2025-06-04,20.25,99.13980865478516,17.610000610351562,19.378999996185303,-1.636371712443433
2025-06-05,19.989999771118164,98.68431854248047,18.479999542236328,19.125500011444093,-1.6938412602335342
2025-06-06,20.059999465942383,101.04894256591797,16.770000457763672,18.840000057220458,-1.5797866130312717
2025-06-09,20.479999542236328,101.72732543945312,17.15999984741211,18.60300006866455,-1.4894755434153437
2025-06-10,22.079999923706055,103.90782165527344,16.950000762939453,18.5310001373291,-1.1631896165402578
2025-06-11,20.68000030517578,105.9332504272461,17.260000228881836,18.483000183105467,-1.2757366807652528
2025-06-12,20.770000457763672,106.34027862548828,18.020000457763672,18.453000164031984,-1.2448788766986765
2025-06-13,20.139999389648438,108.65644073486328,20.81999969482422,18.60250015258789,-1.233758643549903
2025-06-16,20.739999771118164,109.00532531738281,19.110000610351562,18.696000194549562,-1.1320149519694938
2025-06-17,20.799999237060547,110.4783706665039,21.600000381469727,18.869000244140626,-1.058603791765747
2025-06-18,21.489999771118164,109.69338989257812,20.139999389648438,18.971500205993653,-0.9937565803210596
2025-06-20,21.079999923706055,111.15673828125,20.6200008392334,18.959000205993654,-0.9884539844478752
2025-06-23,21.190000534057617,108.28817749023438,19.829999923706055,18.93650016784668,-1.0987462047363654
2025-06-24,22.549999237060547,104.99320983886719,17.479999542236328,18.69600009918213,-1.0477820751809832
2025-06-25,22.200000762939453,105.02228546142578,16.760000228881836,18.586000156402587,-1.0969050759089167
2025-06-26,22.5,106.59223937988281,16.59000015258789,18.450000190734862,-0.9846716393115803
2025-06-27,22.690000534057617,106.00108337402344,16.31999969482422,18.307000160217285,-0.9833042284451475
2025-06-30,22.399999618530273,104.46990203857422,16.729999542236328,18.21500015258789,-1.0923929976980014
2025-07-01,22.850000381469727,105.86540985107422,16.829999923706055,18.138500118255614,-0.9662291441190223
2025-07-02,21.8799991607666,107.6195068359375,16.639999389648438,18.086000061035158,-1.0287850218277486
2025-07-03,22.489999771118164,108.73397064208984,16.3799991607666,18.02449998855591,-0.8919381367784947
2025-07-07,22.0,107.67764282226562,17.790000915527344,17.99000005722046,-1.0089480343693324
2025-07-08,23.59000015258789,110.6624984741211,16.809999465942383,17.992000007629393,-0.6487338809771115
2025-07-09,23.440000534057617,110.28455352783203,15.9399995803833,17.930999994277954,-0.68695308610867
2025-07-10,23.81999969482422,111.37964630126953,15.779999732971191,17.87249994277954,-0.5840792850449884
2025-07-11,23.43000030517578,111.86420440673828,16.399999618530273,17.829499912261962,-0.6189346937912419
2025-07-14,23.299999237060547,110.40084075927734,17.200000762939453,17.788499927520753,-0.7020007124131895
2025-07-15,22.920000076293945,109.42204284667969,17.3799991607666,17.61649990081787,-0.7997609382862679
2025-07-16,22.690000534057617,108.76304626464844,17.15999984741211,17.5189998626709,-0.8618585788878935
2025-07-17,22.799999237060547,108.21065521240234,16.520000457763672,17.264999866485596,-0.870307294782033
2025-07-18,23.100000381469727,104.4408187866211,16.40999984741211,17.07849988937378,-0.9928683047123642
2025-07-21,23.260000228881836,104.7121810913086,16.649999618530273,16.879999828338622,-0.9578955394839328
2025-07-22,23.239999771118164,105.1870346069336,16.5,16.71349983215332,-0.9398960252200477
2025-07-23,23.489999771118164,106.53409576416016,15.369999885559082,16.60799984931946,-0.8446634888578491
2025-07-24,22.6299991607666,107.3675308227539,15.390000343322754,16.539499855041505,-0.931860963632029
2025-07-25,20.700000762939453,106.98957824707031,14.930000305175781,16.4564998626709,-1.2264089646363012
2025-07-28,20.68000030517578,107.99745178222656,15.029999732971191,16.391999864578246,-1.1849721468812224
2025-07-29,20.40999984741211,109.3929672241211,15.979999542236328,16.354499864578248,-1.1624916269091563
2025-07-30,20.34000015258789,108.44324493408203,15.479999542236328,16.28699984550476,-1.2143319479683998
2025-07-31,19.799999237060547,108.19126892089844,16.719999313354492,16.290999841690063,-1.3031742804245479
2025-08-01,19.309999465942383,106.25305938720703,20.3799991607666,16.490999841690062,-1.4589612006672097
2025-08-04,19.5,104.05318450927734,17.520000457763672,16.47749981880188,-1.528330405791075
2025-08-05,20.190000534057617,103.92720031738281,17.850000381469727,16.52949986457825,-1.4345066037366978
2025-08-06,20.40999984741211,103.2197494506836,16.770000457763672,16.570999908447266,-1.4339327982942842
2025-08-07,19.770000457763672,102.67704772949219,16.56999969482422,16.610499906539918,-1.5499588309665688
2025-08-08,19.950000762939453,103.50079345703125,15.149999618530273,16.547999906539918,-1.4878171754351313
2025-08-11,20.649999618530273,102.56074523925781,16.25,16.500499868392943,-1.4283485929044166
2025-08-12,21.809999465942383,102.85148620605469,14.729999542236328,16.367999887466432,-1.2485188810875638
2025-08-13,22.219999313354492,104.27606964111328,14.489999771118164,16.234499883651733,-1.12683687575539
2025-08-14,23.860000610351562,104.0628662109375,14.829999923706055,16.149999856948853,-0.9000434521571272
2025-08-15,24.559999465942383,104.16068267822266,15.09000015258789,16.08399987220764,-0.7949391548029763
2025-08-18,23.65999984741211,104.38565826416016,14.989999771118164,16.000999879837035,-0.9146511155525119
2025-08-19,25.309999465942383,105.07034301757812,15.569999694824219,15.954499864578247,-0.6469370456087149
2025-08-20,23.540000915527344,106.15605926513672,15.6899995803833,15.970499849319458,-0.8540856394087627
2025-08-21,23.5,106.84075164794922,16.600000381469727,16.030999851226806,-0.8297395104296891
2025-08-22,24.799999237060547,108.84590148925781,14.220000267028809,15.995499849319458,-0.5543653199200311
2025-08-25,24.549999237060547,109.29583740234375,14.789999961853027,15.98349986076355,-0.5705825019494994
2025-08-26,24.350000381469727,109.05130767822266,14.619999885559082,15.915499877929687,-0.6101354690526298
2025-08-27,24.850000381469727,110.28376007080078,14.850000381469727,15.883999919891357,-0.4839411559763618
2025-08-28,24.93000030517578,110.87063598632812,14.430000305175781,15.769499969482421,-0.44661538982891386
2025-08-29,24.350000381469727,111.7900619506836,15.359999656677246,15.518499994277954,-0.4897103204289061
2025-09-02,24.209999084472656,112.18132019042969,17.170000076293945,15.500999975204468,-0.49266725832271113
2025-09-03,24.0,109.46212768554688,16.350000381469727,15.425999975204467,-0.642473147896357
2025-09-04,24.610000610351562,109.94140625,15.300000190734863,15.352499961853027,-0.5335558503622673
2025-09-05,24.489999771118164,106.84075164794922,15.180000305175781,15.282999992370605,-0.687174740115852
2025-09-08,24.479999542236328,107.44718170166016,15.109999656677246,15.280999994277954,-0.661949621987473
2025-09-09,24.440000534057617,108.22969055175781,15.039999961853027,15.220499992370605,-0.6333021524406123
2025-09-10,24.770000457763672,110.03923034667969,15.350000381469727,15.251500034332276,-0.5062136946782462
2025-09-11,24.610000610351562,109.68710327148438,14.710000038146973,15.262500047683716,-0.5447377494801027
2025-09-12,24.079999923706055,109.70665740966797,14.760000228881836,15.259000062942505,-0.6202006091944726
2025-09-15,24.770000457763672,109.89250183105469,15.6899995803833,15.289000034332275,-0.5126654612639353
2025-09-16,25.270000457763672,112.17153930664062,16.360000610351562,15.357500076293945,-0.34045199070577514
2025-09-17,24.899999618530273,112.76820373535156,15.720000267028809,15.365000104904174,-0.3674981092182565
2025-09-18,30.56999969482422,111.43794250488281,15.699999809265137,15.365500116348267,0.3905167938179543
2025-09-19,29.579999923706055,110.35221862792969,15.449999809265137,15.308000087738037,0.20021190290946458
2025-09-22,28.760000228881836,109.56971740722656,16.100000381469727,15.402000093460083,0.04772078306587622
2025-09-23,29.34000015258789,111.45750427246094,16.639999389648438,15.494500064849854,0.21425103812015509
2025-09-24,31.219999313354492,112.05416107177734,16.18000030517578,15.572500085830688,0.5112155006689433
2025-09-25,33.9900016784668,113.06163024902344,16.739999771118164,15.66700005531311,0.9544084815003275
2025-09-26,35.5,114.65597534179688,15.289999961853027,15.710000038146973,1.2419601557697681
2025-09-29,34.47999954223633,111.72160339355469,16.1200008392334,15.74800009727478,0.9660485315382941
2025-09-30,33.54999923706055,110.28376007080078,16.280000686645508,15.703500127792358,0.768900889812262
2025-10-01,35.939998626708984,109.54037475585938,16.290000915527344,15.70050015449524,1.0803851690817172
2025-10-02,37.29999923706055,108.8556900024414,16.6299991607666,15.767000102996827,1.2461257359914857
2025-10-03,36.83000183105469,110.78260040283203,16.649999618530273,15.84050006866455,1.2631715733707358
2025-10-06,36.59000015258789,111.70203399658203,16.3700008392334,15.903500127792359,1.2690383751563048
2025-10-07,37.16999816894531,111.76072692871094,17.239999771118164,16.013500118255614,1.3551416772697764
2025-10-08,37.43000030517578,111.52597045898438,16.299999237060547,16.061000061035156,1.3822608223905777
2025-10-09,37.79999923706055,110.44026184082031,16.43000030517578,16.147000074386597,1.387803014085917
2025-10-10,36.369998931884766,108.30793762207031,21.65999984741211,16.49200005531311,1.0881160830594465
2025-10-13,37.220001220703125,109.78490447998047,19.030000686645508,16.65900011062622,1.275463914468262
2025-10-14,35.630001068115234,109.83380889892578,20.809999465942383,16.881500053405762,1.048646543360791
2025-10-15,37.150001525878906,109.16868591308594,20.639999389648438,17.127500009536742,1.238288010669846
2025-10-16,36.84000015258789,108.21990966796875,25.309999465942383,17.607999992370605,1.1519278818018472
2025-10-17,37.0099983215332,109.78490447998047,20.780000686645508,17.874500036239624,1.2452224780974386
2025-10-20,38.099998474121094,110.2348403930664,18.229999542236328,17.980999994277955,1.4219718194424453
2025-10-21,38.119998931884766,110.24462890625,17.8700008392334,18.042500066757203,1.4252823909118582
2025-10-22,36.91999816894531,112.20088195800781,18.600000381469727,18.1635000705719,1.3384944221973156
2025-10-23,38.15999984741211,113.44310760498047,17.299999237060547,18.19150004386902,1.5716823048795139
2025-10-24,38.279998779296875,112.86600494384766,16.3700008392334,18.245500087738037,1.5635870818625657
2025-10-27,39.540000915527344,113.40397644042969,15.789999961853027,18.229000043869018,1.7686885265236787
2025-10-28,41.529998779296875,112.51387786865234,16.420000076293945,18.23600001335144,2.016119549697521
2025-10-29,41.34000015258789,113.9028091430664,16.920000076293945,18.26749997138977,2.0498312105450966
2025-10-30,40.15999984741211,112.18132019042969,16.90999984741211,18.281500005722044,1.804210237624286
2025-10-31,39.9900016784668,111.85853576660156,17.440000534057617,18.321000051498412,1.7655365951408528
2025-11-03,39.5,111.27166748046875,17.170000076293945,18.36100001335144,1.6691689225350794
2025-11-04,37.029998779296875,111.64334869384766,19.0,18.44900002479553,1.3298198739261888
2025-11-05,38.380001068115234,111.19342041015625,18.010000228881836,18.534500074386596,1.5044430579980308
2025-11-06,37.2400016784668,111.9954833984375,19.5,18.68800005912781,1.375544946255959
2025-11-07,38.130001068115234,114.65597534179688,19.079999923706055,18.559000062942506,1.6206930697961106
2025-11-10,38.45000076293945,115.63410949707031,17.600000381469727,18.487500047683717,1.7097838955444318
2025-11-11,37.880001068115234,117.15998077392578,17.280000686645508,18.311000108718872,1.6947949169696297
2025-11-12,37.88999938964844,115.53629302978516,17.510000228881836,18.15450015068054,1.6248399148800963
2025-11-13,35.90999984741211,116.19164276123047,20.0,17.889000177383423,1.368526610014569
2025-11-14,35.52000045776367,117.70126342773438,19.829999923706055,17.84150013923645,1.3787439967733883
2025-11-17,34.709999084472656,116.11270141601562,22.3799991607666,18.049000120162965,1.192249565847711
2025-11-18,34.33000183105469,117.44471740722656,24.690000534057617,18.390000104904175,1.1960978934884672
2025-11-19,35.11000061035156,115.78709411621094,23.65999984741211,18.643000078201293,1.2355345208936734
2025-11-20,33.619998931884766,115.46148681640625,26.420000076293945,19.099000120162962,1.0066498446117065
2025-11-21,34.5,115.52069091796875,23.43000030517578,19.452000093460082,1.135977518246953
2025-11-24,35.790000915527344,114.42547607421875,20.520000457763672,19.688500118255615,1.2735864631360838
2025-11-25,35.83000183105469,112.98491668701172,18.559999465942383,19.795500087738038,1.2160042759756418
2025-11-26,36.810001373291016,113.241455078125,17.190000534057617,19.809000110626222,1.368409156754259
2025-11-28,40.560001373291016,114.37613677978516,16.350000381469727,19.7810001373291,1.9583201850760652
2025-12-01,40.0099983215332,115.0766830444336,17.239999771118164,19.771000099182128,1.9099206394890489
2025-12-02,43.470001220703125,113.84333038330078,16.59000015258789,19.742000102996826,2.3539463714967463
2025-12-03,43.7599983215332,116.2311019897461,16.079999923706055,19.596000099182127,2.5006995297158676
2025-12-04,40.5,115.57988739013672,15.779999732971191,19.484500074386595,2.0026095437723046
2025-12-05,41.40999984741211,114.9878921508789,15.40999984741211,19.280000066757204,2.1076234473054263
2025-12-08,40.29999923706055,114.43534088134766,16.65999984741211,19.159000062942503,1.9234818662272763
2025-12-09,40.5,116.67510986328125,16.93000030517578,19.12550005912781,2.050767325005435
2025-12-10,40.779998779296875,117.94792938232422,15.770000457763672,19.050000047683717,2.14705536874625
2025-12-11,39.5099983215332,117.94792938232422,14.850000381469727,18.91700005531311,1.9641691410504103
2025-12-12,37.810001373291016,117.23751831054688,15.739999771118164,18.70400004386902,1.6881240068884535
2025-12-15,37.5099983215332,116.19164276123047,16.5,18.537500047683714,1.5989341531475638
2025-12-16,37.310001373291016,113.15265655517578,16.479999542236328,18.242500066757202,1.4365070427536146
2025-12-17,36.04999923706055,115.84630584716797,17.6200008392334,17.88900008201599,1.3735024695324765
2025-12-18,36.279998779296875,114.9878921508789,16.8700008392334,17.549500131607054,1.368878403799458
2025-12-19,36.81999969482422,115.1358871459961,14.90999984741211,16.974000120162962,1.4531486102782576
2025-12-22,36.369998931884766,116.57644653320312,14.079999923706055,16.50650010108948,1.4516888301774356
2025-12-23,36.349998474121094,117.82952880859375,14.0,16.180500078201295,1.503907666342668
2025-12-24,36.15999984741211,117.63218688964844,13.470000267028809,15.926000118255615,1.4678696650942415
2025-12-26,36.20000076293945,117.5236587524414,13.600000381469727,15.74650011062622,1.468857924675106
2025-12-29,36.68000030517578,118.92474365234375,14.199999809265137,15.639000082015992,1.5995869768774753
2025-12-30,37.29999923706055,119.37861633300781,14.329999923706055,15.493500089645385,1.7088269648155936
2025-12-31,36.900001525878906,118.73727416992188,14.949999809265137,15.411500072479248,1.6230250415780114
