Date,JPM,META,VIX,AvgVIX,zscore
2015-01-30,40.268802642822266,75.31893157958984,20.969999313354492,19.119499969482423,0.2447614215831201
2015-02-02,41.075950622558594,74.4061050415039,19.43000030517578,19.201499938964844,0.39614317635592133
2015-02-03,42.001583099365234,74.81291198730469,17.329999923706055,19.071999931335448,0.48385253613752366
2015-02-04,41.749820709228516,75.04109954833984,18.329999923706055,18.932499885559082,0.4399749233396325
2015-02-05,42.038604736328125,75.0212631225586,16.850000381469727,18.80949993133545,0.476010624151388
2015-02-06,42.86796951293945,73.8901596069336,17.290000915527344,18.823499965667725,0.6429723894834434
2015-02-09,42.81614303588867,73.86038970947266,18.549999237060547,18.873499965667726,0.6384747041335873
2015-02-10,43.290069580078125,74.60453033447266,17.229999542236328,18.754999923706055,0.6517187907837829
2015-02-11,43.223419189453125,75.91425323486328,16.959999084472656,18.57499990463257,0.5662815180554462
2015-02-12,44.11203384399414,75.63644409179688,15.34000015258789,18.267999935150147,0.689975509873044
2015-02-13,44.186073303222656,75.15025329589844,14.6899995803833,17.88299994468689,0.7276427281411754
2015-02-17,44.5045051574707,75.01136016845703,15.800000190734863,17.62549991607666,0.7742926770351676
2015-02-18,43.963932037353516,76.11270141601562,15.449999809265137,17.403499937057497,0.6439540466666677
2015-02-19,43.86026382446289,78.80160522460938,15.289999961853027,17.22549991607666,0.4725526666324611
2015-02-20,44.282352447509766,79.27787780761719,14.300000190734863,17.12049994468689,0.4953667874222258
2015-02-23,43.949134826660156,78.22611999511719,14.5600004196167,17.015499973297118,0.517286793047517
2015-02-24,45.03766632080078,77.83915710449219,13.6899995803833,16.9239999294281,0.6715656722989511
2015-02-25,45.27462387084961,78.94050598144531,13.84000015258789,16.754999971389772,0.6350943167316122
2015-02-26,45.6004638671875,79.78389739990234,13.90999984741211,16.428499937057495,0.6245959109196809
2015-02-27,45.3782958984375,78.35509490966797,13.34000015258789,16.157499933242796,0.6822018164126472
2015-03-02,45.74114227294922,79.12903594970703,13.039999961853027,15.760999965667725,0.680274809932445
2015-03-03,45.88924789428711,78.98020935058594,13.859999656677246,15.482499933242797,0.7069490147787725
2015-03-04,46.007728576660156,80.27008819580078,14.229999542236328,15.327499914169312,0.6450343460747596
2015-03-05,45.91146469116211,80.57766723632812,14.039999961853027,15.11299991607666,0.6152381542540228
2015-03-06,45.08950424194336,79.38701629638672,15.199999809265137,15.03049988746643,0.5863615969620544
2015-03-09,45.54121780395508,78.82144927978516,15.0600004196167,14.918999862670898,0.6743139856849633
2015-03-10,44.40082550048828,76.94615936279297,16.690000534057617,14.825999927520751,0.6474495824543497
2015-03-11,44.60817337036133,76.96601104736328,16.8700008392334,14.807999992370606,0.6713087173244776
2015-03-12,45.44493865966797,78.3154067993164,15.420000076293945,14.73100004196167,0.6925924432400948
2015-03-13,45.170955657958984,77.44227600097656,16.0,14.764000034332275,0.7111085922859883
2015-03-16,45.800384521484375,77.46212005615234,15.609999656677246,14.810000038146972,0.7859240880370876
2015-03-17,45.62266159057617,78.7420654296875,15.65999984741211,14.803000020980836,0.688837074230816
2015-03-18,45.72633743286133,80.28002166748047,13.970000267028809,14.729000043869018,0.610476314927576
2015-03-19,45.31905746459961,82.10566711425781,14.069999694824219,14.668000030517579,0.4534307825002741
2015-03-20,45.72633743286133,83.14749908447266,13.020000457763672,14.604000043869018,0.44103849881006707
2015-03-23,45.27462387084961,83.77259826660156,13.40999984741211,14.54650001525879,0.3495683839994394
2015-03-24,44.77107238769531,84.64574432373047,13.619999885559082,14.543000030517579,0.2371831471700125
2015-03-25,44.14164733886719,82.27435302734375,15.4399995803833,14.623000001907348,0.3013198702747611
2015-03-26,44.089820861816406,82.36366271972656,15.800000190734863,14.717500019073487,0.28978583111520095
2015-03-27,44.097225189208984,82.65140533447266,15.069999694824219,14.803999996185302,0.2736771535683613
2015-03-30,45.14134216308594,82.55217742919922,14.510000228881836,14.877500009536742,0.4055919533497527
2015-03-31,44.859947204589844,81.57979583740234,15.289999961853027,14.949000024795533,0.4290779707960598
2015-04-01,44.688499450683594,81.03408813476562,15.109999656677246,14.993000030517578,0.44062546379747275
2015-04-02,45.1133918762207,80.9249496459961,14.670000076293945,15.024500036239624,0.49836972427416504
2015-04-06,45.07611846923828,81.798095703125,14.739999771118164,15.001500034332276,0.4422761093644022
2015-04-07,45.359375,81.67903137207031,14.779999732971191,14.9875,0.4835078284259478
2015-04-08,45.50845718383789,81.63934326171875,13.979999542236328,14.851999950408935,0.503850990115836
2015-04-09,45.821556091308594,81.53018188476562,13.09000015258789,14.66299991607666,0.5481002823424937
2015-04-10,45.993011474609375,81.40120697021484,12.579999923706055,14.520999908447266,0.5764203710962468
2015-04-13,46.268798828125,82.36366271972656,13.9399995803833,14.417999887466431,0.5528438862091464
2015-04-14,46.99187088012695,82.86966705322266,13.670000076293945,14.320999908447266,0.6102375269508493
2015-04-15,47.86402893066406,82.06598663330078,12.84000015258789,14.179999923706054,0.7630182606666929
2015-04-16,47.56584930419922,81.66909790039062,12.600000381469727,14.111499929428101,0.75047235468191
2015-04-17,46.84278106689453,80.15101623535156,13.890000343322754,14.102499961853027,0.7528823212309378
2015-04-20,47.14096450805664,82.44302368164062,13.300000190734863,14.116499948501588,0.6534470643952665
2015-04-21,46.44771957397461,82.96890258789062,13.25,14.10849995613098,0.5386808472965693
2015-04-22,46.91731262207031,83.9710464477539,12.710000038146973,14.062999963760376,0.5361564877791956
2015-04-23,46.812965393066406,81.768310546875,12.479999542236328,13.914999961853027,0.6537176936859117
2015-04-24,46.66389083862305,80.89517974853516,12.289999961853027,13.739499950408936,0.6873134689191984
2015-04-27,46.47007751464844,81.272216796875,13.119999885559082,13.641999959945679,0.6416363398734909
2015-04-28,46.78314208984375,80.05180358886719,12.40999984741211,13.536999940872192,0.7515448059912161
2015-04-29,47.4093132019043,79.84343719482422,13.390000343322754,13.44199995994568,0.8394518503693348
2015-04-30,47.15586471557617,78.15665435791016,14.550000190734863,13.413999986648559,0.9085253324124102
2015-05-01,47.41676330566406,78.37495422363281,12.699999809265137,13.315499973297118,0.9271231966418564
2015-05-04,48.24419021606445,78.19635009765625,12.850000381469727,13.221000003814698,1.0375682964702695
2015-05-05,48.00564956665039,76.9560775756836,14.3100004196167,13.197500038146973,1.0820574608559954
2015-05-06,47.64784240722656,77.49188995361328,15.149999618530273,13.25600004196167,1.007200149919213
2015-05-07,48.08019256591797,77.8193130493164,15.130000114440918,13.358000040054321,1.0400485412890925
2015-05-08,48.818172454833984,77.89869689941406,12.859999656677246,13.372000026702882,1.1244507295095292
2015-05-11,48.788352966308594,77.40259552001953,13.850000381469727,13.367500066757202,1.1501651429561288
2015-05-12,48.72126770019531,76.85687255859375,13.859999656677246,13.377000045776366,1.1743127439573915
2015-05-13,48.840538024902344,77.82923889160156,13.760000228881836,13.423000049591064,1.1312550617831398
2015-05-14,49.235618591308594,80.7364273071289,12.739999771118164,13.430000019073486,1.0071670143244134
2015-05-15,49.10887908935547,79.79381561279297,12.380000114440918,13.354500007629394,1.0475647900349234
2015-05-18,49.51142501831055,80.250244140625,12.729999542236328,13.325999975204468,1.0691921860114122
2015-05-19,49.95121383666992,80.00218963623047,12.850000381469727,13.305999994277954,1.1369432982937067
2015-05-20,49.556148529052734,79.92280578613281,12.880000114440918,13.314499998092652,1.0939396208496974
2015-05-21,49.682865142822266,79.85336303710938,12.109999656677246,13.296000003814697,1.113340876261708
2015-05-22,49.54869842529297,79.91287994384766,12.130000114440918,13.288000011444092,1.0936267169488356
2015-05-26,48.99708938598633,78.71231842041016,14.0600004196167,13.335000038146973,1.097974061716129
2015-05-27,49.54869842529297,79.92280578613281,13.270000457763672,13.378000068664551,1.0930402038589822
2015-05-28,49.34743881225586,79.52591705322266,13.3100004196167,13.374000072479248,1.0921950083110152
2015-05-29,49.03434753417969,78.57339477539062,13.84000015258789,13.3385000705719,1.1106809969039284
2015-06-01,49.25798034667969,79.66483306884766,13.970000267028809,13.402000093460083,1.0731866181026901
2015-06-02,49.21324920654297,79.81366729736328,14.239999771118164,13.471500062942505,1.0589918912827485
2015-06-03,49.72014236450195,81.798095703125,13.65999984741211,13.439000034332276,1.0029278977656697
2015-06-04,49.444339752197266,81.41111755371094,14.710000038146973,13.41700005531311,0.9924978550142576
2015-06-05,50.25685501098633,81.50041961669922,14.210000038146973,13.371000051498413,1.0853122956478847
2015-06-08,49.86178207397461,80.0418701171875,15.289999961853027,13.492500066757202,1.1238019102493246
2015-06-09,50.07795715332031,80.0418701171875,14.470000267028809,13.523500061035156,1.1498997399712092
2015-06-10,50.88301467895508,81.52027130126953,13.220000267028809,13.491500091552734,1.1597326655377946
2015-06-11,51.07680892944336,81.1928482055664,12.850000381469727,13.446000099182129,1.2024758281136365
2015-06-12,50.87556457519531,80.89517974853516,13.779999732971191,13.49800009727478,1.195769597876697
2015-06-15,50.681739807128906,80.08157348632812,15.390000343322754,13.648500108718872,1.2204456089924542
2015-06-16,50.96501159667969,80.42884063720703,14.8100004196167,13.75250015258789,1.2341238745659922
2015-06-17,50.79356384277344,81.15315246582031,14.5,13.835000133514404,1.1706265443627284
2015-06-18,51.27063751220703,82.26444244384766,13.1899995803833,13.850500106811523,1.1625558961811366
2015-06-19,50.74882507324219,81.8675537109375,13.960000038146973,13.94300012588501,1.1230118224218084
2015-06-22,51.404815673828125,84.08018493652344,12.739999771118164,13.973500108718872,1.0714632907323398
2015-06-23,51.99370574951172,87.19572448730469,12.109999656677246,13.8760000705719,0.9584616148181413
2015-06-24,51.44953918457031,88.16809844970703,13.260000228881836,13.875500059127807,0.8353097770867526
2015-06-25,51.173736572265625,87.29496002197266,14.010000228881836,13.910500049591064,0.8536067036755495
2015-06-26,51.397361755371094,87.32471466064453,14.020000457763672,13.919500064849853,0.8788457635699891
2015-06-29,50.09286117553711,85.1319351196289,18.850000381469727,14.1635000705719,0.8509296220379902
2015-06-30,50.51028823852539,85.10215759277344,18.229999542236328,14.363000059127808,0.9030832235840488
2015-07-01,51.07301712036133,86.23328399658203,16.09000015258789,14.484500074386597,0.9041812133298892
2015-07-02,50.66035842895508,86.61033630371094,16.790000915527344,14.588500118255615,0.8320829812467713
2015-07-06,50.5178108215332,86.8683090209961,17.010000228881836,14.728500127792358,0.7996303801257204
2015-07-07,50.12016677856445,86.54087829589844,16.09000015258789,14.768500137329102,0.7709723503674052
2015-07-08,49.09223556518555,84.98308563232422,19.65999984741211,15.028000116348267,0.738924105774505
2015-07-09,49.60243225097656,85.21129608154297,19.969999313354492,15.36550006866455,0.7870329787107911
2015-07-10,50.30772018432617,87.26519012451172,16.829999923706055,15.564500045776366,0.7508155900546735
2015-07-13,51.088035583496094,89.39844512939453,13.899999618530273,15.570500040054322,0.7189665247639871
2015-07-14,51.80082321166992,88.9817123413086,13.369999885559082,15.469500017166137,0.8296426521358147
2015-07-15,51.913368225097656,89.06109619140625,13.229999542236328,15.39049997329712,0.8385389451715497
2015-07-16,52.190975189208984,90.1426010131836,12.109999656677246,15.270999956130982,0.808147583017506
2015-07-17,51.92835998535156,94.23053741455078,11.949999809265137,15.208999967575073,0.5348891180004218
2015-07-20,51.96588134765625,97.14764404296875,12.25,15.123499965667724,0.3670485190863245
2015-07-21,51.84584045410156,97.62390899658203,12.220000267028809,15.097499990463257,0.32441427090188346
2015-07-22,52.581138610839844,96.28440856933594,12.119999885559082,15.098000001907348,0.4923338729492133
2015-07-23,52.25100326538086,94.69686889648438,12.640000343322754,15.067000007629394,0.5462850715732126
2015-07-24,51.70328140258789,96.19512176513672,13.739999771118164,15.053499984741212,0.39163009564088896
2015-07-27,51.02802276611328,93.43675994873047,15.600000381469727,15.132499980926514,0.4730994348981725
2015-07-28,51.05802917480469,94.54804229736328,13.4399995803833,14.861999940872192,0.41105684959522953
2015-07-29,51.72578811645508,96.23480224609375,12.5,14.575499963760375,0.39200252847492423
2015-07-30,51.80082321166992,94.4686508178711,12.130000114440918,14.377499961853028,0.5054221832558634
2015-07-31,51.41817092895508,93.27799987792969,12.119999885559082,14.143999910354614,0.5295812939028319
2015-08-03,51.41817092895508,93.40699768066406,12.5600004196167,13.921499919891357,0.5219588778204077
2015-08-04,51.36563491821289,93.3276138305664,13.0,13.766999912261962,0.5203071975245307
2015-08-05,51.56821823120117,95.68907928466797,12.510000228881836,13.40949993133545,0.4052263347912074
2015-08-06,51.20808029174805,94.3793716430664,13.770000457763672,13.099499988555909,0.43913850060047616
2015-08-07,51.05802917480469,93.56575012207031,13.390000343322754,12.927500009536743,0.46910000626829607
2015-08-10,51.68827819824219,93.41692352294922,12.229999542236328,12.844000005722046,0.553981181351944
2015-08-11,51.19306945800781,92.89103698730469,13.710000038146973,12.86100001335144,0.5252712666823345
2015-08-12,50.450279235839844,93.45661163330078,13.609999656677246,12.880000019073487,0.4021780717610673
2015-08-13,50.68286895751953,92.7025146484375,13.489999771118164,12.949000024795533,0.474816782489929
2015-08-14,50.9379768371582,93.68479919433594,12.829999923706055,12.993000030517578,0.44757208546865024
2015-08-17,51.07301712036133,93.1986312866211,13.020000457763672,13.031500053405761,0.492602302078279
2015-08-18,51.17806625366211,94.428955078125,13.789999961853027,13.110000038146973,0.43258518235664667
2015-08-19,50.72038269042969,94.56787109375,15.25,13.26650004386902,0.36912265836452296
2015-08-20,49.474891662597656,89.8548583984375,19.139999389648438,13.591499996185302,0.49724979558984034
2015-08-21,47.719173431396484,85.389892578125,28.030000686645508,14.30600004196167,0.5491225669293326
2015-08-24,45.20565414428711,81.4508056640625,40.7400016784668,15.563000106811524,0.47843555551018224
2015-08-25,44.9505729675293,82.35372924804688,36.02000045776367,16.692000150680542,0.3942874643524336
2015-08-26,47.20146560668945,86.51110076904297,30.31999969482422,17.583000135421752,0.4203704314003923
2015-08-27,48.37944793701172,89.03134155273438,26.100000381469727,18.281500148773194,0.4136630805147417
2015-08-28,48.11683654785156,90.30135345458984,26.049999237060547,18.978000116348266,0.3069148348682027
2015-08-31,48.09431457519531,88.73365020751953,28.43000030517578,19.77150011062622,0.39683066609693296
2015-09-01,46.10601806640625,86.55079650878906,31.399999618530273,20.691500091552733,0.28577645293095727
2015-09-02,46.946372985839844,89.1900863647461,26.09000015258789,21.370500087738037,0.23127433665660146
2015-09-03,47.0289192199707,87.46363067626953,25.610000610351562,21.96250009536743,0.34325517538154887
2015-09-04,46.1435432434082,87.57278442382812,27.799999237060547,22.68300004005432,0.2299179378992607
2015-09-08,47.389041900634766,88.83287811279297,24.899999618530273,23.31650004386902,0.3058229905435343
2015-09-09,46.65373992919922,89.73579406738281,26.229999542236328,23.942500019073485,0.16370048757610578
2015-09-10,47.013893127441406,91.26380920410156,24.3700008392334,24.480500078201295,0.11689048245102679
2015-09-11,46.93886184692383,91.333251953125,23.200000762939453,24.96600012779236,0.10372896119528961
2015-09-14,46.803802490234375,91.59123229980469,24.25,25.537000131607055,0.07217993155755284
2015-09-15,47.70417404174805,92.1766586303711,22.540000915527344,26.013000154495238,0.14628512451988002
2015-09-16,48.12434387207031,92.72235870361328,21.350000381469727,26.391000175476073,0.16476516232107039
2015-09-17,47.006385803222656,93.60543823242188,21.139999389648438,26.685500144958496,-0.022381538556440653
2015-09-18,45.72336959838867,93.66497802734375,22.280000686645508,26.84250020980835,-0.18079240034209254
2015-09-21,46.10601806640625,94.80601501464844,20.139999389648438,26.448000144958495,-0.2020203077050356
2015-09-22,45.70086669921875,92.2361831665039,22.440000534057617,25.53300008773804,-0.09908229399650788
2015-09-23,45.49827575683594,93.23832702636719,22.1299991607666,24.838500022888184,-0.1827563557754983
2015-09-24,45.18315887451172,93.67488861083984,23.469999313354492,24.496000003814697,-0.2465951845094844
2015-09-25,46.12104034423828,92.04766082763672,23.6200008392334,24.37200002670288,-0.03721695806627279
2015-09-28,45.003082275390625,88.51537322998047,27.6299991607666,24.451000022888184,0.036538191174354556
2015-09-29,44.898040771484375,85.99514770507812,26.829999923706055,24.371000003814697,0.17277588461084686
2015-09-30,45.745887756347656,89.20001220703125,24.5,24.026000022888184,0.08575872629174633
2015-10-01,46.08351135253906,90.24183654785156,22.549999237060547,23.848999977111816,0.06495759784752071
2015-10-02,45.95505142211914,91.35309600830078,20.940000534057617,23.61549997329712,-0.016214552162907226
2015-10-05,46.86947250366211,93.27799987792969,19.540000915527344,23.20250005722046,-0.019562286008429255
2015-10-06,46.89213562011719,92.0774154663086,19.399999618530273,22.92750005722046,0.05411566498202406
2015-10-07,46.95258712768555,91.68053436279297,18.399999618530273,22.536000061035157,0.08486520656623753
2015-10-08,46.95258712768555,91.74999237060547,17.420000076293945,22.188500022888185,0.0807609673886654
2015-10-09,46.801448822021484,92.51399230957031,17.079999923706055,21.882499980926514,0.01737035336172309
2015-10-12,46.64275360107422,93.52606201171875,16.170000076293945,21.478499984741212,-0.061590891598179806
2015-10-13,46.5142707824707,93.38713836669922,17.670000076293945,21.23499994277954,-0.06889310613521053
2015-10-14,45.33536911010742,93.3375473022461,18.030000686645508,21.06899995803833,-0.20828620780008522
2015-10-15,46.77122116088867,95.21282196044922,16.049999237060547,20.814499950408937,-0.14575139746574137
2015-10-16,47.17931365966797,96.78052520751953,15.050000190734863,20.452999925613405,-0.1891190605754033
2015-10-19,47.020606994628906,97.70326232910156,14.979999542236328,20.194999933242798,-0.2628030693195503
2015-10-20,47.247318267822266,96.2447280883789,15.75,19.860499906539918,-0.14924918930905406
2015-10-21,46.899688720703125,96.35386657714844,16.700000762939453,19.58899998664856,-0.1976658554539768
2015-10-22,47.7536506652832,98.89392852783203,14.449999809265137,19.138000011444092,-0.24466193011682935
2015-10-23,48.26752853393555,101.3943099975586,14.460000038146973,18.67999997138977,-0.33037010166595937
2015-10-26,48.29020690917969,102.96199798583984,15.289999961853027,18.063000011444093,-0.42026614949052227
2015-10-27,48.093727111816406,102.89254760742188,15.430000305175781,17.493000030517578,-0.4398824694371886
2015-10-28,49.49934768676758,103.38865661621094,14.329999923706055,16.984500026702882,-0.2995031539582855
2015-10-29,49.280189514160156,104.06336212158203,14.609999656677246,16.587500047683715,-0.36582913204585255
2015-10-30,48.554710388183594,101.176025390625,15.069999694824219,16.294000005722047,-0.28280161942009685
2015-11-02,49.52958679199219,102.5055923461914,14.149999618530273,16.024499940872193,-0.24367269589043503
2015-11-03,49.7109489440918,101.7812728881836,14.539999961853027,15.78149995803833,-0.17897799487061708
2015-11-04,49.76384735107422,103.13067626953125,15.510000228881836,15.636999988555909,-0.25232738733696003
2015-11-05,50.20973205566406,107.91314697265625,15.050000190734863,15.518499994277954,-0.4810915821002171
2015-11-06,51.73625564575195,106.26608276367188,14.329999923706055,15.380999994277953,-0.19947715716365227
2015-11-09,50.927650451660156,105.66082763671875,16.520000457763672,15.398500013351441,-0.2613321433056876
2015-11-10,51.14680480957031,107.06977844238281,15.289999961853027,15.279500007629395,-0.3181288420877984
2015-11-11,50.89742660522461,108.16120910644531,16.059999465942383,15.180999946594238,-0.41272722915931587
2015-11-12,49.8772087097168,107.17890930175781,18.3700008392334,15.29700002670288,-0.47784986727323364
2015-11-13,49.54469680786133,103.14060974121094,20.079999923706055,15.54850001335144,-0.27937139512494874
2015-11-16,50.26262664794922,103.22991180419922,18.15999984741211,15.70750002861023,-0.1979758199725209
2015-11-17,49.9754524230957,104.31141662597656,18.84000015258789,15.862000036239625,-0.29655063483693267
2015-11-18,50.97299575805664,106.93085479736328,16.850000381469727,15.869500017166137,-0.3309030856487307
2015-11-19,51.1317024230957,105.43262481689453,16.989999771118164,15.996500015258789,-0.2232134897557
2015-11-20,51.041015625,106.484375,15.470000267028809,16.047000026702882,-0.29630908843289916
2015-11-23,50.5422477722168,106.11724853515625,15.619999885559082,16.063500022888185,-0.3348297322182477
2015-11-24,50.46666717529297,104.91666412353516,15.930000305175781,16.088500022888184,-0.27301229591232057
2015-11-25,50.52712631225586,104.58924102783203,15.1899995803833,16.131500005722046,-0.2463660724437328
2015-11-27,50.761390686035156,104.6289291381836,15.119999885559082,16.157000017166137,-0.22042955557194488
2015-11-30,50.39109420776367,103.42835998535156,16.1299991607666,16.209999990463256,-0.1941927228299693
2015-12-01,51.093929290771484,106.28591918945312,14.670000076293945,16.23600001335144,-0.2781944080432498
2015-12-02,50.37599563598633,105.24408721923828,15.90999984741211,16.304500007629393,-0.30330592468887707
2015-12-03,49.7260627746582,103.56725311279297,18.110000610351562,16.43450002670288,-0.2826860554205285
2015-12-04,51.30550003051758,105.3532485961914,14.8100004196167,16.42250003814697,-0.1975413971651175
2015-12-07,50.63292694091797,104.78768157958984,15.84000015258789,16.498000049591063,-0.2453189995269723
2015-12-08,49.84697341918945,105.66082763671875,17.600000381469727,16.552000045776367,-0.3917973443045025
2015-12-09,49.46913146972656,103.78556060791016,19.610000610351562,16.768000078201293,-0.3266038795000884
2015-12-10,49.58247756958008,104.59915924072266,19.34000015258789,16.93200011253357,-0.3609952617409135
2015-12-11,48.41868209838867,101.3248519897461,24.389999389648438,17.23300004005432,-0.3080177832051821
2015-12-14,48.5698127746582,103.84507751464844,22.729999542236328,17.365500020980836,-0.4386913414231288
2015-12-15,49.952789306640625,103.73594665527344,20.950000762939453,17.5050000667572,-0.26528241465139674
2015-12-16,51.033451080322266,105.95851135253906,17.860000610351562,17.456000089645386,-0.2661492996531911
2015-12-17,50.08881378173828,105.39293670654297,18.940000534057617,17.56050009727478,-0.34677152020856666
2015-12-18,48.66806411743164,103.22991180419922,20.700000762939453,17.746000146865846,-0.3904800694368904
2015-12-21,49.52958679199219,103.9542236328125,18.700000762939453,17.907500171661376,-0.32927159899253544
2015-12-22,49.63538360595703,104.6884536743164,16.600000381469727,17.956500196456908,-0.35988452139622085
2015-12-23,50.42887878417969,103.81531524658203,15.569999694824219,17.93850016593933,-0.2124961577017496
2015-12-24,50.330631256103516,104.2022705078125,15.739999771118164,17.966000175476076,-0.2472221270788574
2015-12-28,50.164371490478516,105.10518646240234,16.90999984741211,18.055500173568724,-0.32064676423882166
2015-12-29,50.68583679199219,106.42483520507812,16.079999923706055,18.0530002117157,-0.3356700293834041
2015-12-30,50.32307434082031,105.39293670654297,17.290000915527344,18.184000253677368,-0.3184903131426059
2015-12-31,49.899879455566406,103.84507751464844,18.209999084472656,18.299000215530395,-0.278118467518529
2016-01-04,48.40113830566406,101.42406463623047,20.700000762939453,18.42850022315979,-0.315998191146793
2016-01-05,48.48482131958008,101.93011474609375,19.34000015258789,18.65500020980835,-0.33579777279265827
2016-01-06,47.78489303588867,102.16824340820312,20.59000015258789,18.89250020980835,-0.43436782117344225
2016-01-07,45.852508544921875,97.1575698852539,24.989999771118164,19.262000179290773,-0.3715775632039145
2016-01-08,44.82544708251953,96.5721664428711,27.010000228881836,19.632000160217284,-0.46097880276953096
2016-01-11,44.756961822509766,96.75076293945312,24.299999237060547,19.880000114440918,-0.47979989359505965
2016-01-12,44.855873107910156,98.59627532958984,22.469999313354492,19.78400011062622,-0.5769091963437798
2016-01-13,43.6234130859375,94.69686889648438,25.219999313354492,19.908500099182127,-0.4952844751794102
2016-01-14,44.277679443359375,97.60405731201172,23.950000762939453,20.05850009918213,-0.588082206193101
2016-01-15,43.395164489746094,94.23053741455078,27.020000457763672,20.516500091552736,-0.49528458981966234
2016-01-19,43.372344970703125,94.51825714111328,26.049999237060547,20.87200002670288,-0.5150407018159919
2016-01-20,42.231178283691406,93.6153564453125,27.59000015258789,21.216499996185302,-0.5994565888687824
2016-01-21,42.033355712890625,93.42683410644531,26.690000534057617,21.61599998474121,-0.6121991127254544
2016-01-22,43.326698303222656,97.17740631103516,22.34000015258789,21.90299997329712,-0.6776792189292331
2016-01-25,42.34529113769531,96.25465393066406,24.149999618530273,22.33199996948242,-0.741635042643509
2016-01-26,43.42560577392578,96.58206939697266,22.5,22.669999980926512,-0.6305604093439071
2016-01-27,43.395164489746094,93.71456909179688,23.110000610351562,22.980000019073486,-0.464796277941363
2016-01-28,43.577754974365234,108.26042175292969,22.420000076293945,23.297000026702882,-1.3022601708336357
2016-01-29,45.26670837402344,111.33629608154297,20.200000762939453,23.442500019073485,-1.2801124290693244
2016-02-01,44.77979278564453,114.19386291503906,19.979999542236328,23.53100004196167,-1.507747728216075
2016-02-02,43.38756561279297,113.71761322021484,21.979999542236328,23.594999980926513,-1.6476835964448122
2016-02-03,43.67666244506836,111.81256103515625,21.649999618530273,23.710499954223632,-1.5002136693802788
2016-02-04,44.42984390258789,109.62968444824219,21.84000015258789,23.772999954223632,-1.2803004198125314
2016-02-05,43.93532180786133,103.2596664428711,23.3799991607666,23.692499923706055,-0.9636006135006928
2016-02-08,43.01477813720703,98.97331237792969,26.0,23.641999912261962,-0.8214551129038744
2016-02-09,42.756107330322266,98.76495361328125,26.540000915527344,23.753999996185303,-0.8403714417690737
2016-02-10,42.23876953125,100.21358489990234,26.290000915527344,23.945000076293944,-0.9884261738675005
2016-02-11,40.374855041503906,101.11648559570312,28.139999389648438,24.091000080108643,-1.266800008409068
2016-02-12,43.73752975463867,101.2157211303711,25.399999618530273,24.163500022888183,-0.86670343130043
2016-02-16,44.39179611206055,100.8188247680664,24.110000610351562,24.018000030517577,-0.7642644341343408
2016-02-17,44.71133041381836,104.38086700439453,22.309999465942383,23.83100004196167,-0.936167823951795
2016-02-18,43.98098373413086,102.66435241699219,21.639999389648438,23.533500003814698,-0.9229112476910891
2016-02-19,43.98858642578125,103.75576782226562,20.530000686645508,23.22550001144409,-0.9864846035858311
2016-02-22,44.55916976928711,106.32561492919922,19.3799991607666,23.07749996185303,-1.0694516722126253
2016-02-23,42.695255279541016,104.63883972167969,20.979999542236328,22.91899995803833,-1.1948028440784415
2016-02-24,42.71046447753906,106.04778289794922,20.719999313354492,22.829999923706055,-1.2762204594651338
2016-02-25,43.372344970703125,107.2285385131836,19.110000610351562,22.629999923706055,-1.2660849141124026
2016-02-26,43.775569915771484,107.07969665527344,19.809999465942383,22.499499893188478,-1.208610417204236
2016-02-29,42.83219528198242,106.08747863769531,20.549999237060547,22.516999816894533,-1.2638700571207186
2016-03-01,45.0384635925293,108.96490478515625,17.700000762939453,22.402999877929688,-1.1675430451030564
2016-03-02,45.46451187133789,109.09388732910156,17.09000015258789,22.158499908447265,-1.12372969727522
2016-03-03,45.616668701171875,108.72676849365234,16.700000762939453,21.910999965667724,-1.0836676287298874
2016-03-04,45.68512725830078,107.54603576660156,16.860000610351562,21.66199998855591,-1.0056340295855315
2016-03-07,45.601444244384766,104.90675354003906,17.350000381469727,21.360500049591064,-0.859782821871627
2016-03-08,44.71893310546875,105.10518646240234,18.670000076293945,20.994000053405763,-0.9780496626817671
2016-03-09,44.977596282958984,106.67288970947266,18.34000015258789,20.584000015258788,-1.0394572450747348
2016-03-10,44.589603424072266,106.484375,18.049999237060547,20.17199993133545,-1.0751586098259263
2016-03-11,45.14497375488281,108.55809783935547,16.5,19.589999961853028,-1.13064653945823
2016-03-14,44.977596282958984,109.03435516357422,16.920000076293945,19.165999984741212,-1.1789950656723296
2016-03-15,45.0384635925293,109.80829620361328,16.84000015258789,18.802499961853027,-1.2173786250552445
2016-03-16,44.82544708251953,111.30652618408203,14.989999771118164,18.436499977111815,-1.3316248004141291
2016-03-17,44.696102142333984,110.15555572509766,14.4399995803833,18.07649998664856,-1.2792297514598836
2016-03-18,46.012271881103516,110.58221435546875,14.020000457763672,17.75099997520447,-1.1455456384117755
2016-03-21,45.99705505371094,110.97909545898438,13.789999961853027,17.47150001525879,-1.1708342037154449
2016-03-22,45.829673767089844,111.37598419189453,14.170000076293945,17.13100004196167,-1.2144933398273583
2016-03-23,45.601444244384766,111.6637191772461,14.9399995803833,16.84200005531311,-1.2590485647733884
2016-03-24,45.251487731933594,112.16976165771484,14.739999771118164,16.62350001335144,-1.3311990145148416
2016-03-28,45.19062423706055,112.80477142333984,15.239999771118164,16.39500002861023,-1.3760691977950401
2016-03-29,44.909122467041016,115.2356948852539,13.819999694824219,16.058500051498413,-1.5536956802086286
2016-03-30,45.42646026611328,113.80691528320312,13.5600004196167,15.851500034332275,-1.4068139742899086
2016-03-31,45.053672790527344,113.21157836914062,13.949999809265137,15.694500017166138,-1.41664074060623
2016-04-01,45.548187255859375,115.15631866455078,13.100000381469727,15.514499998092651,-1.4718540064062893
2016-04-04,45.371910095214844,111.67363739013672,14.119999885559082,15.377499961853028,-1.2873452362362392
2016-04-05,44.72813415527344,111.3462142944336,15.420000076293945,15.280999946594239,-1.3457180962663338
2016-04-06,45.07301712036133,112.8246078491211,14.09000015258789,15.051999950408936,-1.3914394922451143
2016-04-07,43.931053161621094,112.75516510009766,16.15999984741211,14.942999935150146,-1.5252002463165117
2016-04-08,44.25294494628906,109.76859283447266,15.359999656677246,14.808499956130982,-1.3098646501720674
2016-04-11,44.605491638183594,108.14134979248047,16.260000228881836,14.796499967575073,-1.1711503156887146
2016-04-12,45.433223724365234,109.74874877929688,14.850000381469727,14.692999982833863,-1.1662024100996842
2016-04-13,47.35693359375,109.6495361328125,13.84000015258789,14.542999982833862,-0.9280992801455357
2016-04-14,47.970062255859375,109.97696685791016,13.720000267028809,14.479500007629394,-0.8734267767714912
2016-04-15,47.41825485229492,108.78630065917969,13.619999885559082,14.438500022888183,-0.8696880894361272
2016-04-18,47.72481918334961,109.5899887084961,13.350000381469727,14.405000019073487,-0.88016750589637
2016-04-19,48.5295524597168,111.4156723022461,13.239999771118164,14.377500009536742,-0.890894470533238
2016-04-20,49.23465347290039,111.5446548461914,13.279999732971191,14.332999992370606,-0.8133923609517911
2016-04-21,48.744140625,112.55672454833984,13.949999809265137,14.283500003814698,-0.9324124320869999
2016-04-22,49.027732849121094,109.69913482666016,13.220000267028809,14.20750002861023,-0.7293220813619287
2016-04-25,48.744140625,109.24272155761719,14.079999923706055,14.149500036239624,-0.7365896416344996
2016-04-26,48.9970703125,107.91314697265625,13.960000038146973,14.156500053405761,-0.6274906942417641
2016-04-27,49.13502883911133,108.0421371459961,13.770000457763672,14.16700005531311,-0.6184575568602478
2016-04-28,48.744140625,115.82109832763672,15.220000267028809,14.230500078201294,-1.1253026570902356
2016-04-29,48.437583923339844,116.66447448730469,15.699999809265137,14.360500049591064,-1.2121465254787447
2016-05-02,48.889774322509766,117.64676666259766,14.680000305175781,14.388500070571899,-1.2155988011162808
2016-05-03,47.94707489013672,116.51564025878906,15.600000381469727,14.39750008583069,-1.2625688995124908
2016-05-04,47.188323974609375,117.1407470703125,16.049999237060547,14.49550004005432,-1.3911066821134654
2016-05-05,46.93540954589844,116.8927001953125,15.90999984741211,14.483000040054321,-1.4069829190149161
2016-05-06,47.21131134033203,118.55960845947266,14.720000267028809,14.451000070571899,-1.4721713371184644
2016-05-09,46.91241455078125,118.3115463256836,14.569999694824219,14.366500043869019,-1.4935979127369459
2016-05-10,47.548545837402344,119.5617446899414,13.630000114440918,14.305500030517578,-1.4906742889968139
2016-05-11,47.37226104736328,118.58936309814453,14.6899995803833,14.348000001907348,-1.4544988011141693
2016-05-12,47.341609954833984,119.34345245361328,14.40999984741211,14.382499980926514,-1.5027579328961027
2016-05-13,46.904754638671875,118.87710571289062,15.039999961853027,14.45349998474121,-1.5279412821730873
2016-05-16,47.257301330566406,117.74598693847656,14.680000305175781,14.519999980926514,-1.4185426842054605
2016-05-17,47.257301330566406,116.43627166748047,15.569999694824219,14.636499977111816,-1.3411522594585044
2016-05-18,49.08137512207031,116.73394012451172,15.949999809265137,14.769999980926514,-1.138529245245573
2016-05-19,48.58321762084961,115.90047454833984,16.329999923706055,14.88899998664856,-1.149420457646171
2016-05-20,48.67517852783203,116.43627166748047,15.199999809265137,14.987999963760377,-1.1699784230811583
2016-05-23,48.63684844970703,115.06700897216797,15.819999694824219,15.074999952316285,-1.0936967858312172
2016-05-24,49.464595794677734,116.78353881835938,14.420000076293945,15.097999954223633,-1.0951955263867463
2016-05-25,50.21567153930664,116.97207641601562,13.899999618530273,15.104499912261963,-1.0156621760550677
2016-05-26,49.84013366699219,118.5397720336914,13.430000305175781,15.014999914169312,-1.153633502992084
2016-05-27,50.146697998046875,118.4504623413086,13.119999885559082,14.885999917984009,-1.1113461265022724
2016-05-31,50.0240592956543,117.88489532470703,14.1899995803833,14.861499881744384,-1.0927326627015626
2016-06-01,50.34597396850586,117.85513305664062,14.199999809265137,14.791499853134155,-1.0521107372974652
2016-06-02,50.43793869018555,118.00397491455078,13.630000114440918,14.670499897003173,-1.0498032480398698
2016-06-03,49.541229248046875,117.54753875732422,13.470000267028809,14.548499917984008,-1.1310882965331894
2016-06-06,50.031742095947266,117.86504364013672,13.649999618530273,14.494999885559082,-1.0906321271417745
2016-06-07,49.863121032714844,116.84307861328125,14.050000190734863,14.468999910354615,-1.0506015719874462
2016-06-08,50.00874710083008,117.46817016601562,14.079999923706055,14.491499900817871,-1.0699571514140673
2016-06-09,49.62552261352539,117.6368408203125,14.640000343322754,14.488999938964843,-1.1261887581579053
2016-06-10,48.9280891418457,115.71195220947266,17.030000686645508,14.619999980926513,-1.096646003127467
2016-06-13,48.491233825683594,113.062744140625,20.969999313354492,14.916499948501587,-0.9928451608871489
2016-06-14,47.57920455932617,114.04503631591797,20.5,15.207499933242797,-1.1609934442325993
2016-06-15,47.494903564453125,113.70768737792969,20.139999389648438,15.43599991798401,-1.1512369370462325
2016-06-16,47.68650436401367,113.49932098388672,19.3700008392334,15.606999969482422,-1.1157935811383026
2016-06-17,47.732479095458984,112.13998413085938,19.40999984741211,15.760999965667725,-1.029920722469865
2016-06-20,47.80146408081055,112.48726654052734,18.3700008392334,15.919500017166138,-1.0421132254207293
2016-06-21,48.245975494384766,113.48939514160156,18.479999542236328,16.052500009536743,-1.0476646744528144
2016-06-22,48.06203079223633,113.02305603027344,21.170000076293945,16.39000000953674,-1.0423157315528577
2016-06-23,49.08903884887695,114.18394470214844,17.25,16.557500028610228,-0.9869260757526185
2016-06-24,45.6784782409668,111.20731353759766,25.760000228881836,17.174000024795532,-1.2227798197779645
2016-06-27,44.15331268310547,108.12152862548828,23.850000381469727,17.710500049591065,-1.2245685922201512
2016-06-28,45.61717224121094,111.8224868774414,18.75,17.938500070571898,-1.2665313001056175
2016-06-29,46.904754638671875,113.27111053466797,16.639999389648438,18.060500049591063,-1.1966858119348303
2016-06-30,47.62517166137695,113.39017486572266,15.630000114440918,18.160500049591064,-1.116748608223152
2016-07-01,47.31623077392578,113.3008804321289,14.770000457763672,18.225500059127807,-1.1487692664289935
2016-07-05,45.995452880859375,113.31079864501953,15.579999923706055,18.322000074386597,-1.308806809686502
2016-07-06,46.48978042602539,115.79132843017578,14.960000038146973,18.367500066757202,-1.395702176293723
2016-07-07,46.7910041809082,114.94794464111328,14.760000228881836,18.401500082015993,-1.3095016793886547
2016-07-08,47.75648880004883,116.32713317871094,13.199999809265137,18.32950005531311,-1.2744386977472133
2016-07-11,48.096336364746094,116.95222473144531,13.539999961853027,18.155000019073487,-1.27034680320288
2016-07-12,48.81465530395508,117.01174926757812,13.550000190734863,17.784000062942503,-1.187144714621625
2016-07-13,48.78376007080078,115.87071228027344,13.039999961853027,17.411000061035157,-1.123451246217284
2016-07-14,49.52523422241211,116.37673950195312,12.819999694824219,17.045000076293945,-1.0638373565121253
2016-07-15,49.57158660888672,115.95008850097656,12.670000076293945,16.710000038146973,-1.0330308489525384
2016-07-18,49.40167236328125,118.44054412841797,12.4399995803833,16.361500024795532,-1.2007036054249667
2016-07-19,49.324424743652344,119.67089080810547,11.970000267028809,16.0414999961853,-1.2827299317466399
2016-07-20,49.37849807739258,120.9706802368164,11.770000457763672,15.70600004196167,-1.353005816858229
2016-07-21,49.193111419677734,119.67089080810547,12.739999771118164,15.284500026702881,-1.2985827894380837
2016-07-22,49.463443756103516,120.0578384399414,12.020000457763672,15.023000049591065,-1.2888113448337504
2016-07-25,49.332149505615234,120.68294525146484,12.869999885559082,14.378500032424927,-1.3415991508342122
2016-07-26,49.5329704284668,120.27613830566406,13.050000190734863,13.838500022888184,-1.2933169379382572
2016-07-27,49.68745040893555,122.37963104248047,12.829999923706055,13.542500019073486,-1.3989616165305414
2016-07-28,49.50980758666992,124.0267105102539,12.720000267028809,13.346500062942505,-1.5177327304368093
2016-07-29,49.40938949584961,122.97496032714844,11.869999885559082,13.158500051498413,-1.4677083519254364
2016-08-01,49.2780876159668,123.34207153320312,12.4399995803833,13.042000007629394,-1.5052522468229963
2016-08-02,49.1622200012207,122.13157653808594,13.369999885559082,12.931500005722047,-1.4477128666697476
2016-08-03,49.94233703613281,121.55609130859375,12.859999656677246,12.82649998664856,-1.3195277647198522
2016-08-04,49.86509323120117,123.39169311523438,12.420000076293945,12.709499979019165,-1.4373178552947303
2016-08-05,51.20904541015625,124.175537109375,11.390000343322754,12.619000005722047,-1.3213856008777813
2016-08-08,51.05455780029297,124.28468322753906,11.5,12.517000007629395,-1.3464855741343065
2016-08-09,50.876922607421875,124.08623504638672,11.65999984741211,12.422499990463256,-1.3562044549908008
2016-08-10,50.42121124267578,123.90762329101562,12.050000190734863,12.373000001907348,-1.4006663262171974
2016-08-11,50.560237884521484,123.927490234375,11.680000305175781,12.316000032424927,-1.3850562027118574
2016-08-12,50.45210647583008,123.90762329101562,11.550000190734863,12.260000038146973,-1.39693648586502
2016-08-15,50.76106262207031,122.9352798461914,11.8100004196167,12.228500080108642,-1.3021823306804576
2016-08-16,50.75334548950195,122.3399429321289,12.640000343322754,12.26200008392334,-1.2679358223278407
2016-08-17,50.892364501953125,123.401611328125,12.1899995803833,12.283000040054322,-1.3138861501938341
2016-08-18,50.93870162963867,122.94520568847656,11.430000305175781,12.217500066757202,-1.2813232979399798
2016-08-19,50.86919403076172,122.59791564941406,11.34000015258789,12.183500051498413,-1.2691934369153153
2016-08-22,50.82284927368164,123.1833267211914,12.270000457763672,12.153500080108643,-1.3093800771306727
2016-08-23,50.7996826171875,123.401611328125,12.380000114440918,12.120000076293945,-1.325075210719393
2016-08-24,50.93870162963867,122.51853942871094,13.449999809265137,12.1510000705719,-1.256111800601827
2016-08-25,51.031394958496094,122.92534637451172,13.630000114440918,12.196500062942505,-1.2689593788246625
2016-08-26,51.14723587036133,123.98701477050781,13.649999618530273,12.285500049591064,-1.317707892883992
2016-08-29,51.711090087890625,125.5547103881836,12.9399995803833,12.310500049591065,-1.3422707044776563
2016-08-30,52.13588333129883,124.86015319824219,13.119999885559082,12.298000049591064,-1.249946317567529
2016-08-31,52.13588333129883,125.13798522949219,13.420000076293945,12.326000070571899,-1.2663632742778184
2016-09-01,51.91191864013672,125.18759155273438,13.479999542236328,12.379000043869018,-1.2963327212449016
2016-09-02,52.128177642822266,125.52494812011719,11.979999542236328,12.408500003814698,-1.2901589918224807
2016-09-06,52.08955764770508,128.71987915039062,12.020000457763672,12.434500026702882,-1.4836082948553753
2016-09-07,51.87329864501953,130.02960205078125,11.9399995803833,12.44850001335144,-1.5871071318227596
2016-09-08,51.94281005859375,129.25567626953125,12.510000228881836,12.471500015258789,-1.5329844464711078
2016-09-09,51.479373931884766,126.11035919189453,17.5,12.7625,-1.4030777491707858
2016-09-12,51.79603576660156,127.68795776367188,15.15999984741211,12.942999982833863,-1.4580681284681096
2016-09-13,51.386688232421875,126.21949768066406,17.850000381469727,13.244999980926513,-1.4207162093129029
2016-09-14,51.28626251220703,126.775146484375,18.139999389648438,13.519999933242797,-1.4656731595004278
2016-09-15,51.471649169921875,127.35063934326172,16.299999237060547,13.72549991607666,-1.477297862412355
2016-09-16,50.83829879760742,128.06503295898438,15.369999885559082,13.922499895095825,-1.5959725232362696
2016-09-19,51.12407684326172,127.64826965332031,15.529999732971191,14.13199987411499,-1.5368455086771597
2016-09-20,51.33261489868164,127.63836669921875,15.920000076293945,14.314499855041504,-1.5110845013252243
2016-09-21,51.626121520996094,128.92823791503906,13.300000190734863,14.360499858856201,-1.5518686370984347
2016-09-22,52.050941467285156,129.067138671875,12.020000457763672,14.288999891281128,-1.5087896425166971
2016-09-23,51.94281005859375,126.96366882324219,12.289999961853027,14.221999883651733,-1.397550865051085
2016-09-26,50.80739974975586,126.31871032714844,14.5,14.26449990272522,-1.4965134873101928
2016-09-27,51.255393981933594,127.68795776367188,13.100000381469727,14.272499942779541,-1.5233373411798887
2016-09-28,51.525718688964844,128.22377014160156,12.390000343322754,14.235999965667725,-1.5223631615338968
2016-09-29,50.70699691772461,127.09263610839844,14.020000457763672,14.26599998474121,-1.554365552483049
2016-09-30,51.43301773071289,127.27124786376953,13.289999961853027,14.256500005722046,-1.4772704564936816
2016-10-03,51.37125015258789,127.7673568725586,13.569999694824219,14.336000013351441,-1.5140422088936571
2016-10-04,51.81468963623047,127.19186401367188,13.630000114440918,14.416499996185303,-1.4265021987618283
2016-10-05,52.662715911865234,127.46967315673828,12.989999771118164,14.469000005722046,-1.3405394650171618
2016-10-06,52.80276107788086,127.73760986328125,12.84000015258789,14.485500001907349,-1.3394646988169647
2016-10-07,52.98948287963867,127.98562622070312,13.479999542236328,14.284499979019165,-1.331577792094443
2016-10-10,53.401817321777344,129.22589111328125,13.380000114440918,14.195499992370605,-1.3550851750537203
2016-10-11,53.14506912231445,127.87649536132812,15.359999656677246,14.070999956130981,-1.306346087551894
2016-10-12,53.005035400390625,128.04518127441406,15.90999984741211,13.959499979019165,-1.3332192858557084
2016-10-13,52.70161819458008,126.82474517822266,16.690000534057617,13.979000043869018,-1.2977344962771193
2016-10-14,52.53046417236328,126.88428497314453,16.1200008392334,14.016500091552734,-1.3219153163578135
2016-10-17,52.25814437866211,126.54693603515625,16.209999084472656,14.050500059127808,-1.3348574597799325
2016-10-18,52.670501708984375,127.56890106201172,15.279999732971191,14.01850004196167,-1.3454628489308005
2016-10-19,53.17619705200195,129.09690856933594,14.40999984741211,14.074000024795533,-1.3747017650171602
2016-10-20,53.1061897277832,128.98777770996094,13.75,14.160500001907348,-1.3767049411693968
2016-10-21,53.285125732421875,131.04165649414062,13.34000015258789,14.213000011444091,-1.476465491877313
2016-10-24,53.580753326416016,132.2422637939453,13.020000457763672,14.139000034332275,-1.5117190119749278
2016-10-25,53.52629470825195,131.25994873046875,13.460000038146973,14.157000017166137,-1.4602490430242718
2016-10-26,53.78303909301758,130.01966857910156,14.239999771118164,14.249499988555907,-1.355965928381321
2016-10-27,53.860843658447266,128.68019104003906,15.359999656677246,14.316499948501587,-1.2674238762691041
2016-10-28,53.767459869384766,130.26773071289062,16.190000534057617,14.461499977111817,-1.3725046051338485
2016-10-31,53.88418960571289,129.97007751464844,17.059999465942383,14.635999965667725,-1.3408241777315943
2016-11-01,53.658538818359375,128.49166870117188,18.559999465942383,14.882499933242798,-1.2807075240193195
2016-11-02,53.43292999267578,126.17980194091797,19.31999969482422,15.198999929428101,-1.171337188421137
2016-11-03,53.19953918457031,119.06562805175781,22.079999923706055,15.66099991798401,-0.7791403933628597
2016-11-04,52.717185974121094,119.8097915649414,22.510000228881836,16.112499952316284,-0.8813449451258967
2016-11-07,54.36653137207031,121.19889068603516,18.709999084472656,16.37899990081787,-0.7643081873693739
2016-11-08,54.48323059082031,123.25277709960938,18.739999771118164,16.547999906539918,-0.8715827517226469
2016-11-09,56.98838806152344,122.22087860107422,14.380000114440918,16.471499919891357,-0.5081721655608946
2016-11-10,59.633575439453125,119.85941314697266,14.739999771118164,16.373999881744385,-0.04929295750720937
2016-11-11,59.664710998535156,118.09326934814453,14.170000076293945,16.276499843597414,0.05882645601668312
2016-11-14,61.85865020751953,114.18394470214844,14.479999542236328,16.189999866485596,0.5546907649173239
2016-11-15,61.74197006225586,116.28743743896484,13.369999885559082,16.09449987411499,0.4163101631550398
2016-11-16,60.21707534790039,115.43413543701172,13.720000267028809,16.059999895095824,0.2826377822625168
2016-11-17,60.699440002441406,116.87284851074219,13.350000381469727,16.03999991416931,0.25585862246690494
2016-11-18,60.4582633972168,116.10882568359375,12.850000381469727,16.015499925613405,0.27188820206550934
2016-11-21,60.72276306152344,120.82183837890625,12.420000076293945,15.985499906539918,0.025330459233783634
2016-11-22,61.09620666503906,120.52420043945312,12.40999984741211,15.932999897003175,0.08800187737615553
2016-11-23,61.35295486450195,119.89909362792969,12.430000305175781,15.842499923706054,0.15593516549318232
2016-11-25,61.32964324951172,119.44267272949219,12.34000015258789,15.691499948501587,0.18009054487209697
2016-11-28,60.93285369873047,119.47244262695312,13.149999618530273,15.53949990272522,0.13042886670833767
2016-11-29,61.3996467590332,119.92886352539062,12.899999618530273,15.331499910354614,0.15981297615307286
2016-11-30,62.37212371826172,117.49793243408203,13.329999923706055,15.069999933242798,0.42085818721953466
2016-12-01,63.63249969482422,114.20378112792969,14.069999694824219,14.807499933242799,0.7676673850470186
2016-12-02,63.484683990478516,114.5014419555664,14.119999885559082,14.40949993133545,0.7322336399267922
2016-12-05,64.77616882324219,116.51564025878906,12.140000343322754,13.890999937057495,0.7691307264070267
2016-12-06,65.11067199707031,116.3965835571289,11.789999961853027,13.544999980926514,0.8165487677457912
2016-12-07,65.40632629394531,117.0315933227539,12.220000267028809,13.219000005722046,0.8147193486925527
2016-12-08,66.2232437133789,117.98411560058594,12.640000343322754,13.132000017166138,0.8570579883887907
2016-12-09,66.51106262207031,118.74813079833984,11.75,12.982500028610229,0.8466597718169833
2016-12-12,65.91981506347656,116.85298919677734,12.640000343322754,12.90600004196167,0.8872641310171819
2016-12-13,65.94316101074219,119.37322235107422,12.720000267028809,12.818000078201294,0.7411632554408952
2016-12-14,65.91981506347656,119.27399444580078,13.1899995803833,12.809000062942506,0.744208133514735
2016-12-15,66.90787506103516,119.63118743896484,12.789999961853027,12.762500047683716,0.842385746488221
2016-12-16,66.08319854736328,118.9366455078125,12.199999809265137,12.705000019073486,0.7838664562618538
2016-12-19,66.46442413330078,118.3115463256836,11.710000038146973,12.648000001907349,0.8668268797491657
2016-12-20,67.32018280029297,118.1627197265625,11.449999809265137,12.599499988555909,0.9789328038461882
2016-12-21,67.49136352539062,118.11312103271484,11.270000457763672,12.542500019073486,1.0025294329195757
2016-12-22,67.60028839111328,116.48588562011719,11.430000305175781,12.492500019073486,1.1118319665115324
2016-12-23,67.72478485107422,116.35688781738281,11.4399995803833,12.447499990463257,1.134484271436241
2016-12-27,67.78700256347656,117.09112548828125,11.989999771118164,12.389499998092651,1.098609792377261
2016-12-28,67.29688262939453,116.0096206665039,12.949999809265137,12.392000007629395,1.1033454345437195
2016-12-29,66.8222885131836,115.44405364990234,13.369999885559082,12.394000005722045,1.0794689291614494
2016-12-30,67.13351440429688,114.15419006347656,14.039999961853027,12.392500019073486,1.1932592077105182
2017-01-03,67.86479187011719,115.95008850097656,12.850000381469727,12.32900004386902,1.1754242487398545
2017-01-04,67.989990234375,117.76583862304688,11.850000381469727,12.314500045776366,1.0832471025629444
2017-01-05,67.3641357421875,119.73042297363281,11.670000076293945,12.308500051498413,0.8916042356250546
2017-01-06,67.37196350097656,122.44908142089844,11.319999694824219,12.263500022888184,0.7319050680582099
2017-01-09,67.41888427734375,123.927490234375,11.5600004196167,12.20950002670288,0.6502111566572611
2017-01-10,67.61444091796875,123.38176727294922,11.489999771118164,12.196500015258788,0.7060663151653045
2017-01-11,68.12295532226562,125.10820770263672,11.260000228881836,12.127500009536742,0.6654424286595636
2017-01-12,67.4658203125,125.63409423828125,11.539999961853027,12.068499994277953,0.5550351469363148
2017-01-13,67.82569885253906,127.3406982421875,11.229999542236328,11.970499992370605,0.4976392561351389
2017-01-17,65.36140441894531,126.87435913085938,11.869999885559082,11.924499988555908,0.22769199385857664
2017-01-18,65.66655731201172,126.92396545410156,12.479999542236328,11.938499975204468,0.2616004955331484
2017-01-19,65.1658706665039,126.5568618774414,12.779999732971191,11.991999959945678,0.22284685221686762
2017-01-20,65.4552993774414,126.05081176757812,11.539999961853027,11.996499967575073,0.287690507823237
2017-01-23,65.48661041259766,127.92609405517578,11.770000457763672,12.021499967575073,0.18066104724550808
2017-01-24,66.27674865722656,128.3626708984375,11.069999694824219,12.003499937057494,0.25025371893658216
2017-01-25,67.30155944824219,130.45623779296875,10.8100004196167,11.971999979019165,0.2502666160381747
2017-01-26,67.86479187011719,131.74612426757812,10.630000114440918,11.903999996185302,0.2420443421547652
2017-01-27,68.005615234375,131.15077209472656,10.579999923706055,11.785500001907348,0.29422436770818994
2017-01-30,67.30155944824219,129.96011352539062,11.880000114440918,11.711000013351441,0.2795823525539005
2017-01-31,66.20631408691406,129.30526733398438,11.989999771118164,11.608500003814697,0.1860529199161045
2017-02-01,66.45664978027344,132.192626953125,11.8100004196167,11.556500005722047,0.045662158937504305
2017-02-02,66.175048828125,129.8212432861328,11.930000305175781,11.560500001907348,0.15178964536409212
2017-02-03,68.20121002197266,129.96011352539062,10.970000267028809,11.525500011444091,0.3881930562181581
2017-02-06,67.88043975830078,131.03173828125,11.369999885559082,11.528000020980835,0.2861461532595781
2017-02-07,67.8413314819336,130.8134307861328,11.289999961853027,11.514499998092651,0.29432447116174293
2017-02-08,67.24679565429688,133.15504455566406,11.449999809265137,11.5125,0.08418408244230305
2017-02-09,68.21682739257812,133.09555053710938,10.880000114440918,11.493499994277954,0.20480705456468135
2017-02-10,68.06038665771484,133.14515686035156,10.850000381469727,11.45900001525879,0.18298946635471536
2017-02-13,68.96002197265625,133.00624084472656,11.069999694824219,11.451000022888184,0.29980680625022427
2017-02-14,70.06306457519531,132.80780029296875,10.739999771118164,11.394500017166138,0.44469785397080736
2017-02-15,70.86885833740234,132.40098571777344,11.970000267028809,11.369000053405761,0.5660161247282001
2017-02-16,70.82191467285156,132.79786682128906,11.760000228881836,11.318000078201294,0.5368973233201878
2017-02-17,70.58723449707031,132.4902801513672,11.489999771118164,11.315500068664551,0.5267406013756214
2017-02-21,71.19743347167969,132.6787872314453,11.569999694824219,11.305500030517578,0.5892683461345032
2017-02-22,71.23651885986328,135.0601348876953,11.739999771118164,11.339000034332276,0.45327429644037137
2017-02-23,71.29129791259766,134.30604553222656,11.710000038146973,11.384000015258788,0.504446286627974
2017-02-24,70.66548919677734,134.38540649414062,11.470000267028809,11.426000022888184,0.42420585959187035
2017-02-27,70.74366760253906,135.34786987304688,12.09000015258789,11.501500034332276,0.3767724984124542
2017-02-28,70.892333984375,134.484619140625,12.920000076293945,11.553500032424926,0.44572936845014094
2017-03-01,73.22357177734375,136.34999084472656,12.539999961853027,11.58100004196167,0.6169451694591288
2017-03-02,72.0814208984375,135.6951446533203,11.8100004196167,11.58100004196167,0.5177530479745146
2017-03-03,72.59774017333984,136.10194396972656,10.960000038146973,11.53250002861023,0.5560483456768072
2017-03-06,71.90930938720703,136.34999084472656,11.239999771118164,11.546000003814697,0.4582802753766146
2017-03-07,71.5103530883789,136.23092651367188,11.449999809265137,11.55,0.417151556247925
2017-03-08,71.3538818359375,136.64767456054688,11.859999656677246,11.57849998474121,0.37363606172260655
2017-03-09,71.63550567626953,137.1636199951172,12.300000190734863,11.621000003814697,0.377148261925272
2017-03-10,71.40864562988281,137.7093505859375,11.65999984741211,11.659999990463257,0.31751353543378336
2017-03-13,71.47122192382812,138.5130157470703,11.350000381469727,11.684999990463258,0.2775799103772455
2017-03-14,71.58857727050781,138.23519897460938,12.300000190734863,11.746500015258789,0.3081637403136699
2017-03-15,71.76068878173828,138.63209533691406,11.630000114440918,11.791000032424927,0.3054895678780647
2017-03-16,71.69027709960938,138.89999389648438,11.210000038146973,11.753000020980835,0.28115909437091086
2017-03-17,70.93925476074219,138.7511749267578,11.279999732971191,11.728999996185303,0.19928523747917967
2017-03-20,70.43079376220703,138.85037231445312,11.34000015258789,11.721500015258789,0.13203953969608867
2017-03-21,68.36547088623047,137.4315185546875,12.470000267028809,11.76650004386902,-0.03345809174894564
2017-03-22,68.47502136230469,138.5030975341797,12.8100004196167,11.820000076293946,-0.08355163283871561
2017-03-23,68.36547088623047,138.44357299804688,13.119999885559082,11.89050006866455,-0.09325988605730566
2017-03-24,68.28726196289062,139.2472686767578,12.960000038146973,11.96500005722046,-0.15019167048034368
2017-03-27,68.24813079833984,139.2274169921875,12.5,11.985500049591064,-0.1537427710240163
2017-03-28,69.31207275390625,140.6561737060547,11.529999732971191,11.916000032424927,-0.10972244387575075
2017-03-29,69.05390930175781,141.5392608642578,11.420000076293945,11.860000038146973,-0.19307051951442786
2017-03-30,69.6484603881836,141.3011474609375,11.539999961853027,11.846500015258789,-0.10722308037237233
2017-03-31,68.71751403808594,140.94395446777344,12.369999885559082,11.917000007629394,-0.1985056236146806
2017-04-03,68.46715545654297,141.17214965820312,12.380000114440918,11.974000024795533,-0.24221421183155792
2017-04-04,68.69535827636719,140.62643432617188,11.789999961853027,11.991000032424926,-0.18241828007175787
2017-04-05,67.81414794921875,140.74549865722656,12.890000343322754,12.042500066757203,-0.29583822918686636
2017-04-06,68.04231262207031,140.07078552246094,12.390000343322754,12.047000074386597,-0.22842448665437526
2017-04-07,67.80628204345703,139.68382263183594,12.869999885559082,12.107500076293945,-0.23405393511317232
2017-04-10,67.57022094726562,139.94180297851562,14.050000190734863,12.242500066757202,-0.2777964433290803
2017-04-11,67.45221710205078,138.8305206298828,15.069999694824219,12.38100004196167,-0.226377386516571
2017-04-12,67.19257354736328,138.49317932128906,15.770000457763672,12.588000059127808,-0.23778963633178518
2017-04-13,66.40576934814453,138.30467224121094,15.960000038146973,12.825500059127808,-0.32163812302725253
2017-04-17,67.55451965332031,140.31883239746094,14.65999984741211,12.994500064849854,-0.30197046988664283
2017-04-18,67.00375366210938,139.86244201660156,14.420000076293945,13.148500061035156,-0.34149405091358903
2017-04-19,66.45294952392578,141.16224670410156,14.930000305175781,13.271500062942504,-0.4847949314294166
2017-04-20,67.31057739257812,142.68031311035156,14.149999618530273,13.338500022888184,-0.4709592267945181
2017-04-21,66.50020599365234,142.56124877929688,14.630000114440918,13.414000034332275,-0.5617562113858989
2017-04-24,68.8448486328125,144.33734130859375,10.84000015258789,13.30800004005432,-0.3836466424482398
2017-04-25,69.44280242919922,145.34938049316406,10.760000228881836,13.221000051498413,-0.3712593050687711
2017-04-26,69.5765609741211,145.41883850097656,10.850000381469727,13.18700008392334,-0.35921548620105903
2017-04-27,68.931396484375,146.5499725341797,10.359999656677246,13.134000062942505,-0.5039413956973626
2017-04-28,68.45144653320312,149.08010864257812,10.819999694824219,13.098000049591064,-0.7113880463959759
2017-05-01,68.49864196777344,151.27288818359375,10.109999656677246,12.985000038146973,-0.8352606109852168
2017-05-02,68.05803680419922,151.5904083251953,10.59000015258789,12.895500040054321,-0.9072149668904878
2017-05-03,68.45144653320312,150.6180419921875,10.680000305175781,12.84000005722046,-0.8022637640382219
2017-05-04,68.53013610839844,149.6754150390625,10.460000038146973,12.71850004196167,-0.7370645727231444
2017-05-05,68.45144653320312,149.0701446533203,10.569999694824219,12.627500009536742,-0.7107992792204583
2017-05-08,68.53013610839844,149.88375854492188,9.770000457763672,12.472500038146972,-0.7493754869873299
2017-05-09,68.25474548339844,149.3083038330078,9.960000038146973,12.268000030517578,-0.7486188059434197
2017-05-10,68.78975677490234,149.11976623535156,10.210000038146973,12.025000047683715,-0.6728887439608504
2017-05-11,68.57733917236328,148.87171936035156,10.600000381469727,11.76650004386902,-0.6838759840505074
2017-05-12,68.38850402832031,149.15948486328125,10.399999618530273,11.488500022888184,-0.723677108904538
2017-05-15,68.71896362304688,149.02056884765625,10.420000076293945,11.276500034332276,-0.6755737534005571
2017-05-16,68.931396484375,148.61375427246094,10.649999618530273,11.088000011444091,-0.6258892334049629
2017-05-17,66.3034896850586,143.72215270996094,15.59000015258789,11.121000003814697,-0.6541021091838336
2017-05-18,66.05957794189453,146.51025390625,14.65999984741211,11.14650001525879,-0.8482959742792799
2017-05-19,66.70475006103516,146.90716552734375,12.039999961853027,11.017000007629395,-0.7938606023590867
2017-05-22,66.6418228149414,147.0857391357422,10.930000305175781,11.02150001525879,-0.8120093471052232
2017-05-23,67.4758071899414,146.9170684814453,10.720000267028809,11.019500017166138,-0.7013595584408154
2017-05-24,67.43648529052734,148.87171936035156,10.020000457763672,10.978000020980835,-0.8216060611520016
2017-05-25,67.1532211303711,150.77679443359375,9.989999771118164,10.95950002670288,-0.968373188809868
2017-05-26,67.1611099243164,150.9454803466797,9.8100004196167,10.909000062942505,-0.9773883775648018
2017-05-30,66.01236724853516,151.1935272216797,10.380000114440918,10.922500085830688,-1.1307277993425282
2017-05-31,64.63549041748047,150.28067016601562,10.40999984741211,10.9135000705719,-1.243011578872722
2017-06-01,65.35147094726562,150.3501434326172,9.890000343322754,10.874000072479248,-1.160679661319307
2017-06-02,65.02098846435547,152.41392517089844,9.75,10.8385000705719,-1.3225251393615833
2017-06-05,65.13902282714844,152.43377685546875,10.069999694824219,10.8135000705719,-1.3094484161676545
2017-06-06,65.27275848388672,151.62017822265625,10.449999809265137,10.847500038146972,-1.2452279822598469
2017-06-07,66.0202407836914,151.92774963378906,10.390000343322754,10.869000053405761,-1.1731621010118563
2017-06-08,66.83848571777344,153.50538635253906,10.15999984741211,10.866500043869019,-1.1676008983179522
2017-06-09,68.41998291015625,148.43516540527344,10.699999809265137,10.871500015258789,-0.6770771303538392
2017-06-12,68.43571472167969,147.28421020507812,11.460000038146973,10.924500036239625,-0.6071685295910074
2017-06-13,68.66387176513672,149.50674438476562,10.420000076293945,10.924500036239625,-0.7109526126903969
2017-06-14,68.52224731445312,149.08010864257812,10.640000343322754,10.924000072479249,-0.7028405915328554
2017-06-15,68.1131362915039,148.63360595703125,10.899999618530273,10.689500045776366,-0.7258470744041228
2017-06-16,67.80628204345703,149.467041015625,10.380000114440918,10.475500059127807,-0.8121394494844253
2017-06-19,69.29331970214844,151.67970275878906,10.369999885559082,10.39200005531311,-0.7633612698007073
2017-06-20,68.86055755615234,151.06454467773438,10.859999656677246,10.388500022888184,-0.7792572811669527
2017-06-21,68.54586029052734,152.71160888671875,10.75,10.390000009536744,-0.9145734502451084
2017-06-22,68.4671859741211,152.20556640625,10.479999542236328,10.412999963760376,-0.8941696422485267
2017-06-23,68.34129333496094,153.86256408691406,10.020000457763672,10.414499998092651,-1.0072792552446963
2017-06-26,68.6402816772461,152.39407348632812,9.899999618530273,10.41899995803833,-0.8844113785260567
2017-06-27,69.27760314941406,149.40753173828125,11.0600004196167,10.45299997329712,-0.6309972005358279
2017-06-28,70.67021942138672,152.0468292236328,10.029999732971191,10.433999967575073,-0.6188277775710831
2017-06-29,71.7166519165039,149.86395263671875,11.4399995803833,10.511499929428101,-0.3635116699673708
2017-06-30,71.91336059570312,149.8043975830078,11.180000305175781,10.58299994468689,-0.33624485126275405
2017-07-03,73.3769302368164,147.2742462158203,11.220000267028809,10.64049997329712,-0.010049387482911258
2017-07-05,74.11267852783203,149.1693878173828,11.069999694824219,10.671499967575073,-0.03320883341721516
2017-07-06,73.8753433227539,147.6612548828125,12.539999961853027,10.778999948501587,0.02725359747369018
2017-07-07,74.24718475341797,150.26084899902344,11.1899995803833,10.830499935150147,-0.08146441032836299
2017-07-10,73.72503662109375,152.30477905273438,11.109999656677246,10.850999927520752,-0.2652757804098239
2017-07-11,73.44023895263672,154.0609893798828,10.890000343322754,10.82249994277954,-0.4034316976225313
2017-07-12,73.18708801269531,157.66275024414062,10.300000190734863,10.816499948501587,-0.6468197143205625
2017-07-13,73.65381622314453,158.0199432373047,9.899999618530273,10.779499912261963,-0.611580106272374
2017-07-14,72.98136901855469,158.7244415283203,9.510000228881836,10.709999942779541,-0.7343900392195857
2017-07-17,72.30101013183594,158.4862823486328,9.819999694824219,10.681999921798706,-0.8024539517374227
2017-07-18,72.04783630371094,161.5919189453125,9.890000343322754,10.657999944686889,-1.0165289951055667
2017-07-19,72.15070343017578,162.8619384765625,9.789999961853027,10.604499959945679,-1.0791551400861643
2017-07-20,72.15070343017578,163.2489013671875,9.579999923706055,10.54599995613098,-1.102020585064906
2017-07-21,71.90544128417969,163.1497039794922,9.359999656677246,10.489999961853027,-1.1257684390961904
2017-07-24,72.21398162841797,164.70745849609375,9.430000305175781,10.460499954223632,-1.180566713472944
2017-07-25,73.41650390625,163.99307250976562,9.430000305175781,10.436999988555907,-0.9931789796056087
2017-07-26,72.72822570800781,164.3205108642578,9.600000381469727,10.36399998664856,-1.095619831751431
2017-07-27,72.42759704589844,169.11288452148438,10.109999656677246,10.367999982833862,-1.4150923354281166
2017-07-28,72.21398162841797,171.10723876953125,10.289999961853027,10.310500001907348,-1.558726550665524
2017-07-31,72.6253662109375,167.93215942382812,10.260000228881836,10.264499998092651,-1.3214481081703942
2017-08-01,73.59844970703125,168.53741455078125,10.09000015258789,10.207999992370606,-1.2397364080556668
2017-08-02,73.66175842285156,167.9817657470703,10.279999732971191,10.168499994277955,-1.1992604242376548
2017-08-03,73.17916107177734,167.27728271484375,10.4399995803833,10.063499975204468,-1.215894645246614
2017-08-04,74.09687042236328,168.29928588867188,10.029999732971191,10.005499982833863,-1.1654934478047037
2017-08-07,74.38168334960938,170.64088439941406,9.930000305175781,9.946500015258788,-1.2694731770651413
2017-08-08,74.11267852783203,169.89674377441406,10.960000038146973,9.95,-1.2579780003644763
2017-08-09,73.99398803710938,169.8471221923828,11.109999656677246,9.99049997329712,-1.269374846433376
2017-08-10,72.93392181396484,166.09654235839844,16.040000915527344,10.297500038146973,-1.175731899337596
2017-08-11,72.3247299194336,166.77127075195312,15.510000228881836,10.597500038146972,-1.289146219234307
2017-08-14,73.17122650146484,169.42050170898438,12.329999923706055,10.723000049591064,-1.3434942953658835
2017-08-15,73.36112213134766,169.6685333251953,12.039999961853027,10.830500030517578,-1.3352251285079006
2017-08-16,72.85478973388672,168.6763458251953,11.739999771118164,10.928000020980836,-1.3377244591520763
2017-08-17,71.715576171875,165.61036682128906,15.550000190734863,11.226500034332275,-1.2940893316547795
2017-08-18,71.78677368164062,166.1064910888672,14.260000228881836,11.471500062942505,-1.314809718086168
2017-08-21,71.6997299194336,166.4735870361328,13.1899995803833,11.659500026702881,-1.3470096309980653
2017-08-22,72.43549346923828,168.31915283203125,11.350000381469727,11.755500030517577,-1.367237825079142
2017-08-23,72.52252197265625,167.39634704589844,12.25,11.888000011444092,-1.3022031359677622
2017-08-24,72.40386962890625,166.4339141845703,12.229999542236328,11.994000005722047,-1.2596578116828334
2017-08-25,72.6965560913086,165.02496337890625,11.279999732971191,12.043499994277955,-1.1410689090368193
2017-08-28,72.46712493896484,165.93780517578125,11.319999694824219,12.096499967575074,-1.2227064522032989
2017-08-29,72.07157135009766,166.74151611328125,11.699999809265137,12.176999950408936,-1.3179507099234806
2017-08-30,72.23772430419922,168.59693908691406,11.220000267028809,12.223999977111816,-1.4075278446626909
2017-08-31,71.90544128417969,170.6309814453125,10.59000015258789,12.231500005722046,-1.5678334081404348
2017-09-01,72.5462646484375,170.6805877685547,10.130000114440918,12.236500024795532,-1.4934009440075955
2017-09-05,70.81371307373047,169.3907012939453,12.229999542236328,12.351499986648559,-1.6263452293479101
2017-09-06,71.28837585449219,170.75003051757812,11.630000114440918,12.384999990463257,-1.6493634489110456
2017-09-07,70.03838348388672,171.86131286621094,11.550000190734863,12.407000017166137,-1.8659344390949657
2017-09-08,69.95137786865234,169.618896484375,12.119999885559082,12.210999965667725,-1.7439349594759392
2017-09-11,71.03520202636719,172.1589813232422,10.729999542236328,11.97199993133545,-1.763182171736361
2017-09-12,71.90544128417969,171.61328125,10.579999923706055,11.88449993133545,-1.625877015630634
2017-09-13,72.11112976074219,171.70257568359375,10.5,11.807499933242799,-1.6063215492771674
2017-09-14,71.96875,169.62884521484375,10.4399995803833,11.742499923706054,-1.5009747040730959
2017-09-15,72.48298645019531,170.30352783203125,10.170000076293945,11.47349991798401,-1.4787599474512236
2017-09-18,73.51143646240234,168.68624877929688,10.149999618530273,11.26799988746643,-1.2590356601828734
2017-09-19,74.31841278076172,171.1766815185547,10.180000305175781,11.117499923706054,-1.3087715293937157
2017-09-20,74.84049987792969,170.8294219970703,9.779999732971191,11.038999891281128,-1.2252229467163902
2017-09-21,75.18070220947266,169.77767944335938,9.670000076293945,10.909999895095826,-1.1220049284284228
2017-09-22,75.02249908447266,169.21209716796875,9.59000015258789,10.777999925613404,-1.1076840932568564
2017-09-25,74.4607925415039,161.60182189941406,10.210000038146973,10.724499940872192,-0.7258089728761336
2017-09-26,74.12850952148438,162.93141174316406,10.170000076293945,10.666999959945679,-0.8444887872082338
2017-09-27,75.29937744140625,166.37437438964844,9.869999885559082,10.575499963760375,-0.9065782048586382
2017-09-28,75.45760345458984,167.41619873046875,9.550000190734863,10.491999959945678,-0.9490371839118535
2017-09-29,75.56046295166016,169.53953552246094,9.510000228881836,10.437999963760376,-1.0620863429964382
2017-10-02,76.61264038085938,168.1504364013672,9.449999809265137,10.403999948501587,-0.8529805918842324
2017-10-03,77.01612091064453,168.6366424560547,9.510000228881836,10.267999982833862,-0.8329999050888621
2017-10-04,76.23291778564453,167.10861206054688,9.630000114440918,10.167999982833862,-0.8372618832605554
2017-10-05,77.25943756103516,169.9066619873047,9.1899995803833,10.049999952316284,-0.8786702206971336
2017-10-06,77.12413787841797,170.8889617919922,9.649999618530273,9.926499938964843,-0.9530479407458002
2017-10-09,76.71832275390625,171.1568603515625,10.329999923706055,9.90649995803833,-1.0178701395430947
2017-10-10,77.29125213623047,170.25392150878906,10.079999923706055,9.88149995803833,-0.8953487849997379
2017-10-11,77.06048583984375,171.39498901367188,9.850000381469727,9.848999977111816,-0.9906332577192698
2017-10-12,76.38410949707031,171.20648193359375,9.90999984741211,9.822499990463257,-1.061150293801721
2017-10-13,76.28064727783203,172.38720703125,9.609999656677246,9.794499969482422,-1.1434092743392872
2017-10-16,77.85623931884766,173.1611328125,9.90999984741211,9.782499980926513,-0.9989261353622664
2017-10-17,77.68115997314453,174.73876953125,10.3100004196167,9.788999986648559,-1.1132844349112168
2017-10-18,77.9756088256836,174.6593780517578,10.069999694824219,9.803499984741212,-1.0730457670651
2017-10-19,78.07109069824219,173.2008056640625,10.050000190734863,9.822499990463257,-0.9753323589789724
2017-10-20,79.18515014648438,173.6175537109375,9.970000267028809,9.841499996185302,-0.8654624864988678
2017-10-23,79.04985809326172,169.93643188476562,11.069999694824219,9.884499979019164,-0.6642800179267204
2017-10-24,80.30714416503906,170.46231079101562,11.15999984741211,9.933999967575073,-0.5435675377942327
2017-10-25,80.38672637939453,169.27166748046875,11.229999542236328,10.001999950408935,-0.4636054188763557
2017-10-26,80.95966339111328,169.30140686035156,11.300000190734863,10.089499950408936,-0.3961946361291186
2017-10-27,80.98351287841797,176.4949493408203,9.800000190734863,10.103999948501587,-0.8183782481799958
2017-10-30,80.69706726074219,178.46946716308594,10.5,10.15649995803833,-0.9696327962128412
2017-10-31,80.06047058105469,178.65797424316406,10.180000305175781,10.189999961853028,-1.057624994743953
2017-11-01,80.30714416503906,181.2377471923828,10.199999809265137,10.218499946594239,-1.180282721928404
2017-11-02,80.84030151367188,177.52684020996094,9.930000305175781,10.255499982833863,-0.8966414208307395
2017-11-03,80.69706726074219,177.52684020996094,9.140000343322754,10.230000019073486,-0.9139334378135223
2017-11-06,80.19573211669922,178.76710510253906,9.399999618530273,10.183500003814697,-1.0477439757636708
2017-11-07,78.58037567138672,178.8465118408203,9.890000343322754,10.174000024795532,-1.2474506842819328
2017-11-08,77.69708251953125,178.16188049316406,9.779999732971191,10.170499992370605,-1.3136321048985162
2017-11-09,77.68912506103516,177.90391540527344,10.5,10.2,-1.2993497436123542
2017-11-10,77.59363555908203,177.07044982910156,11.289999961853027,10.284000015258789,-1.261628688071874
2017-11-13,77.87215423583984,177.37803649902344,11.5,10.363500022888184,-1.246179544182966
2017-11-14,77.40264892578125,176.68348693847656,11.59000015258789,10.427500009536743,-1.261820186798789
2017-11-15,78.13473510742188,176.56439208984375,13.130000114440918,10.580500030517578,-1.1664015112205965
2017-11-16,78.35755920410156,178.19166564941406,11.760000228881836,10.666000032424927,-1.2356557622804287
2017-11-17,78.09496307373047,177.60621643066406,11.430000305175781,10.739000034332275,-1.2327638899082627
2017-11-20,78.78726959228516,177.3482666015625,10.649999618530273,10.718000030517578,-1.133942759500814
2017-11-21,78.7236099243164,180.4439697265625,9.729999542236328,10.64650001525879,-1.3245516602119813
2017-11-22,78.49285125732422,179.46168518066406,9.880000114440918,10.57900004386902,-1.2943673939885842
2017-11-24,78.23819732666016,181.3568115234375,9.670000076293945,10.497500038146972,-1.4370926738059864
2017-11-27,77.9278793334961,181.60484313964844,9.869999885559082,10.501000022888183,-1.4892120124055073
2017-11-28,80.65726470947266,180.99960327148438,10.029999732971191,10.477500009536744,-1.1239424621584062
2017-11-29,82.54319763183594,173.76637268066406,10.699999809265137,10.503499984741211,-0.4688543940072238
2017-11-30,83.1718521118164,175.80039978027344,11.279999732971191,10.557499980926513,-0.5131494615705565
2017-12-01,83.3866958618164,173.7366180419922,11.430000305175781,10.632499980926514,-0.36526451945072835
2017-12-04,85.10552215576172,170.13485717773438,11.680000305175781,10.759499979019164,0.055067786719200096
2017-12-05,84.12674713134766,171.4842987060547,11.329999923706055,10.855999994277955,-0.14283307994952815
2017-12-06,83.49810028076172,174.68914794921875,11.020000457763672,10.9125,-0.4080996919463386
2017-12-07,83.25142669677734,178.7373504638672,10.15999984741211,10.931500005722047,-0.6770857423983565
2017-12-08,84.29385375976562,177.60621643066406,9.579999923706055,10.88550000190735,-0.48440013735004106
2017-12-11,84.04718780517578,177.6459197998047,9.34000015258789,10.788000011444092,-0.5165250435003528
2017-12-12,85.02594757080078,175.5821075439453,9.920000076293945,10.70900001525879,-0.27641420753715107
2017-12-13,83.95967102050781,176.91171264648438,10.180000305175781,10.638500022888184,-0.48370660912435404
2017-12-14,83.28326416015625,177.00100708007812,10.489999771118164,10.506500005722046,-0.5706424828963478
2017-12-15,84.46095275878906,178.7770538330078,9.420000076293945,10.389499998092651,-0.5334112390762152
2017-12-18,85.11347961425781,179.4120635986328,9.529999732971191,10.294499969482422,-0.4921570645219841
2017-12-19,84.75540161132812,178.11227416992188,10.029999732971191,10.263499975204468,-0.45858227425989206
2017-12-20,84.46095275878906,176.50491333007812,9.720000267028809,10.263000011444092,-0.39915158547016444
2017-12-21,85.8057861328125,176.06829833984375,9.619999885559082,10.25,-0.2109966332887926
2017-12-22,85.5033950805664,175.82025146484375,9.899999618530273,10.261499977111816,-0.23284595691301818
2017-12-26,85.16122436523438,174.6196746826172,10.25,10.280499982833863,-0.20321317848829568
2017-12-27,85.32039642333984,176.23696899414062,10.470000267028809,10.302500009536743,-0.2795621805576357
2017-12-28,85.7739486694336,176.53465270996094,10.180000305175781,10.276500034332276,-0.24239687285465808
2017-12-29,85.09757232666016,175.08602905273438,11.039999961853027,10.264500045776368,-0.23845424637088497
2018-01-02,85.90126037597656,180.0074005126953,9.770000457763672,10.181500053405761,-0.43223005469008213
2018-01-03,85.98880767822266,183.2321014404297,9.149999618530273,10.055000019073486,-0.6122068447668441
2018-01-04,87.22064208984375,182.8947296142578,9.220000267028809,9.949500036239623,-0.4435579703387102
2018-01-05,86.66071319580078,185.39511108398438,9.220000267028809,9.85950002670288,-0.6589019266038707
2018-01-08,86.78868103027344,186.81399536132812,9.520000457763672,9.827500057220458,-0.7272941216770218
2018-01-09,87.2286376953125,186.4071502685547,10.079999923706055,9.852500057220459,-0.6501398890456564
2018-01-10,88.18851470947266,186.3773956298828,9.819999694824219,9.876500034332276,-0.5325001355579067
2018-01-11,88.66044616699219,186.30796813964844,9.880000114440918,9.874500036239624,-0.47142357082687764
2018-01-12,90.124267578125,177.97335815429688,10.15999984741211,9.87350001335144,0.19778486431258235
2018-01-16,89.80430603027344,177.00100708007812,11.65999984741211,9.932000017166137,0.2166131103510187
2018-01-17,90.3802261352539,176.21714782714844,11.90999984741211,10.056500005722047,0.33245916736768416
2018-01-18,90.59622955322266,178.4000244140625,12.220000267028809,10.191000032424927,0.2295511800442023
2018-01-19,90.39624786376953,179.87838745117188,11.270000457763672,10.253000068664551,0.11805256683481212
2018-01-22,91.45208740234375,183.9266357421875,11.029999732971191,10.31850004196167,0.006310270164966326
2018-01-23,91.35610961914062,187.87567138671875,11.100000381469727,10.392500066757203,-0.23862324362769996
2018-01-24,92.52393341064453,185.0974884033203,11.470000267028809,10.47100009918213,0.06652423984901622
2018-01-25,92.5479507446289,186.02020263671875,11.579999923706055,10.537500095367431,0.0149010171739125
2018-01-26,93.04389190673828,188.52059936523438,11.079999923706055,10.568000078201294,-0.07297347264560455
2018-01-29,92.94790649414062,184.53189086914062,13.84000015258789,10.7510000705719,0.15112945060313854
2018-01-30,92.07601928710938,185.6630096435547,14.789999961853027,10.9385000705719,-0.02096675512176132
2018-01-31,92.52393341064453,185.43479919433594,13.539999961853027,11.127000045776366,0.04659271277093735
2018-02-01,93.48384857177734,191.5865478515625,13.470000267028809,11.343000078201294,-0.20102488745298897
2018-02-02,91.41210174560547,188.7984161376953,17.309999465942383,11.747500038146972,-0.2863880989537343
2018-02-05,87.02869415283203,179.84866333007812,37.31999969482422,13.152500009536743,-0.2867404242860881
2018-02-06,89.67634582519531,183.8671112060547,29.979999542236328,14.175499963760377,-0.20454962260230436
2018-02-07,90.28424072265625,178.7770538330078,27.729999542236328,15.05799994468689,0.169607712795984
2018-02-08,86.29275512695312,170.24400329589844,33.459999084472656,16.23999991416931,0.19194760949048786
2018-02-09,88.02055358886719,174.73876953125,29.059999465942383,17.198999881744385,0.13494332023697947
2018-02-12,89.38037109375,175.0364227294922,25.610000610351562,17.971499919891357,0.2815196955803246
2018-02-13,89.93228912353516,171.8018035888672,24.969999313354492,18.636999893188477,0.5392822760340418
2018-02-14,92.01201629638672,178.1221923828125,19.260000228881836,19.004499912261963,0.4168896021585095
2018-02-15,92.39599609375,178.55877685546875,19.1299991607666,19.349999856948852,0.43744816925086694
2018-02-16,91.73206329345703,175.97898864746094,19.459999084472656,19.7594997882843,0.5097329991559072
2018-02-20,91.75606536865234,174.63951110839844,20.600000381469727,20.237999820709227,0.5917797224217087
2018-02-21,92.14002227783203,176.5247344970703,20.020000457763672,20.683999824523926,0.5267361724089956
2018-02-22,91.97203063964844,177.5963134765625,18.719999313354492,21.04649977684021,0.4431362398310146
2018-02-23,93.83578491210938,181.8628387451172,16.489999771118164,21.291999769210815,0.4160319198100565
2018-02-26,95.0036392211914,183.49008178710938,15.800000190734863,21.527999782562254,0.4608686521405377
2018-02-27,93.87580871582031,180.04710388183594,18.59000015258789,21.765499782562255,0.5281546818651724
2018-02-28,92.38796997070312,176.9315643310547,19.850000381469727,22.01849980354309,0.5326303918141866
2018-03-01,90.73220825195312,174.570068359375,22.469999313354492,22.464999771118165,0.4722774678124383
2018-03-02,90.64419555664062,175.2447509765625,19.59000015258789,22.77099976539612,0.42178543650489314
2018-03-05,92.0360107421875,178.99533081054688,18.729999542236328,22.841999769210815,0.36819302602690085
2018-03-06,92.11598205566406,178.3801727294922,18.360000610351562,21.893999814987183,0.414196982772295
2018-03-07,91.77206420898438,182.27957153320312,17.760000228881836,21.28299984931946,0.1422638141100685
2018-03-08,91.78005981445312,180.9202117919922,16.540000915527344,20.723499917984007,0.22355297886044193
2018-03-09,94.4197006225586,183.78773498535156,14.640000343322754,19.782499980926513,0.37278423326115173
2018-03-12,94.11575317382812,183.32138061523438,15.779999732971191,19.118499994277954,0.3636466944395538
2018-03-13,92.98792266845703,180.4638214111328,16.350000381469727,18.655499982833863,0.3963406239254488
2018-03-14,91.94803619384766,182.75582885742188,17.229999542236328,18.268499994277953,0.13536629920334503
2018-03-15,92.17999267578125,182.4283905029297,16.59000015258789,18.134999990463257,0.18271751526963045
2018-03-16,92.34000396728516,183.64881896972656,15.800000190734863,17.96850004196167,0.1299204356315949
2018-03-19,91.61209106445312,171.21640014648438,19.020000457763672,17.94650011062622,0.7766682886996746
2018-03-20,91.70005798339844,166.8406982421875,18.200000762939453,17.826500129699706,1.0458461847867149
2018-03-21,91.78005981445312,168.07106018066406,17.860000610351562,17.7185001373291,0.9828029646091992
2018-03-22,87.94857025146484,163.60609436035156,23.34000015258789,17.949500179290773,0.7840773463354435
2018-03-23,85.59684753417969,158.14894104003906,24.8700008392334,18.368500232696533,0.822625085443079
2018-03-26,88.23651123046875,158.81370544433594,21.030000686645508,18.630000257492064,1.1020190256294362
2018-03-27,86.52474212646484,151.0347442626953,22.5,18.82550024986267,1.3550199139468597
2018-03-28,86.38874816894531,151.83847045898438,22.8700008392334,18.976500272750854,1.291110203072825
2018-03-29,87.96456146240234,158.54580688476562,19.969999313354492,18.851500272750854,1.0850177653512807
2018-04-02,86.26878356933594,154.1800537109375,23.6200008392334,19.05300030708313,1.1382644338773789
2018-04-03,87.45262145996094,154.89447021484375,21.100000381469727,19.1715003490448,1.23896925766405
2018-04-04,88.78043365478516,153.89231872558594,20.059999465942383,19.25650029182434,1.458486591433376
2018-04-05,89.94618225097656,158.0993194580078,18.940000534057617,19.31550030708313,1.3506325102636048
2018-04-06,87.70314025878906,155.97596740722656,21.489999771118164,19.56300024986267,1.2053081158862442
2018-04-09,88.7563247680664,156.70028686523438,21.770000457763672,19.919500255584715,1.2896545932013843
2018-04-10,90.45266723632812,163.7549285888672,20.469999313354492,20.15400023460388,1.0775909945878404
2018-04-11,88.93318939208984,165.02496337890625,20.239999771118164,20.348500204086303,0.8191056514305834
2018-04-12,91.14405822753906,162.5940399169922,18.489999771118164,20.411500215530396,1.229655805235886
2018-04-13,88.67593383789062,163.23898315429688,17.40999984741211,20.452500200271608,0.893581047923845
2018-04-16,88.60356903076172,163.54660034179688,16.559999465942383,20.49050016403198,0.8666678285647195
2018-04-17,88.60356903076172,167.3467559814453,15.25,20.3020001411438,0.6421185195891436
2018-04-18,87.88804626464844,165.0646514892578,15.600000381469727,20.172000122070312,0.6905851457222466
2018-04-19,89.81755828857422,166.79112243652344,15.960000038146973,20.077000093460082,0.821510006661421
2018-04-20,89.6165542602539,164.9852752685547,16.8799991607666,19.75400004386902,0.9039503206998798
2018-04-23,89.18241882324219,164.5487060546875,16.34000015258789,19.32750000953674,0.8773357907372477
2018-04-24,88.76437377929688,158.44659423828125,18.020000457763672,19.17699999809265,1.1874378783799349
2018-04-25,88.42671966552734,158.44659423828125,17.84000015258789,18.944000005722046,1.1466744398155895
2018-04-26,88.51513671875,172.80393981933594,16.239999771118164,18.612499952316284,0.3089802085059699
2018-04-27,87.9523696899414,172.23834228515625,15.40999984741211,18.384499979019164,0.27446079347702856
2018-04-30,87.45389556884766,170.66075134277344,15.930000305175781,17.999999952316283,0.30750135524217825
2018-05-01,87.45389556884766,172.50628662109375,15.489999771118164,17.719499921798707,0.19844959243721771
2018-05-02,86.76251983642578,174.69906616210938,15.970000267028809,17.51499996185303,-0.014587294940735082
2018-05-03,86.21581268310547,172.66500854492188,15.899999618530273,17.36299991607666,0.03960270225802348
2018-05-04,87.17255401611328,175.23484802246094,14.770000457763672,17.026999950408936,0.0032551743373072633
2018-05-07,87.92825317382812,176.58425903320312,14.75,16.675999927520753,0.014751254906579404
2018-05-08,89.23064422607422,177.52684020996094,14.710000038146973,16.387999963760375,0.1162863231038846
2018-05-09,91.17623901367188,181.2377471923828,13.420000076293945,16.046999979019166,0.13189344310035228
2018-05-10,91.88369750976562,184.08538818359375,13.229999542236328,15.783999967575074,0.049035983699344754
2018-05-11,91.53800964355469,185.5340118408203,12.649999618530273,15.54599995613098,-0.07829578537958774
2018-05-14,91.57014465332031,185.186767578125,12.930000305175781,15.36449999809265,-0.05389778147604799
2018-05-15,90.87071990966797,182.88482666015625,14.630000114440918,15.333500003814697,-0.0023155900904806796
2018-05-16,91.11994934082031,181.77354431152344,13.420000076293945,15.224499988555909,0.09343786245278597
2018-05-17,90.81444549560547,182.32916259765625,13.430000305175781,15.098000001907348,0.023724570413029854
2018-05-18,89.34320068359375,181.25758361816406,13.420000076293945,14.925000047683715,-0.0905730247008356
2018-05-21,90.16323852539062,183.0535125732422,13.079999923706055,14.762000036239623,-0.09769415225495078
2018-05-22,90.85464477539062,182.3688507080078,13.220000267028809,14.52200002670288,0.026232495083766308
2018-05-23,90.43661499023438,185.44471740722656,12.579999923706055,14.259000015258788,-0.20598576637099344
2018-05-24,89.42361450195312,184.48226928710938,12.529999732971191,14.07350001335144,-0.2714101060632698
2018-05-25,88.96534729003906,183.48013305664062,13.220000267028809,13.964000034332276,-0.2675188809035124
2018-05-29,85.16265869140625,184.2937469482422,17.020000457763672,14.01850004196167,-0.7746761433108965
2018-05-30,87.10821533203125,186.20870971679688,14.9399995803833,13.991000032424926,-0.6529521771828017
2018-05-31,86.03091430664062,190.2867431640625,15.430000305175781,13.964000034332276,-1.0239787788589707
2018-06-01,87.14842224121094,192.47952270507812,13.460000038146973,13.842000055313111,-1.01863740510366
2018-06-04,87.18862915039062,191.77505493164062,12.739999771118164,13.740500020980836,-0.9721567578659215
2018-06-05,86.69820404052734,191.43768310546875,12.399999618530273,13.623000001907348,-1.0114284072309787
2018-06-06,88.72415924072266,189.85012817382812,11.640000343322754,13.469500017166137,-0.6730362593227431
2018-06-07,89.0779037475586,186.7147674560547,12.130000114440918,13.405000019073487,-0.44506339382677435
2018-06-08,89.32713317871094,187.62762451171875,12.180000305175781,13.352500057220459,-0.4689153331687577
2018-06-11,89.10202026367188,190.048583984375,12.350000381469727,13.337500095367432,-0.6391454795605659
2018-06-12,88.58749389648438,190.9019317626953,12.34000015258789,13.308000087738037,-0.7516857935401953
2018-06-13,88.41062927246094,190.9118194580078,12.9399995803833,13.223500061035157,-0.7736221105871496
2018-06-14,86.8509750366211,195.27755737304688,12.119999885559082,13.158500051498413,-1.2198813257843792
2018-06-15,86.7464370727539,194.32501220703125,11.979999542236328,13.086000013351441,-1.1762162959026927
2018-06-18,86.97154998779297,196.765869140625,12.3100004196167,13.030500030517578,-1.2932684657926865
2018-06-19,86.46507263183594,195.9522705078125,13.350000381469727,13.044000053405762,-1.3063380240598679
2018-06-20,86.45702362060547,200.4271697998047,12.789999961853027,13.022500038146973,-1.5717293206192386
2018-06-21,86.43292236328125,199.93106079101562,14.640000343322754,13.125500059127807,-1.5453241204266361
2018-06-22,85.01795959472656,200.169189453125,13.770000457763672,13.187500095367431,-1.7302170154913123
2018-06-25,84.24615478515625,194.82113647460938,17.329999923706055,13.393000078201293,-1.5073796903254528
2018-06-26,84.30243682861328,197.4505157470703,15.920000076293945,13.338000059127808,-1.6559537313816015
2018-06-27,83.00003814697266,194.3151397705078,17.90999984741211,13.486500072479249,-1.6279185652165644
2018-06-28,84.35871887207031,194.7020721435547,16.850000381469727,13.557500076293945,-1.4867548901919878
2018-06-29,83.77180480957031,192.80694580078125,16.09000015258789,13.68900008201599,-1.4456282694404667
2018-07-02,84.47930145263672,195.82327270507812,15.600000381469727,13.832000112533569,-1.538448690339314
2018-07-03,83.29749298095703,191.2293243408203,16.139999389648438,14.019000101089478,-1.4096689012223578
2018-07-05,83.83908081054688,196.90478515625,14.970000267028809,14.18550009727478,-1.6796456370621806
2018-07-06,84.11389923095703,201.6475830078125,13.369999885559082,14.247500085830689,-1.926717633698016
2018-07-09,86.71669006347656,203.1458282470703,12.6899995803833,14.273000049591065,-1.7010251543954857
2018-07-10,86.1832046508789,201.95513916015625,12.640000343322754,14.287500047683716,-1.6950731843443054
2018-07-11,85.997314453125,200.9629364013672,13.630000114440918,14.352000045776368,-1.6588860905410758
2018-07-12,86.3691177368164,205.308837890625,12.579999923706055,14.334000062942504,-1.8707971388278228
2018-07-13,85.9730453491211,205.7057342529297,12.180000305175781,14.33700008392334,-1.9420655576019168
2018-07-16,89.38416290283203,205.6164093017578,12.829999923706055,14.379500102996825,-1.5249787522255749
2018-07-17,89.3194808959961,208.3549346923828,12.0600004196167,14.367000102996826,-1.6946056203455184
2018-07-18,90.15206146240234,207.72984313964844,12.100000381469727,14.304500102996826,-1.5571556229229457
2018-07-19,88.8263931274414,206.4697265625,12.869999885559082,14.30850009918213,-1.6427378420491907
2018-07-20,89.94996643066406,208.30535888671875,12.859999656677246,14.219500064849854,-1.6155605724229278
2018-07-23,91.62321472167969,209.2677764892578,12.619999885559082,14.162000036239624,-1.4704257286157367
2018-07-24,92.26983642578125,212.9984893798828,12.40999984741211,13.916000032424927,-1.6128080158379936
2018-07-25,93.1024398803711,215.8064422607422,12.289999961853027,13.73450002670288,-1.6782121454061207
2018-07-26,92.83567810058594,174.8875732421875,12.140000343322754,13.446000051498412,0.7074585670211305
2018-07-27,93.78950500488281,173.52825927734375,13.029999732971191,13.255000019073487,0.9029309184948686
2018-07-30,94.35530090332031,169.72804260253906,14.260000228881836,13.163500022888183,1.195789787956754
2018-07-31,92.91649627685547,171.23623657226562,12.829999923706055,13.025,0.9329710462019265
2018-08-01,93.49042510986328,170.31349182128906,13.149999618530273,12.875500011444093,1.0567833811371792
2018-08-02,93.88651275634766,174.9967041015625,12.1899995803833,12.736499977111816,0.8278725459479258
2018-08-03,94.64633178710938,176.39573669433594,11.640000343322754,12.65,0.8369338853361535
2018-08-06,94.67057800292969,184.24417114257812,11.270000457763672,12.57900004386902,0.3761009274559177
2018-08-07,95.01814270019531,182.37876892089844,10.930000305175781,12.49350004196167,0.5282865161076414
2018-08-08,95.21214294433594,183.73812866210938,10.850000381469727,12.35450005531311,0.4713833874516623
2018-08-09,94.47657012939453,181.66436767578125,11.270000457763672,12.289000082015992,0.5051185485252909
2018-08-10,93.5469970703125,178.85643005371094,13.15999984741211,12.338000059127808,0.5588150791196869
2018-08-13,92.0596923828125,178.6480712890625,14.779999732971191,12.435500049591065,0.391571394928033
2018-08-14,92.67401123046875,179.69979858398438,13.3100004196167,12.498000049591065,0.4035892594575067
2018-08-15,91.9061279296875,178.1321258544922,14.640000343322754,12.625000047683717,0.4035192194966475
2018-08-16,92.77102661132812,173.33973693847656,13.449999809265137,12.654000043869019,0.7911143663675545
2018-08-17,92.77102661132812,172.44674682617188,12.640000343322754,12.643000078201293,0.8438807085004754
2018-08-20,92.6497573852539,171.1568603515625,12.489999771118164,12.636500072479247,0.9054591798801906
2018-08-21,93.21560668945312,171.2759246826172,12.859999656677246,12.659000062942505,0.9667361290876244
2018-08-22,92.93267059326172,172.28797912597656,12.25,12.657000064849854,0.8727767524949099
2018-08-23,92.73869323730469,171.55374145507812,12.40999984741211,12.670500040054321,0.8927444917385784
2018-08-24,92.6982650756836,173.29010009765625,11.989999771118164,12.61850004196167,0.7852632148505924
2018-08-27,94.33915710449219,176.0782470703125,12.15999984741211,12.513500022888184,0.8186103934148075
2018-08-28,93.87840270996094,174.8875732421875,12.5,12.497000026702882,0.8333419453672953
2018-08-29,93.57123565673828,174.53038024902344,12.25,12.452000045776368,0.8173654268673075
2018-08-30,93.11050415039062,176.25680541992188,13.529999732971191,12.519000053405762,0.6597298112559938
2018-08-31,92.61744689941406,174.3616943359375,12.859999656677246,12.580000019073486,0.7121864344385618
2018-09-04,93.07817840576172,169.8272705078125,13.15999984741211,12.674499988555908,1.035745295799595
2018-09-05,92.62549591064453,165.87826538085938,13.90999984741211,12.823499965667725,1.214439757506224
2018-09-06,92.22943115234375,161.2644805908203,14.649999618530273,13.013499927520751,1.4392509199722738
2018-09-07,92.40726470947266,161.77052307128906,14.880000114440918,13.193999910354615,1.4308181540937948
2018-09-10,91.9141845703125,162.901611328125,14.15999984741211,13.243999910354614,1.3044553983409608
2018-09-11,92.49618530273438,164.64793395996094,13.220000267028809,13.165999937057496,1.2715283510552549
2018-09-12,91.40493774414062,160.7386016845703,13.140000343322754,13.157499933242798,1.3707875208764497
2018-09-13,91.7605972290039,160.10360717773438,12.369999885559082,13.043999910354614,1.4512461756025061
2018-09-14,91.74444580078125,161.0561065673828,12.069999694824219,12.974999904632568,1.3930135716926155
2018-09-17,92.01927947998047,159.3296661376953,13.680000305175781,13.026999902725219,1.528207493550824
2018-09-18,92.3911361694336,159.0518341064453,12.789999961853027,13.041999912261963,1.5895170095314244
2018-09-19,95.0747299194336,161.7903594970703,11.75,12.986499929428101,1.7516769178880978
2018-09-20,95.89112854003906,164.72732543945312,11.800000190734863,12.963999938964843,1.676693135029006
2018-09-21,95.26062774658203,161.66136169433594,11.680000305175781,12.927499961853027,1.781741929357893
2018-09-24,94.34724426269531,164.12203979492188,12.199999809265137,12.937999963760376,1.5260730675966867
2018-09-25,94.08048248291016,163.6259307861328,12.420000076293945,12.950999975204468,1.5231829715202776
2018-09-26,92.97309112548828,165.65005493164062,12.890000343322754,12.970499992370605,1.2698881818649586
2018-09-27,92.56893157958984,167.5253448486328,12.40999984741211,12.97849998474121,1.110285896690228
2018-09-28,91.21095275878906,163.179443359375,12.119999885559082,12.907999992370605,1.203140477777949
2018-10-01,91.74444580078125,161.17520141601562,12.0,12.865000009536743,1.3859763162486463
2018-10-02,92.12434387207031,158.0894012451172,12.050000190734863,12.809500026702882,1.6141780740020002
2018-10-03,92.98925018310547,161.1652374267578,11.609999656677246,12.694500017166138,1.5368446295461324
2018-10-04,93.82765197753906,157.61312866210938,14.220000267028809,12.673000049591064,1.8479533902562137
2018-10-05,93.29856872558594,156.10496520996094,14.819999694824219,12.670000028610229,1.873196215583135
2018-10-08,93.86837005615234,156.0255889892578,15.6899995803833,12.746500015258789,1.9466760285045648
2018-10-09,93.2171630859375,156.67051696777344,15.949999809265137,12.882999992370605,1.8299503121896732
2018-10-10,90.73453521728516,150.20130920410156,22.959999084472656,13.3739999294281,1.9124962647283603
2018-10-11,88.01583099365234,152.15599060058594,24.979999542236328,14.004499912261963,1.4687783716485319
2018-10-12,87.05532836914062,152.54293823242188,21.309999465942383,14.46649990081787,1.3299567345548586
2018-10-15,86.55880737304688,152.3246307373047,21.299999237060547,14.84749984741211,1.2829137045191432
2018-10-16,88.4146728515625,157.54367065429688,17.6200008392334,15.088999891281128,1.1985733890420407
2018-10-17,89.39959716796875,158.17869567871094,17.399999618530273,15.371499872207641,1.2799554888452433
2018-10-18,87.9832534790039,153.7137451171875,20.059999465942383,15.784499835968017,1.3727984965837412
2018-10-19,87.8367691040039,152.85049438476562,19.889999389648438,16.194999790191652,1.4061231641607943
2018-10-22,86.57508850097656,153.5748291015625,19.639999389648438,16.566999769210817,1.211005650419379
2018-10-23,85.67157745361328,153.18785095214844,20.709999084472656,16.98149971961975,1.124795236023221
2018-10-24,84.0761489868164,144.9028778076172,25.229999542236328,17.59849967956543,1.4217413934820824
2018-10-25,85.35411834716797,149.77464294433594,24.219999313354492,18.18899965286255,1.288154614062248
2018-10-26,84.18196105957031,144.23809814453125,24.15999984741211,18.7909996509552,1.4737971016722593
2018-10-29,85.3459701538086,140.983642578125,24.700000762939453,19.425999689102174,1.806626764511765
2018-10-30,86.85183715820312,145.0814666748047,23.350000381469727,19.990999698638916,1.7462848180862947
2018-10-31,88.74028015136719,150.6081085205078,21.229999542236328,20.47199969291687,1.647701391957849
2018-11-01,88.70772552490234,150.56842041015625,19.34000015258789,20.727999687194824,1.646116371357464
2018-11-02,88.2193374633789,149.17933654785156,19.510000228881836,20.962499713897706,1.6692357872970844
2018-11-05,88.79725646972656,147.5223388671875,19.959999084472656,21.175999689102174,1.8369164784969356
2018-11-06,89.2123794555664,148.77252197265625,19.90999984741211,21.373999691009523,1.8131596814063684
2018-11-07,90.74268341064453,150.3501434326172,16.360000610351562,21.043999767303468,1.904685418259313
2018-11-08,91.47525024414062,146.71861267089844,16.719999313354492,20.630999755859374,2.2077102140012306
2018-11-09,90.58800506591797,143.83131408691406,17.360000610351562,20.433499813079834,2.271206196090595
2018-11-12,88.68329620361328,140.44786071777344,20.450000762939453,20.39099988937378,2.241185975722771
2018-11-13,89.2042236328125,141.05308532714844,20.020000457763672,20.510999870300292,2.2683127428492584
2018-11-14,87.36463928222656,143.0970458984375,21.25,20.70349988937378,1.9254515136470256
2018-11-15,89.5949478149414,142.72994995117188,19.979999542236328,20.699499893188477,2.2163979906815032
2018-11-16,89.52983856201172,138.44357299804688,18.139999389648438,20.611999893188475,2.4618175328832863
2018-11-19,90.21356201171875,130.52569580078125,20.100000381469727,20.63499994277954,3.012223771628303
2018-11-20,88.27629852294922,131.3988494873047,22.479999542236328,20.723499965667724,2.7267525835345263
2018-11-21,87.6169662475586,133.77024841308594,20.799999237060547,20.501999950408937,2.5070296256171365
2018-11-23,86.8111343383789,130.70428466796875,21.520000457763672,20.367000007629393,2.5909114953544963
2018-11-26,88.93562316894531,135.318115234375,18.899999618530273,20.1039999961853,2.574762369831578
2018-11-27,89.31005096435547,133.9488525390625,19.020000457763672,19.819999980926514,2.7008743794467867
2018-11-28,90.3031005859375,135.6951446533203,18.489999771118164,19.576999950408936,2.7175731899188738
2018-11-29,89.5868148803711,137.6001739501953,18.790000915527344,19.455000019073488,2.518532054268748
2018-11-30,90.50660705566406,139.51516723632812,18.06999969482422,19.391499996185303,2.5164183594891187
2018-12-03,91.36128997802734,139.99142456054688,16.440000534057617,19.238000011444093,2.591458515339206
2018-12-04,87.28324127197266,136.85601806640625,20.739999771118164,19.27700004577637,2.28440393803227
2018-12-06,85.62271118164062,138.5428009033203,21.190000534057617,19.341000080108643,1.984264566543486
2018-12-07,84.0761489868164,136.34999084472656,23.229999542236328,19.68450002670288,1.9271272353738058
2018-12-10,82.50516510009766,140.74549865722656,22.639999389648438,19.98050003051758,1.4777411547336616
2018-12-11,81.69933319091797,140.9737091064453,21.760000228881836,20.200500011444092,1.3669719077468279
2018-12-12,82.22840118408203,143.37484741210938,21.459999084472656,20.250999927520752,1.2889617997973575
2018-12-13,82.309814453125,143.8809051513672,20.649999618530273,20.282499885559083,1.2688877514052888
2018-12-14,81.63421630859375,142.9382781982422,21.6299991607666,20.301499843597412,1.2430252323219515
2018-12-17,80.59231567382812,139.0984344482422,24.520000457763672,20.52849988937378,1.344135788366725
2018-12-18,80.20974731445312,142.54141235351562,25.579999923706055,20.90049991607666,1.0945062040400606
2018-12-19,79.19227600097656,132.20254516601562,25.579999923706055,21.174499893188475,1.5825900668942334
2018-12-20,78.5085220336914,132.3612823486328,28.3799991607666,21.46949987411499,1.490663872924497
2018-12-21,76.65265655517578,123.97709655761719,30.110000610351562,21.93499994277954,1.7620310857748354
2018-12-24,75.00025939941406,123.0940170288086,36.06999969482422,22.66249990463257,1.6147254569026832
2018-12-26,78.10967254638672,133.13522338867188,30.40999984741211,23.23799991607666,1.3967808048958719
2018-12-27,78.98876190185547,133.4725799560547,29.959999084472656,23.78499984741211,1.4829750146335523
2018-12-28,78.8178482055664,132.16285705566406,28.34000015258789,24.277499866485595,1.5397322604731123
2018-12-31,79.46089935302734,130.0692901611328,25.420000076293945,24.608999824523927,1.7410727154864745
2019-01-02,80.83650970458984,134.62355041503906,23.219999313354492,24.866499805450438,1.6380348926585648
2019-01-03,79.68766784667969,130.7142333984375,25.450000762939453,25.31699981689453,1.7303400642116904
2019-01-04,82.62539672851562,136.87586975097656,21.3799991607666,25.348999786376954,1.7209106197352906
2019-01-07,82.682861328125,136.97509765625,21.399999618530273,25.359499740600587,1.7219847306860052
2019-01-08,82.52692413330078,141.4202117919922,20.469999313354492,25.221499729156495,1.4404995594432055
2019-01-09,82.3874282836914,143.10696411132812,19.979999542236328,25.088499736785888,1.323989506178344
2019-01-10,82.37921905517578,143.0771942138672,19.5,24.9754997253418,1.3247575319763822
2019-01-11,81.9853286743164,142.68031311035156,18.190000534057617,24.811999797821045,1.3006564530561635
2019-01-14,82.8305435180664,144.25794982910156,19.06999969482422,24.732999801635742,1.3094736097307929
2019-01-15,83.43779754638672,147.79022216796875,18.600000381469727,24.5814998626709,1.1740643964905493
2019-01-16,84.11065673828125,146.39120483398438,19.040000915527344,24.307499885559082,1.3379628520215292
2019-01-17,84.4552993774414,147.145263671875,18.059999465942383,23.931499862670897,1.3350130211853175
2019-01-18,85.82569885253906,148.87171936035156,17.799999237060547,23.542499828338624,1.3984396800746055
2019-01-22,84.47174072265625,146.42095947265625,20.799999237060547,23.16349983215332,1.3797966850052827
2019-01-23,84.25837707519531,143.17642211914062,19.520000457763672,22.633999824523926,1.5457563670684633
2019-01-24,84.30760955810547,144.69451904296875,18.889999389648438,21.774999809265136,1.4619963867121442
2019-01-25,84.84097290039062,147.84974670410156,17.420000076293945,21.12549982070923,1.3399460712264857
2019-01-28,85.2430648803711,146.32176208496094,18.8700008392334,20.570999908447266,1.4787766510916018
2019-01-29,85.4810791015625,143.0673065185547,19.1299991607666,20.1104998588562,1.6998151833657342
2019-01-30,85.67800903320312,149.24876403808594,17.65999984741211,19.72249984741211,1.3583303802090712
2019-01-31,84.93125915527344,165.39210510253906,16.56999969482422,19.389999866485596,0.31427667490653977
2019-02-01,85.2430648803711,164.41973876953125,16.139999389648438,18.924499797821046,0.4093761991795038
2019-02-04,85.54671478271484,167.93215942382812,15.729999542236328,18.641999816894533,0.23848727302165737
2019-02-05,85.16921997070312,169.8272705078125,15.569999694824219,18.350499820709228,0.08093287643861875
2019-02-06,85.12818908691406,169.16250610351562,15.380000114440918,18.09599986076355,0.11526000371107178
2019-02-07,84.01219177246094,165.08450317382812,16.3700008392334,17.915499925613403,0.22149791375126382
2019-02-08,83.17520141601562,166.027099609375,15.720000267028809,17.726499938964842,0.06475433672247018
2019-02-11,82.78129577636719,164.49908447265625,15.970000267028809,17.615499925613403,0.10748956379642274
2019-02-12,84.19274139404297,163.7549285888672,15.430000305175781,17.43349995613098,0.32185874645796314
2019-02-13,84.59480285644531,162.79251098632812,15.649999618530273,17.285999917984007,0.4272665680162603
2019-02-14,84.0450210571289,162.67343139648438,16.219999313354492,17.144999837875368,0.3679302769023299
2019-02-15,86.61347961425781,161.2347412109375,14.90999984741211,16.98749985694885,0.7630200327408848
2019-02-19,86.30986785888672,161.0263214111328,14.880000114440918,16.841499900817873,0.7386817950171426
2019-02-20,86.72834777832031,161.29421997070312,14.020000457763672,16.502499961853026,0.7733729710389503
2019-02-21,86.54784393310547,158.79385375976562,14.460000038146973,16.24949994087219,0.8993269637661985
2019-02-22,86.1621322631836,160.62945556640625,13.510000228881836,15.980499982833862,0.744296957103146
2019-02-25,87.0647964477539,163.33819580078125,14.850000381469727,15.851999998092651,0.6932133653850654
2019-02-26,86.40013122558594,162.85202026367188,15.170000076293945,15.666999959945679,0.641699240646156
2019-02-27,86.29344940185547,161.5423126220703,14.699999809265137,15.445499992370605,0.7062100053786704
2019-02-28,85.63700103759766,160.19290161132812,14.779999732971191,15.30149998664856,0.7066960196708568
2019-03-01,85.69442749023438,161.0164337158203,13.569999694824219,15.15149998664856,0.6649667499864886
2019-03-04,85.49746704101562,166.0667724609375,14.630000114440918,15.076000022888184,0.3427666071419434
2019-03-05,85.43183135986328,169.92648315429688,14.739999771118164,15.026500034332276,0.10677432370188127
2019-03-06,85.1117935180664,171.1667938232422,15.739999771118164,15.035000038146972,-0.005151724117409153
2019-03-07,84.49634552001953,167.81309509277344,16.59000015258789,15.095500040054322,0.11871644278058012
2019-03-08,84.5291748046875,168.27943420410156,16.049999237060547,15.079499959945679,0.09512402590715219
2019-03-11,85.62874603271484,170.73019409179688,14.329999923706055,15.00999994277954,0.08305605249576074
2019-03-12,85.3743896484375,170.5813446044922,13.770000457763672,14.899999952316284,0.06114421052496252
2019-03-13,85.66158294677734,172.02008056640625,13.40999984741211,14.798999929428101,0.01080155209466293
2019-03-14,86.4411392211914,168.84498596191406,13.5,14.691499948501587,0.2925285825742309
2019-03-15,87.43405151367188,164.68760681152344,12.880000114440918,14.524499988555908,0.6580558162423998
2019-03-18,87.95924377441406,159.22052001953125,13.100000381469727,14.434000015258789,1.044507321212849
2019-03-19,87.63922119140625,160.31195068359375,13.5600004196167,14.368000030517578,0.9413803610481151
2019-03-20,85.76826477050781,164.15182495117188,13.90999984741211,14.3625,0.48861207694922165
2019-03-21,84.41429138183594,164.78684997558594,13.630000114440918,14.321000003814698,0.2876297421987947
2019-03-22,81.86225891113281,163.06036376953125,16.479999542236328,14.469499969482422,0.08155173337273178
2019-03-25,81.18114471435547,164.9951934814453,16.329999923706055,14.543499946594238,-0.11500419842518646
2019-03-26,81.99353790283203,166.37437438964844,14.680000305175781,14.51899995803833,-0.09842279498421701
2019-03-27,81.71454620361328,164.57847595214844,15.149999618530273,14.541499948501587,-0.02598544170369221
2019-03-28,82.64178466796875,164.260986328125,14.430000305175781,14.523999977111817,0.10471612612585744
2019-03-29,83.06854248046875,165.39210510253906,13.710000038146973,14.530999994277954,0.08939940067907445
2019-04-01,85.86673736572266,167.38644409179688,13.399999618530273,14.469499969482422,0.3093681853070669
2019-04-02,86.27703094482422,172.84361267089844,13.359999656677246,14.400499963760376,0.03643967423610287
2019-04-03,86.44934844970703,172.18875122070312,13.739999771118164,14.300499963760377,0.09593821714082397
2019-04-04,87.28450012207031,174.64942932128906,13.579999923706055,14.149999952316284,0.05136201651640821
2019-04-05,87.0777816772461,174.35179138183594,12.819999694824219,13.988499975204467,0.04399312106435395
2019-04-08,87.35891723632812,173.56793212890625,13.180000305175781,13.930999994277954,0.12425118659381564
2019-04-09,86.71395874023438,176.19728088378906,14.279999732971191,13.95649995803833,-0.10897861787850094
2019-04-10,87.10257720947266,176.4354248046875,13.300000190734863,13.950999975204468,-0.07613429149696635
2019-04-11,87.83849334716797,176.12783813476562,13.020000457763672,13.92699999809265,0.03088464526282806
2019-04-12,91.95632934570312,177.7054901123047,12.010000228881836,13.883500003814698,0.4347895011739562
2019-04-15,90.90618896484375,178.2511749267578,12.319999694824219,13.844499969482422,0.2757666060050409
2019-04-16,91.86537170410156,177.47727966308594,12.180000305175781,13.775499963760376,0.4372934427264521
2019-04-17,94.51139068603516,177.387939453125,12.600000381469727,13.709999990463256,0.7620142945605162
2019-04-18,93.81678009033203,176.89186096191406,12.09000015258789,13.632999992370605,0.7074701623202175
2019-04-22,93.93254089355469,180.02725219726562,12.420000076293945,13.430000019073486,0.5361767246787316
2019-04-23,94.04829406738281,182.34898376464844,12.279999732971191,13.227500009536744,0.4129611115607262
2019-04-24,93.89122009277344,181.1583709716797,13.140000343322754,13.150500011444091,0.4643510066929232
2019-04-25,93.94081115722656,191.7552032470703,13.25,13.055500030517578,-0.15582364570898827
2019-04-26,94.65191650390625,189.99900817871094,12.729999542236328,12.970499992370605,0.03379754825162931
2019-04-29,96.0162582397461,193.2633819580078,13.109999656677246,12.940499973297118,0.005618067947451298
2019-04-30,95.95838165283203,191.8941192626953,13.119999885559082,12.92649998664856,0.07953994449056957
2019-05-01,95.22245788574219,191.52699279785156,14.800000190734863,12.99850001335144,0.012388550630579864
2019-05-02,95.42918395996094,191.03089904785156,14.420000076293945,13.03250002861023,0.06665957837897073
2019-05-03,96.0162582397461,193.947998046875,12.869999885559082,12.997000026702882,-0.03483555665275406
2019-05-06,95.1645736694336,192.3704071044922,15.4399995803833,13.128000020980835,-0.0444364787607755
2019-05-07,93.61006164550781,188.29237365722656,19.31999969482422,13.434999990463258,0.008863357051441902
2019-05-08,93.11394500732422,188.0641632080078,19.399999618530273,13.690999984741211,-0.037545696062657084
2019-05-09,93.03952026367188,187.18109130859375,19.100000381469727,13.980999994277955,0.005649624509855302
2019-05-10,93.03125,186.87351989746094,16.040000915527344,14.132000017166138,0.022825435254080508
2019-05-13,90.50103759765625,180.12646484375,20.549999237060547,14.558999967575073,0.11604458277726919
2019-05-14,91.22041320800781,179.32275390625,18.059999465942383,14.845999956130981,0.25038239375286986
2019-05-15,90.87311553955078,184.81964111328125,16.440000534057617,15.058999967575073,-0.11635360153300014
2019-05-16,92.03899383544922,185.5340118408203,15.289999961853027,15.193499946594239,-0.017814252665491862
2019-05-17,91.59249114990234,183.857177734375,15.960000038146973,15.386999940872192,0.02736481234318492
2019-05-20,92.07208251953125,181.2972869873047,16.309999465942383,15.581499910354614,0.23652635994847576
2019-05-21,92.38628387451172,183.3809356689453,14.949999809265137,15.714999914169312,0.15133668856784036
2019-05-22,91.63385009765625,183.8770294189453,14.75,15.795499897003173,0.031184862975222948
2019-05-23,89.83124542236328,179.46168518066406,16.920000076293945,15.978999900817872,0.07446513349063198
2019-05-24,90.71602630615234,179.6502227783203,15.850000381469727,16.13499994277954,0.17014009443396783
2019-05-28,89.7320327758789,182.87489318847656,17.5,16.354499959945677,-0.13919712169219514
2019-05-29,89.4839859008789,180.77139282226562,17.899999618530273,16.59349994659424,-0.04484789599412639
2019-05-30,88.52479553222656,181.58499145507812,17.299999237060547,16.718499898910522,-0.20872170613689772
2019-05-31,87.61524963378906,176.08815002441406,18.709999084472656,16.932999849319458,0.0062786023726963645
2019-06-03,88.0286865234375,162.8718719482422,18.860000610351562,17.232499885559083,0.8371342554332577
2019-06-04,90.74080657958984,166.19578552246094,16.969999313354492,17.308999872207643,0.9681477174375273
2019-06-05,91.06329345703125,166.8605499267578,16.09000015258789,17.147499895095827,0.9677994864318177
2019-06-06,91.2617416381836,167.01934814453125,15.930000305175781,16.9739999294281,0.9823739209177285
2019-06-07,90.26123046875,172.000244140625,16.299999237060547,16.83399987220764,0.5672681082298038
2019-06-10,91.2369384765625,173.4587860107422,15.9399995803833,16.82899980545044,0.5988763638806036
2019-06-11,91.51805877685547,176.7132568359375,15.989999771118164,16.60099983215332,0.4405096690569214
2019-06-12,90.35218048095703,173.6770782470703,15.90999984741211,16.493499851226808,0.4791647933303935
2019-06-13,90.57545471191406,176.08815002441406,15.819999694824219,16.462499809265136,0.3636506375979945
2019-06-14,90.80696868896484,179.91810607910156,15.279999732971191,16.461999797821044,0.1652900616666971
2019-06-17,90.31084442138672,187.53826904296875,15.350000381469727,16.431499814987184,-0.3448763987183626
2019-06-18,91.5428695678711,187.00250244140625,15.149999618530273,16.373499822616576,-0.1644814490186344
2019-06-19,90.88138580322266,186.02020263671875,14.329999923706055,16.342499828338624,-0.18629575441014454
2019-06-20,91.11292266845703,188.05426025390625,14.75,16.342499828338624,-0.2785348206170399
2019-06-21,90.49276733398438,189.65171813964844,15.399999618530273,16.26649980545044,-0.44779633384762646
2019-06-24,89.84782409667969,191.10035705566406,15.260000228881836,16.236999797821046,-0.6112567383486515
2019-06-25,89.1036148071289,187.36959838867188,16.280000686645508,16.17599983215332,-0.480653049580727
2019-06-26,89.69895935058594,186.19882202148438,16.209999084472656,16.09149980545044,-0.3395992287724388
2019-06-27,89.99662780761719,188.0244903564453,15.819999694824219,16.01749982833862,-0.41154091086046307
2019-06-28,92.44416046142578,191.49725341796875,15.079999923706055,15.835999870300293,-0.3212653194214508
2019-07-01,93.9986801147461,191.49725341796875,14.0600004196167,15.59599986076355,-0.13359526358306062
2019-07-02,94.0979232788086,193.48167419433594,12.930000305175781,15.393999910354614,-0.23887252767512165
2019-07-03,93.94804382324219,195.6645050048828,12.569999694824219,15.21799988746643,-0.38594917786204125
2019-07-05,94.50594329833984,194.87075805664062,13.279999732971191,15.0854998588562,-0.2716944101587196
2019-07-08,93.98968505859375,194.23573303222656,13.960000038146973,14.968499898910522,-0.2964965956530181
2019-07-09,94.38937377929688,197.6588897705078,14.09000015258789,14.875999927520752,-0.450516633574383
2019-07-10,94.11455535888672,201.1514434814453,13.029999732971191,14.727999925613403,-0.6900674697605703
2019-07-11,95.01392364501953,199.66311645507812,12.930000305175781,14.578999948501586,-0.4935463407439518
2019-07-12,96.01319122314453,203.27481079101562,12.390000343322754,14.407499980926513,-0.5863225554044348
2019-07-15,94.84737396240234,202.32228088378906,12.680000305175781,14.277500009536743,-0.6707818281569631
2019-07-16,95.86328887939453,202.25282287597656,12.859999656677246,14.152999973297119,-0.544030822313075
2019-07-17,94.92230987548828,200.22869873046875,13.970000267028809,14.094000005722046,-0.5380264282903049
2019-07-18,95.48857879638672,199.21664428710938,13.529999732971191,14.053999996185302,-0.4098615741920168
2019-07-19,94.5475845336914,196.81549072265625,14.449999809265137,14.038999986648559,-0.3815805412213837
2019-07-22,95.15548706054688,200.7446746826172,13.529999732971191,13.945499992370605,-0.5403647747161727
2019-07-23,96.89588928222656,200.78436279296875,12.609999656677246,13.812999963760376,-0.33259911633945055
2019-07-24,97.28726196289062,203.06643676757812,12.069999694824219,13.60249991416931,-0.42019709812313843
2019-07-25,96.3545913696289,199.1471710205078,12.739999771118164,13.428999948501588,-0.3012066918378499
2019-07-26,96.779296875,198.19467163085938,12.15999984741211,13.245999956130982,-0.19365122069518945
2019-07-29,96.47119140625,194.41433715820312,12.829999923706055,13.133499956130981,-0.007469300276506275
2019-07-30,96.2546615600586,195.50575256347656,13.9399995803833,13.127499914169311,-0.09810115350328659
2019-07-31,96.59609985351562,192.71766662597656,16.1200008392334,13.286999940872192,0.10786574481945237
2019-08-01,94.04796600341797,191.2293243408203,17.8700008392334,13.55199999809265,-0.11181340733711437
2019-08-02,94.03962707519531,187.54823303222656,17.610000610351562,13.76850004196167,0.10469372875554496
2019-08-05,91.24169158935547,180.31497192382812,24.59000015258789,14.300000047683715,0.19432156575861842
2019-08-06,91.95782470703125,183.07333374023438,20.170000076293945,14.604000043869018,0.11778681587947883
2019-08-07,89.95926666259766,183.70834350585938,19.489999771118164,14.927000045776367,-0.16101237790699005
2019-08-08,91.4831771850586,188.67933654785156,16.90999984741211,15.126000022888183,-0.2707711320508372
2019-08-09,91.38324737548828,186.38734436035156,17.969999313354492,15.40499997138977,-0.14740252163977444
2019-08-12,89.66780853271484,183.9266357421875,21.09000015258789,15.825499963760375,-0.20909756619097505
2019-08-13,91.05013275146484,186.98265075683594,17.520000457763672,16.058500003814697,-0.2227942875889035
2019-08-14,87.26956939697266,178.31072998046875,22.100000381469727,16.465000009536745,-0.16678493887030316
2019-08-15,87.60265350341797,181.1682586669922,21.18000030517578,16.847500038146972,-0.2954231669881426
2019-08-16,89.7011489868164,182.2696533203125,18.469999313354492,17.04850001335144,-0.10716225730153972
2019-08-19,90.50887298583984,184.72039794921875,16.8799991607666,17.21599998474121,-0.154462711716484
2019-08-20,89.35969543457031,182.37876892089844,17.5,17.46050000190735,-0.1548319713494089
2019-08-21,89.60953521728516,182.1208038330078,15.800000190734863,17.64700002670288,-0.10942692689246465
2019-08-22,90.53385925292969,180.62255859375,16.68000030517578,17.84400005340576,0.09069305802373376
2019-08-23,88.28551483154297,176.36595153808594,19.8700008392334,18.229500102996827,0.07078150411302235
2019-08-26,88.9933090209961,178.9556427001953,19.31999969482422,18.554000091552734,0.003206698699708886
2019-08-27,88.05233764648438,179.88833618164062,20.309999465942383,18.872500085830687,-0.16550487095889238
2019-08-28,88.93501281738281,180.34474182128906,19.350000381469727,19.034000062942503,-0.08591231264754955
2019-08-29,90.95022583007812,184.12509155273438,17.8799991607666,19.034499979019166,-0.06600383993296843
2019-08-30,91.4831771850586,184.2243194580078,18.979999542236328,19.102999925613403,-0.007526385293216934
2019-09-03,90.40062713623047,180.9698486328125,19.65999984741211,18.856499910354614,0.05408735736489448
2019-09-04,91.49149322509766,185.68287658691406,17.329999923706055,18.71449990272522,-0.09270784396353098
2019-09-05,93.57328796386719,189.41358947753906,16.270000457763672,18.553499937057495,-0.06182824737582387
2019-09-06,93.77316284179688,186.03012084960938,15.0,18.45799994468689,0.16222921394466028
2019-09-09,96.09644317626953,187.29026794433594,15.270000457763672,18.32300000190735,0.3682467688591383
2019-09-10,97.32056427001953,184.72039794921875,15.199999809265137,18.02849998474121,0.6678816574431066
2019-09-11,97.5870361328125,187.02235412597656,14.609999656677246,17.88299994468689,0.564030141085735
2019-09-12,98.18659210205078,186.01026916503906,14.220000267028809,17.488999938964845,0.6962153917249465
2019-09-13,100.11852264404297,185.7324676513672,13.739999771118164,17.116999912261964,0.945863693372426
2019-09-16,99.2275161743164,184.77000427246094,14.670000076293945,16.926999950408934,0.8951680358382631
2019-09-17,98.7361831665039,186.6155242919922,14.4399995803833,16.80499997138977,0.7268007853157414
2019-09-18,99.72715759277344,186.6750946044922,13.949999809265137,16.627499961853026,0.8429166203057049
2019-09-19,99.41069030761719,188.6595001220703,14.050000190734863,16.539999961853027,0.6874534345093624
2019-09-20,99.010986328125,188.45111083984375,15.319999694824219,16.47199993133545,0.6515126183014648
2019-09-23,98.99434661865234,185.3653564453125,14.90999984741211,16.223999881744383,0.8318394764849217
2019-09-24,97.70362091064453,179.8684844970703,17.049999237060547,16.1104998588562,1.0008234912941651
2019-09-25,98.26155853271484,181.37667846679688,15.960000038146973,15.89299988746643,0.9790623189802106
2019-09-26,97.45379638671875,178.7075958251953,16.06999969482422,15.728999853134155,1.0392596527936557
2019-09-27,98.02837371826172,175.72103881835938,17.219999313354492,15.69599986076355,1.2850999189704875
2019-09-30,98.00337982177734,176.69338989257812,16.239999771118164,15.558999872207641,1.2246267780849482
2019-10-01,96.22135925292969,174.44107055664062,18.559999465942383,15.503999853134156,1.1425800067600338
2019-10-02,94.30609893798828,173.24050903320312,20.559999465942383,15.665499830245972,0.9822999629344232
2019-10-03,94.17179107666016,177.9832763671875,19.1200008392334,15.807999849319458,0.685837822688367
2019-10-04,96.21153259277344,179.04493713378906,17.040000915527344,15.909999895095826,0.8693534899532469
2019-10-07,96.00167846679688,178.2809295654297,17.860000610351562,16.03949990272522,0.8891635877387645
2019-10-08,93.8612289428711,176.36595153808594,20.280000686645508,16.29349994659424,0.7439119958226934
2019-10-09,94.54112243652344,178.44961547851562,18.639999389648438,16.4949999332428,0.7028697640253678
2019-10-10,95.86737060546875,178.6282196044922,17.56999969482422,16.66249990463257,0.8524280173454747
2019-10-11,97.4874038696289,182.75582885742188,15.579999923706055,16.754499912261963,0.8041088518000952
2019-10-14,97.74761962890625,181.85292053222656,14.569999694824219,16.749499893188478,0.8888759160135427
2019-10-15,100.69389343261719,187.4192352294922,13.539999961853027,16.704499912261962,0.9156553217943678
2019-10-16,100.45886993408203,188.0740966796875,13.680000305175781,16.690999937057494,0.848586570751717
2019-10-17,101.0212631225586,188.9075469970703,13.789999961853027,16.677999925613403,0.8672335658447744
2019-10-18,101.19754791259766,184.4029083251953,14.25,16.62449994087219,1.1546924845693618
2019-10-21,103.70733642578125,188.282470703125,14.0,16.578999948501586,1.228446371967281
2019-10-22,104.74816131591797,180.9202117919922,14.460000038146973,16.449499988555907,1.7891326276603818
2019-10-23,105.02517700195312,184.70057678222656,14.010000228881836,16.35199999809265,1.5991955765413548
2019-10-24,104.94962310791016,184.9287872314453,13.710000038146973,16.23400001525879,1.5765894580074342
2019-10-25,105.78904724121094,186.427001953125,12.649999618530273,16.005500030517577,1.589400535017793
2019-10-28,106.19195556640625,187.92527770996094,13.109999656677246,15.849000024795533,1.5495094462245542
2019-10-29,106.1247787475586,187.83595275878906,13.199999809265137,15.58100004196167,1.5466776627775438
2019-10-30,105.53720092773438,186.7842254638672,12.329999923706055,15.169500064849853,1.5378881203704018
2019-10-31,104.85733032226562,190.15774536132812,13.220000267028809,14.874500036239624,1.2564708332917758
2019-11-01,107.27477264404297,192.11241149902344,12.300000190734863,14.6375,1.4328173495107677
2019-11-04,108.1309585571289,193.20384216308594,12.829999923706055,14.385999965667725,1.4716886675074077
2019-11-05,108.3659896850586,192.80694580078125,13.100000381469727,14.026999950408936,1.5235153107156882
2019-11-06,108.53385162353516,190.05853271484375,12.619999885559082,13.725999975204468,1.706182879603703
2019-11-07,109.12144470214844,188.9373016357422,12.729999542236328,13.483999967575073,1.8433732950135884
2019-11-08,109.44041442871094,189.35403442382812,12.069999694824219,13.308499956130982,1.857256519439893
2019-11-11,109.05427551269531,188.1336212158203,12.6899995803833,13.214499950408936,1.8827533424126242
2019-11-12,108.41634368896484,192.95578002929688,12.680000305175781,13.171499967575073,1.520799778934439
2019-11-13,107.84552764892578,191.6857452392578,13.0,13.137499952316285,1.5269334910633643
2019-11-14,107.94628143310547,191.6460723876953,13.050000190734863,13.100499963760376,1.5414412842191552
2019-11-15,108.72689056396484,193.5808868408203,12.050000190734863,12.99049997329712,1.5213534334391396
2019-11-18,109.641845703125,195.86294555664062,12.460000038146973,12.913499975204468,1.4969660714892181
2019-11-19,109.60828399658203,197.7680206298828,12.859999656677246,12.833499956130982,1.3803443802769413
2019-11-20,108.81086730957031,195.97210693359375,12.779999732971191,12.771999931335449,1.3901955548680363
2019-11-21,109.06266784667969,196.3888397216797,13.130000114440918,12.742999935150147,1.395969749917734
2019-11-22,109.7845458984375,197.2719268798828,12.34000015258789,12.727499961853027,1.4309376076731313
2019-11-25,110.37213134765625,198.23435974121094,11.869999885559082,12.66549997329712,1.4450044348652311
2019-11-26,110.52323150634766,197.4207305908203,11.539999961853027,12.582499980926514,1.5113230090317065
2019-11-27,110.8505859375,200.4271697998047,11.75,12.553499984741212,1.3731940145928843
2019-11-29,110.59873962402344,200.06996154785156,12.619999885559082,12.523499965667725,1.3638970179009227
2019-12-02,110.35536193847656,198.14505004882812,14.90999984741211,12.653999948501587,1.4482572060641967
2019-12-03,108.93675231933594,197.2719268798828,15.960000038146973,12.810499954223634,1.3285873620589415
2019-12-04,111.08561706542969,197.1627960205078,14.800000190734863,12.89549994468689,1.594458473918673
2019-12-05,111.68997955322266,197.80767822265625,14.520000457763672,12.99049997329712,1.6293146270350005
2019-12-06,113.35199737548828,199.48455810546875,13.619999885559082,13.034999990463257,1.7308764464330473
2019-12-09,112.82317352294922,199.7722930908203,15.859999656677246,13.224499988555909,1.6500318413275872
2019-12-10,112.89869689941406,199.30593872070312,15.680000305175781,13.374000024795532,1.6867060815988635
2019-12-11,112.63011169433594,200.6851348876953,14.989999771118164,13.48949999809265,1.5727850004598662
2019-12-12,115.85337829589844,195.21803283691406,13.9399995803833,13.536499977111816,2.284963595933512
2019-12-13,114.83773040771484,192.59857177734375,12.630000114440918,13.51549997329712,2.317131719197765
2019-12-16,115.28260803222656,196.37892150878906,12.140000343322754,13.519999980926514,2.147460774658949
2019-12-17,115.98766326904297,196.84527587890625,12.289999961853027,13.511499977111816,2.205022224253577
2019-12-18,115.87017822265625,200.9232635498047,12.579999923706055,13.497499990463258,1.9498725256542218
2019-12-19,115.2909927368164,204.45553588867188,12.5,13.483500003814697,1.6712298901824039
2019-12-20,115.19866943359375,204.6936798095703,12.510000228881836,13.452500009536744,1.646012313583185
2019-12-23,115.16508483886719,204.5745849609375,12.609999656677246,13.465999984741211,1.6489950543388523
2019-12-24,115.48404693603516,203.52285766601562,12.670000076293945,13.505999994277953,1.7496479345336167
2019-12-26,116.7095718383789,206.17205810546875,12.649999618530273,13.561499977111817,1.7410600191705536
2019-12-27,116.79349517822266,206.47967529296875,13.430000305175781,13.645499992370606,1.7330147537845988
2019-12-30,116.36540985107422,202.81838989257812,14.819999694824219,13.755499982833863,1.8976775034921292
2019-12-31,117.01177215576172,203.65185546875,13.779999732971191,13.698999977111816,1.9264608047336267
