Date,JPM,BAC,VIX,AvgVIX,zscore
2022-01-31,133.30430603027344,41.44382095336914,24.829999923706055,23.18100004196167,-3.088498260547983
2022-02-01,135.5918426513672,42.162391662597656,21.959999084472656,23.448999977111818,-3.198959955293685
2022-02-02,134.50637817382812,42.11748123168945,22.09000015258789,23.707999992370606,-3.225326113311851
2022-02-03,133.39398193359375,41.704307556152344,24.350000381469727,23.939000034332274,-3.154648158896068
2022-02-04,136.85667419433594,43.366004943847656,23.219999313354492,24.119499969482423,-3.4745928312461363
2022-02-07,137.31422424316406,43.57260513305664,22.860000610351562,24.324499988555907,-3.5134176310812264
2022-02-08,139.8977508544922,44.35404968261719,21.440000534057617,24.426500034332275,-3.6301616212647225
2022-02-09,140.4808349609375,44.26422882080078,19.959999084472656,24.503999996185303,-3.5856774746079063
2022-02-10,139.8977508544922,44.05763626098633,23.90999984741211,24.818499946594237,-3.551286048145058
2022-02-11,138.0767059326172,43.04263687133789,27.360000610351562,25.171000003814697,-3.3454775965380716
2022-02-14,136.7938995361328,42.59354019165039,28.329999923706055,25.62799997329712,-3.271256001609323
2022-02-15,138.7943572998047,42.92588424682617,25.700000762939453,25.773499965667725,-3.289076696703882
2022-02-16,139.04551696777344,42.82707977294922,24.290000915527344,25.795499992370605,-3.2539189208097055
2022-02-17,135.84298706054688,41.38093185424805,28.110000610351562,25.92150001525879,-2.982148221913096
2022-02-18,136.47988891601562,41.282127380371094,27.75,25.866499996185304,-2.933373774586169
2022-02-22,136.23768615722656,40.9228515625,28.809999465942383,25.811999988555907,-2.8463202659044695
2022-02-23,133.38504028320312,40.22224044799805,31.020000457763672,25.805000019073486,-2.7605859329124462
2022-02-24,129.6711883544922,39.16234588623047,30.31999969482422,25.723000049591064,-2.609646832814646
2022-02-25,132.7391357421875,40.43781661987305,27.59000015258789,25.57800006866455,-2.8407511081096737
2022-02-28,127.20423889160156,39.70127868652344,30.149999618530273,25.70250005722046,-2.8401399195369286
2022-03-01,122.40493774414062,38.147361755371094,33.31999969482422,26.127000045776366,-2.596057810140538
2022-03-02,124.9436264038086,38.76712417602539,30.739999771118164,26.566000080108644,-2.6713609832186913
2022-03-03,124.05551147460938,38.351924896240234,30.479999542236328,26.985500049591064,-2.592226901650775
2022-03-04,120.56591796875,36.96189498901367,31.979999542236328,27.367000007629393,-2.345522522695834
2022-03-07,115.91016387939453,34.60609436035156,36.45000076293945,28.028500080108643,-1.882992064400001
2022-03-08,115.09381866455078,34.831748962402344,35.130001068115234,28.642000102996825,-1.9718556520710142
2022-03-09,119.70475006103516,37.04314041137695,32.45000076293945,29.192500114440918,-2.3975410841781515
2022-03-10,118.2873764038086,36.709171295166016,30.229999542236328,29.706000137329102,-2.358705133596057
2022-03-11,115.62308502197266,36.40228271484375,30.75,30.048000144958497,-2.371091415967881
2022-03-14,116.77132415771484,37.18754959106445,31.770000457763672,30.268500137329102,-2.5395180712815133
2022-03-15,118.84354400634766,37.458335876464844,29.829999923706055,30.3435001373291,-2.538425055378742
2022-03-16,124.15420532226562,38.631736755371094,26.670000076293945,30.392000102996825,-2.663200915425479
2022-03-17,125.72407531738281,38.83933639526367,25.670000076293945,30.461000061035158,-2.6630268549773324
2022-03-18,125.67922973632812,38.72199249267578,23.8700008392334,30.249000072479248,-2.6333847034719646
2022-03-21,125.2755355834961,38.6678352355957,23.530000686645508,30.038000106811523,-2.633223838890478
2022-03-22,127.9398422241211,39.87733459472656,22.940000534057617,29.744500160217285,-2.8610216292654798
2022-03-23,125.39215087890625,38.893489837646484,23.56999969482422,29.37200012207031,-2.689153987753068
2022-03-24,126.20849609375,38.87544631958008,21.670000076293945,28.9395001411438,-2.655535682651127
2022-03-25,127.31185913085938,39.471160888671875,20.809999465942383,28.600500106811523,-2.7751066166280784
2022-03-28,126.36994934082031,39.308692932128906,19.6299991607666,28.07450008392334,-2.765123262166735
2022-03-29,126.64803314208984,39.20941162109375,18.899999618530273,27.353500080108642,-2.7288881800003932
2022-03-30,126.07389831542969,38.812255859375,19.329999923706055,26.78300008773804,-2.643472001251037
2022-03-31,122.28831481933594,37.20560836791992,20.559999465942383,26.28700008392334,-2.349574136512474
2022-04-01,121.38226318359375,36.91677474975586,19.6299991607666,25.669500064849853,-2.3046991055904527
2022-04-04,121.92047882080078,36.85359573364258,18.56999969482422,24.77550001144409,-2.2688882043580687
2022-04-05,120.50165557861328,36.230796813964844,21.030000686645508,24.070499992370607,-2.1532458507126293
2022-04-06,118.82979583740234,35.83364486694336,22.100000381469727,23.55299997329712,-2.106580297465419
2022-04-07,118.46830749511719,35.5538330078125,21.549999237060547,23.11899995803833,-2.0448829104213533
2022-04-08,120.63720703125,35.806556701660156,21.15999984741211,22.639499950408936,-2.0355706552402775
2022-04-11,120.19440460205078,35.73435592651367,24.3700008392334,22.26949996948242,-2.0319889321760862
2022-04-12,118.87496185302734,35.35525131225586,24.260000228881836,21.99099998474121,-1.9776854774020058
2022-04-13,115.04322052001953,35.039344787597656,21.81999969482422,21.748499965667726,-2.0288829851355312
2022-04-14,113.9768295288086,33.91107940673828,22.700000762939453,21.6,-1.7662952385389494
2022-04-18,116.09152221679688,35.06642150878906,22.170000076293945,21.51499996185303,-1.9990831227545933
2022-04-19,118.49540710449219,35.716312408447266,21.3700008392334,21.40699996948242,-2.087162043635358
2022-04-20,118.9111328125,35.79753875732422,20.31999969482422,21.27599992752075,-2.0941012770083476
2022-04-21,117.98934173583984,35.12057876586914,22.68000030517578,21.23149995803833,-1.946501469534516
2022-04-22,114.60038757324219,33.90205764770508,28.209999084472656,21.558499908447267,-1.7418829955762312
2022-04-25,114.5642318725586,33.65835189819336,27.020000457763672,21.86899995803833,-1.6783092208132107
2022-04-26,111.17529296875,32.90016174316406,33.52000045776367,22.563500022888185,-1.5961842179124073
2022-04-27,109.72936248779297,32.71963119506836,31.600000381469727,23.198500061035155,-1.5991863042609258
2022-04-28,111.46448516845703,33.225093841552734,29.989999771118164,23.73150005340576,-1.6724401434066432
2022-04-29,107.86768341064453,32.20514678955078,33.400001525878906,24.37350015640259,-1.5279992078842255
2022-05-02,108.8527603149414,32.62034606933594,32.34000015258789,25.00900020599365,-1.6037105387156165
2022-05-03,111.184326171875,33.5139274597168,29.25,25.54300022125244,-1.7591883242039148
2022-05-04,114.86246490478516,34.858821868896484,25.420000076293945,25.762500190734862,-1.9872265200387274
2022-05-05,111.98865509033203,33.884002685546875,31.200000762939453,26.21750020980835,-1.8292725410004247
2022-05-06,111.80790710449219,33.802772521972656,30.190000534057617,26.6495002746582,-1.8140375958705068
2022-05-09,110.12700653076172,32.827945709228516,34.75,27.3290002822876,-1.6139719763821099
2022-05-10,107.44294738769531,32.27735137939453,32.9900016784668,27.76000032424927,-1.5622059909086834
2022-05-11,106.7651596069336,32.10585403442383,32.560001373291016,28.175000381469726,-1.5404964294536412
2022-05-12,106.6747817993164,31.65455436706543,31.770000457763672,28.6725004196167,-1.4235959764975659
2022-05-13,107.62369537353516,31.744815826416016,28.8700008392334,28.981000423431396,-1.4141179583274661
2022-05-16,106.87362670898438,31.419870376586914,27.469999313354492,29.246000385284425,-1.3541273860275307
2022-05-17,110.41617584228516,32.48495864868164,26.100000381469727,29.48250036239624,-1.5124955081095608
2022-05-18,108.52741241455078,31.48305320739746,30.959999084472656,30.01450033187866,-1.3125618128459422
2022-05-19,106.9188003540039,31.094932556152344,29.350000381469727,30.34800033569336,-1.2660668476640047
2022-05-20,106.04218292236328,30.56239891052246,29.43000030517578,30.409000396728516,-1.1553042457003273
2022-05-23,112.6031723022461,32.376644134521484,28.479999542236328,30.48200035095215,-1.4064722124132454
2022-05-24,114.19371795654297,32.178070068359375,29.450000762939453,30.278500366210938,-1.2974855320910708
2022-05-25,114.98900604248047,32.34956359863281,28.3700008392334,30.117000389099122,-1.3150463261468086
2022-05-26,116.97718048095703,33.098724365234375,27.5,29.992500400543214,-1.4442154946815784
2022-05-27,118.63096618652344,33.414642333984375,25.719999313354492,29.608500289916993,-1.4699027089843488
2022-05-31,119.49853515625,33.57711410522461,26.190000534057617,29.301000308990478,-1.482511304138211
2022-06-01,117.40191650390625,33.098724365234375,25.690000534057617,29.12300033569336,-1.4292223436662965
2022-06-02,119.29067993164062,33.316612243652344,24.719999313354492,29.088000297546387,-1.4205290669570756
2022-06-03,117.62784576416016,32.85362243652344,24.790000915527344,28.76750030517578,-1.3560254655566852
2022-06-06,117.2392349243164,32.81731033325195,25.06999969482422,28.51150026321411,-1.3600807542312774
2022-06-07,117.54651641845703,32.998863220214844,24.020000457763672,27.975000286102294,-1.3975449393377684
2022-06-08,115.67581176757812,32.581275939941406,23.959999084472656,27.523500156402587,-1.3524607575459247
2022-06-09,113.24481964111328,31.328500747680664,26.09000015258789,27.200000095367432,-1.1049112880343246
2022-06-10,108.03941345214844,30.11203384399414,27.75,26.999000072479248,-0.964960065969617
2022-06-13,104.82217407226562,29.068058013916016,34.02000045776367,27.256500053405762,-0.8007265511120434
2022-06-14,103.07799530029297,28.55968475341797,32.689998626708984,27.517500019073488,-0.7270178773249816
2022-06-15,104.29802703857422,29.095293045043945,29.6200008392334,27.69350004196167,-0.8264761419027474
2022-06-16,102.5086669921875,28.913728713989258,32.95000076293945,27.79300012588501,-0.8413261776612777
2022-06-17,102.14715576171875,28.97727394104004,31.1299991607666,27.882000064849855,-0.8709968747473277
2022-06-21,104.67755889892578,29.821535110473633,30.190000534057617,27.920000076293945,-1.0063316141560994
2022-06-22,104.09015655517578,29.59458351135254,28.950000762939453,27.943500137329103,-0.9666750834354174
2022-06-23,102.95146179199219,29.122526168823242,29.049999237060547,27.923500061035156,-0.8812565288223725
2022-06-24,106.02410888671875,29.33132553100586,27.229999542236328,27.866499996185304,-0.8283537909529588
2022-06-27,105.17462158203125,29.36763572692871,26.950000762939453,27.839000034332276,-0.8680027700517087
2022-06-28,104.66854095458984,29.285932540893555,28.360000610351562,27.971000099182127,-0.8641261725201675
2022-06-29,104.1986083984375,28.922809600830078,28.15999984741211,28.069500064849855,-0.7840877905641184
2022-06-30,101.76761627197266,28.260107040405273,28.709999084472656,28.220499992370605,-0.6935565719880314
2022-07-01,103.06895446777344,28.650463104248047,26.700000762939453,28.319500064849855,-0.7514931254646007
2022-07-05,102.67692565917969,28.35996437072754,27.540000915527344,28.457000064849854,-0.6880300387898517
2022-07-06,102.0113754272461,28.123933792114258,26.729999542236328,28.54000005722046,-0.6487162076254317
2022-07-07,104.59152221679688,28.922809600830078,26.079999923706055,28.643000030517577,-0.770217961078623
2022-07-08,104.2632827758789,28.85926055908203,24.639999389648438,28.677000045776367,-0.7648943979175649
2022-07-11,102.895751953125,28.55968475341797,26.170000076293945,28.68100004196167,-0.733451054352555
2022-07-12,102.99601745605469,28.468902587890625,27.290000915527344,28.65800008773804,-0.7057545668281558
2022-07-13,102.02962493896484,27.996841430664062,26.81999969482422,28.298000049591064,-0.6142527402489258
2022-07-14,98.46481323242188,27.352298736572266,26.399999618530273,27.98350009918213,-0.5685776092577377
2022-07-15,102.97777557373047,29.276853561401367,24.229999542236328,27.714000034332276,-0.9213941534069086
2022-07-18,101.92021179199219,29.285932540893555,25.299999237060547,27.33149995803833,-0.961141993990663
2022-07-19,104.44563293457031,30.275440216064453,24.5,27.0,-1.1353026738227658
2022-07-20,104.42740631103516,30.28452491760254,23.8799991607666,26.68449993133545,-1.1383635102237457
2022-07-21,105.13855743408203,30.547794342041016,23.110000610351562,26.392499923706055,-1.1833158865641178
2022-07-22,104.62799072265625,30.348072052001953,23.030000686645508,26.091499996185302,-1.1481927791784394
2022-07-25,105.0473861694336,30.620410919189453,23.360000610351562,25.898000049591065,-1.2058574874165209
2022-07-26,103.40630340576172,30.003101348876953,24.690000534057617,25.785000038146972,-1.0995215940249456
2022-07-27,105.06560516357422,30.493318557739258,23.239999771118164,25.528999996185302,-1.1713950973083236
2022-07-28,104.67357635498047,30.248212814331055,22.329999923706055,25.2375,-1.1200110794254807
2022-07-29,105.17501831054688,30.693037033081055,21.329999923706055,24.86850004196167,-1.2206778815326282
2022-08-01,104.12654113769531,30.602251052856445,22.84000015258789,24.675500011444093,-1.233530912625975
2022-08-02,102.5036849975586,29.994020462036133,23.93000030517578,24.494999980926515,-1.128967536003945
2022-08-03,103.57952117919922,30.538707733154297,21.950000762939453,24.25600004196167,-1.235931808611776
2022-08-04,102.43988037109375,30.320833206176758,21.440000534057617,24.024000072479247,-1.2181846636258906
2022-08-05,105.53970336914062,30.829208374023438,21.149999618530273,23.84950008392334,-1.2440397014282885
2022-08-08,104.2541732788086,30.402544021606445,21.290000915527344,23.60550012588501,-1.175883492078564
2022-08-09,105.1932373046875,30.792890548706055,21.770000457763672,23.329500102996825,-1.2466057599317164
2022-08-10,107.9375,31.836877822875977,19.739999771118164,22.975500106811523,-1.4275383629562437
2022-08-11,109.53298950195312,32.59943389892578,20.200000762939453,22.665500164031982,-1.5741337715740886
2022-08-12,111.34729766845703,32.95348358154297,19.530000686645508,22.43050022125244,-1.6043013986917989
2022-08-15,111.64816284179688,32.90808868408203,19.950000762939453,22.163000297546386,-1.581601303407863
2022-08-16,112.71485137939453,33.26213073730469,19.690000534057617,21.922500324249267,-1.6381578193921056
2022-08-17,111.76669311523438,33.0533447265625,19.899999618530273,21.723500347137453,-1.6160698073914774
2022-08-18,110.90055084228516,32.935325622558594,19.559999465942383,21.546000289916993,-1.615239698940494
2022-08-19,108.15631103515625,32.20907974243164,20.600000381469727,21.424500274658204,-1.5188572317819522
2022-08-22,106.36935424804688,31.51914405822754,23.799999237060547,21.44650020599365,-1.398344881406305
2022-08-23,105.32088470458984,31.237722396850586,24.110000610351562,21.41750020980835,-1.3604695131093214
2022-08-24,105.57616424560547,31.337583541870117,22.81999969482422,21.396500205993654,-1.3780312014606988
2022-08-25,108.08336639404297,31.90042495727539,21.780000686645508,21.369000244140626,-1.439299173989967
2022-08-26,104.54592895507812,30.892751693725586,25.559999465942383,21.580500221252443,-1.2960287358064346
2022-08-29,104.2906494140625,30.774736404418945,26.209999084472656,21.74900016784668,-1.2736362320106538
2022-08-30,104.30888366699219,30.947221755981445,26.209999084472656,21.863000106811523,-1.318890893914995
2022-08-31,103.68892669677734,30.511474609375,25.8700008392334,22.059000110626222,-1.224823071010199
2022-09-01,104.40005493164062,30.584575653076172,25.559999465942383,22.26500005722046,-1.2191724738084895
2022-09-02,103.67068481445312,30.548025131225586,25.469999313354492,22.48100004196167,-1.2351930972745206
2022-09-06,103.69802856445312,30.20992088317871,26.90999984741211,22.761999988555907,-1.1442583682378586
2022-09-07,105.6673583984375,30.67595863342285,24.639999389648438,22.905499935150146,-1.198753751956681
2022-09-08,108.12896728515625,31.6628475189209,23.610000610351562,23.098999977111816,-1.374470140231166
2022-09-09,108.64862823486328,31.927845001220703,22.790000915527344,23.228499984741212,-1.426641941870076
2022-09-12,109.93414306640625,32.22939682006836,23.8700008392334,23.445499992370607,-1.4615062608693326
2022-09-13,106.11406707763672,31.06888771057129,27.270000457763672,23.811499977111815,-1.287543344315641
2022-09-14,105.86790466308594,30.950098037719727,26.15999984741211,24.13499994277954,-1.2646229432513367
2022-09-15,107.46340942382812,31.53491973876953,26.270000457763672,24.45349998474121,-1.3639227190585934
2022-09-16,106.74315643310547,31.178543090820312,26.299999237060547,24.79049997329712,-1.2945158178698235
2022-09-19,107.72779846191406,31.69939422607422,25.760000228881836,25.048499965667723,-1.3983564448362344
2022-09-20,105.60350799560547,31.224227905273438,27.15999984741211,25.216499996185302,-1.3469020488329873
2022-09-21,102.55839538574219,30.29216766357422,27.989999771118164,25.41049995422363,-1.2063731949705008
2022-09-22,101.39140319824219,29.69820213317871,27.350000381469727,25.636999988555907,-1.0895137843896043
2022-09-23,99.50418090820312,28.994579315185547,29.920000076293945,26.04399995803833,-0.9688986545157809
2022-09-26,97.36164855957031,28.354930877685547,32.2599983215332,26.37899990081787,-0.8743195256862204
2022-09-27,96.50464630126953,27.93458366394043,32.599998474121094,26.698499870300292,-0.7927173045164649
2022-09-28,98.45570373535156,28.3914794921875,30.18000030517578,26.89699993133545,-0.8454250383758065
2022-09-29,96.78726196289062,28.016822814941406,31.84000015258789,27.195499897003174,-0.8046248194527227
2022-09-30,95.2738265991211,27.596481323242188,31.6200008392334,27.498499965667726,-0.7461961622571255
2022-10-03,98.21865844726562,28.409753799438477,30.100000381469727,27.730000019073486,-0.8586555107637905
2022-10-04,102.81366729736328,29.58854866027832,29.06999969482422,27.83800001144409,-1.0101291891978783
2022-10-05,101.54425811767578,29.168201446533203,28.549999237060547,28.033500003814698,-0.9430849026463453
2022-10-06,99.47455596923828,28.74785614013672,30.520000457763672,28.378999996185303,-0.9042914077897548
2022-10-07,97.4876480102539,28.09906578063965,31.360000610351562,28.807499980926515,-0.8017860849558017
2022-10-10,96.57696533203125,28.016822814941406,32.45000076293945,29.236499977111816,-0.8120482753738527
2022-10-11,93.78977966308594,27.20355224609375,33.630001068115234,29.554500007629393,-0.6940245356423377
2022-10-12,95.30754852294922,27.285795211791992,33.56999969482422,29.925,-0.6623322467423491
2022-10-13,100.60598754882812,28.958030700683594,31.940000534057617,30.2085000038147,-0.9202793778806163
2022-10-14,102.28015899658203,28.967166900634766,32.02000045776367,30.494500064849852,-0.8636123879939223
2022-10-17,106.57596588134766,30.721643447875977,31.3700008392334,30.77500009536743,-1.1788366964704973
2022-10-18,109.31714630126953,31.873023986816406,30.5,30.942000102996825,-1.3884554374456384
2022-10-19,107.17385864257812,30.995777130126953,30.760000228881836,31.08050012588501,-1.2306780624220215
2022-10-20,106.82431030273438,30.794748306274414,29.979999542236328,31.21200008392334,-1.1895233496394535
2022-10-21,112.43550872802734,31.936994552612305,29.690000534057617,31.200500106811525,-1.2954000276808266
2022-10-24,112.573486328125,32.0466423034668,29.850000381469727,31.08000020980835,-1.3197066806426716
2022-10-25,112.86783599853516,32.33905792236328,28.459999084472656,30.87300024032593,-1.3871279168095931
2022-10-26,114.16485595703125,32.6223258972168,27.280000686645508,30.728000259399415,-1.4167207771364956
2022-10-27,114.61559295654297,32.777671813964844,27.389999389648438,30.50550022125244,-1.4421473218556708
2022-10-28,115.97699737548828,33.06095886230469,25.75,30.212000179290772,-1.4694724908187364
2022-10-31,115.79300689697266,32.93301010131836,25.8799991607666,30.001000118255615,-1.4419201927239502
2022-11-01,117.88111114501953,33.079227447509766,25.809999465942383,29.838000106811524,-1.4071186800703426
2022-11-02,116.79568481445312,32.97871398925781,25.860000610351562,29.703500175476073,-1.418687533125811
2022-11-03,117.00724792480469,32.795955657958984,25.299999237060547,29.442500114440918,-1.3625874022727291
2022-11-04,120.20838165283203,33.61835861206055,24.549999237060547,29.102000045776368,-1.4684289318700943
2022-11-07,120.84310913085938,33.819393157958984,24.350000381469727,28.69700002670288,-1.499518364252638
2022-11-08,120.91668701171875,33.9107780456543,25.540000915527344,28.292500019073486,-1.5212385771425312
2022-11-09,119.34371948242188,33.37164306640625,26.09000015258789,27.91850004196167,-1.4333004694451095
2022-11-10,124.25582122802734,34.84284591674805,23.530000686645508,27.498000049591063,-1.6513905196575271
2022-11-11,124.45817565917969,35.098697662353516,22.520000457763672,27.023000049591065,-1.7123295391947404
2022-11-14,123.17955780029297,34.504737854003906,23.729999542236328,26.64099998474121,-1.599412029408783
2022-11-15,122.28727722167969,34.44990921020508,24.540000915527344,26.34300003051758,-1.6163195745443062
2022-11-16,122.452880859375,34.13922119140625,24.110000610351562,26.010500049591066,-1.5277997364845717
2022-11-17,121.91934204101562,33.965599060058594,23.93000030517578,25.708000087738036,-1.5004327916675357
2022-11-18,123.11516571044922,33.9838752746582,23.1200008392334,25.379500102996825,-1.4630836006135317
2022-11-21,122.38848114013672,34.093536376953125,22.360000610351562,25.005000114440918,-1.51791631872359
2022-11-22,124.21900939941406,34.258018493652344,21.290000915527344,24.646500205993654,-1.4970674729870972
2022-11-23,125.54363250732422,34.367671966552734,20.350000381469727,24.300000190734863,-1.4794871476359541
2022-11-25,125.78277587890625,34.44990921020508,20.5,23.955500221252443,-1.4929287237339464
2022-11-28,123.58431243896484,33.68232345581055,22.209999084472656,23.778500175476076,-1.3662798549369826
2022-11-29,125.61721801757812,33.81025695800781,21.889999389648438,23.579000186920165,-1.3285615228186272
2022-11-30,127.10738372802734,34.58698654174805,20.579999923706055,23.31750020980835,-1.482646422251212
2022-12-01,125.32286834716797,33.59430694580078,19.84000015258789,23.016500186920165,-1.2814877746918536
2022-12-02,124.32941436767578,33.162322998046875,19.059999465942383,22.704500198364258,-1.2016057560380429
2022-12-05,120.84310913085938,31.682525634765625,20.75,22.514500236511232,-0.9308981929886868
2022-12-06,121.04547119140625,30.33139419555664,22.170000076293945,22.405500221252442,-0.5642189257839758
2022-12-07,120.96268463134766,30.092418670654297,22.68000030517578,22.262500190734862,-0.5035499291540905
2022-12-08,122.23210144042969,29.816675186157227,22.290000915527344,22.072500228881836,-0.38536430170836855
2022-12-09,121.5698013305664,29.761531829833984,22.829999923706055,22.037500190734864,-0.3940698079010988
2022-12-12,123.45553588867188,30.083223342895508,25.0,22.16150016784668,-0.4131055838109134
2022-12-13,123.33595275878906,30.101608276367188,22.549999237060547,22.10250015258789,-0.42221908809843434
2022-12-14,122.71963500976562,29.66961669921875,21.139999389648438,21.932500076293945,-0.32902215749427005
2022-12-15,119.67488098144531,29.200862884521484,22.829999923706055,21.86850004196167,-0.31176642597061144
2022-12-16,118.9297866821289,29.136518478393555,22.6200008392334,21.803000068664552,-0.3209461629253808
2022-12-19,119.63806915283203,29.4674072265625,22.420000076293945,21.768000030517577,-0.38399329577693164
2022-12-20,120.21759033203125,29.586891174316406,21.479999542236328,21.723999977111816,-0.3953309029234609
2022-12-21,121.5698013305664,30.03727149963379,20.06999969482422,21.66299991607666,-0.46744409833512646
2022-12-22,120.18999481201172,29.770721435546875,21.969999313354492,21.743999862670897,-0.4452222315055076
2022-12-23,120.76031494140625,29.844257354736328,20.8700008392334,21.76249990463257,-0.44465787059520473
2022-12-27,121.18346405029297,29.899396896362305,21.649999618530273,21.73449993133545,-0.44439336241983934
2022-12-28,121.84577178955078,30.119993209838867,22.139999389648438,21.74699993133545,-0.4797145973875239
2022-12-29,122.54483795166016,30.460071563720703,21.440000534057617,21.789999961853027,-0.5455324181589932
2022-12-30,123.35435485839844,30.44169044494629,21.670000076293945,21.88149995803833,-0.5120653163366222
2023-01-03,124.29261016845703,30.800153732299805,22.899999618530273,22.073499965667725,-0.5743320058314294
2023-01-04,125.4516372680664,31.379199981689453,22.010000228881836,22.136499977111818,-0.6875025646970426
2023-01-05,125.42385864257812,31.31486701965332,22.459999084472656,22.15099992752075,-0.6713641553071135
2023-01-06,127.82388305664062,31.62737274169922,21.1299991607666,22.073499870300292,-0.669801198547278
2023-01-09,127.29572296142578,31.1494197845459,21.969999313354492,22.05749979019165,-0.5612619918451606
2023-01-10,128.4355010986328,31.360824584960938,20.579999923706055,21.944999790191652,-0.5772826957230004
2023-01-11,129.3899688720703,31.59979820251465,21.09000015258789,21.749499797821045,-0.6071809007648201
2023-01-12,129.26025390625,31.682525634765625,18.829999923706055,21.56349983215332,-0.6337735887259343
2023-01-13,132.52206420898438,32.38105773925781,18.350000381469727,21.423999881744386,-0.7045112225631928
2023-01-17,130.47418212890625,31.728477478027344,19.360000610351562,21.25049991607666,-0.6031497894511435
2023-01-18,126.55438232421875,30.9931697845459,20.34000015258789,21.136499881744385,-0.5458531581674102
2023-01-19,124.86784362792969,30.54279327392578,20.520000457763672,21.041499900817872,-0.4855427214944241
2023-01-20,125.17365264892578,31.112653732299805,19.850000381469727,20.95999994277954,-0.6263874792756146
2023-01-23,127.20304107666016,31.544647216796875,19.809999465942383,20.946999931335448,-0.6697036242536135
2023-01-24,128.2964630126953,31.774436950683594,19.200000762939453,20.808500003814697,-0.6922529271102017
2023-01-25,128.9173583984375,32.0501708984375,19.079999923706055,20.71899995803833,-0.7437081325165447
2023-01-26,129.7142791748047,32.48217010498047,18.729999542236328,20.572999954223633,-0.8305318194456712
2023-01-27,130.0293731689453,32.58326721191406,18.510000228881836,20.391499996185303,-0.846310951215638
2023-01-30,128.9266357421875,32.44540023803711,19.940000534057617,20.316499996185303,-0.8485511190480047
2023-01-31,129.6957550048828,32.610843658447266,19.399999618530273,20.202999973297118,-0.8654257372278665
2023-02-01,129.3528289794922,33.015262603759766,17.8700008392334,19.951500034332277,-0.9851468302103107
2023-02-02,128.75054931640625,33.208282470703125,18.729999542236328,19.7875,-1.0577698205370605
2023-02-03,130.74285888671875,33.48402404785156,18.329999923706055,19.58100004196167,-1.0608162341954512
2023-02-06,131.5120086669922,33.428871154785156,19.43000030517578,19.49600009918213,-1.018989124651243
2023-02-07,133.11514282226562,33.79652404785156,18.65999984741211,19.33050012588501,-1.0602309916933272
2023-02-08,132.17921447753906,33.548362731933594,19.6299991607666,19.28300008773804,-1.0272335008082454
2023-02-09,130.1219940185547,32.83143615722656,20.709999084472656,19.264000034332277,-0.90907916611365
2023-02-10,130.69654846191406,32.702754974365234,20.530000686645508,19.34900007247925,-0.8545553895505023
2023-02-13,132.1143798828125,32.7671012878418,20.34000015258789,19.448500061035155,-0.821628588208092
2023-02-14,132.6981201171875,32.73951721191406,18.90999984741211,19.426000022888182,-0.7936824809498697
2023-02-15,133.25416564941406,32.68437576293945,18.229999542236328,19.320499992370607,-0.7593809812826161
2023-02-16,131.4193572998047,32.42702102661133,20.170000076293945,19.30299997329712,-0.7556675218403832
2023-02-17,131.80856323242188,32.491355895996094,20.020000457763672,19.311499977111815,-0.759048080868423
2023-02-21,129.3899688720703,31.728477478027344,22.8700008392334,19.46450004577637,-0.6414224393187891
2023-02-22,128.39842224121094,31.517080307006836,22.290000915527344,19.619000053405763,-0.6201712041252708
2023-02-23,129.42703247070312,31.489498138427734,21.139999389648438,19.72200002670288,-0.576521725629764
2023-02-24,130.59463500976562,31.443544387817383,21.670000076293945,19.869000053405763,-0.5230771530184289
2023-02-27,131.7344207763672,31.443544387817383,20.950000762939453,19.99100008010864,-0.4828427975590872
2023-02-28,132.83712768554688,31.526262283325195,20.700000762939453,20.029000091552735,-0.46592854438109055
2023-03-01,132.0958251953125,31.379199981689453,20.579999923706055,20.088000106811524,-0.45296320946316093
2023-03-02,130.72434997558594,30.981412887573242,19.59000015258789,20.17400007247925,-0.3955250916853469
2023-03-03,133.12442016601562,31.601232528686523,18.489999771118164,20.16200008392334,-0.475736713099295
2023-03-06,132.3460235595703,31.536466598510742,18.610000610351562,20.176000118255615,-0.4859798516023057
2023-03-07,128.45401000976562,30.528120040893555,19.59000015258789,20.184000110626222,-0.35504676112623273
2023-03-08,127.69417572021484,30.121076583862305,19.110000610351562,20.206500148773195,-0.27355464559799836
2023-03-09,120.78125,28.25238609313965,22.610000610351562,20.35550022125244,-0.020322127921731412
2023-03-10,123.84850311279297,28.00261116027832,24.799999237060547,20.560000228881837,0.1544167633140712
2023-03-13,121.62451934814453,26.374441146850586,26.520000457763672,20.859500217437745,0.5091661263970444
2023-03-14,124.74737548828125,26.6057186126709,23.729999542236328,21.029000186920165,0.5578598194849741
2023-03-15,118.85379028320312,26.355939865112305,26.139999389648438,21.390500164031984,0.41628277866255425
2023-03-16,121.16118621826172,26.799983978271484,22.989999771118164,21.628500175476074,0.37957360794069966
2023-03-17,116.58346557617188,25.736133575439453,25.510000228881836,21.89550018310547,0.5010708534779976
2023-03-20,117.81593322753906,25.671377182006836,24.149999618530273,22.102000141143797,0.5618085407019348
2023-03-21,120.9758529663086,26.44845199584961,21.3799991607666,22.027500057220458,0.4665739725067997
2023-03-22,117.85301208496094,25.569610595703125,22.260000228881836,22.026000022888184,0.5901974971378562
2023-03-23,117.5379409790039,24.949798583984375,22.610000610351562,22.09950008392334,0.7440074058649577
2023-03-24,115.74947357177734,25.107065200805664,21.739999771118164,22.10300006866455,0.6390260088427412
2023-03-27,119.06693267822266,26.355939865112305,20.600000381469727,22.085500049591065,0.4238066898535501
2023-03-28,119.42833709716797,26.013656616210938,19.969999313354492,22.048999977111816,0.5276457680270638
2023-03-29,119.66925811767578,26.522457122802734,19.1200008392334,21.976000022888183,0.4007585137665744
2023-03-30,119.30784606933594,26.180173873901367,19.020000457763672,21.947500038146973,0.47908222271124695
2023-03-31,120.75345611572266,26.457706451416016,18.700000762939453,21.958000087738036,0.45626077027287576
2023-04-03,120.61446380615234,26.44845199584961,18.549999237060547,21.955000019073488,0.45381696118507264
2023-04-04,119.00205993652344,25.88414192199707,19.0,21.925500011444093,0.5470620583243402
2023-04-05,119.17951965332031,25.569610595703125,19.079999923706055,21.923999977111816,0.6370231187491981
2023-04-06,119.04875183105469,25.754629135131836,18.399999618530273,21.71349992752075,0.5831736146549221
2023-04-10,119.4410171508789,25.84714126586914,18.969999313354492,21.42199993133545,0.5724030861770832
2023-04-11,120.0293960571289,26.559463500976562,19.100000381469727,21.050999927520753,0.40362396464672784
2023-04-12,120.0107192993164,26.346689224243164,19.09000015258789,20.81899995803833,0.45958388393239596
2023-04-13,120.46834564208984,26.420696258544922,17.799999237060547,20.401999950408936,0.45604479862220704
2023-04-14,129.56488037109375,27.308788299560547,17.06999969482422,20.10599994659424,0.5408306421753122
2023-04-17,130.5922088623047,28.09511947631836,16.950000762939453,19.67799997329712,0.36785263958409764
2023-04-18,132.0584716796875,28.27088737487793,16.829999923706055,19.311999988555907,0.37283979636880515
2023-04-19,131.890380859375,27.808338165283203,16.459999084472656,19.06599998474121,0.48999048730722566
2023-04-20,131.50743103027344,27.660324096679688,17.170000076293945,18.811499977111815,0.5158589104169814
2023-04-21,131.2552947998047,27.6325740814209,16.770000457763672,18.51949996948242,0.5143427951110552
2023-04-24,131.4327392578125,27.530811309814453,16.889999389648438,18.276999950408936,0.5476856320463173
2023-04-25,128.5749053955078,26.679723739624023,18.760000228881836,18.18499994277954,0.6732785948024043
2023-04-26,126.2961196899414,26.3096866607666,18.84000015258789,18.12849998474121,0.6913044423183733
2023-04-27,127.99585723876953,26.72597885131836,17.030000686645508,18.023999977111817,0.6405297573466008
2023-04-28,129.10723876953125,27.08677101135254,15.779999732971191,17.86199994087219,0.5837546982530808
2023-05-01,131.87171936035156,26.86474609375,16.079999923706055,17.73099989891052,0.7404214658051294
2023-05-02,129.74232482910156,26.050662994384766,17.780000686645508,17.692499971389772,0.8818813995804357
2023-05-03,126.99655151367188,25.773134231567383,18.34000015258789,17.659499979019166,0.858806167185238
2023-05-04,125.25942993164062,24.968299865722656,20.09000015258789,17.709999990463256,1.011652221019155
2023-05-05,127.70634460449219,25.634368896484375,17.190000534057617,17.649500036239623,0.9207872498627765
2023-05-08,128.01455688476562,25.615867614746094,16.979999542236328,17.550000047683717,0.9365903098303247
2023-05-09,127.39813995361328,25.588115692138672,17.709999084472656,17.480499982833862,0.922215619575565
2023-05-10,127.4635238647461,25.27358055114746,16.940000534057617,17.37300000190735,1.008221427224038
2023-05-11,127.06192779541016,25.338335037231445,16.93000030517578,17.32950005531311,0.9768139545412156
2023-05-12,125.24077606201172,25.060810089111328,17.030000686645508,17.327500104904175,0.9863767822984083
2023-05-15,126.2961196899414,25.57886505126953,17.1200008392334,17.33600010871887,0.8857759779869037
2023-05-16,125.44623565673828,25.31058692932129,17.989999771118164,17.39400010108948,0.9271639063509263
2023-05-17,129.30337524414062,26.429948806762695,16.8700008392334,17.414500188827514,0.7654586052819142
2023-05-18,130.28399658203125,26.337438583374023,16.049999237060547,17.358500146865843,0.8246914263393146
2023-05-19,129.9851531982422,26.004409790039062,16.809999465942383,17.36050009727478,0.9027611952075911
2023-05-22,128.9110870361328,26.217180252075195,17.209999084472656,17.37650008201599,0.808228544652206
2023-05-23,127.5662612915039,26.43920135498047,18.530000686645508,17.365000104904176,0.7016765059997802
2023-05-24,126.39884185791016,25.99515724182129,20.030000686645508,17.424500131607054,0.7786267651079111
2023-05-25,126.70703125,26.059913635253906,19.139999389648438,17.530000066757204,0.7722741605405269
2023-05-26,127.89313507080078,26.189420700073242,17.950000762939453,17.638500118255614,0.7796817267953993
2023-05-30,128.3787841796875,26.143169403076172,17.459999084472656,17.707500076293947,0.8091325694993671
2023-05-31,126.744384765625,25.708375930786133,17.940000534057617,17.71550006866455,0.8671368745971089
2023-06-01,128.4908447265625,25.904193878173828,15.649999618530273,17.58100004196167,0.8766796549686713
2023-06-02,131.18991088867188,26.771398544311523,14.600000381469727,17.306500053405763,0.7411934466872281
2023-06-05,129.90110778808594,26.612876892089844,14.729999542236328,17.183500003814697,0.7378813812049106
2023-06-06,130.1345672607422,27.25628662109375,13.960000038146973,17.03250002861023,0.5749112381865761
2023-06-07,131.39537048339844,27.489408493041992,13.9399995803833,16.84400005340576,0.5573838011840461
2023-06-08,131.4327392578125,27.25628662109375,13.649999618530273,16.679500007629393,0.6207366161724981
2023-06-09,131.69424438476562,27.2935848236084,13.829999923706055,16.52449998855591,0.620042681456865
2023-06-12,131.68490600585938,27.163036346435547,15.010000228881836,16.423499965667723,0.6544519702278757
2023-06-13,132.6375274658203,27.414810180664062,14.609999656677246,16.297999906539918,0.6210824544533912
2023-06-14,132.1425323486328,27.15371322631836,13.880000114440918,16.092499923706054,0.6730870282199077
2023-06-15,133.63682556152344,27.386831283569336,14.5,15.973999881744385,0.6638027861442166
2023-06-16,133.7955780029297,27.21898651123047,13.539999961853027,15.84849991798401,0.7140702080792127
2023-06-20,133.1138458251953,26.92059898376465,13.880000114440918,15.701999950408936,0.7694059937388701
2023-06-21,132.91770935058594,26.640850067138672,13.199999809265137,15.50149998664856,0.8369235408087717
2023-06-22,130.3587188720703,26.072040557861328,12.90999984741211,15.220499944686889,0.8979514980234035
2023-06-23,129.67698669433594,25.876222610473633,13.4399995803833,14.890999889373779,0.925993531703837
2023-06-26,129.9944610595703,26.193265914916992,14.25,14.646499919891358,0.8528351716629748
2023-06-27,130.00381469726562,26.3331356048584,13.739999771118164,14.435999870300293,0.8159460480152133
2023-06-28,129.43409729003906,26.17461585998535,13.430000305175781,14.23449993133545,0.8380171481656703
2023-06-29,133.95437622070312,26.724777221679688,13.539999961853027,14.01449990272522,0.8511848016927221
2023-06-30,135.8315887451172,26.75275230407715,13.59000015258789,13.9114999294281,0.9100061027800409
2023-07-03,136.9242706298828,27.22831153869629,13.569999694824219,13.859999895095825,0.8220314438415457
2023-07-05,136.01214599609375,27.116416931152344,14.180000305175781,13.832499933242797,0.8196086505520466
2023-07-06,134.6674346923828,26.37043571472168,15.4399995803833,13.906499910354615,0.9706459435049192
2023-07-07,135.73004150390625,26.603551864624023,14.829999923706055,13.950999927520751,0.9461237101016693
2023-07-10,136.49171447753906,26.724777221679688,15.069999694824219,14.021999931335449,0.9407526593880453
2023-07-11,138.62632751464844,27.06046485900879,14.84000015258789,14.07249994277954,0.9267779090041732
2023-07-12,139.312744140625,27.37750816345215,13.539999961853027,13.9989999294281,0.8666431841916525
2023-07-13,139.98983764648438,27.666576385498047,13.609999656677246,13.948999929428101,0.813623519714625
2023-07-14,140.8361358642578,27.144393920898438,13.34000015258789,13.92199993133545,0.982450472064583
2023-07-17,144.23080444335938,27.414810180664062,13.479999542236328,13.870999908447265,1.030324296667031
2023-07-18,144.49407958984375,28.62702751159668,13.300000190734863,13.858999919891357,0.7170470155567708
2023-07-19,145.04888916015625,29.400981903076172,13.760000228881836,13.852999925613403,0.5306825900547444
2023-07-20,146.8355712890625,29.55017852783203,13.989999771118164,13.892499923706055,0.5540511379746201
2023-07-21,145.70716857910156,29.820594787597656,13.600000381469727,13.926999950408936,0.442260871881593
2023-07-24,148.57521057128906,30.445356369018555,13.90999984741211,13.950499963760375,0.37725357168445595
2023-07-25,147.46560668945312,29.9791202545166,13.859999656677246,13.930999946594238,0.46215000428917363
2023-07-26,148.3495330810547,30.2215576171875,13.1899995803833,13.903499937057495,0.42883999142258605
2023-07-27,146.7133026123047,29.79262351989746,14.40999984741211,13.952499914169312,0.4852204814928612
2023-07-28,147.5502166748047,29.745996475219727,13.329999923706055,13.941999912261963,0.5271709381660384
2023-07-31,148.53761291503906,29.839242935180664,13.630000114440918,13.943999910354615,0.5372130833985347
2023-08-01,147.8041229248047,29.484909057617188,13.930000305175781,13.961999940872193,0.6056091385228657
2023-08-02,146.1302947998047,29.08394432067871,16.09000015258789,14.057499933242799,0.6532197908673812
2023-08-03,147.0236358642578,29.28908348083496,15.920000076293945,14.08149995803833,0.6301671621344828
2023-08-04,146.7133026123047,29.186511993408203,17.100000381469727,14.194999980926514,0.6465066802190845
2023-08-07,147.4091796875,29.72734832763672,15.770000457763672,14.230000019073486,0.5271546123309226
2023-08-08,146.58169555664062,29.15854263305664,15.989999771118164,14.2875,0.6493036038025273
2023-08-09,144.61636352539062,28.77622413635254,15.960000038146973,14.408500003814698,0.6816624271419333
2023-08-10,144.40005493164062,28.850820541381836,15.850000381469727,14.520500040054321,0.6541766556434364
2023-08-11,145.2369842529297,29.177186965942383,14.84000015258789,14.595500040054322,0.5968741370775008
2023-08-14,145.53787231445312,28.84149742126465,14.819999694824219,14.662500047683716,0.6968224083529423
2023-08-15,141.8329315185547,27.918344497680664,16.459999084472656,14.820499992370605,0.8116891385802619
2023-08-16,141.2310791015625,27.31223487854004,16.780000686645508,14.971500015258789,0.9517294827944112
2023-08-17,139.76412963867188,27.302913665771484,17.889999389648438,15.166499996185303,0.9024266459334117
2023-08-18,140.08384704589844,27.144393920898438,17.299999237060547,15.351499938964844,0.955894730965791
2023-08-21,140.5634307861328,27.181690216064453,17.1299991607666,15.512499904632568,0.9628994631354488
2023-08-22,137.6483612060547,26.51963233947754,16.969999313354492,15.667999887466431,1.036171232182533
2023-08-23,138.5792999267578,26.52895736694336,15.979999542236328,15.807499885559082,1.0665519133640942
2023-08-24,138.44766235351562,26.687477111816406,17.200000762939453,15.94699993133545,1.0197230329234903
2023-08-25,138.27838134765625,26.57558250427246,15.680000305175781,16.064499950408937,1.0435225661909755
2023-08-28,138.7579803466797,26.818025588989258,15.079999923706055,16.136999940872194,0.9959383028554464
2023-08-29,139.8863983154297,27.200340270996094,14.449999809265137,16.16299991607666,0.9340374884853063
2023-08-30,139.3221893310547,27.079116821289062,13.880000114440918,16.05249991416931,0.9463784962506695
2023-08-31,137.60133361816406,26.956884384155273,13.569999694824219,15.934999895095824,0.9181584492392899
2023-09-01,138.06207275390625,27.248363494873047,13.09000015258789,15.734499883651733,0.8568599539182353
2023-09-05,136.53872680664062,26.938079833984375,14.010000228881836,15.646499872207642,0.8856523937006798
2023-09-06,136.3130645751953,26.693618774414062,14.449999809265137,15.56949987411499,0.942737589487256
2023-09-07,135.1470489501953,26.449148178100586,14.399999618530273,15.491499853134155,0.9666309159435404
2023-09-08,135.25048828125,26.665407180786133,13.84000015258789,15.390999841690064,0.9127358242629523
2023-09-11,135.84286499023438,26.778236389160156,13.800000190734863,15.338999843597412,0.9036228416792279
2023-09-12,137.61073303222656,27.238956451416016,14.229999542236328,15.309499835968017,0.8434309073000975
2023-09-13,137.67657470703125,27.154335021972656,13.479999542236328,15.160499858856202,0.8682728650969964
2023-09-14,140.34715270996094,27.45521354675293,12.819999694824219,14.962499809265136,0.8824803397421966
2023-09-15,139.93341064453125,27.116727828979492,13.789999961853027,14.757499837875367,0.9579462803115828
2023-09-18,140.2248992919922,27.0415096282959,14.0,14.59249987602234,0.9882513620337685
2023-09-19,140.04623413085938,26.938079833984375,14.109999656677246,14.44149990081787,1.009467149590849
2023-09-20,139.45382690429688,26.84405517578125,15.140000343322754,14.349999952316285,1.0135751665403918
2023-09-21,138.36305236816406,26.373931884765625,17.540000915527344,14.428000020980836,1.1001706508591238
2023-09-22,137.037109375,25.988428115844727,17.200000762939453,14.428000020980836,1.1559474617106267
2023-09-25,137.7141876220703,25.95081901550293,16.899999618530273,14.48899998664856,1.18985605179227
2023-09-26,136.28485107421875,25.5465145111084,18.940000534057617,14.682000017166137,1.2469859508864307
2023-09-27,137.0841064453125,25.640541076660156,18.219999313354492,14.870499992370606,1.2501791509938145
2023-09-28,138.78619384765625,25.9132080078125,17.34000015258789,15.043499994277955,1.2377060786130631
2023-09-29,136.36947631835938,25.74396514892578,17.520000457763672,15.241000032424926,1.1974316267493248
2023-10-02,135.1940460205078,25.10460090637207,17.610000610351562,15.467000055313111,1.3260737640702083
2023-10-03,134.19728088378906,24.36180305480957,19.780000686645508,15.755500078201294,1.488546438675178
2023-10-04,134.799072265625,24.390010833740234,18.579999923706055,15.96200008392334,1.502283544783988
2023-10-05,135.36746215820312,24.50284194946289,18.489999771118164,16.166500091552734,1.49232332176373
2023-10-06,137.45152282714844,24.512239456176758,17.450000762939453,16.347000122070312,1.563389837937387
2023-10-09,137.13888549804688,24.73790168762207,17.700000762939453,16.542000150680543,1.4923050721688043
2023-10-10,137.97250366210938,25.396076202392578,17.030000686645508,16.682000207901,1.3465915801452268
2023-10-11,138.44615173339844,25.405473709106445,16.09000015258789,16.81250023841858,1.3608106476237698
2023-10-12,138.12403869628906,25.292644500732422,16.690000534057617,17.00600028038025,1.3794639183568957
2023-10-13,140.1986541748047,25.161012649536133,19.31999969482422,17.28250026702881,1.4877249138697277
2023-10-16,140.0565643310547,25.377273559570312,17.209999084472656,17.44300022125244,1.4251621524594067
2023-10-17,139.75340270996094,25.96962547302246,17.8799991607666,17.63150019645691,1.256835801593817
2023-10-18,138.21881103515625,25.67814826965332,19.219999313354492,17.835500144958495,1.2802268720930947
2023-10-19,137.6314697265625,25.34906005859375,21.399999618530273,18.028500080108643,1.3470640965637133
2023-10-20,135.4148406982422,24.73790168762207,21.709999084472656,18.253999996185303,1.4314464149230697
2023-10-23,133.56761169433594,24.042118072509766,20.3700008392334,18.42750005722046,1.5513872940448974
2023-10-24,133.72869873046875,23.94809913635254,18.969999313354492,18.428999996185304,1.5820920815557873
2023-10-25,132.99925231933594,24.023313522338867,20.190000534057617,18.527500057220458,1.5363281374136546
2023-10-26,133.3402557373047,24.559255599975586,20.68000030517578,18.694500064849855,1.4057514160332787
2023-10-27,128.53750610351562,23.666019439697266,21.270000457763672,18.882000064849855,1.4739047265186995
2023-10-30,130.1763153076172,24.15494728088379,19.75,18.989000034332275,1.4016509381370479
2023-10-31,131.72987365722656,24.766109466552734,18.139999389648438,18.90699996948242,1.2938612574914294
2023-11-01,131.6162109375,24.82252311706543,16.8700008392334,18.82150001525879,1.2748373065748824
2023-11-02,133.9654998779297,25.96962547302246,15.65999984741211,18.680000019073486,1.0525232485406066
2023-11-03,135.46218872070312,26.721820831298828,14.90999984741211,18.55299997329712,0.9051971694287049
2023-11-06,136.4852752685547,26.6372013092041,14.890000343322754,18.412499952316285,0.9638292947461291
2023-11-07,136.4189453125,26.477357864379883,14.8100004196167,18.301499938964845,1.004022172048292
2023-11-08,137.091552734375,26.223491668701172,14.449999809265137,18.219499921798707,1.0953189273931794
2023-11-09,136.68417358398438,25.8850040435791,15.289999961853027,18.149499893188477,1.1710099859503322
2023-11-10,138.71139526367188,26.026037216186523,14.170000076293945,17.891999912261962,1.2050418562458902
2023-11-13,138.09564208984375,26.04484748840332,14.760000228881836,17.76949996948242,1.1783004025624932
2023-11-14,140.61544799804688,27.474021911621094,14.15999984741211,17.5835000038147,0.8869462406293116
2023-11-15,141.84693908691406,27.850122451782227,14.180000305175781,17.33150005340576,0.8303374823152904
2023-11-16,143.46676635742188,27.774898529052734,14.319999694824219,16.97750005722046,0.9075343443830635
2023-11-17,144.7645721435547,28.18860626220703,13.800000190734863,16.58200011253357,0.8432592209191809
2023-11-20,145.2097930908203,28.216815948486328,13.40999984741211,16.234000062942506,0.8514688944206051
2023-11-21,144.90664672851562,27.887731552124023,13.350000381469727,15.953000116348267,0.928337164933488
2023-11-22,145.24769592285156,27.859519958496094,12.850000381469727,15.586000108718872,0.9478832783387668
2023-11-24,145.4466094970703,27.95354461669922,12.460000038146973,15.175000095367432,0.9298849638058481
2023-11-27,145.11508178710938,27.793703079223633,12.6899995803833,14.746000051498413,0.9607158719527703
2023-11-28,145.4466094970703,27.7654972076416,12.6899995803833,14.393000030517578,0.9799243550097962
2023-11-29,146.18551635742188,28.498889923095703,12.979999542236328,14.135000038146973,0.8108520073240312
2023-11-30,147.8527374267578,28.896947860717773,12.920000076293945,13.9375,0.7637816253122522
2023-12-01,148.57266235351562,29.342388153076172,12.630000114440918,13.78600001335144,0.6706633192428398
2023-12-04,149.66204833984375,29.20970344543457,13.079999923706055,13.694500017166138,0.7444259496138464
2023-12-05,149.6431121826172,28.98224639892578,12.850000381469727,13.592500019073487,0.8042837952551537
2023-12-06,148.0706024169922,28.93485450744629,12.970000267028809,13.500500011444093,0.761385289987423
2023-12-07,148.52528381347656,29.05806541442871,13.0600004196167,13.43100004196167,0.7446491041354074
2023-12-08,150.16412353515625,29.342388153076172,12.350000381469727,13.284000062942505,0.7268417843177214
2023-12-11,150.71356201171875,29.23813819885254,12.630000114440918,13.207000064849854,0.7739778222847004
2023-12-12,152.05868530273438,29.133882522583008,12.069999694824219,13.072500038146973,0.849202999522328
2023-12-13,152.57022094726562,30.3659610748291,12.1899995803833,12.974000024795533,0.5394042276901752
2023-12-14,155.34579467773438,32.166690826416016,12.479999542236328,12.88899998664856,0.15820782668517352
2023-12-15,156.52041625976562,31.844453811645508,12.279999732971191,12.786999988555909,0.2854191118306431
2023-12-18,157.4677276611328,31.683334350585938,12.5600004196167,12.725,0.3617330037896332
2023-12-19,159.5706787109375,31.759157180786133,12.529999732971191,12.680999994277954,0.41579057906720085
2023-12-20,157.7708282470703,31.25684356689453,13.670000076293945,12.696999979019164,0.4859215749631217
2023-12-21,158.6707763671875,31.465356826782227,13.649999618530273,12.736999940872192,0.4622043273175444
2023-12-22,158.57601928710938,31.683334350585938,13.029999732971191,12.765499925613403,0.40085561835351613
2023-12-26,159.51385498046875,32.09086608886719,12.989999771118164,12.780499935150146,0.3255170079804184
2023-12-27,160.47059631347656,32.07191467285156,12.430000305175781,12.767499971389771,0.36433287746720133
2023-12-28,161.3231658935547,32.10982894897461,12.470000267028809,12.742000007629395,0.38433953826355916
2023-12-29,161.1337127685547,31.91079330444336,12.449999809265137,12.718499994277954,0.43061521583870155
2024-01-02,163.00933837890625,32.1287841796875,13.199999809265137,12.746999979019165,0.43881732109855054
2024-01-03,162.29888916015625,31.778112411499023,14.039999961853027,12.794999980926514,0.5070522269660356
2024-01-04,163.37591552734375,32.034000396728516,14.130000114440918,12.858999967575073,0.47697942040673946
2024-01-05,164.19561767578125,32.6310920715332,13.350000381469727,12.877999973297118,0.3470288298405844
2024-01-08,163.9573211669922,32.37519073486328,13.079999923706055,12.878999948501587,0.40671229280205196
2024-01-09,162.66107177734375,31.872882843017578,12.760000228881836,12.899499940872193,0.4946188477065437
2024-01-10,163.0041961669922,31.844453811645508,12.6899995803833,12.902499914169312,0.5142960755124366
2024-01-11,162.3179168701172,31.417964935302734,12.4399995803833,12.920999908447266,0.6035591005449918
2024-01-12,161.1265106201172,31.086252212524414,12.699999809265137,12.946499919891357,0.6497712583248844
2024-01-16,160.11619567871094,30.4417781829834,13.84000015258789,13.014499950408936,0.7856016694903676
2024-01-17,159.25840759277344,30.138500213623047,14.789999961853027,13.139999961853027,0.8360240402271883
2024-01-18,159.57293701171875,30.07215690612793,14.130000114440918,13.218499946594239,0.8647808515946546
2024-01-19,162.3274688720703,30.536558151245117,13.300000190734863,13.256999969482422,0.838438516648883
2024-01-22,162.13685607910156,30.849313735961914,13.1899995803833,13.23299994468689,0.7484856781863832
2024-01-23,161.0693359375,31.057823181152344,12.550000190734863,13.17799997329712,0.6553179577143701
2024-01-24,162.508544921875,31.25684356689453,13.140000343322754,13.183500003814697,0.6531626323138381
2024-01-25,164.83421325683594,31.645423889160156,13.449999809265137,13.206500005722045,0.6318573835682695
2024-01-26,164.2051239013672,31.683334350585938,13.260000228881836,13.248000001907348,0.5995626057579673
2024-01-29,164.634033203125,31.85393524169922,13.600000381469727,13.304500007629395,0.5693061981768385
2024-01-30,168.0081329345703,32.972286224365234,13.3100004196167,13.347500038146972,0.3908186239559955
2024-01-31,166.1876220703125,32.2330322265625,14.350000381469727,13.405000066757202,0.5232701146887001
2024-02-01,165.58717346191406,31.797067642211914,13.880000114440918,13.397000074386597,0.6180844415159423
2024-02-02,166.540283203125,31.721248626708984,13.850000381469727,13.383000087738036,0.671904576934876
2024-02-05,166.32107543945312,31.266326904296875,13.670000076293945,13.399000072479248,0.7852211701030224
2024-02-06,166.8929443359375,31.31371307373047,13.0600004196167,13.39800009727478,0.7927986474044908
2024-02-07,167.20748901367188,31.446393966674805,12.829999923706055,13.40150008201599,0.7685956834366108
2024-02-08,166.6070098876953,31.389528274536133,12.789999961853027,13.406500101089478,0.7625307668594542
2024-02-09,166.8071746826172,31.34214210510254,12.930000305175781,13.431000137329102,0.7822060232530587
2024-02-12,167.5506134033203,31.863407135009766,13.930000305175781,13.492500162124633,0.6697407995713556
2024-02-13,166.09230041503906,31.038867950439453,15.850000381469727,13.593000173568726,0.8376722263930667
2024-02-14,167.77935791015625,31.39901351928711,14.380000114440918,13.57250018119812,0.8013905452048978
2024-02-15,171.43939208984375,32.289894104003906,14.010000228881836,13.566500186920166,0.6935262798543664
2024-02-16,170.6387481689453,32.3088493347168,14.239999771118164,13.613500165939332,0.6602196226804997
2024-02-20,171.3059539794922,32.185638427734375,15.420000076293945,13.725000190734864,0.7165583461283052
2024-02-21,172.42108154296875,31.93922996520996,15.34000015258789,13.864500188827515,0.8214915287690512
2024-02-22,174.48939514160156,31.85393524169922,14.539999961853027,13.934500169754028,0.9171997646980518
2024-02-23,175.36627197265625,32.14773178100586,13.75,13.949500179290771,0.8699742325986001
2024-02-26,174.7658233642578,31.85393524169922,13.739999771118164,13.973500156402588,0.9269576610459832
2024-02-27,174.85159301757812,32.488922119140625,13.430000305175781,13.96500015258789,0.7610153977538507
2024-02-28,175.7379913330078,32.51735305786133,13.84000015258789,13.99150013923645,0.7847397253263155
2024-02-29,177.33924865722656,32.94684600830078,13.399999618530273,13.944000101089477,0.7269759750225877
2024-03-01,176.6053466796875,32.78459548950195,13.109999656677246,13.905500078201294,0.7442441301262802
2024-03-04,177.93019104003906,33.54813766479492,13.489999771118164,13.887500047683716,0.5878325666242262
2024-03-05,179.71255493164062,33.77719497680664,14.460000038146973,13.927000045776367,0.5897977625389876
2024-03-06,180.64657592773438,33.80583572387695,14.5,13.999000024795532,0.6151473373338425
2024-03-07,179.0644073486328,34.006263732910156,14.4399995803833,14.079500007629395,0.5059630332046695
2024-03-08,179.39801025390625,33.977630615234375,14.739999771118164,14.17699999809265,0.5253584606369778
2024-03-11,179.46470642089844,34.25440979003906,15.220000267028809,14.291499996185303,0.45406192794626266
2024-03-12,180.94207763671875,34.321224212646484,13.84000015258789,14.286999988555909,0.4884337162404315
2024-03-13,182.409912109375,34.435760498046875,13.75,14.181999969482423,0.5097700766771529
2024-03-14,179.15972900390625,34.06352615356445,14.399999618530273,14.18299994468689,0.4940903580471514
2024-03-15,181.38052368164062,33.79628372192383,14.40999984741211,14.202999925613403,0.6435974266616327
2024-03-18,183.6299285888672,34.36893844604492,14.329999923706055,14.207499933242797,0.5706179099086532
2024-03-19,184.70693969726562,34.388031005859375,13.819999694824219,14.127499914169311,0.6035557967605119
2024-03-20,187.12789916992188,35.075225830078125,13.039999961853027,14.012499904632568,0.5061530380030735
2024-03-21,189.72994995117188,35.80058670043945,12.920000076293945,13.931499910354614,0.4049868094573
2024-03-22,187.40428161621094,35.361549377441406,13.0600004196167,13.896999931335449,0.43971865956515493
2024-03-25,185.6886749267578,35.18021011352539,13.1899995803833,13.869499921798706,0.4274122216572763
2024-03-26,186.55599975585938,35.39972686767578,13.239999771118164,13.859999895095825,0.39961534579009417
2024-03-27,190.16839599609375,36.08692169189453,12.779999732971191,13.80699987411499,0.34427021910591604
2024-03-28,190.9118194580078,36.191898345947266,13.010000228881836,13.787499904632568,0.34257873970855884
2024-04-01,189.61557006835938,35.81013488769531,13.649999618530273,13.81449990272522,0.3984084364405032
2024-04-02,189.53932189941406,35.600154876708984,14.609999656677246,13.870499897003175,0.4515925353066739
2024-04-03,189.00558471679688,35.7337760925293,14.329999923706055,13.863999891281129,0.39719506297674806
2024-04-04,187.56752014160156,35.23748016357422,16.350000381469727,13.956499910354614,0.47849576949991457
2024-04-05,189.29318237304688,35.41881561279297,16.030000686645508,14.035999965667724,0.4911581824062385
2024-04-08,190.28062438964844,35.79104232788086,15.1899995803833,14.058499956130982,0.42696533377117224
2024-04-09,189.00555419921875,36.010562896728516,14.979999542236328,14.046499919891357,0.32354105294629804
2024-04-10,187.39495849609375,34.97978591918945,15.800000190734863,14.144499921798706,0.5409767609109529
2024-04-11,187.3566131591797,34.69345474243164,14.90999984741211,14.202499914169312,0.6158158623442824
2024-04-12,175.23880004882812,34.15896987915039,17.309999465942383,14.347999906539917,0.33028428534603904
2024-04-15,175.33465576171875,34.31167984008789,19.229999542236328,14.588999891281128,0.2930318842720623
2024-04-16,173.3310089111328,33.09955978393555,18.399999618530273,14.792499876022339,0.544848284784539
2024-04-17,172.64076232910156,33.62449264526367,18.209999084472656,15.01199984550476,0.38079806372211383
2024-04-18,173.76239013671875,34.13988494873047,18.0,15.259999847412109,0.28324561931200987
2024-04-19,178.12442016601562,35.28520202636719,18.709999084472656,15.549499797821046,0.13245623906173912
2024-04-22,181.58529663085938,36.010562896728516,16.940000534057617,15.743499803543092,0.06160649528340517
2024-04-23,184.20254516601562,36.62139892578125,15.6899995803833,15.868499803543092,-0.008548208199394978
2024-04-24,185.10369873046875,36.57366943359375,15.970000267028809,16.004999828338622,0.03596325940500801
2024-04-25,185.38169860839844,36.18236541748047,15.369999885559082,16.13449983596802,0.14990258309694077
2024-04-26,185.49673461914062,36.10600662231445,15.029999732971191,16.235499811172485,0.17428241149738993
2024-04-29,185.29542541503906,35.83876419067383,14.670000076293945,16.28649983406067,0.23828938755342133
2024-04-30,183.81906127929688,35.3233757019043,15.649999618530273,16.33849983215332,0.3233186500428312
2024-05-01,183.93408203125,35.266109466552734,15.390000343322754,16.391499853134157,0.3426174121143932
2024-05-02,183.74237060546875,35.199302673339844,14.680000305175781,16.307999849319458,0.35362729161833245
2024-05-03,182.63986206054688,35.55244064331055,13.489999771118164,16.18099980354309,0.22073885131027549
2024-05-06,184.06829833984375,35.97238540649414,13.489999771118164,16.095999813079835,0.15941530196214085
2024-05-07,183.82864379882812,36.11555099487305,13.229999542236328,16.008499813079833,0.11285916939507837
2024-05-08,187.56752014160156,35.99147033691406,13.0,15.868499803543092,0.2778590819924289
2024-05-09,189.3411102294922,36.53549575805664,12.6899995803833,15.75749979019165,0.195701590207034
2024-05-10,190.55865478515625,36.69775390625,12.550000190734863,15.519499826431275,0.19550395309223997
2024-05-13,190.52027893066406,36.46868896484375,13.600000381469727,15.237999868392944,0.25510343944440533
2024-05-14,193.18544006347656,36.73592758178711,13.420000076293945,14.988999891281129,0.2780712740847409
2024-05-15,193.76065063476562,37.13678741455078,12.449999809265137,14.700999927520751,0.1917074162178049
2024-05-16,194.1057891845703,37.43265914916992,12.420000076293945,14.42199993133545,0.12515935188871727
2024-05-17,196.32994079589844,37.49946594238281,11.989999771118164,14.085999965667725,0.1858944645327009
2024-05-20,187.50042724609375,37.05088806152344,12.149999618530273,13.846499919891357,-0.006420211743073966
2024-05-21,191.2776641845703,37.84306335449219,11.859999656677246,13.654999923706054,-0.08388176279587291
2024-05-22,190.11764526367188,37.94804763793945,12.289999961853027,13.470999908447265,-0.15276665137756942
2024-05-23,188.78506469726562,37.38493347167969,12.770000457763672,13.340999937057495,-0.04996204264653867
2024-05-24,192.4185028076172,37.890785217285156,11.930000305175781,13.185999965667724,-0.056309023090565784
2024-05-28,191.25848388671875,37.528099060058594,12.920000076293945,13.098499965667724,-0.0007468679577148164
2024-05-29,189.9259033203125,36.955440521240234,14.279999732971191,13.02999997138977,0.10459749707545836
2024-05-30,191.0955047607422,36.869544982910156,14.470000267028809,12.983999967575073,0.16874113530206966
2024-05-31,194.2591552734375,38.167572021484375,12.920000076293945,12.895999956130982,-0.06498705639616945
2024-06-03,193.48263549804688,38.06258773803711,13.109999656677246,12.876999950408935,-0.06446184429962337
2024-06-04,190.93251037597656,37.87169647216797,13.15999984741211,12.860499954223632,-0.10368493628334707
2024-06-05,189.11102294921875,38.13893508911133,12.630000114440918,12.830499982833862,-0.239095472611033
2024-06-06,188.7754669189453,37.890785217285156,12.579999923706055,12.809499979019165,-0.18490792754345986
2024-06-07,191.6898956298828,38.19805908203125,12.220000267028809,12.78600001335144,-0.16379433960768303
2024-06-10,191.36395263671875,38.09243392944336,12.739999771118164,12.795499992370605,-0.14719326435939548
2024-06-11,186.33084106445312,37.31464767456055,12.850000381469727,12.757999992370605,-0.11789291858721344
2024-06-12,183.6177215576172,37.842769622802734,12.039999961853027,12.68899998664856,-0.3541990237974605
2024-06-13,185.6597442626953,37.69873809814453,11.9399995803833,12.663499975204468,-0.2437889993363873
2024-06-14,185.77479553222656,37.67953872680664,12.65999984741211,12.675499963760377,-0.23461874758208198
2024-06-17,186.92518615722656,37.93879699707031,12.75,12.713499975204467,-0.2629986335364601
2024-06-18,188.8617401123047,38.39971160888672,12.300000190734863,12.721000003814698,-0.317287736947409
2024-06-20,190.4627685546875,38.39971160888672,13.279999732971191,12.792000007629394,-0.2607715482574827
2024-06-21,188.19068908691406,37.919593811035156,13.199999809265137,12.8375,-0.21321650595817468
2024-06-24,190.6641082763672,38.42852020263672,13.329999923706055,12.86549997329712,-0.26133023365226604
2024-06-25,189.88755798339844,37.813968658447266,12.84000015258789,12.910999965667724,-0.12521031671362623
2024-06-26,189.2739715576172,37.44907760620117,12.550000190734863,12.892499971389771,-0.049772411584842254
2024-06-27,190.9420928955078,37.68913650512695,12.239999771118164,12.79049997329712,-0.054767490440362644
2024-06-28,193.90447998046875,38.18845748901367,12.4399995803833,12.688999938964844,-0.08306468889532287
2024-07-01,196.9626922607422,38.41891098022461,12.220000267028809,12.653999948501587,-0.036433659867228005
2024-07-02,200.2030487060547,39.302330017089844,12.029999732971191,12.599999952316285,-0.15712700209347127
2024-07-03,200.06881713867188,39.27351760864258,12.09000015258789,12.546499967575073,-0.15419838859553125
2024-07-05,197.41781616210938,38.803009033203125,12.479999542236328,12.538999938964844,-0.12257626110155564
2024-07-08,197.78414916992188,39.00465393066406,12.369999885559082,12.528499937057495,-0.16330241342130103
2024-07-09,200.1555938720703,39.7728385925293,12.510000228881836,12.542999935150146,-0.2840044253230553
2024-07-10,200.31947326660156,40.080116271972656,12.850000381469727,12.548499965667725,-0.35998604521774347
2024-07-11,199.98207092285156,40.14733123779297,12.920000076293945,12.551999950408936,-0.38978221735070123
2024-07-12,197.56243896484375,39.93608856201172,12.460000038146973,12.572999954223633,-0.41898340250003585
2024-07-15,202.4884796142578,40.22414779663086,13.119999885559082,12.631999969482422,-0.32174704744852145
2024-07-16,205.92994689941406,42.37507629394531,13.1899995803833,12.658499956130981,-0.7726252948373409
2024-07-17,209.06297302246094,42.23103713989258,14.479999542236328,12.744999933242799,-0.6237008981288494
2024-07-18,202.42100524902344,41.29961013793945,15.930000305175781,12.926499938964843,-0.6103092774642763
2024-07-19,202.22821044921875,41.19398880004883,16.520000457763672,13.088499975204467,-0.5890090956718563
2024-07-22,202.71022033691406,40.61784744262695,14.90999984741211,13.173999977111816,-0.4186830407390239
2024-07-23,202.75840759277344,40.72346878051758,14.720000267028809,13.243499994277954,-0.4450878584162609
2024-07-24,201.08103942871094,40.5122184753418,18.040000915527344,13.503500032424927,-0.44808515492559453
2024-07-25,201.15814208984375,40.02250289916992,18.459999084472656,13.798999977111816,-0.31505018512509025
2024-07-26,204.5996551513672,40.01289749145508,16.389999389648438,14.00649995803833,-0.19100902420501212
2024-07-29,203.2596893310547,39.455963134765625,16.600000381469727,14.214499998092652,-0.0901095609314595
2024-07-30,207.4434356689453,39.63840866088867,17.690000534057617,14.488000011444091,0.009027652549767643
2024-07-31,205.13946533203125,38.70698547363281,16.360000610351562,14.70450005531311,0.17554925515608388
2024-08-01,200.47372436523438,37.92919158935547,18.59000015258789,15.029500055313111,0.21781978701956253
2024-08-02,191.97122192382812,36.085548400878906,23.389999389648438,15.575000047683716,0.4082752770542228
2024-08-05,187.88385009765625,35.19253158569336,38.56999969482422,16.885000038146973,0.5016230049172419
2024-08-06,193.1280059814453,35.4517936706543,27.709999084472656,17.644999980926514,0.617751722623252
2024-08-07,193.1858673095703,35.81667709350586,27.850000381469727,18.394999980926514,0.5226987917584043
2024-08-08,196.71409606933594,36.690494537353516,23.790000915527344,18.938500022888185,0.41472230415504474
2024-08-09,198.39149475097656,36.75770950317383,20.3700008392334,19.334000062942504,0.4560484630870882
2024-08-12,198.76742553710938,36.65208435058594,20.709999084472656,19.713500022888184,0.49742563218678615
2024-08-13,200.45443725585938,36.93054962158203,18.1200008392334,19.96000008583069,0.48287745177939917
2024-08-14,202.67164611816406,37.26662826538086,16.190000534057617,20.045500135421754,0.4717142813043626
2024-08-15,203.93450927734375,37.477882385253906,15.229999542236328,20.01050009727478,0.4600785659087425
2024-08-16,206.26739501953125,37.77555847167969,14.800000190734863,19.92450008392334,0.46321769650609906
2024-08-19,207.69407653808594,38.09243392944336,14.649999618530273,19.91150007247925,0.42925893305813845
2024-08-20,206.7975616455078,37.151397705078125,15.880000114440918,19.969500064849854,0.6480216393971028
2024-08-21,206.8746795654297,37.209014892578125,16.270000457763672,19.88100004196167,0.6354119702812243
2024-08-22,208.8315887451172,37.67953872680664,17.549999237060547,19.835500049591065,0.5792843919929781
2024-08-23,210.45111083984375,38.18845748901367,15.859999656677246,19.809000062942506,0.5010301885443351
2024-08-26,211.28016662597656,38.33249282836914,16.149999618530273,19.786500024795533,0.49196801292140946
2024-08-27,212.2537841796875,38.09243392944336,15.430000305175781,19.67350001335144,0.5902162843592319
2024-08-28,213.3238525390625,38.361297607421875,17.110000610351562,19.71100001335144,0.5564450304647908
2024-08-29,214.2107391357422,38.572547912597656,15.649999618530273,19.56399998664856,0.5315383845859268
2024-08-30,216.70750427246094,39.129486083984375,15.0,19.144500017166138,0.4714728387638441
2024-09-03,212.36947631835938,39.08147048950195,20.719999313354492,18.25199999809265,0.33111770793859086
2024-09-04,211.4344024658203,38.889427185058594,21.31999969482422,17.932500028610228,0.34921236674848305
2024-09-05,209.79562377929688,38.54374313354492,19.899999618530273,17.534999990463255,0.3833500785121075
2024-09-06,204.8117218017578,37.461273193359375,22.3799991607666,17.46449990272522,0.4954638086454527
2024-09-09,209.00511169433594,38.14747619628906,19.450000762939453,17.41849989891052,0.4608916395551554
2024-09-10,198.1601104736328,37.96384811401367,19.079999923706055,17.336999940872193,0.12692728657696548
2024-09-11,199.7699737548828,37.69322967529297,17.690000534057617,17.315499925613402,0.25576687594942427
2024-09-12,199.1626739501953,37.480594635009766,17.06999969482422,17.359499883651733,0.29091139327906407
2024-09-13,196.96475219726562,37.35496139526367,16.559999465942383,17.425999879837036,0.24675590255343371
2024-09-16,200.37733459472656,37.789878845214844,17.139999389648438,17.542999839782716,0.25148833824299666
2024-09-17,201.71726989746094,38.22480010986328,17.610000610351562,17.690999889373778,0.1830554656963531
2024-09-18,200.05917358398438,38.29245376586914,18.229999542236328,17.80849986076355,0.10652215616344475
2024-09-19,202.90301513671875,39.50056838989258,16.329999923706055,17.81149983406067,-0.11456958691365066
2024-09-20,203.49102783203125,38.920677185058594,16.149999618530273,17.741499853134155,0.06049619340328693
2024-09-23,203.82843017578125,38.53407669067383,15.890000343322754,17.742999887466432,0.1752808133367677
2024-09-24,203.97303771972656,38.12815475463867,15.390000343322754,17.704999923706055,0.28840122384628974
2024-09-25,202.62344360351562,37.93485641479492,15.40999984741211,17.70399990081787,0.2921973119650773
2024-09-26,202.22821044921875,38.19580841064453,15.369999885559082,17.616999864578247,0.20880631777763164
2024-09-27,202.92227172851562,38.079830169677734,16.959999084472656,17.682499837875366,0.26416842584749034
2024-09-30,203.26930236816406,38.35044479370117,16.729999542236328,17.768999814987183,0.20440806601310343
2024-10-01,199.58682250976562,37.905860900878906,19.260000228881836,17.69599986076355,0.19272050859034603
2024-10-02,199.8278350830078,37.915523529052734,18.899999618530273,17.574999856948853,0.19865701095899607
2024-10-03,197.8419952392578,37.93485641479492,20.489999771118164,17.604499864578248,0.1234125291267714
2024-10-04,204.8641357421875,38.76603317260742,19.209999084472656,17.44599986076355,0.15011755541499092
2024-10-07,204.5828399658203,38.621063232421875,22.639999389648438,17.605499792099,0.1787643170859665
2024-10-08,204.4082794189453,38.59206771850586,21.420000076293945,17.722499799728393,0.18031804485435748
2024-10-09,206.9979248046875,38.843360900878906,20.860000610351562,17.88099980354309,0.2048632571374298
2024-10-10,206.43536376953125,38.63072967529297,20.93000030517578,18.07399983406067,0.24158603471842477
2024-10-11,215.60101318359375,40.54438400268555,20.459999084472656,18.268999814987183,0.05590963004906237
2024-10-14,214.81539916992188,40.5057258605957,19.700000762939453,18.396999883651734,0.038464438561319925
2024-10-15,215.69801330566406,40.7280158996582,20.639999389648438,18.548499822616577,0.010469303361164951
2024-10-16,216.910400390625,41.36589813232422,19.579999923706055,18.615999841690062,-0.11647389939760905
2024-10-17,217.6669158935547,41.172603607177734,19.110000610351562,18.75499987602234,-0.03833330852208515
2024-10-18,218.58831787109375,40.90198516845703,18.030000686645508,18.8489999294281,0.06620364642101387
2024-10-21,216.28964233398438,40.360748291015625,18.3700008392334,18.97299995422363,0.12908362855438602
2024-10-22,217.37594604492188,40.882659912109375,18.200000762939453,19.11349997520447,0.028549456499492427
2024-10-23,216.6873321533203,40.92131805419922,19.239999771118164,19.30499997138977,-0.006045490876498582
2024-10-24,218.21005249023438,41.22093200683594,19.079999923706055,19.49049997329712,-0.0320208066748406
2024-10-25,215.6204071044922,40.486392974853516,20.329999923706055,19.65900001525879,0.07202563905785407
2024-10-28,218.7144012451172,41.19193649291992,19.799999237060547,19.8125,-0.0065016294579759186
2024-10-29,216.19265747070312,41.104949951171875,19.34000015258789,19.816499996185303,-0.07237189555001032
2024-10-30,217.65721130371094,40.8923225402832,20.350000381469727,19.889000034332277,0.035906875768440934
2024-10-31,215.2421417236328,40.418739318847656,23.15999984741211,20.022500038146973,0.07667552746506197
2024-11-01,216.2314453125,40.360748291015625,21.8799991607666,20.15600004196167,0.12702927788806836
2024-11-04,213.16653442382812,39.94516372680664,21.979999542236328,20.123000049591063,0.1294251430220991
2024-11-05,214.82510375976562,40.47673034667969,20.489999771118164,20.076500034332277,0.046522712382794165
2024-11-06,239.6256561279297,43.888450622558594,16.270000457763672,19.84700002670288,0.01412210083171524
2024-11-07,229.2670440673828,43.2698974609375,15.199999809265137,19.56050000190735,-0.18693924252418184
2024-11-08,229.84898376464844,43.61783218383789,14.9399995803833,19.28450002670288,-0.2589821978463967
2024-11-11,232.08944702148438,44.53600311279297,14.970000267028809,19.048000001907347,-0.424219171586809
2024-11-12,232.35133361816406,44.3233757019043,14.710000038146973,18.751500034332274,-0.3583944670795335
2024-11-13,233.90318298339844,44.33303451538086,14.020000457763672,18.473500061035157,-0.30618450528604935
2024-11-14,234.5918426513672,44.362030029296875,14.3100004196167,18.233500051498414,-0.2895905711117098
2024-11-15,237.92831420898438,45.18355178833008,16.139999389648438,18.13899998664856,-0.39042019917968207
2024-11-18,237.65675354003906,45.15456008911133,15.579999923706055,17.99949994087219,-0.39229158382365303
2024-11-19,235.77511596679688,44.85493850708008,16.350000381469727,17.906999921798707,-0.37898399043306713
2024-11-20,233.53463745117188,44.51667404174805,17.15999984741211,17.802999925613403,-0.36806059021707555
2024-11-21,237.39486694335938,44.90326690673828,16.8700008392334,17.692499971389772,-0.3346670785272557
2024-11-22,241.07081604003906,45.42517852783203,15.239999771118164,17.437999963760376,-0.34378695500425427
2024-11-25,242.75845336914062,45.908424377441406,14.600000381469727,17.178000020980836,-0.4128051368675814
2024-11-26,242.44808959960938,46.15004348754883,14.100000381469727,16.916000032424925,-0.48805576949317075
2024-11-27,242.2734832763672,46.169376373291016,14.100000381469727,16.603500032424925,-0.49936383851926774
2024-11-29,242.2056121826172,45.918087005615234,13.510000228881836,16.121000051498413,-0.4348916150353366
2024-12-02,238.8400115966797,45.463836669921875,13.34000015258789,15.694000101089477,-0.43282111776935334
2024-12-03,237.45306396484375,45.2512092590332,13.300000190734863,15.260000133514405,-0.425200142758917
2024-12-04,236.07577514648438,44.8162841796875,13.449999809265137,14.908000135421753,-0.35808483153271875
2024-12-05,238.09320068359375,45.42517852783203,13.539999961853027,14.77150011062622,-0.44889656260149907
2024-12-06,239.9166259765625,45.43489456176758,12.770000457763672,14.650000143051148,-0.38711521647803004
2024-12-09,236.47344970703125,44.61852264404297,14.1899995803833,14.612500143051147,-0.29142262915988254
2024-12-10,235.5520477294922,44.46302032470703,14.180000305175781,14.573000144958495,-0.2825689055534791
2024-12-11,236.20188903808594,44.78374099731445,13.579999923706055,14.51650013923645,-0.34497328362735097
2024-12-12,234.2620391845703,44.78374099731445,13.920000076293945,14.511500120162964,-0.4134498437240899
2024-12-13,232.71990966796875,44.385276794433594,13.8100004196167,14.486500120162964,-0.3618556317786879
2024-12-16,232.37074279785156,44.19090270996094,14.6899995803833,14.414000129699707,-0.3224582784296561
2024-12-17,231.18743896484375,43.782718658447266,15.869999885559082,14.428500127792358,-0.2556110952377568
2024-12-18,223.43788146972656,42.27632141113281,27.6200008392334,14.992000150680543,-0.12831780411603774
2024-12-19,225.94993591308594,42.15969467163086,24.09000015258789,15.338500165939331,-0.008608102933240599
2024-12-20,230.4503173828125,42.927467346191406,18.360000610351562,15.41300015449524,-0.05404917052382781
2024-12-23,231.216552734375,42.65534591674805,16.780000686645508,15.490000200271606,0.04541035933605709
2024-12-24,235.01858520507812,43.131561279296875,14.270000457763672,15.473500204086303,0.052900985362537754
2024-12-26,235.8236083984375,43.296783447265625,14.729999542236328,15.505000162124634,0.037352648594879155
2024-12-27,233.9128875732422,43.092689514160156,15.949999809265137,15.597500133514405,0.024213710275166146
2024-12-30,232.1185760498047,42.67478942871094,17.399999618530273,15.792000102996827,0.07207780137967425
2024-12-31,232.496826171875,42.71365737915039,17.350000381469727,15.992500114440919,0.07508724686268163
2025-01-02,232.77810668945312,43.04409408569336,17.93000030517578,16.224000120162962,-0.0029127359579893273
2025-01-03,235.95941162109375,43.54946517944336,16.1299991607666,16.358000087738038,-0.02509208364568977
2025-01-06,234.8090057373047,44.122867584228516,16.040000915527344,16.483000135421754,-0.21828363415233012
2025-01-07,237.07078552246094,44.78374099731445,17.81999969482422,16.73550009727478,-0.3143013003177568
2025-01-08,237.03179931640625,44.91007995605469,17.700000762939453,16.911000156402586,-0.34929629114702704
2025-01-10,233.8535614013672,43.84103012084961,19.540000915527344,17.179000186920167,-0.17701383787186445
2025-01-13,238.084716796875,43.79243469238281,19.190000534057617,17.459500217437743,-0.014723119967999465
2025-01-14,241.26295471191406,44.4921760559082,18.709999084472656,17.69900016784668,-0.08873263674314336
2025-01-15,246.02053833007812,45.77504348754883,16.1200008392334,17.814500188827516,-0.26216113519109474
2025-01-16,247.89239501953125,45.32798767089844,16.600000381469727,17.910000228881835,-0.07712323395717709
2025-01-17,252.6597442626953,45.2210807800293,15.970000267028809,17.915000247955323,0.11961176074127937
2025-01-21,256.43267822265625,45.3474235534668,15.0600004196167,17.287000226974488,0.2191762620995222
2025-01-22,256.2474365234375,44.50189971923828,15.100000381469727,16.837500238418578,0.43763102627973666
2025-01-23,259.2794494628906,45.085018157958984,15.020000457763672,16.670500230789184,0.3894931235908605
2025-01-24,258.197265625,45.211360931396484,14.850000381469727,16.574000215530397,0.3176723164115364
2025-01-27,259.1819763183594,45.76533126831055,17.899999618530273,16.755500173568727,0.20502109802496024
2025-01-28,260.4395751953125,45.52236557006836,16.40999984741211,16.839500188827515,0.31406738863908434
2025-01-29,259.89361572265625,45.43489456176758,16.559999465942383,16.870000171661378,0.31807108256524685
2025-01-30,261.50225830078125,45.405738830566406,15.84000015258789,16.792000198364256,0.38261438599627895
2025-01-31,260.5955810546875,44.99755096435547,16.43000030517578,16.74600019454956,0.4592274828705713
2025-02-03,260.1178283691406,44.91007995605469,18.6200008392334,16.780500221252442,0.4656388714685849
2025-02-04,261.21954345703125,45.39601516723633,17.209999084472656,16.834500217437743,0.3752220379298018
2025-02-05,263.6470947265625,45.784767150878906,15.770000457763672,16.821000194549562,0.3574675703654944
2025-02-06,269.95477294921875,46.39704895019531,15.5,16.70500020980835,0.4172000497403434
2025-02-07,268.88238525390625,46.06660842895508,16.540000915527344,16.647000217437743,0.46727502126291853
2025-02-10,264.24176025390625,45.35714340209961,15.8100004196167,16.46050019264221,0.49224984483165773
2025-02-11,268.09271240234375,45.47377014160156,16.020000457763672,16.302000188827513,0.597153817995598
2025-02-12,268.5411682128906,44.91007995605469,15.890000343322754,16.16100025177002,0.7629821611981766
2025-02-13,269.3893127441406,45.026710510253906,15.100000381469727,16.110000228881837,0.7618862266848884
2025-02-14,269.65252685546875,45.63898468017578,14.770000457763672,16.018500232696532,0.6082515885090098
2025-02-18,272.92828369140625,45.2210807800293,15.350000381469727,15.98750023841858,0.8350897425798712
2025-02-19,272.245849609375,44.71570587158203,15.270000457763672,15.998000240325927,0.9454800663491508
2025-02-20,260.1081237792969,44.02568435668945,15.65999984741211,16.026000213623046,0.7006338546355477
2025-02-21,257.6123352050781,43.54946517944336,18.209999084472656,16.185500144958496,0.7392545591533114
2025-02-24,254.78504943847656,43.209312438964844,18.979999542236328,16.392000102996825,0.7299661754510712
2025-02-25,250.94387817382812,42.70393753051758,19.43000030517578,16.4685001373291,0.7288533042059087
2025-02-26,252.29904174804688,42.70393753051758,19.100000381469727,16.603000164031982,0.7766904807599209
2025-02-27,252.552490234375,42.878875732421875,21.1299991607666,16.831500148773195,0.7390861611930756
2025-02-28,258.01202392578125,44.80318069458008,19.6299991607666,17.021000099182128,0.41975000594276546
2025-03-03,254.0831298828125,44.27837371826172,22.780000686645508,17.338500118255617,0.4207113976864428
2025-03-04,243.9732208251953,41.469661712646484,23.510000228881836,17.583000087738036,0.8112302372487228
2025-03-05,245.22109985351562,41.1003532409668,21.93000030517578,17.819000148773192,0.953553213560518
2025-03-06,240.35626220703125,40.293704986572266,24.8700008392334,18.27400016784668,0.996473791124915
2025-03-07,236.20310974121094,40.48930740356445,23.3700008392334,18.66750020980835,0.7978180304064867
2025-03-10,226.39544677734375,38.95383834838867,27.860000610351562,19.23350019454956,0.8601963510399546
2025-03-11,223.39268493652344,38.73868179321289,26.920000076293945,19.78900017738342,0.8114522058318386
2025-03-12,222.18380737304688,39.03208541870117,24.229999542236328,20.199500131607056,0.6907042481638705
2025-03-13,219.5417938232422,38.797359466552734,24.65999984741211,20.638000106811525,0.6599019056437776
2025-03-14,226.6099395751953,39.99052429199219,21.770000457763672,20.97150011062622,0.5919059359792992
2025-03-17,228.06253051757812,40.52842330932617,20.510000228881836,21.25850009918213,0.500047432740157
2025-03-18,229.0764617919922,40.73381042480469,21.700000762939453,21.576000118255614,0.48118564885330434
2025-03-19,233.1126251220703,41.28148651123047,19.899999618530273,21.807500076293945,0.4779253879789599
2025-03-20,233.01515197753906,41.54555130004883,19.799999237060547,22.014500045776366,0.4042169868818487
2025-03-21,235.56942749023438,41.5357666015625,19.280000686645508,22.06800012588501,0.4969864354893711
2025-03-24,241.83815002441406,42.1225700378418,17.479999542236328,21.99300012588501,0.5621235709725951
2025-03-25,244.83116149902344,42.32794952392578,17.149999618530273,21.879000091552733,0.613125205775309
2025-03-26,244.73365783691406,41.87807083129883,18.329999923706055,21.84050006866455,0.7293959953890392
2025-03-27,241.89662170410156,41.6237907409668,18.690000534057617,21.7185001373291,0.6969127233757499
2025-03-28,236.7588348388672,40.34260940551758,21.649999618530273,21.819500160217284,0.8564714046108992
2025-03-31,239.1473846435547,40.812049865722656,22.280000686645508,21.794500160217286,0.8158689949803468
2025-04-01,237.54852294921875,40.577327728271484,21.770000457763672,21.707500171661376,0.8218888227269464
2025-04-02,239.65432739257812,40.929405212402344,21.510000228881836,21.68650016784668,0.8025357949468848
2025-04-03,222.95399475097656,36.40126037597656,30.020000457763672,21.944000148773192,1.417954010385316
2025-04-04,206.2684783935547,33.63350296020508,45.310001373291016,23.041000175476075,1.5654563748672785
2025-04-07,210.34912109375,34.79732894897461,46.97999954223633,23.99700012207031,1.3998088233126607
2025-04-08,212.73275756835938,34.259429931640625,52.33000183105469,25.26750020980835,1.6270858780383204
2025-04-09,229.86949157714844,36.332794189453125,33.619998931884766,25.73700017929077,1.6802893935778498
2025-04-10,222.7774200439453,35.0613899230957,40.720001220703125,26.540000247955323,1.7682602899863393
2025-04-11,231.69400024414062,35.1591911315918,37.560001373291016,27.32950029373169,2.056990039850482
2025-04-14,230.24224853515625,35.86334991455078,30.889999389648438,27.84850025177002,1.8183667481179846
2025-04-15,228.68258666992188,37.154319763183594,30.1200008392334,28.269500255584717,1.4197838870408594
2025-04-16,225.22972106933594,36.50883483886719,32.63999938964844,28.906500244140624,1.469661434849343
2025-04-17,227.534912109375,36.587074279785156,29.649999618530273,29.399000263214113,1.5302150074151957
2025-04-21,224.62156677246094,36.10785675048828,33.81999969482422,30.126000213623048,1.5548938493800213
2025-04-22,231.09564208984375,37.477054595947266,30.56999969482422,30.780500221252442,1.419084872331225
2025-04-23,236.28472900390625,37.8975944519043,28.450000762939453,31.3455002784729,1.490353665391035
2025-04-24,239.97300720214844,38.70934295654297,26.469999313354492,31.75250024795532,1.4045434481246428
2025-04-25,238.90379333496094,38.816917419433594,24.84000015258789,32.06000022888183,1.3381747249834919
2025-04-28,238.58010864257812,38.904937744140625,25.149999618530273,32.23500022888184,1.303326481649567
2025-04-29,239.953369140625,39.11032485961914,24.170000076293945,32.32950019836426,1.2971489934735467
2025-04-30,239.953369140625,39.00274658203125,24.700000762939453,32.476000213623045,1.325775559211647
2025-05-01,242.18008422851562,39.28635787963867,24.600000381469727,32.63050022125244,1.3289095118436807
2025-05-02,247.69287109375,40.166561126708984,22.68000030517578,32.26350021362305,1.2892885209997702
2025-05-05,247.7418975830078,40.21546173095703,23.639999389648438,31.18000011444092,1.2780067080797681
2025-05-06,244.49505615234375,39.94162368774414,24.760000228881836,30.069000148773192,1.2362617073010977
2025-05-07,244.6324005126953,40.02964782714844,23.549999237060547,28.630000019073485,1.2176867412291432
2025-05-08,248.63455200195312,40.68490219116211,22.479999542236328,28.073000049591066,1.1845992990856997
2025-05-09,248.25198364257812,40.8707275390625,21.899999618530273,27.131999969482422,1.1216465625394447
2025-05-12,255.08900451660156,42.40618896484375,18.389999389648438,26.173499870300294,0.9544068202983619
2025-05-13,257.9925537109375,43.30595397949219,18.219999313354492,25.539999866485594,0.8174745438019241
2025-05-14,260.5723876953125,43.755836486816406,18.6200008392334,24.964999866485595,0.7888288206651001
2025-05-15,262.3870849609375,43.403751373291016,17.829999923706055,24.224499893188476,0.9465773065494092
2025-05-16,262.45574951171875,43.706932067871094,17.239999771118164,23.603999900817872,0.8683248166706049
2025-05-19,259.8268737792969,43.78517532348633,18.139999389648438,22.81999988555908,0.7547051724916272
2025-05-20,260.6116027832031,43.706932067871094,18.09000015258789,22.195999908447266,0.8032265699926243
2025-05-21,256.0601501464844,42.29861068725586,20.8700008392334,21.816999912261963,1.0173147568172158
2025-05-22,255.69720458984375,42.35729217529297,20.280000686645508,21.507499980926514,0.9888876684424507
2025-05-23,255.73641967773438,42.24971389770508,22.290000915527344,21.380000019073485,1.0188985239583286
2025-05-27,260.22906494140625,43.247276306152344,18.959999084472656,21.070499992370607,0.9120373504146273
2025-05-28,258.46337890625,43.09079360961914,19.309999465942383,20.82749996185303,0.8913487858483585
2025-05-29,259.32659912109375,43.2668342590332,19.18000030517578,20.551499938964845,0.874976003235075
2025-05-30,258.9636535644531,43.15925598144531,18.56999969482422,20.249999904632567,0.8907906169676609
2025-06-02,259.611083984375,43.1103515625,18.360000610351562,20.033999919891357,0.9266583237045773
2025-06-03,261.19036865234375,43.667816162109375,17.690000534057617,19.736499977111816,0.8340657009421975
2025-06-04,259.1794738769531,43.384193420410156,17.610000610351562,19.378999996185303,0.8385532350666697
2025-06-05,256.9527587890625,43.403751373291016,18.479999542236328,19.125500011444093,0.7547459841306803
2025-06-06,260.6606750488281,44.23995590209961,16.770000457763672,18.840000057220458,0.6631212441561646
2025-06-09,261.6513977050781,44.14157485961914,17.15999984741211,18.60300006866455,0.7242728652242651
2025-06-10,263.4759216308594,44.35800552368164,16.950000762939453,18.5310001373291,0.7310862566932044
2025-06-11,263.03448486328125,44.003849029541016,17.260000228881836,18.483000183105467,0.809744567834101
2025-06-12,263.1227722167969,43.895633697509766,18.020000457763672,18.453000164031984,0.8416571908966384
2025-06-13,259.89556884765625,43.374244689941406,20.81999969482422,18.60250015258789,0.8664786918400146
2025-06-16,265.20233154296875,43.68904495239258,19.110000610351562,18.696000194549562,0.970038723643387
2025-06-17,264.37835693359375,43.511966705322266,21.600000381469727,18.869000244140626,0.9880729779047446
2025-06-18,268.733642578125,44.328495025634766,20.139999389648438,18.971500205993653,0.924536167114132
2025-06-20,269.7538146972656,44.761348724365234,20.6200008392334,18.959000205993654,0.8453658562430783
2025-06-23,272.96142578125,45.548362731933594,19.829999923706055,18.93650016784668,0.7491699709351344
2025-06-24,275.8944396972656,45.90251541137695,17.479999542236328,18.69600009918213,0.7584651687498336
2025-06-25,278.6409912109375,46.08943176269531,16.760000228881836,18.586000156402587,0.8056798224553288
2025-06-26,283.2415466308594,46.68952941894531,16.59000015258789,18.450000190734862,0.8083931887545927
2025-06-27,281.6327819824219,46.35505294799805,16.31999969482422,18.307000160217285,0.8406080581629739
2025-06-30,284.3793640136719,46.55180358886719,16.729999542236328,18.21500015258789,0.8852068859605507
2025-07-01,284.8698425292969,47.36832809448242,16.829999923706055,18.138500118255614,0.6852436770019698
2025-07-02,286.42950439453125,47.91923522949219,16.639999389648438,18.086000061035158,0.593703311197517
2025-07-03,291.75201416015625,48.13566589355469,16.3799991607666,18.02449998855591,0.7239953508440428
2025-07-07,287.7798767089844,47.87004852294922,17.790000915527344,17.99000005722046,0.6544599328698661
2025-07-08,278.7217712402344,46.38456344604492,16.809999465942383,17.992000007629393,0.7299968489417463
2025-07-09,279.0963134765625,46.079593658447266,15.9399995803833,17.930999994277954,0.8243705839005373
2025-07-10,284.0540771484375,46.207489013671875,15.779999732971191,17.87249994277954,0.9653463469304814
2025-07-11,282.7431640625,45.97138214111328,16.399999618530273,17.829499912261962,0.9818992176446764
2025-07-14,284.5567932128906,46.30586242675781,17.200000762939453,17.788499927520753,0.9569150353078751
2025-07-15,282.4376220703125,45.40079879760742,17.3799991607666,17.61649990081787,1.1229457611635658
2025-07-16,281.7181396484375,45.282745361328125,17.15999984741211,17.5189998626709,1.128962087607221
2025-07-17,285.73956298828125,46.256675720214844,16.520000457763672,17.264999866485596,1.011755299424159
2025-07-18,287.0898742675781,46.55180358886719,16.40999984741211,17.07849988937378,0.9808877026784326
2025-07-21,286.794189453125,46.709205627441406,16.649999618530273,16.879999828338622,0.9285653879412361
2025-07-22,287.2475891113281,46.99449920654297,16.5,16.71349983215332,0.8686537787539735
2025-07-23,292.5011291503906,47.358489990234375,15.369999885559082,16.60799984931946,0.9572454632920991
2025-07-24,292.29412841796875,47.60443115234375,15.390000343322754,16.539499855041505,0.8844934409528179
2025-07-25,294.33441162109375,47.66345977783203,14.930000305175781,16.4564998626709,0.9408077814562323
2025-07-28,293.9992980957031,47.44702911376953,15.029999732971191,16.391999864578246,0.9865704698350312
2025-07-29,292.777099609375,47.171573638916016,15.979999542236328,16.354499864578248,1.0167256175013561
2025-07-30,295.3299560546875,47.18141174316406,15.479999542236328,16.28699984550476,1.1042233478654098
2025-07-31,291.98858642578125,46.50261306762695,16.719999313354492,16.290999841690063,1.1669014803295823
2025-08-01,285.2171630859375,44.91875457763672,20.3799991607666,16.490999841690062,1.3493352633221454
2025-08-04,290.0370178222656,45.10566711425781,17.520000457763672,16.47749981880188,1.4697383865325042
2025-08-05,287.1884765625,44.820377349853516,17.850000381469727,16.52949986457825,1.4451006546223566
2025-08-06,287.16876220703125,44.682647705078125,16.770000457763672,16.570999908447266,1.4810545799374175
2025-08-07,282.8220520019531,44.19076156616211,16.56999969482422,16.610499906539918,1.458506860684463
2025-08-08,284.61590576171875,45.263065338134766,15.149999618530273,16.547999906539918,1.2364898742963224
2025-08-11,285.4044494628906,45.4106330871582,16.25,16.500499868392943,1.2250576512371558
2025-08-12,288.6472473144531,46.728885650634766,14.729999542236328,16.367999887466432,0.9887413453418041
2025-08-13,286.36053466796875,46.473106384277344,14.489999771118164,16.234499883651733,0.9760833833009456
2025-08-14,289.9384460449219,46.93547058105469,14.829999923706055,16.149999856948853,0.9793483442805668
2025-08-15,286.3210754394531,46.17797088623047,15.09000015258789,16.08399987220764,1.0532259931961103
2025-08-18,287.3461608886719,47.14206314086914,14.989999771118164,16.000999879837035,0.83286661157457
2025-08-19,286.4886779785156,47.29946517944336,15.569999694824219,15.954499864578247,0.7607128645268116
2025-08-20,288.04595947265625,47.56507873535156,15.6899995803833,15.970499849319458,0.7450050562565057
2025-08-21,287.28704833984375,47.47654342651367,16.600000381469727,16.030999851226806,0.741774782153737
2025-08-22,291.98858642578125,48.67673873901367,14.220000267028809,15.995499849319458,0.5883669206551456
2025-08-25,290.6678161621094,48.67673873901367,14.789999961853027,15.98349986076355,0.5417438254859996
2025-08-26,294.2851257324219,49.43423843383789,14.619999885559082,15.915499877929687,0.4678640220338391
2025-08-27,294.9849548339844,49.562129974365234,14.850000381469727,15.883999919891357,0.45853601653215453
2025-08-28,296.749267578125,49.67033767700195,14.430000305175781,15.769499969482421,0.49202207365024114
2025-08-29,297.09423828125,49.916282653808594,15.359999656677246,15.518499994277954,0.43875358813539816
2025-09-02,295.3989562988281,49.60147476196289,17.170000076293945,15.500999975204468,0.46268059553373914
2025-09-03,295.211669921875,49.24732208251953,16.350000381469727,15.425999975204467,0.5503093820661459
2025-09-04,299.4598083496094,49.7982292175293,15.300000190734863,15.352499961853027,0.5536720452600776
2025-09-05,290.1553039550781,49.2343635559082,15.180000305175781,15.282999992370605,0.3752682899147804
2025-09-08,288.7063903808594,48.92770004272461,15.109999656677246,15.280999994277954,0.40572486626860055
2025-09-09,293.57550048828125,49.74877166748047,15.039999961853027,15.220499992370605,0.35911704928176946
2025-09-10,296.22686767578125,49.590492248535156,15.350000381469727,15.251500034332276,0.49482825290482957
2025-09-11,301.1748046875,50.203819274902344,14.710000038146973,15.262500047683716,0.5062838306963454
2025-09-12,302.5054626464844,50.03565216064453,14.760000228881836,15.259000062942505,0.5980052081293863
2025-09-15,304.4668884277344,50.04553985595703,15.6899995803833,15.289000034332275,0.6646122824784716
2025-09-16,304.75274658203125,50.11478805541992,16.360000610351562,15.357500076293945,0.6562761178224651
2025-09-17,307.2759704589844,50.846824645996094,15.720000267028809,15.365000104904174,0.5505508969482417
2025-09-18,308.7347717285156,51.5689697265625,15.699999809265137,15.365500116348267,0.4098837642380751
2025-09-19,310.26251220703125,51.68767547607422,15.449999809265137,15.308000087738037,0.4322253085062398
2025-09-22,307.9560852050781,51.36122512817383,16.100000381469727,15.402000093460083,0.43767699678628913
2025-09-23,308.25177001953125,51.143592834472656,16.639999389648438,15.494500064849854,0.5060265746148256
2025-09-24,308.92205810546875,51.143592834472656,16.18000030517578,15.572500085830688,0.5296876957658486
2025-09-25,308.95159912109375,51.29197692871094,16.739999771118164,15.66700005531311,0.49124550322380867
2025-09-26,311.52410888671875,51.64810562133789,15.289999961853027,15.710000038146973,0.487289113645435
2025-09-29,311.1594543457031,51.85584259033203,16.1200008392334,15.74800009727478,0.41913805406071347
2025-09-30,310.9031677246094,51.0347785949707,16.280000686645508,15.703500127792358,0.628576177660518
2025-10-01,306.25091552734375,50.13457107543945,16.290000915527344,15.70050015449524,0.7038971146091304
2025-10-02,303.1362609863281,49.93672561645508,16.6299991607666,15.767000102996827,0.6465966846887528
2025-10-03,305.5806579589844,50.095001220703125,16.649999618530273,15.84050006866455,0.6907666039486896
2025-10-06,306.22442626953125,49.847694396972656,16.3700008392334,15.903500127792359,0.7792998927148557
2025-10-07,304.74871826171875,49.74877166748047,17.239999771118164,16.013500118255614,0.7535308318485664
2025-10-08,301.1236572265625,49.303611755371094,16.299999237060547,16.061000061035156,0.7440234334079581
2025-10-09,302.6093444824219,49.254150390625,16.43000030517578,16.147000074386597,0.8096297492771584
2025-10-10,298.0137023925781,48.12642288208008,21.65999984741211,16.49200005531311,0.9474920585597765
2025-10-13,305.0260314941406,48.33415985107422,19.030000686645508,16.65900011062622,1.1397479901750016
2025-10-14,299.19232177734375,49.55092239379883,20.809999465942383,16.881500053405762,0.610038102302992
2025-10-15,302.767822265625,51.71735382080078,20.639999389648438,17.127500009536742,0.1597658897470298
2025-10-16,295.6861572265625,49.897151947021484,25.309999465942383,17.607999992370605,0.39413910693183907
2025-10-17,294.7155456542969,50.728111267089844,20.780000686645508,17.874500036239624,0.13875842085966889
2025-10-20,299.4696350097656,51.47993469238281,18.229999542236328,17.980999994277955,0.10651731652572419
2025-10-21,294.25,50.96553421020508,17.8700008392334,18.042500066757203,0.059146478373352594
2025-10-22,291.29852294921875,50.550052642822266,18.600000381469727,18.1635000705719,0.0655191423718816
2025-10-23,291.72442626953125,51.20294952392578,17.299999237060547,18.19150004386902,-0.09318227663182739
2025-10-24,297.5679931640625,52.00423049926758,16.3700008392334,18.245500087738037,-0.10012554997951076
2025-10-27,301.2425231933594,52.44939041137695,15.789999961853027,18.229000043869018,-0.08887189960911689
2025-10-28,302.44097900390625,52.301002502441406,16.420000076293945,18.23600001335144,-0.007080492468524647
2025-10-29,302.5895690917969,52.014129638671875,16.920000076293945,18.26749997138977,0.07450155883865883
2025-10-30,306.4819641113281,52.45927810668945,16.90999984741211,18.281500005722044,0.09344887294229856
2025-10-31,308.1459045410156,52.87476348876953,17.440000534057617,18.321000051498412,0.04162524387327725
2025-11-03,306.3928527832031,52.983577728271484,17.170000076293945,18.36100001335144,-0.049212811944100286
2025-11-04,306.2937927246094,52.96379470825195,19.0,18.44900002479553,-0.04744536581099698
2025-11-05,308.7005615234375,51.88552474975586,18.010000228881836,18.534500074386596,0.3244408957753316
2025-11-06,310.4239501953125,52.71648406982422,19.5,18.68800005912781,0.16415822426557505
2025-11-07,311.20635986328125,52.6274528503418,19.079999923706055,18.559000062942506,0.21546842516339815
2025-11-10,313.86077880859375,52.84508514404297,17.600000381469727,18.487500047683717,0.2512572975510445
2025-11-11,312.6029052734375,53.052825927734375,17.280000686645508,18.311000108718872,0.15157465672356746
2025-11-12,317.34710693359375,53.52766036987305,17.510000228881836,18.15450015068054,0.1926912500132352
2025-11-13,306.5216064453125,52.301002502441406,20.0,17.889000177383423,0.13696536227505046
2025-11-14,300.70770263671875,52.043800354003906,19.829999923706055,17.84150013923645,0.00017643502165251882
2025-11-17,297.4986572265625,50.92596435546875,22.3799991607666,18.049000120162965,0.18435337768416526
2025-11-18,296.5478515625,51.0842399597168,24.690000534057617,18.390000104904175,0.10867288843308626
2025-11-19,300.3709411621094,51.46015167236328,23.65999984741211,18.643000078201293,0.14359761784597413
2025-11-20,295.5277099609375,50.45112991333008,26.420000076293945,19.099000120162962,0.2411324647568184
2025-11-21,295.1711120605469,51.005104064941406,23.43000030517578,19.452000093460082,0.08113213453831745
2025-11-24,295.1513366699219,51.371116638183594,20.520000457763672,19.688500118255615,-0.016961833678787674
2025-11-25,300.103515625,51.915199279785156,18.559999465942383,19.795500087738038,0.013069406228896237
2025-11-26,304.6991882324219,52.41971206665039,17.190000534057617,19.809000110626222,0.04104553096665406
2025-11-28,310.0871887207031,53.07261276245117,16.350000381469727,19.7810001373291,0.0575047694692006
2025-12-01,305.96697998046875,52.667022705078125,17.239999771118164,19.771000099182128,0.019989159483821625
2025-12-02,304.9368896484375,52.617557525634766,16.59000015258789,19.742000102996826,-0.0032102771911543433
2025-12-03,309.1462707519531,53.50787353515625,16.079999923706055,19.596000099182127,-0.09153240231504327
2025-12-04,313.07830810546875,53.577117919921875,15.779999732971191,19.484500074386595,0.028842311208175857
2025-12-05,312.0284729003906,53.646728515625,15.40999984741211,19.280000066757204,-0.026740166412955135
2025-12-08,312.1968078613281,53.597007751464844,16.65999984741211,19.159000062942503,-0.007567265511734102
2025-12-09,297.6373596191406,53.23903274536133,16.93000030517578,19.12550005912781,-0.42625763692900615
2025-12-10,307.1455383300781,53.775997161865234,15.770000457763672,19.050000047683717,-0.23350577504294107
2025-12-11,314.3460693359375,54.253299713134766,14.850000381469727,18.91700005531311,-0.10633769630583609
2025-12-12,315.47515869140625,54.83003616333008,15.739999771118164,18.70400004386902,-0.21995041811655452
2025-12-15,316.9608459472656,55.01897048950195,16.5,18.537500047683714,-0.21778116473580902
2025-12-16,312.5335388183594,54.50189208984375,16.479999542236328,18.242500066757202,-0.2364702922724094
2025-12-17,311.9690246582031,54.24335479736328,17.6200008392334,17.88900008201599,-0.18760086140599666
2025-12-18,310.0079345703125,53.95498275756836,16.8700008392334,17.549500131607054,-0.18009143779195405
2025-12-19,314.17767333984375,54.95930862426758,14.90999984741211,16.974000120162962,-0.30015094268422254
2025-12-22,320.00146484375,55.565879821777344,14.079999923706055,16.50650010108948,-0.2559800392242452
2025-12-23,322.8143310546875,55.655372619628906,14.0,16.180500078201295,-0.18050008651789268
2025-12-24,326.02337646484375,55.93379592895508,13.470000267028809,15.926000118255615,-0.14130942125969806
2025-12-26,324.7754211425781,55.854244232177734,13.600000381469727,15.74650011062622,-0.16419345802926796
2025-12-29,320.6551818847656,55.038856506347656,14.199999809265137,15.639000082015992,-0.09266303876257713
2025-12-30,320.3283386230469,54.9692497253418,14.329999923706055,15.493500089645385,-0.08567822694414287
2025-12-31,319.1398010253906,54.69082260131836,14.949999809265137,15.411500072479248,-0.053544096873000276
2026-01-02,322.36865234375,55.6354866027832,14.510000228881836,15.333000087738037,-0.1909408464025844
2026-01-05,330.8468322753906,56.57019805908203,14.899999618530273,15.289000082015992,-0.1403883030258179
2026-01-06,332.90625,56.92817687988281,14.75,15.256000089645386,-0.16294912356022792
2026-01-07,325.3250732421875,55.32722473144531,15.380000114440918,15.192000102996825,-0.004550957593623279
2026-01-08,328.11083984375,55.864192962646484,15.449999809265137,15.118000078201295,-0.04910077402635131
2026-01-09,327.5138854980469,55.53604507446289,14.489999771118164,15.054000043869019,0.01714689113120342
2026-01-12,322.8377990722656,54.879756927490234,15.119999885559082,15.067500019073487,0.02671956807217573
2026-01-13,309.3169860839844,54.2334098815918,15.979999542236328,15.079500007629395,-0.2785712912435397
2026-01-14,306.30242919921875,52.18498992919922,16.75,15.092000007629395,0.1600993519955726
2026-01-15,307.68536376953125,52.29437255859375,15.84000015258789,15.060000038146972,0.17981013919103755
2026-01-16,310.8789978027344,52.672237396240234,15.859999656677246,14.971999979019165,0.19199540614145294
2026-01-20,301.19854736328125,51.807125091552734,20.09000015258789,15.13299994468689,0.0804824752086827
2026-01-21,300.50213623046875,51.77729415893555,16.899999618530273,15.232499933242797,0.0638372196919404
2026-01-22,302.0840148925781,52.15515899658203,15.640000343322754,15.310499954223634,0.019127638141621557
2026-01-23,296.2041015625,51.429264068603516,16.09000015258789,15.414999961853027,0.004727667489402433
2026-01-26,299.5072021484375,51.727577209472656,16.149999618530273,15.548999929428101,0.0419457920791691
2026-01-27,298.7809143066406,51.876731872558594,16.350000381469727,15.6864999294281,-0.023382152956165952
2026-01-28,299.2385559082031,51.51875686645508,16.350000381469727,15.79399995803833,0.08802966539141964
2026-01-29,304.8598327636719,52.781620025634766,16.8799991607666,15.921499919891357,-0.049587389681790925
2026-01-30,304.33251953125,52.900943756103516,17.440000534057617,16.04599995613098,-0.0999535380315841
2026-02-02,306.5710754394531,53.72627639770508,16.34000015258789,16.137499952316283,-0.240553584796241
2026-02-03,313.24688720703125,54.143917083740234,18.0,16.29249997138977,-0.11603204275907689
2026-02-04,315.654541015625,55.06869125366211,18.639999389648438,16.48699994087219,-0.27712432363195333
2026-02-05,308.5807800292969,54.631160736083984,21.770000457763672,16.80649995803833,-0.4104007628272187
2026-02-06,320.7584533691406,56.212223052978516,20.3700008392334,17.052500009536743,-0.4012502489470932
2026-02-09,320.4599914550781,56.092899322509766,17.360000610351562,17.196000051498412,-0.38003390378549573
2026-02-10,316.659423828125,55.07863235473633,17.790000915527344,17.329500102996825,-0.2442973584437785
2026-02-11,309.2374267578125,53.54728698730469,17.649999618530273,17.413000106811523,-0.09880251638829252
2026-02-12,301.09906005859375,52.22476577758789,20.81999969482422,17.616500091552734,-0.03416355196295211
2026-02-13,301.0094909667969,52.25459671020508,20.600000381469727,17.854500102996827,-0.04526334175874633
2026-02-17,305.5661926269531,52.44353103637695,20.290000915527344,18.07600016593933,0.06531249888063109
2026-02-18,307.2077941894531,53.06004333496094,19.6200008392334,18.052500200271606,-0.04079292704594487
2026-02-19,306.48150634765625,52.47336196899414,20.229999542236328,18.21900019645691,0.08968499998179935
2026-02-20,309.20758056640625,52.7617301940918,19.09000015258789,18.391500186920165,0.10918047617377236
2026-02-23,296.1543884277344,50.78291702270508,21.010000228881836,18.637500190734862,0.1749656626449012
2026-02-24,295.7862243652344,50.126625061035156,19.549999237060547,18.807500171661378,0.33660870378944724
2026-02-25,301.75567626953125,51.39942932128906,17.93000030517578,18.88650016784668,0.20863687715113965
2026-02-26,304.5712890625,52.00600051879883,18.6299991607666,19.000500106811522,0.14661928880185476
2026-02-27,298.7709655761719,49.549888610839844,19.860000610351562,19.149500179290772,0.5954393482645345
2026-03-02,296.044921875,49.53000259399414,21.440000534057617,19.34950017929077,0.504501868485113
2026-03-03,298.7311706542969,49.68910217285156,23.56999969482422,19.711000156402587,0.5569898795613807
2026-03-04,297.8656311035156,50.017242431640625,21.149999618530273,19.8685001373291,0.4391183153860128
2026-03-05,292.0553283691406,49.53000259399414,23.75,20.12400016784668,0.3636695051089346
2026-03-06,288.0060729980469,48.63999938964844,29.489999771118164,20.510000133514403,0.45756081963627165
2026-03-09,288.44384765625,47.900001525878906,25.5,20.766500091552736,0.6699275692792034
2026-03-10,287.2598876953125,48.560001373291016,24.93000030517578,21.145000076293947,0.4525079939948484
2026-03-11,286.0560302734375,48.52000045776367,24.229999542236328,21.467000007629395,0.420656152162554
2026-03-12,281.44964599609375,47.130001068115234,27.290000915527344,21.949000072479247,0.6279297766058126
2026-03-13,281.996826171875,46.720001220703125,27.190000534057617,22.267500114440917,0.7563461037102471
2026-03-16,284.7029724121094,47.060001373291016,23.510000228881836,22.413000106811523,0.7613988744756574
2026-03-17,285.42926025390625,47.279998779296875,22.3700008392334,22.517000102996825,0.7284955017193641
2026-03-18,286.27490234375,46.83000183105469,25.09000015258789,22.79050006866455,0.8780907362437336
2026-03-19,286.5037536621094,47.0099983215332,24.059999465942383,22.982000064849853,0.8382721284846797
2026-03-20,285.1009216308594,47.15999984741211,26.780000686645508,23.366500091552734,0.7488368722152949
2026-03-23,288.4338684082031,47.52000045776367,26.149999618530273,23.623500061035156,0.770693537569139
2026-03-24,290.91119384765625,48.13999938964844,26.950000762939453,23.9935001373291,0.6931613116297427
2026-03-25,293.91583251953125,48.75,25.329999923706055,24.363500118255615,0.6369037568766305
2026-03-26,290.1749572753906,48.2400016784668,27.440000534057617,24.804000186920167,0.640561617554394
2026-03-27,281.3998718261719,46.970001220703125,31.049999237060547,25.363500118255615,0.6687486906742954
2026-03-30,282.32513427734375,47.22999954223633,30.610000610351562,25.822000122070314,0.6322248688533362
2026-03-31,292.6622314453125,48.75,25.25,25.9060001373291,0.5926517292568108
2026-04-01,293.87603759765625,49.27000045776367,24.540000915527344,26.075500202178954,0.497126944513926
2026-04-02,293.1000061035156,49.380001068115234,23.8700008392334,26.081500244140624,0.4404619404974049
2026-04-06,295.45001220703125,50.060001373291016,24.170000076293945,25.815500259399414,0.34246899350612553
2026-04-07,297.3999938964844,50.279998779296875,25.780000686645508,25.82950029373169,0.35276192542629004
2026-04-08,307.9700012207031,51.880001068115234,21.040000915527344,25.63500032424927,0.3001220206823677
2026-04-09,310.3299865722656,52.709999084472656,19.489999771118164,25.39800033569336,0.1625669689029091
2026-04-10,309.8699951171875,52.540000915527344,19.229999542236328,24.995000267028807,0.19156579441989513
2026-04-13,313.67999267578125,53.349998474121094,19.1200008392334,24.591500282287598,0.11051818832201554
2026-04-14,311.1199951171875,53.349998474121094,18.360000610351562,24.334000301361083,0.020150458906849276
2026-04-15,305.92999267578125,54.31999969482422,18.170000076293945,24.12400026321411,-0.4211734526697477
2026-04-16,309.95001220703125,53.5099983215332,17.940000534057617,23.7665002822876,-0.06372579222615898
2026-04-17,310.2900085449219,53.90999984741211,17.479999542236328,23.437500286102296,-0.15816430023806394
2026-04-20,316.989990234375,53.95000076293945,18.8700008392334,23.04200029373169,0.06770033233980424
2026-04-21,313.0,53.47999954223633,19.5,22.709500312805176,0.051921228454181984
2026-04-22,313.0199890136719,53.119998931884766,18.920000076293945,22.3080002784729,0.14842295500262073
2026-04-23,311.69000244140625,52.470001220703125,19.309999465942383,22.007000255584718,0.27443883159496224
2026-04-24,308.2799987792969,52.04999923706055,18.709999084472656,21.57050018310547,0.2658284214239285
2026-04-27,311.6300048828125,52.630001068115234,18.020000457763672,20.919000244140626,0.22974498341701716
2026-04-28,311.45001220703125,52.65999984741211,17.829999923706055,20.28000020980835,0.2154085836402822
2026-04-29,309.25,52.880001068115234,18.809999465942383,19.95800018310547,0.07920601485881
2026-04-30,313.2300109863281,53.459999084472656,16.889999389648438,19.575500106811525,0.06536271892475917
