Date,KBE,V,VIX,AvgVIX,zscore
2020-01-30,37.88279342651367,198.74412536621094,15.489999771118164,13.696000051498412,0.035874649129780695
2020-01-31,37.118412017822266,189.92422485351562,18.84000015258789,14.014500045776368,0.11637015871391129
2020-02-03,37.530006408691406,191.68052673339844,17.969999313354492,14.211999988555908,0.13681308481075108
2020-02-04,38.07599639892578,194.30551147460938,16.049999237060547,14.32199993133545,0.15763947647154564
2020-02-05,38.94955825805664,193.58956909179688,15.149999618530273,14.389999914169312,0.29572973091167015
2020-02-06,38.57157897949219,193.80914306640625,14.960000038146973,14.465499925613404,0.2379023196342414
2020-02-07,38.260780334472656,193.52276611328125,15.470000267028809,14.611999940872192,0.20030433015713042
2020-02-10,38.243988037109375,196.62501525878906,15.039999961853027,14.735999917984008,0.1318260762078277
2020-02-11,38.563175201416016,194.66822814941406,15.180000305175781,14.878999948501587,0.21841130120361424
2020-02-12,38.563175201416016,198.0090789794922,13.739999771118164,14.946499919891357,0.14720898491046652
2020-02-13,38.73116683959961,198.2576141357422,14.149999618530273,15.032999897003174,0.16553337192879494
2020-02-14,38.48757553100586,201.02023315429688,13.680000305175781,15.100999927520752,0.07240329242943476
2020-02-18,37.99199295043945,201.89013671875,14.829999923706055,15.237499904632568,-0.015820567161313165
2020-02-19,38.218772888183594,203.9071044921875,14.380000114440918,15.313999891281128,-0.026919899511578582
2020-02-20,38.62196731567383,202.12911987304688,15.5600004196167,15.446499919891357,0.06766684576641412
2020-02-21,38.1011848449707,199.60549926757812,17.079999923706055,15.651499938964843,0.048224550223287525
2020-02-24,36.91682815551758,190.0271759033203,25.030000686645508,16.174999952316284,0.0858312696429534
2020-02-25,35.42167282104492,180.0951690673828,27.850000381469727,16.655999994277956,0.08727447848518717
2020-02-26,34.86729049682617,178.9576416015625,27.559999465942383,17.219999933242796,0.033566413761179914
2020-02-27,33.4813346862793,172.07501220703125,39.15999984741211,18.35849995613098,-0.014626070932825211
2020-02-28,32.54895782470703,173.7478790283203,40.11000061035156,19.589499998092652,-0.1813808861571239
2020-03-02,33.99372100830078,183.8519287109375,33.41999816894531,20.318499898910524,-0.19357642695093222
2020-03-03,32.67496871948242,177.54287719726562,36.81999969482422,21.26099991798401,-0.24454386917533716
2020-03-04,33.34694290161133,185.72552490234375,31.989999771118164,22.05799994468689,-0.32445123711272117
2020-03-05,31.74259376525879,178.71865844726562,39.619998931884766,23.281499910354615,-0.40070421554630126
2020-03-06,30.47422981262207,176.23326110839844,41.939998626708984,24.630499839782715,-0.5260786728202959
2020-03-09,25.988773345947266,163.58645629882812,54.459999084472656,26.57999978065491,-0.8872425874526934
2020-03-10,27.685516357421875,174.55088806152344,47.29999923706055,28.192999744415282,-0.8823442184851009
2020-03-11,25.795578002929688,165.32627868652344,53.900001525878906,30.12899980545044,-0.9514879983316874
2020-03-12,23.51085090637207,153.02352905273438,75.47000122070312,33.21549987792969,-1.0105398081840877
2020-03-13,26.232364654541016,168.0792694091797,57.83000183105469,35.39949998855591,-0.9487448455108186
2020-03-16,22.847270965576172,145.3092803955078,82.69000244140625,38.850000095367434,-0.9394349403607086
2020-03-17,24.132434844970703,150.93002319335938,75.91000366210938,41.9040002822876,-0.8785206997731182
2020-03-18,21.452917098999023,141.93487548828125,76.44999694824219,45.007500123977664,-1.0635777657925651
2020-03-19,22.838871002197266,145.53866577148438,72.0,47.829500102996825,-0.9455048657905676
2020-03-20,21.326923370361328,140.3576202392578,66.04000091552734,50.27750015258789,-1.0476783024438376
2020-03-23,19.553335189819336,129.7564697265625,61.59000015258789,52.10550012588501,-1.0711243587341706
2020-03-24,21.852741241455078,147.71820068359375,61.66999816894531,53.796500015258786,-1.1306163120772408
2020-03-25,22.27542495727539,154.64857482910156,63.95000076293945,55.61600008010864,-1.218887200371
2020-03-26,24.236675262451172,161.43565368652344,61.0,56.708000087738036,-1.0877660533741509
2020-03-27,23.3405818939209,154.4383087158203,65.54000091552734,57.97950010299682,-1.0646340297302166
2020-03-30,23.408214569091797,158.27154541015625,57.08000183105469,59.16250028610229,-1.1368205448594828
2020-03-31,22.791091918945312,154.01771545410156,53.540000915527344,59.99850034713745,-1.1329339337702888
2020-04-01,21.269439697265625,146.36077880859375,57.060001373291016,61.252000427246095,-1.1837041837564133
2020-04-02,21.624492645263672,150.4521484375,50.90999984741211,61.81650047302246,-1.2209779908696816
2020-04-03,20.669221878051758,145.1563262939453,46.79999923706055,62.059500503540036,-1.2424308342486403
2020-04-06,22.28387451171875,161.97096252441406,45.2400016784668,61.598500633239745,-1.3737584442335737
2020-04-07,23.112335205078125,161.1583709716797,46.70000076293945,61.568500709533694,-1.2399500222568365
2020-04-08,24.219762802124023,167.2285614013672,43.349998474121094,61.041000556945804,-1.2136062129230767
2020-04-09,26.028852462768555,166.0335693359375,41.66999816894531,59.35100040435791,-0.9337614716966202
2020-04-13,24.7100772857666,161.54078674316406,41.16999816894531,58.51800022125244,-1.0234415989979575
2020-04-14,24.35502815246582,166.92257690429688,37.7599983215332,56.27150001525879,-1.1880652012544102
2020-04-15,22.782642364501953,158.64439392089844,40.84000015258789,54.51799983978272,-1.2327287110968026
2020-04-16,21.99645233154297,155.26036071777344,40.11000061035156,52.70100002288818,-1.2711523413606471
2020-04-17,23.8055362701416,162.06651306152344,38.150001525878906,51.00850009918213,-1.161833831887521
2020-04-20,23.644920349121094,156.98101806640625,43.83000183105469,49.898000144958495,-1.07603278497547
2020-04-21,22.84181785583496,153.45372009277344,45.40999984741211,49.089000129699706,-1.1137811293611855
2020-04-22,22.892539978027344,159.24659729003906,41.97999954223633,48.104500198364256,-1.2301105315982461
2020-04-23,23.18842124938965,159.04583740234375,41.380001068115234,46.976000213623045,-1.1842279087982244
2020-04-24,23.780179977416992,159.94444274902344,35.93000030517578,45.722500228881835,-1.1201722847446742
2020-04-27,25.242664337158203,164.18865966796875,33.290000915527344,44.11000022888184,-1.0049876035826761
2020-04-28,25.918954849243164,163.70115661621094,33.56999969482422,42.93450012207031,-0.8995043401742114
2020-04-29,27.449071884155273,173.77655029296875,31.229999542236328,41.81900005340576,-0.8990875306790539
2020-04-30,26.46843719482422,170.84188842773438,34.150001525878906,40.673500061035156,-0.9744293326826157
2020-05-01,25.234207153320312,167.83074951171875,37.189998626708984,39.9875,-1.083799281047077
2020-05-04,24.96368980407715,168.38516235351562,35.970001220703125,39.44600009918213,-1.1336527540805896
2020-05-05,24.57482147216797,170.5742645263672,33.61000061035156,38.86450004577637,-1.2349871014552578
2020-05-06,23.949251174926758,170.89923095703125,34.119998931884766,38.235499954223634,-1.3298745064628306
2020-05-07,24.346569061279297,174.66558837890625,31.440000534057617,37.64000005722046,-1.354278570651954
2020-05-08,25.38637351989746,176.9310760498047,27.979999542236328,36.95550012588501,-1.2563550384256732
2020-05-11,24.481834411621094,175.46849060058594,27.56999969482422,36.275500202178954,-1.3523708508893082
2020-05-12,23.256046295166016,171.558837890625,33.040000915527344,36.03950033187866,-1.4414040874608116
2020-05-13,22.03026580810547,169.56716918945312,35.279998779296875,35.76150026321411,-1.5713135340218938
2020-05-14,22.81645393371582,173.21530151367188,32.61000061035156,35.38650026321411,-1.5385188186963548
2020-05-15,22.537490844726562,175.69529724121094,31.889999389648438,35.07350015640259,-1.6305990830358215
2020-05-18,24.625539779663086,183.2501678466797,29.299999237060547,34.34700002670288,-1.4980124263708392
2020-05-19,23.695636749267578,181.31597900390625,30.530000686645508,33.60300006866455,-1.5875435545736614
2020-05-20,24.811527252197266,185.62474060058594,27.989999771118164,32.90350008010864,-1.522469094724637
2020-05-21,24.71853256225586,182.5224151611328,29.530000686645508,32.31100006103516,-1.4694263764337787
2020-05-22,24.43111228942871,182.7522735595703,28.15999984741211,31.92250003814697,-1.5147394629785975
2020-05-26,26.409265518188477,185.01197814941406,28.010000228881836,31.658500003814698,-1.2847513430045014
2020-05-27,28.26907730102539,184.62899780273438,27.6200008392334,31.361000061035156,-1.0150806629798412
2020-05-28,27.203914642333984,186.00782775878906,28.59000015258789,31.229000091552734,-1.1942398065441733
2020-05-29,26.586788177490234,186.9461669921875,27.510000228881836,30.89700002670288,-1.3010125105997872
2020-06-01,26.950302124023438,186.09397888183594,28.229999542236328,30.449000072479247,-1.2317364006692508
2020-06-02,26.992570877075195,188.0186004638672,26.84000015258789,29.992500019073486,-1.2668117330439046
2020-06-03,28.353609085083008,188.5069122314453,25.65999984741211,29.594999980926513,-1.0858431923503604
2020-06-04,29.325780868530273,185.4141387939453,25.809999465942383,29.179500007629393,-0.8832308645256459
2020-06-05,30.991165161132812,191.1305389404297,24.520000457763672,28.8335000038147,-0.7708924948757404
2020-06-08,31.99714469909668,191.12095642089844,25.809999465942383,28.725,-0.6292373605860057
2020-06-09,31.210952758789062,190.62301635742188,27.56999969482422,28.725,-0.7291714931212553
2020-06-10,29.283517837524414,191.963623046875,27.56999969482422,28.451499938964844,-1.028760206432344
2020-06-11,26.61215591430664,180.8563232421875,40.790000915527344,28.727000045776368,-1.167654965859416
2020-06-12,27.635042190551758,184.09274291992188,36.09000015258789,28.901000022888184,-1.0928034155505655
2020-06-15,27.905569076538086,183.61395263671875,34.400001525878906,29.026500129699706,-1.04456031713521
2020-06-16,28.860824584960938,184.68646240234375,33.66999816894531,29.245000076293945,-0.9330997268969433
2020-06-17,27.973201751708984,185.33755493164062,33.470001220703125,29.392000102996825,-1.0717849757165527
2020-06-18,28.040822982788086,185.67262268066406,32.939998626708984,29.639500045776366,-1.0694179209883217
2020-06-19,27.804121017456055,184.03529357910156,35.119998931884766,29.91899995803833,-1.0678048245438794
2020-06-22,27.743587493896484,186.67807006835938,31.770000457763672,30.09949998855591,-1.1326409671123367
2020-06-23,27.538959503173828,189.56019592285156,31.3700008392334,30.267500019073488,-1.2228394146599624
2020-06-24,26.09807014465332,183.2788543701172,33.84000015258789,30.57849998474121,-1.2915711372942043
2020-06-25,26.950668334960938,185.73971557617188,32.220001220703125,30.760000038146973,-1.2241346250898466
2020-06-26,25.313676834106445,181.22975158691406,34.72999954223633,31.121000003814697,-1.3581930077831164
2020-06-29,26.243011474609375,183.2501678466797,31.780000686645508,31.298500061035156,-1.2705795339522468
2020-06-30,26.890987396240234,184.964111328125,30.43000030517578,31.47800006866455,-1.2159962031112084
2020-07-01,25.893449783325195,185.54818725585938,28.6200008392334,31.626000118255615,-1.3687082825067594
2020-07-02,25.84229278564453,187.35789489746094,27.68000030517578,31.719500160217287,-1.4144711028449912
2020-07-06,26.09807014465332,189.35910034179688,27.940000534057617,31.890500164031984,-1.4211571675706733
2020-07-07,25.168737411499023,185.95033264160156,29.43000030517578,32.07150020599365,-1.4791809532033344
2020-07-08,25.228424072265625,186.78334045410156,28.079999923706055,32.097000217437746,-1.488541991511359
2020-07-09,24.230878829956055,184.0448455810547,29.260000228881836,32.18150024414062,-1.5704424228773555
2020-07-10,25.37335777282715,184.37046813964844,27.290000915527344,31.506500244140625,-1.4167381922759719
2020-07-13,25.671770095825195,180.99038696289062,32.189998626708984,31.31150016784668,-1.3027399809806797
2020-07-14,25.254003524780273,185.11732482910156,29.520000457763672,31.067500114440918,-1.4494380876467678
2020-07-15,26.592578887939453,188.20050048828125,27.760000228881836,30.772000217437743,-1.326931423295024
2020-07-16,26.5073184967041,185.28005981445312,28.0,30.49850015640259,-1.276677626959036
2020-07-17,25.791133880615234,186.8025360107422,25.68000030517578,30.13550024032593,-1.4098284044762883
2020-07-20,25.42451286315918,190.03897094726562,24.459999084472656,29.602500247955323,-1.5303559695116693
2020-07-21,26.72047233581543,188.13348388671875,24.84000015258789,29.256000232696532,-1.307520009975178
2020-07-22,26.515844345092773,190.41241455078125,24.31999969482422,28.903500175476076,-1.3848627818521613
2020-07-23,27.07002830505371,189.04310607910156,26.079999923706055,28.515500164031984,-1.2777553433446163
2020-07-24,26.950668334960938,186.8599853515625,25.84000015258789,28.19650011062622,-1.2480105198657745
2020-07-27,26.345327377319336,188.54519653320312,24.739999771118164,27.697000122070314,-1.369043867507572
2020-07-28,26.225961685180664,188.38250732421875,25.440000534057617,27.380000114440918,-1.3823605571951414
2020-07-29,27.155298233032227,190.14427185058594,24.100000381469727,27.063500118255615,-1.289234266582209
2020-07-30,26.686359405517578,185.81626892089844,24.760000228881836,26.870500087738037,-1.2629306889953407
2020-07-31,26.490264892578125,182.311767578125,24.459999084472656,26.70950002670288,-1.2158134233364288
2020-08-03,26.422061920166016,182.5894317626953,24.280000686645508,26.526500034332276,-1.2313212055297842
2020-08-04,26.30269432067871,184.12144470214844,23.760000228881836,26.243000030517578,-1.2807567225832912
2020-08-05,26.873937606811523,187.76959228515625,22.989999771118164,25.988500022888182,-1.2781857525729379
2020-08-06,26.711942672729492,190.32623291015625,22.649999618530273,25.657999992370605,-1.355452614686779
2020-08-07,27.78622055053711,188.0186004638672,22.209999084472656,25.403999900817873,-1.1552165556034064
2020-08-10,28.28925323486328,188.43032836914062,22.1299991607666,24.90099992752075,-1.0932600728128805
2020-08-11,28.851964950561523,189.36865234375,24.030000686645508,24.626499938964844,-1.0341352611130694
2020-08-12,28.570606231689453,190.29750061035156,22.280000686645508,24.352499961853027,-1.0934933439714554
2020-08-13,28.076101303100586,189.47280883789062,22.1299991607666,24.058999919891356,-1.1454493920471507
2020-08-14,28.38303565979004,188.5713348388672,22.049999237060547,23.877499866485596,-1.083078533259563
2020-08-17,27.905582427978516,191.24685668945312,21.350000381469727,23.72199993133545,-1.2072356966422966
2020-08-18,27.197921752929688,190.8440704345703,21.510000228881836,23.555499935150145,-1.2981555162634177
2020-08-19,27.28318214416504,192.74285888671875,22.540000915527344,23.466499996185302,-1.3266352172178613
2020-08-20,26.737524032592773,195.77317810058594,22.719999313354492,23.298499965667723,-1.4679443418542772
2020-08-21,26.549949645996094,195.75399780273438,22.540000915527344,23.133500003814696,-1.4939104166610007
2020-08-24,27.59864616394043,197.9404296875,22.3700008392334,23.01500005722046,-1.3930516842000489
2020-08-25,27.666847229003906,199.56109619140625,22.030000686645508,22.844500064849854,-1.4180025890226446
2020-08-26,27.129714965820312,201.6324462890625,23.270000457763672,22.803000068664552,-1.5376747395041983
2020-08-27,27.632749557495117,202.3708953857422,24.469999313354492,22.788500022888183,-1.4826812762563384
2020-08-28,27.666847229003906,206.8588409423828,22.959999084472656,22.713500022888184,-1.5735367198217556
2020-08-31,27.18939971923828,203.29150390625,26.40999984741211,22.819999980926514,-1.5646413395239056
2020-09-01,27.232025146484375,204.5957489013672,26.1200008392334,22.938000011444093,-1.5864446634866272
2020-09-02,27.487810134887695,207.59727478027344,26.56999969482422,23.117000007629393,-1.6144491143463715
2020-09-03,27.496328353881836,200.38584899902344,33.599998474121094,23.664499950408935,-1.4595569199642617
2020-09-04,28.033475875854492,196.26229858398438,30.75,24.091499996185302,-1.2961448387113892
2020-09-08,26.83983039855957,191.90855407714844,31.459999084472656,24.557999992370604,-1.3711937308924034
2020-09-09,26.737524032592773,195.68685913085938,28.809999465942383,24.79699993133545,-1.4661046576249679
2020-09-10,26.294170379638672,193.27027893066406,29.709999084472656,25.168499851226805,-1.4769409901651032
2020-09-11,26.4476375579834,192.44557189941406,26.8700008392334,25.405499935150146,-1.4377852760030532
2020-09-14,27.035930633544922,196.56910705566406,25.850000381469727,25.595499992370605,-1.442948692285773
2020-09-15,26.558473587036133,196.96231079101562,25.59000015258789,25.807499980926515,-1.5184641914322545
2020-09-16,26.797204971313477,196.7129364013672,26.040000915527344,26.03400001525879,-1.4795813183563218
2020-09-17,26.711942672729492,196.84722900390625,26.459999084472656,26.229999923706053,-1.4944321890614625
2020-09-18,26.46468734741211,194.29637145996094,25.829999923706055,26.385499954223633,-1.47483330853012
2020-09-21,25.278215408325195,189.34808349609375,27.780000686645508,26.64749994277954,-1.5362022441469496
2020-09-22,24.830812454223633,192.33056640625,26.860000610351562,26.87199993133545,-1.6626761816781315
2020-09-23,24.27155876159668,187.35345458984375,28.579999923706055,27.199499893188477,-1.6352375710232474
2020-09-24,24.314579010009766,187.49734497070312,28.510000228881836,27.461499881744384,-1.6322551710341808
2020-09-25,24.598508834838867,189.1562957763672,26.3799991607666,27.55699987411499,-1.6276883677620257
2020-09-28,25.46749496459961,192.100341796875,26.190000534057617,27.71849994659424,-1.5682454843704166
2020-09-29,25.11473846435547,191.25648498535156,26.270000457763672,27.711499977111817,-1.5998618112591116
2020-09-30,25.33843994140625,191.76470947265625,26.3700008392334,27.723999977111816,-1.5792387195230402
2020-10-01,25.587953567504883,195.00601196289062,26.700000762939453,27.73050003051758,-1.6132352575059712
2020-10-02,26.28486442565918,193.19357299804688,27.6299991607666,27.432000064849852,-1.4766146963597773
2020-10-05,27.23129653930664,195.188232421875,27.959999084472656,27.292500019073486,-1.3860481988394961
2020-10-06,27.19687843322754,192.22499084472656,29.479999542236328,27.19350004196167,-1.327733262783975
2020-10-07,27.928205490112305,194.16213989257812,28.059999465942383,27.15600004196167,-1.2661870162045852
2020-10-08,28.3756103515625,194.6511688232422,26.360000610351562,26.988500118255615,-1.2136998564992476
2020-10-09,28.177722930908203,198.16099548339844,25.0,26.895000076293947,-1.3163284664382318
2020-10-12,28.564895629882812,197.93084716796875,25.06999969482422,26.85600004196167,-1.2569830001858129
2020-10-13,27.747522354125977,195.9362030029297,26.06999969482422,26.880000019073485,-1.3294028439651948
2020-10-14,27.351747512817383,193.9031524658203,26.399999618530273,26.897999954223632,-1.3417231396437455
2020-10-15,27.90239715576172,191.36192321777344,26.969999313354492,26.923499965667723,-1.2101359484549696
2020-10-16,27.96262550354004,192.04281616210938,27.40999984741211,27.002499961853026,-1.2161788522442074
2020-10-19,27.704511642456055,188.8877716064453,29.18000030517578,27.07249994277954,-1.185229977761749
2020-10-20,28.186323165893555,189.5878448486328,29.350000381469727,27.196999931335448,-1.1324028023563386
2020-10-21,28.22073745727539,190.28787231445312,28.649999618530273,27.20049991607666,-1.142483230734755
2020-10-22,29.382266998291016,189.86595153808594,28.110000610351562,27.180499935150145,-0.9701681789947745
2020-10-23,29.76084327697754,189.88511657714844,27.549999237060547,27.238999938964845,-0.9173449796269867
2020-10-26,29.141355514526367,185.14784240722656,32.459999084472656,27.552499866485597,-0.903487459804762
2020-10-27,28.117494583129883,182.2613525390625,33.349998474121094,27.906499767303465,-0.9859339809110583
2020-10-28,27.532426834106445,173.4484100341797,40.279998779296875,28.60199966430664,-0.8803734492012922
2020-10-29,28.117494583129883,177.28427124023438,37.59000015258789,29.146499633789062,-0.879859290695817
2020-10-30,28.521883010864258,174.2539825439453,38.02000045776367,29.665999698638917,-0.7584147639538842
2020-11-02,29.253211975097656,177.15960693359375,37.130001068115234,30.124499797821045,-0.7175090054192441
2020-11-03,30.079177856445312,180.61190795898438,35.54999923706055,30.427999782562257,-0.6749474550689273
2020-11-04,28.46164894104004,186.01087951660156,29.56999969482422,30.50349979400635,-1.01745467429626
2020-11-05,29.476905822753906,189.53030395507812,27.579999923706055,30.56449975967407,-0.9497074697244964
2020-11-06,28.969280242919922,190.3262481689453,24.860000610351562,30.55749979019165,-1.0380484286673983
2020-11-09,32.8840446472168,203.95318603515625,25.75,30.59149980545044,-0.7780188073675225
2020-11-10,33.340049743652344,204.55734252929688,24.799999237060547,30.527999782562254,-0.7267760386885677
2020-11-11,32.522674560546875,203.9723358154297,23.450000762939453,30.380499839782715,-0.8292392315287856
2020-11-12,31.868789672851562,200.01544189453125,25.350000381469727,30.299499893188475,-0.8368502508801344
2020-11-13,32.63452911376953,202.14755249023438,23.100000381469727,30.083999919891358,-0.7746204180380035
2020-11-16,33.98534393310547,204.27967834472656,22.450000762939453,29.74749994277954,-0.6301233900403077
2020-11-17,33.873497009277344,202.36846923828125,22.709999084472656,29.415499877929687,-0.6051173078738584
2020-11-18,33.28843307495117,199.60247802734375,23.84000015258789,29.174999904632568,-0.6284326729212809
2020-11-19,33.4347038269043,199.35275268554688,23.110000610351562,28.924999904632568,-0.6025432209269734
2020-11-20,33.11635208129883,195.8088836669922,23.700000762939453,28.732499980926512,-0.5717775309810241
2020-11-23,33.701416015625,199.91941833496094,22.65999984741211,28.242500019073486,-0.5771179226155552
2020-11-24,35.336151123046875,201.37924194335938,21.639999389648438,27.657000064849854,-0.3783702995103587
2020-11-25,34.81991958618164,202.5413360595703,21.25,26.70550012588501,-0.4757249603687142
2020-11-27,34.38112258911133,202.64700317382812,20.84000015258789,25.86800012588501,-0.5396763037436251
2020-11-30,33.22819900512695,202.02273559570312,20.56999969482422,24.995500087738037,-0.6884842459231768
2020-12-01,33.976741790771484,202.839111328125,20.770000457763672,24.17750005722046,-0.6006306670836427
2020-12-02,34.57040023803711,201.85943603515625,21.170000076293945,23.458500099182128,-0.4962768237168854
2020-12-03,34.72527313232422,199.8137664794922,21.280000686645508,23.044000148773193,-0.4309015296252715
2020-12-04,35.39638900756836,204.260498046875,20.790000915527344,22.704500198364258,-0.43130738733592944
2020-12-07,35.275917053222656,204.23162841796875,21.299999237060547,22.526500129699706,-0.44763167583098146
2020-12-08,35.23290252685547,204.34689331054688,20.68000030517578,22.273000144958495,-0.45613655159435607
2020-12-09,35.404991149902344,201.28323364257812,22.270000457763672,22.146500205993654,-0.3666445055799893
2020-12-10,35.55125045776367,199.39117431640625,22.520000457763672,22.100000190734864,-0.3057542068509531
2020-12-11,35.13826370239258,198.075439453125,23.309999465942383,21.998000144958496,-0.33578255512951377
2020-12-14,34.9833984375,199.0454864501953,24.719999313354492,22.079000091552736,-0.37823243126940465
2020-12-15,35.73193359375,200.11148071289062,22.889999389648438,22.101000022888183,-0.2956999524771926
2020-12-16,35.80076599121094,200.0250701904297,22.5,22.09050006866455,-0.28417978521125087
2020-12-17,35.706119537353516,202.81985473632812,21.93000030517578,21.995000076293945,-0.35705224247947237
2020-12-18,35.1468620300293,202.94471740722656,21.56999969482422,21.91800003051758,-0.43835066069054773
2020-12-21,35.41469192504883,200.7357940673828,25.15999984741211,21.99099998474121,-0.3536131015077992
2020-12-22,35.1286735534668,197.6912384033203,24.229999542236328,22.069499969482422,-0.32894269247358077
2020-12-23,36.14274215698242,197.17263793945312,23.309999465942383,22.15299997329712,-0.1753016427816253
2020-12-24,35.934730529785156,200.4380340576172,21.530000686645508,22.167000007629394,-0.2741443610335353
2020-12-28,36.13407516479492,204.21243286132812,21.700000762939453,22.210000038146973,-0.3265568512466743
2020-12-29,35.57070541381836,205.88360595703125,23.079999923706055,22.335500049591065,-0.44138943387134894
2020-12-30,36.01273727416992,209.7156524658203,22.770000457763672,22.435500049591063,-0.46090626789790634
2020-12-31,36.24675750732422,210.0709991455078,22.75,22.514500045776366,-0.435574026518909
2021-01-04,35.89138412475586,209.1393585205078,26.969999313354492,22.798999977111816,-0.4656874096489941
2021-01-05,36.33341979980469,206.0180206298828,25.34000015258789,23.026499938964843,-0.33700880111346276
2021-01-06,38.838279724121094,204.2028350830078,25.06999969482422,23.214999961853028,0.05388623574886224
2021-01-07,39.63567352294922,205.34576416015625,22.3700008392334,23.299499988555908,0.14164905103272124
2021-01-08,39.19364929199219,206.9208221435547,21.559999465942383,23.263999938964844,0.0459273425742904
2021-01-11,39.67900466918945,204.46212768554688,24.079999923706055,23.34199991226196,0.16657446567873563
2021-01-12,40.25971984863281,200.59170532226562,23.329999923706055,23.342999935150146,0.3307177761567522
2021-01-13,39.99971389770508,201.06228637695312,22.209999084472656,23.217499923706054,0.28412898795059666
2021-01-14,40.78843307495117,193.86880493164062,23.25,23.235499954223634,0.5483428933010153
2021-01-15,39.904361724853516,193.60952758789062,24.34000015258789,23.32749996185303,0.4295593948651662
2021-01-19,40.13838195800781,193.67672729492188,23.239999771118164,23.392999935150147,0.46103280594299234
2021-01-20,39.835025787353516,197.85450744628906,21.579999923706055,23.39349994659424,0.32933837684659273
2021-01-21,39.115638732910156,197.0189666748047,21.31999969482422,23.201499938964844,0.2459928463081723
2021-01-22,39.38431167602539,194.0225067138672,21.90999984741211,23.085499954223632,0.34763342288901694
2021-01-25,39.158966064453125,193.0236358642578,23.190000534057617,23.079500007629395,0.3372361133820373
2021-01-26,38.61293411254883,194.0128936767578,23.020000457763672,23.153999996185302,0.23937480865084262
2021-01-27,37.364837646484375,187.2515869140625,37.209999084472656,23.929499912261964,0.20798103889400046
2021-01-28,38.0148811340332,190.37289428710938,30.209999084472656,24.285999870300294,0.2328604650957701
2021-01-29,37.03547668457031,185.59967041015625,33.09000015258789,24.801999855041505,0.19687623842416216
2021-02-01,37.6942024230957,190.50738525390625,30.239999771118164,25.176499843597412,0.1849034362560194
2021-02-02,38.50025177001953,194.589111328125,25.559999465942383,25.105999851226805,0.21124981734326695
2021-02-03,38.812278747558594,193.38858032226562,22.90999984741211,24.984499835968016,0.28071044138624235
2021-02-04,39.96502685546875,200.96629333496094,21.770000457763672,24.81949987411499,0.2812975028568648
2021-02-05,39.904361724853516,200.5052490234375,20.8700008392334,24.74449987411499,0.2825934380787143
2021-02-08,40.667083740234375,198.69967651367188,21.239999771118164,24.72849988937378,0.42832137186021313
2021-02-09,41.05711364746094,198.34432983398438,21.6299991607666,24.605999851226805,0.4907368968776846
2021-02-10,41.083126068115234,198.26754760742188,21.989999771118164,24.538999843597413,0.49603093767503126
2021-02-11,40.81442642211914,202.6345672607422,21.25,24.49099988937378,0.3651763753292407
2021-02-12,41.1437873840332,201.96127319335938,19.969999313354492,24.326999855041503,0.4258375274489435
2021-02-16,42.09719467163086,199.9796600341797,21.459999084472656,24.18299980163574,0.6021296297832545
2021-02-17,42.05385971069336,199.6045379638672,21.5,24.095999813079835,0.6040311333770165
2021-02-18,41.60315704345703,201.37442016601562,22.489999771118164,24.14149980545044,0.5029369325227653
2021-02-19,42.807918548583984,196.9304656982422,22.049999237060547,24.177999782562257,0.7670509503194409
2021-02-22,43.56197738647461,200.38369750976562,23.450000762939453,24.254999828338622,0.7994818050138227
2021-02-23,43.986671447753906,204.02932739257812,23.110000610351562,24.25099983215332,0.7815001294447309
2021-02-24,45.26077651977539,211.07040405273438,21.34000015258789,24.16699981689453,0.8105883402611639
2021-02-25,44.021339416503906,205.60687255859375,28.889999389648438,23.75099983215332,0.7527531609595582
2021-02-26,43.102596282958984,204.2986297607422,27.950000762939453,23.63799991607666,0.6514506710092854
2021-03-01,44.619384765625,208.37710571289062,23.350000381469727,23.15099992752075,0.777803437357908
2021-03-02,44.784061431884766,207.5498809814453,24.100000381469727,22.84399995803833,0.8185889777953782
2021-03-03,44.80139923095703,206.6649169921875,26.670000076293945,22.89949998855591,0.8398877575519336
2021-03-04,44.1860237121582,203.44253540039062,28.56999969482422,23.182499980926515,0.8220371560533072
2021-03-05,45.24343490600586,207.20359802246094,24.65999984741211,23.326999950408936,0.8905617384942537
2021-03-08,46.283512115478516,211.87841796875,25.469999313354492,23.55699987411499,0.9371744158806976
2021-03-09,45.57279586791992,211.9650421142578,24.030000686645508,23.69649991989136,0.8353943292497545
2021-03-10,46.63019561767578,214.66793823242188,22.559999465942383,23.742999935150145,0.9264696132893377
2021-03-11,46.89022445678711,217.53440856933594,21.90999984741211,23.738999938964845,0.9019402795375767
2021-03-12,47.7222900390625,215.8126220703125,20.690000534057617,23.710999965667725,1.0556329205099495
2021-03-15,47.3669319152832,214.76416015625,20.030000686645508,23.714000034332276,1.0280114517833396
2021-03-16,46.73420715332031,216.1396484375,19.790000915527344,23.63050012588501,0.9097286735290012
2021-03-17,47.054908752441406,214.52365112304688,19.229999542236328,23.517000102996825,0.9892637167179461
2021-03-18,47.184906005859375,212.2535400390625,21.579999923706055,23.47150011062622,1.0559246830713285
2021-03-19,46.72554397583008,199.01779174804688,20.950000762939453,23.416500186920167,1.2734223327860172
2021-03-22,45.34792709350586,200.07591247558594,18.8799991607666,23.188000106811522,1.0571641197024728
2021-03-23,43.952884674072266,200.22015380859375,20.299999237060547,23.04750003814697,0.8579328727549037
2021-03-24,43.74363327026367,200.14320373535156,21.200000762939453,23.04050006866455,0.8301500157376291
2021-03-25,44.98173522949219,200.04702758789062,19.809999465942383,22.586500072479247,1.0062894499268844
2021-03-26,45.836204528808594,205.39523315429688,18.860000610351562,22.132000064849855,1.0124521581150372
2021-03-29,44.650413513183594,206.337890625,20.739999771118164,22.001500034332274,0.8256274291834705
2021-03-30,45.626949310302734,203.8273162841797,19.610000610351562,21.77700004577637,1.0164451878016774
2021-03-31,45.234588623046875,203.66380310058594,19.399999618530273,21.413500022888183,0.9647601996007045
2021-04-01,45.57463073730469,208.59829711914062,17.329999923706055,20.851500034332275,0.9074065194993174
2021-04-05,45.67053985595703,210.6953125,17.90999984741211,20.514000034332277,0.8761994002979911
2021-04-06,45.504878997802734,210.3201904296875,18.1200008392334,20.14650011062622,0.8609006445557533
2021-04-07,45.34792709350586,210.9165496826172,17.15999984741211,19.803000068664552,0.8261216342718224
2021-04-08,45.41767883300781,212.2920379638672,16.950000762939453,19.522500133514406,0.8066141626169291
2021-04-09,45.88852310180664,214.04269409179688,16.690000534057617,19.26150016784668,0.8355085471003635
2021-04-12,46.16752624511719,213.03269958496094,16.90999984741211,19.072500133514403,0.896264851953192
2021-04-13,45.37409591674805,212.59986877441406,16.649999618530273,18.903500080108643,0.7939252793979783
2021-04-14,45.853641510009766,213.5232696533203,16.989999771118164,18.763500022888184,0.8416741428838234
2021-04-15,45.705413818359375,217.65948486328125,16.56999969482422,18.630500030517577,0.7326782063522262
2021-04-16,46.06289291381836,217.78453063964844,16.25,18.364000034332275,0.7802783312757029
2021-04-19,45.88852310180664,217.1881103515625,17.290000915527344,18.18100004196167,0.7684714554154876
2021-04-20,44.258052825927734,214.77377319335938,18.68000030517578,18.17100009918213,0.5906667045299976
2021-04-21,45.225868225097656,218.78488159179688,17.5,18.0310001373291,0.6412640783322912
2021-04-22,44.650413513183594,218.9003448486328,18.709999084472656,17.90650005340576,0.5578884954375508
2021-04-23,46.237274169921875,221.23776245117188,17.329999923706055,17.782500076293946,0.7312006504525983
2021-04-26,46.49885559082031,221.56478881835938,17.639999389648438,17.72150001525879,0.7610118541342907
2021-04-27,46.90864944458008,221.15121459960938,17.559999465942383,17.5625,0.827447372058347
2021-04-28,46.88249588012695,224.5563507080078,17.280000686645508,17.446000003814696,0.7511975115501021
2021-04-29,47.440513610839844,227.83642578125,17.610000610351562,17.35650005340576,0.7597534276657357
2021-04-30,46.76042556762695,224.66212463378906,18.610000610351562,17.420500087738038,0.731778869510718
2021-05-03,47.0394401550293,223.7483367919922,18.309999465942383,17.44050006866455,0.7904863665015798
2021-05-04,47.62361526489258,223.1903839111328,19.479999542236328,17.508500003814696,0.8845187430752058
2021-05-05,47.789276123046875,220.47784423828125,19.149999618530273,17.607999992370605,0.9656236898822138
2021-05-06,47.824153900146484,222.50747680664062,18.389999389648438,17.679999923706056,0.9272710512213215
2021-05-07,47.89391326904297,223.27699279785156,16.690000534057617,17.679999923706056,0.9206795153025049
2021-05-10,47.423072814941406,217.36126708984375,19.65999984741211,17.817499923706055,0.9805542524260914
2021-05-11,46.987125396728516,216.88992309570312,21.84000015258789,18.076999950408936,0.9293012127109506
2021-05-12,45.80132293701172,212.2246856689453,27.59000015258789,18.606999969482423,0.8619938614143204
2021-05-13,47.29228591918945,215.5288543701172,23.1299991607666,18.93499994277954,1.0012178246249226
2021-05-14,48.085723876953125,218.6114044189453,18.809999465942383,19.06299991607666,1.0470859852784973
2021-05-17,48.32985305786133,218.12979125976562,19.719999313354492,19.18449983596802,1.0916774620714056
2021-05-18,47.52769470214844,217.2917022705078,21.34000015258789,19.317499828338622,0.9967477579818225
2021-05-19,47.283565521240234,216.34767150878906,22.18000030517578,19.551499843597412,0.982540502017726
2021-05-20,47.196380615234375,218.12979125976562,20.670000076293945,19.649499893188477,0.9322997635874916
2021-05-21,47.728240966796875,218.44766235351562,20.149999618530273,19.790499877929687,1.0003100436456895
2021-05-24,47.53643035888672,220.9040985107422,18.399999618530273,19.82849988937378,0.9209864167022506
2021-05-25,46.53372573852539,220.61508178710938,18.84000015258789,19.892499923706055,0.7861557040449217
2021-05-26,47.24869155883789,218.73666381835938,17.360000610351562,19.896499919891358,0.9267211616952504
2021-05-27,47.972373962402344,218.5343780517578,16.739999771118164,19.852999877929687,1.0327894743939394
2021-05-28,47.9374885559082,218.95822143554688,16.760000228881836,19.7604998588562,1.0188510160820026
2021-06-01,48.356021881103516,218.31277465820312,17.899999618530273,19.739999866485597,1.091457206107064
2021-06-02,47.92006301879883,221.2315673828125,17.479999542236328,19.639999866485596,0.9679498290538188
2021-06-03,48.01597213745117,219.73846435546875,18.040000915527344,19.58449993133545,1.0132575737097194
2021-06-04,47.99852752685547,221.69398498535156,16.420000076293945,19.485999965667723,0.9691273980234473
2021-06-07,48.11188507080078,222.8306884765625,16.420000076293945,19.472499942779542,0.960840475637297
2021-06-08,48.15548324584961,223.53387451171875,17.06999969482422,19.342999935150146,0.9519840768437494
2021-06-09,47.48411560058594,223.78433227539062,17.889999389648438,19.145499897003173,0.8522450767634026
2021-06-10,46.54244613647461,225.3641357421875,16.100000381469727,18.570999908447266,0.6861670523657448
2021-06-11,46.777870178222656,226.3370819091797,15.649999618530273,18.196999931335448,0.6985340143278269
2021-06-14,46.08905029296875,225.48936462402344,16.389999389648438,18.07599992752075,0.6197460507051947
2021-06-15,46.69939041137695,224.42971801757812,17.020000457763672,17.94099998474121,0.7281499048699178
2021-06-16,47.135345458984375,221.17376708984375,18.149999618530273,17.78149995803833,0.8588424734382067
2021-06-17,45.007877349853516,223.6302032470703,17.75,17.55999994277954,0.5073458090253321
2021-06-18,43.53436279296875,221.9540557861328,20.700000762939453,17.561499977111815,0.33587785734910436
2021-06-21,45.05186080932617,225.72056579589844,17.889999389648438,17.448499965667725,0.46897920589475023
2021-06-22,44.98177719116211,227.271484375,16.65999984741211,17.361499977111816,0.42607058657440383
2021-06-23,45.086917877197266,226.0673370361328,16.31999969482422,17.235499954223634,0.4665179774870391
2021-06-24,45.726505279541016,227.5701141357422,15.970000267028809,17.165999937057496,0.524422308487624
2021-06-25,46.31352233886719,228.61045837402344,15.619999885559082,17.10999994277954,0.5847903774297024
2021-06-28,45.227088928222656,225.4990234375,15.760000228881836,17.05999994277954,0.4983397033026311
2021-06-29,44.91167068481445,227.29075622558594,16.020000457763672,16.96599998474121,0.4158021683479766
2021-06-30,44.964256286621094,225.2389678955078,15.829999923706055,16.883500003814696,0.4669252409337251
2021-07-01,45.419857025146484,226.52008056640625,15.479999542236328,16.755499935150148,0.5036834365463394
2021-07-02,44.95549392700195,229.87240600585938,15.069999694824219,16.68799991607666,0.3669424142539567
2021-07-06,43.75514602661133,230.80685424804688,16.440000534057617,16.688999938964844,0.17824580022567113
2021-07-07,43.56241226196289,231.192138671875,16.200000762939453,16.645499992370606,0.1429340578416834
2021-07-08,42.782630920410156,227.92652893066406,19.0,16.701000022888184,0.10288763907874769
2021-07-09,44.4210319519043,229.71824645996094,16.18000030517578,16.705000019073488,0.2950771960122423
2021-07-12,44.66636276245117,229.14027404785156,16.170000076293945,16.73100004196167,0.34189130316159316
2021-07-13,43.67629623413086,233.4558868408203,17.1200008392334,16.767500114440917,0.11070087083200171
2021-07-14,43.51860046386719,236.96234130859375,16.329999923706055,16.733000087738038,0.013795484046529354
2021-07-15,43.94791030883789,239.4283447265625,17.010000228881836,16.676000118255615,0.021603776298160585
2021-07-16,42.84395980834961,239.01417541503906,18.450000762939453,16.711000156402587,-0.12479580117031351
2021-07-19,41.354496002197266,231.58705139160156,22.5,16.801000118255615,-0.175937945412729
2021-07-20,42.51978302001953,233.79302978515625,19.729999542236328,16.89300012588501,-0.059101996037339635
2021-07-21,43.40469741821289,234.71778869628906,17.90999984741211,16.95550012588501,0.04561688134230656
2021-07-22,42.51978302001953,235.18017578125,17.690000534057617,17.02400016784668,-0.0886657248543884
2021-07-23,42.75634765625,239.88113403320312,17.200000762939453,17.08550019264221,-0.1555921244772023
2021-07-26,43.11556625366211,241.06593322753906,17.579999923706055,17.18350019454956,-0.13033354003721512
2021-07-27,42.91404724121094,241.72096252441406,19.360000610351562,17.36350021362305,-0.17262954975285222
2021-07-28,43.50107955932617,237.87745666503906,18.309999465942383,17.478000164031982,-0.008171647113158494
2021-07-29,43.842777252197266,238.82144165039062,17.700000762939453,17.57150020599365,0.019755704839814432
2021-07-30,43.334598541259766,237.3476104736328,18.239999771118164,17.709500217437743,-0.020288147757540516
2021-08-02,43.05422592163086,230.98016357421875,19.459999084472656,17.929000186920167,0.07599566125075963
2021-08-03,43.746395111083984,228.38890075683594,18.040000915527344,18.00900020599365,0.22854828007569256
2021-08-04,43.29079818725586,227.98434448242188,17.969999313354492,18.097500133514405,0.17310889904559915
2021-08-05,44.114376068115234,231.39443969726562,17.280000686645508,18.01150016784668,0.21623418916302228
2021-08-06,45.411094665527344,232.54074096679688,16.149999618530273,18.010000133514403,0.3741352550249256
2021-08-09,45.15700149536133,231.192138671875,16.719999313354492,18.03750009536743,0.36714944454951415
2021-08-10,45.61260986328125,229.33294677734375,16.790000915527344,18.021000099182128,0.4708368609690853
2021-08-11,46.348575592041016,226.43341064453125,16.170000076293945,18.013000106811525,0.6361178315183242
2021-08-12,46.182106018066406,223.5878143310547,15.59000015258789,17.942000102996825,0.673357664628895
2021-08-13,45.82288360595703,224.41737365722656,15.449999809265137,17.79200005531311,0.6051672667729595
2021-08-16,45.59508514404297,227.03147888183594,16.1200008392334,17.47300009727478,0.5174230408535235
2021-08-17,44.92919921875,226.2308807373047,17.90999984741211,17.382000112533568,0.44085559134855123
2021-08-18,44.526180267333984,223.4335174560547,21.56999969482422,17.565000104904176,0.4438062148788214
2021-08-19,43.91286087036133,223.3756103515625,21.670000076293945,17.76400008201599,0.3588014522918326
2021-08-20,44.63130569458008,223.17303466796875,18.559999465942383,17.832000017166138,0.4641394872130102
2021-08-23,45.02558517456055,225.85467529296875,17.149999618530273,17.81050000190735,0.46242635964672757
2021-08-24,45.358516693115234,225.95111083984375,17.219999313354492,17.703499937057494,0.5071846060099282
2021-08-25,45.83164596557617,224.35948181152344,16.790000915527344,17.627500009536742,0.6076331706927244
2021-08-26,45.23585891723633,222.36273193359375,18.84000015258789,17.684499979019165,0.5664154716711571
2021-08-27,46.30476379394531,224.45596313476562,16.389999389648438,17.591999959945678,0.6721020555721628
2021-08-30,45.358516693115234,223.047607421875,16.190000534057617,17.428500032424928,0.5690658989018983
2021-08-31,45.6739387512207,220.99298095703125,16.479999542236328,17.350499963760377,0.6572069257987452
2021-09-01,45.33223342895508,221.97689819335938,16.110000610351562,17.25750002861023,0.5881898351183604
2021-09-02,45.36728286743164,216.2470703125,16.40999984741211,17.21399998664856,0.7152358402412753
2021-09-03,45.2008171081543,217.14414978027344,16.40999984741211,17.22699999809265,0.6727099470950397
2021-09-07,44.990535736083984,218.26312255859375,18.139999389648438,17.298000001907347,0.6192940053482466
2021-09-08,44.50864791870117,220.98336791992188,17.959999084472656,17.356499910354614,0.49356011872825073
2021-09-09,44.648834228515625,219.43997192382812,18.799999237060547,17.487999868392944,0.5461655600514276
2021-09-10,44.17571258544922,216.95126342773438,20.950000762939453,17.755999898910524,0.532680790443015
2021-09-13,44.78901672363281,216.6811981201172,19.3700008392334,17.951999950408936,0.6246733620283953
2021-09-14,43.83401107788086,215.1377716064453,19.459999084472656,18.118999862670897,0.5232843792347364
2021-09-15,44.464847564697266,215.8901824951172,18.18000030517578,18.13249988555908,0.5959505200537859
2021-09-16,44.2370491027832,216.39181518554688,18.690000534057617,17.988499927520753,0.5532286387972903
2021-09-17,44.263328552246094,213.90310668945312,20.809999465942383,17.945499897003174,0.6099647177550798
2021-09-20,43.247955322265625,212.2632598876953,25.709999084472656,18.302999877929686,0.5021424114619226
2021-09-21,43.09825134277344,212.37899780273438,24.360000610351562,18.663499927520753,0.47862583732202485
2021-09-22,43.793949127197266,214.8677215576172,20.8700008392334,18.846000003814698,0.5234067401244209
2021-09-23,45.2822151184082,220.23094177246094,18.6299991607666,18.93799991607666,0.618367676866089
2021-09-24,45.65209197998047,223.39491271972656,17.75,18.883499908447266,0.6029435666436889
2021-09-27,47.246036529541016,221.47528076171875,18.760000228881836,19.001999950408937,0.8679807091693724
2021-09-28,46.82332992553711,217.5782470703125,23.25,19.354999923706053,0.891599917601303
2021-09-29,47.21961975097656,218.6586151123047,22.559999465942383,19.658999919891357,0.9242967944069876
2021-09-30,46.59436798095703,214.8677215576172,23.139999389648438,20.0104998588562,0.917173976907685
2021-10-01,47.668739318847656,222.30487060546875,21.100000381469727,20.244999885559082,0.9097362588988982
2021-10-04,47.77442169189453,216.77761840820312,22.959999084472656,20.57249984741211,1.042396549061038
2021-10-05,48.0297966003418,216.3435516357422,21.299999237060547,20.730499839782716,1.087555950446619
2021-10-06,47.93292999267578,218.49462890625,21.0,20.88249988555908,1.028090411812202
2021-10-07,48.30279541015625,222.39169311523438,19.540000915527344,20.919499969482423,0.9970405472847669
2021-10-08,48.53175735473633,222.12158203125,18.770000457763672,20.810499954223634,1.0349916917381567
2021-10-11,48.0914421081543,217.14414978027344,20.0,20.84199991226196,1.0791610811096752
2021-10-12,48.0914421081543,216.12168884277344,19.850000381469727,20.861499977111816,1.1009524123519514
2021-10-13,47.9505500793457,214.5879669189453,18.639999389648438,20.884499931335448,1.1138292142603163
2021-10-14,48.593406677246094,217.2117156982422,16.860000610351562,20.792999935150146,1.148302373044863
2021-10-15,48.69027328491211,222.8161163330078,16.299999237060547,20.567499923706055,1.0424782837066107
2021-10-18,48.839988708496094,222.48814392089844,16.309999465942383,20.097499942779542,1.070519742226235
2021-10-19,48.96327209472656,225.256591796875,15.699999809265137,19.66449990272522,1.0288517300593487
2021-10-20,50.07286834716797,223.23089599609375,15.489999771118164,19.395499849319457,1.2280450988135305
2021-10-21,49.799869537353516,222.0926513671875,15.010000228881836,19.21449990272522,1.2139176890204653
2021-10-22,50.169742584228516,223.047607421875,15.430000305175781,19.098499917984007,1.245572958601295
2021-10-25,50.2578010559082,225.60382080078125,15.239999771118164,18.922499895095825,1.2034752421252455
2021-10-26,49.879127502441406,223.6167449951172,15.979999542236328,18.558999872207643,1.1925797181948357
2021-10-27,48.24996566772461,208.14431762695312,16.979999542236328,18.279999876022337,1.2932611873202118
2021-10-28,48.936851501464844,202.41455078125,16.530000686645508,17.949499940872194,1.5119606867099542
2021-10-29,48.73430252075195,204.2762451171875,16.260000228881836,17.707499933242797,1.4438026480015083
2021-11-01,50.169742584228516,204.94183349609375,16.40999984741211,17.379999971389772,1.6314546119181987
2021-11-02,49.98481369018555,201.73931884765625,16.030000686645508,17.116500043869017,1.6737057460520026
2021-11-03,50.979923248291016,200.73611450195312,15.100000381469727,16.821500062942505,1.8350091450918247
2021-11-04,50.22257995605469,201.3920440673828,15.4399995803833,16.616499996185304,1.7145394284739464
2021-11-05,50.68931579589844,209.00283813476562,16.479999542236328,16.501999950408937,1.6179611769471725
2021-11-08,50.72453308105469,212.68765258789062,17.219999313354492,16.36299991607666,1.5443799981235107
2021-11-09,50.46034622192383,205.83889770507812,17.780000686645508,16.259499931335448,1.6531976276648133
2021-11-10,50.46034622192383,208.29818725585938,18.729999542236328,16.263999938964844,1.6007837003877718
2021-11-11,50.777366638183594,203.33131408691406,17.65999984741211,16.30399990081787,1.7512171079305665
2021-11-12,50.58364486694336,204.945068359375,16.290000915527344,16.30349998474121,1.6895845189594085
2021-11-15,50.72453308105469,205.14801025390625,16.489999771118164,16.3125,1.7050696025106074
2021-11-16,50.68931579589844,207.9309844970703,16.3700008392334,16.346000051498415,1.6408051965136967
2021-11-17,50.18735122680664,198.15187072753906,17.110000610351562,16.427000093460084,1.7786425267897916
2021-11-18,49.97599792480469,196.48019409179688,17.59000015258789,16.556000089645387,1.7845519381522372
2021-11-19,49.623748779296875,194.0933837890625,17.90999984741211,16.680000066757202,1.785891346724451
2021-11-22,50.24899673461914,188.9912567138672,19.170000076293945,16.87650008201599,1.9825472825561152
2021-11-23,50.979923248291016,191.80322265625,19.3799991607666,17.046500062942506,2.0253925602637484
2021-11-24,50.830223083496094,196.4028778076172,18.579999923706055,17.12650008201599,1.9063124552901711
2021-11-26,48.48773956298828,190.9915313720703,28.6200008392334,17.731000089645384,1.6922655838234357
2021-11-29,48.505340576171875,189.67735290527344,22.959999084472656,18.066000032424927,1.7227490633274192
2021-11-30,47.263648986816406,187.24224853515625,27.190000534057617,18.605000066757203,1.6000531348949334
2021-12-01,46.68242263793945,183.75387573242188,31.1200008392334,19.359500074386595,1.5926732245022936
2021-12-02,48.28518295288086,191.60997009277344,27.950000762939453,20.002000093460083,1.6506035187715606
2021-12-03,47.0875244140625,189.7063446044922,30.670000076293945,20.763500118255614,1.5227718703995377
2021-12-06,48.27638244628906,195.85203552246094,27.18000030517578,21.29850015640259,1.5589565092201958
2021-12-07,48.46131134033203,200.38406372070312,21.889999389648438,21.532000160217287,1.4883699452500934
2021-12-08,48.37325668334961,201.94952392578125,19.899999618530273,21.638000106811525,1.4426244956801246
2021-12-09,47.95935821533203,204.26866149902344,21.579999923706055,21.78050012588501,1.3349992614891153
2021-12-10,48.06501770019531,206.2109375,18.690000534057617,21.832000160217284,1.3084610455587267
2021-12-13,46.92900466918945,203.9111328125,20.309999465942383,22.03300008773804,1.1977410000917939
2021-12-14,47.290077209472656,202.90614318847656,21.889999389648438,22.303000068664552,1.2699304256549127
2021-12-15,47.54545211791992,205.1576690673828,19.290000915527344,22.449000072479247,1.2578527856031394
2021-12-16,47.70396041870117,207.14828491210938,20.56999969482422,22.62200002670288,1.237715398943707
2021-12-17,46.59436798095703,204.74212646484375,21.56999969482422,22.821000003814696,1.1329770346081498
2021-12-20,45.725433349609375,201.70791625976562,22.8700008392334,23.069000053405762,1.075463028283699
2021-12-21,47.14409637451172,208.1242218017578,21.010000228881836,23.161000061035157,1.1381930659229393
2021-12-22,47.53422927856445,210.61729431152344,18.6299991607666,23.123500061035156,1.1399157702039406
2021-12-23,47.94209289550781,209.3224334716797,17.959999084472656,23.092500019073487,1.224862412621236
2021-12-27,48.55390167236328,210.29843139648438,17.68000030517578,22.545499992370605,1.290087837135934
2021-12-28,48.57163619995117,210.70425415039062,17.540000915527344,22.27450008392334,1.2839323411867438
2021-12-29,48.62483215332031,210.82022094726562,16.950000762939453,21.762500095367432,1.2889406732940858
2021-12-30,48.39430236816406,210.5303497314453,17.329999923706055,21.073000049591066,1.2627037699247141
2021-12-31,48.37656784057617,209.40945434570312,17.219999313354492,20.536499977111816,1.2840993440139283
2022-01-03,49.334171295166016,213.9704132080078,16.600000381469727,19.832999992370606,1.3215420557703197
2022-01-04,50.66416931152344,214.96572875976562,16.90999984741211,19.319499969482422,1.4873404474693834
2022-01-05,50.282901763916016,212.5885772705078,19.729999542236328,19.211499977111817,1.4843937202670283
2022-01-06,51.99416732788086,212.34701538085938,19.610000610351562,19.19700002670288,1.7301632991344476
2022-01-07,52.56163787841797,209.65103149414062,18.760000228881836,19.05600004196167,1.8674139084856516
2022-01-10,52.56163787841797,204.82913208007812,19.399999618530273,19.091499996185302,1.9701812646701213
2022-01-11,52.871971130371094,207.15792846679688,18.40999984741211,18.99650001525879,1.9641844862936086
2022-01-12,53.01383590698242,208.44309997558594,17.6200008392334,18.78300008773804,1.9567417255053625
2022-01-13,53.23550033569336,207.75704956054688,20.309999465942383,18.834000015258788,2.002531526261016
2022-01-14,53.56357192993164,207.4381561279297,19.190000534057617,18.76500005722046,2.0554581707754105
2022-01-18,52.50843811035156,208.44309997558594,22.790000915527344,18.826000118255614,1.885677679643616
2022-01-19,51.045433044433594,207.44776916503906,23.850000381469727,18.875000095367433,1.7011774756789155
2022-01-20,49.86616516113281,207.12893676757812,25.59000015258789,19.104000091552734,1.5421556314849296
2022-01-21,48.87310028076172,198.99261474609375,28.850000381469727,19.61500015258789,1.575927075021935
2022-01-24,49.38736343383789,195.05001831054688,29.899999618530273,20.212000179290772,1.7322647772318047
2022-01-25,49.493770599365234,195.1949920654297,31.15999984741211,20.886000156402588,1.7441369298226064
2022-01-26,49.165706634521484,198.9346160888672,31.959999084472656,21.607000064849853,1.6183065940318584
2022-01-27,48.1282958984375,199.20516967773438,30.489999771118164,22.28400001525879,1.4666699354013744
2022-01-28,48.39430236816406,220.31910705566406,27.65999984741211,22.800500011444093,1.0540796108210322
2022-01-31,48.79329299926758,218.5507354736328,24.829999923706055,23.18100004196167,1.1478703806768165
2022-02-01,49.53810119628906,224.53221130371094,21.959999084472656,23.448999977111818,1.125116973321642
2022-02-02,49.413970947265625,227.4891357421875,22.09000015258789,23.707999992370606,1.0446431685429598
2022-02-03,49.103633880615234,223.7398223876953,24.350000381469727,23.939000034332274,1.0809143625103022
2022-02-04,49.9814338684082,220.6959686279297,23.219999313354492,24.119499969482423,1.269214453659423
2022-02-07,50.27402877807617,219.5073699951172,22.860000610351562,24.324499988555907,1.3356884220205958
2022-02-08,51.55970764160156,220.2611083984375,21.440000534057617,24.426500034332275,1.5004037365160277
2022-02-09,51.213905334472656,223.09239196777344,19.959999084472656,24.503999996185303,1.391438333901555
2022-02-10,51.116363525390625,218.3449249267578,23.90999984741211,24.818499946594237,1.478903974810182
2022-02-11,50.79716873168945,217.4738311767578,27.360000610351562,25.171000003814697,1.4525872543554919
2022-02-14,50.35383224487305,218.10296630859375,28.329999923706055,25.62799997329712,1.3768411328068622
2022-02-15,51.604026794433594,220.50332641601562,25.700000762939453,25.773499965667725,1.5014731551130427
2022-02-16,51.73702621459961,221.47119140625,24.290000915527344,25.795499992370605,1.4995464717730072
2022-02-17,50.11444091796875,217.3964080810547,28.110000610351562,25.92150001525879,1.3582389029111042
2022-02-18,50.11444091796875,215.5380859375,27.75,25.866499996185304,1.397844634435742
2022-02-22,49.73316192626953,214.21205139160156,28.809999465942383,25.811999988555907,1.3724942319972468
2022-02-23,48.91743087768555,209.01454162597656,31.020000457763672,25.805000019073486,1.3685667901876448
2022-02-24,48.110565185546875,210.32119750976562,30.31999969482422,25.723000049591064,1.22726503388119
2022-02-25,50.16763687133789,212.2279052734375,27.59000015258789,25.57800006866455,1.4758731783359385
2022-02-28,50.20309829711914,209.17906188964844,30.149999618530273,25.70250005722046,1.5458382834923616
2022-03-01,47.684967041015625,202.25869750976562,33.31999969482422,26.127000045776366,1.3392547029965727
2022-03-02,49.67997360229492,201.7844696044922,30.739999771118164,26.566000080108644,1.6298798627351387
2022-03-03,49.34303283691406,200.5745849609375,30.479999542236328,26.985500049591064,1.6082884038633662
2022-03-04,47.53422927856445,193.8574676513672,31.979999542236328,27.367000007629393,1.4971117479863016
2022-03-07,45.530364990234375,184.575439453125,36.45000076293945,28.028500080108643,1.413172574791411
2022-03-08,45.77863693237305,185.5530548095703,35.130001068115234,28.642000102996825,1.4272465688899938
2022-03-09,47.3746337890625,193.34446716308594,32.45000076293945,29.192500114440918,1.4856043961225915
2022-03-10,47.20616149902344,191.61199951171875,30.229999542236328,29.706000137329102,1.498838928209306
2022-03-11,47.1529655456543,190.3924560546875,30.75,30.048000144958497,1.5173507166960176
2022-03-14,47.3746337890625,193.8961944580078,31.770000457763672,30.268500137329102,1.4738456366452428
2022-03-15,47.516502380371094,199.5196075439453,29.829999923706055,30.3435001373291,1.373944076389273
2022-03-16,48.97949981689453,205.0655517578125,26.670000076293945,30.392000102996825,1.461457669662248
2022-03-17,48.465240478515625,206.59478759765625,25.670000076293945,30.461000061035158,1.3565555643069336
2022-03-18,48.40316390991211,212.0730743408203,23.8700008392334,30.249000072479248,1.231070274215622
2022-03-21,48.131011962890625,210.06951904296875,23.530000686645508,30.038000106811523,1.23550398768012
2022-03-22,48.960853576660156,211.45359802246094,22.940000534057617,29.744500160217285,1.3226897556358064
2022-03-23,47.45286178588867,207.78529357910156,23.56999969482422,29.37200012207031,1.1888320597683573
2022-03-24,47.87224197387695,210.33082580566406,21.670000076293945,28.9395001411438,1.1935491736997437
2022-03-25,48.63070297241211,211.41485595703125,20.809999465942383,28.600500106811523,1.277092934172211
2022-03-28,48.247013092041016,213.6797332763672,19.6299991607666,28.07450008392334,1.1748717618703062
2022-03-29,49.0322380065918,220.79368591308594,18.899999618530273,27.353500080108642,1.1336652953877968
2022-03-30,47.684852600097656,216.7576141357422,19.329999923706055,26.78300008773804,1.0302285717820867
2022-03-31,46.71224594116211,214.64761352539062,20.559999465942383,26.28700008392334,0.9384398922406693
2022-04-01,46.29286575317383,219.09019470214844,19.6299991607666,25.669500064849853,0.7847877057355809
2022-04-04,46.06086730957031,220.4259033203125,18.56999969482422,24.77550001144409,0.7236989132343885
2022-04-05,45.48086166381836,218.82888793945312,21.030000686645508,24.070499992370607,0.6761808458818859
2022-04-06,44.70454788208008,211.9762420654297,22.100000381469727,23.55299997329712,0.7130711735911304
2022-04-07,44.151329040527344,209.2080841064453,21.549999237060547,23.11899995803833,0.6942797300234377
2022-04-08,44.187015533447266,210.01144409179688,21.15999984741211,22.639499950408936,0.6821758983440562
2022-04-11,44.311946868896484,207.8530731201172,24.3700008392334,22.26949996948242,0.745743069728514
2022-04-12,43.85686492919922,204.61068725585938,24.260000228881836,21.99099998474121,0.7508577115985797
2022-04-13,44.472557067871094,206.42063903808594,21.81999969482422,21.748499965667726,0.7988554264247658
2022-04-14,44.05316162109375,205.95602416992188,22.700000762939453,21.6,0.7497863460636618
2022-04-18,44.22271728515625,206.32383728027344,22.170000076293945,21.51499996185303,0.765788524096379
2022-04-19,45.57008743286133,208.77256774902344,21.3700008392334,21.40699996948242,0.9030535195220841
2022-04-20,45.9270133972168,210.79544067382812,20.31999969482422,21.27599992752075,0.9101281815525072
2022-04-21,45.12393569946289,209.4984893798828,22.68000030517578,21.23149995803833,0.824848771003939
2022-04-22,43.99070739746094,201.4844207763672,28.209999084472656,21.558499908447267,0.83630627690563
2022-04-25,44.06208801269531,203.20724487304688,27.020000457763672,21.86899995803833,0.8096252020848941
2022-04-26,42.750404357910156,194.64144897460938,33.52000045776367,22.563500022888185,0.8077488385308437
2022-04-27,42.741485595703125,207.23361206054688,31.600000381469727,23.198500061035155,0.5381226625644072
2022-04-28,43.357173919677734,213.5732421875,29.989999771118164,23.73150005340576,0.48958048423339645
2022-04-29,41.991943359375,206.28509521484375,33.400001525878906,24.37350015640259,0.45294482544468934
2022-05-02,42.58086013793945,204.7364959716797,32.34000015258789,25.00900020599365,0.5687572076182782
2022-05-03,43.276859283447266,201.86187744140625,29.25,25.54300022125244,0.727887412385582
2022-05-04,44.44578170776367,207.63043212890625,25.420000076293945,25.762500190734862,0.7693066677341424
2022-05-05,43.09839630126953,198.6485137939453,31.200000762939453,26.21750020980835,0.7712789398735667
2022-05-06,42.6254768371582,196.3061981201172,30.190000534057617,26.6495002746582,0.7547025826755303
2022-05-09,41.902713775634766,186.80160522460938,34.75,27.3290002822876,0.8556426482793542
2022-05-10,41.3494758605957,187.36297607421875,32.9900016784668,27.76000032424927,0.7658875085435027
2022-05-11,40.599945068359375,190.40213012695312,32.560001373291016,28.175000381469726,0.595723527750442
2022-05-12,40.599945068359375,188.09901428222656,31.770000457763672,28.6725004196167,0.644808982676948
2022-05-13,41.11748504638672,193.19981384277344,28.8700008392334,28.981000423431396,0.6088688904445415
2022-05-16,40.7248649597168,191.8227996826172,27.469999313354492,29.246000385284425,0.5830103248940476
2022-05-17,42.30424880981445,197.82542419433594,26.100000381469727,29.48250036239624,0.6771559679490835
2022-05-18,41.295936584472656,193.93679809570312,30.959999084472656,30.01450033187866,0.6182539105882345
2022-05-19,40.974708557128906,191.39610290527344,29.350000381469727,30.34800033569336,0.6272348939838547
2022-05-20,40.974708557128906,193.005859375,29.43000030517578,30.409000396728516,0.5929267505970008
2022-05-23,42.009796142578125,201.27769470214844,28.479999542236328,30.48200035095215,0.5621759798597716
2022-05-24,41.69749069213867,196.4969024658203,29.450000762939453,30.278500366210938,0.6201539264919854
2022-05-25,42.30424880981445,197.6702423095703,28.3700008392334,30.117000389099122,0.6804633019798555
2022-05-26,43.30363464355469,202.23773193359375,27.5,29.992500400543214,0.7236418514620767
2022-05-27,43.96394348144531,206.43666076660156,25.719999313354492,29.608500289916993,0.7269977428020896
2022-05-31,43.90147399902344,205.74813842773438,26.190000534057617,29.301000308990478,0.7328881228353178
2022-06-01,43.32147979736328,203.57594299316406,25.690000534057617,29.12300033569336,0.6976302640764976
2022-06-02,44.151329040527344,208.5409698486328,24.719999313354492,29.088000297546387,0.7084976891016418
2022-06-03,43.55347442626953,206.21365356445312,24.790000915527344,28.76750030517578,0.6740345087589192
2022-06-06,43.740867614746094,206.49484252929688,25.06999969482422,28.51150026321411,0.6943910116040424
2022-06-07,44.14239501953125,208.00759887695312,24.020000457763672,27.975000286102294,0.7186090132783498
2022-06-08,43.41071319580078,207.0379180908203,23.959999084472656,27.523500156402587,0.6363935901769011
2022-06-09,42.107933044433594,199.87158203125,26.09000015258789,27.200000095367432,0.605942980137971
2022-06-10,40.653480529785156,193.47132873535156,27.75,26.999000072479248,0.5378384624026147
2022-06-13,39.315032958984375,186.4407958984375,34.02000045776367,27.256500053405762,0.4994783283812899
2022-06-14,39.48456573486328,187.6626739501953,32.689998626708984,27.517500019073488,0.4972749183524559
2022-06-15,39.734405517578125,190.2227325439453,29.6200008392334,27.69350004196167,0.4778433401247448
2022-06-16,38.20856475830078,183.32791137695312,32.95000076293945,27.79300012588501,0.41024145444917715
2022-06-17,38.735015869140625,184.25885009765625,31.1299991607666,27.882000064849855,0.46442505725570776
2022-06-21,39.38712692260742,188.50628662109375,30.190000534057617,27.920000076293945,0.4655944306885288
2022-06-22,39.41407775878906,187.9535675048828,28.950000762939453,27.943500137329103,0.4811638888501545
2022-06-23,39.018863677978516,190.68820190429688,29.049999237060547,27.923500061035156,0.3673105386679922
2022-06-24,40.42009735107422,199.28970336914062,27.229999542236328,27.866499996185304,0.3810175617136433
2022-06-27,40.366207122802734,197.3987274169922,26.950000762939453,27.839000034332276,0.41374172019201594
2022-06-28,40.11469268798828,192.1234130859375,28.360000610351562,27.971000099182127,0.4908070651843884
2022-06-29,39.7823486328125,193.461669921875,28.15999984741211,28.069500064849855,0.4155543547725442
2022-06-30,39.41407775878906,190.93063354492188,28.709999084472656,28.220499992370605,0.4177147830415326
2022-07-01,40.07876968383789,193.1512908935547,26.700000762939453,28.319500064849855,0.46384914819816964
2022-07-05,40.22248458862305,194.4701385498047,27.540000915527344,28.457000064849854,0.45594880690101214
2022-07-06,39.91708755493164,195.03262329101562,26.729999542236328,28.54000005722046,0.4010188637782154
2022-07-07,40.40211868286133,196.6617889404297,26.079999923706055,28.643000030517577,0.434497345824003
2022-07-08,40.28535461425781,197.40847778320312,24.639999389648438,28.677000045776367,0.4021652331549505
2022-07-11,39.872169494628906,198.85336303710938,26.170000076293945,28.68100004196167,0.3132729188276187
2022-07-12,39.9350471496582,198.62060546875,27.290000915527344,28.65800008773804,0.3270748294159577
2022-07-13,39.33323287963867,197.97088623046875,26.81999969482422,28.298000049591064,0.2563008769346398
2022-07-14,38.72244644165039,199.67762756347656,26.399999618530273,27.98350009918213,0.13404297549540353
2022-07-15,40.10572052001953,203.6826171875,24.229999542236328,27.714000034332276,0.24318845205413375
2022-07-18,40.2584114074707,200.93826293945312,25.299999237060547,27.33149995803833,0.323147741954799
2022-07-19,41.51592254638672,207.19302368164062,24.5,27.0,0.36666113772110986
2022-07-20,42.02791976928711,206.91180419921875,23.8799991607666,26.68449993133545,0.44464665638139284
2022-07-21,42.189598083496094,209.646484375,23.110000610351562,26.392499923706055,0.40909703820992144
2022-07-22,41.767425537109375,207.2318115234375,23.030000686645508,26.091499996185302,0.40119833303418473
2022-07-25,42.38719177246094,207.7845916748047,23.360000610351562,25.898000049591065,0.4765625404048964
2022-07-26,41.983009338378906,206.0584716796875,24.690000534057617,25.785000038146972,0.4565185551257637
2022-07-27,42.86326217651367,204.09959411621094,23.239999771118164,25.528999996185302,0.6220398460635362
2022-07-28,43.03392791748047,204.9529571533203,22.329999923706055,25.2375,0.6278497664035287
2022-07-29,43.608795166015625,205.6899871826172,21.329999923706055,24.86850004196167,0.6929738723563085
2022-08-01,43.68962478637695,204.96266174316406,22.84000015258789,24.675500011444093,0.7198405528298989
2022-08-02,43.150699615478516,200.01699829101562,23.93000030517578,24.494999980926515,0.7494673120668925
2022-08-03,43.6986198425293,202.1698455810547,21.950000762939453,24.25600004196167,0.7806276051795188
2022-08-04,43.44710922241211,207.00877380371094,21.440000534057617,24.024000072479247,0.6421323813165427
2022-08-05,43.842323303222656,209.33615112304688,21.149999618530273,23.84950008392334,0.6481009507018245
2022-08-08,43.842323303222656,206.8633575439453,21.290000915527344,23.60550012588501,0.700802684332576
2022-08-09,43.9590950012207,203.8959503173828,21.770000457763672,23.329500102996825,0.7804652181332191
2022-08-10,45.081871032714844,205.68028259277344,19.739999771118164,22.975500106811523,0.9003100800721429
2022-08-11,45.69266891479492,205.05369567871094,20.200000762939453,22.665500164031982,0.9995486596238204
2022-08-12,46.37531661987305,205.29653930664062,19.530000686645508,22.43050022125244,1.0903602004504795
2022-08-15,46.54598617553711,210.24122619628906,19.950000762939453,22.163000297546386,1.0089737873292324
2022-08-16,46.99509811401367,210.940673828125,19.690000534057617,21.922500324249267,1.0572164035044074
2022-08-17,46.45615768432617,208.3954315185547,19.899999618530273,21.723500347137453,1.0356817305033912
2022-08-18,46.59988021850586,209.10464477539062,19.559999465942383,21.546000289916993,1.0407753741229786
2022-08-19,45.77350997924805,206.74400329589844,20.600000381469727,21.424500274658204,0.9748908314056025
2022-08-22,44.65072250366211,202.65420532226562,23.799999237060547,21.44650020599365,0.9041798967956356
2022-08-23,44.507015228271484,200.89584350585938,24.110000610351562,21.41750020980835,0.9214485133626282
2022-08-24,44.399227142333984,200.7695770263672,22.81999969482422,21.396500205993654,0.9089834881531883
2022-08-25,45.09983444213867,203.8296661376953,21.780000686645508,21.369000244140626,0.9422774203037549
2022-08-26,43.86029052734375,197.09751892089844,25.559999465942383,21.580500221252443,0.9114647592235912
2022-08-29,43.240516662597656,196.55349731445312,26.209999084472656,21.74900016784668,0.8359128114590211
2022-08-30,43.132728576660156,195.63063049316406,26.209999084472656,21.863000106811523,0.8404254342742088
2022-08-31,42.82733154296875,193.03684997558594,25.8700008392334,22.059000110626222,0.8527638035340145
2022-09-01,42.48601150512695,194.41632080078125,25.559999465942383,22.26500005722046,0.7753706006166703
2022-09-02,42.207557678222656,192.11398315429688,25.469999313354492,22.48100004196167,0.7852860435094636
2022-09-06,41.56084060668945,192.96885681152344,26.90999984741211,22.761999988555907,0.6761314715454545
2022-09-07,42.396183013916016,194.6980438232422,24.639999389648438,22.905499935150146,0.7567355470773143
2022-09-08,43.294410705566406,194.97975158691406,23.610000610351562,23.098999977111816,0.8770315191949112
2022-09-09,43.93214797973633,199.341552734375,22.790000915527344,23.228499984741212,0.8737423828954061
2022-09-12,44.41719436645508,200.73072814941406,23.8700008392334,23.445499992370607,0.9123378334544414
2022-09-13,42.9441032409668,193.9694061279297,27.270000457763672,23.811499977111815,0.849307862383149
2022-09-14,43.006980895996094,193.71685791015625,26.15999984741211,24.13499994277954,0.8635315637520102
2022-09-15,43.46506881713867,189.7921905517578,26.270000457763672,24.45349998474121,1.0115883439638633
2022-09-16,43.042911529541016,187.78128051757812,26.299999237060547,24.79049997329712,0.9950865369548428
2022-09-19,43.727108001708984,187.6161651611328,25.760000228881836,25.048499965667723,1.0948105288373364
2022-09-20,43.41075897216797,186.58642578125,27.15999984741211,25.216499996185302,1.0722751071759822
2022-09-21,42.85039520263672,181.6806182861328,27.989999771118164,25.41049995422363,1.0980379471933084
2022-09-22,41.865230560302734,180.48570251464844,27.350000381469727,25.636999988555907,0.9849806238495616
2022-09-23,41.11505126953125,178.7079620361328,29.920000076293945,26.04399995803833,0.9173861465692227
2022-09-26,40.59986114501953,175.43418884277344,32.2599983215332,26.37899990081787,0.9147179157563776
2022-09-27,40.19314193725586,172.79180908203125,32.599998474121094,26.698499870300292,0.9138451394232151
2022-09-28,40.91620635986328,174.0644073486328,30.18000030517578,26.89699993133545,0.9883929006402529
2022-09-29,40.23832702636719,174.9193115234375,31.84000015258789,27.195499897003174,0.8748559488088388
2022-09-30,40.030452728271484,172.5780792236328,31.6200008392334,27.498499965667726,0.8955245352004265
2022-10-03,41.078887939453125,176.46389770507812,30.100000381469727,27.730000019073486,0.9601281282019029
2022-10-04,42.94078063964844,180.34970092773438,29.06999969482422,27.83800001144409,1.1391124032108264
2022-10-05,42.606361389160156,182.31202697753906,28.549999237060547,28.033500003814698,1.0502673433323948
2022-10-06,42.145408630371094,180.2913818359375,30.520000457763672,28.378999996185303,1.0285179811232557
2022-10-07,41.178314208984375,178.58168029785156,31.360000610351562,28.807499980926515,0.9289729521195168
2022-10-10,40.97947311401367,176.97879028320312,32.45000076293945,29.236499977111816,0.9351756826627204
2022-10-11,40.74448013305664,174.0255584716797,33.630001068115234,29.554500007629393,0.9650744266568436
2022-10-12,40.63601303100586,173.1512908935547,33.56999969482422,29.925,0.9684557952650399
2022-10-13,42.34424591064453,179.38795471191406,31.940000534057617,30.2085000038147,1.07573092303378
2022-10-14,41.75676345825195,177.40618896484375,32.02000045776367,30.494500064849852,1.0353615830309335
2022-10-17,42.877506256103516,179.9611358642578,31.3700008392334,30.77500009536743,1.138496727692434
2022-10-18,42.9950065612793,181.8263397216797,30.5,30.942000102996825,1.1152660609993348
2022-10-19,42.06406784057617,181.08802795410156,30.760000228881836,31.08050012588501,1.0001020191041798
2022-10-20,40.77159118652344,181.8748779296875,29.979999542236328,31.21200008392334,0.8015968769661096
2022-10-21,41.38618850708008,184.9349365234375,29.690000534057617,31.200500106811525,0.822797585848005
2022-10-24,42.0821418762207,185.26524353027344,29.850000381469727,31.08000020980835,0.9136159631240146
2022-10-25,42.769046783447266,188.8304443359375,28.459999084472656,30.87300024032593,0.9342179417335261
2022-10-26,42.69674301147461,197.5249481201172,27.280000686645508,30.728000259399415,0.7387485608172695
2022-10-27,42.750972747802734,198.45750427246094,27.389999389648438,30.50550022125244,0.726498586803532
2022-10-28,43.8626708984375,203.3633575439453,25.75,30.212000179290772,0.77825796578188
2022-10-31,43.88075637817383,201.24563598632812,25.8799991607666,30.001000118255615,0.8259351824499421
2022-11-01,43.94401550292969,201.02215576171875,25.809999465942383,29.838000106811524,0.8395930069520626
2022-11-02,42.94078063964844,195.212890625,25.860000610351562,29.703500175476073,0.8223387465058338
2022-11-03,42.506935119628906,189.18988037109375,25.299999237060547,29.442500114440918,0.8897018616140925
2022-11-04,43.51018524169922,191.35626220703125,24.549999237060547,29.102000045776368,0.984597690069186
2022-11-07,43.82652282714844,194.38719177246094,24.350000381469727,28.69700002670288,0.964480877389979
2022-11-08,43.75422668457031,196.01918029785156,25.540000915527344,28.292500019073486,0.919533341004741
2022-11-09,42.9950065612793,188.81436157226562,26.09000015258789,27.91850004196167,0.9663329396551499
2022-11-10,45.18225860595703,200.14735412597656,23.530000686645508,27.498000049591063,1.0323468440176156
2022-11-11,45.00149917602539,199.59237670898438,22.520000457763672,27.023000049591065,1.0187582666406905
2022-11-14,44.24228286743164,201.40330505371094,23.729999542236328,26.64099998474121,0.8734091237916287
2022-11-15,44.50439453125,204.45074462890625,24.540000915527344,26.34300003051758,0.8453157259314702
2022-11-16,43.799407958984375,204.5968017578125,24.110000610351562,26.010500049591066,0.7430746164814624
2022-11-17,43.193851470947266,205.42437744140625,23.93000030517578,25.708000087738036,0.6402894307868635
2022-11-18,43.537296295166016,205.23939514160156,23.1200008392334,25.379500102996825,0.6925237086718585
2022-11-21,43.74518585205078,200.8775634765625,22.360000610351562,25.005000114440918,0.8147171872939829
2022-11-22,44.287471771240234,204.78175354003906,21.290000915527344,24.646500205993654,0.8077595198562323
2022-11-23,44.287471771240234,206.14486694335938,20.350000381469727,24.300000190734863,0.7787079887873126
2022-11-25,44.61284637451172,208.1505126953125,20.5,23.955500221252443,0.7817133664393222
2022-11-28,43.627681732177734,205.68727111816406,22.209999084472656,23.778500175476076,0.6956874012048935
2022-11-29,43.96208953857422,203.5452880859375,21.889999389648438,23.579000186920165,0.7883598146497447
2022-11-30,44.7574577331543,211.27584838867188,20.579999923706055,23.31750020980835,0.7354380652151787
2022-12-01,44.450157165527344,211.27584838867188,19.84000015258789,23.016500186920165,0.6922284948989612
2022-12-02,44.2603645324707,211.91844177246094,19.059999465942383,22.704500198364258,0.6518463748303965
2022-12-05,42.181556701660156,208.04339599609375,20.75,22.514500236511232,0.44213236736567635
2022-12-06,41.747718811035156,203.5647430419922,22.170000076293945,22.405500221252442,0.4765822401419247
2022-12-07,41.747718811035156,202.32827758789062,22.68000030517578,22.262500190734862,0.5029345703794382
2022-12-08,41.8471565246582,203.58424377441406,22.290000915527344,22.072500228881836,0.4901485773025382
2022-12-09,41.666378021240234,203.1947784423828,22.829999923706055,22.037500190734864,0.47302982023913565
2022-12-12,42.07310104370117,208.929443359375,25.0,22.16150016784668,0.40799840480198357
2022-12-13,41.58503341674805,207.42030334472656,22.549999237060547,22.10250015258789,0.3715348983615771
2022-12-14,40.89813232421875,207.6929168701172,21.139999389648438,21.932500076293945,0.2691395408225115
2022-12-15,40.14794921875,202.42562866210938,22.829999923706055,21.86850004196167,0.2759159653902789
2022-12-16,39.82257843017578,201.43252563476562,22.6200008392334,21.803000068664552,0.2513311760786818
2022-12-19,39.94120407104492,199.4171600341797,22.420000076293945,21.768000030517577,0.3109638824736505
2022-12-20,40.14196014404297,199.9429168701172,21.479999542236328,21.723999977111816,0.32798695769322356
2022-12-21,40.87197494506836,201.3546142578125,20.06999969482422,21.66299991607666,0.4005474444221437
2022-12-22,40.61647033691406,199.65081787109375,21.969999313354492,21.743999862670897,0.4009332915938289
2022-12-23,40.87197494506836,200.40049743652344,20.8700008392334,21.76249990463257,0.42088218283021783
2022-12-27,40.899356842041016,200.8483428955078,21.649999618530273,21.73449993133545,0.4151875903194045
2022-12-28,40.57997131347656,199.58265686035156,22.139999389648438,21.74699993133545,0.39725384982920026
2022-12-29,41.41949462890625,202.57167053222656,21.440000534057617,21.789999961853027,0.4515955844045434
2022-12-30,41.20048141479492,202.27957153320312,21.670000076293945,21.88149995803833,0.42702550741349066
2023-01-03,41.03623580932617,201.91934204101562,22.899999618530273,22.073499965667725,0.4116083505227018
2023-01-04,41.50161361694336,207.00164794921875,22.010000228881836,22.136499977111818,0.3687278775055523
2023-01-05,41.10010528564453,205.5412139892578,22.459999084472656,22.15099992752075,0.34339743008770257
2023-01-06,42.204261779785156,212.00607299804688,21.1299991607666,22.073499870300292,0.36086986400126947
2023-01-09,41.93962860107422,212.83363342285156,21.969999313354492,22.05749979019165,0.30602227164137
2023-01-10,42.249900817871094,215.25794982910156,20.579999923706055,21.944999790191652,0.29798112830835266
2023-01-11,42.614898681640625,216.24134826660156,21.09000015258789,21.749499797821045,0.32834471582791996
2023-01-12,43.02553939819336,217.72120666503906,18.829999923706055,21.56349983215332,0.35454528318835876
2023-01-13,43.13503646850586,217.1759490966797,18.350000381469727,21.423999881744386,0.38156255219925095
2023-01-17,42.97077560424805,217.11758422851562,19.360000610351562,21.25049991607666,0.3597097208468587
2023-01-18,41.70237731933594,213.6709747314453,20.34000015258789,21.136499881744385,0.2548163948030485
2023-01-19,41.61111831665039,214.5959014892578,20.520000457763672,21.041499900817872,0.2222718339012409
2023-01-20,42.724395751953125,218.39300537109375,19.850000381469727,20.95999994277954,0.2978836413512288
2023-01-23,43.299293518066406,218.2664337158203,19.809999465942383,20.946999931335448,0.38141766121031084
2023-01-24,42.879539489746094,217.9840850830078,19.200000762939453,20.808500003814697,0.3284135878918998
2023-01-25,43.08028793334961,218.96743774414062,19.079999923706055,20.71899995803833,0.33568302001209427
2023-01-26,43.54567337036133,218.78245544433594,18.729999542236328,20.572999954223633,0.4050633823432361
2023-01-27,43.792057037353516,225.33493041992188,18.510000228881836,20.391499996185303,0.30005694770355085
2023-01-30,43.3631706237793,223.05667114257812,19.940000534057617,20.316499996185303,0.28830687286338424
2023-01-31,44.503822326660156,224.1373748779297,19.399999618530273,20.202999973297118,0.4256614095879358
2023-02-01,45.0695915222168,224.80918884277344,17.8700008392334,19.951500034332277,0.49089616302681793
2023-02-02,46.00949478149414,223.50454711914062,18.729999542236328,19.7875,0.6508614208348449
2023-02-03,45.97298812866211,224.05950927734375,18.329999923706055,19.58100004196167,0.6339005130046814
2023-02-06,45.471099853515625,223.38768005371094,19.43000030517578,19.49600009918213,0.5776483887854584
2023-02-07,46.018611907958984,225.21810913085938,18.65999984741211,19.33050012588501,0.6156228686458486
2023-02-08,45.67185592651367,224.1276397705078,19.6299991607666,19.28300008773804,0.5901062373458407
2023-02-09,44.96009826660156,223.7374267578125,20.709999084472656,19.264000034332277,0.4983423713294837
2023-02-10,44.96009826660156,221.64007568359375,20.530000686645508,19.34900007247925,0.5430424379172527
2023-02-13,45.41634750366211,223.27896118164062,20.34000015258789,19.448500061035155,0.5722667392417727
2023-02-14,45.288597106933594,223.7764434814453,18.90999984741211,19.426000022888182,0.5437010843787216
2023-02-15,45.571475982666016,223.31797790527344,18.229999542236328,19.320499992370607,0.5932478246269782
2023-02-16,44.97834396362305,220.3035888671875,20.170000076293945,19.30299997329712,0.5740920160865884
2023-02-17,45.1517219543457,218.08912658691406,20.020000457763672,19.311499977111815,0.6456667308652385
2023-02-21,43.99281311035156,215.22105407714844,22.8700008392334,19.46450004577637,0.5438385839499046
2023-02-22,43.85593032836914,214.63575744628906,22.290000915527344,19.619000053405763,0.5370656895706556
2023-02-23,44.09318542480469,215.7185821533203,21.139999389648438,19.72200002670288,0.5473483157308697
2023-02-24,44.07493591308594,214.17724609375,21.670000076293945,19.869000053405763,0.5776321741890273
2023-02-27,44.11144256591797,214.95765686035156,20.950000762939453,19.99100008010864,0.5661327734938253
2023-02-28,44.0384407043457,214.55770874023438,20.700000762939453,20.029000091552735,0.5643919189727985
2023-03-01,43.81943130493164,213.01638793945312,20.579999923706055,20.088000106811524,0.5664465799169648
2023-03-02,43.08028793334961,213.69924926757812,19.59000015258789,20.17400007247925,0.44796196968053686
2023-03-03,43.719051361083984,218.29397583007812,18.489999771118164,20.16200008392334,0.439852867863607
2023-03-06,43.43616485595703,221.2010498046875,18.610000610351562,20.176000118255615,0.338118771011825
2023-03-07,42.14950942993164,217.7086181640625,19.59000015258789,20.184000110626222,0.2316348965011188
2023-03-08,41.98525619506836,216.75267028808594,19.110000610351562,20.206500148773195,0.22891299210034685
2023-03-09,38.92830276489258,214.62600708007812,22.610000610351562,20.35550022125244,-0.15560081754158436
2023-03-10,37.30400848388672,210.8507080078125,24.799999237060547,20.560000228881837,-0.30353148385899437
2023-03-13,33.590030670166016,209.22157287597656,26.520000457763672,20.859500217437745,-0.7910332038562621
2023-03-14,34.237918853759766,213.3090362548828,23.729999542236328,21.029000186920165,-0.7870481602961613
2023-03-15,33.544403076171875,211.0750732421875,26.139999389648438,21.390500164031984,-0.836951872186149
2023-03-16,34.575557708740234,212.12863159179688,22.989999771118164,21.628500175476074,-0.7144151923292905
2023-03-17,32.650123596191406,212.07012939453125,25.510000228881836,21.89550018310547,-0.9839038822087802
2023-03-20,33.170494079589844,212.8115234375,24.149999618530273,22.102000141143797,-0.9265355816594849
2023-03-21,34.917266845703125,216.51852416992188,21.3799991607666,22.027500057220458,-0.7599275833847099
2023-03-22,33.115333557128906,214.65525817871094,22.260000228881836,22.026000022888184,-0.973586545076017
2023-03-23,32.28790283203125,217.1428680419922,22.610000610351562,22.09950008392334,-1.1429491879171065
2023-03-24,33.014198303222656,215.63079833984375,21.739999771118164,22.10300006866455,-1.0085985115850453
2023-03-27,33.74049758911133,216.38197326660156,20.600000381469727,22.085500049591065,-0.9224829933399282
2023-03-28,33.72210693359375,214.93820190429688,19.969999313354492,22.048999977111816,-0.89429834138349
2023-03-29,34.21855545043945,217.83551025390625,19.1200008392334,21.976000022888183,-0.8862419145391567
2023-03-30,33.70371627807617,216.91848754882812,19.020000457763672,21.947500038146973,-0.9390893481459411
2023-03-31,34.080657958984375,219.942626953125,18.700000762939453,21.958000087738036,-0.9505398953775345
2023-04-03,33.795650482177734,223.39599609375,18.549999237060547,21.955000019073488,-1.0642152088420613
2023-04-04,33.12451934814453,222.08877563476562,19.0,21.925500011444093,-1.1307227340526456
2023-04-05,32.91307067871094,222.58631896972656,19.079999923706055,21.923999977111816,-1.1710585140747634
2023-04-06,33.29000473022461,220.4596710205078,18.399999618530273,21.71349992752075,-1.0727333110582318
2023-04-10,33.519840240478516,220.88890075683594,18.969999313354492,21.42199993133545,-1.049564126296912
2023-04-11,33.758880615234375,222.85946655273438,19.100000381469727,21.050999927520753,-1.0579505689426894
2023-04-12,33.45548629760742,222.23512268066406,19.09000015258789,20.81899995803833,-1.087304471280703
2023-04-13,33.92436599731445,226.99569702148438,17.799999237060547,20.401999950408936,-1.122835597097207
2023-04-14,33.54743194580078,228.2931365966797,17.06999969482422,20.10599994659424,-1.2034881891762539
2023-04-17,34.310489654541016,227.76632690429688,16.950000762939453,19.67799997329712,-1.084966851784745
2023-04-18,33.85081481933594,227.88345336914062,16.829999923706055,19.311999988555907,-1.1520980594221688
2023-04-19,34.88969039916992,226.8786163330078,16.459999084472656,19.06599998474121,-0.9846059177996236
2023-04-20,34.310489654541016,228.85897827148438,17.170000076293945,18.811499977111815,-1.1082541256564749
2023-04-21,33.89678192138672,228.32241821289062,16.770000457763672,18.51949996948242,-1.154990114715737
2023-04-24,33.74049758911133,227.06398010253906,16.889999389648438,18.276999950408936,-1.1501446484280118
2023-04-25,32.499351501464844,223.9715576171875,18.760000228881836,18.18499994277954,-1.2587546962787062
2023-04-26,32.63726043701172,222.5667724609375,18.84000015258789,18.12849998474121,-1.2094236383174706
2023-04-27,33.22564697265625,223.40573120117188,17.030000686645508,18.023999977111817,-1.1445709526162846
2023-04-28,33.67613220214844,227.0347137451172,15.779999732971191,17.86199994087219,-1.158571330308356
2023-05-01,32.931453704833984,226.82008361816406,16.079999923706055,17.73099989891052,-1.2587063322975045
2023-05-02,31.221445083618164,221.4254150390625,17.780000686645508,17.692499971389772,-1.3841762799660953
2023-05-03,30.715801239013672,220.4499053955078,18.34000015258789,17.659499979019166,-1.434484246958303
2023-05-04,29.327566146850586,220.07920837402344,20.09000015258789,17.709999990463256,-1.6217836243710537
2023-05-05,30.936445236206055,226.1079864501953,17.190000534057617,17.649500036239623,-1.524048053356383
2023-05-08,30.58708953857422,226.5469512939453,16.979999542236328,17.550000047683717,-1.5825264957575282
2023-05-09,30.42160415649414,227.55174255371094,17.709999084472656,17.480499982833862,-1.627210159472786
2023-05-10,30.20096206665039,225.61044311523438,16.940000534057617,17.37300000190735,-1.6168604747757345
2023-05-11,29.73208236694336,225.796142578125,16.93000030517578,17.32950005531311,-1.686747450442109
2023-05-12,29.73208236694336,226.15780639648438,17.030000686645508,17.327500104904175,-1.694455457442831
2023-05-15,30.577896118164062,227.5555419921875,17.1200008392334,17.33600010871887,-1.605314903693841
2023-05-16,30.109020233154297,225.26837158203125,17.989999771118164,17.39400010108948,-1.622497983319818
2023-05-17,31.97532081604004,227.39913940429688,16.8700008392334,17.414500188827514,-1.4054894959629616
2023-05-18,32.186767578125,228.32772827148438,16.049999237060547,17.358500146865843,-1.3955486115196023
2023-05-19,31.662738800048828,228.0442352294922,16.809999465942383,17.36050009727478,-1.4631903797576549
2023-05-22,32.40741729736328,226.06002807617188,17.209999084472656,17.37650008201599,-1.3161923732614984
2023-05-23,32.61886978149414,219.51126098632812,18.530000686645508,17.365000104904176,-1.1468885663346504
2023-05-24,32.04887390136719,217.23387145996094,20.030000686645508,17.424500131607054,-1.1784985971678517
2023-05-25,31.837421417236328,218.33837890625,19.139999389648438,17.530000066757204,-1.231770914860763
2023-05-26,32.186767578125,219.93157958984375,17.950000762939453,17.638500118255614,-1.2166046045941303
2023-05-30,32.22354507446289,216.6376190185547,17.459999084472656,17.707500076293947,-1.1412303547701386
2023-05-31,31.322574615478516,216.04144287109375,17.940000534057617,17.71550006866455,-1.2552098395524127
2023-06-01,31.97532081604004,221.38795471191406,15.649999618530273,17.58100004196167,-1.2773753431519075
2023-06-02,33.6209716796875,223.62623596191406,14.600000381469727,17.306500053405763,-1.0936838336071053
2023-06-05,32.88548278808594,221.65185546875,14.729999542236328,17.183500003814697,-1.155021776270475
2023-06-06,34.31968307495117,223.0691375732422,13.960000038146973,17.03250002861023,-0.9835647074410984
2023-06-07,35.14710998535156,220.18572998046875,13.9399995803833,16.84400005340576,-0.8057671105795325
2023-06-08,34.871299743652344,218.0158233642578,13.649999618530273,16.679500007629393,-0.798302406344313
2023-06-09,34.52193832397461,218.51431274414062,13.829999923706055,16.52449998855591,-0.8580502777137916
2023-06-12,34.25532913208008,221.06539916992188,15.010000228881836,16.423499965667723,-0.9499085887948318
2023-06-13,34.97243118286133,218.35794067382812,14.609999656677246,16.297999906539918,-0.791373721834222
2023-06-14,34.14501190185547,218.3970184326172,13.880000114440918,16.092499923706054,-0.9085500977113347
2023-06-15,34.7333984375,221.06539916992188,14.5,15.973999881744385,-0.8826872054173559
2023-06-16,34.347267150878906,223.74356079101562,13.539999961853027,15.84849991798401,-0.9940598393932263
2023-06-20,33.986732482910156,221.35861206054688,13.880000114440918,15.701999950408936,-0.9939251341455628
2023-06-21,33.588199615478516,222.12100219726562,13.199999809265137,15.50149998664856,-1.0662114278663064
2023-06-22,32.689178466796875,223.23529052734375,12.90999984741211,15.220499944686889,-1.2163713157442262
2023-06-23,32.262840270996094,224.36912536621094,13.4399995803833,14.890999889373779,-1.3004837834343357
2023-06-26,32.587223052978516,221.1924591064453,14.25,14.646499919891358,-1.1871691695130224
2023-06-27,33.087711334228516,222.20899963378906,13.739999771118164,14.435999870300293,-1.1384606029416537
2023-06-28,32.967220306396484,222.8150177001953,13.430000305175781,14.23449993133545,-1.1683186996502786
2023-06-29,33.55112075805664,229.03146362304688,13.539999961853027,14.01449990272522,-1.2187051952720445
2023-06-30,33.36576461791992,232.1201171875,13.59000015258789,13.9114999294281,-1.3105954741416024
2023-07-03,34.00526809692383,232.5990753173828,13.569999694824219,13.859999895095825,-1.230882669131968
2023-07-05,33.588199615478516,234.04566955566406,14.180000305175781,13.832499933242797,-1.3203574463891985
2023-07-06,33.05063247680664,233.488525390625,15.4399995803833,13.906499910354615,-1.3840706201374464
2023-07-07,33.69014358520508,231.11337280273438,14.829999923706055,13.950999927520751,-1.2435281377899945
2023-07-10,33.94966125488281,232.78480529785156,15.069999694824219,14.021999931335449,-1.2426599482569785
2023-07-11,34.422340393066406,235.120849609375,14.84000015258789,14.07249994277954,-1.2259837240950775
2023-07-12,35.03404998779297,236.743408203125,13.539999961853027,13.9989999294281,-1.1745521536433385
2023-07-13,35.6364860534668,237.8185577392578,13.609999656677246,13.948999929428101,-1.1127578087582766
2023-07-14,34.95063781738281,237.67193603515625,13.34000015258789,13.92199993133545,-1.206070118862285
2023-07-17,35.55306625366211,238.48321533203125,13.479999542236328,13.870999908447265,-1.1386530780753306
2023-07-18,36.80427932739258,235.3358917236328,13.300000190734863,13.858999919891357,-0.895642112783373
2023-07-19,37.81452178955078,235.97120666503906,13.760000228881836,13.852999925613403,-0.7671320289179244
2023-07-20,37.7681884765625,234.21182250976562,13.989999771118164,13.892499923706055,-0.7361498588846617
2023-07-21,37.31403732299805,233.8501739501953,13.600000381469727,13.926999950408936,-0.7923004262150253
2023-07-24,38.06476974487305,235.3065643310547,13.90999984741211,13.950499963760375,-0.717779357499174
2023-07-25,37.59209060668945,233.30284118652344,13.859999656677246,13.930999946594238,-0.7415382196017019
2023-07-26,38.99159622192383,231.74871826171875,13.1899995803833,13.903499937057495,-0.5116311180008849
2023-07-27,38.40769958496094,229.14874267578125,14.40999984741211,13.952499914169312,-0.5383205787471808
2023-07-28,38.8711051940918,230.42918395996094,13.329999923706055,13.941999912261963,-0.5004506303097896
2023-07-31,38.889644622802734,232.36447143554688,13.630000114440918,13.943999910354615,-0.5390898641145662
2023-08-01,38.5003776550293,234.36822509765625,13.930000305175781,13.961999940872193,-0.6365299995702387
2023-08-02,38.29648208618164,232.19833374023438,16.09000015258789,14.057499933242799,-0.6189536896139939
2023-08-03,38.71355056762695,233.37123107910156,15.920000076293945,14.08149995803833,-0.585307166083075
2023-08-04,38.824771881103516,233.59603881835938,17.100000381469727,14.194999980926514,-0.5744595677001714
2023-08-07,39.232574462890625,236.05918884277344,15.770000457763672,14.230000019073486,-0.569614601029541
2023-08-08,38.71355056762695,233.88926696777344,15.989999771118164,14.2875,-0.5963478730982859
2023-08-09,38.175994873046875,234.34866333007812,15.960000038146973,14.408500003814698,-0.6817245894249185
2023-08-10,38.157447814941406,235.1810760498047,15.850000381469727,14.520500040054321,-0.7020733974991336
2023-08-11,38.30575180053711,235.06353759765625,14.84000015258789,14.595500040054322,-0.6787153024913786
2023-08-14,37.71257019042969,237.86424255371094,14.819999694824219,14.662500047683716,-0.8218130284286395
2023-08-15,36.544776916503906,234.85789489746094,16.459999084472656,14.820499992370605,-0.9219434091408695
2023-08-16,36.10916519165039,234.32908630371094,16.780000686645508,14.971500015258789,-0.9719245252451469
2023-08-17,36.07209396362305,232.44886779785156,17.889999389648438,15.166499996185303,-0.9370647145581069
2023-08-18,36.09989929199219,233.23233032226562,17.299999237060547,15.351499938964844,-0.9498526505318136
2023-08-21,35.84965515136719,234.4955596923828,17.1299991607666,15.512499904632568,-1.0119622493504847
2023-08-22,34.959903717041016,235.5825958251953,16.969999313354492,15.667999887466431,-1.1602379055754979
2023-08-23,35.43258285522461,237.27671813964844,15.979999542236328,15.807499885559082,-1.1298806356573992
2023-08-24,35.5345344543457,234.50537109375,17.200000762939453,15.94699993133545,-1.0564805157784207
2023-08-25,35.3862419128418,237.5410919189453,15.680000305175781,16.064499950408937,-1.14203114165551
2023-08-28,35.831119537353516,238.77499389648438,15.079999923706055,16.136999940872194,-1.1057745403922123
2023-08-29,36.266727447509766,240.253662109375,14.449999809265137,16.16299991607666,-1.0760379669085325
2023-08-30,36.09062576293945,241.12522888183594,13.880000114440918,16.05249991416931,-1.1193750260608408
2023-08-31,36.20185470581055,240.5865936279297,13.569999694824219,15.934999895095824,-1.0922553771731716
2023-09-01,36.92477035522461,242.96624755859375,13.09000015258789,15.734499883651733,-1.0413228022886947
2023-09-05,36.24818801879883,240.253662109375,14.010000228881836,15.646499872207642,-1.078644798242083
2023-09-06,35.488197326660156,241.05667114257812,14.449999809265137,15.56949987411499,-1.2026214163018567
2023-09-07,35.052589416503906,242.016357421875,14.399999618530273,15.491499853134155,-1.284325735913098
2023-09-08,35.376976013183594,242.16322326660156,13.84000015258789,15.390999841690064,-1.241843794316312
2023-09-11,35.330631256103516,242.09466552734375,13.800000190734863,15.338999843597412,-1.2468991905620672
2023-09-12,35.69209289550781,242.1730499267578,14.229999542236328,15.309499835968017,-1.1977446030047525
2023-09-13,35.29356002807617,242.6920166015625,13.479999542236328,15.160499858856202,-1.2648429026455654
2023-09-14,35.858924865722656,236.4932861328125,12.819999694824219,14.962499809265136,-1.0532356373524125
2023-09-15,35.72916793823242,236.07220458984375,13.789999961853027,14.757499837875367,-1.0625064198049774
2023-09-18,35.32491683959961,239.5877685546875,14.0,14.59249987602234,-1.1942741287383398
2023-09-19,35.18455505371094,238.5105438232422,14.109999656677246,14.44149990081787,-1.1910519248833769
2023-09-20,34.885108947753906,236.8458251953125,15.140000343322754,14.349999952316285,-1.1976775468789473
2023-09-21,34.37980651855469,231.7046661376953,17.540000915527344,14.428000020980836,-1.1591565644004427
2023-09-22,34.20200729370117,230.20635986328125,17.200000762939453,14.428000020980836,-1.1522240884500512
2023-09-25,34.61374282836914,228.52203369140625,16.899999618530273,14.48899998664856,-1.0584324848450248
2023-09-26,34.0335693359375,224.88894653320312,18.940000534057617,14.682000017166137,-1.0625801095083702
2023-09-27,33.89320755004883,224.7420654296875,18.219999313354492,14.870499992370606,-1.0791859747969847
2023-09-28,34.258155822753906,226.8572998046875,17.34000015258789,15.043499994277955,-1.0729517603879106
2023-09-29,34.48273468017578,225.24148559570312,17.520000457763672,15.241000032424926,-1.006936450098905
2023-10-02,33.734130859375,226.475341796875,17.610000610351562,15.467000055313111,-1.1384944448957268
2023-10-03,33.051025390625,224.0663299560547,19.780000686645508,15.755500078201294,-1.1832036111536794
2023-10-04,33.33175277709961,226.42640686035156,18.579999923706055,15.96200008392334,-1.194029943973017
2023-10-05,33.85577392578125,228.63955688476562,18.489999771118164,16.166500091552734,-1.1675153130281126
2023-10-06,33.97742462158203,230.1671905517578,17.450000762939453,16.347000122070312,-1.1829678843560114
2023-10-09,34.01485061645508,229.57965087890625,17.700000762939453,16.542000150680543,-1.1651833952262474
2023-10-10,34.49209976196289,231.69485473632812,17.030000686645508,16.682000207901,-1.1431578909776245
2023-10-11,34.6043815612793,230.79391479492188,16.09000015258789,16.81250023841858,-1.1081685342093528
2023-10-12,34.14586639404297,231.8711395263672,16.690000534057617,17.00600028038025,-1.1955988995286644
2023-10-13,33.66862869262695,232.74269104003906,19.31999969482422,17.28250026702881,-1.281278405554613
2023-10-16,34.44530487060547,235.09292602539062,17.209999084472656,17.44300022125244,-1.2221595611031952
2023-10-17,35.11905288696289,236.1995086669922,17.8799991607666,17.63150019645691,-1.1510079562638422
2023-10-18,34.230079650878906,232.54681396484375,19.219999313354492,17.835500144958495,-1.1981580622458015
2023-10-19,33.81834411621094,228.96270751953125,21.399999618530273,18.028500080108643,-1.179665512903674
2023-10-20,32.62992858886719,228.54159545898438,21.709999084472656,18.253999996185303,-1.3377937598678467
2023-10-23,32.51764678955078,226.72996520996094,20.3700008392334,18.42750005722046,-1.3149711129011843
2023-10-24,32.442779541015625,229.78529357910156,18.969999313354492,18.428999996185304,-1.390615287694787
2023-10-25,32.2837028503418,231.939697265625,20.190000534057617,18.527500057220458,-1.458899088365334
2023-10-26,33.13523864746094,226.4851531982422,20.68000030517578,18.694500064849855,-1.2229138586634722
2023-10-27,32.442779541015625,224.51683044433594,21.270000457763672,18.882000064849855,-1.278330484337794
2023-10-30,32.863868713378906,228.2478485107422,19.75,18.989000034332275,-1.2986388905065207
2023-10-31,33.051025390625,230.22596740722656,18.139999389648438,18.90699996948242,-1.314481682626029
2023-11-01,33.210105895996094,233.63380432128906,16.8700008392334,18.82150001525879,-1.364743319241531
2023-11-02,34.85703659057617,238.20701599121094,15.65999984741211,18.680000019073486,-1.2306353596966586
2023-11-03,35.979949951171875,238.5497589111328,14.90999984741211,18.55299997329712,-1.0800471279263708
2023-11-06,35.474639892578125,238.44203186035156,14.890000343322754,18.412499952316285,-1.1488028902007201
2023-11-07,35.17520523071289,239.6954803466797,14.8100004196167,18.301499938964845,-1.2176207178607044
2023-11-08,34.819602966308594,239.36184692382812,14.449999809265137,18.219499921798707,-1.2605113900917024
2023-11-09,34.30493927001953,237.13414001464844,15.289999961853027,18.149499893188477,-1.2854000230205753
2023-11-10,34.595027923583984,240.67684936523438,14.170000076293945,17.891999912261962,-1.3201150742136905
2023-11-13,34.6043815612793,240.107666015625,14.760000228881836,17.76949996948242,-1.3066690641706624
2023-11-14,36.7659912109375,242.3353271484375,14.15999984741211,17.5835000038147,-1.0502021841346376
2023-11-15,37.261940002441406,243.4835205078125,14.180000305175781,17.33150005340576,-1.0049377838154392
2023-11-16,36.840843200683594,243.93495178222656,14.319999694824219,16.97750005722046,-1.0737694440420313
2023-11-17,37.37423324584961,244.90646362304688,13.800000190734863,16.58200011253357,-1.019474876713896
2023-11-20,37.33679962158203,245.3087921142578,13.40999984741211,16.234000062942506,-1.033313101301513
2023-11-21,36.691131591796875,247.52667236328125,13.350000381469727,15.953000116348267,-1.171369422011791
2023-11-22,36.86892318725586,248.9888916015625,12.850000381469727,15.586000108718872,-1.1775338610977872
2023-11-24,36.96249771118164,249.55809020996094,12.460000038146973,15.175000095367432,-1.1765074549790977
2023-11-27,36.840843200683594,249.4010467529297,12.6899995803833,14.746000051498413,-1.190266301515696
2023-11-28,36.85020446777344,248.22341918945312,12.6899995803833,14.393000030517578,-1.16385167253964
2023-11-29,37.59881591796875,249.4893798828125,12.979999542236328,14.135000038146973,-1.085570276515814
2023-11-30,37.75789260864258,251.89369201660156,12.920000076293945,13.9375,-1.1144446975791222
2023-12-01,39.33932876586914,251.66798400878906,12.630000114440918,13.78600001335144,-0.8872683353485331
2023-12-04,39.825923919677734,249.69549560546875,13.079999923706055,13.694500017166138,-0.7768092166567153
2023-12-05,39.283180236816406,249.8623046875,12.850000381469727,13.592500019073487,-0.8566796123183161
2023-12-06,39.273826599121094,249.5482635498047,12.970000267028809,13.500500011444093,-0.8513017860090194
2023-12-07,39.947566986083984,251.04974365234375,13.0600004196167,13.43100004196167,-0.788567557255039
2023-12-08,40.38738250732422,250.97122192382812,12.350000381469727,13.284000062942505,-0.7250515386239925
2023-12-11,40.36866760253906,251.73667907714844,12.630000114440918,13.207000064849854,-0.7439969484537902
2023-12-12,40.1815071105957,254.7200164794922,12.069999694824219,13.072500038146973,-0.8338963730970581
2023-12-13,42.16531753540039,257.4873962402344,12.1899995803833,12.974000024795533,-0.6139326869716025
2023-12-14,44.008758544921875,253.90545654296875,12.479999542236328,12.88899998664856,-0.2783856676334598
2023-12-15,43.41923522949219,253.2185516357422,12.279999732971191,12.786999988555909,-0.34663886310125086
2023-12-18,43.110965728759766,253.5521697998047,12.5600004196167,12.725,-0.397094955578454
2023-12-19,43.65774917602539,255.14195251464844,12.529999732971191,12.680999994277954,-0.3540941184776509
2023-12-20,42.724449157714844,252.315673828125,13.670000076293945,12.696999979019164,-0.4250901171552426
2023-12-21,43.139244079589844,254.70037841796875,13.649999618530273,12.736999940872192,-0.4175900782006524
2023-12-22,43.337223052978516,253.611083984375,13.029999732971191,12.765499925613403,-0.3665365018021614
2023-12-26,43.912288665771484,254.3275146484375,12.989999771118164,12.780499935150146,-0.3009454771856306
2023-12-27,43.874576568603516,254.10171508789062,12.430000305175781,12.767499971389771,-0.3014357973727381
2023-12-28,43.94999313354492,255.54428100585938,12.470000267028809,12.742000007629395,-0.32157633805715635
2023-12-29,43.38435363769531,255.49525451660156,12.449999809265137,12.718499994277954,-0.4000660931916153
