Date,KO,KBE,VIX,AvgVIX,zscore
2020-01-30,48.63010025024414,37.882789611816406,15.489999771118164,13.696000051498412,-0.12601611849935365
2020-01-31,48.25005340576172,37.1184196472168,18.84000015258789,14.014500045776368,-0.1399441654712149
2020-02-03,48.39876174926758,37.530006408691406,17.969999313354492,14.211999988555908,-0.14261999475984605
2020-02-04,48.61357116699219,38.07598876953125,16.049999237060547,14.32199993133545,-0.1429780479102741
2020-02-05,48.62184524536133,38.94956588745117,15.149999618530273,14.389999914169312,-0.20457192843756486
2020-02-06,48.73751449584961,38.571563720703125,14.960000038146973,14.465499925613404,-0.15622571849001157
2020-02-07,48.90275192260742,38.260780334472656,15.470000267028809,14.611999940872192,-0.10371720647882679
2020-02-10,49.36542892456055,38.24397659301758,15.039999961853027,14.735999917984008,-0.01833212405104848
2020-02-11,49.23322296142578,38.56317901611328,15.180000305175781,14.878999948501587,-0.06543958438783172
2020-02-12,49.084510803222656,38.56317901611328,13.739999771118164,14.946499919891357,-0.09249366519686328
2020-02-13,49.249752044677734,38.73116683959961,14.149999618530273,15.032999897003174,-0.07456645769950933
2020-02-14,49.53066635131836,38.487586975097656,13.680000305175781,15.100999927520752,-0.005867883857170159
2020-02-18,49.183650970458984,37.99198532104492,14.829999923706055,15.237499904632568,-0.03320009970123944
2020-02-19,49.3819465637207,38.21878433227539,14.380000114440918,15.313999891281128,-0.013507538974115928
2020-02-20,49.340641021728516,38.621971130371094,15.5600004196167,15.446499919891357,-0.05014442510334497
2020-02-21,49.67937469482422,38.101192474365234,17.079999923706055,15.651499938964843,0.04909506347016588
2020-02-24,48.45659255981445,36.91682434082031,25.030000686645508,16.174999952316284,-0.0878086776051981
2020-02-25,47.77085876464844,35.421669006347656,27.850000381469727,16.655999994277956,-0.10456287727568184
2020-02-26,47.58909225463867,34.867286682128906,27.559999465942383,17.219999933242796,-0.09758684168957162
2020-02-27,45.38313293457031,33.4813346862793,39.15999984741211,18.35849995613098,-0.3987920378818296
2020-02-28,44.19340515136719,32.54895782470703,40.11000061035156,19.589499998092652,-0.5478839660533021
2020-03-02,46.20106887817383,33.993717193603516,33.41999816894531,20.318499898910524,-0.2870008909088275
2020-03-03,46.31674575805664,32.67496109008789,36.81999969482422,21.26099991798401,-0.17070194053403218
2020-03-04,48.6796760559082,33.346946716308594,31.989999771118164,22.05799994468689,0.21063011999752887
2020-03-05,46.878562927246094,31.742582321166992,39.619998931884766,23.281499910354615,-0.0011483743276298412
2020-03-06,45.655784606933594,30.474231719970703,41.939998626708984,24.630499839782715,-0.131985305686767
2020-03-09,42.846702575683594,25.988767623901367,54.459999084472656,26.57999978065491,-0.3190320149058822
2020-03-10,44.3338623046875,27.685522079467773,47.29999923706055,28.192999744415282,-0.1710420959717495
2020-03-11,43.13587951660156,25.79557991027832,53.900001525878906,30.12899980545044,-0.25247014467574225
2020-03-12,38.963565826416016,23.51085090637207,75.47000122070312,33.21549987792969,-0.8464800260928318
2020-03-13,40.3970947265625,26.23236846923828,57.83000183105469,35.39949998855591,-0.7822661561472276
2020-03-16,37.721736907958984,22.847270965576172,82.69000244140625,38.850000095367434,-1.0244657210057344
2020-03-17,39.32194519042969,24.132434844970703,75.91000366210938,41.9040002822876,-0.8261802401094831
2020-03-18,37.38002395629883,21.452919006347656,76.44999694824219,45.007500123977664,-0.9859159068152891
2020-03-19,34.863014221191406,22.8388729095459,72.0,47.829500102996825,-1.5439249706347011
2020-03-20,31.920957565307617,21.326921463012695,66.04000091552734,50.27750015258789,-1.96994176729438
2020-03-23,31.304208755493164,19.553335189819336,61.59000015258789,52.10550012588501,-1.9540347765353812
2020-03-24,32.87941360473633,21.85274314880371,61.66999816894531,53.796500015258786,-1.8335575814040763
2020-03-25,34.67966842651367,22.27541732788086,63.95000076293945,55.61600008010864,-1.5365808742971405
2020-03-26,36.91328811645508,24.236671447753906,61.0,56.708000087738036,-1.2718981335404969
2020-03-27,35.67979431152344,23.3405818939209,65.54000091552734,57.97950010299682,-1.4315731428708076
2020-03-30,37.50503921508789,23.408214569091797,57.08000183105469,59.16250028610229,-1.1044052683977814
2020-03-31,36.879947662353516,22.791095733642578,53.540000915527344,59.99850034713745,-1.1735485080550283
2020-04-01,35.104713439941406,21.269432067871094,57.060001373291016,61.252000427246095,-1.3865925830731436
2020-04-02,36.62993240356445,21.624488830566406,50.90999984741211,61.81650047302246,-1.1347670183271878
2020-04-03,36.5299072265625,20.66922378540039,46.79999923706055,62.059500503540036,-1.0839643434636317
2020-04-06,38.89689254760742,22.283876419067383,45.2400016784668,61.598500633239745,-0.7699841181391276
2020-04-07,38.76354217529297,23.112337112426758,46.70000076293945,61.568500709533694,-0.8540838736217337
2020-04-08,39.8553581237793,24.219770431518555,43.349998474121094,61.041000556945804,-0.7354487640975376
2020-04-09,40.83882522583008,26.028852462768555,41.66999816894531,59.35100040435791,-0.6872053479360364
2020-04-13,39.11359405517578,24.710081100463867,41.16999816894531,58.51800022125244,-0.9058078061572883
2020-04-14,40.77214050292969,24.35502815246582,37.7599983215332,56.27150001525879,-0.578435228792823
2020-04-15,39.680335998535156,22.782642364501953,40.84000015258789,54.51799983978272,-0.6634843957559575
2020-04-16,39.255271911621094,21.996450424194336,40.11000061035156,52.70100002288818,-0.6840258725170655
2020-04-17,40.05537796020508,23.805540084838867,38.150001525878906,51.00850009918213,-0.6691405003075965
2020-04-20,38.78022384643555,23.644916534423828,43.83000183105469,49.898000144958495,-0.8895177085181749
2020-04-21,37.82175064086914,22.841815948486328,45.40999984741211,49.089000129699706,-1.0058769573300368
2020-04-22,38.0717887878418,22.892539978027344,41.97999954223633,48.104500198364256,-0.9640532381169611
2020-04-23,37.56336975097656,23.188417434692383,41.380001068115234,46.976000213623045,-1.0779175246055095
2020-04-24,37.86342239379883,23.780174255371094,35.93000030517578,45.722500228881835,-1.0660742441120736
2020-04-27,38.98856735229492,25.242658615112305,33.290000915527344,44.11000022888184,-0.9670214384859924
2020-04-28,38.955230712890625,25.918962478637695,33.56999969482422,42.93450012207031,-1.0219360498835033
2020-04-29,39.27194595336914,27.44906997680664,31.229999542236328,41.81900005340576,-1.0748392320033604
2020-04-30,38.24681091308594,26.468442916870117,34.150001525878906,40.673500061035156,-1.1905028969127047
2020-05-01,38.00510787963867,25.23421287536621,37.189998626708984,39.9875,-1.1453247574589114
2020-05-04,37.62171936035156,24.96368980407715,35.970001220703125,39.44600009918213,-1.195531656379039
2020-05-05,37.838417053222656,24.574819564819336,33.61000061035156,38.86450004577637,-1.1280210953225651
2020-05-06,37.29668045043945,23.949249267578125,34.119998931884766,38.235499954223634,-1.181389742569685
2020-05-07,37.171653747558594,24.34657096862793,31.440000534057617,37.64000005722046,-1.2328337474707223
2020-05-08,38.43016815185547,25.386371612548828,27.979999542236328,36.95550012588501,-1.0789872875956033
2020-05-11,37.95509719848633,24.48183250427246,27.56999969482422,36.275500202178954,-1.100077832784416
2020-05-12,37.355018615722656,23.256052017211914,33.040000915527344,36.03950033187866,-1.1207065703993946
2020-05-13,36.62158966064453,22.0302677154541,35.279998779296875,35.76150026321411,-1.1655944594932395
2020-05-14,36.42156219482422,22.816457748413086,32.61000061035156,35.38650026321411,-1.2587710344173513
2020-05-15,36.054840087890625,22.53748321533203,31.889999389648438,35.07350015640259,-1.3053354833627988
2020-05-18,37.48003387451172,24.625545501708984,29.299999237060547,34.34700002670288,-1.1968830147137957
2020-05-19,37.12165451049805,23.695640563964844,30.530000686645508,33.60300006866455,-1.1949125469488195
2020-05-20,38.24681091308594,24.811521530151367,27.989999771118164,32.90350008010864,-1.0708222399820366
2020-05-21,37.646728515625,24.718534469604492,29.530000686645508,32.31100006103516,-1.173274178388197
2020-05-22,37.53004455566406,24.431106567382812,28.15999984741211,31.92250003814697,-1.1737404808565874
2020-05-26,38.41350173950195,26.409265518188477,28.010000228881836,31.658500003814698,-1.155903665392815
2020-05-27,38.946895599365234,28.269075393676758,27.6200008392334,31.361000061035156,-1.1932027877770817
2020-05-28,39.24694061279297,27.20391082763672,28.59000015258789,31.229000091552734,-1.0616802383111552
2020-05-29,38.90522384643555,26.586795806884766,27.510000228881836,30.89700002670288,-1.0792715168738576
2020-06-01,39.16359329223633,26.950302124023438,28.229999542236328,30.449000072479247,-1.0585246432422222
2020-06-02,39.088592529296875,26.992568969726562,26.84000015258789,29.992500019073486,-1.075221931631064
2020-06-03,39.92202377319336,28.35361099243164,25.65999984741211,29.594999980926513,-1.0219111459136299
2020-06-04,39.93869400024414,29.32578468322754,25.809999465942383,29.179500007629393,-1.089099281829372
2020-06-05,40.9138298034668,30.99115753173828,24.520000457763672,28.8335000038147,-1.0319912954671193
2020-06-08,41.5472526550293,31.99714469909668,25.809999465942383,28.725,-0.9894206526318048
2020-06-09,40.83882522583008,31.21095085144043,27.56999969482422,28.725,-1.0615121463193933
2020-06-10,40.52211380004883,29.283512115478516,27.56999969482422,28.451499938964844,-0.9799087411182789
2020-06-11,37.95509719848633,26.612152099609375,40.790000915527344,28.727000045776368,-1.2539523923657234
2020-06-12,38.35038375854492,27.63504981994629,36.09000015258789,28.901000022888184,-1.2559255498915691
2020-06-15,38.9390869140625,27.905563354492188,34.400001525878906,29.026500129699706,-1.1683666195925015
2020-06-16,39.33437728881836,28.86083221435547,33.66999816894531,29.245000076293945,-1.1654542005408233
2020-06-17,39.17457962036133,27.973194122314453,33.470001220703125,29.392000102996825,-1.130410228853429
2020-06-18,39.51939010620117,28.040822982788086,32.939998626708984,29.639500045776366,-1.0725663415891415
2020-06-19,38.7036018371582,27.80412483215332,35.119998931884766,29.91899995803833,-1.203879663266385
2020-06-22,38.4681282043457,27.74359130859375,31.770000457763672,30.09949998855591,-1.2423452233109813
2020-06-23,38.38401794433594,27.53896141052246,31.3700008392334,30.267500019073488,-1.242866199400284
2020-06-24,37.55140686035156,26.098072052001953,33.84000015258789,30.57849998474121,-1.2902603475065537
2020-06-25,37.786895751953125,26.950668334960938,32.220001220703125,30.760000038146973,-1.3090032903274895
2020-06-26,36.64311218261719,25.313678741455078,34.72999954223633,31.121000003814697,-1.3988422357146235
2020-06-29,37.30751037597656,26.243017196655273,31.780000686645508,31.298500061035156,-1.3451000895207998
2020-06-30,37.57664489746094,26.8909912109375,30.43000030517578,31.47800006866455,-1.3429421190067696
2020-07-01,37.69437789916992,25.893451690673828,28.6200008392334,31.626000118255615,-1.2494708252265991
2020-07-02,37.744850158691406,25.8422908782959,27.68000030517578,31.719500160217287,-1.23659340459126
2020-07-06,38.0391960144043,26.098072052001953,27.940000534057617,31.890500164031984,-1.2015205474057002
2020-07-07,38.02238082885742,25.168739318847656,29.43000030517578,32.07150020599365,-1.1374532167434426
2020-07-08,37.904632568359375,25.228418350219727,28.079999923706055,32.097000217437746,-1.1631849298504735
2020-07-09,36.9290657043457,24.230880737304688,29.260000228881836,32.18150024414062,-1.2686095687304868
2020-07-10,37.971923828125,25.373363494873047,27.290000915527344,31.506500244140625,-1.161412633693225
2020-07-13,38.0560188293457,25.671770095825195,32.189998626708984,31.31150016784668,-1.1676679941101376
2020-07-14,38.577449798583984,25.25399398803711,29.520000457763672,31.067500114440918,-1.0426317152432627
2020-07-15,39.023193359375,26.59257698059082,27.760000228881836,30.772000217437743,-1.0582277919953207
2020-07-16,38.81294631958008,26.5073184967041,28.0,30.49850015640259,-1.090318166157106
2020-07-17,39.376426696777344,25.791135787963867,25.68000030517578,30.13550024032593,-0.9360780263553351
2020-07-20,38.7877082824707,25.424514770507812,24.459999084472656,29.602500247955323,-1.016697818015948
2020-07-21,39.69600296020508,26.72046661376953,24.84000015258789,29.256000232696532,-0.9450661808846933
2020-07-22,40.77251434326172,26.515846252441406,24.31999969482422,28.903500175476076,-0.734444707964787
2020-07-23,40.604305267333984,27.070035934448242,26.079999923706055,28.515500164031984,-0.8050752464108345
2020-07-24,40.78091812133789,26.950668334960938,25.84000015258789,28.19650011062622,-0.7643233925699338
2020-07-27,40.77251434326172,26.345327377319336,24.739999771118164,27.697000122070314,-0.7221280035289166
2020-07-28,40.52020263671875,26.22595977783203,25.440000534057617,27.380000114440918,-0.7594071584651433
2020-07-29,40.38563919067383,27.15529441833496,24.100000381469727,27.063500118255615,-0.8510137990889081
2020-07-30,40.10810089111328,26.686363220214844,24.760000228881836,26.870500087738037,-0.8676330005362027
2020-07-31,39.729652404785156,26.490266799926758,24.459999084472656,26.70950002670288,-0.9223170885706375
2020-08-03,38.9390869140625,26.422056198120117,24.280000686645508,26.526500034332276,-1.0612118007464741
2020-08-04,39.267086029052734,26.302690505981445,23.760000228881836,26.243000030517578,-0.9929195245242927
2020-08-05,39.71282958984375,26.87393569946289,22.989999771118164,25.988500022888182,-0.9530902246611287
2020-08-06,39.93149185180664,26.71194076538086,22.649999618530273,25.657999992370605,-0.9016096354237396
2020-08-07,40.20061111450195,27.786218643188477,22.209999084472656,25.403999900817873,-0.93024668410795
2020-08-10,40.13334274291992,28.289249420166016,22.1299991607666,24.90099992752075,-0.9788185963392171
2020-08-11,40.30994415283203,28.851970672607422,24.030000686645508,24.626499938964844,-0.9873366065634825
2020-08-12,40.73046112060547,28.570608139038086,22.280000686645508,24.352499961853027,-0.8905121038526932
2020-08-13,40.68840789794922,28.076101303100586,22.1299991607666,24.058999919891356,-0.862443934920659
2020-08-14,40.74728012084961,28.38304328918457,22.049999237060547,23.877499866485596,-0.8739044022539699
2020-08-17,40.54542922973633,27.90557861328125,21.350000381469727,23.72199993133545,-0.8761379851845148
2020-08-18,40.7220458984375,27.197925567626953,21.510000228881836,23.555499935150145,-0.792893144595317
2020-08-19,39.83898162841797,27.283184051513672,22.540000915527344,23.466499996185302,-0.959700647261781
2020-08-20,39.82216262817383,26.737518310546875,22.719999313354492,23.298499965667723,-0.9233465611170201
2020-08-21,39.763282775878906,26.54994773864746,22.540000915527344,23.133500003814696,-0.9205097672545659
2020-08-24,40.343597412109375,27.59864616394043,22.3700008392334,23.01500005722046,-0.8906857670399
2020-08-25,40.293121337890625,27.666858673095703,22.030000686645508,22.844500064849854,-0.904795538320995
2020-08-26,40.503387451171875,27.12971305847168,23.270000457763672,22.803000068664552,-0.8277449860076044
2020-08-27,40.562255859375,27.632749557495117,24.469999313354492,22.788500022888183,-0.853370198986673
2020-08-28,41.90787124633789,27.666858673095703,22.959999084472656,22.713500022888184,-0.6110362718470407
2020-08-31,41.655574798583984,27.18939781188965,26.40999984741211,22.819999980926514,-0.6224473097900989
2020-09-01,41.31075668334961,27.232025146484375,26.1200008392334,22.938000011444093,-0.6882564715084637
2020-09-02,43.05166244506836,27.487808227539062,26.56999969482422,23.117000007629393,-0.390022023656071
2020-09-03,42.45454025268555,27.496335983276367,33.599998474121094,23.664499950408935,-0.4992679245318291
2020-09-04,42.92551040649414,28.033464431762695,30.75,24.091499996185302,-0.4523850632347734
2020-09-08,41.891056060791016,26.839832305908203,31.459999084472656,24.557999992370604,-0.5543586056463794
2020-09-09,42.21064758300781,26.737518310546875,28.809999465942383,24.79699993133545,-0.48882751600321683
2020-09-10,42.05085372924805,26.294170379638672,29.709999084472656,25.168499851226805,-0.4858742571943087
2020-09-11,42.94233703613281,26.447641372680664,26.8700008392334,25.405499935150146,-0.3347787493191687
2020-09-14,42.993194580078125,27.035932540893555,25.850000381469727,25.595499992370605,-0.3680193261802534
2020-09-15,43.281455993652344,26.558473587036133,25.59000015258789,25.807499980926515,-0.28109088905229745
2020-09-16,43.06101989746094,26.797203063964844,26.040000915527344,26.03400001525879,-0.3384367713353155
2020-09-17,42.857547760009766,26.71194076538086,26.459999084472656,26.229999923706053,-0.36929436309647673
2020-09-18,42.77276611328125,26.46469497680664,25.829999923706055,26.385499954223633,-0.3668593022232058
2020-09-21,41.619720458984375,25.278209686279297,27.780000686645508,26.64749994277954,-0.49092348775662287
2020-09-22,42.10298156738281,24.830812454223633,26.860000610351562,26.87199993133545,-0.370691607946743
2020-09-23,40.873634338378906,24.271556854248047,28.579999923706055,27.199499893188477,-0.553942027557553
2020-09-24,41.289066314697266,24.3145751953125,28.510000228881836,27.461499881744384,-0.4814728694024262
2020-09-25,41.3060302734375,24.5985050201416,26.3799991607666,27.55699987411499,-0.4988952055852727
2020-09-28,41.78081130981445,25.467500686645508,26.190000534057617,27.71849994659424,-0.4752900737263205
2020-09-29,41.4755973815918,25.114736557006836,26.270000457763672,27.711499977111817,-0.5053349267181235
2020-09-30,41.85712432861328,25.33843994140625,26.3700008392334,27.723999977111816,-0.4520848689898162
2020-10-01,41.69602584838867,25.587955474853516,26.700000762939453,27.73050003051758,-0.4994149913798685
2020-10-02,41.8486328125,26.284866333007812,27.6299991607666,27.432000064849852,-0.5219907445182013
2020-10-05,41.865604400634766,27.231294631958008,27.959999084472656,27.292500019073486,-0.5872644473961215
2020-10-06,41.4925537109375,27.196880340576172,29.479999542236328,27.19350004196167,-0.6526449747420932
2020-10-07,42.01819610595703,27.928207397460938,28.059999465942383,27.15600004196167,-0.6098431142200119
2020-10-08,42.781246185302734,28.3756160736084,26.360000610351562,26.988500118255615,-0.503343830511689
2020-10-09,43.07798385620117,28.177722930908203,25.0,26.895000076293947,-0.43506661710542366
2020-10-12,43.31536865234375,28.564899444580078,25.06999969482422,26.85600004196167,-0.4198470382407776
2020-10-13,42.57777404785156,27.747529983520508,26.06999969482422,26.880000019073485,-0.49499285843540863
2020-10-14,42.492984771728516,27.351747512817383,26.399999618530273,26.897999954223632,-0.4818302711385093
2020-10-15,42.38277053833008,27.902395248413086,26.969999313354492,26.923499965667723,-0.5416544080848646
2020-10-16,42.41667938232422,27.962627410888672,27.40999984741211,27.002499961853026,-0.5398362415946935
2020-10-19,42.069068908691406,27.70450782775879,29.18000030517578,27.07249994277954,-0.5844302237594372
2020-10-20,42.60319519042969,28.186325073242188,29.350000381469727,27.196999931335448,-0.5220626755720801
2020-10-21,42.38277053833008,28.220741271972656,28.649999618530273,27.20049991607666,-0.5646487767593654
2020-10-22,42.96776580810547,29.38226890563965,28.110000610351562,27.180499935150145,-0.5421230013519049
2020-10-23,42.832122802734375,29.760835647583008,27.549999237060547,27.238999938964845,-0.5941436654937431
2020-10-26,42.2216796875,29.141357421875,32.459999084472656,27.552499866485597,-0.6604516049459078
2020-10-27,42.30646514892578,28.117490768432617,33.349998474121094,27.906499767303465,-0.5710725802617743
2020-10-28,40.661678314208984,27.532426834106445,40.279998779296875,28.60199966430664,-0.8280366374963305
2020-10-29,40.71255111694336,28.117490768432617,37.59000015258789,29.146499633789062,-0.8610413329511264
2020-10-30,40.746463775634766,28.521875381469727,38.02000045776367,29.665999698638917,-0.8840808584606173
2020-11-02,41.22124481201172,29.253206253051758,37.130001068115234,30.124499797821045,-0.8505320966717594
2020-11-03,41.84016036987305,30.079179763793945,35.54999923706055,30.427999782562257,-0.7975981367883848
2020-11-04,41.68754196166992,28.461654663085938,29.56999969482422,30.50349979400635,-0.7085278181231031
2020-11-05,41.91646194458008,29.476903915405273,27.579999923706055,30.56449975967407,-0.7402143371819093
2020-11-06,41.9249382019043,28.969284057617188,24.860000610351562,30.55749979019165,-0.7020065579714517
2020-11-09,44.570167541503906,32.8840446472168,25.75,30.59149980545044,-0.5035459963016005
2020-11-10,45.765586853027344,33.340057373046875,24.799999237060547,30.527999782562254,-0.3190105175693214
2020-11-11,45.42646026611328,32.52267837524414,23.450000762939453,30.380499839782715,-0.32166536918810035
2020-11-12,44.94319534301758,31.868783950805664,25.350000381469727,30.299499893188475,-0.36235083230666176
2020-11-13,45.31623458862305,32.6345329284668,23.100000381469727,30.083999919891358,-0.34979723205456603
2020-11-16,45.65536880493164,33.9853401184082,22.450000762939453,29.74749994277954,-0.3856709052255652
2020-11-17,45.5112419128418,33.87348937988281,22.709999084472656,29.415499877929687,-0.4038117616206666
2020-11-18,44.60406494140625,33.288429260253906,23.84000015258789,29.174999904632568,-0.5265882977274478
2020-11-19,45.04494094848633,33.434688568115234,23.110000610351562,28.924999904632568,-0.4569474704187192
2020-11-20,44.65493392944336,33.11635208129883,23.700000762939453,28.732499980926512,-0.5049048247004738
2020-11-23,44.663414001464844,33.70140838623047,22.65999984741211,28.242500019073486,-0.5456211586955035
2020-11-24,45.12124252319336,35.336158752441406,21.639999389648438,27.657000064849854,-0.5804110980859488
2020-11-25,44.875370025634766,34.81992721557617,21.25,26.70550012588501,-0.5878530406721381
2020-11-27,44.68037033081055,34.381126403808594,20.84000015258789,25.86800012588501,-0.5916329566542072
2020-11-30,44.09077835083008,33.22819900512695,20.56999969482422,24.995500087738037,-0.6156161781962339
2020-12-01,44.466758728027344,33.976749420166016,20.770000457763672,24.17750005722046,-0.6012852551712233
2020-12-02,44.52655792236328,34.57041549682617,21.170000076293945,23.458500099182128,-0.6332873786589682
2020-12-03,45.099063873291016,34.72528076171875,21.280000686645508,23.044000148773193,-0.5403217235419686
2020-12-04,46.01335144042969,35.39637756347656,20.790000915527344,22.704500198364258,-0.42246610358091313
2020-12-07,45.278507232666016,35.27592849731445,21.299999237060547,22.526500129699706,-0.5474506402956454
2020-12-08,45.440853118896484,35.232906341552734,20.68000030517578,22.273000144958495,-0.5148087560999137
2020-12-09,45.569026947021484,35.40497970581055,22.270000457763672,22.146500205993654,-0.5039200450421077
2020-12-10,45.32976531982422,35.55125045776367,22.520000457763672,22.100000190734864,-0.5580123520585621
2020-12-11,45.586116790771484,35.13825988769531,23.309999465942383,21.998000144958496,-0.4815456490414067
2020-12-14,45.517765045166016,34.9833869934082,24.719999313354492,22.079000091552736,-0.4827937826885548
2020-12-15,46.004798889160156,35.731929779052734,22.889999389648438,22.101000022888183,-0.4482591893451866
2020-12-16,45.338321685791016,35.800758361816406,22.5,22.09050006866455,-0.5744778973636779
2020-12-17,45.517765045166016,35.70612716674805,21.93000030517578,21.995000076293945,-0.5349978398205535
2020-12-18,45.91936111450195,35.1468620300293,21.56999969482422,21.91800003051758,-0.4215423628782182
2020-12-21,45.124698638916016,35.4146842956543,25.15999984741211,21.99099998474121,-0.5854543110811985
2020-12-22,45.08197021484375,35.128662109375,24.229999542236328,22.069499969482422,-0.5725679768513656
2020-12-23,45.355411529541016,36.14274597167969,23.309999465942383,22.15299997329712,-0.5960708889789428
2020-12-24,45.66301345825195,35.93473434448242,21.530000686645508,22.167000007629394,-0.525086357509876
2020-12-28,46.27824783325195,36.13408660888672,21.700000762939453,22.210000038146973,-0.42756077148549504
2020-12-29,46.25261306762695,35.570701599121094,23.079999923706055,22.335500049591065,-0.39153059512822147
2020-12-30,46.517486572265625,36.01272964477539,22.770000457763672,22.435500049591063,-0.37527216966124866
2020-12-31,46.85927963256836,36.24674987792969,22.75,22.514500045776366,-0.3299957917389838
2021-01-04,45.08197021484375,35.891395568847656,26.969999313354492,22.798999977111816,-0.6276607786127467
2021-01-05,44.58638381958008,36.33341979980469,25.34000015258789,23.026499938964843,-0.7497468090171905
2021-01-06,43.167964935302734,38.838279724121094,25.06999969482422,23.214999961853028,-1.1887169382007448
2021-01-07,42.6894416809082,39.635677337646484,22.3700008392334,23.299499988555908,-1.3333676823343306
2021-01-08,43.64645767211914,39.19365310668945,21.559999465942383,23.263999938964844,-1.1273372473346357
2021-01-11,42.8945198059082,39.679019927978516,24.079999923706055,23.34199991226196,-1.2991900338531734
2021-01-12,42.81761932373047,40.259727478027344,23.329999923706055,23.342999935150146,-1.3551248940394243
2021-01-13,42.8603515625,39.999698638916016,22.209999084472656,23.217499923706054,-1.328568864962794
2021-01-14,42.0656852722168,40.78843688964844,23.25,23.235499954223634,-1.5301076539271212
2021-01-15,41.6128044128418,39.904354095458984,24.34000015258789,23.32749996185303,-1.5486388974470997
2021-01-19,41.45047378540039,40.13837432861328,23.239999771118164,23.392999935150147,-1.5950739380851653
2021-01-20,41.595733642578125,39.83502197265625,21.579999923706055,23.39349994659424,-1.5467365433748728
2021-01-21,41.82643508911133,39.11564636230469,21.31999969482422,23.201499938964844,-1.4528057377445431
2021-01-22,41.43337631225586,39.384315490722656,21.90999984741211,23.085499954223632,-1.5437181249321759
2021-01-25,41.681175231933594,39.15898132324219,23.190000534057617,23.079500007629395,-1.4823618837493886
2021-01-26,42.11696243286133,38.61293029785156,23.020000457763672,23.153999996185302,-1.3636407372636175
2021-01-27,41.467559814453125,37.36484146118164,37.209999084472656,23.929499912261964,-1.3916312759128908
2021-01-28,41.99732971191406,38.01488494873047,30.209999084472656,24.285999870300294,-1.342207357700233
2021-01-29,41.14284896850586,37.03547668457031,33.09000015258789,24.801999855041505,-1.4269132086002414
2021-02-01,41.42483901977539,37.69419479370117,30.239999771118164,25.176499843597412,-1.4231925824713438
2021-02-02,41.83498001098633,38.50025939941406,25.559999465942383,25.105999851226805,-1.4068013692233061
2021-02-03,41.672630310058594,38.812278747558594,22.90999984741211,24.984499835968016,-1.4588738135070043
2021-02-04,41.877708435058594,39.96503448486328,21.770000457763672,24.81949987411499,-1.504829896958746
2021-02-05,42.4245719909668,39.904354095458984,20.8700008392334,24.74449987411499,-1.400960147289037
2021-02-08,42.655277252197266,40.66708755493164,21.239999771118164,24.72849988937378,-1.414082481700516
2021-02-09,42.46729278564453,41.05712127685547,21.6299991607666,24.605999851226805,-1.4764535013666933
2021-02-10,42.3818244934082,41.0831184387207,21.989999771118164,24.538999843597413,-1.4938798970821836
2021-02-11,42.9799690246582,40.814430236816406,21.25,24.49099988937378,-1.365656428414946
2021-02-12,43.31321334838867,41.1437873840332,19.969999313354492,24.326999855041503,-1.328821513428495
2021-02-16,42.95433807373047,42.09719467163086,21.459999084472656,24.18299980163574,-1.462974297548403
2021-02-17,42.83472442626953,42.05385971069336,21.5,24.095999813079835,-1.4816045895944265
2021-02-18,43.38157272338867,41.6031608581543,22.489999771118164,24.14149980545044,-1.3495662938597126
2021-02-19,42.81761932373047,42.80791091918945,22.049999237060547,24.177999782562257,-1.5391820681833763
2021-02-22,43.2619514465332,43.561973571777344,23.450000762939453,24.254999828338622,-1.5128145808341091
2021-02-23,43.18505096435547,43.98667526245117,23.110000610351562,24.25099983215332,-1.5574810224431779
2021-02-24,43.330299377441406,45.260772705078125,21.34000015258789,24.16699981689453,-1.6230860750266205
2021-02-25,42.868892669677734,44.02133560180664,28.889999389648438,23.75099983215332,-1.6175008573080987
2021-02-26,41.86061096191406,43.102603912353516,27.950000762939453,23.63799991607666,-1.7345692709788065
2021-03-01,42.638187408447266,44.619384765625,23.350000381469727,23.15099992752075,-1.7026688579726987
2021-03-02,42.80907440185547,44.78406524658203,24.100000381469727,22.84399995803833,-1.6834756696270743
2021-03-03,42.70653533935547,44.8013916015625,26.670000076293945,22.89949998855591,-1.7033813229735444
2021-03-04,42.67236328125,44.18601608276367,28.56999969482422,23.182499980926515,-1.6651489589071358
2021-03-05,43.39865493774414,45.24343490600586,24.65999984741211,23.326999950408936,-1.6093983416822615
2021-03-08,44.124969482421875,46.28351593017578,25.469999313354492,23.55699987411499,-1.5523912385358727
2021-03-09,43.458473205566406,45.572792053222656,24.030000686645508,23.69649991989136,-1.622305765864417
2021-03-10,43.95406723022461,46.63020706176758,22.559999465942383,23.742999935150145,-1.608523952492863
2021-03-11,43.4755744934082,46.890220642089844,21.90999984741211,23.738999938964845,-1.7143534987206506
2021-03-12,43.389404296875,47.722286224365234,20.690000534057617,23.710999965667725,-1.790130504621354
2021-03-15,43.966670989990234,47.36692810058594,20.030000686645508,23.714000034332276,-1.659444950965819
2021-03-16,44.130374908447266,46.734214782714844,19.790000915527344,23.63050012588501,-1.5839621815432237
2021-03-17,44.14759826660156,47.05490493774414,19.229999542236328,23.517000102996825,-1.603992552979855
2021-03-18,43.570350646972656,47.18490982055664,21.579999923706055,23.47150011062622,-1.7183972055132453
2021-03-19,43.77712631225586,46.72554397583008,20.950000762939453,23.416500186920167,-1.6475997343583182
2021-03-22,43.94082260131836,45.34793472290039,18.8799991607666,23.188000106811522,-1.5183139687104477
2021-03-23,44.27684020996094,43.952877044677734,20.299999237060547,23.04750003814697,-1.3564187730104749
2021-03-24,44.38884735107422,43.74361038208008,21.200000762939453,23.04050006866455,-1.3209266732203653
2021-03-25,44.819644927978516,44.98174285888672,19.809999465942383,22.586500072479247,-1.3319861450155066
2021-03-26,45.698455810546875,45.83620834350586,18.860000610351562,22.132000064849855,-1.2338293861333125
2021-03-29,46.396339416503906,44.65040969848633,20.739999771118164,22.001500034332274,-1.0212175747627827
2021-03-30,45.79322052001953,45.6269416809082,19.610000610351562,21.77700004577637,-1.2014740718258838
2021-03-31,45.414127349853516,45.23458480834961,19.399999618530273,21.413500022888183,-1.242099404739124
2021-04-01,45.241817474365234,45.57462692260742,17.329999923706055,20.851500034332275,-1.2980079335415098
2021-04-05,45.50029373168945,45.67053985595703,17.90999984741211,20.514000034332277,-1.2579131605192397
2021-04-06,45.82769012451172,45.50487518310547,18.1200008392334,20.14650011062622,-1.1863863233816503
2021-04-07,45.905242919921875,45.34793472290039,17.15999984741211,19.803000068664552,-1.1609418030142722
2021-04-08,45.76737976074219,45.417686462402344,16.950000762939453,19.522500133514406,-1.1910604270142944
2021-04-09,45.8190803527832,45.888511657714844,16.690000534057617,19.26150016784668,-1.2156629804168981
2021-04-12,45.965545654296875,46.16753387451172,16.90999984741211,19.072500133514403,-1.2091716343263919
2021-04-13,45.74153137207031,45.37409591674805,16.649999618530273,18.903500080108643,-1.1926142519774396
2021-04-14,45.73292541503906,45.8536376953125,16.989999771118164,18.763500022888184,-1.228817526052988
2021-04-15,45.94831466674805,45.70541000366211,16.56999969482422,18.630500030517577,-1.1789267889747084
2021-04-16,46.249874114990234,46.06289291381836,16.25,18.364000034332275,-1.1498876089562176
2021-04-19,46.52557373046875,45.888511657714844,17.290000915527344,18.18100004196167,-1.0871359711804147
2021-04-20,46.67204666137695,44.25804901123047,18.68000030517578,18.17100009918213,-0.9427197335373753
2021-04-21,47.051143646240234,45.225868225097656,17.5,18.0310001373291,-0.9436597770686174
2021-04-22,46.904666900634766,44.65040969848633,18.709999084472656,17.90650005340576,-0.9287413912462759
2021-04-23,46.93051528930664,46.237281799316406,17.329999923706055,17.782500076293946,-1.038659934153395
2021-04-26,46.232635498046875,46.498863220214844,17.639999389648438,17.72150001525879,-1.184514158057875
2021-04-27,46.16370391845703,46.90864562988281,17.559999465942383,17.5625,-1.2266532466511049
2021-04-28,46.172325134277344,46.882484436035156,17.280000686645508,17.446000003814696,-1.223195211533925
2021-04-29,46.74958801269531,47.440521240234375,17.610000610351562,17.35650005340576,-1.1584855428917924
2021-04-30,46.508338928222656,46.76042556762695,18.610000610351562,17.420500087738038,-1.1532503551322206
2021-05-03,46.93913650512695,47.03944778442383,18.309999465942383,17.44050006866455,-1.0950325836574033
2021-05-04,46.64620590209961,47.623600006103516,19.479999542236328,17.508500003814696,-1.190516984816804
2021-05-05,46.52557373046875,47.78927993774414,19.149999618530273,17.607999992370605,-1.2244298695212275
2021-05-06,46.99083709716797,47.824153900146484,18.389999389648438,17.679999923706056,-1.1423069880324195
2021-05-07,46.96498489379883,47.89390563964844,16.690000534057617,17.679999923706056,-1.152048304039532
2021-05-10,47.30962371826172,47.423072814941406,19.65999984741211,17.817499923706055,-1.055342160161988
2021-05-11,46.8012809753418,46.98712158203125,21.84000015258789,18.076999950408936,-1.116332039688806
2021-05-12,46.56005096435547,45.80132293701172,27.59000015258789,18.606999969482423,-1.0745660824073848
2021-05-13,46.96498489379883,47.29228973388672,23.1299991607666,18.93499994277954,-1.10859314231693
2021-05-14,47.15452575683594,48.08572769165039,18.809999465942383,19.06299991607666,-1.1314220136939768
2021-05-17,47.076995849609375,48.329856872558594,19.719999313354492,19.18449983596802,-1.163160075952668
2021-05-18,46.81851577758789,47.52769470214844,21.34000015258789,19.317499828338622,-1.1522426383432804
2021-05-19,46.67204666137695,47.283565521240234,22.18000030517578,19.551499843597412,-1.1612550281958742
2021-05-20,47.085609436035156,47.19638442993164,20.670000076293945,19.649499893188477,-1.0797215185214684
2021-05-21,47.05976104736328,47.72824478149414,20.149999618530273,19.790499877929687,-1.1228405872929723
2021-05-24,47.214839935302734,47.53643798828125,18.399999618530273,19.82849988937378,-1.0807739088838764
2021-05-25,47.206233978271484,46.53372573852539,18.84000015258789,19.892499923706055,-1.0099128784791698
2021-05-26,47.41300582885742,47.24868392944336,17.360000610351562,19.896499919891358,-1.0239383947216896
2021-05-27,47.80933380126953,47.972381591796875,16.739999771118164,19.852999877929687,-1.0041106545322729
2021-05-28,47.637020111083984,47.937496185302734,16.760000228881836,19.7604998588562,-1.032938585259306
2021-06-01,47.62841796875,48.35601043701172,17.899999618530273,19.739999866485597,-1.064733101965757
2021-06-02,47.81795120239258,47.92007064819336,17.479999542236328,19.639999866485596,-0.9987644976335558
2021-06-03,47.938575744628906,48.0159797668457,18.040000915527344,19.58449993133545,-0.9837477714152774
2021-06-04,48.45552062988281,47.998538970947266,16.420000076293945,19.485999965667723,-0.8884441275526267
2021-06-07,48.28322219848633,48.11188507080078,16.420000076293945,19.472499942779542,-0.9279761536727756
2021-06-08,47.94719696044922,48.15548324584961,17.06999969482422,19.342999935150146,-0.9922558181146544
2021-06-09,47.80072021484375,47.48411178588867,17.889999389648438,19.145499897003173,-0.9704095701961155
2021-06-10,48.171207427978516,46.54244613647461,16.100000381469727,18.570999908447266,-0.8349924209370757
2021-06-11,48.38660430908203,46.77786636352539,15.649999618530273,18.196999931335448,-0.8128114687470048
2021-06-14,48.22166061401367,46.08905029296875,16.389999389648438,18.07599992752075,-0.7930647364764469
2021-06-15,48.10013961791992,46.69938659667969,17.020000457763672,17.94099998474121,-0.8592571768530032
2021-06-16,47.45774841308594,47.135353088378906,18.149999618530273,17.78149995803833,-1.007612743536103
2021-06-17,47.70082092285156,45.00789260864258,17.75,17.55999994277954,-0.8097243524319975
2021-06-18,46.67649459838867,43.53437042236328,20.700000762939453,17.561499977111815,-0.8896387143400714
2021-06-21,47.18864440917969,45.05186462402344,17.889999389648438,17.448499965667725,-0.906076892034332
2021-06-22,47.362274169921875,44.981781005859375,16.65999984741211,17.361499977111816,-0.8694275482538509
2021-06-23,46.98031997680664,45.086917877197266,16.31999969482422,17.235499954223634,-0.9465077064645249
2021-06-24,47.21469497680664,45.72650909423828,15.970000267028809,17.165999937057496,-0.9500677777670934
2021-06-25,47.153926849365234,46.31352996826172,15.619999885559082,17.10999994277954,-1.0035238164445002
2021-06-28,47.10184860229492,45.22709655761719,15.760000228881836,17.05999994277954,-0.9345241303825956
2021-06-29,46.754615783691406,44.911678314208984,16.020000457763672,16.96599998474121,-0.9749106840175943
2021-06-30,46.97163772583008,44.96425247192383,15.829999923706055,16.883500003814696,-0.939226989946606
2021-07-01,46.8414192199707,45.41984939575195,15.479999542236328,16.755499935150148,-0.9958247628192881
2021-07-02,47.03240203857422,44.95549011230469,15.069999694824219,16.68799991607666,-0.9275396853221213
2021-07-06,46.771976470947266,43.755165100097656,16.440000534057617,16.688999938964844,-0.8882165805738912
2021-07-07,47.153926849365234,43.562400817871094,16.200000762939453,16.645499992370606,-0.8048077236599788
2021-07-08,46.98900604248047,42.782630920410156,19.0,16.701000022888184,-0.7784871653441174
2021-07-09,47.27545928955078,44.42103576660156,16.18000030517578,16.705000019073488,-0.8447180811030707
2021-07-12,47.29282760620117,44.66635513305664,16.170000076293945,16.73100004196167,-0.8592779935446063
2021-07-13,47.7615852355957,43.676300048828125,17.1200008392334,16.767500114440917,-0.7024880443145811
2021-07-14,48.83800506591797,43.51859664916992,16.329999923706055,16.733000087738038,-0.49527207372577414
2021-07-15,48.99424743652344,43.947906494140625,17.010000228881836,16.676000118255615,-0.497857445739257
2021-07-16,48.95954132080078,42.84395980834961,18.450000762939453,16.711000156402587,-0.42443238209207074
2021-07-19,48.37791442871094,41.3544921875,22.5,16.801000118255615,-0.42265802620286297
2021-07-20,48.46472930908203,42.51978302001953,19.729999542236328,16.89300012588501,-0.49103426857065297
2021-07-21,49.089744567871094,43.404693603515625,17.90999984741211,16.95550012588501,-0.4412477044683445
2021-07-22,49.02029800415039,42.51978302001953,17.690000534057617,17.02400016784668,-0.3899638480148731
2021-07-23,49.48905563354492,42.75634002685547,17.200000762939453,17.08550019264221,-0.3217729971092465
2021-07-26,49.5324592590332,43.11555480957031,17.579999923706055,17.18350019454956,-0.33982325240123656
2021-07-27,49.706077575683594,42.91404342651367,19.360000610351562,17.36350021362305,-0.2936828659189463
2021-07-28,49.254676818847656,43.501075744628906,18.309999465942383,17.478000164031982,-0.41820457789241966
2021-07-29,49.523780822753906,43.8427734375,17.700000762939453,17.57150020599365,-0.39392959404741523
2021-07-30,49.50641632080078,43.334598541259766,18.239999771118164,17.709500217437743,-0.3603827383486364
2021-08-02,49.3762092590332,43.054229736328125,19.459999084472656,17.929000186920167,-0.36381908050477274
2021-08-03,49.410926818847656,43.74639892578125,18.040000915527344,18.00900020599365,-0.40749906917590906
2021-08-04,48.69910430908203,43.29079818725586,17.969999313354492,18.097500133514405,-0.5040871889738939
2021-08-05,49.04634094238281,44.1143798828125,17.280000686645508,18.01150016784668,-0.5004049632569044
2021-08-06,49.16787338256836,45.411094665527344,16.149999618530273,18.010000133514403,-0.5719581510355712
2021-08-09,49.176551818847656,45.15700912475586,16.719999313354492,18.03750009536743,-0.5520265621209419
2021-08-10,49.30677032470703,45.612606048583984,16.790000915527344,18.021000099182128,-0.5612449946233636
2021-08-11,49.24599075317383,46.34857940673828,16.170000076293945,18.013000106811525,-0.6254620633058992
2021-08-12,49.34148025512695,46.18209457397461,15.59000015258789,17.942000102996825,-0.5960650561743774
2021-08-13,49.68003845214844,45.82288360595703,15.449999809265137,17.79200005531311,-0.5085276442094355
2021-08-16,49.897056579589844,45.595088958740234,16.1200008392334,17.47300009727478,-0.45259339802581144
2021-08-17,49.723445892333984,44.92919921875,17.90999984741211,17.382000112533568,-0.43607937205476033
2021-08-18,49.04634094238281,44.52617263793945,21.56999969482422,17.565000104904176,-0.5301490584493032
2021-08-19,49.358848571777344,43.91286849975586,21.670000076293945,17.76400008201599,-0.42899749211998583
2021-08-20,49.16787338256836,44.631309509277344,18.559999465942383,17.832000017166138,-0.5156336926075232
2021-08-23,48.99424743652344,45.02558135986328,17.149999618530273,17.81050000190735,-0.575698698149411
2021-08-24,48.62098693847656,45.3585205078125,17.219999313354492,17.703499937057494,-0.6676516048982323
2021-08-25,48.673065185546875,45.83164978027344,16.790000915527344,17.627500009536742,-0.6923518795671391
2021-08-26,48.21298599243164,45.23585510253906,18.84000015258789,17.684499979019165,-0.7330159254470232
2021-08-27,48.308475494384766,46.30476379394531,16.389999389648438,17.591999959945678,-0.7928523060463141
2021-08-30,48.7685546875,45.3585205078125,16.190000534057617,17.428500032424928,-0.6408057178159273
2021-08-31,48.88140106201172,45.67394256591797,16.479999542236328,17.350499963760377,-0.6430595968902065
2021-09-01,49.211265563964844,45.33223342895508,16.110000610351562,17.25750002861023,-0.5583679334676568
2021-09-02,49.280731201171875,45.367279052734375,16.40999984741211,17.21399998664856,-0.5482619455745181
2021-09-03,49.24599075317383,45.20081329345703,16.40999984741211,17.22699999809265,-0.5425580682574148
2021-09-07,48.325843811035156,44.990535736083984,18.139999389648438,17.298000001907347,-0.6947649548621789
2021-09-08,48.976890563964844,44.50864791870117,17.959999084472656,17.356499910354614,-0.541517818316466
2021-09-09,48.49076843261719,44.648834228515625,18.799999237060547,17.487999868392944,-0.6400801103704528
2021-09-10,48.27375030517578,44.17570495605469,20.950000762939453,17.755999898910524,-0.6453861035555606
2021-09-13,48.673065185546875,44.789024353027344,19.3700008392334,17.951999950408936,-0.6170422740145538
2021-09-14,48.70805358886719,43.834014892578125,19.459999084472656,18.118999862670897,-0.5416960583239633
2021-09-15,48.87422561645508,44.46484375,18.18000030517578,18.13249988555908,-0.5570308700459551
2021-09-16,48.41067886352539,44.23704147338867,18.690000534057617,17.988499927520753,-0.6249061061534701
2021-09-17,47.61476516723633,44.263328552246094,20.809999465942383,17.945499897003174,-0.7715994143604579
2021-09-20,47.282413482666016,43.24795150756836,25.709999084472656,18.302999877929686,-0.758720213786661
2021-09-21,47.27366256713867,43.09823989868164,24.360000610351562,18.663499927520753,-0.749498421606738
2021-09-22,47.3436393737793,43.79393768310547,20.8700008392334,18.846000003814698,-0.7870188345812913
2021-09-23,47.26491928100586,45.2822151184082,18.6299991607666,18.93799991607666,-0.908839166684174
2021-09-24,47.13371658325195,45.6520881652832,17.75,18.883499908447266,-0.9594240871431966
2021-09-27,46.88882064819336,47.24604034423828,18.760000228881836,19.001999950408937,-1.1191085011974435
2021-09-28,46.040428161621094,46.823326110839844,23.25,19.354999923706053,-1.2429171829462917
2021-09-29,46.320316314697266,47.2196159362793,22.559999465942383,19.658999919891357,-1.2206235503185965
2021-09-30,45.89175033569336,46.594364166259766,23.139999389648438,20.0104998588562,-1.253426927386472
2021-10-01,46.3727912902832,47.66874313354492,21.100000381469727,20.244999885559082,-1.2435179635231626
2021-10-04,46.346553802490234,47.7744140625,22.959999084472656,20.57249984741211,-1.2559238410319944
2021-10-05,46.42527389526367,48.0297966003418,21.299999237060547,20.730499839782716,-1.2600493580939338
2021-10-06,46.97629165649414,47.932926177978516,21.0,20.88249988555908,-1.1528098323557903
2021-10-07,47.12497329711914,48.30279541015625,19.540000915527344,20.919499969482423,-1.152477231509975
2021-10-08,47.33489227294922,48.53175735473633,18.770000457763672,20.810499954223634,-1.1308263467735662
2021-10-11,47.43109130859375,48.0914421081543,20.0,20.84199991226196,-1.081521286264506
2021-10-12,47.43109130859375,48.0914421081543,19.850000381469727,20.861499977111816,-1.081521286264506
2021-10-13,47.43983840942383,47.95054244995117,18.639999389648438,20.884499931335448,-1.06975270571658
2021-10-14,47.763458251953125,48.59341049194336,16.860000610351562,20.792999935150146,-1.0573138237191062
2021-10-15,47.64974594116211,48.69027328491211,16.299999237060547,20.567499923706055,-1.0849971175445876
2021-10-18,47.17744827270508,48.83998107910156,16.309999465942383,20.097499942779542,-1.1817321732365407
2021-10-19,47.36112976074219,48.963279724121094,15.699999809265137,19.66449990272522,-1.157222338417611
2021-10-20,47.780948638916016,50.0728759765625,15.489999771118164,19.395499849319457,-1.1609948155024383
2021-10-21,47.536041259765625,49.79987335205078,15.010000228881836,19.21449990272522,-1.185829785567756
2021-10-22,47.623512268066406,50.169742584228516,15.430000305175781,19.098499917984007,-1.1966327731854576
2021-10-25,47.43109130859375,50.25780487060547,15.239999771118164,18.922499895095825,-1.2379992704576703
2021-10-26,47.64099884033203,49.87913513183594,15.979999542236328,18.558999872207643,-1.172460781872541
2021-10-27,48.55936050415039,48.24995803833008,16.979999542236328,18.279999876022337,-0.8877135079109786
2021-10-28,49.01417541503906,48.93686294555664,16.530000686645508,17.949499940872194,-0.8545881124193773
2021-10-29,49.302799224853516,48.734310150146484,16.260000228881836,17.707499933242797,-0.7874504223749027
2021-11-01,49.127872467041016,50.169742584228516,16.40999984741211,17.379999971389772,-0.9229558735915504
2021-11-02,49.06664276123047,49.984806060791016,16.030000686645508,17.116500043869017,-0.9207368301160582
2021-11-03,49.232826232910156,50.97991943359375,15.100000381469727,16.821500062942505,-0.962382099807573
2021-11-04,49.50395584106445,50.22257995605469,15.4399995803833,16.616499996185304,-0.8583543455927216
2021-11-05,49.713871002197266,50.68931579589844,16.479999542236328,16.501999950408937,-0.8538787391060979
2021-11-08,49.26781463623047,50.72453689575195,17.219999313354492,16.36299991607666,-0.9375704540580788
2021-11-09,49.40776062011719,50.46034622192383,17.780000686645508,16.259499931335448,-0.8930284494761581
2021-11-10,49.60891342163086,50.46034622192383,18.729999542236328,16.263999938964844,-0.856434238129425
2021-11-11,49.62641143798828,50.77737808227539,17.65999984741211,16.30399990081787,-0.8761504017420368
2021-11-12,49.51271057128906,50.5836296081543,16.290000915527344,16.30349998474121,-0.8828405469233122
2021-11-15,49.521453857421875,50.72453689575195,16.489999771118164,16.3125,-0.8914277844245752
2021-11-16,49.17159652709961,50.68931579589844,16.3700008392334,16.346000051498415,-0.9525306425364045
2021-11-17,48.90047073364258,50.187355041503906,17.110000610351562,16.427000093460084,-0.965597515862383
2021-11-18,48.46316146850586,49.97599792480469,17.59000015258789,16.556000089645387,-1.0298874098555493
2021-11-19,48.21825408935547,49.62374496459961,17.90999984741211,16.680000066757202,-1.0489980695741106
2021-11-22,48.515625,50.24899673461914,19.170000076293945,16.87650008201599,-1.0400620213381715
2021-11-23,48.87422561645508,50.97991943359375,19.3799991607666,17.046500062942506,-1.0276196040773506
2021-11-24,48.480648040771484,50.83021926879883,18.579999923706055,17.12650008201599,-1.088407249019902
2021-11-26,46.99378204345703,48.487735748291016,28.6200008392334,17.731000089645384,-1.1897022437356808
2021-11-29,47.737213134765625,48.50533676147461,22.959999084472656,18.066000032424927,-1.0557267691764203
2021-11-30,46.23000717163086,47.26364517211914,27.190000534057617,18.605000066757203,-1.2402330755346807
2021-12-01,46.0977897644043,46.68242263793945,31.1200008392334,19.359500074386595,-1.2223042573486163
2021-12-02,46.77647018432617,48.285179138183594,27.950000762939453,20.002000093460083,-1.21460533678045
2021-12-03,47.190738677978516,47.0875244140625,30.670000076293945,20.763500118255614,-1.0527331093653032
2021-12-06,48.398277282714844,48.2763786315918,27.18000030517578,21.29850015640259,-0.9189265418932479
2021-12-07,48.66270065307617,48.461307525634766,21.889999389648438,21.532000160217287,-0.8841795441325362
2021-12-08,48.47758865356445,48.37324905395508,19.899999618530273,21.638000106811525,-0.9114950448876524
2021-12-09,48.35420227050781,47.9593505859375,21.579999923706055,21.78050012588501,-0.9040456061327206
2021-12-10,49.605804443359375,48.06502151489258,18.690000534057617,21.832000160217284,-0.6839837563368178
2021-12-13,50.91029357910156,46.92900085449219,20.309999465942383,22.03300008773804,-0.36461227881368347
2021-12-14,50.9455451965332,47.290061950683594,21.889999389648438,22.303000068664552,-0.3842789280066766
2021-12-15,51.17471694946289,47.54545211791992,19.290000915527344,22.449000072479247,-0.3610344608717685
2021-12-16,51.69475173950195,47.70396041870117,20.56999969482422,22.62200002670288,-0.2778776273011716
2021-12-17,50.883853912353516,46.594364166259766,21.56999969482422,22.821000003814696,-0.3452511924506227
2021-12-20,50.71638488769531,45.72542953491211,22.8700008392334,23.069000053405762,-0.3129537775070618
2021-12-21,50.91910171508789,47.144100189208984,21.010000228881836,23.161000061035157,-0.37854666509325197
2021-12-22,51.28048324584961,47.53422164916992,18.6299991607666,23.123500061035156,-0.3409820115858023
2021-12-23,51.31574249267578,47.942100524902344,17.959999084472656,23.092500019073487,-0.36402895565507015
2021-12-27,51.69475173950195,48.553897857666016,17.68000030517578,22.545499992370605,-0.3392692369820163
2021-12-28,51.89748001098633,48.57163619995117,17.540000915527344,22.27450008392334,-0.3036696658509081
2021-12-29,51.95917510986328,48.624839782714844,16.950000762939453,21.762500095367432,-0.29628887616612026
2021-12-30,51.80933380126953,48.3942985534668,17.329999923706055,21.073000049591066,-0.30689621132914424
2021-12-31,52.18833541870117,48.37656784057617,17.219999313354492,20.536499977111816,-0.23666660438831108
2022-01-03,52.267669677734375,49.33417892456055,16.600000381469727,19.832999992370606,-0.29140287794965186
2022-01-04,53.14026641845703,50.66416549682617,16.90999984741211,19.319499969482422,-0.22872385077614762
2022-01-05,53.580963134765625,50.282901763916016,19.729999542236328,19.211499977111817,-0.12101226118631539
2022-01-06,53.29892349243164,51.99415969848633,19.610000610351562,19.19700002670288,-0.29592703109783564
2022-01-07,53.175514221191406,52.5616340637207,18.760000228881836,19.05600004196167,-0.35936704161416777
2022-01-10,53.26366424560547,52.5616340637207,19.399999618530273,19.091499996185302,-0.34333057282350743
2022-01-11,53.281288146972656,52.87196350097656,18.40999984741211,18.99650001525879,-0.3625397141500424
2022-01-12,53.360618591308594,53.01383590698242,17.6200008392334,18.78300008773804,-0.35835527380306587
2022-01-13,53.67792510986328,53.235504150390625,20.309999465942383,18.834000015258788,-0.31664135430093804
2022-01-14,54.10981750488281,53.563575744628906,19.190000534057617,18.76500005722046,-0.2617672836284472
2022-01-18,53.67792510986328,52.5084342956543,22.790000915527344,18.826000118255614,-0.2641245610801986
2022-01-19,53.76605987548828,51.04543685913086,23.850000381469727,18.875000095367433,-0.14241748158992001
2022-01-20,53.545711517333984,49.86616134643555,25.59000015258789,19.104000091552734,-0.0973238534459685
2022-01-21,53.281288146972656,48.87310028076172,28.850000381469727,19.61500015258789,-0.07369886689719986
2022-01-24,52.849388122558594,49.387367248535156,29.899999618530273,20.212000179290772,-0.18941706270759465
2022-01-25,52.72600555419922,49.4937629699707,31.15999984741211,20.886000156402588,-0.21954816399595145
2022-01-26,52.5320930480957,49.16569900512695,31.959999084472656,21.607000064849853,-0.2311289002724565
2022-01-27,52.5761604309082,48.128299713134766,30.489999771118164,22.28400001525879,-0.14817993589644063
2022-01-28,53.625030517578125,48.3942985534668,27.65999984741211,22.800500011444093,0.023419791620732287
2022-01-31,53.774879455566406,48.793296813964844,24.829999923706055,23.18100004196167,0.02186073881351965
2022-02-01,53.37823486328125,49.538089752197266,21.959999084472656,23.448999977111818,-0.10409476355828023
2022-02-02,53.92471694946289,49.413963317871094,22.09000015258789,23.707999992370606,0.004288342940775747
2022-02-03,54.30372619628906,49.10363006591797,24.350000381469727,23.939000034332274,0.09565423559370721
2022-02-04,53.73080825805664,49.98143005371094,23.219999313354492,24.119499969482423,-0.07197654404419579
2022-02-07,54.2949104309082,50.27403259277344,22.860000610351562,24.324499988555907,0.009511409979957206
2022-02-08,54.64748001098633,51.55970001220703,21.440000534057617,24.426500034332275,-0.019212975049561598
2022-02-09,53.801326751708984,51.213897705078125,19.959999084472656,24.503999996185303,-0.14816969637811295
2022-02-10,54.10099792480469,51.11636734008789,23.90999984741211,24.818499946594237,-0.08660809069700755
2022-02-11,53.14026641845703,50.79716491699219,27.360000610351562,25.171000003814697,-0.23833049723774344
2022-02-14,53.48401641845703,50.35383987426758,28.329999923706055,25.62799997329712,-0.14377295792047018
2022-02-15,53.686737060546875,51.60403060913086,25.700000762939453,25.773499965667725,-0.19719572236873317
2022-02-16,53.67792510986328,51.73703384399414,24.290000915527344,25.795499992370605,-0.20840573606452892
2022-02-17,54.753238677978516,50.11443328857422,28.110000610351562,25.92150001525879,0.104419585329697
2022-02-18,55.12343978881836,50.11443328857422,27.75,25.866499996185304,0.1717674800093932
2022-02-22,54.89426803588867,49.733158111572266,28.809999465942383,25.811999988555907,0.1576157802122936
2022-02-23,54.28608703613281,48.91743087768555,31.020000457763672,25.805000019073486,0.105894581331996
2022-02-24,53.334171295166016,48.11055374145508,30.31999969482422,25.723000049591064,-0.008998934405587494
2022-02-25,55.39667510986328,50.16762924194336,27.59000015258789,25.57800006866455,0.217632737177309
2022-02-28,54.85901641845703,50.20309829711914,30.149999618530273,25.70250005722046,0.1172585923627716
2022-03-01,54.62103271484375,47.684959411621094,33.31999969482422,26.127000045776366,0.2558510465835499
2022-03-02,55.026485443115234,49.67997360229492,30.739999771118164,26.566000080108644,0.18551065187112795
2022-03-03,55.061737060546875,49.3430290222168,30.479999542236328,26.985500049591064,0.2162614687974567
2022-03-04,55.14987564086914,47.53422164916992,31.979999542236328,27.367000007629393,0.36294734968219106
2022-03-07,53.83657455444336,45.53036117553711,36.45000076293945,28.028500080108643,0.26876871647895756
2022-03-08,51.70355987548828,45.77863311767578,35.130001068115234,28.642000102996825,-0.13720741499756797
2022-03-09,51.96798324584961,47.374629974365234,32.45000076293945,29.192500114440918,-0.2043828995567824
2022-03-10,51.01606750488281,47.20616149902344,30.229999542236328,29.706000137329102,-0.3653891449252475
2022-03-11,51.05131912231445,47.152957916259766,30.75,30.048000144958497,-0.3551331500399354
2022-03-14,51.99276351928711,47.374629974365234,31.770000457763672,30.268500137329102,-0.1998748113940626
2022-03-15,52.95198059082031,47.516502380371094,29.829999923706055,30.3435001373291,-0.03561923629516888
2022-03-16,52.80986785888672,48.97949981689453,26.670000076293945,30.392000102996825,-0.16714611989605171
2022-03-17,53.36941146850586,48.465232849121094,25.670000076293945,30.461000061035158,-0.02820668978566193
2022-03-18,53.378292083740234,48.40316390991211,23.8700008392334,30.249000072479248,-0.02210782109191482
2022-03-21,53.80461120605469,48.13101577758789,23.530000686645508,30.038000106811523,0.07510666079809036
2022-03-22,54.000003814697266,48.96084976196289,22.940000534057617,29.744500160217285,0.05071344142946193
2022-03-23,53.644744873046875,47.452850341796875,23.56999969482422,29.37200012207031,0.09500777601176628
2022-03-24,54.15987014770508,47.87224197387695,21.670000076293945,28.9395001411438,0.158427662571512
2022-03-25,54.64835739135742,48.63070297241211,20.809999465942383,28.600500106811523,0.1925102620969659
2022-03-28,54.99473571777344,48.24700927734375,19.6299991607666,28.07450008392334,0.2832387366725396
2022-03-29,55.20789337158203,49.03224182128906,18.899999618530273,27.353500080108642,0.26529897294342397
2022-03-30,55.25230026245117,47.684852600097656,19.329999923706055,26.78300008773804,0.37070050325852155
2022-03-31,55.065799713134766,46.71224594116211,20.559999465942383,26.28700008392334,0.407023963736911
2022-04-01,55.8384895324707,46.2928581237793,19.6299991607666,25.669500064849853,0.5778862842614628
2022-04-04,55.5453987121582,46.06085968017578,18.56999969482422,24.77550001144409,0.5413239020153784
2022-04-05,55.48323059082031,45.480865478515625,21.030000686645508,24.070499992370607,0.5719075348482338
2022-04-06,56.042762756347656,44.70455551147461,22.100000381469727,23.55299997329712,0.7297724426194201
2022-04-07,56.34474182128906,44.15132141113281,21.549999237060547,23.11899995803833,0.824669723412293
2022-04-08,56.69111633300781,44.18701934814453,21.15999984741211,22.639499950408936,0.885104536315262
2022-04-11,56.67335891723633,44.31194305419922,24.3700008392334,22.26949996948242,0.8728507319955974
2022-04-12,57.33946990966797,43.85686111450195,24.260000228881836,21.99099998474121,1.0269021835979761
2022-04-13,57.49046325683594,44.47254943847656,21.81999969482422,21.748499965667726,1.0098996410066767
2022-04-14,57.74802017211914,44.05316925048828,22.700000762939453,21.6,1.0870471682429785
2022-04-18,57.23289489746094,44.22270965576172,22.170000076293945,21.51499996185303,0.9810882851545164
2022-04-19,57.792442321777344,45.570091247558594,21.3700008392334,21.40699996948242,0.9855601572380087
2022-04-20,58.582889556884766,45.9270133972168,20.31999969482422,21.27599992752075,1.103579507480424
2022-04-21,58.804935455322266,45.123939514160156,22.68000030517578,21.23149995803833,1.2019812626836384
2022-04-22,57.95230484008789,43.99070739746094,28.209999084472656,21.558499908447267,1.1287228022518319
2022-04-25,58.56513595581055,44.062095642089844,27.020000457763672,21.86899995803833,1.2350541172181717
2022-04-26,57.77467346191406,42.75040054321289,33.52000045776367,22.563500022888185,1.18599594716381
2022-04-27,58.227622985839844,42.74148178100586,31.600000381469727,23.198500061035155,1.269041845032981
2022-04-28,58.78717803955078,43.357173919677734,29.989999771118164,23.73150005340576,1.3263655753028478
2022-04-29,57.38388442993164,41.991943359375,33.400001525878906,24.37350015640259,1.1696865705506025
2022-05-02,56.34474182128906,42.58086395263672,32.34000015258789,25.00900020599365,0.9381050268739067
2022-05-03,56.02500534057617,43.27687454223633,29.25,25.54300022125244,0.8296644220298255
2022-05-04,57.75690841674805,44.44578552246094,25.420000076293945,25.762500190734862,1.0603051758859496
2022-05-05,57.29507064819336,43.09840393066406,31.200000762939453,26.21750020980835,1.073608884190374
2022-05-06,57.49934387207031,42.625492095947266,30.190000534057617,26.6495002746582,1.1449295419360883
2022-05-09,57.38388442993164,41.9027099609375,34.75,27.3290002822876,1.1761319649010875
2022-05-10,56.850990295410156,41.34947967529297,32.9900016784668,27.76000032424927,1.1191467886548827
2022-05-11,57.11743927001953,40.59994125366211,32.560001373291016,28.175000381469726,1.2217595544908824
2022-05-12,57.29507064819336,40.59994125366211,31.770000457763672,28.6725004196167,1.2540746907742948
2022-05-13,58.369747161865234,41.117488861083984,28.8700008392334,28.981000423431396,1.4121996333809768
2022-05-16,58.582889556884766,40.72486877441406,27.469999313354492,29.246000385284425,1.479334260177726
2022-05-17,58.42302322387695,42.30424880981445,26.100000381469727,29.48250036239624,1.3361711967232162
2022-05-18,54.35527038574219,41.29594421386719,30.959999084472656,30.01450033187866,0.6689862033319167
2022-05-19,53.28947830200195,40.9747200012207,29.350000381469727,30.34800033569336,0.4982969540528023
2022-05-20,54.15987014770508,40.9747200012207,29.43000030517578,30.409000396728516,0.6566407748519791
2022-05-23,55.82960510253906,42.009796142578125,28.479999542236328,30.48200035095215,0.8856387408653378
2022-05-24,56.85987091064453,41.697486877441406,29.450000762939453,30.278500366210938,1.0956255544381106
2022-05-25,56.9042854309082,42.30424880981445,28.3700008392334,30.117000389099122,1.059878689942534
2022-05-26,57.108558654785156,43.30363464355469,27.5,29.992500400543214,1.024854198442893
2022-05-27,57.4460563659668,43.96393966674805,25.719999313354492,29.608500289916993,1.038558290320981
2022-05-31,56.29145431518555,43.90148162841797,26.190000534057617,29.301000308990478,0.8330216417599186
2022-06-01,56.01612091064453,43.32147979736328,25.690000534057617,29.12300033569336,0.8248262741713085
2022-06-02,56.60230255126953,44.15132141113281,24.719999313354492,29.088000297546387,0.8715258035493799
2022-06-03,55.92730712890625,43.55348205566406,24.790000915527344,28.76750030517578,0.7919113583539689
2022-06-06,55.8384895324707,43.74086380004883,25.06999969482422,28.51150026321411,0.762218721271188
2022-06-07,56.175987243652344,44.14241027832031,24.020000457763672,27.975000286102294,0.7946131341813448
2022-06-08,55.85625457763672,43.41071701049805,23.959999084472656,27.523500156402587,0.7892973286168916
2022-06-09,54.888160705566406,42.10793685913086,26.09000015258789,27.200000095367432,0.7072800890285583
2022-06-10,54.541786193847656,40.65348815917969,27.75,26.999000072479248,0.7493226927915269
2022-06-13,54.47960662841797,39.31502151489258,34.02000045776367,27.256500053405762,0.8346892690510307
2022-06-14,52.98566818237305,39.484561920166016,32.689998626708984,27.517500019073488,0.5506622914933144
2022-06-15,53.3792724609375,39.73440170288086,29.6200008392334,27.69350004196167,0.6042216356414633
2022-06-16,52.84253692626953,38.20856857299805,32.95000076293945,27.79300012588501,0.6167894450580768
2022-06-17,53.164581298828125,38.735023498535156,31.1299991607666,27.882000064849855,0.6373503191719968
2022-06-21,54.300689697265625,39.38713073730469,30.190000534057617,27.920000076293945,0.7969317593604552
2022-06-22,54.7032585144043,39.41408157348633,28.950000762939453,27.943500137329103,0.8682213877855647
2022-06-23,55.35628890991211,39.01886749267578,29.049999237060547,27.923500061035156,1.0155688853763214
2022-06-24,56.39399719238281,40.42009735107422,27.229999542236328,27.866499996185304,1.1031394542264576
2022-06-27,56.277706146240234,40.36619186401367,26.950000762939453,27.839000034332276,1.085877134885001
2022-06-28,55.71411895751953,40.11469650268555,28.360000610351562,27.971000099182127,1.001513666194474
2022-06-29,56.11668014526367,39.7823600769043,28.15999984741211,28.069500064849855,1.0987534912587256
2022-06-30,56.277706146240234,39.41408157348633,28.709999084472656,28.220499992370605,1.1546487651832975
2022-07-01,57.59272003173828,40.078765869140625,26.700000762939453,28.319500064849855,1.3458686805523572
2022-07-05,56.60869216918945,40.22248077392578,27.540000915527344,28.457000064849854,1.156471282829391
2022-07-06,56.7249870300293,39.91708755493164,26.729999542236328,28.54000005722046,1.1996867073624677
2022-07-07,56.277706146240234,40.402130126953125,26.079999923706055,28.643000030517577,1.0832812875792595
2022-07-08,56.483455657958984,40.28535079956055,24.639999389648438,28.677000045776367,1.1291468008953849
2022-07-11,56.304534912109375,39.87217330932617,26.170000076293945,28.68100004196167,1.1264412153129746
2022-07-12,56.06300354003906,39.93505096435547,27.290000915527344,28.65800008773804,1.0779595357922056
2022-07-13,55.803585052490234,39.3332405090332,26.81999969482422,28.298000049591064,1.0742347020199474
2022-07-14,55.624656677246094,38.72244644165039,26.399999618530273,27.98350009918213,1.0858017199692946
2022-07-15,55.91092300415039,40.105716705322266,24.229999542236328,27.714000034332276,1.037965358783077
2022-07-18,55.15053939819336,40.25840759277344,25.299999237060547,27.33149995803833,0.8886055312510847
2022-07-19,55.93776321411133,41.51593017578125,24.5,27.0,0.9409874339365135
2022-07-20,55.016353607177734,42.027923583984375,23.8799991607666,26.68449993133545,0.7363806743449739
2022-07-21,54.891109466552734,42.18959426879883,23.110000610351562,26.392499923706055,0.701918359784632
2022-07-22,55.09686279296875,41.76742172241211,23.030000686645508,26.091499996185302,0.769843345102967
2022-07-25,55.633609771728516,42.38719940185547,23.360000610351562,25.898000049591065,0.8227226727683005
2022-07-26,56.54608154296875,41.98300552368164,24.690000534057617,25.785000038146972,1.0179169995904933
2022-07-27,56.36716079711914,42.86326599121094,23.239999771118164,25.528999996185302,0.9217854339193299
2022-07-28,57.306461334228516,43.0339241027832,22.329999923706055,25.2375,1.08033853139618
2022-07-29,57.40486526489258,43.608787536621094,21.329999923706055,24.86850004196167,1.0567176050841958
2022-08-01,57.717960357666016,43.68962860107422,22.84000015258789,24.675500011444093,1.107837422938935
2022-08-02,56.93074417114258,43.15069580078125,23.93000030517578,24.494999980926515,1.0035526368634289
2022-08-03,57.18122863769531,43.69861602783203,21.950000762939453,24.25600004196167,1.0095447026448365
2022-08-04,56.957576751708984,43.44709777832031,21.440000534057617,24.024000072479247,0.9870247517716008
2022-08-05,56.69815444946289,43.84232711791992,21.149999618530273,23.84950008392334,0.9112823023975726
2022-08-08,56.33137893676758,43.84232711791992,21.290000915527344,23.60550012588501,0.844557600939878
2022-08-09,56.4029426574707,43.95908737182617,21.770000457763672,23.329500102996825,0.8491429691761609
2022-08-10,56.939693450927734,45.08187484741211,19.739999771118164,22.975500106811523,0.8656902213075275
2022-08-11,56.555023193359375,45.69266128540039,20.200000762939453,22.665500164031982,0.751592507896676
2022-08-12,56.98442459106445,46.37532424926758,19.530000686645508,22.43050022125244,0.7804010134022134
2022-08-15,57.700069427490234,46.54597473144531,19.950000762939453,22.163000297546386,0.8982666679626057
2022-08-16,58.174198150634766,46.995094299316406,19.690000534057617,21.922500324249267,0.9520810904681717
2022-08-17,58.04001998901367,46.45615768432617,19.899999618530273,21.723500347137453,0.9665988601921539
2022-08-18,58.344173431396484,46.599876403808594,19.559999465942383,21.546000289916993,1.0115502915460377
2022-08-19,58.299442291259766,45.77350616455078,20.600000381469727,21.424500274658204,1.0631020261672284
2022-08-22,57.431697845458984,44.65073013305664,23.799999237060547,21.44650020599365,0.9863387698186071
2022-08-23,57.494319915771484,44.507015228271484,24.110000610351562,21.41750020980835,1.008111764384014
2022-08-24,57.574832916259766,44.39923095703125,22.81999969482422,21.396500205993654,1.0305442246483127
2022-08-25,57.85215377807617,45.09983825683594,21.780000686645508,21.369000244140626,1.0303897331559089
2022-08-26,56.45661926269531,43.860294342041016,25.559999465942383,21.580500221252443,0.8660438425300783
2022-08-29,56.11668014526367,43.240516662597656,26.209999084472656,21.74900016784668,0.8489682840290059
2022-08-30,55.59782028198242,43.13272476196289,26.209999084472656,21.863000106811523,0.7623619129343283
2022-08-31,55.20420837402344,42.827335357666016,25.8700008392334,22.059000110626222,0.7128135710696104
2022-09-01,55.46363830566406,42.48600769042969,25.559999465942383,22.26500005722046,0.7846640507508101
2022-09-02,54.7032585144043,42.20756530761719,25.469999313354492,22.48100004196167,0.666445992099477
2022-09-06,54.73008728027344,41.56084060668945,26.90999984741211,22.761999988555907,0.7180401503850211
2022-09-07,55.7409553527832,42.39618682861328,24.639999389648438,22.905499935150146,0.8416020758550159
2022-09-08,55.570980072021484,43.294410705566406,23.610000610351562,23.098999977111816,0.7458003808024989
2022-09-09,55.74990463256836,43.93214797973633,22.790000915527344,23.228499984741212,0.7322865411253677
2022-09-12,55.91092300415039,44.41719436645508,23.8700008392334,23.445499992370607,0.7265441393080081
2022-09-13,54.09494400024414,42.94411087036133,27.270000457763672,23.811499977111815,0.5025786920621566
2022-09-14,54.38119888305664,43.00698471069336,26.15999984741211,24.13499994277954,0.5501134589297381
2022-09-15,53.64229965209961,43.46507263183594,26.270000457763672,24.45349998474121,0.3826030680659685
2022-09-16,53.65131759643555,43.04290771484375,26.299999237060547,24.79049997329712,0.4147369187459273
2022-09-19,54.05681228637695,43.72710418701172,25.760000228881836,25.048499965667723,0.43908549086166615
2022-09-20,53.975711822509766,43.41075897216797,27.15999984741211,25.216499996185302,0.4471813442091508
2022-09-21,53.52516174316406,42.85038375854492,27.989999771118164,25.41049995422363,0.4056924840110355
2022-09-22,53.39901351928711,41.8652229309082,27.350000381469727,25.636999988555907,0.45390218454604125
2022-09-23,52.80427932739258,41.11505126953125,29.920000076293945,26.04399995803833,0.3998921344790168
2022-09-26,52.146484375,40.59986114501953,32.2599983215332,26.37899990081787,0.31743702593142814
2022-09-27,50.803855895996094,40.19314193725586,32.599998474121094,26.698499870300292,0.10256038689245653
2022-09-28,51.34449768066406,40.916202545166016,30.18000030517578,26.89699993133545,0.1486880649146835
2022-09-29,50.97506332397461,40.238338470458984,31.84000015258789,27.195499897003174,0.13044228337716646
2022-09-30,50.47945785522461,40.030460357666016,31.6200008392334,27.498499965667726,0.05529570991993973
2022-10-03,51.047142028808594,41.078895568847656,30.100000381469727,27.730000019073486,0.08284095752052027
2022-10-04,51.164283752441406,42.940773010253906,29.06999969482422,27.83800001144409,-0.030333116921982678
2022-10-05,50.677696228027344,42.60635757446289,28.549999237060547,28.033500003814698,-0.09469923940768177
2022-10-06,49.58736038208008,42.145408630371094,30.520000457763672,28.378999996185303,-0.25976112947783137
2022-10-07,49.11880111694336,41.178321838378906,31.360000610351562,28.807499980926515,-0.2751491869174987
2022-10-10,49.010658264160156,40.97947692871094,32.45000076293945,29.236499977111816,-0.2804600852579937
2022-10-11,49.09176254272461,40.744483947753906,33.630001068115234,29.554500007629393,-0.24873167907082738
2022-10-12,49.68648910522461,40.636016845703125,33.56999969482422,29.925,-0.132702904181211
2022-10-13,50.34428787231445,42.34424591064453,31.940000534057617,30.2085000038147,-0.1364211864837794
2022-10-14,49.54231262207031,41.75676345825195,32.02000045776367,30.494500064849852,-0.239884200385021
2022-10-17,50.182098388671875,42.877506256103516,31.3700008392334,30.77500009536743,-0.20444488447273282
2022-10-18,50.85791778564453,42.99500274658203,30.5,30.942000102996825,-0.08998501947863619
2022-10-19,50.425384521484375,42.06407165527344,30.760000228881836,31.08050012588501,-0.1014306913957307
2022-10-20,49.63242721557617,40.7715950012207,29.979999542236328,31.21200008392334,-0.15233088625459432
2022-10-21,50.425384521484375,41.38619613647461,29.690000534057617,31.200500106811525,-0.05246724143524675
2022-10-24,51.87615203857422,42.0821418762207,29.850000381469727,31.08000020980835,0.16119127055498775
2022-10-25,53.11967086791992,42.76905059814453,28.459999084472656,30.87300024032593,0.3377993430936173
2022-10-26,53.516143798828125,42.696739196777344,27.280000686645508,30.728000259399415,0.41514977774942896
2022-10-27,53.64229965209961,42.75096893310547,27.389999389648438,30.50550022125244,0.4341833062509128
2022-10-28,54.75065231323242,43.862674713134766,25.75,30.212000179290772,0.55551821211363
2022-10-31,53.93065643310547,43.88075256347656,25.8799991607666,30.001000118255615,0.4050367725630142
2022-11-01,53.741424560546875,43.94401550292969,25.809999465942383,29.838000106811524,0.36604171697482724
2022-11-02,52.99351501464844,42.940773010253906,25.860000610351562,29.703500175476073,0.3024451238359804
2022-11-03,52.96648406982422,42.506935119628906,25.299999237060547,29.442500114440918,0.32886401964082856
2022-11-04,53.39901351928711,43.51018524169922,24.549999237060547,29.102000045776368,0.33508534051246436
2022-11-07,53.606266021728516,43.8265266418457,24.350000381469727,28.69700002670288,0.34993965117954495
2022-11-08,53.70538330078125,43.75421905517578,25.540000915527344,28.292500019073486,0.3731941403024919
2022-11-09,52.95747375488281,42.99500274658203,26.09000015258789,27.91850004196167,0.2919713554485043
2022-11-10,54.85878372192383,45.1822624206543,23.530000686645508,27.498000049591063,0.4798749475235554
2022-11-11,55.255271911621094,45.001502990722656,22.520000457763672,27.023000049591065,0.5650614393880438
2022-11-14,54.72361755371094,44.242279052734375,23.729999542236328,26.64099998474121,0.5231808801712976
2022-11-15,54.63351058959961,44.504390716552734,24.540000915527344,26.34300003051758,0.4878558808185962
2022-11-16,54.534393310546875,43.79941177368164,24.110000610351562,26.010500049591066,0.5207453724689617
2022-11-17,54.70560073852539,43.193851470947266,23.93000030517578,25.708000087738036,0.5956319163988685
2022-11-18,55.09306716918945,43.53729248046875,23.1200008392334,25.379500102996825,0.6413137623694081
2022-11-21,55.94010543823242,43.74517822265625,22.360000610351562,25.005000114440918,0.7803933023112072
2022-11-22,56.18339538574219,44.28746795654297,21.290000915527344,24.646500205993654,0.7854832182151562
2022-11-23,56.435707092285156,44.28746795654297,20.350000381469727,24.300000190734863,0.8313843831256571
2022-11-25,56.489768981933594,44.612857818603516,20.5,23.955500221252443,0.8177163044384114
2022-11-28,56.498779296875,43.627681732177734,22.209999084472656,23.778500175476076,0.8905154802325321
2022-11-29,56.300540924072266,43.96209716796875,21.889999389648438,23.579000186920165,0.8302963947077713
2022-11-30,57.72529220581055,44.75746536254883,20.579999923706055,23.31750020980835,1.03204061188238
2022-12-01,57.88864517211914,44.450164794921875,19.84000015258789,23.016500186920165,1.0839547316605418
2022-12-02,58.3968391418457,44.2603645324707,19.059999465942383,22.704500198364258,1.1901160392087098
2022-12-05,57.598243713378906,42.181556701660156,20.75,22.514500236511232,1.1949874255857864
2022-12-06,57.571014404296875,41.747718811035156,22.170000076293945,22.405500221252442,1.2213702344780033
2022-12-07,57.661773681640625,41.747718811035156,22.68000030517578,22.262500190734862,1.2378813849656003
2022-12-08,57.906795501708984,41.847145080566406,22.290000915527344,22.072500228881836,1.2752747228704089
2022-12-09,57.29877471923828,41.666385650634766,22.829999923706055,22.037500190734864,1.1777184771215405
2022-12-12,58.05198669433594,42.07310104370117,25.0,22.16150016784668,1.285367294685652
2022-12-13,58.07014465332031,41.58503341674805,22.549999237060547,22.10250015258789,1.3239241207336134
2022-12-14,58.07014465332031,40.89813232421875,21.139999389648438,21.932500076293945,1.3735394945583776
2022-12-15,57.271549224853516,40.147953033447266,22.829999923706055,21.86850004196167,1.2824430590681761
2022-12-16,56.94485092163086,39.82257080078125,22.6200008392334,21.803000068664552,1.2465119011814503
2022-12-19,57.02653503417969,39.94120407104492,22.420000076293945,21.768000030517577,1.252803106584635
2022-12-20,56.98115921020508,40.14196014404297,21.479999542236328,21.723999977111816,1.2300474657233527
2022-12-21,57.89772033691406,40.871978759765625,20.06999969482422,21.66299991607666,1.3440607310306028
2022-12-22,57.48027420043945,40.61647415161133,21.969999313354492,21.743999862670897,1.2865731921058499
2022-12-23,57.91585922241211,40.871978759765625,20.8700008392334,21.76249990463257,1.3473606015992192
2022-12-27,58.26979446411133,40.89935302734375,21.649999618530273,21.73449993133545,1.4097721058546742
2022-12-28,57.68899154663086,40.57997131347656,22.139999389648438,21.74699993133545,1.3271801909758054
2022-12-29,58.03384017944336,41.419498443603516,21.440000534057617,21.789999961853027,1.3292762352535716
2022-12-30,57.72529220581055,41.20048904418945,21.670000076293945,21.88149995803833,1.288963641472279
2023-01-03,57.1263542175293,41.03623580932617,22.899999618530273,22.073499965667725,1.191867505259662
2023-01-04,57.099124908447266,41.50162124633789,22.010000228881836,22.136499977111818,1.1532987482890804
2023-01-05,56.445743560791016,41.10010528564453,22.459999084472656,22.15099992752075,1.0634358046415255
2023-01-06,57.534725189208984,42.20426559448242,21.1299991607666,22.073499870300292,1.1817916996533115
2023-01-09,56.81780242919922,41.939632415771484,21.969999313354492,22.05749979019165,1.0704820017617598
2023-01-10,56.3822135925293,42.24988555908203,20.579999923706055,21.944999790191652,0.9688287975659533
2023-01-11,56.273319244384766,42.614898681640625,21.09000015258789,21.749499797821045,0.9226533027468424
2023-01-12,55.547325134277344,43.025543212890625,18.829999923706055,21.56349983215332,0.7609175142741952
2023-01-13,55.74696350097656,43.135040283203125,18.350000381469727,21.423999881744386,0.7893271615690913
2023-01-17,55.973838806152344,42.97078323364258,19.360000610351562,21.25049991607666,0.8424652820589652
2023-01-18,54.27684020996094,41.7023811340332,20.34000015258789,21.136499881744385,0.6253607539873183
2023-01-19,54.19516372680664,41.61112594604492,20.520000457763672,21.041499900817872,0.6170933974155406
2023-01-20,54.5218620300293,42.724395751953125,19.850000381469727,20.95999994277954,0.5961148533037498
2023-01-23,54.657981872558594,43.299293518066406,19.809999465942383,20.946999931335448,0.579352818399945
2023-01-24,54.94838333129883,42.879539489746094,19.200000762939453,20.808500003814697,0.6625025083569104
2023-01-25,55.29322814941406,43.080284118652344,19.079999923706055,20.71899995803833,0.7107375910500755
2023-01-26,55.18433380126953,43.545677185058594,18.729999542236328,20.572999954223633,0.6573115786634754
2023-01-27,54.89393615722656,43.792057037353516,18.510000228881836,20.391499996185303,0.5866855276169961
2023-01-30,55.03005599975586,43.36317443847656,19.940000534057617,20.316499996185303,0.6424272906960518
2023-01-31,55.64714813232422,44.50382614135742,19.399999618530273,20.202999973297118,0.6723000900759575
2023-02-01,55.65622329711914,45.0695915222168,17.8700008392334,19.951500034332277,0.6330854145287449
2023-02-02,54.70336151123047,46.00949478149414,18.729999542236328,19.7875,0.39184855239762706
2023-02-03,54.294986724853516,45.972984313964844,18.329999923706055,19.58100004196167,0.3201931870397909
2023-02-06,54.60353088378906,45.471107482910156,19.43000030517578,19.49600009918213,0.4125752323095621
2023-02-07,54.51279067993164,46.01861572265625,18.65999984741211,19.33050012588501,0.35652062671964113
2023-02-08,54.19516372680664,45.67185974121094,19.6299991607666,19.28300008773804,0.32378359278536606
2023-02-09,54.10441970825195,44.960086822509766,20.709999084472656,19.264000034332277,0.3586871024341187
2023-02-10,54.10441970825195,44.960086822509766,20.530000686645508,19.34900007247925,0.3586871024341187
2023-02-13,54.99375534057617,45.41635513305664,20.34000015258789,19.448500061035155,0.4875206259430241
2023-02-14,54.07719421386719,45.28860092163086,18.90999984741211,19.426000022888182,0.33000535738446113
2023-02-15,54.07719421386719,45.57147979736328,18.229999542236328,19.320499992370607,0.309572807022789
2023-02-16,53.74142074584961,44.97834014892578,20.170000076293945,19.30299997329712,0.2913309890106395
2023-02-17,54.558162689208984,45.15171813964844,20.020000457763672,19.311499977111815,0.427391467431073
2023-02-21,54.26776885986328,43.99281311035156,22.8700008392334,19.46450004577637,0.458270876462879
2023-02-22,54.43110656738281,43.85593032836914,22.290000915527344,19.619000053405763,0.4978728176565252
2023-02-23,54.53093719482422,44.09319305419922,21.139999389648438,19.72200002670288,0.49889658829343825
2023-02-24,54.30406188964844,44.07494354248047,21.670000076293945,19.869000053405763,0.458941051674559
2023-02-27,54.285919189453125,44.11143493652344,20.950000762939453,19.99100008010864,0.4530046867525054
2023-02-28,54.004600524902344,44.03843307495117,20.700000762939453,20.029000091552735,0.4070994832892913
2023-03-01,53.414730072021484,43.81943130493164,20.579999923706055,20.088000106811524,0.31560746254817224
2023-03-02,54.19516372680664,43.080284118652344,19.59000015258789,20.17400007247925,0.5109750162768213
2023-03-03,53.94106674194336,43.71904754638672,18.489999771118164,20.16200008392334,0.4186107144501582
2023-03-06,54.775962829589844,43.4361686706543,18.610000610351562,20.176000118255615,0.5909296101870387
2023-03-07,54.45833969116211,42.14950942993164,19.59000015258789,20.184000110626222,0.626083177636785
2023-03-08,54.48556900024414,41.98525619506836,19.110000610351562,20.206500148773195,0.6429009329817119
2023-03-09,53.95922088623047,38.92830276489258,22.610000610351562,20.35550022125244,0.7679523988956645
2023-03-10,53.73234558105469,37.30400466918945,24.799999237060547,20.560000228881837,0.8440029390493611
2023-03-13,54.27684020996094,33.59003448486328,26.520000457763672,20.859500217437745,1.211321550923281
2023-03-14,54.47648620605469,34.23792266845703,23.729999542236328,21.029000186920165,1.200844197964567
2023-03-15,54.83948516845703,33.544403076171875,26.139999389648438,21.390500164031984,1.3169752930800747
2023-03-16,55.14125061035156,34.5755615234375,22.989999771118164,21.628500175476074,1.297391865791889
2023-03-17,54.88520431518555,32.65012741088867,25.510000228881836,21.89550018310547,1.3898868250153846
2023-03-20,55.41558837890625,33.170494079589844,24.149999618530273,22.102000141143797,1.4487891263729453
2023-03-21,55.159542083740234,34.917274475097656,21.3799991607666,22.027500057220458,1.2760373163547878
2023-03-22,54.91264343261719,33.11532974243164,22.260000228881836,22.026000022888184,1.3612767082139325
2023-03-23,54.79375457763672,32.28790283203125,22.610000610351562,22.09950008392334,1.3994138134811986
2023-03-24,55.68992233276367,33.01419448852539,21.739999771118164,22.10300006866455,1.5099862675990599
2023-03-27,56.10142135620117,33.7404899597168,20.600000381469727,22.085500049591065,1.532386320972538
2023-03-28,56.165435791015625,33.722103118896484,19.969999313354492,22.048999977111816,1.5453600791746627
2023-03-29,56.56779479980469,34.21855926513672,19.1200008392334,21.976000022888183,1.5826988230406944
2023-03-30,56.55863571166992,33.70371627807617,19.020000457763672,21.947500038146973,1.6182200688906037
2023-03-31,56.723243713378906,34.080650329589844,18.700000762939453,21.958000087738036,1.6209397353088293
2023-04-03,57.06159210205078,33.79564666748047,18.549999237060547,21.955000019073488,1.7030789298474351
2023-04-04,56.887847900390625,33.12451934814453,19.0,21.925500011444093,1.719946980779302
2023-04-05,57.427371978759766,32.91306686401367,19.079999923706055,21.923999977111816,1.8333718945682573
2023-04-06,57.463951110839844,33.28999710083008,18.399999618530273,21.71349992752075,1.8128005103368938
2023-04-10,57.326786041259766,33.51984405517578,18.969999313354492,21.42199993133545,1.7712450887637143
2023-04-11,57.22618865966797,33.758880615234375,19.100000381469727,21.050999927520753,1.7356783787228804
2023-04-12,57.326786041259766,33.45549011230469,19.09000015258789,20.81899995803833,1.7758934216421651
2023-04-13,57.74742889404297,33.92436599731445,17.799999237060547,20.401999950408936,1.8185505499443917
2023-04-14,57.655982971191406,33.547428131103516,17.06999969482422,20.10599994659424,1.8291409840141999
2023-04-17,58.030906677246094,34.310489654541016,16.950000762939453,19.67799997329712,1.8422315267420488
2023-04-18,58.12236022949219,33.85081481933594,16.829999923706055,19.311999988555907,1.892071634665476
2023-04-19,58.23208999633789,34.88969039916992,16.459999084472656,19.06599998474121,1.8369951918618301
2023-04-20,58.488136291503906,34.310489654541016,17.170000076293945,18.811499977111815,1.9254118603602133
2023-04-21,58.570438385009766,33.89677810668945,16.770000457763672,18.51949996948242,1.9702671502169995
2023-04-24,58.47898864746094,33.7404899597168,16.889999389648438,18.276999950408936,1.9649191979333693
2023-04-25,58.387542724609375,32.49935531616211,18.760000228881836,18.18499994277954,2.0379312042388342
2023-04-26,58.11320877075195,32.63726043701172,18.84000015258789,18.12849998474121,1.9780627091976557
2023-04-27,58.23208999633789,33.225650787353516,17.030000686645508,18.023999977111817,1.9571900034546914
2023-04-28,58.6618766784668,33.676143646240234,15.779999732971191,17.86199994087219,2.002838419203188
2023-05-01,58.79904556274414,32.931453704833984,16.079999923706055,17.73099989891052,2.081582024398265
2023-05-02,58.53385925292969,31.221446990966797,17.780000686645508,17.692499971389772,2.156853729425271
2023-05-03,58.20465850830078,30.715797424316406,18.34000015258789,17.659499979019166,2.133488164083846
2023-05-04,58.2686653137207,29.327566146850586,20.09000015258789,17.709999990463256,2.245405410882992
2023-05-05,58.542999267578125,30.936450958251953,17.190000534057617,17.649500036239623,2.1791019774987195
2023-05-08,58.45155715942383,30.58708953857422,16.979999542236328,17.550000047683717,2.187701238423829
2023-05-09,57.96689987182617,30.421602249145508,17.709999084472656,17.480499982833862,2.1114844644358803
2023-05-10,58.0674934387207,30.200958251953125,16.940000534057617,17.37300000190735,2.145721972081892
2023-05-11,58.39668273925781,29.732078552246094,16.93000030517578,17.32950005531311,2.2394764249856887
2023-05-12,58.62530517578125,29.732078552246094,17.030000686645508,17.327500104904175,2.281067979752949
2023-05-15,58.46984100341797,30.57789421081543,17.1200008392334,17.33600010871887,2.1916916655210983
2023-05-16,57.81144332885742,30.109020233154297,17.989999771118164,17.39400010108948,2.1057814587431305
2023-05-17,57.74742889404297,31.975317001342773,16.8700008392334,17.414500188827514,1.959331800097658
2023-05-18,57.427371978759766,32.186771392822266,16.049999237060547,17.358500146865843,1.8858327534929478
2023-05-19,57.454811096191406,31.662738800048828,16.809999465942383,17.36050009727478,1.9286758067392331
2023-05-22,56.247737884521484,32.407413482666016,17.209999084472656,17.37650008201599,1.6552936825601696
2023-05-23,56.14714431762695,32.61887741088867,18.530000686645508,17.365000104904176,1.6217192580838076
2023-05-24,55.671630859375,32.04887390136719,20.030000686645508,17.424500131607054,1.5763844576588373
2023-05-25,55.241844177246094,31.837419509887695,19.139999389648438,17.530000066757204,1.5134701166586595
2023-05-26,55.10466766357422,32.186771392822266,17.950000762939453,17.638500118255614,1.463280683791389
2023-05-30,54.66573715209961,32.22354507446289,17.459999084472656,17.707500076293947,1.3807731776473264
2023-05-31,54.55600357055664,31.322574615478516,17.940000534057617,17.71550006866455,1.4258879376225144
2023-06-01,54.866920471191406,31.975317001342773,15.649999618530273,17.58100004196167,1.435302638094113
2023-06-02,55.927677154541016,33.62097930908203,14.600000381469727,17.306500053405763,1.509410692045337
2023-06-05,55.55274963378906,32.88548278808594,14.729999542236328,17.183500003814697,1.4943284148298255
2023-06-06,55.150394439697266,34.31968688964844,13.960000038146973,17.03250002861023,1.3175373476669459
2023-06-07,55.06809616088867,35.14711380004883,13.9399995803833,16.84400005340576,1.2427997852411448
2023-06-08,55.20526123046875,34.871307373046875,13.649999618530273,16.679500007629393,1.2876748935078364
2023-06-09,55.29671096801758,34.52194595336914,13.829999923706055,16.52449998855591,1.329546287880213
2023-06-12,55.0589485168457,34.25532150268555,15.010000228881836,16.423499965667723,1.3055504404369753
2023-06-13,55.278419494628906,34.97243881225586,14.609999656677246,16.297999906539918,1.2936792258452685
2023-06-14,55.65333938598633,34.1450080871582,13.880000114440918,16.092499923706054,1.4216515057543726
2023-06-15,56.418121337890625,34.733402252197266,14.5,15.973999881744385,1.5182823698584038
2023-06-16,56.82353973388672,34.34727096557617,13.539999961853027,15.84849991798401,1.6199276278360721
2023-06-20,56.445762634277344,33.98672866821289,13.880000114440918,15.701999950408936,1.5772437274177395
2023-06-21,56.602394104003906,33.58820343017578,13.199999809265137,15.50149998664856,1.634524281438393
2023-06-22,56.9893913269043,32.689178466796875,12.90999984741211,15.220499944686889,1.7698650039131292
2023-06-23,56.390480041503906,32.26283645629883,13.4399995803833,14.890999889373779,1.6917045916130498
2023-06-26,56.40890121459961,32.58722686767578,14.25,14.646499919891358,1.6716248573583405
2023-06-27,56.28911590576172,33.08770751953125,13.739999771118164,14.435999870300293,1.6136831324307812
2023-06-28,55.763916015625,32.96722412109375,13.430000305175781,14.23449993133545,1.5268400843607315
2023-06-29,55.30320358276367,33.55112838745117,13.539999961853027,14.01449990272522,1.4008503109222161
2023-06-30,55.48749542236328,33.36575698852539,13.59000015258789,13.9114999294281,1.4477666479077074
2023-07-03,55.81919860839844,34.00526809692383,13.569999694824219,13.859999895095825,1.4619185453906343
2023-07-05,56.233829498291016,33.58820343017578,14.180000305175781,13.832499933242797,1.5674741037879159
2023-07-06,55.8007698059082,33.050636291503906,15.4399995803833,13.906499910354615,1.5275196935947035
2023-07-07,55.06363296508789,33.690147399902344,14.829999923706055,13.950999927520751,1.3472255901058843
2023-07-10,54.64899826049805,33.94966506958008,15.069999694824219,14.021999931335449,1.2530490738219837
2023-07-11,54.84250259399414,34.422340393066406,14.84000015258789,14.07249994277954,1.2541101689720466
2023-07-12,55.13734817504883,35.03404998779297,13.539999961853027,13.9989999294281,1.2635649643858347
2023-07-13,55.607269287109375,35.63648223876953,13.609999656677246,13.948999929428101,1.305540039492301
2023-07-14,56.11405944824219,34.95063781738281,13.34000015258789,13.92199993133545,1.4472755991227129
2023-07-17,56.031124114990234,35.553077697753906,13.479999542236328,13.870999908447265,1.388673121728933
2023-07-18,55.80998992919922,36.80428695678711,13.300000190734863,13.858999919891357,1.2580680779590272
2023-07-19,56.795902252197266,37.81452941894531,13.760000228881836,13.852999925613403,1.3644571074735412
2023-07-20,57.4869499206543,37.76818084716797,13.989999771118164,13.892499923706055,1.4935219869890441
2023-07-21,57.53303146362305,37.31404113769531,13.600000381469727,13.926999950408936,1.5347081014023916
2023-07-24,57.551456451416016,38.06477355957031,13.90999984741211,13.950499963760375,1.4838340624608464
2023-07-25,57.35795593261719,37.59208679199219,13.859999656677246,13.930999946594238,1.4827744879050855
2023-07-26,58.095088958740234,38.991600036621094,13.1899995803833,13.903499937057495,1.5157876606914515
2023-07-27,57.53303146362305,38.40768814086914,14.40999984741211,13.952499914169312,1.455713169693952
2023-07-28,57.569881439208984,38.87110137939453,13.329999923706055,13.941999912261963,1.4289443268168391
2023-07-31,57.0630989074707,38.889644622802734,13.630000114440918,13.943999910354615,1.3354098126487146
2023-08-01,56.915679931640625,38.5003776550293,13.930000305175781,13.961999940872193,1.3367080316666222
2023-08-02,57.090736389160156,38.296478271484375,16.09000015258789,14.057499933242799,1.3832825353065132
2023-08-03,56.795902252197266,38.71355438232422,15.920000076293945,14.08149995803833,1.2995198696077597
2023-08-04,55.93898391723633,38.824771881103516,17.100000381469727,14.194999980926514,1.1355938607774914
2023-08-07,56.38125991821289,39.23257064819336,15.770000457763672,14.230000019073486,1.1865981898832019
2023-08-08,56.13247299194336,38.71355438232422,15.989999771118164,14.2875,1.1788271903079979
2023-08-09,56.261470794677734,38.17598342895508,15.960000038146973,14.408500003814698,1.24112393463951
2023-08-10,56.13247299194336,38.15745162963867,15.850000381469727,14.520500040054321,1.2189949033303755
2023-08-11,56.362831115722656,38.305747985839844,14.84000015258789,14.595500040054322,1.2501906631208277
2023-08-14,56.09562301635742,37.71257781982422,14.819999694824219,14.662500047683716,1.2444246295631924
2023-08-15,55.71784973144531,36.544776916503906,16.459999084472656,14.820499992370605,1.2600503091388722
2023-08-16,55.727054595947266,36.109161376953125,16.780000686645508,14.971500015258789,1.2931897132073207
2023-08-17,55.84683609008789,36.07209396362305,17.889999389648438,15.166499996185303,1.317658063278083
2023-08-18,56.16011428833008,36.09989547729492,17.299999237060547,15.351499938964844,1.372642278100763
2023-08-21,55.68098449707031,35.84965896606445,17.1299991607666,15.512499904632568,1.30355257876928
2023-08-22,55.34006118774414,34.95989990234375,16.969999313354492,15.667999887466431,1.3057989286803786
2023-08-23,55.53356170654297,35.432579040527344,15.979999542236328,15.807499885559082,1.3068590543129472
2023-08-24,55.386138916015625,35.53453063964844,17.200000762939453,15.94699993133545,1.2726754990460185
2023-08-25,55.644134521484375,35.3862419128418,15.680000305175781,16.064499950408937,1.3303216971847969
2023-08-28,55.8007698059082,35.83112335205078,15.079999923706055,16.136999940872194,1.3266830572516446
2023-08-29,55.745487213134766,36.266727447509766,14.449999809265137,16.16299991607666,1.2851619063813062
2023-08-30,55.71784973144531,36.09062194824219,13.880000114440918,16.05249991416931,1.2928542583096456
2023-08-31,55.12813949584961,36.201847076416016,13.569999694824219,15.934999895095824,1.1775388516559615
2023-09-01,54.64899826049805,36.92477035522461,13.09000015258789,15.734499883651733,1.0381550191746718
2023-09-05,54.19751739501953,36.24818801879883,14.010000228881836,15.646499872207642,1.0048905544852325
2023-09-06,54.1606559753418,35.48819351196289,14.449999809265137,15.56949987411499,1.053079599734552
2023-09-07,53.74601745605469,35.05258560180664,14.399999618530273,15.491499853134155,1.0091118240957317
2023-09-08,53.74601745605469,35.37696838378906,13.84000015258789,15.390999841690064,0.9856814158966224
2023-09-11,54.25279998779297,35.330631256103516,13.800000190734863,15.338999843597412,1.0812235028775747
2023-09-12,53.71837615966797,35.69209289550781,14.229999542236328,15.309499835968017,0.9578911669249126
2023-09-13,53.84737014770508,35.29356002807617,13.479999542236328,15.160499858856202,1.0101443935219279
2023-09-14,54.29316329956055,35.85892105102539,12.819999694824219,14.962499809265136,1.0504077331016914
2023-09-15,53.81023025512695,35.72916793823242,13.789999961853027,14.757499837875367,0.9719235316608912
2023-09-18,54.144569396972656,35.32491683959961,14.0,14.59249987602234,1.0619466846914074
2023-09-19,54.033111572265625,35.18455123901367,14.109999656677246,14.44149990081787,1.0518087147864774
2023-09-20,54.27458572387695,34.88511276245117,15.140000343322754,14.349999952316285,1.117366947679079
2023-09-21,53.43873596191406,34.37981033325195,17.540000915527344,14.428000020980836,1.0018054756255654
2023-09-22,53.49446487426758,34.20200729370117,17.200000762939453,14.428000020980836,1.0247866611567062
2023-09-25,52.93722915649414,34.61374282836914,16.899999618530273,14.48899998664856,0.8936730096226577
2023-09-26,52.50071716308594,34.033565521240234,18.940000534057617,14.682000017166137,0.8561683123284667
2023-09-27,51.96206283569336,33.89320755004883,18.219999313354492,14.870499992370606,0.768313155096958
2023-09-28,51.8320426940918,34.258155822753906,17.34000015258789,15.043499994277955,0.7182990882353439
2023-09-29,51.98992919921875,34.48273468017578,17.520000457763672,15.241000032424926,0.7308006918229825
2023-10-02,51.525569915771484,33.7341194152832,17.610000610351562,15.467000055313111,0.7003963454148372
2023-10-03,50.96833801269531,33.051021575927734,19.780000686645508,15.755500078201294,0.6483640120120155
2023-10-04,51.1169319152832,33.33175277709961,18.579999923706055,15.96200008392334,0.655119157229163
2023-10-05,48.64652633666992,33.85577392578125,18.489999771118164,16.166500091552734,0.16784647613392464
2023-10-06,49.35235595703125,33.9774284362793,17.450000762939453,16.347000122070312,0.28746553776132794
2023-10-09,49.11088562011719,34.01485824584961,17.700000762939453,16.542000150680543,0.24083307860024183
2023-10-10,50.178916931152344,34.49209213256836,17.030000686645508,16.682000207901,0.40066099948906264
2023-10-11,49.88172149658203,34.604373931884766,16.09000015258789,16.81250023841858,0.33848427922782826
2023-10-12,49.04587936401367,34.1458625793457,16.690000534057617,17.00600028038025,0.21954444106686977
2023-10-13,49.12017059326172,33.668617248535156,19.31999969482422,17.28250026702881,0.26753146695812124
2023-10-16,49.62168502807617,34.445308685302734,17.209999084472656,17.44300022125244,0.3026672070392549
2023-10-17,50.216064453125,35.11904525756836,17.8799991607666,17.63150019645691,0.3621336800554685
2023-10-18,50.19749450683594,34.230079650878906,19.219999313354492,17.835500144958495,0.42296603294375584
2023-10-19,50.476112365722656,33.81834030151367,21.399999618530273,18.028500080108643,0.503393115307352
2023-10-20,50.68042755126953,32.62992477416992,21.709999084472656,18.253999996185303,0.6264027676023236
2023-10-23,50.22535705566406,32.51763916015625,20.3700008392334,18.42750005722046,0.5517256990755051
2023-10-24,51.674156188964844,32.442771911621094,18.969999313354492,18.428999996185304,0.8207025099571943
2023-10-25,52.11994934082031,32.28371047973633,20.190000534057617,18.527500057220458,0.9132914191051992
2023-10-26,51.8041877746582,33.13523864746094,20.68000030517578,18.694500064849855,0.7943407908105016
2023-10-27,51.302677154541016,32.442771911621094,21.270000457763672,18.882000064849855,0.7531221322826535
2023-10-30,52.14781188964844,32.86387634277344,19.75,18.989000034332275,0.8764544330959826
2023-10-31,52.46357727050781,33.051021575927734,18.139999389648438,18.90699996948242,0.9203816076039117
2023-11-01,52.417137145996094,33.210105895996094,16.8700008392334,18.82150001525879,0.900442328103994
2023-11-02,53.02080535888672,34.85703659057617,15.65999984741211,18.680000019073486,0.8913041091439626
2023-11-03,52.69575500488281,35.97994613647461,14.90999984741211,18.55299997329712,0.7510615641558457
2023-11-06,52.909358978271484,35.474639892578125,14.890000343322754,18.412499952316285,0.8264195668817338
2023-11-07,53.10439682006836,35.17519760131836,14.8100004196167,18.301499938964845,0.8835302678612632
2023-11-08,53.02080535888672,34.81960678100586,14.449999809265137,18.219499921798707,0.8940076919657366
2023-11-09,52.6214599609375,34.3049430847168,15.289999961853027,18.149499893188477,0.8585323363832182
2023-11-10,52.677188873291016,34.59503173828125,14.170000076293945,17.891999912261962,0.8477173589501477
2023-11-13,52.87221908569336,34.604373931884766,14.760000228881836,17.76949996948242,0.8825229403070661
2023-11-14,53.030094146728516,36.765987396240234,14.15999984741211,17.5835000038147,0.7551090200081224
2023-11-15,53.13225555419922,37.261940002441406,14.180000305175781,17.33150005340576,0.7378714505276759
2023-11-16,53.0765380859375,36.84084701538086,14.319999694824219,16.97750005722046,0.7581510497742262
2023-11-17,53.17869186401367,37.37423324584961,13.800000190734863,16.58200011253357,0.7382082339754211
2023-11-20,53.308712005615234,37.33680725097656,13.40999984741211,16.234000062942506,0.7645651245312897
2023-11-21,53.8938102722168,36.691131591796875,13.350000381469727,15.953000116348267,0.9176452675065407
2023-11-22,54.256011962890625,36.868927001953125,12.850000381469727,15.586000108718872,0.9706955940945811
2023-11-24,54.39532470703125,36.962501525878906,12.460000038146973,15.175000095367432,0.9892807533736608
2023-11-27,54.29316329956055,36.84084701538086,12.6899995803833,14.746000051498413,0.9794824946363554
2023-11-28,54.40461349487305,36.85020446777344,12.6899995803833,14.393000030517578,0.999081891997725
2023-11-29,54.079551696777344,37.59881591796875,12.979999542236328,14.135000038146973,0.885873093290094
2023-11-30,54.70675277709961,37.757896423339844,12.920000076293945,13.9375,0.9884845506498322
2023-12-01,54.893978118896484,39.33932876586914,12.630000114440918,13.78600001335144,0.9083170168918746
2023-12-04,54.82844924926758,39.825923919677734,13.079999923706055,13.694500017166138,0.8612487163396233
2023-12-05,54.91270065307617,39.28318405151367,12.850000381469727,13.592500019073487,0.9157784404937838
2023-12-06,54.856529235839844,39.27381896972656,12.970000267028809,13.500500011444093,0.9062360451892066
2023-12-07,54.98759078979492,39.947566986083984,13.0600004196167,13.43100004196167,0.8814137673458574
2023-12-08,54.86589431762695,40.38737869262695,12.350000381469727,13.284000062942505,0.8275065216746804
2023-12-11,55.268428802490234,40.36865997314453,12.630000114440918,13.207000064849854,0.9020886500627842
2023-12-12,55.624149322509766,40.1815071105957,12.069999694824219,13.072500038146973,0.9803203897675796
2023-12-13,56.10157012939453,42.165321350097656,12.1899995803833,12.974000024795533,0.9238815853045662
2023-12-14,55.268428802490234,44.00876235961914,12.479999542236328,12.88899998664856,0.6391613631074841
2023-12-15,54.856529235839844,43.41924285888672,12.279999732971191,12.786999988555909,0.6068090124479203
2023-12-18,55.24971008300781,43.1109619140625,12.5600004196167,12.725,0.7006047977553682
2023-12-19,55.07184600830078,43.65774917602539,12.529999732971191,12.680999994277954,0.6287524805081415
2023-12-20,53.929779052734375,42.724449157714844,13.670000076293945,12.696999979019164,0.48839780736955346
2023-12-21,54.2855110168457,43.139244079589844,13.649999618530273,12.736999940872192,0.5231524954478505
2023-12-22,54.594425201416016,43.33721923828125,13.029999732971191,12.765499925613403,0.565051029982322
2023-12-26,54.819091796875,43.91228485107422,12.989999771118164,12.780499935150146,0.5643855140046609
2023-12-27,54.95950698852539,43.874576568603516,12.430000305175781,12.767499971389771,0.5926538874202043
2023-12-28,54.99695587158203,43.949989318847656,12.470000267028809,12.742000007629395,0.594019561425632
2023-12-29,55.16544723510742,43.38435745239258,12.449999809265137,12.718499994277954,0.6655279317675981
