Date,KRE,XLF,VIX,AvgVIX,zscore
2022-01-31,63.50883483886719,36.270999908447266,24.829999923706055,23.18100004196167,1.857358356854377
2022-02-01,64.46678161621094,36.772430419921875,21.959999084472656,23.448999977111818,1.9463040886229017
2022-02-02,64.2982406616211,37.023155212402344,22.09000015258789,23.707999992370606,1.896049513864348
2022-02-03,63.92572021484375,36.61457824707031,24.350000381469727,23.939000034332274,1.8832671521689313
2022-02-04,65.14976501464844,37.236732482910156,23.219999313354492,24.119499969482423,1.9988154622222583
2022-02-07,65.4602279663086,37.34816360473633,22.860000610351562,24.324499988555907,2.032857044055947
2022-02-08,67.08341217041016,37.8681755065918,21.440000534057617,24.426500034332275,2.217224888041187
2022-02-09,66.5157470703125,38.109619140625,19.959999084472656,24.503999996185303,2.1095290401469633
2022-02-10,66.35607147216797,37.775325775146484,23.90999984741211,24.818499946594237,2.120300126364634
2022-02-11,65.80614471435547,37.24602508544922,27.360000610351562,25.171000003814697,2.0938901151410185
2022-02-14,65.29168701171875,36.828147888183594,28.329999923706055,25.62799997329712,2.061292930746702
2022-02-15,67.0390625,37.329593658447266,25.700000762939453,25.773499965667725,2.2657245737366636
2022-02-16,67.16325378417969,37.357460021972656,24.290000915527344,25.795499992370605,2.2810477441845727
2022-02-17,65.11428833007812,36.428855895996094,28.110000610351562,25.92150001525879,2.076107442392438
2022-02-18,65.2296142578125,36.41957092285156,27.75,25.866499996185304,2.0939267261295558
2022-02-22,64.90141296386719,36.233856201171875,28.809999465942383,25.811999988555907,2.0648743074014977
2022-02-23,63.757198333740234,35.6024055480957,31.020000457763672,25.805000019073486,1.9619536876853167
2022-02-24,62.61296844482422,35.17524719238281,30.31999969482422,25.723000049591064,1.838173160589294
2022-02-25,65.49568939208984,36.30813217163086,27.59000015258789,25.57800006866455,2.144229098829704
2022-02-28,65.8859634399414,35.76955032348633,30.149999618530273,25.70250005722046,2.256310957985597
2022-03-01,62.284786224365234,34.4509391784668,33.31999969482422,26.127000045776366,1.8641124087136538
2022-03-02,65.06107330322266,35.3423957824707,30.739999771118164,26.566000080108644,2.1792470397422368
2022-03-03,64.65304565429688,35.23095703125,30.479999542236328,26.985500049591064,2.1309332571547897
2022-03-04,62.11624526977539,34.5716552734375,31.979999542236328,27.367000007629393,1.8271313602321855
2022-03-07,59.43752670288086,33.30876541137695,36.45000076293945,28.028500080108643,1.5641925691234237
2022-03-08,59.9165153503418,33.113765716552734,35.130001068115234,28.642000102996825,1.6541739235401127
2022-03-09,62.045291900634766,34.33022689819336,32.45000076293945,29.192500114440918,1.8414005825844504
2022-03-10,62.08964920043945,34.04236602783203,30.229999542236328,29.706000137329102,1.877279515061464
2022-03-11,62.107383728027344,33.80092239379883,30.75,30.048000144958497,1.9045246659887867
2022-03-14,62.43556213378906,34.22808074951172,31.770000457763672,30.268500137329102,1.90892301311068
2022-03-15,62.621822357177734,34.71095275878906,29.829999923706055,30.3435001373291,1.8868715910274483
2022-03-16,64.5909652709961,35.68598175048828,26.670000076293945,30.392000102996825,2.0753946073217815
2022-03-17,63.89024353027344,36.13170623779297,25.670000076293945,30.461000061035158,1.92737706926129
2022-03-18,63.766056060791016,36.21528625488281,23.8700008392334,30.249000072479248,1.9006760915045364
2022-03-21,63.42203140258789,36.17985153198242,23.530000686645508,30.038000106811523,1.853965664140557
2022-03-22,64.48262786865234,36.76716232299805,22.940000534057617,29.744500160217285,1.9491601339319522
2022-03-23,62.19208908081055,36.08662796020508,23.56999969482422,29.37200012207031,1.6835522419885058
2022-03-24,62.79814147949219,36.37562561035156,21.670000076293945,28.9395001411438,1.7427072830682904
2022-03-25,63.9835319519043,36.84173583984375,20.809999465942383,28.600500106811523,1.868532415297846
2022-03-28,63.350730895996094,36.73918533325195,19.6299991607666,28.07450008392334,1.786428512734489
2022-03-29,64.54501342773438,36.82309341430664,18.899999618530273,27.353500080108642,1.952576262117392
2022-03-30,62.557525634765625,36.562068939208984,19.329999923706055,26.78300008773804,1.6884716538155482
2022-03-31,61.40778732299805,35.72305679321289,20.559999465942383,26.28700008392334,1.6059344120211194
2022-04-01,60.81955337524414,35.62984085083008,19.6299991607666,25.669500064849853,1.5293973083672034
2022-04-04,60.49869155883789,35.47135925292969,18.56999969482422,24.77550001144409,1.498638173708688
2022-04-05,59.652000427246094,35.247623443603516,21.030000686645508,24.070499992370607,1.3976164477583737
2022-04-06,58.7607421875,35.0052375793457,22.100000381469727,23.55299997329712,1.291979008581802
2022-04-07,58.012088775634766,34.967952728271484,21.549999237060547,23.11899995803833,1.1862633378923886
2022-04-08,57.92295837402344,35.322208404541016,21.15999984741211,22.639499950408936,1.1370557132093975
2022-04-11,58.127952575683594,35.163726806640625,24.3700008392334,22.26949996948242,1.1832253496948624
2022-04-12,57.593204498291016,34.78151321411133,24.260000228881836,21.99099998474121,1.1440186816254185
2022-04-13,58.404239654541016,34.78151321411133,21.81999969482422,21.748499965667726,1.2626670107903046
2022-04-14,57.65557861328125,34.389976501464844,22.700000762939453,21.6,1.1931183533674297
2022-04-18,57.85166549682617,34.59506607055664,22.170000076293945,21.51499996185303,1.2008653118201096
2022-04-19,59.937198638916016,35.070499420166016,21.3700008392334,21.40699996948242,1.457422666046271
2022-04-20,60.311527252197266,35.31287384033203,20.31999969482422,21.27599992752075,1.4874383662862292
2022-04-21,59.072689056396484,34.753536224365234,22.68000030517578,21.23149995803833,1.3633124918155601
2022-04-22,57.83383560180664,33.7187614440918,28.209999084472656,21.558499908447267,1.2877251967094263
2022-04-25,57.89622497558594,33.774696350097656,27.020000457763672,21.86899995803833,1.2911414934863426
2022-04-26,56.113704681396484,32.92636489868164,33.52000045776367,22.563500022888185,1.116984493204426
2022-04-27,56.07805633544922,32.898399353027344,31.600000381469727,23.198500061035155,1.114624613335889
2022-04-28,56.906917572021484,33.31791305541992,29.989999771118164,23.73150005340576,1.1930495819140734
2022-04-29,55.11549377441406,32.17125701904297,33.400001525878906,24.37350015640259,1.0480481762639695
2022-05-02,55.89087677001953,32.18058776855469,32.34000015258789,25.00900020599365,1.1605282195363356
2022-05-03,56.66628646850586,32.600093841552734,29.25,25.54300022125244,1.2311344099904933
2022-05-04,58.217079162597656,33.59756851196289,25.420000076293945,25.762500190734862,1.3561643016350975
2022-05-05,56.532588958740234,32.61874008178711,31.200000762939453,26.21750020980835,1.2096717429781336
2022-05-06,55.81958770751953,32.38567352294922,30.190000534057617,26.6495002746582,1.1291604822340897
2022-05-09,55.053104400634766,31.61191749572754,34.75,27.3290002822876,1.096028090231826
2022-05-10,54.40248107910156,31.33225440979004,32.9900016784668,27.76000032424927,1.0293996261150098
2022-05-11,53.493404388427734,31.043264389038086,32.560001373291016,28.175000381469726,0.9259136366023936
2022-05-12,53.493404388427734,30.810203552246094,31.770000457763672,28.6725004196167,0.9497084995659726
2022-05-13,53.98358917236328,31.257673263549805,28.8700008392334,28.981000423431396,0.975733425597351
2022-05-16,53.36862564086914,30.996652603149414,27.469999313354492,29.246000385284425,0.912418380156566
2022-05-17,55.32048797607422,31.826339721679688,26.100000381469727,29.48250036239624,1.1132523789223772
2022-05-18,53.965763092041016,30.950037002563477,30.959999084472656,30.01450033187866,1.0045344107063858
2022-05-19,53.31514358520508,30.74494743347168,29.350000381469727,30.34800033569336,0.9302927560758406
2022-05-20,53.45774841308594,30.689014434814453,29.43000030517578,30.409000396728516,0.9568653708659692
2022-05-23,54.767906188964844,31.686500549316406,28.479999542236328,30.48200035095215,1.046691019653538
2022-05-24,54.3579216003418,31.621244430541992,29.450000762939453,30.278500366210938,0.9933758332679307
2022-05-25,55.21352767944336,31.872949600219727,28.3700008392334,30.117000389099122,1.092846154961911
2022-05-26,56.42564010620117,32.60941696166992,27.5,29.992500400543214,1.1949777967358923
2022-05-27,57.30799102783203,33.159423828125,25.719999313354492,29.608500289916993,1.2679049140284426
2022-05-31,57.281253814697266,33.06620407104492,26.190000534057617,29.301000308990478,1.2735109391335568
2022-06-01,56.54150390625,32.53483581542969,25.690000534057617,29.12300033569336,1.2195423247294912
2022-06-02,57.70014572143555,32.9822998046875,24.719999313354492,29.088000297546387,1.343358059304624
2022-06-03,56.99605178833008,32.506866455078125,24.790000915527344,28.76750030517578,1.2888948470225812
2022-06-06,57.263431549072266,32.600093841552734,25.06999969482422,28.51150026321411,1.318492233547523
2022-06-07,57.73579788208008,32.8517951965332,24.020000457763672,27.975000286102294,1.3618978590081146
2022-06-08,56.755409240722656,32.2738037109375,23.959999084472656,27.523500156402587,1.2774857141511404
2022-06-09,54.928321838378906,31.4627628326416,26.09000015258789,27.200000095367432,1.093001618169144
2022-06-10,53.25275802612305,30.32545280456543,27.75,26.999000072479248,0.9639954534930526
2022-06-13,51.75544357299805,29.421184539794922,34.02000045776367,27.256500053405762,0.8372729106660495
2022-06-14,52.1386833190918,29.16948127746582,32.689998626708984,27.517500019073488,0.9190361991092952
2022-06-15,52.557579040527344,29.495763778686523,29.6200008392334,27.69350004196167,0.9470049496835135
2022-06-16,50.6681022644043,28.74997901916504,32.95000076293945,27.79300012588501,0.7467312904987377
2022-06-17,51.443504333496094,28.833877563476562,31.1299991607666,27.882000064849855,0.8516009597081461
2022-06-21,52.27302551269531,29.409320831298828,30.190000534057617,27.920000076293945,0.9142024981485104
2022-06-22,52.3178596496582,29.343717575073242,28.950000762939453,27.943500137329103,0.927459304317545
2022-06-23,51.600440979003906,29.23125457763672,29.049999237060547,27.923500061035156,0.8339885203627558
2022-06-24,53.4029541015625,30.30902862548828,27.229999542236328,27.866499996185304,0.9876448700234178
2022-06-27,53.32223892211914,30.20594024658203,26.950000762939453,27.839000034332276,0.9863618844140039
2022-06-28,53.00837707519531,29.906036376953125,28.360000610351562,27.971000099182127,0.9710656129671948
2022-06-29,52.55998229980469,29.737340927124023,28.15999984741211,28.069500064849855,0.9226921737115696
2022-06-30,52.093666076660156,29.47492218017578,28.709999084472656,28.220499992370605,0.8812658496133222
2022-07-01,52.96354293823242,29.87792205810547,26.700000762939453,28.319500064849855,0.9673771104515836
2022-07-05,53.14289093017578,29.77482795715332,27.540000915527344,28.457000064849854,1.0041399904687511
2022-07-06,52.74830627441406,29.69985008239746,26.729999542236328,28.54000005722046,0.9540702624001601
2022-07-07,53.31327438354492,30.130962371826172,26.079999923706055,28.643000030517577,0.9927054723947609
2022-07-08,53.15185546875,30.06536102294922,24.639999389648438,28.677000045776367,0.9757888172476485
2022-07-11,52.622764587402344,29.821693420410156,26.170000076293945,28.68100004196167,0.923264594226348
2022-07-12,52.604827880859375,29.63425064086914,27.290000915527344,28.65800008773804,0.9397779755263294
2022-07-13,51.71702194213867,29.3718318939209,26.81999969482422,28.298000049591064,0.8366908835465462
2022-07-14,50.96372985839844,28.80950927734375,26.399999618530273,27.98350009918213,0.7839015051144589
2022-07-15,52.66759490966797,29.78420066833496,24.229999542236328,27.714000034332276,0.9336508380753743
2022-07-18,52.98147201538086,29.671735763549805,25.299999237060547,27.33149995803833,0.991051046252984
2022-07-19,54.6225700378418,30.562074661254883,24.5,27.0,1.1402301909449297
2022-07-20,55.3758544921875,30.674537658691406,23.8799991607666,26.68449993133545,1.238947868670452
2022-07-21,55.46553421020508,30.871349334716797,23.110000610351562,26.392499923706055,1.2319734108334348
2022-07-22,54.8916015625,30.693283081054688,23.030000686645508,26.091499996185302,1.1661914602551857
2022-07-25,55.815277099609375,30.89008903503418,23.360000610351562,25.898000049591065,1.2812248876669874
2022-07-26,55.38483428955078,30.458982467651367,24.690000534057617,25.785000038146972,1.2622691305685616
2022-07-27,56.39818572998047,30.927579879760742,23.239999771118164,25.528999996185302,1.3626723149541917
2022-07-28,56.40715789794922,31.152509689331055,22.329999923706055,25.2375,1.3410201677808828
2022-07-29,57.196311950683594,31.592992782592773,21.329999923706055,24.86850004196167,1.4114953582441625
2022-08-01,57.241153717041016,31.330575942993164,22.84000015258789,24.675500011444093,1.444847399780749
2022-08-02,56.57754135131836,30.983814239501953,23.93000030517578,24.494999980926515,1.3831693185759948
2022-08-03,57.196311950683594,31.45241928100586,21.950000762939453,24.25600004196167,1.4258475216218158
2022-08-04,56.747920989990234,31.349321365356445,21.440000534057617,24.024000072479247,1.3707773147077165
2022-08-05,57.42947769165039,31.574249267578125,21.149999618530273,23.84950008392334,1.4475194090991392
2022-08-08,57.40257263183594,31.55550765991211,21.290000915527344,23.60550012588501,1.4454968676746072
2022-08-09,57.59986877441406,31.714828491210938,21.770000457763672,23.329500102996825,1.4580935923883982
2022-08-10,58.873287200927734,32.427093505859375,19.739999771118164,22.975500106811523,1.5716648320232052
2022-08-11,59.68934631347656,32.811363220214844,20.200000762939453,22.665500164031982,1.6518152594838718
2022-08-12,60.60405349731445,33.32681655883789,19.530000686645508,22.43050022125244,1.7330036730606713
2022-08-15,60.91793441772461,33.31744384765625,19.950000762939453,22.163000297546386,1.7798790131784843
2022-08-16,61.464962005615234,33.56110763549805,19.690000534057617,21.922500324249267,1.8350276306165805
2022-08-17,60.7475471496582,33.39242172241211,19.899999618530273,21.723500347137453,1.7472976079753448
2022-08-18,60.93586349487305,33.429901123046875,19.559999465942383,21.546000289916993,1.7710203270882674
2022-08-19,59.940433502197266,32.764495849609375,20.600000381469727,21.424500274658204,1.6933324504433345
2022-08-22,58.523536682128906,32.042850494384766,23.799999237060547,21.44650020599365,1.5597291101525723
2022-08-23,58.191734313964844,31.91164207458496,24.110000610351562,21.41750020980835,1.5245849396513536
2022-08-24,58.06619644165039,32.0803337097168,22.81999969482422,21.396500205993654,1.4889967487547175
2022-08-25,58.936058044433594,32.57705307006836,21.780000686645508,21.369000244140626,1.5655372789587598
2022-08-26,57.50121307373047,31.602371215820312,25.559999465942383,21.580500221252443,1.4551425820335728
2022-08-29,56.60443878173828,31.37743377685547,26.209999084472656,21.74900016784668,1.3469167503239756
2022-08-30,56.55960464477539,31.208742141723633,26.209999084472656,21.863000106811523,1.3575808006559942
2022-08-31,56.129154205322266,30.97443962097168,25.8700008392334,22.059000110626222,1.3185307818649596
2022-09-01,55.806312561035156,31.06816291809082,25.559999465942383,22.26500005722046,1.2617325952710883
2022-09-02,55.393798828125,30.824493408203125,25.469999313354492,22.48100004196167,1.2262629249547443
2022-09-06,54.49702072143555,30.7495174407959,26.90999984741211,22.761999988555907,1.1027258861932996
2022-09-07,55.54624938964844,31.35869598388672,24.639999389648438,22.905499935150146,1.194024696216412
2022-09-08,56.73896026611328,31.91164207458496,23.610000610351562,23.098999977111816,1.3120550485567635
2022-09-09,57.43844223022461,32.202171325683594,22.790000915527344,23.228499984741212,1.3847217585207465
2022-09-12,58.01237487792969,32.46458435058594,23.8700008392334,23.445499992370607,1.4418921384434213
2022-09-13,56.173988342285156,31.255599975585938,27.270000457763672,23.811499977111815,1.2963839882088803
2022-09-14,56.31747817993164,31.161882400512695,26.15999984741211,24.13499994277954,1.3269437733754037
2022-09-15,56.97212219238281,31.264976501464844,26.270000457763672,24.45349998474121,1.4121876363406376
2022-09-16,56.451988220214844,30.983814239501953,26.299999237060547,24.79049997329712,1.3648018420097137
2022-09-19,57.415382385253906,31.335229873657227,25.760000228881836,25.048499965667723,1.4698605871016188
2022-09-20,57.22594451904297,30.87359046936035,27.15999984741211,25.216499996185302,1.489279354104915
2022-09-21,56.54941177368164,30.232938766479492,27.989999771118164,25.41049995422363,1.455716469975173
2022-09-22,55.25947570800781,29.72418975830078,27.350000381469727,25.636999988555907,1.318950406259882
2022-09-23,54.393516540527344,29.253124237060547,29.920000076293945,26.04399995803833,1.2403615873275897
2022-09-26,53.9244499206543,28.791481018066406,32.2599983215332,26.37899990081787,1.2188731651924696
2022-09-27,53.28400421142578,28.66900634765625,32.599998474121094,26.698499870300292,1.1376851091679945
2022-09-28,54.2040901184082,29.234283447265625,30.18000030517578,26.89699993133545,1.2145735220258405
2022-09-29,53.32007598876953,28.866851806640625,31.84000015258789,27.195499897003174,1.1227626673837765
2022-09-30,53.112606048583984,28.603055953979492,31.6200008392334,27.498499965667726,1.1193442017655917
2022-10-03,54.33037185668945,29.37560272216797,30.100000381469727,27.730000019073486,1.218619283571329
2022-10-04,56.71177673339844,30.468469619750977,29.06999969482422,27.83800001144409,1.4554221947787442
2022-10-05,56.242713928222656,30.232938766479492,28.549999237060547,28.033500003814698,1.410848887304118
2022-10-06,55.70148468017578,29.808979034423828,30.520000457763672,28.378999996185303,1.3749562375182929
2022-10-07,54.429603576660156,29.10238265991211,31.360000610351562,28.807499980926515,1.261031144263173
2022-10-10,54.31233215332031,28.970481872558594,32.45000076293945,29.236499977111816,1.2573419224945064
2022-10-11,54.07779312133789,28.603055953979492,33.630001068115234,29.554500007629393,1.2605437942016295
2022-10-12,53.960533142089844,28.537105560302734,33.56999969482422,29.925,1.2501228949245449
2022-10-13,56.35096740722656,29.714765548706055,31.940000534057617,30.2085000038147,1.4795895989457468
2022-10-14,55.4849967956543,29.215438842773438,32.02000045776367,30.494500064849852,1.4038844941517379
2022-10-17,56.93729019165039,29.95030403137207,31.3700008392334,30.77500009536743,1.5413163784502772
2022-10-18,56.90121078491211,30.4307861328125,30.5,30.942000102996825,1.4869823475836614
2022-10-19,55.71953201293945,29.931459426879883,30.760000228881836,31.08050012588501,1.365091518969217
2022-10-20,53.81620407104492,29.450971603393555,29.979999542236328,31.21200008392334,1.1357054596506295
2022-10-21,54.51980209350586,30.3271484375,29.690000534057617,31.200500106811525,1.1491813292130304
2022-10-24,55.44892120361328,30.732271194458008,29.850000381469727,31.08000020980835,1.2437425443571974
2022-10-25,56.25172805786133,31.09969711303711,28.459999084472656,30.87300024032593,1.3236739710162455
2022-10-26,56.1885986328125,31.175067901611328,27.280000686645508,30.728000259399415,1.3067434642484854
2022-10-27,56.206642150878906,31.429445266723633,27.389999389648438,30.50550022125244,1.2834118737223859
2022-10-28,57.59577941894531,32.2114143371582,25.75,30.212000179290772,1.4067953173506043
2022-10-31,57.68599319458008,32.01356506347656,25.8799991607666,30.001000118255615,1.4401927729698452
2022-11-01,57.72207260131836,32.09835433959961,25.809999465942383,29.838000106811524,1.436814169009009
2022-11-02,56.2607536315918,31.6932373046875,25.860000610351562,29.703500175476073,1.264395542321391
2022-11-03,55.84580612182617,31.372915267944336,25.299999237060547,29.442500114440918,1.236395838511239
2022-11-04,57.162803649902344,31.947612762451172,24.549999237060547,29.102000045776368,1.3703876332085025
2022-11-07,57.49656677246094,32.26793670654297,24.350000381469727,28.69700002670288,1.386510478464397
2022-11-08,57.325172424316406,32.45636749267578,25.540000915527344,28.292500019073486,1.3421985184598966
2022-11-09,56.441165924072266,31.90992546081543,26.09000015258789,27.91850004196167,1.2686652428039658
2022-11-10,59.075138092041016,33.52096939086914,23.530000686645508,27.498000049591063,1.4895124114503433
2022-11-11,58.66020965576172,33.794189453125,22.520000457763672,27.023000049591065,1.4009165011224194
2022-11-14,57.830322265625,33.31370544433594,23.729999542236328,26.64099998474121,1.3285663126518235
2022-11-15,58.21820068359375,33.389068603515625,24.540000915527344,26.34300003051758,1.3776156322203286
2022-11-16,57.27104568481445,33.22891616821289,24.110000610351562,26.010500049591066,1.2554051143006493
2022-11-17,56.423133850097656,33.04991149902344,23.93000030517578,25.708000087738036,1.1496378837385401
2022-11-18,56.78394317626953,33.3231201171875,23.1200008392334,25.379500102996825,1.1745277283710318
2022-11-21,57.09063720703125,33.426753997802734,22.360000610351562,25.005000114440918,1.2088140221226902
2022-11-22,57.71304702758789,33.76593017578125,21.290000915527344,24.646500205993654,1.2652389426342432
2022-11-23,57.70402908325195,33.90724563598633,20.350000381469727,24.300000190734863,1.249491770073832
2022-11-25,58.13701248168945,34.02029800415039,20.5,23.955500221252443,1.3012916448794298
2022-11-28,56.838069915771484,33.436180114746094,22.209999084472656,23.778500175476076,1.1709029511415405
2022-11-29,57.18084716796875,33.634033203125,21.889999389648438,23.579000186920165,1.2008484292113284
2022-11-30,58.200157165527344,34.2087287902832,20.579999923706055,23.31750020980835,1.2912909771219039
2022-12-01,57.79423522949219,34.01088333129883,19.84000015258789,23.016500186920165,1.2521071288989152
2022-12-02,57.68599319458008,33.85071563720703,19.059999465942383,22.704500198364258,1.2526248111144909
2022-12-05,54.799442291259766,33.0122184753418,20.75,22.514500236511232,0.9159524021318249
2022-12-06,54.26723098754883,32.72016906738281,22.170000076293945,22.405500221252442,0.8679113325577961
2022-12-07,54.23114013671875,32.588260650634766,22.68000030517578,22.262500190734862,0.8760989954869001
2022-12-08,54.37547302246094,32.61653137207031,22.290000915527344,22.072500228881836,0.8943274465832902
2022-12-09,54.15898513793945,32.53173828125,22.829999923706055,22.037500190734864,0.8713140397695451
2022-12-12,54.65510940551758,32.965118408203125,25.0,22.16150016784668,0.899646374840596
2022-12-13,53.7620735168457,33.04991149902344,22.549999237060547,22.10250015258789,0.7603448180628819
2022-12-14,52.769832611083984,32.6353759765625,21.139999389648438,21.932500076293945,0.6575103772417699
2022-12-15,51.80464172363281,31.994712829589844,22.829999923706055,21.86850004196167,0.5817201514569225
2022-12-16,51.362632751464844,31.749767303466797,22.6200008392334,21.803000068664552,0.5420658277017296
2022-12-19,51.631561279296875,31.664445877075195,22.420000076293945,21.768000030517577,0.5901191241721846
2022-12-20,51.885948181152344,31.797168731689453,21.479999542236328,21.723999977111816,0.6137833759878452
2022-12-21,52.749046325683594,32.29014587402344,20.06999969482422,21.66299991607666,0.6897165332848507
2022-12-22,52.549171447753906,32.0057373046875,21.969999313354492,21.743999862670897,0.6895136690366763
2022-12-23,52.894405364990234,32.18586349487305,20.8700008392334,21.76249990463257,0.7216284056633699
2022-12-27,52.948917388916016,32.1763801574707,21.649999618530273,21.73449993133545,0.7305713261731376
2022-12-28,52.57642364501953,32.0626220703125,22.139999389648438,21.74699993133545,0.6876926837559635
2022-12-29,53.566715240478516,32.50819778442383,21.440000534057617,21.789999961853027,0.7870728379744681
2022-12-30,53.36684036254883,32.42287063598633,21.670000076293945,21.88149995803833,0.7665443145804767
2023-01-03,52.99435043334961,32.536643981933594,22.899999618530273,22.073499965667725,0.7004359039924516
2023-01-04,53.71207809448242,33.05805206298828,22.010000228881836,22.136499977111818,0.7521997357439705
2023-01-05,52.69453048706055,32.81156921386719,22.459999084472656,22.15099992752075,0.6285054048959156
2023-01-06,54.23902893066406,33.54155731201172,21.1299991607666,22.073499870300292,0.779924129913509
2023-01-09,53.74842071533203,33.41831588745117,21.969999313354492,22.05749979019165,0.7207344531234143
2023-01-10,54.157264709472656,33.6079216003418,20.579999923706055,21.944999790191652,0.7611870315683024
2023-01-11,54.457069396972656,33.92076873779297,21.09000015258789,21.749499797821045,0.7731053749338116
2023-01-12,55.12938690185547,33.98712921142578,18.829999923706055,21.56349983215332,0.8646851377466483
2023-01-13,55.0657844543457,34.24311065673828,18.350000381469727,21.423999881744386,0.8292455858403841
2023-01-17,54.72963333129883,34.01557159423828,19.360000610351562,21.25049991607666,0.8033003158714891
2023-01-18,52.776302337646484,33.38039016723633,20.34000015258789,21.136499881744385,0.582392973537973
2023-01-19,52.83989715576172,32.991703033447266,20.520000457763672,21.041499900817872,0.6313802908719716
2023-01-20,54.30262756347656,33.51311492919922,19.850000381469727,20.95999994277954,0.792132018586065
2023-01-23,55.16572570800781,33.90180587768555,19.809999465942383,20.946999931335448,0.8787125061070368
2023-01-24,54.511592864990234,33.92076873779297,19.200000762939453,20.808500003814697,0.7810817472657734
2023-01-25,54.63877868652344,34.18622589111328,19.079999923706055,20.71899995803833,0.77258563739247
2023-01-26,55.02035903930664,34.36634826660156,18.729999542236328,20.572999954223633,0.8100179730028134
2023-01-27,55.3656005859375,34.36634826660156,18.510000228881836,20.391499996185303,0.8605242085838343
2023-01-30,54.802310943603516,34.19570541381836,19.940000534057617,20.316499996185303,0.7955413408816512
2023-01-31,56.43766403198242,34.66023635864258,19.399999618530273,20.202999973297118,0.9873538522400678
2023-02-01,57.23716354370117,34.66023635864258,17.8700008392334,19.951500034332277,1.1043146035744178
2023-02-02,58.76348876953125,34.75504684448242,18.729999542236328,19.7875,1.3179245907212733
2023-02-03,58.799835205078125,34.68867874145508,18.329999923706055,19.58100004196167,1.330017798890172
2023-02-06,58.236541748046875,34.679203033447266,19.43000030517578,19.49600009918213,1.2485796560794842
2023-02-07,58.86342239379883,35.07737731933594,18.65999984741211,19.33050012588501,1.2996350819524858
2023-02-08,58.200199127197266,34.86880111694336,19.6299991607666,19.28300008773804,1.223905567843608
2023-02-09,57.346187591552734,34.4801139831543,20.709999084472656,19.264000034332277,1.138653993231078
2023-02-10,57.22806930541992,34.593875885009766,20.530000686645508,19.34900007247925,1.109759404788368
2023-02-13,57.69142532348633,34.99205017089844,20.34000015258789,19.448500061035155,1.1368924104029074
2023-02-14,57.473384857177734,34.80244445800781,18.90999984741211,19.426000022888182,1.1243529496589952
2023-02-15,58.15477752685547,34.840362548828125,18.229999542236328,19.320499992370607,1.2201642288124266
2023-02-16,57.128143310546875,34.48958969116211,20.170000076293945,19.30299997329712,1.1057883152798968
2023-02-17,57.41887283325195,34.49907684326172,20.020000457763672,19.311499977111815,1.1473512408811728
2023-02-21,56.083335876464844,33.78805160522461,22.8700008392334,19.46450004577637,1.0245659508212386
2023-02-22,55.81077194213867,33.7501220703125,22.290000915527344,19.619000053405763,0.9885644020004275
2023-02-23,56.02882385253906,33.77857208251953,21.139999389648438,19.72200002670288,1.017559085565818
2023-02-24,56.03791809082031,33.807010650634766,21.670000076293945,19.869000053405763,1.0159860053905845
2023-02-27,56.01974105834961,33.79753112792969,20.950000762939453,19.99100008010864,1.0142946754644806
2023-02-28,55.928890228271484,33.863887786865234,20.700000762939453,20.029000091552735,0.9942290536808105
2023-03-01,55.592735290527344,33.7501220703125,20.579999923706055,20.088000106811524,0.956667283594359
2023-03-02,54.18452072143555,33.588958740234375,19.59000015258789,20.17400007247925,0.7671104358964526
2023-03-03,54.85683059692383,34.11985778808594,18.489999771118164,20.16200008392334,0.8112609866995716
2023-03-06,54.4479866027832,34.14829635620117,18.610000610351562,20.176000118255615,0.7485466938545193
2023-03-07,52.69453048706055,33.26662063598633,19.59000015258789,20.184000110626222,0.5820459208412405
2023-03-08,52.42198181152344,33.14337921142578,19.110000610351562,20.206500148773195,0.5547567108259256
2023-03-09,48.170074462890625,31.797168731689453,22.610000610351562,20.35550022125244,0.07017906406383183
2023-03-10,46.05320358276367,31.218860626220703,24.799999237060547,20.560000228881837,-0.18045953865708778
2023-03-13,40.38400650024414,29.98641586303711,26.520000457763672,20.859500217437745,-0.8839911520043788
2023-03-14,41.22892761230469,30.59316062927246,23.729999542236328,21.029000186920165,-0.8223325153768013
2023-03-15,40.556617736816406,29.777851104736328,26.139999389648438,21.390500164031984,-0.837445547859519
2023-03-16,41.983009338378906,30.3466739654541,22.989999771118164,21.628500175476074,-0.6868504411420387
2023-03-17,39.46638488769531,29.37019157409668,25.510000228881836,21.89550018310547,-0.9553174908900215
2023-03-20,39.908905029296875,29.69698715209961,24.149999618530273,22.102000141143797,-0.9239450494560766
2023-03-21,42.208518981933594,30.449647903442383,21.3799991607666,22.027500057220458,-0.6643734329036742
2023-03-22,39.808128356933594,29.7446231842041,22.260000228881836,22.026000022888184,-0.9435514232267588
2023-03-23,38.69954299926758,29.544544219970703,22.610000610351562,22.09950008392334,-1.0853015981563185
2023-03-24,39.87226104736328,29.525493621826172,21.739999771118164,22.10300006866455,-0.911796775488924
2023-03-27,40.220401763916016,29.935169219970703,20.600000381469727,22.085500049591065,-0.9026931518858805
2023-03-28,40.18376159667969,29.925643920898438,19.969999313354492,22.048999977111816,-0.9070808255994438
2023-03-29,40.61436462402344,30.363906860351562,19.1200008392334,21.976000022888183,-0.8888322755963934
2023-03-30,39.789798736572266,30.297210693359375,19.020000457763672,21.947500038146973,-1.002650555657933
2023-03-31,40.18376159667969,30.63067054748535,18.700000762939453,21.958000087738036,-0.9790620824945385
2023-04-03,39.76231384277344,30.68783187866211,18.549999237060547,21.955000019073488,-1.04655272456648
2023-04-04,38.882774353027344,30.402009963989258,19.0,21.925500011444093,-1.1460410990727363
2023-04-05,38.48881912231445,30.363906860351562,19.079999923706055,21.923999977111816,-1.1997835585318681
2023-04-06,39.056854248046875,30.47823143005371,18.399999618530273,21.71349992752075,-1.1283565223820067
2023-04-10,39.25841522216797,30.544923782348633,18.969999313354492,21.42199993133545,-1.105678774989929
2023-04-11,39.36835479736328,30.811691284179688,19.100000381469727,21.050999927520753,-1.1168316636242661
2023-04-12,38.93775177001953,30.744997024536133,19.09000015258789,20.81899995803833,-1.1730163419761463
2023-04-13,39.53327178955078,31.021297454833984,17.799999237060547,20.401999950408936,-1.114105757747489
2023-04-14,38.763675689697266,31.326173782348633,17.06999969482422,20.10599994659424,-1.2578188901060015
2023-04-17,39.91807174682617,31.688213348388672,16.950000762939453,19.67799997329712,-1.1259026820028268
2023-04-18,39.056854248046875,31.783491134643555,16.829999923706055,19.311999988555907,-1.261619906441324
2023-04-19,40.59604263305664,31.859710693359375,16.459999084472656,19.06599998474121,-1.044230054147057
2023-04-20,39.83560562133789,31.764432907104492,17.170000076293945,18.811499977111815,-1.1457486593400756
2023-04-21,39.33170700073242,31.650108337402344,16.770000457763672,18.51949996948242,-1.2077930082991952
2023-04-24,39.13014221191406,31.573888778686523,16.889999389648438,18.276999950408936,-1.2294986124858305
2023-04-25,37.481021881103516,31.030824661254883,18.760000228881836,18.18499994277954,-1.4153071492131115
2023-04-26,37.71006393432617,30.735475540161133,18.84000015258789,18.12849998474121,-1.3516457000396331
2023-04-27,38.41551971435547,31.23089599609375,17.030000686645508,18.023999977111817,-1.2990238877623639
2023-04-28,39.08434295654297,31.602466583251953,15.779999732971191,17.86199994087219,-1.2391164126080105
2023-05-01,37.98491668701172,31.516719818115234,16.079999923706055,17.73099989891052,-1.391199681399262
2023-05-02,35.60283660888672,30.802165985107422,17.780000686645508,17.692499971389772,-1.666726080751359
2023-05-03,34.961517333984375,30.449647903442383,18.34000015258789,17.659499979019166,-1.7245551406363364
2023-05-04,33.05586242675781,30.05902671813965,20.09000015258789,17.709999990463256,-1.9634567511524905
2023-05-05,35.13558578491211,30.802165985107422,17.190000534057617,17.649500036239623,-1.7350813538098488
2023-05-08,34.43014144897461,30.849802017211914,16.979999542236328,17.550000047683717,-1.8431460483207018
2023-05-09,34.283538818359375,30.735475540161133,17.709999084472656,17.480499982833862,-1.8529204927758183
2023-05-10,33.95372009277344,30.563982009887695,16.940000534057617,17.37300000190735,-1.883661473632747
2023-05-11,33.1108283996582,30.516342163085938,16.93000030517578,17.32950005531311,-2.0021062781779757
2023-05-12,33.32155227661133,30.392484664916992,17.030000686645508,17.327500104904175,-1.9586334576355913
2023-05-15,34.37516403198242,30.640193939208984,17.1200008392334,17.33600010871887,-1.8297884284188233
2023-05-16,33.862098693847656,30.35437774658203,17.989999771118164,17.39400010108948,-1.8756649815077662
2023-05-17,36.3541145324707,30.964130401611328,16.8700008392334,17.414500188827514,-1.5733559005026283
2023-05-18,36.57398986816406,31.19278907775879,16.049999237060547,17.358500146865843,-1.564535211087173
2023-05-19,35.92351150512695,31.059402465820312,16.809999465942383,17.36050009727478,-1.646076889861688
2023-05-22,37.068729400634766,31.116573333740234,17.209999084472656,17.37650008201599,-1.4843771318061485
2023-05-23,37.43520736694336,30.754526138305664,18.530000686645508,17.365000104904176,-1.3938001568355174
2023-05-24,36.76640319824219,30.35437774658203,20.030000686645508,17.424500131607054,-1.4507871273519046
2023-05-25,36.46405792236328,30.3448486328125,19.139999389648438,17.530000066757204,-1.4940450659044628
2023-05-26,36.91299057006836,30.592559814453125,17.950000762939453,17.638500118255614,-1.4536602263472096
2023-05-30,36.839691162109375,30.58303451538086,17.459999084472656,17.707500076293947,-1.4634108706135016
2023-05-31,35.70362854003906,30.25910186767578,17.940000534057617,17.71550006866455,-1.5965356457114483
2023-06-01,36.42740249633789,30.58303451538086,15.649999618530273,17.58100004196167,-1.5237255942730614
2023-06-02,38.672054290771484,31.24995994567871,14.600000381469727,17.306500053405763,-1.2634411893924826
2023-06-05,37.67341995239258,31.087987899780273,14.729999542236328,17.183500003814697,-1.3929969694266078
2023-06-06,39.54243087768555,31.47861099243164,13.960000038146973,17.03250002861023,-1.1594562919523628
2023-06-07,40.85257339477539,31.602466583251953,13.9399995803833,16.84400005340576,-0.9804376297488103
2023-06-08,40.36699676513672,31.573888778686523,13.649999618530273,16.679500007629393,-1.0485561156915062
2023-06-09,39.81728744506836,31.583410263061523,13.829999923706055,16.52449998855591,-1.129946562156128
2023-06-12,39.524105072021484,31.573888778686523,15.010000228881836,16.423499965667723,-1.171864816041183
2023-06-13,40.44028854370117,31.764432907104492,14.609999656677246,16.297999906539918,-1.0572881063540978
2023-06-14,39.25841522216797,31.640575408935547,13.880000114440918,16.092499923706054,-1.2175417575026302
2023-06-15,40.00968551635742,32.05978775024414,14.5,15.973999881744385,-1.1504369907278669
2023-06-16,39.45997619628906,31.993101119995117,13.539999961853027,15.84849991798401,-1.224046800732276
2023-06-20,38.95043182373047,31.75383949279785,13.880000114440918,15.701999950408936,-1.2741613546971857
2023-06-21,38.3493537902832,31.715557098388672,13.199999809265137,15.50149998664856,-1.3581860136596022
2023-06-22,37.13792419433594,31.46673583984375,12.90999984741211,15.220499944686889,-1.5100050727045766
2023-06-23,36.60157775878906,31.332754135131836,13.4399995803833,14.890999889373779,-1.5747893535834185
2023-06-26,37.06394958496094,31.265756607055664,14.25,14.646499919891358,-1.5003075799205177
2023-06-27,37.69278335571289,31.514585494995117,13.739999771118164,14.435999870300293,-1.433718676994992
2023-06-28,37.48933410644531,31.438020706176758,13.430000305175781,14.23449993133545,-1.4556647165059697
2023-06-29,38.192138671875,31.9835205078125,13.539999961853027,14.01449990272522,-1.408543718792338
2023-06-30,37.757511138916016,32.26105880737305,13.59000015258789,13.9114999294281,-1.5004623384715203
2023-07-03,38.62678146362305,32.44289016723633,13.569999694824219,13.859999895095825,-1.3918591190930008
2023-07-05,38.118160247802734,32.37590408325195,14.180000305175781,13.832499933242797,-1.4594274758058552
2023-07-06,37.53556823730469,32.098365783691406,15.4399995803833,13.906499910354615,-1.5163204067665843
2023-07-07,38.3493537902832,32.14621353149414,14.829999923706055,13.950999927520751,-1.4021548372130603
2023-07-10,38.654518127441406,32.289772033691406,15.069999694824219,14.021999931335449,-1.372168518880115
2023-07-11,39.17238235473633,32.67257308959961,14.84000015258789,14.07249994277954,-1.3354918091731822
2023-07-12,39.95841598510742,32.883121490478516,13.539999961853027,13.9989999294281,-1.241997420659909
2023-07-13,40.642738342285156,32.99796676635742,13.609999656677246,13.948999929428101,-1.1536116018622475
2023-07-14,39.88444137573242,32.77784729003906,13.34000015258789,13.92199993133545,-1.2420711453871522
2023-07-17,40.5780029296875,33.093658447265625,13.479999542236328,13.870999908447265,-1.1728517590673209
2023-07-18,42.288787841796875,33.46689987182617,13.300000190734863,13.858999919891357,-0.9606837345458632
2023-07-19,43.6019287109375,33.61044692993164,13.760000228881836,13.852999925613403,-0.7832368800610229
2023-07-20,43.43547058105469,33.859283447265625,13.989999771118164,13.892499923706055,-0.8329939656283581
2023-07-21,42.88987350463867,33.74443817138672,13.600000381469727,13.926999950408936,-0.9010853216663386
2023-07-24,43.971824645996094,34.069820404052734,13.90999984741211,13.950499963760375,-0.7760246468547075
2023-07-25,43.139549255371094,33.84971237182617,13.859999656677246,13.930999946594238,-0.8753078445261782
2023-07-26,45.183250427246094,34.05068588256836,13.1899995803833,13.903499937057495,-0.5968486062954278
2023-07-27,44.41570281982422,33.620025634765625,14.40999984741211,13.952499914169312,-0.665165821885255
2023-07-28,45.05378341674805,33.68701934814453,13.329999923706055,13.941999912261963,-0.5786593126193302
2023-07-31,45.02603530883789,33.81142807006836,13.630000114440918,13.943999910354615,-0.5954204359716683
2023-08-01,44.545169830322266,33.81142807006836,13.930000305175781,13.961999940872193,-0.665767430351978
2023-08-02,44.34172058105469,33.52431869506836,16.09000015258789,14.057499933242799,-0.666217453437052
2023-08-03,44.73011779785156,33.54344940185547,15.920000076293945,14.08149995803833,-0.6113510605840451
2023-08-04,44.90582275390625,33.409481048583984,17.100000381469727,14.194999980926514,-0.5719689539967391
2023-08-07,45.34970474243164,33.878421783447266,15.770000457763672,14.230000019073486,-0.5549099096325346
2023-08-08,44.76710891723633,33.572174072265625,15.989999771118164,14.2875,-0.6088722476098117
2023-08-09,44.11978530883789,33.323341369628906,15.960000038146973,14.408500003814698,-0.678165684922705
2023-08-10,44.08279037475586,33.35205841064453,15.850000381469727,14.520500040054321,-0.6865096948680574
2023-08-11,44.193763732910156,33.41905212402344,14.84000015258789,14.595500040054322,-0.6771150009023366
2023-08-14,43.33374786376953,33.35205841064453,14.819999694824219,14.662500047683716,-0.7960889673781678
2023-08-15,41.89113998413086,32.739566802978516,16.459999084472656,14.820499992370605,-0.944597935768994
2023-08-16,41.41951370239258,32.691715240478516,16.780000686645508,14.971500015258789,-1.0087077939246525
2023-08-17,41.41951370239258,32.529022216796875,17.889999389648438,15.166499996185303,-0.9920972888869052
2023-08-18,41.38252639770508,32.519447326660156,17.299999237060547,15.351499938964844,-0.9965306830828939
2023-08-21,41.105106353759766,32.48117446899414,17.1299991607666,15.512499904632568,-1.033207591834064
2023-08-22,39.93067932128906,32.174930572509766,16.969999313354492,15.667999887466431,-1.173750763235855
2023-08-23,40.44852828979492,32.490745544433594,15.979999542236328,15.807499885559082,-1.130237192983273
2023-08-24,40.633480072021484,32.37590408325195,17.200000762939453,15.94699993133545,-1.0914551478999155
2023-08-25,40.3468132019043,32.529022216796875,15.680000305175781,16.064499950408937,-1.1490252852832041
2023-08-28,40.92939758300781,32.71085739135742,15.079999923706055,16.136999940872194,-1.0823624476690656
2023-08-29,41.31779479980469,33.00753402709961,14.449999809265137,16.16299991607666,-1.0558327219133266
2023-08-30,41.01262664794922,33.02666473388672,13.880000114440918,16.05249991416931,-1.1024297138754942
2023-08-31,41.206825256347656,32.90226364135742,13.569999694824219,15.934999895095824,-1.0613189160710426
2023-09-01,42.18705749511719,33.19893264770508,13.09000015258789,15.734499883651733,-0.9482074093593611
2023-09-05,41.23456573486328,32.863983154296875,14.010000228881836,15.646499872207642,-1.0533523619763183
2023-09-06,40.282081604003906,32.8448486328125,14.449999809265137,15.56949987411499,-1.19074002837424
2023-09-07,39.73646926879883,32.758705139160156,14.399999618530273,15.491499853134155,-1.2617639887629777
2023-09-08,40.097129821777344,32.825706481933594,13.84000015258789,15.390999841690064,-1.2158427194647534
2023-09-11,40.02314758300781,32.97882080078125,13.800000190734863,15.338999843597412,-1.242298309189008
2023-09-12,40.35606002807617,33.19893264770508,14.229999542236328,15.309499835968017,-1.2160685353480722
2023-09-13,39.865936279296875,33.19893264770508,13.479999542236328,15.160499858856202,-1.2877699448721356
2023-09-14,40.651973724365234,33.505184173583984,12.819999694824219,14.962499809265136,-1.204046021073724
2023-09-15,40.420780181884766,33.332923889160156,13.789999961853027,14.757499837875367,-1.2202805976879874
2023-09-18,39.65126419067383,33.42424392700195,14.0,14.59249987602234,-1.3421785077834738
2023-09-19,39.55799102783203,33.38579559326172,14.109999656677246,14.44149990081787,-1.3518982004482973
2023-09-20,39.212867736816406,33.15507888793945,15.140000343322754,14.349999952316285,-1.3788316024614338
2023-09-21,38.643898010253906,32.607139587402344,17.540000915527344,14.428000020980836,-1.4061245061465948
2023-09-22,38.392051696777344,32.357200622558594,17.200000762939453,14.428000020980836,-1.4174496503251843
2023-09-25,38.942378997802734,32.43410873413086,16.899999618530273,14.48899998664856,-1.3447930191682276
2023-09-26,38.336082458496094,32.00152587890625,18.940000534057617,14.682000017166137,-1.389324126256649
2023-09-27,38.13088607788086,31.953462600708008,18.219999313354492,14.870499992370606,-1.414435682843767
2023-09-28,38.513309478759766,32.184173583984375,17.34000015258789,15.043499994277955,-1.382044971749018
2023-09-29,38.961036682128906,31.88616943359375,17.520000457763672,15.241000032424926,-1.2861204626188416
2023-10-02,37.990970611572266,31.617008209228516,17.610000610351562,15.467000055313111,-1.40055320356345
2023-10-03,37.24476623535156,31.11713218688965,19.780000686645508,15.755500078201294,-1.4586813273370565
2023-10-04,37.599220275878906,31.347841262817383,18.579999923706055,15.96200008392334,-1.430382128072627
2023-10-05,38.22415542602539,31.492036819458008,18.489999771118164,16.166500091552734,-1.3536807919590907
2023-10-06,38.326759338378906,31.761198043823242,17.450000762939453,16.347000122070312,-1.3661512251758265
2023-10-09,38.30810546875,31.780427932739258,17.700000762939453,16.542000150680543,-1.3708434638283202
2023-10-10,38.90507507324219,32.011138916015625,17.030000686645508,16.682000207901,-1.307066260555989
2023-10-11,38.93305206298828,32.059200286865234,16.09000015258789,16.81250023841858,-1.3078803701046544
2023-10-12,38.457340240478516,31.857328414916992,16.690000534057617,17.00600028038025,-1.3568628670296534
2023-10-13,37.70181655883789,31.92462158203125,19.31999969482422,17.28250026702881,-1.4742607310711202
2023-10-16,38.66254806518555,32.261077880859375,17.209999084472656,17.44300022125244,-1.3680642063588755
2023-10-17,39.48337936401367,32.41488265991211,17.8799991607666,17.63150019645691,-1.2636858153774744
2023-10-18,38.41071319580078,31.857328414916992,19.219999313354492,17.835500144958495,-1.3636840521561886
2023-10-19,37.990970611572266,31.434362411499023,21.399999618530273,18.028500080108643,-1.3819055758123935
2023-10-20,36.470584869384766,30.953710556030273,21.709999084472656,18.253999996185303,-1.5552533310118635
2023-10-23,36.3306770324707,30.761451721191406,20.3700008392334,18.42750005722046,-1.5560917007292048
2023-10-24,36.106807708740234,30.97293472290039,18.969999313354492,18.428999996185304,-1.6104339211354042
2023-10-25,35.97622299194336,30.857580184936523,20.190000534057617,18.527500057220458,-1.6177601033952762
2023-10-26,37.04888916015625,30.79029083251953,20.68000030517578,18.694500064849855,-1.4539670738974375
2023-10-27,36.25605392456055,30.232742309570312,21.270000457763672,18.882000064849855,-1.513028739015771
2023-10-30,36.79705047607422,30.771066665649414,19.75,18.989000034332275,-1.4888464408810105
2023-10-31,37.00225067138672,31.107515335083008,18.139999389648438,18.90699996948242,-1.4931776722685994
2023-11-01,37.151493072509766,31.309391021728516,16.8700008392334,18.82150001525879,-1.4919555799898137
2023-11-02,39.2595100402832,32.04959487915039,15.65999984741211,18.680000019073486,-1.2591413437113563
2023-11-03,40.68661880493164,32.47255325317383,14.90999984741211,18.55299997329712,-1.0935489632055364
2023-11-06,40.10831832885742,32.37643051147461,14.890000343322754,18.412499952316285,-1.1683360987164413
2023-11-07,39.7165641784668,32.32836151123047,14.8100004196167,18.301499938964845,-1.2207390664036095
2023-11-08,39.1942138671875,32.366817474365234,14.449999809265137,18.219499921798707,-1.3010812259087576
2023-11-09,38.37339782714844,32.23223114013672,15.289999961853027,18.149499893188477,-1.4074195343871392
2023-11-10,38.58793258666992,32.597530364990234,14.170000076293945,17.891999912261962,-1.4133307508359791
2023-11-13,38.653221130371094,32.549461364746094,14.760000228881836,17.76949996948242,-1.398871817909934
2023-11-14,41.49812316894531,33.16469192504883,14.15999984741211,17.5835000038147,-1.0454974250607645
2023-11-15,42.06709671020508,33.34733581542969,14.180000305175781,17.33150005340576,-0.9809083183420615
2023-11-16,41.535423278808594,33.48191833496094,14.319999694824219,16.97750005722046,-1.0724286339793765
2023-11-17,42.169700622558594,33.65494918823242,13.800000190734863,16.58200011253357,-0.9973046089242803
2023-11-20,42.1230583190918,33.7895393371582,13.40999984741211,16.234000062942506,-1.017869306015768
2023-11-21,41.18098449707031,33.77031326293945,13.350000381469727,15.953000116348267,-1.1537246754320212
2023-11-22,41.35820388793945,33.90488815307617,12.850000381469727,15.586000108718872,-1.1415385364004869
2023-11-24,41.41416931152344,34.0106315612793,12.460000038146973,15.175000095367432,-1.144147324594787
2023-11-27,41.15299606323242,33.8952751159668,12.6899995803833,14.746000051498413,-1.1705774298024554
2023-11-28,41.14366912841797,33.88566589355469,12.6899995803833,14.393000030517578,-1.1709608151809487
2023-11-29,42.001800537109375,34.12598419189453,12.979999542236328,14.135000038146973,-1.0699584889252607
2023-11-30,42.08574676513672,34.51050567626953,12.920000076293945,13.9375,-1.0969363622696504
2023-12-01,44.26839065551758,34.77005386352539,12.630000114440918,13.78600001335144,-0.8041311632692182
2023-12-04,44.88400650024414,34.73160934448242,13.079999923706055,13.694500017166138,-0.7101461277365747
2023-12-05,44.32435989379883,34.558570861816406,12.850000381469727,13.592500019073487,-0.774351459606807
2023-12-06,44.343013763427734,34.385536193847656,12.970000267028809,13.500500011444093,-0.7539561809623572
2023-12-07,45.201141357421875,34.54895782470703,13.0600004196167,13.43100004196167,-0.6451034769771076
2023-12-08,45.695499420166016,34.73160934448242,12.350000381469727,13.284000062942505,-0.5914308311974609
2023-12-11,45.5928955078125,34.943084716796875,12.630000114440918,13.207000064849854,-0.6280320571693574
2023-12-12,45.23844528198242,35.193023681640625,12.069999694824219,13.072500038146973,-0.7054035259708981
2023-12-13,47.88746643066406,35.76018524169922,12.1899995803833,12.974000024795533,-0.3757773194383494
2023-12-14,50.20068359375,36.11586380004883,12.479999542236328,12.88899998664856,-0.07368487841464771
2023-12-15,49.39852523803711,35.90438461303711,12.279999732971191,12.786999988555909,-0.16944316201076595
2023-12-18,48.88224411010742,36.02417755126953,12.5600004196167,12.725,-0.25720172458987794
2023-12-19,49.606353759765625,36.29467010498047,12.529999732971191,12.680999994277954,-0.17888647883965136
2023-12-20,48.44965362548828,35.64741516113281,13.670000076293945,12.696999979019164,-0.2820200595742789
2023-12-21,48.97628402709961,35.99518966674805,13.649999618530273,12.736999940872192,-0.24048481132451163
2023-12-22,49.28660583496094,36.072479248046875,13.029999732971191,12.765499925613403,-0.20297812147277078
2023-12-26,50.048343658447266,36.21739196777344,12.989999771118164,12.780499935150146,-0.10633680592693605
2023-12-27,49.963706970214844,36.333316802978516,12.430000305175781,12.767499971389771,-0.13055411848315437
2023-12-28,50.08595657348633,36.439579010009766,12.470000267028809,12.742000007629395,-0.12351899880613075
2023-12-29,49.305416107177734,36.32365036010742,12.449999809265137,12.718499994277954,-0.2258701921315935
2024-01-02,49.46529006958008,36.47821807861328,13.199999809265137,12.746999979019165,-0.21826277066989905
2024-01-03,47.83839416503906,36.16908645629883,14.039999961853027,12.794999980926514,-0.42470389823169225
2024-01-04,48.073490142822266,36.31399154663086,14.130000114440918,12.858999967575073,-0.4051055355489757
2024-01-05,48.64714050292969,36.46855926513672,13.350000381469727,12.877999973297118,-0.3369657464614815
2024-01-08,49.09852981567383,36.70041275024414,13.079999923706055,12.878999948501587,-0.29460248863592153
2024-01-09,48.54369354248047,36.46855926513672,12.760000228881836,12.899499940872193,-0.35209925691402033
2024-01-10,48.65654373168945,36.52652359008789,12.6899995803833,12.902499914169312,-0.34150812127903546
2024-01-11,48.01707458496094,36.391273498535156,12.4399995803833,12.920999908447266,-0.4212489786197413
2024-01-12,47.38699722290039,36.32365036010742,12.699999809265137,12.946499919891357,-0.5065204124134248
2024-01-16,46.58765411376953,36.072479248046875,13.84000015258789,13.014499950408936,-0.597814411550121
2024-01-17,46.390174865722656,36.004852294921875,14.789999961853027,13.139999961853027,-0.6197996130443696
2024-01-18,46.80394744873047,36.06282424926758,14.130000114440918,13.218499946594239,-0.5651865787164547
2024-01-19,47.988853454589844,36.642452239990234,13.300000190734863,13.256999969482422,-0.45102216785895355
2024-01-22,49.051513671875,36.81633758544922,13.1899995803833,13.23299994468689,-0.3133161991535331
2024-01-23,48.5813102722168,36.87430191040039,12.550000190734863,13.17799997329712,-0.38802140807227087
2024-01-24,49.145545959472656,37.01921081542969,13.140000343322754,13.183500003814697,-0.3202727766669667
2024-01-25,48.84462356567383,37.2027587890625,13.449999809265137,13.206500005722045,-0.3830351917004044
2024-01-26,49.0233039855957,37.338008880615234,13.260000228881836,13.248000001907348,-0.3707042513186757
2024-01-29,49.84145736694336,37.43461608886719,13.600000381469727,13.304500007629395,-0.26087790664534954
2024-01-30,49.64396667480469,37.907981872558594,13.3100004196167,13.347500038146972,-0.33809863548447855
2024-01-31,46.73811721801758,37.44427490234375,14.350000381469727,13.405000066757202,-0.7158593130964733
2024-02-01,45.28049087524414,37.50223922729492,13.880000114440918,13.397000074386597,-0.9350170546543558
2024-02-02,45.48737716674805,37.65680694580078,13.850000381469727,13.383000087738036,-0.9205320838594846
2024-02-05,44.73505401611328,37.43461608886719,13.670000076293945,13.399000072479248,-1.007906220953352
2024-02-06,44.17081832885742,37.51190185546875,13.0600004196167,13.39800009727478,-1.0983403100935076
2024-02-07,44.05796432495117,37.79205322265625,12.829999923706055,13.40150008201599,-1.1434526751778016
2024-02-08,44.23664093017578,37.64714431762695,12.789999961853027,13.406500101089478,-1.1025188388261935
2024-02-09,45.01716995239258,37.75341033935547,12.930000305175781,13.431000137329102,-0.999182792234018
2024-02-12,45.98579025268555,37.927303314208984,13.930000305175781,13.492500162124633,-0.8752349333807119
2024-02-13,44.03915786743164,37.41529083251953,15.850000381469727,13.593000173568726,-1.107737526413499
2024-02-14,44.85731506347656,37.77273178100586,14.380000114440918,13.57250018119812,-1.0245410228079155
2024-02-15,46.286720275878906,38.41998291015625,14.010000228881836,13.566500186920166,-0.8815123555301085
2024-02-16,45.8071174621582,38.28474044799805,14.239999771118164,13.613500165939332,-0.9378667524846743
2024-02-20,45.44976806640625,38.1784782409668,15.420000076293945,13.725000190734864,-0.979295199442101
2024-02-21,45.148826599121094,38.294403076171875,15.34000015258789,13.864500188827515,-1.0351562705052266
2024-02-22,45.1112174987793,38.73877716064453,14.539999961853027,13.934500169754028,-1.086027555949273
2024-02-23,45.01716995239258,38.932003021240234,13.75,13.949500179290771,-1.119513825715868
2024-02-26,44.593990325927734,38.73877716064453,13.739999771118164,13.973500156402588,-1.1616939920890637
2024-02-27,45.148826599121094,38.84505844116211,13.430000305175781,13.96500015258789,-1.0913766511168204
2024-02-28,44.659828186035156,38.98996353149414,13.84000015258789,13.99150013923645,-1.177707839048809
2024-02-29,45.271087646484375,38.97064971923828,13.399999618530273,13.944000101089477,-1.0863133016275541
2024-03-01,44.772666931152344,38.92233657836914,13.109999656677246,13.905500078201294,-1.1542958575541518
2024-03-04,44.763267517089844,39.01894760131836,13.489999771118164,13.887500047683716,-1.1655346376024016
2024-03-05,46.56884765625,39.02860641479492,14.460000038146973,13.927000045776367,-0.9023780130487713
2024-03-06,46.51241683959961,39.23147964477539,14.5,13.999000024795532,-0.9313462084093724
2024-03-07,46.5782470703125,39.17350769042969,14.4399995803833,14.079500007629395,-0.915796966697555
2024-03-08,46.61587142944336,39.24113082885742,14.739999771118164,14.17699999809265,-0.9171969408750679
2024-03-11,46.380760192871094,39.30876159667969,15.220000267028809,14.291499996185303,-0.9584968555573515
2024-03-12,45.91997146606445,39.47298812866211,13.84000015258789,14.286999988555909,-1.0426738444847228
2024-03-13,45.966983795166016,39.7628059387207,13.75,14.181999969482423,-1.0653858871639683
2024-03-14,44.772666931152344,39.444007873535156,14.399999618530273,14.18299994468689,-1.207557045282517
2024-03-15,45.007774353027344,39.40536880493164,14.40999984741211,14.202999925613403,-1.169217660484867
2024-03-18,44.72245407104492,39.63129806518555,14.329999923706055,14.207499933242797,-1.2340246156215662
2024-03-19,44.874122619628906,39.82524108886719,13.819999694824219,14.127499914169311,-1.2316376934427546
2024-03-20,46.27702331542969,40.30039596557617,13.039999961853027,14.012499904632568,-1.0749158886023296
2024-03-21,46.95952606201172,40.63009262084961,12.920000076293945,13.931499910354614,-1.0087319931468608
2024-03-22,45.94525909423828,40.16463088989258,13.0600004196167,13.896999931335449,-1.1095892566018202
2024-03-25,46.01161193847656,40.00947952270508,13.1899995803833,13.869499921798706,-1.0840418128137832
2024-03-26,45.72724533081055,40.145240783691406,13.239999771118164,13.859999895095825,-1.1395033507474361
2024-03-27,47.41452407836914,40.62038803100586,12.779999732971191,13.80699987411499,-0.9411784018510507
2024-03-28,47.660972595214844,40.84341812133789,13.010000228881836,13.787499904632568,-0.9278955934110108
2024-04-01,46.7225456237793,40.62038803100586,13.649999618530273,13.81449990272522,-1.042409633102236
2024-04-02,45.85995101928711,40.40705490112305,14.609999656677246,13.870499897003175,-1.1468200018720636
2024-04-03,45.76515197753906,40.38766860961914,14.329999923706055,13.863999891281129,-1.1587091005913879
2024-04-04,45.67036437988281,39.931907653808594,16.350000381469727,13.956499910354614,-1.126043886077773
2024-04-05,45.69880294799805,40.310089111328125,16.030000686645508,14.035999965667724,-1.1604948125073815
2024-04-08,46.47608947753906,40.4846305847168,15.1899995803833,14.058499956130982,-1.0646038517929113
2024-04-09,46.77941131591797,40.25190353393555,14.979999542236328,14.046499919891357,-0.9964693691661699
2024-04-10,44.45703887939453,39.650699615478516,15.800000190734863,14.144499921798706,-1.2748337015618645
2024-04-11,44.49495315551758,39.36948776245117,14.90999984741211,14.202499914169312,-1.240576181046552
2024-04-12,44.096832275390625,38.845855712890625,17.309999465942383,14.347999906539917,-1.2453568891773608
2024-04-15,43.92620849609375,38.651912689208984,19.229999542236328,14.588999891281128,-1.2505168187106472
2024-04-16,43.366939544677734,38.39009475708008,18.399999618530273,14.792499876022339,-1.3056027677286013
2024-04-17,43.442771911621094,38.48706817626953,18.209999084472656,15.01199984550476,-1.3044097804049102
2024-04-18,43.708187103271484,38.622825622558594,18.0,15.259999847412109,-1.279441996298308
2024-04-19,44.855159759521484,39.156158447265625,18.709999084472656,15.549499797821046,-1.16610034088082
2024-04-22,45.67036437988281,39.63129806518555,16.940000534057617,15.743499803543092,-1.095352483501169
2024-04-23,46.191707611083984,39.883426666259766,15.6899995803833,15.868499803543092,-1.0448255276970677
2024-04-24,46.457130432128906,39.87372970581055,15.970000267028809,16.004999828338622,-1.005006137254678
2024-04-25,45.94525909423828,39.6410026550293,15.369999885559082,16.13449983596802,-1.0561282707753903
2024-04-26,45.67984390258789,39.58281707763672,15.029999732971191,16.235499811172485,-1.0890159268588873
2024-04-29,45.2817268371582,39.524635314941406,14.670000076293945,16.28649983406067,-1.1413172561394966
2024-04-30,44.57078170776367,39.13676071166992,15.649999618530273,16.33849983215332,-1.2057222511651315
2024-05-01,45.717750549316406,39.13676071166992,15.390000343322754,16.391499853134157,-1.0379293563618528
2024-05-02,46.466609954833984,39.23373031616211,14.680000305175781,16.307999849319458,-0.9382771976100235
2024-05-03,47.06379699707031,39.32099914550781,13.489999771118164,16.18099980354309,-0.8598231400347766
2024-05-06,47.4334831237793,39.82524108886719,13.489999771118164,16.095999813079835,-0.857222546074666
2024-05-07,47.28181457519531,39.96099853515625,13.229999542236328,16.008499813079833,-0.8932709688726584
2024-05-08,47.55670166015625,40.10645294189453,13.0,15.868499803543092,-0.8679075508618558
2024-05-09,47.784210205078125,40.40705490112305,12.6899995803833,15.75749979019165,-0.8653153895073782
2024-05-10,47.727333068847656,40.56221008300781,12.550000190734863,15.519499826431275,-0.8894769981188801
2024-05-13,47.679935455322266,40.39735794067383,13.600000381469727,15.237999868392944,-0.8795799666141195
2024-05-14,48.239200592041016,40.60099411010742,13.420000076293945,14.988999891281129,-0.8185543795724637
2024-05-15,48.40982437133789,40.90160369873047,12.449999809265137,14.700999927520751,-0.8242848095286257
2024-05-16,48.20128631591797,40.90160369873047,12.420000076293945,14.42199993133545,-0.854792354919471
2024-05-17,48.52357864379883,41.20220947265625,11.989999771118164,14.085999965667725,-0.8383344301396889
2024-05-20,47.822120666503906,40.63978576660156,12.149999618530273,13.846499919891357,-0.8835305486090188
2024-05-21,47.88848114013672,40.90160369873047,11.859999656677246,13.654999923706054,-0.900553393975013
2024-05-22,47.31024932861328,40.66887283325195,12.289999961853027,13.470999908447265,-0.9613831750429465
2024-05-23,46.172760009765625,40.10645294189453,12.770000457763672,13.340999937057495,-1.070367781118419
2024-05-24,46.37181854248047,40.348876953125,11.930000305175781,13.185999965667724,-1.065997835457011
2024-05-28,45.98316955566406,39.90281295776367,12.920000076293945,13.098499965667724,-1.0773123595096774
2024-05-29,44.874122619628906,39.58281707763672,14.279999732971191,13.02999997138977,-1.2068868764212812
2024-05-30,45.6608772277832,39.7961540222168,14.470000267028809,12.983999967575073,-1.1135717168465922
2024-05-31,46.30546188354492,40.377960205078125,12.920000076293945,12.895999956130982,-1.0786746335153803
2024-06-03,45.49973678588867,40.125850677490234,13.109999656677246,12.876999950408935,-1.1708064598468233
2024-06-04,44.69401931762695,39.94160079956055,13.15999984741211,12.860499954223632,-1.2698654514714918
2024-06-05,44.83619689941406,40.05796432495117,12.630000114440918,12.830499982833862,-1.2609463352681514
2024-06-06,44.949947357177734,40.038578033447266,12.579999923706055,12.809499979019165,-1.2423262144122746
2024-06-07,44.750892639160156,40.22281265258789,12.220000267028809,12.78600001335144,-1.2902562610300712
2024-06-10,44.05891799926758,40.067665100097656,12.739999771118164,12.795499992370605,-1.375646800796038
2024-06-11,43.89777374267578,39.611907958984375,12.850000381469727,12.757999992370605,-1.3526894547081463
2024-06-12,44.98786544799805,39.573123931884766,12.039999961853027,12.68899998664856,-1.1892575148991902
2024-06-13,44.27693176269531,39.54403305053711,11.9399995803833,12.663499975204468,-1.2902916554622745
2024-06-14,43.71766662597656,39.417972564697266,12.65999984741211,12.675499963760377,-1.3592375039508016
2024-06-17,44.45703887939453,39.767059326171875,12.75,12.713499975204467,-1.2867137042621957
2024-06-18,44.57078170776367,40.01918029785156,12.300000190734863,12.721000003814698,-1.29581483565332
2024-06-20,44.64662170410156,40.232513427734375,13.279999732971191,12.792000007629394,-1.3065007349070556
2024-06-21,44.56130599975586,40.077362060546875,13.199999809265137,12.8375,-1.3031412563849856
2024-06-24,45.48086166381836,40.489166259765625,13.329999923706055,12.86549997329712,-1.2106612579649743
2024-06-25,44.85953903198242,40.18737030029297,12.84000015258789,12.910999965667724,-1.2707435472647572
2024-06-26,45.05072021484375,39.93425750732422,12.550000190734863,12.892499971389771,-1.2169330695837586
2024-06-27,45.528663635253906,39.88557434082031,12.239999771118164,12.79049997329712,-1.1420431344325173
2024-06-28,46.93380355834961,40.02186965942383,12.4399995803833,12.688999938964844,-0.9503971294865082
2024-07-01,46.71395492553711,40.109493255615234,12.220000267028809,12.653999948501587,-0.9915054524478174
2024-07-02,47.26836395263672,40.5767822265625,12.029999732971191,12.599999952316285,-0.9581084950764276
2024-07-03,46.503662109375,40.45022964477539,12.09000015258789,12.546499967575073,-1.0570579433684097
2024-07-05,45.824981689453125,40.44049072265625,12.479999542236328,12.538999938964844,-1.155349455547679
2024-07-08,45.83454132080078,40.333404541015625,12.369999885559082,12.528499937057495,-1.1430177523623364
2024-07-09,46.6566047668457,40.644935607910156,12.510000228881836,12.542999935150146,-1.0545625226600115
2024-07-10,47.66983413696289,40.80069351196289,12.850000381469727,12.548499965667725,-0.9222371529188286
2024-07-11,49.677188873291016,41.12196350097656,12.920000076293945,12.551999950408936,-0.6613770599180723
2024-07-12,49.79189682006836,41.25825119018555,12.460000038146973,12.572999954223633,-0.6585107459183253
2024-07-15,51.244834899902344,41.86185073852539,13.119999885559082,12.631999969482422,-0.5075826925999944
2024-07-16,53.58674240112305,42.33887481689453,13.1899995803833,12.658499956130981,-0.2136821113564992
2024-07-17,54.236751556396484,42.66014099121094,14.479999542236328,12.744999933242799,-0.15139105469970457
2024-07-18,53.2521858215332,42.144168853759766,15.930000305175781,12.926499938964843,-0.24274627972825463
2024-07-19,53.51983642578125,41.7158088684082,16.520000457763672,13.088499975204467,-0.1598566514513516
2024-07-22,54.41836166381836,41.949459075927734,14.90999984741211,13.173999977111816,-0.052264218962195685
2024-07-23,55.26909637451172,42.027347564697266,14.720000267028809,13.243499994277954,0.06423965774761718
2024-07-24,54.255863189697266,41.452964782714844,18.040000915527344,13.503500032424927,-0.025345834808179892
2024-07-25,55.65144348144531,41.608726501464844,18.459999084472656,13.798999977111816,0.16291420284809988
2024-07-26,56.61688995361328,42.260990142822266,16.389999389648438,14.00649995803833,0.23755744055097447
2024-07-29,55.412479400634766,42.20257568359375,16.600000381469727,14.214499998092652,0.06732521015876784
2024-07-30,55.93821334838867,42.68935012817383,17.690000534057617,14.488000011444091,0.09453780695508981
2024-07-31,55.708805084228516,42.5822639465332,16.360000610351562,14.70450005531311,0.07191030854780613
2024-08-01,53.21394348144531,41.978668212890625,18.59000015258789,15.029500055313111,-0.23144369084289684
2024-08-02,51.45512771606445,40.94672775268555,23.389999389648438,15.575000047683716,-0.3833869283425444
2024-08-05,50.04042434692383,39.75901412963867,38.56999969482422,16.885000038146973,-0.46908510995098135
2024-08-06,50.155128479003906,40.401546478271484,27.709999084472656,17.644999980926514,-0.5179055251551375
2024-08-07,49.839683532714844,40.45022964477539,27.850000381469727,18.394999980926514,-0.5690231585784773
2024-08-08,50.728660583496094,41.10249710083008,23.790000915527344,18.938500022888185,-0.5055672102103032
2024-08-09,50.48012924194336,41.27772521972656,20.3700008392334,19.334000062942504,-0.559815775244132
2024-08-12,49.95439147949219,41.06355285644531,20.709999084472656,19.713500022888184,-0.6148608441093258
2024-08-13,50.566158294677734,41.4042854309082,18.1200008392334,19.96000008583069,-0.5601518187990728
2024-08-14,50.45145034790039,41.910518646240234,16.190000534057617,20.045500135421754,-0.6286177293901322
2024-08-15,51.60807418823242,42.299930572509766,15.229999542236328,20.01050009727478,-0.49917025521710773
2024-08-16,52.44924545288086,42.61146545410156,14.800000190734863,19.92450008392334,-0.40792008517220824
2024-08-19,53.05145263671875,42.84511184692383,14.649999618530273,19.91150007247925,-0.3436763606735194
2024-08-20,52.05733108520508,42.70881271362305,15.880000114440918,19.969500064849854,-0.4751930869534734
2024-08-21,52.363216400146484,42.64067077636719,16.270000457763672,19.88100004196167,-0.4234872691772647
2024-08-22,52.51615524291992,42.88405227661133,17.549999237060547,19.835500049591065,-0.4259620434334504
2024-08-23,55.18307113647461,43.253990173339844,15.859999656677246,19.809000062942506,-0.07358198336290583
2024-08-26,54.77204132080078,43.39028549194336,16.149999618530273,19.786500024795533,-0.14762791954208496
2024-08-27,54.24630355834961,43.614200592041016,15.430000305175781,19.67350001335144,-0.24740049947541556
2024-08-28,54.71468734741211,43.72128677368164,17.110000610351562,19.71100001335144,-0.1898126833526016
2024-08-29,54.86763000488281,44.1107063293457,15.649999618530273,19.56399998664856,-0.20719697866666012
2024-08-30,55.27865219116211,44.529327392578125,15.0,19.144500017166138,-0.18980757718599095
2024-09-03,54.5713005065918,44.19831848144531,20.719999313354492,18.25199999809265,-0.2594927072671194
2024-09-04,53.9117431640625,44.24699401855469,21.31999969482422,17.932500028610228,-0.3609506111417649
2024-09-05,53.386009216308594,43.76023483276367,19.899999618530273,17.534999990463255,-0.38816476581799386
2024-09-06,52.420570373535156,43.117698669433594,22.3799991607666,17.46449990272522,-0.4638000358386378
2024-09-09,52.831600189208984,43.76023483276367,19.450000762939453,17.41849989891052,-0.46927062692942306
2024-09-10,52.37277603149414,43.312408447265625,19.079999923706055,17.336999940872193,-0.4906713143219325
2024-09-11,51.76101303100586,43.107967376708984,17.690000534057617,17.315499925613402,-0.559294764899502
2024-09-12,51.96174240112305,43.205318450927734,17.06999969482422,17.359499883651733,-0.5398688451069525
2024-09-13,53.35733413696289,43.331878662109375,16.559999465942383,17.425999879837036,-0.34862574059441503
2024-09-16,54.045570373535156,43.89651870727539,17.139999389648438,17.542999839782716,-0.30559014517384264
2024-09-17,54.49482727050781,44.13017654418945,17.610000610351562,17.690999889373778,-0.26372306299888804
2024-09-18,54.733802795410156,43.99388122558594,18.229999542236328,17.80849986076355,-0.21484737248461325
2024-09-19,56.28233337402344,44.48064422607422,16.329999923706055,17.81149983406067,-0.03800617079577659
2024-09-20,55.144832611083984,44.45144271850586,16.149999618530273,17.741499853134155,-0.20143256440354534
2024-09-23,54.70412063598633,44.3976936340332,15.890000343322754,17.742999887466432,-0.2604177719690004
2024-09-24,53.96318817138672,44.02642059326172,15.390000343322754,17.704999923706055,-0.33090466140674507
2024-09-25,53.15489196777344,43.762611389160156,15.40999984741211,17.70399990081787,-0.4222181167381219
2024-09-26,53.74186706542969,43.987335205078125,15.369999885559082,17.616999864578247,-0.3592917613412754
2024-09-27,53.80922317504883,44.11435317993164,16.959999084472656,17.682499837875366,-0.3624062521004593
2024-09-30,54.463558197021484,44.28044509887695,16.729999542236328,17.768999814987183,-0.28363949404361016
2024-10-01,52.644901275634766,44.045955657958984,19.260000228881836,17.69599986076355,-0.5257545717655684
2024-10-02,52.52942657470703,44.094810485839844,18.899999618530273,17.574999856948853,-0.5476355919679764
2024-10-03,52.65452194213867,43.860313415527344,20.489999771118164,17.604499864578248,-0.505393584366103
2024-10-04,53.73224639892578,44.602882385253906,19.209999084472656,17.44599986076355,-0.42354484670878234
2024-10-07,53.49168395996094,44.055721282958984,22.639999389648438,17.605499792099,-0.4028736918753972
2024-10-08,53.32809829711914,44.30976486206055,21.420000076293945,17.722499799728393,-0.45274218368769703
2024-10-09,54.02091979980469,44.72012710571289,20.860000610351562,17.88099980354309,-0.3932844641328729
2024-10-10,53.972808837890625,44.58333969116211,20.93000030517578,18.07399983406067,-0.38635712073845285
2024-10-11,55.83958053588867,45.443153381347656,20.459999084472656,18.268999814987183,-0.2010470798599124
2024-10-14,56.28221893310547,45.72650146484375,19.700000762939453,18.396999883651734,-0.165221470220942
2024-10-15,56.89806365966797,45.82421112060547,20.639999389648438,18.548499822616577,-0.08510391341079013
2024-10-16,57.677490234375,46.39090347290039,19.579999923706055,18.615999841690062,-0.028937393830106056
2024-10-17,58.177852630615234,46.517921447753906,19.110000610351562,18.75499987602234,0.03129367081552185
2024-10-18,57.38880920410156,46.52769470214844,18.030000686645508,18.8489999294281,-0.0851352561595726
2024-10-21,55.70486831665039,46.15641403198242,18.3700008392334,18.97299995422363,-0.29357638981207373
2024-10-22,56.407310485839844,46.068477630615234,18.200000762939453,19.11349997520447,-0.1818363340946533
2024-10-23,56.44580078125,46.02939224243164,19.239999771118164,19.30499997138977,-0.17221498466339275
2024-10-24,56.73447799682617,46.068477630615234,19.079999923706055,19.49049997329712,-0.13397419367271968
2024-10-25,55.7144889831543,45.560401916503906,20.329999923706055,19.65900001525879,-0.23131778019542418
2024-10-28,57.311832427978516,46.127098083496094,19.799999237060547,19.8125,-0.05549657806060862
2024-10-29,56.975040435791016,45.84375,19.34000015258789,19.816499996185303,-0.07583765659379756
2024-10-30,57.55239486694336,46.04893493652344,20.350000381469727,19.889000034332277,-0.012323866957800933
2024-10-31,56.724849700927734,45.41384506225586,23.15999984741211,20.022500038146973,-0.06854657700986294
2024-11-01,56.426551818847656,45.57017135620117,21.8799991607666,20.15600004196167,-0.12814578801041834
2024-11-04,55.93580627441406,45.21842575073242,21.979999542236328,20.123000049591063,-0.16402591393641153
2024-11-05,56.89806365966797,45.6385612487793,20.489999771118164,20.076500034332277,-0.06614957805305491
2024-11-06,64.52871704101562,48.413421630859375,16.270000457763672,19.84700002670288,0.7668519618334462
2024-11-07,62.190452575683594,47.63177490234375,15.199999809265137,19.56050000190735,0.5045854542686411
2024-11-08,62.527244567871094,48.061683654785156,14.9399995803833,19.28450002670288,0.5099630962956923
2024-11-11,64.46137237548828,48.7456169128418,14.970000267028809,19.048000001907347,0.7230837309776942
2024-11-12,64.0860824584961,48.59907150268555,14.710000038146973,18.751500034332274,0.6831435239663115
2024-11-13,63.69158172607422,48.62837219238281,14.020000457763672,18.473500061035157,0.6224395219656498
2024-11-14,63.34516143798828,48.50136184692383,14.3100004196167,18.233500051498414,0.5847282482713662
2024-11-15,63.35477066040039,48.726078033447266,16.139999389648438,18.13899998664856,0.5631911076792209
2024-11-18,63.23930358886719,48.87263870239258,15.579999923706055,17.99949994087219,0.5313357090856177
2024-11-19,62.8736572265625,48.550209045410156,16.350000381469727,17.906999921798707,0.5107635736419261
2024-11-20,62.70044708251953,48.40365219116211,17.15999984741211,17.802999925613403,0.5003872823932584
2024-11-21,63.63383483886719,49.019203186035156,16.8700008392334,17.692499971389772,0.574088830710484
2024-11-22,65.23117065429688,49.56636047363281,15.239999771118164,17.437999963760376,0.7519037819432293
2024-11-25,66.29927825927734,49.88878631591797,14.600000381469727,17.178000020980836,0.8752410909778964
2024-11-26,65.58721923828125,49.98649597167969,14.100000381469727,16.916000032424925,0.7610963402598493
2024-11-27,65.37551879882812,50.084197998046875,14.100000381469727,16.603500032424925,0.7201510568812591
2024-11-29,65.1734390258789,50.16236877441406,13.510000228881836,16.121000051498413,0.6826072907652326
2024-12-02,64.5575942993164,49.66407012939453,13.34000015258789,15.694000101089477,0.6433887551519186
2024-12-03,63.989864349365234,49.29277801513672,13.300000190734863,15.260000133514405,0.5982420352259818
2024-12-04,64.19194793701172,49.10713577270508,13.449999809265137,14.908000135421753,0.6467588970579996
2024-12-05,63.864776611328125,49.253700256347656,13.539999961853027,14.77150011062622,0.5839323725985002
2024-12-06,64.04759216308594,49.24393081665039,12.770000457763672,14.650000143051148,0.611674342229622
2024-12-09,63.008365631103516,48.56974792480469,14.1899995803833,14.612500143051147,0.5284755324719257
2024-12-10,62.99874496459961,48.55998229980469,14.180000305175781,14.573000144958495,0.5280651446306822
2024-12-11,63.32591247558594,48.657691955566406,13.579999923706055,14.51650013923645,0.5659514010685402
2024-12-12,62.556114196777344,48.4427375793457,13.920000076293945,14.511500120162964,0.4752819599176677
2024-12-13,62.32516860961914,48.40365219116211,13.8100004196167,14.486500120162964,0.4454868709400016
2024-12-16,62.633087158203125,48.31571960449219,14.6899995803833,14.414000129699707,0.49951070570936906
2024-12-17,61.16084289550781,47.97374725341797,15.869999885559082,14.428500127792358,0.31904689449863377
2024-12-18,57.98540496826172,46.53746795654297,27.6200008392334,14.992000150680543,0.0011443844679902284
2024-12-19,57.475406646728516,46.70355987548828,24.09000015258789,15.338500165939331,-0.09042204800747386
2024-12-20,58.514644622802734,47.39727783203125,18.360000610351562,15.41300015449524,-0.009216039816279307
2024-12-23,58.71034240722656,47.51110076904297,16.780000686645508,15.490000200271606,0.007792065561678548
2024-12-24,59.13662338256836,48.07040023803711,14.270000457763672,15.473500204086303,0.01305083904792272
2024-12-26,59.41758728027344,48.188148498535156,14.729999542236328,15.505000162124634,0.04213196939261915
2024-12-27,58.681278228759766,47.83490753173828,15.949999809265137,15.597500133514405,-0.029519574145449732
2024-12-30,58.535953521728516,47.37372589111328,17.399999618530273,15.792000102996827,-0.0036941209096252206
2024-12-31,58.468135833740234,47.422794342041016,17.350000381469727,15.992500114440919,-0.01862508971218278
2025-01-02,57.81903076171875,47.3050422668457,17.93000030517578,16.224000120162962,-0.10156210906366031
2025-01-03,58.661903381347656,47.67790985107422,16.1299991607666,16.358000087738038,-0.01632494189715121
2025-01-06,58.78784942626953,47.53072738647461,16.040000915527344,16.483000135421754,0.017126935111020432
2025-01-07,58.23563003540039,47.422794342041016,17.81999969482422,16.73550009727478,-0.052638935205295986
2025-01-08,58.216251373291016,47.57978820800781,17.700000762939453,16.911000156402586,-0.07150252427343802
2025-01-10,56.49175262451172,46.43174362182617,19.540000915527344,17.179000186920167,-0.20657153273993226
2025-01-13,57.33462142944336,46.76536560058594,19.190000534057617,17.459500217437743,-0.11732805651423049
2025-01-14,59.281951904296875,47.34429168701172,18.709999084472656,17.69900016784668,0.10844496890235414
2025-01-15,60.77392578125,48.55119705200195,16.1200008392334,17.814500188827516,0.20348781982746367
2025-01-16,60.202327728271484,48.87500762939453,16.600000381469727,17.910000228881835,0.08680717483868346
2025-01-17,61.10332489013672,49.28712463378906,15.970000267028809,17.915000247955323,0.17654026775712478
2025-01-21,61.85900115966797,49.69923782348633,15.0600004196167,17.287000226974488,0.24501439913553208
2025-01-22,61.122703552246094,49.4637451171875,15.100000381469727,16.837500238418578,0.1613427600099564
2025-01-23,60.899871826171875,49.74830627441406,15.020000457763672,16.670500230789184,0.09969125597437097
2025-01-24,61.35521697998047,49.895484924316406,14.850000381469727,16.574000215530397,0.15127828859912223
2025-01-27,62.004329681396484,50.44497299194336,17.899999618530273,16.755500173568727,0.19013738051663007
2025-01-28,61.69430923461914,50.35667037963867,16.40999984741211,16.839500188827515,0.15379917734242177
2025-01-29,61.62649154663086,50.317413330078125,16.559999465942383,16.870000171661378,0.1478859963811729
2025-01-30,62.31434631347656,50.7982177734375,15.84000015258789,16.792000198364256,0.19942516733524898
2025-01-31,62.159339904785156,50.50384521484375,16.43000030517578,16.74600019454956,0.20680351746351577
2025-02-03,60.87081527709961,50.29779052734375,18.6200008392334,16.780500221252442,0.03933968856653664
2025-02-04,62.05276870727539,50.18004608154297,17.209999084472656,16.834500217437743,0.2242719452470463
2025-02-05,62.730934143066406,50.70990753173828,15.770000457763672,16.821000194549562,0.2693850562124989
2025-02-06,63.457550048828125,51.1318359375,15.5,16.70500020980835,0.3326057692002185
2025-02-07,62.61467742919922,50.84727478027344,16.540000915527344,16.647000217437743,0.23835276154228385
2025-02-10,61.8880729675293,50.44497299194336,15.8100004196167,16.46050019264221,0.17312989970862158
2025-02-11,62.90531921386719,50.57253646850586,16.020000457763672,16.302000188827513,0.30892148075669595
2025-02-12,61.43272399902344,50.39591598510742,15.890000343322754,16.16100025177002,0.11152436228085429
2025-02-13,61.70398712158203,50.72953414916992,15.100000381469727,16.110000228881837,0.11714662583995249
2025-02-14,61.89775466918945,50.82765197753906,14.770000457763672,16.018500232696532,0.1354758000174667
2025-02-18,62.44997787475586,51.19070816040039,15.350000381469727,15.98750023841858,0.17919486582121164
2025-02-19,62.217464447021484,51.210330963134766,15.270000457763672,15.998000240325927,0.14317647064487288
2025-02-20,61.09363555908203,50.42534637451172,15.65999984741211,16.026000213623046,0.05891351895123698
2025-02-21,59.50477600097656,49.79736328125,18.209999084472656,16.185500144958496,-0.10940932986834406
2025-02-24,59.06881332397461,50.01323699951172,18.979999542236328,16.392000102996825,-0.19522748888177813
2025-02-25,59.10755920410156,50.003421783447266,19.43000030517578,16.4685001373291,-0.1885571524647243
2025-02-26,59.262569427490234,49.895484924316406,19.100000381469727,16.603000164031982,-0.15486027237519404
2025-02-27,59.34976577758789,50.170230865478516,21.1299991607666,16.831500148773195,-0.1701548998420809
2025-02-28,60.1345100402832,51.20051956176758,19.6299991607666,17.021000099182128,-0.1605423394000126
2025-03-03,59.27226257324219,50.76878356933594,22.780000686645508,17.338500118255617,-0.24260359999974057
2025-03-04,57.19898986816406,48.98294448852539,23.510000228881836,17.583000087738036,-0.363578565661573
2025-03-05,56.87928009033203,49.26749801635742,21.93000030517578,17.819000148773192,-0.4394018193895776
2025-03-06,55.95890426635742,48.45307922363281,24.8700008392334,18.27400016784668,-0.4908959712672631
2025-03-07,55.891090393066406,48.19795608520508,23.3700008392334,18.66750020980835,-0.4747692671236111
2025-03-10,53.68218231201172,47.118614196777344,27.860000610351562,19.23350019454956,-0.6877180633402141
2025-03-11,53.391536712646484,46.71630859375,26.920000076293945,19.78900017738342,-0.6891630407353199
2025-03-12,54.01158142089844,46.78498840332031,24.229999542236328,20.199500131607056,-0.6054671917436796
2025-03-13,53.41091537475586,46.529869079589844,24.65999984741211,20.638000106811525,-0.6672931329167643
2025-03-14,54.99008560180664,47.60922622680664,21.770000457763672,20.97150011062622,-0.546471795182104
2025-03-17,55.34855270385742,48.168521881103516,20.510000228881836,21.25850009918213,-0.5511332906562536
2025-03-18,55.19354248046875,48.10964584350586,21.700000762939453,21.576000118255614,-0.5677990381331637
2025-03-19,55.88140106201172,48.63951110839844,19.899999618530273,21.807500076293945,-0.5212682824884177
2025-03-20,55.503562927246094,48.70820236206055,19.799999237060547,22.014500045776366,-0.5835563390469544
2025-03-21,55.47449493408203,48.531578063964844,19.280000686645508,22.06800012588501,-0.5697759179176263
2025-03-24,56.98419189453125,49.387367248535156,17.479999542236328,21.99300012588501,-0.4362923284184362
2025-03-25,56.80864334106445,49.663108825683594,17.149999618530273,21.879000091552733,-0.4901262061715507
2025-03-26,56.574581146240234,49.51538848876953,18.329999923706055,21.84050006866455,-0.5092859053579726
2025-03-27,56.1259651184082,49.416908264160156,18.690000534057617,21.7185001373291,-0.5648604913045705
2025-03-28,55.01417541503906,48.4616584777832,21.649999618530273,21.819500160217284,-0.6299785981144543
2025-03-31,55.44328689575195,49.05253601074219,22.280000686645508,21.794500160217286,-0.6275297754983105
2025-04-01,55.02392578125,48.993446350097656,21.770000457763672,21.707500171661376,-0.6828462551500707
2025-04-02,55.80413055419922,49.39720916748047,21.510000228881836,21.68650016784668,-0.609931238856895
2025-04-03,50.04037094116211,46.96477127075195,30.020000457763672,21.944000148773192,-1.2047806774839271
2025-04-04,48.04109573364258,43.52784729003906,45.310001373291016,23.041000175476075,-1.1463591928317094
2025-04-07,48.05084991455078,43.41951370239258,46.97999954223633,23.99700012207031,-1.133871671829928
2025-04-08,47.602230072021484,43.252098083496094,52.33000183105469,25.26750020980835,-1.1824087038884088
2025-04-09,51.32770919799805,46.51176834106445,33.619998931884766,25.73700017929077,-0.9702024567580314
2025-04-10,48.177635192871094,45.21184158325195,40.720001220703125,26.540000247955323,-1.2983156310434087
2025-04-11,48.04109573364258,45.96028518676758,37.560001373291016,27.32950029373169,-1.3947043340264502
2025-04-14,48.87981414794922,46.4329833984375,30.889999389648438,27.84850025177002,-1.3202673250721968
2025-04-15,49.70878601074219,46.55116271972656,30.1200008392334,28.269500255584717,-1.2110607708397247
2025-04-16,49.69902801513672,45.822410583496094,32.63999938964844,28.906500244140624,-1.1380847266182823
2025-04-17,50.147647857666016,45.94058609008789,29.649999618530273,29.399000263214113,-1.0845204161001136
2025-04-21,49.48447799682617,44.9557991027832,33.81999969482422,30.126000213623048,-1.0809931559527168
2025-04-22,51.07414627075195,46.442832946777344,30.56999969482422,30.780500221252442,-1.0002586895160461
2025-04-23,52.22494125366211,46.99431610107422,28.450000762939453,31.3455002784729,-0.8882109546730602
2025-04-24,53.1026725769043,47.516258239746094,26.469999313354492,31.75250024795532,-0.8130943191799227
2025-04-25,52.615047454833984,47.28975296020508,24.84000015258789,32.06000022888183,-0.8613046396444333
2025-04-28,52.927127838134766,47.437469482421875,25.149999618530273,32.23500022888184,-0.8307310781738393
2025-04-29,53.404998779296875,47.92987060546875,24.170000076293945,32.32950019836426,-0.8110949466301506
2025-04-30,52.790592193603516,48.018497467041016,24.700000762939453,32.476000213623045,-0.9100265542264846
2025-05-01,53.3757438659668,48.0086555480957,24.600000381469727,32.63050022125244,-0.8234184433342437
2025-05-02,54.84838104248047,49.003292083740234,22.68000030517578,32.26350021362305,-0.7095323490534117
2025-05-05,54.65332794189453,48.68815994262695,23.639999389648438,31.18000011444092,-0.7058930324337691
2025-05-06,54.087677001953125,48.41241455078125,24.760000228881836,30.069000148773192,-0.7604906633756895
2025-05-07,54.136444091796875,48.6980094909668,23.549999237060547,28.630000019073485,-0.782514854522818
2025-05-08,55.44328689575195,49.10177230834961,22.479999542236328,28.073000049591066,-0.6325566644880223
2025-05-09,55.179969787597656,49.10177230834961,21.899999618530273,27.131999969482422,-0.6710779723281064
2025-05-12,57.715633392333984,50.096412658691406,18.389999389648438,26.173499870300294,-0.40167951496296234
2025-05-13,57.988704681396484,50.30322265625,18.219999313354492,25.539999866485594,-0.3828459693090598
2025-05-14,57.72538375854492,50.165348052978516,18.6200008392334,24.964999866485595,-0.40729122184148203
2025-05-15,57.783897399902344,50.500179290771484,17.829999923706055,24.224499893188476,-0.43291645496872594
2025-05-16,57.774147033691406,50.80546951293945,17.239999771118164,23.603999900817872,-0.46551214227783083
2025-05-19,57.54008483886719,50.83500671386719,18.139999389648438,22.81999988555908,-0.5027693428731735
2025-05-20,57.27676773071289,50.559268951416016,18.09000015258789,22.195999908447266,-0.5131385923849621
2025-05-21,55.248233795166016,49.52523422241211,20.8700008392334,21.816999912261963,-0.7043257458237486
2025-05-22,55.248233795166016,49.46614456176758,20.280000686645508,21.507499980926514,-0.698292855884132
2025-05-23,55.004417419433594,49.288883209228516,22.290000915527344,21.380000019073485,-0.7158634627032241
2025-05-27,56.31126403808594,50.15550231933594,18.959999084472656,21.070499992370607,-0.6131610542340498
2025-05-28,55.3945198059082,49.820674896240234,19.309999465942383,20.82749996185303,-0.7130888760245375
2025-05-29,55.87240219116211,50.076717376708984,19.18000030517578,20.551499938964845,-0.6693195105380271
2025-05-30,55.47254180908203,50.1850471496582,18.56999969482422,20.249999904632567,-0.7388762383866121
2025-06-02,55.062931060791016,50.20473861694336,18.360000610351562,20.033999919891357,-0.8008096469268434
2025-06-03,55.930912017822266,50.30322265625,17.690000534057617,19.736499977111816,-0.6838855227973946
2025-06-04,55.23847961425781,50.01763153076172,17.610000610351562,19.378999996185303,-0.7560251040831543
2025-06-05,55.19947052001953,49.879764556884766,18.479999542236328,19.125500011444093,-0.7476560060610921
2025-06-06,56.5843391418457,50.500179290771484,16.770000457763672,18.840000057220458,-0.6084027849478547
2025-06-09,56.86716079711914,50.22443771362305,17.15999984741211,18.60300006866455,-0.5388756611059489
2025-06-10,57.47182083129883,50.28352355957031,16.950000762939453,18.5310001373291,-0.45645095695832233
2025-06-11,56.691612243652344,50.22443771362305,17.260000228881836,18.483000183105467,-0.5645570910607901
2025-06-12,56.35027313232422,50.22443771362305,18.020000457763672,18.453000164031984,-0.6144924297765205
2025-06-13,54.838626861572266,49.200252532958984,20.81999969482422,18.60250015258789,-0.7310684260246645
2025-06-16,55.092193603515625,49.76158142089844,19.110000610351562,18.696000194549562,-0.7512836408621256
2025-06-17,54.409515380859375,49.47599411010742,21.600000381469727,18.869000244140626,-0.8219966484853628
2025-06-18,55.131202697753906,49.456298828125,20.139999389648438,18.971500205993653,-0.7144084011569241
2025-06-20,55.550567626953125,49.59416961669922,20.6200008392334,18.959000205993654,-0.6671346974032315
2025-06-23,56.82814407348633,50.218692779541016,19.829999923706055,18.93650016784668,-0.5439969718509879
2025-06-24,57.36824035644531,50.96969985961914,17.479999542236328,18.69600009918213,-0.5416606905667386
2025-06-25,57.093284606933594,50.80171203613281,16.760000228881836,18.586000156402587,-0.5647335545311054
2025-06-26,58.409156799316406,51.177215576171875,16.59000015258789,18.450000190734862,-0.4105692394520216
2025-06-27,58.37969970703125,51.325439453125,16.31999969482422,18.307000160217285,-0.43001183539956284
2025-06-30,58.32078170776367,51.75035095214844,16.729999542236328,18.21500015258789,-0.48201337629260554
2025-07-01,60.31422805786133,52.036922454833984,16.829999923706055,18.138500118255614,-0.2196453564370888
2025-07-02,61.384605407714844,51.99739456176758,16.639999389648438,18.086000061035158,-0.059021531566072274
2025-07-03,62.091644287109375,52.56064987182617,16.3799991607666,18.02449998855591,-0.013093873647545488
2025-07-07,61.453346252441406,52.05668258666992,17.790000915527344,17.99000005722046,-0.055018406581298016
2025-07-08,62.01308822631836,51.59224319458008,16.809999465942383,17.992000007629393,0.07428559410730154
2025-07-09,61.98362350463867,51.779998779296875,15.9399995803833,17.930999994277954,0.050805804667957144
2025-07-10,62.4255256652832,52.08633041381836,15.779999732971191,17.87249994277954,0.08417715183688732
2025-07-11,61.75776672363281,51.5428352355957,16.399999618530273,17.829499912261962,0.041978398209057126
2025-07-14,62.45498275756836,51.92822265625,17.200000762939453,17.788499927520753,0.10462886449414725
2025-07-15,60.26512908935547,51.03887176513672,17.3799991607666,17.61649990081787,-0.12492996696149024
2025-07-16,60.79541015625,51.39461135864258,17.15999984741211,17.5189998626709,-0.08367386721367973
2025-07-17,62.0327262878418,51.888694763183594,16.520000457763672,17.264999866485596,0.04689161415970252
2025-07-18,62.130924224853516,51.918338775634766,16.40999984741211,17.07849988937378,0.05823066086522832
2025-07-21,61.93452453613281,51.77011489868164,16.649999618530273,16.879999828338622,0.04463211243031253
2025-07-22,62.21930694580078,52.05668258666992,16.5,16.71349983215332,0.05703586846797494
2025-07-23,62.21930694580078,52.47171401977539,15.369999885559082,16.60799984931946,0.014662313939221263
2025-07-24,61.060550689697266,52.44206619262695,15.390000343322754,16.539499855041505,-0.15182803009123916
2025-07-25,60.81504821777344,52.80768966674805,14.930000305175781,16.4564998626709,-0.2250723303410537
2025-07-28,60.76594924926758,52.44206619262695,15.029999732971191,16.391999864578246,-0.19492599989832934
2025-07-29,60.471351623535156,52.17526626586914,15.979999542236328,16.354499864578248,-0.2107838814711609
2025-07-30,59.69557571411133,52.076446533203125,15.479999542236328,16.28699984550476,-0.314184828888858
2025-07-31,58.97871780395508,51.75035095214844,16.719999313354492,16.290999841690063,-0.38576228543814767
2025-08-01,57.76103591918945,50.791831970214844,20.3799991607666,16.490999841690062,-0.46603784432117484
2025-08-04,58.57609939575195,51.29579162597656,17.520000457763672,16.47749981880188,-0.39825308088947264
2025-08-05,58.77249526977539,51.088279724121094,17.850000381469727,16.52949986457825,-0.3483354573056154
2025-08-06,58.3011360168457,51.335323333740234,16.770000457763672,16.570999908447266,-0.4425142277110973
2025-08-07,57.79050064086914,50.76218032836914,16.56999969482422,16.610499906539918,-0.4587000275375673
2025-08-08,58.48772048950195,51.23650360107422,15.149999618530273,16.547999906539918,-0.405129106228613
2025-08-11,58.33060073852539,51.21674346923828,16.25,16.500499868392943,-0.4260970868298563
2025-08-12,60.432071685791016,51.83928680419922,14.729999542236328,16.367999887466432,-0.18222767204045598
2025-08-13,61.512264251708984,52.13573455810547,14.489999771118164,16.234499883651733,-0.05447013378461903
2025-08-14,61.472984313964844,52.38277816772461,14.829999923706055,16.149999856948853,-0.08543895771810003
2025-08-15,60.48116683959961,51.83928680419922,15.09000015258789,16.08399987220764,-0.1750454211545435
2025-08-18,60.81504821777344,51.878814697265625,14.989999771118164,16.000999879837035,-0.1302367804761942
2025-08-19,60.707027435302734,51.97762680053711,15.569999694824219,15.954499864578247,-0.15612784741690955
2025-08-20,60.923072814941406,52.24443817138672,15.6899995803833,15.970499849319458,-0.15176273567146786
2025-08-21,60.67757034301758,52.076446533203125,16.600000381469727,16.030999851226806,-0.17052641769576246
2025-08-22,63.67265701293945,52.9361572265625,14.220000267028809,15.995499849319458,0.17985811317565248
2025-08-25,63.32896041870117,52.629817962646484,14.789999961853027,15.98349986076355,0.16085427896430918
2025-08-26,64.0556411743164,53.034969329833984,14.619999885559082,15.915499877929687,0.2257973679543887
2025-08-27,64.56627655029297,53.14366912841797,14.850000381469727,15.883999919891357,0.2894015269182529
2025-08-28,64.34040832519531,53.21284103393555,14.430000305175781,15.769499969482421,0.24929644926331443
2025-08-29,64.33059692382812,53.3511848449707,15.359999656677246,15.518499994277954,0.23373659703278518
2025-09-02,63.90834045410156,52.95591354370117,17.170000076293945,15.500999975204468,0.21231975884868814
2025-09-03,63.99671936035156,52.86698532104492,16.350000381469727,15.425999975204467,0.23432825066386784
2025-09-04,64.9394302368164,53.42035675048828,15.300000190734863,15.352499961853027,0.31574206179030095
2025-09-05,64.27168273925781,52.44206619262695,15.180000305175781,15.282999992370605,0.31793638082504205
2025-09-08,64.34040832519531,52.481597900390625,15.109999656677246,15.280999994277954,0.3239543385735174
2025-09-09,63.68247604370117,52.70887756347656,15.039999961853027,15.220499992370605,0.2044991845666732
2025-09-10,63.75121307373047,52.531005859375,15.350000381469727,15.251500034332276,0.23271509994357592
2025-09-11,64.03599548339844,53.390708923339844,14.710000038146973,15.262500047683716,0.18660332879674885
2025-09-12,63.8199577331543,53.163429260253906,14.760000228881836,15.259000062942505,0.17820325580531257
2025-09-15,63.20130157470703,53.04484939575195,15.6899995803833,15.289000034332275,0.09980519794782731
2025-09-16,62.54336166381836,52.926273345947266,16.360000610351562,15.357500076293945,0.015659833788730586
2025-09-17,63.2896728515625,53.440120697021484,15.720000267028809,15.365000104904174,0.07237714949320039
2025-09-18,64.97871398925781,53.48952865600586,15.699999809265137,15.365500116348267,0.31442671953380896
2025-09-19,64.16365051269531,53.60810852050781,15.449999809265137,15.308000087738037,0.18308240324893008
2025-09-22,63.37322235107422,53.53672409057617,16.100000381469727,15.402000093460083,0.07473687372182182
2025-09-23,63.29417419433594,53.29878234863281,16.639999389648438,15.494500064849854,0.08746591411442564
2025-09-24,63.165733337402344,53.15007019042969,16.18000030517578,15.572500085830688,0.08385908260207427
2025-09-25,63.1262092590332,53.01127243041992,16.739999771118164,15.66700005531311,0.09224787300245388
2025-09-26,63.42262268066406,53.397926330566406,15.289999961853027,15.710000038146973,0.09613463462736899
2025-09-29,62.810035705566406,53.665611267089844,16.1200008392334,15.74800009727478,-0.020812108894348796
2025-09-30,62.54326248168945,53.407840728759766,16.280000686645508,15.703500127792358,-0.03352136567197448
2025-10-01,62.21721267700195,52.93195724487305,16.290000915527344,15.70050015449524,-0.03263361449088045
2025-10-02,62.069000244140625,52.892303466796875,16.6299991607666,15.767000102996827,-0.05026743567327451
2025-10-03,62.691471099853516,53.25912857055664,16.649999618530273,15.84050006866455,0.003343535430137731
2025-10-06,63.323814392089844,53.23929977416992,16.3700008392334,15.903500127792359,0.0978750569428851
2025-10-07,62.869319915771484,53.30870056152344,17.239999771118164,16.013500118255614,0.024300314092808036
2025-10-08,62.48398208618164,53.05093002319336,16.299999237060547,16.061000061035156,-0.005754050671223746
2025-10-09,62.19744873046875,52.8625602722168,16.43000030517578,16.147000074386597,-0.028439693056405417
2025-10-10,59.47043991088867,51.7125129699707,21.65999984741211,16.49200005531311,-0.3099638954665105
2025-10-13,60.774662017822266,52.20822525024414,19.030000686645508,16.65900011062622,-0.1697768779683751
2025-10-14,62.651947021484375,52.78324890136719,20.809999465942383,16.881500053405762,0.04614745085467865
2025-10-15,61.239044189453125,52.78324890136719,20.639999389648438,17.127500009536742,-0.16054958194468547
2025-10-16,57.444950103759766,51.315940856933594,25.309999465942383,17.607999992370605,-0.5657888752688472
2025-10-17,58.36383056640625,51.73234176635742,20.780000686645508,17.874500036239624,-0.47387696504778604
2025-10-20,59.816261291503906,52.33710861206055,18.229999542236328,17.980999994277955,-0.3231423117154388
2025-10-21,59.90518569946289,52.27762222290039,17.8700008392334,18.042500066757203,-0.3040599463930747
2025-10-22,59.71744918823242,51.98019790649414,18.600000381469727,18.1635000705719,-0.3011581875406951
2025-10-23,59.4605598449707,52.08925247192383,17.299999237060547,18.19150004386902,-0.3498733295292167
2025-10-24,60.488128662109375,52.654361724853516,16.3700008392334,18.245500087738037,-0.25724384052375043
2025-10-27,60.438724517822266,52.872474670410156,15.789999961853027,18.229000043869018,-0.2867400192470115
2025-10-28,60.19171142578125,52.53539276123047,16.420000076293945,18.23600001335144,-0.2884610474175261
2025-10-29,59.09498596191406,51.64311218261719,16.920000076293945,18.26749997138977,-0.3578043504598252
2025-10-30,59.14439010620117,51.78190994262695,16.90999984741211,18.281500005722044,-0.364747761699792
2025-10-31,59.282711029052734,51.92070770263672,17.440000534057617,18.321000051498412,-0.35868331855749397
2025-11-03,59.42103958129883,51.702598571777344,17.170000076293945,18.36100001335144,-0.316178558799042
2025-11-04,59.10486602783203,51.970279693603516,19.0,18.44900002479553,-0.38976186385404193
2025-11-05,59.836021423339844,52.14873504638672,18.010000228881836,18.534500074386596,-0.30101913647348977
2025-11-06,59.44080352783203,51.96036911010742,19.5,18.68800005912781,-0.3396048971546413
2025-11-07,60.2806396484375,52.32719039916992,19.079999923706055,18.559000062942506,-0.25419463699071787
2025-11-10,60.59681701660156,52.51556396484375,17.600000381469727,18.487500047683717,-0.22717268853282238
2025-11-11,60.71538162231445,52.753501892089844,17.280000686645508,18.311000108718872,-0.23412038087525008
2025-11-12,60.7944221496582,53.20955276489258,17.510000228881836,18.15450015068054,-0.26911887278052704
2025-11-13,60.063270568847656,52.525474548339844,20.0,17.889000177383423,-0.3062383545633838
2025-11-14,60.19171142578125,52.000022888183594,19.829999923706055,17.84150013923645,-0.23380127300270773
2025-11-17,57.92909240722656,51.008602142333984,22.3799991607666,18.049000120162965,-0.46358407848579397
2025-11-18,58.452754974365234,50.92928695678711,24.690000534057617,18.390000104904175,-0.37887833292039147
2025-11-19,59.075225830078125,51.11766052246094,23.65999984741211,18.643000078201293,-0.30704795630534193
2025-11-20,58.87761688232422,50.6715202331543,26.420000076293945,19.099000120162962,-0.29040697344747907
2025-11-21,60.87346649169922,51.22671127319336,23.43000030517578,19.452000093460082,-0.05511268222897609
2025-11-24,60.92286682128906,51.444828033447266,20.520000457763672,19.688500118255615,-0.07015490075663441
2025-11-25,62.651947021484375,52.08925247192383,18.559999465942383,19.795500087738038,0.11700255531204647
2025-11-26,62.414817810058594,52.49573516845703,17.190000534057617,19.809000110626222,0.04081158702834166
2025-11-28,62.23697280883789,52.872474670410156,16.350000381469727,19.7810001373291,-0.023669850822834872
2025-12-01,62.91872024536133,52.436248779296875,17.239999771118164,19.771000099182128,0.12060210933385299
2025-12-02,62.572906494140625,52.38667678833008,16.59000015258789,19.742000102996826,0.07507332688271234
2025-12-03,63.87712097167969,53.0905876159668,16.079999923706055,19.596000099182127,0.19400273586773176
2025-12-04,64.09449768066406,53.19964599609375,15.779999732971191,19.484500074386595,0.21466875247776077
2025-12-05,63.946285247802734,53.2194709777832,15.40999984741211,19.280000066757204,0.19096231541812345
2025-12-08,64.16365814208984,53.02118682861328,16.65999984741211,19.159000062942503,0.24300659105224123
2025-12-09,64.03520965576172,52.82290267944336,16.93000030517578,19.12550005912781,0.24445980576464982
2025-12-10,66.2484359741211,53.427669525146484,15.770000457763672,19.050000047683717,0.5064931189404027
2025-12-11,66.59425354003906,54.399261474609375,14.850000381469727,18.91700005531311,0.4578867871363274
2025-12-12,66.278076171875,54.47857666015625,15.739999771118164,18.70400004386902,0.4035345620010456
2025-12-15,66.45592498779297,54.51823425292969,16.5,18.537500047683714,0.4255035731332497
2025-12-16,66.19903564453125,54.171234130859375,16.479999542236328,18.242500066757202,0.4233503458032835
2025-12-17,66.48556518554688,54.16132354736328,17.6200008392334,17.88900008201599,0.4662793005777161
2025-12-18,66.67329406738281,54.07209396362305,16.8700008392334,17.549500131607054,0.5028527129742598
2025-12-19,66.4361572265625,54.3695182800293,14.90999984741211,16.974000120162962,0.4377951857325125
2025-12-22,66.76226806640625,55.03709030151367,14.079999923706055,16.50650010108948,0.41734549720374364
2025-12-23,66.2850341796875,55.14652633666992,14.0,16.180500078201295,0.33635666263308156
2025-12-24,66.34469604492188,55.44499206542969,13.470000267028809,15.926000118255615,0.31461222329106847
2025-12-26,66.13590240478516,55.33555221557617,13.600000381469727,15.74650011062622,0.29524079194548086
2025-12-29,65.55925750732422,55.03709030151367,14.199999809265137,15.639000082015992,0.2413541216106482
2025-12-30,65.06214141845703,54.897804260253906,14.329999923706055,15.493500089645385,0.18285050270576172
2025-12-31,64.43577575683594,54.48990249633789,14.949999809265137,15.411500072479248,0.13286356356944024
2026-01-02,64.86329650878906,54.64908218383789,14.510000228881836,15.333000087738037,0.17915482341724936
2026-01-05,66.17567443847656,55.84294891357422,14.899999618530273,15.289000082015992,0.24925534956753242
2026-01-06,66.84180450439453,56.111568450927734,14.75,15.256000089645386,0.319279849068956
2026-01-07,66.36457824707031,55.32560729980469,15.380000114440918,15.192000102996825,0.32970969197023636
2026-01-08,67.68689727783203,55.6141242980957,15.449999809265137,15.118000078201295,0.49369821478250125
2026-01-09,67.09036254882812,55.44499206542969,14.489999771118164,15.054000043869019,0.4236976114162501
2026-01-12,66.29498291015625,55.00724411010742,15.119999885559082,15.067500019073487,0.35203241469015684
2026-01-13,65.8575210571289,53.95266342163086,15.979999542236328,15.079500007629395,0.39570479751771975
2026-01-14,66.59325408935547,53.87307357788086,16.75,15.092000007629395,0.511462895216749
2026-01-15,67.8459701538086,54.09194564819336,15.84000015258789,15.060000038146972,0.6723795821429452
2026-01-16,67.45822143554688,54.16158676147461,15.859999656677246,14.971999979019165,0.6085447039081741
2026-01-20,66.5733642578125,52.92793273925781,20.09000015258789,15.13299994468689,0.6050494126522143
2026-01-21,69.67534637451172,53.18659973144531,16.899999618530273,15.232499933242797,1.0324368310629621
2026-01-22,69.52621459960938,53.534812927246094,15.640000343322754,15.310499954223634,0.9750683782462333
2026-01-23,67.21961212158203,52.7985954284668,16.09000015258789,15.414999961853027,0.7127955827792418
2026-01-26,67.53776550292969,53.13685607910156,16.149999618530273,15.548999929428101,0.7248035527433697
2026-01-27,67.86585998535156,52.72895431518555,16.350000381469727,15.6864999294281,0.8144469372403513
2026-01-28,67.38862609863281,52.7190055847168,16.350000381469727,15.79399995803833,0.7456469550615707
2026-01-29,68.63140869140625,53.27614212036133,16.8799991607666,15.921499919891357,0.8705745892500775
2026-01-30,68.41268157958984,53.16670227050781,17.440000534057617,16.04599995613098,0.8497499658837505
2026-02-02,69.63558197021484,53.753684997558594,16.34000015258789,16.137499952316283,0.9687217706870007
2026-02-03,70.82865142822266,53.25624084472656,18.0,16.29249997138977,1.1940465020425781
2026-02-04,71.93223571777344,53.684043884277344,18.639999389648438,16.48699994087219,1.3118150639425725
2026-02-05,71.88253021240234,53.01747131347656,21.770000457763672,16.80649995803833,1.3725987280189798
2026-02-06,73.20484924316406,53.98250961303711,20.3700008392334,17.052500009536743,1.467516308337299
2026-02-09,72.99606323242188,53.664146423339844,17.360000610351562,17.196000051498412,1.469476484800406
2026-02-10,72.22056579589844,53.27614212036133,17.790000915527344,17.329500102996825,1.3956412158649811
2026-02-11,71.39535522460938,52.47028350830078,17.649999618530273,17.413000106811523,1.3571950523999745
2026-02-12,70.29176330566406,51.42565155029297,20.81999969482422,17.616500091552734,1.3024018906750818
2026-02-13,70.86841583251953,51.385860443115234,20.600000381469727,17.854500102996827,1.3908243694398386
2026-02-17,71.11697387695312,51.93304443359375,20.290000915527344,18.07600016593933,1.3713205745897683
2026-02-18,70.96784210205078,52.32105255126953,19.6200008392334,18.052500200271606,1.3098891709757459
2026-02-19,70.58009338378906,51.88330078125,20.229999542236328,18.21900019645691,1.2978576943464222
2026-02-20,71.4848403930664,52.22156524658203,19.09000015258789,18.391500186920165,1.3956795004216564
2026-02-23,68.34308624267578,50.47056198120117,21.010000228881836,18.637500190734862,1.1148371145017837
2026-02-24,68.27349090576172,50.71928405761719,19.549999237060547,18.807500171661378,1.0792620094203154
2026-02-25,69.46656036376953,51.604732513427734,17.93000030517578,18.88650016784668,1.1633972532200525
2026-02-26,69.98355865478516,52.231510162353516,18.6299991607666,19.000500106811522,1.1750379516753993
2026-02-27,66.38446044921875,51.16698455810547,19.860000610351562,19.149500179290772,0.7572021191543894
2026-03-02,67.36874389648438,51.03764724731445,21.440000534057617,19.34950017929077,0.9144003467798045
2026-03-03,66.9113998413086,50.9481086730957,23.56999969482422,19.711000156402587,0.8566359986058012
2026-03-04,67.11024475097656,51.23662567138672,21.149999618530273,19.8685001373291,0.8562687270970211
2026-03-05,66.21543884277344,50.9680061340332,23.75,20.12400016784668,0.7527906758001887
2026-03-06,64.53520202636719,50.31138229370117,29.489999771118164,20.510000133514403,0.5740241635471932
2026-03-09,64.3761215209961,50.072608947753906,25.5,20.766500091552736,0.5751299791339292
2026-03-10,64.34629821777344,49.80398941040039,24.93000030517578,21.145000076293947,0.5981923620547094
2026-03-11,63.61056900024414,49.38613510131836,24.229999542236328,21.467000007629395,0.533222486323256
2026-03-12,63.093570709228516,48.58028030395508,27.290000915527344,21.949000072479247,0.5398650664557298
2026-03-13,62.7455940246582,48.63997268676758,27.190000534057617,22.267500114440917,0.48286427461775866
2026-03-16,63.093570709228516,49.047874450683594,23.510000228881836,22.413000106811523,0.49212500511755264
2026-03-17,63.08363342285156,49.306549072265625,22.3700008392334,22.517000102996825,0.4642612959129983
2026-03-18,62.2584228515625,48.719566345214844,25.09000015258789,22.79050006866455,0.40346851359289987
2026-03-19,62.825130462646484,48.739463806152344,24.059999465942383,22.982000064849853,0.48434208942659773
2026-03-20,62.67599868774414,48.829002380371094,26.780000686645508,23.366500091552734,0.45338359573223075
2026-03-23,63.810001373291016,49.27000045776367,26.149999618530273,23.623500061035156,0.5742549630001267
2026-03-24,64.33999633789062,49.279998779296875,26.950000762939453,23.9935001373291,0.6507684300103955
2026-03-25,64.56999969482422,49.34000015258789,25.329999923706055,24.363500118255615,0.6782902139270085
2026-03-26,64.47000122070312,49.04999923706055,27.440000534057617,24.804000186920167,0.6932694775982899
2026-03-27,63.369998931884766,47.810001373291016,31.049999237060547,25.363500118255615,0.6589477670881096
2026-03-30,63.61000061035156,48.36000061035156,30.610000610351562,25.822000122070314,0.6379048115586048
2026-03-31,65.1500015258789,49.369998931884766,25.25,25.9060001373291,0.7600773174221735
2026-04-01,65.8499984741211,49.439998626708984,24.540000915527344,26.075500202178954,0.8553348197721687
2026-04-02,66.0,49.529998779296875,23.8700008392334,26.081500244140624,0.8680901470225618
2026-04-06,66.63999938964844,49.880001068115234,24.170000076293945,25.815500259399414,0.9259829730948383
2026-04-07,66.75,49.880001068115234,25.780000686645508,25.82950029373169,0.942075233121736
2026-04-08,68.69000244140625,51.20000076293945,21.040000915527344,25.63500032424927,1.0911146690489808
2026-04-09,69.8499984741211,51.33000183105469,19.489999771118164,25.39800033569336,1.2475405963733541
2026-04-10,68.94000244140625,50.77000045776367,19.229999542236328,24.995000267028807,1.1715896190779522
2026-04-13,69.38999938964844,51.65999984741211,19.1200008392334,24.591500282287598,1.146554318857554
2026-04-14,69.29000091552734,51.779998779296875,18.360000610351562,24.334000301361083,1.1196737388993938
2026-04-15,69.16999816894531,52.16999816894531,18.170000076293945,24.12400026321411,1.0623003892042007
2026-04-16,68.83000183105469,52.029998779296875,17.940000534057617,23.7665002822876,1.0268550362656916
2026-04-17,70.37000274658203,52.43000030517578,17.479999542236328,23.437500286102296,1.2113065176989348
2026-04-20,70.63999938964844,52.630001068115234,18.8700008392334,23.04200029373169,1.2303854697310808
2026-04-21,69.62999725341797,52.29999923706055,19.5,22.709500312805176,1.1163220401055014
2026-04-22,69.25,52.209999084472656,18.920000076293945,22.3080002784729,1.0699200717973443
2026-04-23,70.0,51.79999923706055,19.309999465942383,22.007000255584718,1.2214992613613214
2026-04-24,68.88999938964844,51.41999816894531,18.709999084472656,21.57050018310547,1.0979115918207765
2026-04-27,70.06999969482422,51.810001373291016,18.020000457763672,20.919000244140626,1.2307184987246316
2026-04-28,70.37000274658203,51.849998474121094,17.829999923706055,20.28000020980835,1.270523090841547
2026-04-29,69.02999877929688,51.91999816894531,18.809999465942383,19.95800018310547,1.0673438383148544
2026-04-30,69.8499984741211,52.130001068115234,16.889999389648438,19.575500106811525,1.1658629002024905
