Date,META,KBE,VIX,AvgVIX,zscore
2015-01-30,75.31893157958984,23.246278762817383,20.969999313354492,19.119499969482423,-0.7495125190250135
2015-02-02,74.4061050415039,23.867090225219727,19.43000030517578,19.201499938964844,-0.9862455157269043
2015-02-03,74.81291198730469,24.40360450744629,17.329999923706055,19.071999931335448,-1.1279064334068707
2015-02-04,75.04109954833984,24.273305892944336,18.329999923706055,18.932499885559082,-1.0762936989709362
2015-02-05,75.0212631225586,24.725509643554688,16.850000381469727,18.80949993133545,-1.214782518591836
2015-02-06,73.8901596069336,25.14706039428711,17.290000915527344,18.823499965667725,-1.4024389150224656
2015-02-09,73.86038970947266,24.924789428710938,18.549999237060547,18.873499965667726,-1.3364476174347932
2015-02-10,74.60453033447266,25.078073501586914,17.229999542236328,18.754999923706055,-1.343874422409645
2015-02-11,75.91425323486328,24.955448150634766,16.959999084472656,18.57499990463257,-1.2376742852367073
2015-02-12,75.63644409179688,25.415307998657227,15.34000015258789,18.267999935150147,-1.3920668668406597
2015-02-13,75.15025329589844,25.491962432861328,14.6899995803833,17.88299994468689,-1.4409530851742511
2015-02-17,75.01136016845703,25.660572052001953,15.800000190734863,17.62549991607666,-1.499510802362543
2015-02-18,76.11270141601562,25.23136329650879,15.449999809265137,17.403499937057497,-1.311093142621964
2015-02-19,78.80160522460938,25.20836639404297,15.289999961853027,17.22549991607666,-1.1625902201496283
2015-02-20,79.27787780761719,25.422977447509766,14.300000190734863,17.12049994468689,-1.2027545352496087
2015-02-23,78.22611999511719,25.361661911010742,14.5600004196167,17.015499973297118,-1.2394705140668036
2015-02-24,77.83915710449219,25.50728416442871,13.6899995803833,16.9239999294281,-1.304096901966019
2015-02-25,78.94050598144531,25.45363426208496,13.84000015258789,16.754999971389772,-1.2298279003251535
2015-02-26,79.78389739990234,25.53028106689453,13.90999984741211,16.428499937057495,-1.2087378002744091
2015-02-27,78.35509490966797,25.361661911010742,13.34000015258789,16.157499933242796,-1.2326827498314046
2015-03-02,79.12903594970703,25.583921432495117,13.039999961853027,15.760999965667725,-1.2595059122312173
2015-03-03,78.98020935058594,25.537935256958008,13.859999656677246,15.482499933242797,-1.2533611954976067
2015-03-04,80.27008819580078,25.407649993896484,14.229999542236328,15.327499914169312,-1.1458772340084498
2015-03-05,80.57766723632812,25.514955520629883,14.039999961853027,15.11299991607666,-1.1623047195637282
2015-03-06,79.38701629638672,25.675905227661133,15.199999809265137,15.03049988746643,-1.273886749179896
2015-03-09,78.82144927978516,25.85218620300293,15.0600004196167,14.918999862670898,-1.3572313661928919
2015-03-10,76.94615936279297,25.32334327697754,16.690000534057617,14.825999927520751,-1.295186261787626
2015-03-11,76.96601104736328,25.56093406677246,16.8700008392334,14.807999992370606,-1.3663559174462798
2015-03-12,78.3154067993164,26.174095153808594,15.420000076293945,14.73100004196167,-1.4817061192465362
2015-03-13,77.44227600097656,26.005474090576172,16.0,14.764000034332275,-1.4764062872086308
2015-03-16,77.46212005615234,26.051462173461914,15.609999656677246,14.810000038146972,-1.4893397494298861
2015-03-17,78.7420654296875,26.166423797607422,15.65999984741211,14.803000020980836,-1.456920022469954
2015-03-18,80.28002166748047,25.9978084564209,13.970000267028809,14.729000043869018,-1.3247298870104998
2015-03-19,82.10566711425781,25.7832088470459,14.069999694824219,14.668000030517579,-1.1634224154490005
2015-03-20,83.14749908447266,26.157766342163086,13.020000457763672,14.604000043869018,-1.2224369997527542
2015-03-23,83.77259826660156,25.96548843383789,13.40999984741211,14.54650001525879,-1.1310971102000138
2015-03-24,84.64574432373047,25.842426300048828,13.619999885559082,14.543000030517579,-1.0477406265614988
2015-03-25,82.27435302734375,25.40403175354004,15.4399995803833,14.623000001907348,-1.0392959144876526
2015-03-26,82.36366271972656,25.480937957763672,15.800000190734863,14.717500019073487,-1.0579708940430201
2015-03-27,82.65140533447266,25.427104949951172,15.069999694824219,14.803999996185302,-1.0264651657856565
2015-03-30,82.55217742919922,25.842426300048828,14.510000228881836,14.877500009536742,-1.15792204083582
2015-03-31,81.57979583740234,25.77320671081543,15.289999961853027,14.949000024795533,-1.188058169727796
2015-04-01,81.03408813476562,25.71937370300293,15.109999656677246,14.993000030517578,-1.200415732840055
2015-04-02,80.9249496459961,25.865503311157227,14.670000076293945,15.024500036239624,-1.250574829789577
2015-04-06,81.798095703125,25.796283721923828,14.739999771118164,15.001500034332276,-1.1835834931240057
2015-04-07,81.67903137207031,25.819351196289062,14.779999732971191,14.9875,-1.196860910291298
2015-04-08,81.63934326171875,25.83473777770996,13.979999542236328,14.851999950408935,-1.2036263057311765
2015-04-09,81.53018188476562,25.850122451782227,13.09000015258789,14.66299991607666,-1.2140473995338186
2015-04-10,81.40120697021484,25.88088607788086,12.579999923706055,14.520999908447266,-1.230185599687126
2015-04-13,82.36366271972656,26.10392951965332,13.9399995803833,14.417999887466431,-1.2473257723713898
2015-04-14,82.86966705322266,25.988555908203125,13.670000076293945,14.320999908447266,-1.1856283138705674
2015-04-15,82.06598663330078,26.296207427978516,12.84000015258789,14.179999923706054,-1.3214338553623786
2015-04-16,81.66909790039062,26.273130416870117,12.600000381469727,14.111499929428101,-1.3353074071641708
2015-04-17,80.15101623535156,25.896268844604492,13.890000343322754,14.102499961853027,-1.300656847612726
2015-04-20,82.44302368164062,26.080852508544922,13.300000190734863,14.116499948501588,-1.2361349877717436
2015-04-21,82.96890258789062,26.08854866027832,13.25,14.10849995613098,-1.2107979405915714
2015-04-22,83.9710464477539,26.257753372192383,12.710000038146973,14.062999963760376,-1.2094853975988058
2015-04-23,81.768310546875,26.19622039794922,12.479999542236328,13.914999961853027,-1.306709608628224
2015-04-24,80.89517974853516,26.011632919311523,12.289999961853027,13.739499950408936,-1.2965568719422422
2015-04-27,81.272216796875,25.819351196289062,13.119999885559082,13.641999959945679,-1.2182709762220847
2015-04-28,80.05180358886719,26.12700653076172,12.40999984741211,13.536999940872192,-1.3760097243791412
2015-04-29,79.84343719482422,26.28082275390625,13.390000343322754,13.44199995994568,-1.4337273478449255
2015-04-30,78.15665435791016,26.080852508544922,14.550000190734863,13.413999986648559,-1.4617204397696515
2015-05-01,78.37495422363281,26.003948211669922,12.699999809265137,13.315499973297118,-1.4268569913647096
2015-05-04,78.19635009765625,26.342363357543945,12.850000381469727,13.221000003814698,-1.5391161025333004
2015-05-05,76.9560775756836,26.21160125732422,14.3100004196167,13.197500038146973,-1.5646454360850337
2015-05-06,77.49188995361328,26.342363357543945,15.149999618530273,13.25600004196167,-1.5761908266194038
2015-05-07,77.8193130493164,26.257753372192383,15.130000114440918,13.358000040054321,-1.5332422777104302
2015-05-08,77.89869689941406,26.46541976928711,12.859999656677246,13.372000026702882,-1.592183485612493
2015-05-11,77.40259552001953,26.596172332763672,13.850000381469727,13.367500066757202,-1.6580341142500243
2015-05-12,76.85687255859375,26.673086166381836,13.859999656677246,13.377000045776366,-1.7101322678576492
2015-05-13,77.82923889160156,26.788442611694336,13.760000228881836,13.423000049591064,-1.6940199871138153
2015-05-14,80.7364273071289,26.919198989868164,12.739999771118164,13.430000019073486,-1.5807615285901584
2015-05-15,79.79381561279297,26.557708740234375,12.380000114440918,13.354500007629394,-1.520496841690058
2015-05-18,80.250244140625,26.97303009033203,12.729999542236328,13.325999975204468,-1.622710317921626
2015-05-19,80.00218963623047,27.203771591186523,12.850000381469727,13.305999994277954,-1.7058976870322222
2015-05-20,79.92280578613281,27.057632446289062,12.880000114440918,13.314499998092652,-1.6656573509659744
2015-05-21,79.85336303710938,27.019184112548828,12.109999656677246,13.296000003814697,-1.657625862179908
2015-05-22,79.91287994384766,26.92688751220703,12.130000114440918,13.288000011444092,-1.6264405260490606
2015-05-26,78.71231842041016,26.742298126220703,14.0600004196167,13.335000038146973,-1.6335194177207022
2015-05-27,79.92280578613281,27.034561157226562,13.270000457763672,13.378000068664551,-1.6586449588236842
2015-05-28,79.52591705322266,27.04226303100586,13.3100004196167,13.374000072479248,-1.6818735843688741
2015-05-29,78.57339477539062,26.834590911865234,13.84000015258789,13.3385000705719,-1.6688826568123338
2015-06-01,79.66483306884766,26.726913452148438,13.970000267028809,13.402000093460083,-1.5787138543184718
2015-06-02,79.81366729736328,27.034561157226562,14.239999771118164,13.471500062942505,-1.6643887605029144
2015-06-03,81.798095703125,27.42682456970215,13.65999984741211,13.439000034332276,-1.679177466987796
2015-06-04,81.41111755371094,27.219146728515625,14.710000038146973,13.41700005531311,-1.6364210262462564
2015-06-05,81.50041961669922,27.680631637573242,14.210000038146973,13.371000051498413,-1.7719870015427852
2015-06-08,80.0418701171875,27.696001052856445,15.289999961853027,13.492500066757202,-1.8534198134514575
2015-06-09,80.0418701171875,27.9498233795166,14.470000267028809,13.523500061035156,-1.9305677215803807
2015-06-10,81.52027130126953,28.334365844726562,13.220000267028809,13.491500091552734,-1.9696411731747223
2015-06-11,81.1928482055664,28.318992614746094,12.850000381469727,13.446000099182129,-1.9822003705543572
2015-06-12,80.89517974853516,28.288223266601562,13.779999732971191,13.49800009727478,-1.9885140581793888
2015-06-15,80.08157348632812,28.219005584716797,15.390000343322754,13.648500108718872,-2.0102946495855374
2015-06-16,80.42884063720703,28.480501174926758,14.8100004196167,13.75250015258789,-2.0714986335662346
2015-06-17,81.15315246582031,28.08055877685547,14.5,13.835000133514404,-1.9118188391175581
2015-06-18,82.26444244384766,28.249774932861328,13.1899995803833,13.850500106811523,-1.904765571290622
2015-06-19,81.8675537109375,28.086868286132812,13.960000038146973,13.94300012588501,-1.8761386700216902
2015-06-22,84.08018493652344,28.465166091918945,12.739999771118164,13.973500108718872,-1.8746726205653912
2015-06-23,87.19572448730469,28.71995735168457,12.109999656677246,13.8760000705719,-1.7881486654448389
2015-06-24,88.16809844970703,28.51921272277832,13.260000228881836,13.875500059127807,-1.6759587903067787
2015-06-25,87.29496002197266,28.496051788330078,14.010000228881836,13.910500049591064,-1.7148711704698099
2015-06-26,87.32471466064453,28.627300262451172,14.020000457763672,13.919500064849853,-1.753197482595816
2015-06-29,85.1319351196289,27.901573181152344,18.850000381469727,14.1635000705719,-1.6480195381165874
2015-06-30,85.10215759277344,27.99422264099121,18.229999542236328,14.363000059127808,-1.6777469831757796
2015-07-01,86.23328399658203,28.333934783935547,16.09000015258789,14.484500074386597,-1.7214710756438005
2015-07-02,86.61033630371094,27.97879409790039,16.790000915527344,14.588500118255615,-1.5936842856826077
2015-07-06,86.8683090209961,27.901573181152344,17.010000228881836,14.728500127792358,-1.5566366772863902
2015-07-07,86.54087829589844,27.585041046142578,16.09000015258789,14.768500137329102,-1.4776606739319147
2015-07-08,84.98308563232422,27.237625122070312,19.65999984741211,15.028000116348267,-1.4540498908542367
2015-07-09,85.21129608154297,27.592763900756836,19.969999313354492,15.36550006866455,-1.5499819928301046
2015-07-10,87.26519012451172,27.917024612426758,16.829999923706055,15.564500045776366,-1.540445773719565
2015-07-13,89.39844512939453,28.164073944091797,13.899999618530273,15.570500040054322,-1.5032649246239211
2015-07-14,88.9817123413086,28.24900245666504,13.369999885559082,15.469500017166137,-1.5510105287871385
2015-07-15,89.06109619140625,28.411130905151367,13.229999542236328,15.39049997329712,-1.596110726239698
2015-07-16,90.1426010131836,28.52694320678711,12.109999656677246,15.270999956130982,-1.5743931988531752
2015-07-17,94.23053741455078,28.233556747436523,11.949999809265137,15.208999967575073,-1.2700777762347717
2015-07-20,97.14764404296875,28.387969970703125,12.25,15.123499965667724,-1.163487705128536
2015-07-21,97.62390899658203,28.279874801635742,12.220000267028809,15.097499990463257,-1.105567630173022
2015-07-22,96.28440856933594,28.61185646057129,12.119999885559082,15.098000001907348,-1.276967620672551
2015-07-23,94.69686889648438,28.295330047607422,12.640000343322754,15.067000007629394,-1.2643110778832738
2015-07-24,96.19512176513672,28.04054832458496,13.739999771118164,15.053499984741212,-1.1080206730851003
2015-07-27,93.43675994873047,27.73172950744629,15.600000381469727,15.132499980926514,-1.1593254972026261
2015-07-28,94.54804229736328,27.778051376342773,13.4399995803833,14.861999940872192,-1.1149195843957769
2015-07-29,96.23480224609375,27.909313201904297,12.5,14.575499963760375,-1.0660441485857457
2015-07-30,94.4686508178711,28.009666442871094,12.130000114440918,14.377499961853028,-1.1894959766198712
2015-07-31,93.27799987792969,27.89386558532715,12.119999885559082,14.143999910354614,-1.2169611855788005
2015-08-03,93.40699768066406,27.870697021484375,12.5600004196167,13.921499919891357,-1.2031302584914263
2015-08-04,93.3276138305664,27.947908401489258,13.0,13.766999912261962,-1.2307760930487093
2015-08-05,95.68907928466797,28.140907287597656,12.510000228881836,13.40949993133545,-1.1651565189231439
2015-08-06,94.3793716430664,27.97106170654297,13.770000457763672,13.099499988555909,-1.1824609126786907
2015-08-07,93.56575012207031,27.847536087036133,13.390000343322754,12.927500009536743,-1.1877357064825438
2015-08-10,93.41692352294922,28.326200485229492,12.229999542236328,12.844000005722046,-1.3410556625164252
2015-08-11,92.89103698730469,27.89386558532715,13.710000038146973,12.86100001335144,-1.2373264859052981
2015-08-12,93.45661163330078,27.3765926361084,13.609999656677246,12.880000019073487,-1.0503388216659915
2015-08-13,92.7025146484375,27.52327537536621,13.489999771118164,12.949000024795533,-1.1346092777312167
2015-08-14,93.68479919433594,27.847536087036133,12.829999923706055,12.993000030517578,-1.1814703250492893
2015-08-17,93.1986312866211,27.85525894165039,13.020000457763672,13.031500053405761,-1.2094039621554102
2015-08-18,94.428955078125,27.824371337890625,13.789999961853027,13.110000038146973,-1.135265672455244
2015-08-19,94.56787109375,27.430635452270508,15.25,13.26650004386902,-1.008280853129733
2015-08-20,89.8548583984375,26.650876998901367,19.139999389648438,13.591499996185302,-1.0193166143965093
2015-08-21,85.389892578125,26.156776428222656,28.030000686645508,14.30600004196167,-1.1041221767100198
2015-08-24,81.4508056640625,24.836578369140625,40.7400016784668,15.563000106811524,-0.9101636746295645
2015-08-25,82.35372924804688,24.40423583984375,36.02000045776367,16.692000150680542,-0.731235957708896
2015-08-26,86.51110076904297,25.322965621948242,30.31999969482422,17.583000135421752,-0.7916823675994539
2015-08-27,89.03134155273438,25.956035614013672,26.100000381469727,18.281500148773194,-0.8514638823311267
2015-08-28,90.30135345458984,25.994640350341797,26.049999237060547,18.978000116348266,-0.796358681212585
2015-08-31,88.73365020751953,26.095006942749023,28.43000030517578,19.77150011062622,-0.9093705250176627
2015-09-01,86.55079650878906,25.006433486938477,31.399999618530273,20.691500091552733,-0.6933850264746497
2015-09-02,89.1900863647461,25.42332649230957,26.09000015258789,21.370500087738037,-0.6811953468584621
2015-09-03,87.46363067626953,25.662660598754883,25.610000610351562,21.96250009536743,-0.8448005192358576
2015-09-04,87.57278442382812,25.407888412475586,27.799999237060547,22.68300004005432,-0.7616193017427741
2015-09-08,88.83287811279297,26.087282180786133,24.899999618530273,23.31650004386902,-0.9018004039376722
2015-09-09,89.73579406738281,25.832509994506836,26.229999542236328,23.942500019073485,-0.7768446232354229
2015-09-10,91.26380920410156,26.04868507385254,24.3700008392334,24.480500078201295,-0.7621326176720202
2015-09-11,91.333251953125,26.04868507385254,23.200000762939453,24.96600012779236,-0.7584779456773084
2015-09-14,91.59123229980469,26.11817169189453,24.25,25.537000131607055,-0.766020888667793
2015-09-15,92.1766586303711,26.457860946655273,22.540000915527344,26.013000154495238,-0.8384574343177871
2015-09-16,92.72235870361328,26.5582332611084,21.350000381469727,26.391000175476073,-0.8402456404769328
2015-09-17,93.60543823242188,25.956035614013672,21.139999389648438,26.685500144958496,-0.6107357534559869
2015-09-18,93.66497802734375,25.33733558654785,22.280000686645508,26.84250020980835,-0.41955176978219627
2015-09-21,94.80601501464844,25.67071533203125,20.139999389648438,26.448000144958495,-0.4608295849174539
2015-09-22,92.2361831665039,25.391605377197266,22.440000534057617,25.53300008773804,-0.5112421942175616
2015-09-23,93.23832702636719,25.531164169311523,22.1299991607666,24.838500022888184,-0.5009189360241001
2015-09-24,93.67488861083984,25.616455078125,23.469999313354492,24.496000003814697,-0.5038670330928763
2015-09-25,92.04766082763672,25.872297286987305,23.6200008392334,24.37200002670288,-0.6672675309980687
2015-09-28,88.51537322998047,25.391605377197266,27.6299991607666,24.451000022888184,-0.7070630691669098
2015-09-29,85.99514770507812,25.414867401123047,26.829999923706055,24.371000003814697,-0.8467692784131738
2015-09-30,89.20001220703125,25.771509170532227,24.5,24.026000022888184,-0.7865011850211708
2015-10-01,90.24183654785156,25.78702163696289,22.549999237060547,23.848999977111816,-0.7363863978627733
2015-10-02,91.35309600830078,25.531164169311523,20.940000534057617,23.61549997329712,-0.6001359327902258
2015-10-05,93.27799987792969,26.089393615722656,19.540000915527344,23.20250005722046,-0.6685017984002386
2015-10-06,92.0774154663086,26.081634521484375,19.399999618530273,22.92750005722046,-0.7293284948021111
2015-10-07,91.68053436279297,26.44603729248047,18.399999618530273,22.536000061035157,-0.8609740058684076
2015-10-08,91.74999237060547,26.66312026977539,17.420000076293945,22.188500022888185,-0.9232997146287069
2015-10-09,92.51399230957031,26.345251083374023,17.079999923706055,21.882499980926514,-0.7864768958789269
2015-10-12,93.52606201171875,26.53131866455078,16.170000076293945,21.478499984741212,-0.7897673469796843
2015-10-13,93.38713836669922,26.337499618530273,17.670000076293945,21.23499994277954,-0.7381684594753927
2015-10-14,93.3375473022461,25.67071533203125,18.030000686645508,21.06899995803833,-0.5381129283784679
2015-10-15,95.21282196044922,26.128164291381836,16.049999237060547,20.814499950408937,-0.5784590300879654
2015-10-16,96.78052520751953,26.10489845275879,15.050000190734863,20.452999925613405,-0.4888815387603845
2015-10-19,97.70326232910156,26.10489845275879,14.979999542236328,20.194999933242798,-0.440319211315821
2015-10-20,96.2447280883789,26.391773223876953,15.75,19.860499906539918,-0.6042737883211026
2015-10-21,96.35386657714844,25.957582473754883,16.700000762939453,19.58899998664856,-0.46656008256918857
2015-10-22,98.89392852783203,26.422773361206055,14.449999809265137,19.138000011444092,-0.47427250201338333
2015-10-23,101.3943099975586,26.942235946655273,14.460000038146973,18.67999997138977,-0.5005688339088511
2015-10-26,102.96199798583984,26.810443878173828,15.289999961853027,18.063000011444093,-0.3780061915533168
2015-10-27,102.89254760742188,26.523563385009766,15.430000305175781,17.493000030517578,-0.29446550801705834
2015-10-28,103.38865661621094,27.492713928222656,14.329999923706055,16.984500026702882,-0.5629240121747587
2015-10-29,104.06336212158203,27.23686408996582,14.609999656677246,16.587500047683715,-0.4496510727318768
2015-10-30,101.176025390625,26.740657806396484,15.069999694824219,16.294000005722047,-0.450788265415214
2015-11-02,102.5055923461914,27.15932846069336,14.149999618530273,16.024499940872193,-0.5080677248119629
2015-11-03,101.7812728881836,27.198101043701172,14.539999961853027,15.78149995803833,-0.5579723305988762
2015-11-04,103.13067626953125,27.221355438232422,15.510000228881836,15.636999988555909,-0.4940232176674185
2015-11-05,107.91314697265625,27.60126304626465,15.050000190734863,15.518499994277954,-0.35779950355247103
2015-11-06,106.26608276367188,28.368824005126953,14.329999923706055,15.380999994277953,-0.6777780796777616
2015-11-09,105.66082763671875,28.198251724243164,16.520000457763672,15.398500013351441,-0.6577872744322588
2015-11-10,107.06977844238281,28.213754653930664,15.289999961853027,15.279500007629395,-0.5883482508626002
2015-11-11,108.16120910644531,28.01218032836914,16.059999465942383,15.180999946594238,-0.469640411006156
2015-11-12,107.17890930175781,27.446195602416992,18.3700008392334,15.29700002670288,-0.3493094744934029
2015-11-13,103.14060974121094,27.136072158813477,20.079999923706055,15.54850001335144,-0.46757904694420266
2015-11-16,103.22991180419922,27.46945571899414,18.15999984741211,15.70750002861023,-0.5642093177879771
2015-11-17,104.31141662597656,27.53148651123047,18.84000015258789,15.862000036239625,-0.5261451947304757
2015-11-18,106.93085479736328,27.98891258239746,16.850000381469727,15.869500017166137,-0.5273200844070541
2015-11-19,105.43262481689453,27.91138458251953,16.989999771118164,15.996500015258789,-0.5826055616351382
2015-11-20,106.484375,28.01218032836914,15.470000267028809,16.047000026702882,-0.5578897780716058
2015-11-23,106.11724853515625,28.043193817138672,15.619999885559082,16.063500022888185,-0.5866374961522548
2015-11-24,104.91666412353516,28.159486770629883,15.930000305175781,16.088500022888184,-0.6851691340672251
2015-11-25,104.58924102783203,28.174997329711914,15.1899995803833,16.131500005722046,-0.707115290240509
2015-11-27,104.6289291381836,28.213754653930664,15.119999885559082,16.157000017166137,-0.7168066388270208
2015-11-30,103.42835998535156,28.206005096435547,16.1299991607666,16.209999990463256,-0.777635430821704
2015-12-01,106.28591918945312,28.353313446044922,14.670000076293945,16.23600001335144,-0.6720197675100589
2015-12-02,105.24408721923828,27.888120651245117,15.90999984741211,16.304500007629393,-0.5854570795183508
2015-12-03,103.56725311279297,27.47720718383789,18.110000610351562,16.43450002670288,-0.5488115452975358
2015-12-04,105.3532485961914,28.08970069885254,14.8100004196167,16.42250003814697,-0.6409812263712834
2015-12-07,104.78768157958984,27.554737091064453,15.84000015258789,16.498000049591063,-0.5081469418727262
2015-12-08,105.66082763671875,27.043031692504883,17.600000381469727,16.552000045776367,-0.30666446325196284
2015-12-09,103.78556060791016,26.639867782592773,19.610000610351562,16.768000078201293,-0.28281760393058514
2015-12-10,104.59915924072266,26.787179946899414,19.34000015258789,16.93200011253357,-0.284773804911091
2015-12-11,101.3248519897461,26.174678802490234,24.389999389648438,17.23300004005432,-0.27092951246584124
2015-12-14,103.84507751464844,26.081634521484375,22.729999542236328,17.365500020980836,-0.11001336779316868
2015-12-15,103.73594665527344,26.779420852661133,20.950000762939453,17.5050000667572,-0.32784510737688843
2015-12-16,105.95851135253906,27.035282135009766,17.860000610351562,17.456000089645386,-0.28864236185513814
2015-12-17,105.39293670654297,26.593351364135742,18.940000534057617,17.56050009727478,-0.18408530089885852
2015-12-18,103.22991180419922,26.051742553710938,20.700000762939453,17.746000146865846,-0.1333031541435327
2015-12-21,103.9542236328125,26.199804306030273,18.700000762939453,17.907500171661376,-0.14018622437622172
2015-12-22,104.6884536743164,26.324495315551758,16.600000381469727,17.956500196456908,-0.13944390386327649
2015-12-23,103.81531524658203,26.729726791381836,15.569999694824219,17.93850016593933,-0.3085638144124352
2015-12-24,104.2022705078125,26.7764835357666,15.739999771118164,17.966000175476076,-0.3024103723705891
2015-12-28,105.10518646240234,26.682958602905273,16.90999984741211,18.055500173568724,-0.2264648125437736
2015-12-29,106.42483520507812,26.932340621948242,16.079999923706055,18.0530002117157,-0.23281189830945132
2015-12-30,105.39293670654297,26.62841033935547,17.290000915527344,18.184000253677368,-0.19474128469246296
2015-12-31,103.84507751464844,26.355661392211914,18.209999084472656,18.299000215530395,-0.19330233660027446
2016-01-04,101.42406463623047,25.7556095123291,20.700000762939453,18.42850022315979,-0.13833427457758798
2016-01-05,101.93011474609375,25.7088565826416,19.34000015258789,18.65500020980835,-0.09749128789331664
2016-01-06,102.16824340820312,25.334787368774414,20.59000015258789,18.89250020980835,0.0287373729796539
2016-01-07,97.1575698852539,24.55550193786621,24.989999771118164,19.262000179290773,0.0018923779192221535
2016-01-08,96.5721664428711,24.056760787963867,27.010000228881836,19.632000160217284,0.12267308187432321
2016-01-11,96.75076293945312,24.041160583496094,24.299999237060547,19.880000114440918,0.13681395543267677
2016-01-12,98.59627532958984,24.119096755981445,22.469999313354492,19.78400011062622,0.21025234451897812
2016-01-13,94.69686889648438,23.29304313659668,25.219999313354492,19.908500099182127,0.2561066730810859
2016-01-14,97.60405731201172,23.558008193969727,23.950000762939453,20.05850009918213,0.3285731374992431
2016-01-15,94.23053741455078,23.020294189453125,27.020000457763672,20.516500091552736,0.31446486887997255
2016-01-19,94.51825714111328,22.786502838134766,26.049999237060547,20.87200002670288,0.40066674694884585
2016-01-20,93.6153564453125,22.513750076293945,27.59000015258789,21.216499996185302,0.43605009243906473
2016-01-21,93.42683410644531,22.1085205078125,26.690000534057617,21.61599998474121,0.5492957442057506
2016-01-22,97.17740631103516,22.420238494873047,22.34000015258789,21.90299997329712,0.651937987015516
2016-01-25,96.25465393066406,21.531843185424805,24.149999618530273,22.33199996948242,0.8733977525277438
2016-01-26,96.58206939697266,22.12410545349121,22.5,22.669999980926512,0.7106142800476173
2016-01-27,93.71456909179688,22.334516525268555,23.110000610351562,22.980000019073486,0.49574856898902075
2016-01-28,108.26042175292969,22.576101303100586,22.420000076293945,23.297000026702882,1.1878474997170232
2016-01-29,111.33629608154297,23.035877227783203,20.200000762939453,23.442500019073485,1.20997996333229
2016-02-01,114.19386291503906,22.887815475463867,19.979999542236328,23.53100004196167,1.4053721553805434
2016-02-02,113.71761322021484,22.20203971862793,21.979999542236328,23.594999980926513,1.5887456100181045
2016-02-03,111.81256103515625,22.326725006103516,21.649999618530273,23.710499954223632,1.450588042472958
2016-02-04,109.62968444824219,22.599470138549805,21.84000015258789,23.772999954223632,1.2528069960856478
2016-02-05,103.2596664428711,22.279958724975586,23.3799991607666,23.692499923706055,1.0146758579588937
2016-02-08,98.97331237792969,21.586397171020508,26.0,23.641999912261962,0.9998954505048543
2016-02-09,98.76495361328125,21.6253662109375,26.540000915527344,23.753999996185303,0.9770854018488223
2016-02-10,100.21358489990234,21.453916549682617,26.290000915527344,23.945000076293944,1.105435969697976
2016-02-11,101.11648559570312,20.666831970214844,28.139999389648438,24.091000080108643,1.3921843882442329
2016-02-12,101.2157211303711,21.664321899414062,25.399999618530273,24.163500022888183,1.0942254026129752
2016-02-16,100.8188247680664,22.25658416748047,24.110000610351562,24.018000030517577,0.893322440442457
2016-02-17,104.38086700439453,22.37348175048828,22.309999465942383,23.83100004196167,1.0452572186158144
2016-02-18,102.66435241699219,21.991626739501953,21.639999389648438,23.533500003814698,1.0709822672809357
2016-02-19,103.75576782226562,22.1085205078125,20.530000686645508,23.22550001144409,1.0928926685398124
2016-02-22,106.32561492919922,22.513750076293945,19.3799991607666,23.07749996185303,1.1049727140209198
2016-02-23,104.63883972167969,21.93707847595215,20.979999542236328,22.91899995803833,1.1914763404276614
2016-02-24,106.04778289794922,21.82797622680664,20.719999313354492,22.829999923706055,1.298788025160405
2016-02-25,107.2285385131836,22.13190269470215,19.110000610351562,22.629999923706055,1.2685527069357183
2016-02-26,107.07969665527344,22.576101303100586,19.809999465942383,22.499499893188478,1.1257076361813612
2016-02-29,106.08747863769531,22.069555282592773,20.549999237060547,22.516999816894533,1.2274505219442866
2016-03-01,108.96490478515625,23.020294189453125,17.700000762939453,22.402999877929688,1.0899134296933168
2016-03-02,109.09388732910156,23.448902130126953,17.09000015258789,22.158499908447265,0.9664285557815873
2016-03-03,108.72676849365234,23.822969436645508,16.700000762939453,21.910999965667724,0.8334119073532845
2016-03-04,107.54603576660156,24.119096755981445,16.860000610351562,21.66199998855591,0.6812653629910268
2016-03-07,104.90675354003906,24.087919235229492,17.350000381469727,21.360500049591064,0.551839972682724
2016-03-08,105.10518646240234,23.480077743530273,18.670000076293945,20.994000053405763,0.7470333093050143
2016-03-09,106.67288970947266,23.285247802734375,18.34000015258789,20.584000015258788,0.888756771268085
2016-03-10,106.484375,23.4722843170166,18.049999237060547,20.17199993133545,0.8219867875846416
2016-03-11,108.55809783935547,24.1502685546875,16.5,19.589999961853028,0.7250542363810424
2016-03-14,109.03435516357422,24.056760787963867,16.920000076293945,19.165999984741212,0.7785401486431643
2016-03-15,109.80829620361328,23.885305404663086,16.84000015258789,18.802499961853027,0.8713844784731469
2016-03-16,111.30652618408203,23.713863372802734,14.989999771118164,18.436499977111815,1.0023430353240381
2016-03-17,110.15555572509766,23.947650909423828,14.4399995803833,18.07649998664856,0.870710672363301
2016-03-18,110.58221435546875,24.289615631103516,14.020000457763672,17.75099997520447,0.7892267952970186
2016-03-21,110.97909545898438,24.289615631103516,13.789999961853027,17.47150001525879,0.8101140769016008
2016-03-22,111.37598419189453,24.234832763671875,14.170000076293945,17.13100004196167,0.8476527129990645
2016-03-23,111.6637191772461,23.921825408935547,14.9399995803833,16.84200005531311,0.9579326651522374
2016-03-24,112.16976165771484,23.812271118164062,14.739999771118164,16.62350001335144,1.017863380576755
2016-03-28,112.80477142333984,23.757497787475586,15.239999771118164,16.39500002861023,1.067931085471977
2016-03-29,115.2356948852539,23.726192474365234,13.819999694824219,16.058500051498413,1.2053821693570892
2016-03-30,113.80691528320312,23.945308685302734,13.5600004196167,15.851500034332275,1.063588380006735
2016-03-31,113.21157836914062,23.765317916870117,13.949999809265137,15.694500017166138,1.0869638643146011
2016-04-01,115.15631866455078,23.851402282714844,13.100000381469727,15.514499998092651,1.1631478765139491
2016-04-04,111.67363739013672,23.788799285888672,14.119999885559082,15.377499961853028,0.9988872090602756
2016-04-05,111.3462142944336,23.30362319946289,15.420000076293945,15.280999946594239,1.129122020720975
2016-04-06,112.8246078491211,23.51491928100586,14.09000015258789,15.051999950408936,1.142705458498439
2016-04-07,112.75516510009766,22.896711349487305,16.15999984741211,14.942999935150146,1.3269517065406886
2016-04-08,109.76859283447266,23.053224563598633,15.359999656677246,14.808499956130982,1.1222013685670063
2016-04-11,108.14134979248047,23.17842674255371,16.260000228881836,14.796499967575073,0.9985073902825021
2016-04-12,109.74874877929688,23.655763626098633,14.850000381469727,14.692999982833863,0.9380185515008165
2016-04-13,109.6495361328125,24.540023803710938,13.84000015258789,14.542999982833862,0.6640310873268624
2016-04-14,109.97696685791016,24.759132385253906,13.720000267028809,14.479500007629394,0.6146664402756211
2016-04-15,108.78630065917969,24.712169647216797,13.619999885559082,14.438500022888183,0.5662774582944134
2016-04-18,109.5899887084961,24.884334564208984,13.350000381469727,14.405000019073487,0.5562458192915265
2016-04-19,111.4156723022461,25.205169677734375,13.239999771118164,14.377500009536742,0.5548128425401159
2016-04-20,111.5446548461914,25.572948455810547,13.279999732971191,14.332999992370606,0.44981665994799064
2016-04-21,112.55672454833984,25.447751998901367,13.949999809265137,14.283500003814698,0.541133211036774
2016-04-22,109.69913482666016,25.682512283325195,13.220000267028809,14.20750002861023,0.3193882697050459
2016-04-25,109.24272155761719,25.533828735351562,14.079999923706055,14.149500036239624,0.34055944717161285
2016-04-26,107.91314697265625,25.815542221069336,13.960000038146973,14.156500053405761,0.18496057582591968
2016-04-27,108.0421371459961,25.839019775390625,13.770000457763672,14.16700005531311,0.1846132688634521
2016-04-28,115.82109832763672,25.549488067626953,15.220000267028809,14.230500078201294,0.6820103858360631
2016-04-29,116.66447448730469,25.392976760864258,15.699999809265137,14.360500049591064,0.7739668157965159
2016-05-02,117.64676666259766,25.55730438232422,14.680000305175781,14.388500070571899,0.7757169581575313
2016-05-03,116.51564025878906,24.97823715209961,15.600000381469727,14.39750008583069,0.8921917204608839
2016-05-04,117.1407470703125,24.469594955444336,16.049999237060547,14.49550004005432,1.0796892068975694
2016-05-05,116.8927001953125,24.344392776489258,15.90999984741211,14.483000040054321,1.1046893742662125
2016-05-06,118.55960845947266,24.43829345703125,14.720000267028809,14.451000070571899,1.1638757601865026
2016-05-09,118.3115463256836,24.375696182250977,14.569999694824219,14.366500043869019,1.1698467062459146
2016-05-10,119.5617446899414,24.829559326171875,13.630000114440918,14.305500030517578,1.0976936272856606
2016-05-11,118.58936309814453,24.74347686767578,14.6899995803833,14.348000001907348,1.072682875289352
2016-05-12,119.34345245361328,24.56350326538086,14.40999984741211,14.382499980926514,1.1670715055953602
2016-05-13,118.87710571289062,24.172231674194336,15.039999961853027,14.45349998474121,1.261453207846948
2016-05-16,117.74598693847656,24.453947067260742,14.680000305175781,14.519999980926514,1.116298200623479
2016-05-17,116.43627166748047,24.344392776489258,15.569999694824219,14.636499977111816,1.080668197372823
2016-05-18,116.73394012451172,25.353858947753906,15.949999809265137,14.769999980926514,0.7895123377376013
2016-05-19,115.90047454833984,25.087791442871094,16.329999923706055,14.88899998664856,0.8265180064052565
2016-05-20,116.43627166748047,25.30689811706543,15.199999809265137,14.987999963760377,0.7881199626866365
2016-05-23,115.06700897216797,25.244291305541992,15.819999694824219,15.074999952316285,0.7350866345679461
2016-05-24,116.78353881835938,25.70598602294922,14.420000076293945,15.097999954223633,0.6850955467978241
2016-05-25,116.97207641601562,26.128551483154297,13.899999618530273,15.104499912261963,0.5665815485933722
2016-05-26,118.5397720336914,25.94074249267578,13.430000305175781,15.014999914169312,0.7061706295783671
2016-05-27,118.4504623413086,26.1989803314209,13.119999885559082,14.885999917984009,0.622980410050883
2016-05-31,117.88489532470703,26.167678833007812,14.1899995803833,14.861499881744384,0.6027293507447268
2016-06-01,117.85513305664062,26.230276107788086,14.199999809265137,14.791499853134155,0.5821369060380474
2016-06-02,118.00397491455078,26.32417869567871,13.630000114440918,14.670499897003173,0.5614290608546538
2016-06-03,117.54753875732422,25.776416778564453,13.470000267028809,14.548499917984008,0.7038967216389014
2016-06-06,117.86504364013672,26.1207275390625,13.649999618530273,14.494999885559082,0.6159551741760372
2016-06-07,116.84307861328125,25.948564529418945,14.050000190734863,14.468999910354615,0.6144986300922785
2016-06-08,117.46817016601562,26.003345489501953,14.079999923706055,14.491499900817871,0.6307459261408894
2016-06-09,117.6368408203125,25.643388748168945,14.640000343322754,14.488999938964843,0.7490297031201016
2016-06-10,115.71195220947266,25.228649139404297,17.030000686645508,14.619999980926513,0.7737834203178744
2016-06-13,113.062744140625,24.899980545043945,20.969999313354492,14.916499948501587,0.7342564321632145
2016-06-14,114.04503631591797,24.344392776489258,20.5,15.207499933242797,0.9548209203710051
2016-06-15,113.70768737792969,24.477420806884766,20.139999389648438,15.43599991798401,0.896633588648971
2016-06-16,113.49932098388672,24.148759841918945,19.3700008392334,15.606999969482422,0.9855622680219264
2016-06-17,112.13998413085938,24.31859016418457,19.40999984741211,15.760999965667725,0.8624033270019986
2016-06-20,112.48726654052734,24.50728416442871,18.3700008392334,15.919500017166138,0.823327791214848
2016-06-21,113.48939514160156,24.601638793945312,18.479999542236328,16.052500009536743,0.8473898043770777
2016-06-22,113.02305603027344,24.585912704467773,21.170000076293945,16.39000000953674,0.8276269066262569
2016-06-23,114.18394470214844,25.317119598388672,17.25,16.557500028610228,0.6664764708956842
2016-06-24,111.20731353759766,23.485164642333984,25.760000228881836,17.174000024795532,1.0666333449050553
2016-06-27,108.12152862548828,22.164274215698242,23.850000381469727,17.710500049591065,1.3057103452910734
2016-06-28,111.8224868774414,22.89548110961914,18.75,17.938500070571898,1.2782401179260667
2016-06-29,113.27111053466797,23.50088882446289,16.639999389648438,18.060500049591063,1.1704687331285963
2016-06-30,113.39017486572266,23.96477699279785,15.630000114440918,18.160500049591064,1.0357386456755597
2016-07-01,113.3008804321289,23.728904724121094,14.770000457763672,18.225500059127807,1.1027312942435876
2016-07-05,113.31079864501953,23.0134220123291,15.579999923706055,18.322000074386597,1.3207203330633301
2016-07-06,115.79132843017578,23.19426155090332,14.960000038146973,18.367500066757202,1.3963018588583582
2016-07-07,114.94794464111328,23.42226791381836,14.760000228881836,18.401500082015993,1.2826144960360795
2016-07-08,116.32713317871094,23.846837997436523,13.199999809265137,18.32950005531311,1.2261534498455624
2016-07-11,116.95222473144531,24.145618438720703,13.539999961853027,18.155000019073487,1.1682384379250372
2016-07-12,117.01174926757812,24.664539337158203,13.550000190734863,17.784000062942503,1.0136479593460166
2016-07-13,115.87071228027344,24.656673431396484,13.039999961853027,17.411000061035157,0.9559876230113887
2016-07-14,116.37673950195312,25.049800872802734,12.819999694824219,17.045000076293945,0.8631301718708653
2016-07-15,115.95008850097656,25.073394775390625,12.670000076293945,16.710000038146973,0.8335049057185546
2016-07-18,118.44054412841797,24.986900329589844,12.4399995803833,16.361500024795532,0.9908635169168708
2016-07-19,119.67089080810547,25.08124351501465,11.970000267028809,16.0414999961853,1.0269397976569432
2016-07-20,120.9706802368164,24.971176147460938,11.770000457763672,15.70600004196167,1.1288002201246385
2016-07-21,119.67089080810547,24.813920974731445,12.739999771118164,15.284500026702881,1.1081910218889703
2016-07-22,120.0578384399414,25.049800872802734,12.020000457763672,15.023000049591065,1.0568611140875752
2016-07-25,120.68294525146484,24.963308334350586,12.869999885559082,14.378500032424927,1.1160485204921093
2016-07-26,120.27613830566406,25.144140243530273,13.050000190734863,13.838500022888184,1.0396759861923357
2016-07-27,122.37963104248047,25.104839324951172,12.829999923706055,13.542500019073486,1.1623250825488864
2016-07-28,124.0267105102539,25.12055778503418,12.720000267028809,13.346500062942505,1.2442309657962345
2016-07-29,122.97496032714844,25.02621078491211,11.869999885559082,13.158500051498413,1.2175551212345965
2016-08-01,123.34207153320312,24.790332794189453,12.4399995803833,13.042000007629394,1.3085694813083921
2016-08-02,122.13157653808594,24.54659652709961,13.369999885559082,12.931500005722047,1.3189451763697742
2016-08-03,121.55609130859375,24.9554500579834,12.859999656677246,12.82649998664856,1.1643894216740809
2016-08-04,123.39169311523438,24.979032516479492,12.420000076293945,12.709499979019165,1.2538267451332468
2016-08-05,124.175537109375,25.781005859375,11.390000343322754,12.619000005722047,1.0513239151836855
2016-08-08,124.28468322753906,25.725969314575195,11.5,12.517000007629395,1.0737961752045848
2016-08-09,124.08623504638672,25.75741195678711,11.65999984741211,12.422499990463256,1.0537953137259808
2016-08-10,123.90762329101562,25.435062408447266,12.050000190734863,12.373000001907348,1.1423716163645026
2016-08-11,123.927490234375,25.52155113220215,11.680000305175781,12.316000032424927,1.1171294104061174
2016-08-12,123.90762329101562,25.419340133666992,11.550000190734863,12.260000038146973,1.1471503158047218
2016-08-15,122.9352798461914,25.788867950439453,11.8100004196167,12.228500080108642,0.983661319823133
2016-08-16,122.3399429321289,25.765281677246094,12.640000343322754,12.26200008392334,0.9594985131207492
2016-08-17,123.401611328125,25.843910217285156,12.1899995803833,12.283000040054322,0.9914738789443196
2016-08-18,122.94520568847656,25.92253303527832,11.430000305175781,12.217500066757202,0.9435569310528914
2016-08-19,122.59791564941406,25.94611930847168,11.34000015258789,12.183500051498413,0.9181106370861224
2016-08-22,123.1833267211914,25.96970558166504,12.270000457763672,12.153500080108643,0.9417510609863616
2016-08-23,123.401611328125,26.024738311767578,12.380000114440918,12.120000076293945,0.9365121685076467
2016-08-24,122.51853942871094,26.016881942749023,13.449999809265137,12.1510000705719,0.8924252650510047
2016-08-25,122.92534637451172,26.09549903869629,13.630000114440918,12.196500062942505,0.8899396930720725
2016-08-26,123.98701477050781,26.284204483032227,13.649999618530273,12.285500049591064,0.8884577858040518
2016-08-29,125.5547103881836,26.512218475341797,12.9399995803833,12.310500049591065,0.9016597451510747
2016-08-30,124.86015319824219,26.810989379882812,13.119999885559082,12.298000049591064,0.774296416726096
2016-08-31,125.13798522949219,26.85030746459961,13.420000076293945,12.326000070571899,0.7769678000636625
2016-09-01,125.18759155273438,26.700916290283203,13.479999542236328,12.379000043869018,0.8249851399711834
2016-09-02,125.52494812011719,26.913204193115234,11.979999542236328,12.408500003814698,0.7782159837165333
2016-09-06,128.71987915039062,26.480775833129883,12.020000457763672,12.434500026702882,1.0777948434822007
2016-09-07,130.02960205078125,26.638023376464844,11.9399995803833,12.44850001335144,1.098929144956819
2016-09-08,129.25567626953125,26.740224838256836,12.510000228881836,12.471500015258789,1.0271349688937423
2016-09-09,126.11035919189453,26.520076751708984,17.5,12.7625,0.9285142623177793
2016-09-12,127.68795776367188,26.6851863861084,15.15999984741211,12.942999982833863,0.9613568354811372
2016-09-13,126.21949768066406,26.29206657409668,17.850000381469727,13.244999980926513,1.0035605105798335
2016-09-14,126.775146484375,26.103368759155273,18.139999389648438,13.519999933242797,1.0901571768079916
2016-09-15,127.35063934326172,26.307788848876953,16.299999237060547,13.72549991607666,1.0583121698089137
2016-09-16,128.06503295898438,26.07718849182129,15.369999885559082,13.922499895095825,1.1659993956811314
2016-09-19,127.64826965332031,26.14826202392578,15.529999732971191,14.13199987411499,1.1224633309674412
2016-09-20,127.63836669921875,26.124570846557617,15.920000076293945,14.314499855041504,1.1291429565403364
2016-09-21,128.92823791503906,26.266725540161133,13.300000190734863,14.360499858856201,1.1538198815493845
2016-09-22,129.067138671875,26.424671173095703,12.020000457763672,14.288999891281128,1.1131233172020945
2016-09-23,126.96366882324219,26.424671173095703,12.289999961853027,14.221999883651733,1.002420724697809
2016-09-26,126.31871032714844,25.87975311279297,14.5,14.26449990272522,1.1341023512319781
2016-09-27,127.68795776367188,26.10087776184082,13.100000381469727,14.272499942779541,1.138954246461804
2016-09-28,128.22377014160156,26.36939239501953,12.390000343322754,14.235999965667725,1.0855397268516649
2016-09-29,127.09263610839844,25.982418060302734,14.020000457763672,14.26599998474121,1.1436285025256028
2016-09-30,127.27124786376953,26.36149024963379,13.289999961853027,14.256500005722046,1.0378116633527243
2016-10-03,127.7673568725586,26.243026733398438,13.569999694824219,14.336000013351441,1.0999275048095565
2016-10-04,127.19186401367188,26.487857818603516,13.630000114440918,14.416499996185303,0.995225073976401
2016-10-05,127.46967315673828,26.985389709472656,12.989999771118164,14.469000005722046,0.8586236721618161
2016-10-06,127.73760986328125,27.009077072143555,12.84000015258789,14.485500001907349,0.8655251512807526
2016-10-07,127.98562622070312,27.02487564086914,13.479999542236328,14.284499979019165,0.873776006857671
2016-10-10,129.22589111328125,27.151233673095703,13.380000114440918,14.195499992370605,0.9006435312676645
2016-10-11,127.87649536132812,26.859024047851562,15.359999656677246,14.070999956130981,0.9184422914198243
2016-10-12,128.04518127441406,26.827438354492188,15.90999984741211,13.959499979019165,0.9369202871540927
2016-10-13,126.82474517822266,26.235137939453125,16.690000534057617,13.979000043869018,1.0527169629673354
2016-10-14,126.88428497314453,26.36149024963379,16.1200008392334,14.016500091552734,1.0174463630262267
2016-10-17,126.54693603515625,26.22723960876465,16.209999084472656,14.050500059127808,1.0404969217879334
2016-10-18,127.56890106201172,26.56682777404785,15.279999732971191,14.01850004196167,0.991065505400617
2016-10-19,129.09690856933594,27.04067611694336,14.40999984741211,14.074000024795533,0.9274587301027604
2016-10-20,128.98777770996094,27.07225799560547,13.75,14.160500001907348,0.9121161906377321
2016-10-21,131.04165649414062,27.17493438720703,13.34000015258789,14.213000011444091,0.9890009490231063
2016-10-24,132.2422637939453,27.3802547454834,13.020000457763672,14.139000034332275,0.9897811841814901
2016-10-25,131.25994873046875,27.261796951293945,13.460000038146973,14.157000017166137,0.9740879540943651
2016-10-26,130.01966857910156,27.443431854248047,14.239999771118164,14.249499988555907,0.8536068582863278
2016-10-27,128.68019104003906,27.56978416442871,15.359999656677246,14.316499948501587,0.7447079884029768
2016-10-28,130.26773071289062,27.309175491333008,16.190000534057617,14.461499977111817,0.9074684988854417
2016-10-31,129.97007751464844,27.3802547454834,17.059999465942383,14.635999965667725,0.8701992886129268
2016-11-01,128.49166870117188,27.31707763671875,18.559999465942383,14.882499933242798,0.8115950960186696
2016-11-02,126.17980194091797,26.87482261657715,19.31999969482422,15.198999929428101,0.82434586865835
2016-11-03,119.06562805175781,26.882720947265625,22.079999923706055,15.66099991798401,0.4475364754738399
2016-11-04,119.8097915649414,26.92221450805664,22.510000228881836,16.112499952316284,0.4746968789416142
2016-11-07,121.19889068603516,27.711950302124023,18.709999084472656,16.37899990081787,0.30776729176886025
2016-11-08,123.25277709960938,27.593488693237305,18.739999771118164,16.547999906539918,0.45186613760564054
2016-11-09,122.22087860107422,29.015024185180664,14.380000114440918,16.471499919891357,-0.03450913502025502
2016-11-10,119.85941314697266,30.19173240661621,14.739999771118164,16.373999881744385,-0.5164436940676025
2016-11-11,118.09326934814453,30.752437591552734,14.170000076293945,16.276499843597414,-0.7798165764545546
2016-11-14,114.18394470214844,31.589567184448242,14.479999542236328,16.189999866485596,-1.2399996712157981
2016-11-15,116.28743743896484,31.747520446777344,13.369999885559082,16.09449987411499,-1.1773049044369115
2016-11-16,115.43413543701172,31.305269241333008,13.720000267028809,16.059999895095824,-1.087793126022554
2016-11-17,116.87284851074219,31.723834991455078,13.350000381469727,16.03999991416931,-1.1392964971657613
2016-11-18,116.10882568359375,31.913362503051758,12.850000381469727,16.015499925613405,-1.2371117702834844
2016-11-21,120.82183837890625,31.98443603515625,12.420000076293945,15.985499906539918,-1.0106751027312595
2016-11-22,120.52420043945312,32.16606903076172,12.40999984741211,15.932999897003175,-1.0815457150938366
2016-11-23,119.89909362792969,32.33981704711914,12.430000305175781,15.842499923706054,-1.167253946840084
2016-11-25,119.44267272949219,32.387203216552734,12.34000015258789,15.691499948501587,-1.2056774892715068
2016-11-28,119.47244262695312,31.810686111450195,13.149999618530273,15.53949990272522,-1.028881521049773
2016-11-29,119.92886352539062,31.929155349731445,12.899999618530273,15.331499910354614,-1.0408688227920462
2016-11-30,117.49793243408203,32.49776840209961,13.329999923706055,15.069999933242798,-1.34163205721344
2016-12-01,114.20378112792969,33.15324401855469,14.069999694824219,14.807499933242799,-1.7142267312221513
2016-12-02,114.5014419555664,32.88473892211914,14.119999885559082,14.40949993133545,-1.61695061431114
2016-12-05,116.51564025878906,33.2953987121582,12.140000343322754,13.890999937057495,-1.635764052271154
2016-12-06,116.3965835571289,33.769248962402344,11.789999961853027,13.544999980926514,-1.7860540274802723
2016-12-07,117.0315933227539,34.21149826049805,12.220000267028809,13.219000005722046,-1.887053632573023
2016-12-08,117.98411560058594,34.78800582885742,12.640000343322754,13.132000017166138,-2.0121500778963948
2016-12-09,118.74813079833984,34.83539581298828,11.75,12.982500028610229,-1.9863449835158882
2016-12-12,116.85298919677734,34.274681091308594,12.640000343322754,12.90600004196167,-1.9156573867207263
2016-12-13,119.37322235107422,34.32206726074219,12.720000267028809,12.818000078201294,-1.7974239079734209
2016-12-14,119.27399444580078,34.17201232910156,13.1899995803833,12.809000062942506,-1.7570377540207913
2016-12-15,119.63118743896484,34.62215805053711,12.789999961853027,12.762500047683716,-1.8750585309283079
2016-12-16,118.9366455078125,34.22880172729492,12.199999809265137,12.705000019073486,-1.7920527704055662
2016-12-19,118.3115463256836,34.427066802978516,11.710000038146973,12.648000001907349,-1.8852124267353112
2016-12-20,118.1627197265625,34.91877746582031,11.449999809265137,12.599499988555909,-2.0424977235639394
2016-12-21,118.11312103271484,34.807743072509766,11.270000457763672,12.542500019073486,-2.0113597348372774
2016-12-22,116.48588562011719,34.855323791503906,11.430000305175781,12.492500019073486,-2.1114606933253457
2016-12-23,116.35688781738281,34.879119873046875,11.4399995803833,12.447499990463257,-2.1254823509860343
2016-12-27,117.09112548828125,35.021873474121094,11.989999771118164,12.389499998092651,-2.1302296548739204
2016-12-28,116.0096206665039,34.69671630859375,12.949999809265137,12.392000007629395,-2.088317955709402
2016-12-29,115.44405364990234,34.40328598022461,13.369999885559082,12.394000005722045,-2.028896390635009
2016-12-30,114.15419006347656,34.47465133666992,14.039999961853027,12.392500019073486,-2.1184711656709934
2017-01-03,115.95008850097656,34.63326644897461,12.850000381469727,12.32900004386902,-2.0721658101024167
2017-01-04,117.76583862304688,35.14083480834961,11.850000381469727,12.314500045776366,-2.1308781200816966
2017-01-05,119.73042297363281,34.61741256713867,11.670000076293945,12.308500051498413,-1.868393543751362
2017-01-06,122.44908142089844,34.712581634521484,11.319999694824219,12.263500022888184,-1.754240577774743
2017-01-09,123.927490234375,34.387420654296875,11.5600004196167,12.20950002670288,-1.5776031467080551
2017-01-10,123.38176727294922,34.688777923583984,11.489999771118164,12.196500015258788,-1.69791965519
2017-01-11,125.10820770263672,34.86326217651367,11.260000228881836,12.127500009536742,-1.6600931131748249
2017-01-12,125.63409423828125,34.40328598022461,11.539999961853027,12.068499994277953,-1.4926092118144305
2017-01-13,127.3406982421875,34.78395080566406,11.229999542236328,11.970499992370605,-1.5184940898452828
2017-01-17,126.87435913085938,33.6102180480957,11.869999885559082,11.924499988555908,-1.1862871935355268
2017-01-18,126.92396545410156,33.90364456176758,12.479999542236328,11.938499975204468,-1.2728618682876245
2017-01-19,126.5568618774414,33.70538330078125,12.779999732971191,11.991999959945678,-1.2319215754257076
2017-01-20,126.05081176757812,33.998809814453125,11.539999961853027,11.996499967575073,-1.3477396489964004
2017-01-23,127.92609405517578,33.824344635009766,11.770000457763672,12.021499967575073,-1.1960185023976453
2017-01-24,128.3626708984375,34.40328598022461,11.069999694824219,12.003499937057494,-1.349008146972778
2017-01-25,130.45623779296875,35.01394271850586,10.8100004196167,11.971999979019165,-1.4244325088455925
2017-01-26,131.74612426757812,35.283592224121094,10.630000114440918,11.903999996185302,-1.4385061316779142
2017-01-27,131.15077209472656,34.990150451660156,10.579999923706055,11.785500001907348,-1.3806486381648968
2017-01-30,129.96011352539062,34.5856819152832,11.880000114440918,11.711000013351441,-1.3203752862822313
2017-01-31,129.30526733398438,34.45087432861328,11.989999771118164,11.608500003814697,-1.3138648706497118
2017-02-01,132.192626953125,34.49844741821289,11.8100004196167,11.556500005722047,-1.176366867494342
2017-02-02,129.8212432861328,34.125701904296875,11.930000305175781,11.560500001907348,-1.1878754183429876
2017-02-03,129.96011352539062,34.990150451660156,10.970000267028809,11.525500011444091,-1.4433112860267634
2017-02-06,131.03173828125,34.79187774658203,11.369999885559082,11.528000020980835,-1.3266493121208478
2017-02-07,130.8134307861328,34.664981842041016,11.289999961853027,11.514499998092651,-1.2995692053365773
2017-02-08,133.15504455566406,34.316036224365234,11.449999809265137,11.5125,-1.0702733285820232
2017-02-09,133.09555053710938,34.823604583740234,10.880000114440918,11.493499994277954,-1.2276770403328037
2017-02-10,133.14515686035156,35.00600814819336,10.850000381469727,11.45900001525879,-1.2805068968128728
2017-02-13,133.00624084472656,35.378753662109375,11.069999694824219,11.451000022888184,-1.4011118074474196
2017-02-14,132.80780029296875,35.94182205200195,10.739999771118164,11.394500017166138,-1.5826970061469998
2017-02-15,132.40098571777344,36.17974090576172,11.970000267028809,11.369000053405761,-1.676421206588786
2017-02-16,132.79786682128906,36.060791015625,11.760000228881836,11.318000078201294,-1.6193797563696357
2017-02-17,132.4902801513672,35.94182205200195,11.489999771118164,11.315500068664551,-1.5994076344787855
2017-02-21,132.6787872314453,36.0687141418457,11.569999694824219,11.305500030517578,-1.6280549347852975
2017-02-22,135.0601348876953,36.0687141418457,11.739999771118164,11.339000034332276,-1.502728032965324
2017-02-23,134.30604553222656,36.044921875,11.710000038146973,11.384000015258788,-1.5351831416654134
2017-02-24,134.38540649414062,35.8228645324707,11.470000267028809,11.426000022888184,-1.463513373479442
2017-02-27,135.34786987304688,36.00527572631836,12.09000015258789,11.501500034332276,-1.4683031950854788
2017-02-28,134.484619140625,35.791141510009766,12.920000076293945,11.553500032424926,-1.4486499154067074
2017-03-01,136.34999084472656,36.925235748291016,12.539999961853027,11.58100004196167,-1.6951798275570316
2017-03-02,135.6951446533203,36.0687141418457,11.8100004196167,11.58100004196167,-1.4693083823979927
2017-03-03,136.10194396972656,36.243194580078125,10.960000038146973,11.53250002861023,-1.5009314945477708
2017-03-06,136.34999084472656,36.0687141418457,11.239999771118164,11.546000003814697,-1.4348447692744921
2017-03-07,136.23092651367188,35.870460510253906,11.449999809265137,11.55,-1.3808528466085481
2017-03-08,136.64767456054688,35.73563766479492,11.859999656677246,11.57849998474121,-1.317941329770046
2017-03-09,137.1636199951172,35.75942611694336,12.300000190734863,11.621000003814697,-1.2980182336244535
2017-03-10,137.7093505859375,35.63253402709961,11.65999984741211,11.659999990463257,-1.2307290608254045
2017-03-13,138.5130157470703,35.695980072021484,11.350000381469727,11.684999990463258,-1.2077173977775741
2017-03-14,138.23519897460938,35.616668701171875,12.300000190734863,11.746500015258789,-1.1982322374552858
2017-03-15,138.63209533691406,35.378753662109375,11.630000114440918,11.791000032424927,-1.1050311777479567
2017-03-16,138.89999389648438,35.608741760253906,11.210000038146973,11.753000020980835,-1.160835686614921
2017-03-17,138.7511749267578,35.44975280761719,11.279999732971191,11.728999996185303,-1.1203439922277731
2017-03-20,138.85037231445312,34.964778900146484,11.34000015258789,11.721500015258789,-0.9677182093641132
2017-03-21,137.4315185546875,33.26344680786133,12.470000267028809,11.76650004386902,-0.5252798563617376
2017-03-22,138.5030975341797,33.12828826904297,12.8100004196167,11.820000076293946,-0.42780349728705463
2017-03-23,138.44357299804688,33.35885238647461,13.119999885559082,11.89050006866455,-0.5010148906280507
2017-03-24,139.2472686767578,33.39859390258789,12.960000038146973,11.96500005722046,-0.47079675958381717
2017-03-27,139.2274169921875,33.22370910644531,12.5,11.985500049591064,-0.4186862477801504
2017-03-28,140.6561737060547,33.72454833984375,11.529999732971191,11.916000032424927,-0.4957201831406667
2017-03-29,141.5392608642578,33.61324691772461,11.420000076293945,11.860000038146973,-0.41541511764902345
2017-03-30,141.3011474609375,34.48778533935547,11.539999961853027,11.846500015258789,-0.6937578542946116
2017-03-31,140.94395446777344,34.16975784301758,12.369999885559082,11.917000007629394,-0.6158936894003376
2017-04-03,141.17214965820312,33.963069915771484,12.380000114440918,11.974000024795533,-0.5410624395763608
2017-04-04,140.62643432617188,33.971004486083984,11.789999961853027,11.991000032424926,-0.5721943217999762
2017-04-05,140.74549865722656,33.42244338989258,12.890000343322754,12.042500066757203,-0.39919599200681755
2017-04-06,140.07078552246094,33.78815841674805,12.390000343322754,12.047000074386597,-0.5458622562366621
2017-04-07,139.68382263183594,33.6927604675293,12.869999885559082,12.107500076293945,-0.5372318715938472
2017-04-10,139.94180297851562,33.533756256103516,14.050000190734863,12.242500066757202,-0.47532627649854214
2017-04-11,138.8305206298828,33.68480682373047,15.069999694824219,12.38100004196167,-0.5797224620306107
2017-04-12,138.49317932128906,33.27934646606445,15.770000457763672,12.588000059127808,-0.47423879146900283
2017-04-13,138.30467224121094,32.60358810424805,15.960000038146973,12.825500059127808,-0.2787665893408876
2017-04-17,140.31883239746094,33.175987243652344,14.65999984741211,12.994500064849854,-0.3467418256687174
2017-04-18,139.86244201660156,33.016990661621094,14.420000076293945,13.148500061035156,-0.3224348533262854
2017-04-19,141.16224670410156,33.18394470214844,14.930000305175781,13.271500062942504,-0.30477276987017077
2017-04-20,142.68031311035156,33.78020095825195,14.149999618530273,13.338500022888184,-0.40610794683474316
2017-04-21,142.56124877929688,33.676849365234375,14.630000114440918,13.414000034332275,-0.38096097980965565
2017-04-24,144.33734130859375,34.36851119995117,10.84000015258789,13.30800004005432,-0.4977146169448869
2017-04-25,145.34938049316406,34.51162338256836,10.760000228881836,13.221000051498413,-0.4879506156567232
2017-04-26,145.41883850097656,34.77397155761719,10.850000381469727,13.18700008392334,-0.5640344337358733
2017-04-27,146.5499725341797,34.36057662963867,10.359999656677246,13.134000062942505,-0.3788553489339062
2017-04-28,149.08010864257812,33.88355255126953,10.819999694824219,13.098000049591064,-0.10070906494062706
2017-05-01,151.27288818359375,34.130008697509766,10.109999656677246,12.985000038146973,-0.060215229662396626
2017-05-02,151.5904083251953,33.947166442871094,10.59000015258789,12.895500040054321,0.012069302070865982
2017-05-03,150.6180419921875,34.20156478881836,10.680000305175781,12.84000005722046,-0.11642792542562679
2017-05-04,149.6754150390625,34.30491638183594,10.460000038146973,12.71850004196167,-0.19745017760124037
2017-05-05,149.0701446533203,34.24130630493164,10.569999694824219,12.627500009536742,-0.20997075236711166
2017-05-08,149.88375854492188,34.28901672363281,9.770000457763672,12.472500038146972,-0.1816527444074338
2017-05-09,149.3083038330078,34.130008697509766,9.960000038146973,12.268000030517578,-0.16360847817725854
2017-05-10,149.11976623535156,34.185665130615234,10.210000038146973,12.025000047683715,-0.19044740922776232
2017-05-11,148.87171936035156,33.77226257324219,10.600000381469727,11.76650004386902,-0.07785031289912318
2017-05-12,149.15948486328125,33.64503860473633,10.399999618530273,11.488500022888184,-0.024036598914564743
2017-05-15,149.02056884765625,33.93126678466797,10.420000076293945,11.276500034332276,-0.11834503901552128
2017-05-16,148.61375427246094,34.066410064697266,10.649999618530273,11.088000011444091,-0.1808311658631286
2017-05-17,143.72215270996094,32.71489715576172,15.59000015258789,11.121000003814697,-0.027484162269903516
2017-05-18,146.51025390625,32.84209442138672,14.65999984741211,11.14650001525879,0.0805886799959602
2017-05-19,146.90716552734375,33.0090446472168,12.039999961853027,11.017000007629395,0.05073395954411167
2017-05-22,147.0857391357422,33.13624954223633,10.930000305175781,11.02150001525879,0.021468799488832038
2017-05-23,146.9170684814453,33.58145523071289,10.720000267028809,11.019500017166138,-0.1227259287800361
2017-05-24,148.87171936035156,33.46220016479492,10.020000457763672,10.978000020980835,0.016391460533007052
2017-05-25,150.77679443359375,33.39859390258789,9.989999771118164,10.95950002670288,0.13598559693831594
2017-05-26,150.9454803466797,33.27934646606445,9.8100004196167,10.909000062942505,0.18110790011799405
2017-05-30,151.1935272216797,32.92952346801758,10.380000114440918,10.922500085830688,0.30048903756395673
2017-05-31,150.28067016601562,32.698997497558594,10.40999984741211,10.9135000705719,0.32251379183781986
2017-06-01,150.3501434326172,33.18394470214844,9.890000343322754,10.874000072479248,0.17877301908868728
2017-06-02,152.41392517089844,32.91364288330078,9.75,10.8385000705719,0.36954364309164617
2017-06-05,152.43377685546875,32.90568923950195,10.069999694824219,10.8135000705719,0.37300587523308354
2017-06-06,151.62017822265625,32.746681213378906,10.449999809265137,10.847500038146972,0.37851696945238933
2017-06-07,151.92774963378906,33.0567512512207,10.390000343322754,10.869000053405761,0.3004599180649749
2017-06-08,153.50538635253906,33.91536331176758,10.15999984741211,10.866500043869019,0.12251822892666298
2017-06-09,148.43516540527344,34.885284423828125,10.699999809265137,10.871500015258789,-0.4391224244011641
2017-06-12,147.28421020507812,34.93297576904297,11.460000038146973,10.924500036239625,-0.5141910646263633
2017-06-13,149.50674438476562,35.0601806640625,10.420000076293945,10.924500036239625,-0.4358855198458661
2017-06-14,149.08010864257812,35.02042770385742,10.640000343322754,10.924000072479249,-0.4462560504244485
2017-06-15,148.63360595703125,34.78987121582031,10.899999618530273,10.689500045776366,-0.39967846080407
2017-06-16,149.467041015625,34.696533203125,10.380000114440918,10.475500059127807,-0.32744639395453073
2017-06-19,151.67970275878906,34.76036071777344,10.369999885559082,10.39200005531311,-0.23039721313116684
2017-06-20,151.06454467773438,34.32954788208008,10.859999656677246,10.388500022888184,-0.13182889263958106
2017-06-21,152.71160888671875,33.89075469970703,10.75,10.390000009536744,0.0882225157298798
2017-06-22,152.20556640625,33.66737365722656,10.479999542236328,10.412999963760376,0.12948567414840065
2017-06-23,153.86256408691406,33.44397735595703,10.020000457763672,10.414499998092651,0.28459116275768526
2017-06-26,152.39407348632812,33.65141296386719,9.899999618530273,10.41899995803833,0.1442576960880035
2017-06-27,149.40753173828125,33.84288787841797,11.0600004196167,10.45299997329712,-0.07111745344553994
2017-06-28,152.0468292236328,34.30560302734375,10.029999732971191,10.433999967575073,-0.07285476225456439
2017-06-29,149.86395263671875,34.87204360961914,11.4399995803833,10.511499929428101,-0.3599029345067918
2017-06-30,149.8043975830078,34.7204704284668,11.180000305175781,10.58299994468689,-0.31696739180547634
2017-07-03,147.2742462158203,35.430511474609375,11.220000267028809,10.64049997329712,-0.6659387119189132
2017-07-05,149.1693878173828,35.45444107055664,11.069999694824219,10.671499967575073,-0.5734734052249197
2017-07-06,147.6612548828125,35.06352233886719,12.539999961853027,10.778999948501587,-0.5340266615656281
2017-07-07,150.26084899902344,35.27095031738281,11.1899995803833,10.830499935150147,-0.4602603622071768
2017-07-10,152.30477905273438,35.12734603881836,11.109999656677246,10.850999927520752,-0.309043528316096
2017-07-11,154.0609893798828,35.00767135620117,10.890000343322754,10.82249994277954,-0.18024223960434232
2017-07-12,157.66275024414062,34.975765228271484,10.300000190734863,10.816499948501587,0.019010947013292177
2017-07-13,158.0199432373047,35.111392974853516,9.899999618530273,10.779499912261963,-0.0034138114187410003
2017-07-14,158.7244415283203,34.92790222167969,9.510000228881836,10.709999942779541,0.0894339312725028
2017-07-17,158.4862823486328,34.975765228271484,9.819999694824219,10.681999921798706,0.06235225710483021
2017-07-18,161.5919189453125,34.84811782836914,9.890000343322754,10.657999944686889,0.26459517318741493
2017-07-19,162.8619384765625,34.74440002441406,9.789999961853027,10.604499959945679,0.3629589336403216
2017-07-20,163.2489013671875,34.7204704284668,9.579999923706055,10.54599995613098,0.390597503792976
2017-07-21,163.1497039794922,34.46516799926758,9.359999656677246,10.489999961853027,0.46297466516555524
2017-07-24,164.70745849609375,34.70451354980469,9.430000305175781,10.460499954223632,0.47220927350710784
2017-07-25,163.99307250976562,35.23106002807617,9.430000305175781,10.436999988555907,0.27457124403411903
2017-07-26,164.3205108642578,34.648658752441406,9.600000381469727,10.36399998664856,0.46882153643829105
2017-07-27,169.11288452148438,34.592796325683594,10.109999656677246,10.367999982833862,0.7380163477941954
2017-07-28,171.10723876953125,34.37741470336914,10.289999961853027,10.310500001907348,0.908440409452323
2017-07-31,167.93215942382812,34.57685852050781,10.260000228881836,10.264499998092651,0.6807206929838141
2017-08-01,168.53741455078125,34.85609436035156,10.09000015258789,10.207999992370606,0.627702193232818
2017-08-02,167.9817657470703,34.880035400390625,10.279999732971191,10.168499994277955,0.5911824477430097
2017-08-03,167.27728271484375,34.68058395385742,10.4399995803833,10.063499975204468,0.6147286955330827
2017-08-04,168.29928588867188,34.95980453491211,10.029999732971191,10.005499982833863,0.5836476838645702
2017-08-07,170.64088439941406,34.752376556396484,9.930000305175781,9.946500015258788,0.7699292450553487
2017-08-08,169.89674377441406,34.832157135009766,10.960000038146973,9.95,0.706517323753504
2017-08-09,169.8471221923828,34.505062103271484,11.109999656677246,9.99049997329712,0.8033245574032255
2017-08-10,166.09654235839844,33.595558166503906,16.040000915527344,10.297500038146973,0.8823756834149333
2017-08-11,166.77127075195312,33.38813781738281,15.510000228881836,10.597500038146972,0.9809299490499601
2017-08-14,169.42050170898438,34.04233169555664,12.329999923706055,10.723000049591064,0.9215165119377967
2017-08-15,169.6685333251953,33.994476318359375,12.039999961853027,10.830500030517578,0.9491154393264482
2017-08-16,168.6763458251953,33.89075469970703,11.739999771118164,10.928000020980836,0.9284236571377292
2017-08-17,165.61036682128906,33.0370979309082,15.550000190734863,11.226500034332275,1.0265298988103788
2017-08-18,166.1064910888672,33.02912139892578,14.260000228881836,11.471500062942505,1.0550646286636707
2017-08-21,166.4735870361328,32.933387756347656,13.1899995803833,11.659500026702881,1.1034820774678733
2017-08-22,168.31915283203125,33.26845932006836,11.350000381469727,11.755500030517577,1.098768381233951
2017-08-23,167.39634704589844,33.324302673339844,12.25,11.888000011444092,1.0332291582324058
2017-08-24,166.4339141845703,33.44397735595703,12.229999542236328,11.994000005722047,0.9462032357779366
2017-08-25,165.02496337890625,33.61948776245117,11.279999732971191,12.043499994277955,0.8187067532564063
2017-08-28,165.93780517578125,33.364200592041016,11.319999694824219,12.096499967575074,0.9443414433711195
2017-08-29,166.74151611328125,33.13283157348633,11.699999809265137,12.176999950408936,1.056962941873624
2017-08-30,168.59693908691406,33.29239273071289,11.220000267028809,12.223999977111816,1.1061134429783905
2017-08-31,170.6309814453125,33.284423828125,10.59000015258789,12.231500005722046,1.2155842708987246
2017-09-01,170.6805877685547,33.51578903198242,10.130000114440918,12.236500024795532,1.1478727918746232
2017-09-05,169.3907012939453,32.52650451660156,12.229999542236328,12.351499986648559,1.380675540510324
2017-09-06,170.75003051757812,32.558414459228516,11.630000114440918,12.384999990463257,1.4425162297341947
2017-09-07,171.86131286621094,31.760616302490234,11.550000190734863,12.407000017166137,1.743487808155829
2017-09-08,169.618896484375,32.087711334228516,12.119999885559082,12.210999965667725,1.526053913333255
2017-09-11,172.1589813232422,32.88551330566406,10.729999542236328,11.97199993133545,1.4172473784098845
2017-09-12,171.61328125,33.595558166503906,10.579999923706055,11.88449993133545,1.1727137160073462
2017-09-13,171.70257568359375,33.6912956237793,10.5,11.807499933242799,1.1483142770198618
2017-09-14,169.62884521484375,33.40409469604492,10.4399995803833,11.742499923706054,1.1264699766920496
2017-09-15,170.30352783203125,33.56828308105469,10.170000076293945,11.47349991798401,1.1120733906329074
2017-09-18,168.68624877929688,33.984779357910156,10.149999618530273,11.26799988746643,0.9003665546925654
2017-09-19,171.1766815185547,34.225074768066406,10.180000305175781,11.117499923706054,0.9583979716921361
2017-09-20,170.8294219970703,34.64156723022461,9.779999732971191,11.038999891281128,0.8135315963428297
2017-09-21,169.77767944335938,34.785736083984375,9.670000076293945,10.909999895095826,0.7143605638719205
2017-09-22,169.21209716796875,34.8257942199707,9.59000015258789,10.777999925613404,0.6724193308811081
2017-09-25,161.60182189941406,34.8418083190918,10.210000038146973,10.724499940872192,0.26703409225788083
2017-09-26,162.93141174316406,35.03403854370117,10.170000076293945,10.666999959945679,0.2785811677187584
2017-09-27,166.37437438964844,35.76292419433594,9.869999885559082,10.575499963760375,0.23823853194140032
2017-09-28,167.41619873046875,35.93111801147461,9.550000190734863,10.491999959945678,0.24194665750933786
2017-09-29,169.53953552246094,36.11534118652344,9.510000228881836,10.437999963760376,0.29770119205762635
2017-10-02,168.1504364013672,36.307579040527344,9.449999809265137,10.403999948501587,0.1661652589459503
2017-10-03,168.6366424560547,36.18743896484375,9.510000228881836,10.267999982833862,0.22826950324863457
2017-10-04,167.10861206054688,35.80297088623047,9.630000114440918,10.167999982833862,0.2647084314329843
2017-10-05,169.9066619873047,36.25951385498047,9.1899995803833,10.049999952316284,0.2732020356768759
2017-10-06,170.8889617919922,36.275535583496094,9.649999618530273,9.926499938964843,0.3200293446928867
2017-10-09,171.1568603515625,36.10734558105469,10.329999923706055,9.90649995803833,0.3852488920118178
2017-10-10,170.25392150878906,36.387664794921875,10.079999923706055,9.88149995803833,0.25252702740919497
2017-10-11,171.39498901367188,36.20344161987305,9.850000381469727,9.848999977111816,0.3685733954890438
2017-10-12,171.20648193359375,35.95515060424805,9.90999984741211,9.822499990463257,0.4341192354014185
2017-10-13,172.38720703125,35.78695297241211,9.609999656677246,9.794499969482422,0.5473818493236354
2017-10-16,173.1611328125,35.9871826171875,9.90999984741211,9.782499980926513,0.5272537444282347
2017-10-17,174.73876953125,35.67481231689453,10.3100004196167,9.788999986648559,0.7052257402023531
2017-10-18,174.6593780517578,35.93111801147461,10.069999694824219,9.803499984741212,0.6231447666057432
2017-10-19,173.2008056640625,36.14738082885742,10.050000190734863,9.822499990463257,0.48065029916764085
2017-10-20,173.6175537109375,36.635963439941406,9.970000267028809,9.841499996185302,0.35408113666133295
2017-10-23,169.93643188476562,36.32359313964844,11.069999694824219,9.884499979019164,0.2552922344100753
2017-10-24,170.46231079101562,36.5879020690918,11.15999984741211,9.933999967575073,0.20263323112466952
2017-10-25,169.27166748046875,36.4036865234375,11.229999542236328,10.001999950408935,0.19596269400658403
2017-10-26,169.30140686035156,36.764122009277344,11.300000190734863,10.089499950408936,0.08797543995864424
2017-10-27,176.4949493408203,37.01242446899414,9.800000190734863,10.103999948501587,0.39109105876268757
2017-10-30,178.46946716308594,36.539852142333984,10.5,10.15649995803833,0.6386428659706942
2017-10-31,178.65797424316406,36.53185272216797,10.180000305175781,10.189999961853028,0.650995102460402
2017-11-01,181.2377471923828,36.45174789428711,10.199999809265137,10.218499946594239,0.8111122664055708
2017-11-02,177.52684020996094,36.69203186035156,9.930000305175781,10.255499982833863,0.542779572224094
2017-11-03,177.52684020996094,36.57990264892578,9.140000343322754,10.230000019073486,0.576860632844214
2017-11-06,178.76710510253906,36.48378372192383,9.399999618530273,10.183500003814697,0.6713488123683825
2017-11-07,178.8465118408203,35.634761810302734,9.890000343322754,10.174000024795532,0.9335834418392844
2017-11-08,178.16188049316406,35.394474029541016,9.779999732971191,10.170499992370605,0.9705864357037571
2017-11-09,177.90391540527344,35.07408905029297,10.5,10.2,1.0543893665615849
2017-11-10,177.07044982910156,34.985992431640625,11.289999961853027,10.284000015258789,1.037301757615744
2017-11-13,177.37803649902344,35.43452453613281,11.5,10.363500022888184,0.9171607213153516
2017-11-14,176.68348693847656,35.67481231689453,11.59000015258789,10.427500009536743,0.8075734200648057
2017-11-15,176.56439208984375,35.76292419433594,13.130000114440918,10.580500030517578,0.7745245061897983
2017-11-16,178.19166564941406,35.75490188598633,11.760000228881836,10.666000032424927,0.8626039097129246
2017-11-17,177.60621643066406,35.96316146850586,11.430000305175781,10.739000034332275,0.7684931982267769
2017-11-20,177.3482666015625,36.275535583496094,10.649999618530273,10.718000030517578,0.659973265761972
2017-11-21,180.4439697265625,36.243499755859375,9.729999542236328,10.64650001525879,0.8326327829921669
2017-11-22,179.46168518066406,36.12334442138672,9.880000114440918,10.57900004386902,0.8174571170871475
2017-11-24,181.3568115234375,35.94715118408203,9.670000076293945,10.497500038146972,0.9707478615029798
2017-11-27,181.60484313964844,35.94715118408203,9.869999885559082,10.501000022888183,0.9838014086956934
2017-11-28,180.99960327148438,37.108543395996094,10.029999732971191,10.477500009536744,0.5989496934193564
2017-11-29,173.76637268066406,38.23789596557617,10.699999809265137,10.503499984741211,-0.124985365819517
2017-11-30,175.80039978027344,38.005615234375,11.279999732971191,10.557499980926513,0.05266301268215705
2017-12-01,173.7366180419922,38.06968688964844,11.430000305175781,10.632499980926514,-0.07542508089809771
2017-12-04,170.13485717773438,38.71044921875,11.680000305175781,10.759499979019164,-0.4597367802549381
2017-12-05,171.4842987060547,38.12574768066406,11.329999923706055,10.855999994277955,-0.2110007786679398
2017-12-06,174.68914794921875,37.925506591796875,11.020000457763672,10.9125,0.018528011064845445
2017-12-07,178.7373504638672,38.12574768066406,10.15999984741211,10.931500005722047,0.17071690256218977
2017-12-08,177.60621643066406,38.21385955810547,9.579999923706055,10.88550000190735,0.08440582211955795
2017-12-11,177.6459197998047,38.021629333496094,9.34000015258789,10.788000011444092,0.14492267886290935
2017-12-12,175.5821075439453,38.301963806152344,9.920000076293945,10.70900001525879,-0.04889892149657688
2017-12-13,176.91171264648438,37.85343933105469,10.180000305175781,10.638500022888184,0.15740284394042214
2017-12-14,177.00100708007812,37.47697830200195,10.489999771118164,10.506500005722046,0.2765255525953478
2017-12-15,178.7770538330078,38.13113784790039,9.420000076293945,10.389499998092651,0.17116812191609695
2017-12-18,179.4120635986328,38.64609146118164,9.529999732971191,10.294499969482422,0.04807043781542302
2017-12-19,178.11227416992188,38.45298385620117,10.029999732971191,10.263499975204468,0.038358390298887664
2017-12-20,176.50491333007812,38.388614654541016,9.720000267028809,10.263000011444092,-0.026670031842108637
2017-12-21,176.06829833984375,38.9196662902832,9.619999885559082,10.25,-0.2110586913124495
2017-12-22,175.82025146484375,38.766788482666016,9.899999618530273,10.261499977111816,-0.17764666795962522
2017-12-26,174.6196746826172,38.46908187866211,10.25,10.280499982833863,-0.150345002858729
2017-12-27,176.23696899414062,38.2518310546875,10.470000267028809,10.302500009536743,0.000803070325502534
2017-12-28,176.53465270996094,38.45298385620117,10.180000305175781,10.276500034332276,-0.04466955788947662
2017-12-29,175.08602905273438,38.09090805053711,11.039999961853027,10.264500045776368,-0.010857576195912818
2018-01-02,180.0074005126953,38.19550323486328,9.770000457763672,10.181500053405761,0.216355990561293
2018-01-03,183.2321014404297,38.27595901489258,9.149999618530273,10.055000019073486,0.3616132676235368
2018-01-04,182.8947296142578,38.533443450927734,9.220000267028809,9.949500036239623,0.2655968874407138
2018-01-05,185.39511108398438,38.75069046020508,9.220000267028809,9.85950002670288,0.3311573272186637
2018-01-08,186.81399536132812,38.734596252441406,9.520000457763672,9.827500057220458,0.4107229122498773
2018-01-09,186.4071502685547,39.241519927978516,10.079999923706055,9.852500057220459,0.2352345612194489
2018-01-10,186.3773956298828,39.77255630493164,9.819999694824219,9.876500034332276,0.07226301464974734
2018-01-11,186.30796813964844,40.287532806396484,9.880000114440918,9.874500036239624,-0.08791514570308559
2018-01-12,177.97335815429688,40.520870208740234,10.15999984741211,9.87350001335144,-0.5974753081434995
2018-01-16,177.00100708007812,40.199012756347656,11.65999984741211,9.932000017166137,-0.5508219340140437
2018-01-17,176.21714782714844,40.416259765625,11.90999984741211,10.056500005722047,-0.6581063594204016
2018-01-18,178.4000244140625,40.27143478393555,12.220000267028809,10.191000032424927,-0.49920594330814283
2018-01-19,179.87838745117188,40.85880661010742,11.270000457763672,10.253000068664551,-0.599930277589197
2018-01-22,183.9266357421875,41.04386901855469,11.029999732971191,10.31850004196167,-0.44312550004038503
2018-01-23,187.87567138671875,41.16456604003906,11.100000381469727,10.392500066757203,-0.27197863399153266
2018-01-24,185.0974884033203,41.02778244018555,11.470000267028809,10.47100009918213,-0.3766157811146319
2018-01-25,186.02020263671875,40.8024787902832,11.579999923706055,10.537500095367431,-0.259574845955878
2018-01-26,188.52059936523438,40.8990478515625,11.079999923706055,10.568000078201294,-0.1573342007783919
2018-01-29,184.53189086914062,40.77834701538086,13.84000015258789,10.7510000705719,-0.3305678324832112
2018-01-30,185.6630096435547,40.424312591552734,14.789999961853027,10.9385000705719,-0.16343185134546523
2018-01-31,185.43479919433594,40.38407897949219,13.539999961853027,11.127000045776366,-0.1632134526669127
2018-02-01,191.5865478515625,40.94731903076172,13.470000267028809,11.343000078201294,-0.010649502941231017
2018-02-02,188.7984161376953,40.45650100708008,17.309999465942383,11.747500038146972,-0.008203410398028329
2018-02-05,179.84866333007812,38.83115768432617,37.31999969482422,13.152500009536743,0.014798187209922951
2018-02-06,183.8671112060547,39.2012939453125,29.979999542236328,14.175499963760377,0.11378242640059506
2018-02-07,178.7770538330078,39.386356353759766,27.729999542236328,15.05799994468689,-0.2103486786190298
2018-02-08,170.24400329589844,37.94606399536133,33.459999084472656,16.23999991416931,-0.22166186853973607
2018-02-09,174.73876953125,38.6300048828125,29.059999465942383,17.198999881744385,-0.19298887936486692
2018-02-12,175.0364227294922,38.967960357666016,25.610000610351562,17.971499919891357,-0.2800435381150456
2018-02-13,171.8018035888672,39.16909408569336,24.969999313354492,18.636999893188477,-0.5114103875214233
2018-02-14,178.1221923828125,40.29558181762695,19.260000228881836,19.004499912261963,-0.521167202318871
2018-02-15,178.55877685546875,40.448455810546875,19.1299991607666,19.349999856948852,-0.544655603642996
2018-02-16,175.97898864746094,40.66570281982422,19.459999084472656,19.7594997882843,-0.7464571866924171
2018-02-20,174.63951110839844,40.39213562011719,20.600000381469727,20.237999820709227,-0.7338027085557214
2018-02-21,176.5247344970703,40.67373275756836,20.020000457763672,20.683999824523926,-0.7201760232924505
2018-02-22,177.5963134765625,39.90131759643555,18.719999313354492,21.04649977684021,-0.42900899878356263
2018-02-23,181.8628387451172,40.512821197509766,16.489999771118164,21.291999769210815,-0.3903310863277665
2018-02-26,183.49008178710938,40.81858444213867,15.800000190734863,21.527999782562254,-0.39762669175279935
2018-02-27,180.04710388183594,40.287532806396484,18.59000015258789,21.765499782562255,-0.41741542596987985
2018-02-28,176.9315643310547,39.676021575927734,19.850000381469727,22.01849980354309,-0.3955162967634021
2018-03-01,174.570068359375,39.5794677734375,22.469999313354492,22.464999771118165,-0.4904514327288351
2018-03-02,175.2447509765625,40.134639739990234,19.59000015258789,22.77099976539612,-0.6236853402548976
2018-03-05,178.99533081054688,40.62546920776367,18.729999542236328,22.841999769210815,-0.5754826509900149
2018-03-06,178.3801727294922,41.08409881591797,18.360000610351562,21.893999814987183,-0.747255497277656
2018-03-07,182.27957153320312,41.27721405029297,17.760000228881836,21.28299984931946,-0.6007320665435538
2018-03-08,180.9202117919922,40.971466064453125,16.540000915527344,20.723499917984007,-0.5793427861470087
2018-03-09,183.78773498535156,41.72779846191406,14.640000343322754,19.782499980926513,-0.6583122612325254
2018-03-12,183.32138061523438,41.49445343017578,15.779999732971191,19.118499994277954,-0.6119318746079684
2018-03-13,180.4638214111328,41.148475646972656,16.350000381469727,18.655499982833863,-0.6571630500276661
2018-03-14,182.75582885742188,40.58523178100586,17.229999542236328,18.268499994277953,-0.36534310206061854
2018-03-15,182.4283905029297,40.7059326171875,16.59000015258789,18.134999990463257,-0.4192620707601408
2018-03-16,183.64881896972656,40.85848617553711,15.800000190734863,17.96850004196167,-0.4014004958178762
2018-03-19,171.21640014648438,40.584049224853516,19.020000457763672,17.94650011062622,-0.9722872053371686
2018-03-20,166.8406982421875,40.487186431884766,18.200000762939453,17.826500129699706,-1.173133186337936
2018-03-21,168.07106018066406,40.584049224853516,17.860000610351562,17.7185001373291,-1.1378219234839326
2018-03-22,163.60609436035156,39.074649810791016,23.34000015258789,17.949500179290773,-0.9140329546408164
2018-03-23,158.14894104003906,37.73477554321289,24.8700008392334,18.368500232696533,-0.7939876279652995
2018-03-26,158.81370544433594,38.99394226074219,21.030000686645508,18.630000257492064,-1.1417188714446191
2018-03-27,151.0347442626953,38.12221145629883,22.5,18.82550024986267,-1.2861565983425238
2018-03-28,151.83847045898438,38.28364181518555,22.8700008392334,18.976500272750854,-1.29292351949224
2018-03-29,158.54580688476562,38.65492630004883,19.969999313354492,18.851500272750854,-1.052775939988567
2018-04-02,154.1800537109375,37.85584259033203,23.6200008392334,19.05300030708313,-1.039662126153157
2018-04-03,154.89447021484375,38.41278076171875,21.100000381469727,19.1715003490448,-1.1713417246749753
2018-04-04,153.89231872558594,38.80828857421875,20.059999465942383,19.25650029182434,-1.344295952785738
2018-04-05,158.0993194580078,39.066585540771484,18.940000534057617,19.31550030708313,-1.2013955060388264
2018-04-06,155.97596740722656,38.0495491027832,21.489999771118164,19.56300024986267,-1.0040218067092326
2018-04-09,156.70028686523438,37.7912712097168,21.770000457763672,19.919500255584715,-0.8873997623225036
2018-04-10,163.7549285888672,38.453147888183594,20.469999313354492,20.15400023460388,-0.7172979126622505
2018-04-11,165.02496337890625,38.2513542175293,20.239999771118164,20.348500204086303,-0.5891237258182519
2018-04-12,162.5940399169922,38.92937088012695,18.489999771118164,20.411500215530396,-0.9231391877573888
2018-04-13,163.23898315429688,38.31592559814453,17.40999984741211,20.452500200271608,-0.7027434141082479
2018-04-16,163.54660034179688,38.461212158203125,16.559999465942383,20.49050016403198,-0.7307130194183439
2018-04-17,167.3467559814453,38.05764389038086,15.25,20.3020001411438,-0.4080539262037529
2018-04-18,165.0646514892578,37.7912712097168,15.600000381469727,20.172000122070312,-0.4471952834551836
2018-04-19,166.79112243652344,38.493507385253906,15.960000038146973,20.077000093460082,-0.5697744461422941
2018-04-20,164.9852752685547,38.77601623535156,16.8799991607666,19.75400004386902,-0.7506806051153216
2018-04-23,164.5487060546875,39.090816497802734,16.34000015258789,19.32750000953674,-0.8693384331274273
2018-04-24,158.44659423828125,39.284515380859375,18.020000457763672,19.17699999809265,-1.2493575169906637
2018-04-25,158.44659423828125,39.19574737548828,17.84000015258789,18.944000005722046,-1.2223769671971612
2018-04-26,172.80393981933594,39.066585540771484,16.239999771118164,18.612499952316284,-0.42751248753567556
2018-04-27,172.23834228515625,39.33294677734375,15.40999984741211,18.384499979019164,-0.5382381134306331
2018-04-30,170.66075134277344,38.711429595947266,15.930000305175781,17.999999952316283,-0.4323577070824492
2018-05-01,172.50628662109375,39.058509826660156,15.489999771118164,17.719499921798707,-0.4407229780739762
2018-05-02,174.69906616210938,38.93743896484375,15.970000267028809,17.51499996185303,-0.288521318564762
2018-05-03,172.66500854492188,38.558082580566406,15.899999618530273,17.36299991607666,-0.2802675467277465
2018-05-04,175.23484802246094,39.050437927246094,14.770000457763672,17.026999950408936,-0.29466930659573903
2018-05-07,176.58425903320312,39.26029968261719,14.75,16.675999927520753,-0.28743807898158574
2018-05-08,177.52684020996094,39.60739517211914,14.710000038146973,16.387999963760375,-0.34332916335541824
2018-05-09,181.2377471923828,40.00289535522461,13.420000076293945,16.046999979019166,-0.2682395844482703
2018-05-10,184.08538818359375,40.091678619384766,13.229999542236328,15.783999967575074,-0.14535752274423627
2018-05-11,185.5340118408203,40.140106201171875,12.649999618530273,15.54599995613098,-0.08383784201530103
2018-05-14,185.186767578125,40.0351676940918,12.930000305175781,15.36449999809265,-0.07021732272758106
2018-05-15,182.88482666015625,40.23696517944336,14.630000114440918,15.333500003814697,-0.2527004042479862
2018-05-16,181.77354431152344,40.40647506713867,13.420000076293945,15.224499988555909,-0.3627071991677102
2018-05-17,182.32916259765625,40.503326416015625,13.430000305175781,15.098000001907348,-0.3629032458167391
2018-05-18,181.25758361816406,40.16432189941406,13.420000076293945,14.925000047683715,-0.3162603372170539
2018-05-21,183.0535125732422,40.54368209838867,13.079999923706055,14.762000036239623,-0.3370476374731913
2018-05-22,182.3688507080078,40.75355529785156,13.220000267028809,14.52200002670288,-0.43687021788209
2018-05-23,185.44471740722656,40.503326416015625,12.579999923706055,14.259000015258788,-0.19893607760046877
2018-05-24,184.48226928710938,40.32575225830078,12.529999732971191,14.07350001335144,-0.19561564362693884
2018-05-25,183.48013305664062,40.123958587646484,13.220000267028809,13.964000034332276,-0.18702254930338333
2018-05-29,184.2937469482422,39.10694122314453,17.020000457763672,14.01850004196167,0.16491364576261408
2018-05-30,186.20870971679688,39.73652648925781,14.9399995803833,13.991000032424926,0.07433638312217457
2018-05-31,190.2867431640625,39.34103012084961,15.430000305175781,13.964000034332276,0.4091663759677503
2018-06-01,192.47952270507812,39.84146499633789,13.460000038146973,13.842000055313111,0.372464765405776
2018-06-04,191.77505493164062,40.21274948120117,12.739999771118164,13.740500020980836,0.22253975103748638
2018-06-05,191.43768310546875,40.059391021728516,12.399999618530273,13.623000001907348,0.25139682219803194
2018-06-06,189.85012817382812,40.89077377319336,11.640000343322754,13.469500017166137,-0.08484815110276384
2018-06-07,186.7147674560547,40.914981842041016,12.130000114440918,13.405000019073487,-0.25721558592032734
2018-06-08,187.62762451171875,41.09255599975586,12.180000305175781,13.352500057220459,-0.2631459262842799
2018-06-11,190.048583984375,40.68091583251953,12.350000381469727,13.337500095367432,-0.010618533819179075
2018-06-12,190.9019317626953,40.446834564208984,12.34000015258789,13.308000087738037,0.10543965369912307
2018-06-13,190.9118194580078,40.2208366394043,12.9399995803833,13.223500061035157,0.17465086222717469
2018-06-14,195.27755737304688,40.043251037597656,12.119999885559082,13.158500051498413,0.4583895415417901
2018-06-15,194.32501220703125,39.913665771484375,11.979999542236328,13.086000013351441,0.4476451925762996
2018-06-18,196.765869140625,39.96226501464844,12.3100004196167,13.030500030517578,0.56133250787616
2018-06-19,195.9522705078125,40.180938720703125,13.350000381469727,13.044000053405762,0.4520493050002657
2018-06-20,200.4271697998047,40.278133392333984,12.789999961853027,13.022500038146973,0.6580150291255706
2018-06-21,199.93106079101562,40.148536682128906,14.640000343322754,13.125500059127807,0.6712957369466492
2018-06-22,200.169189453125,39.7597770690918,13.770000457763672,13.187500095367431,0.8019894643110148
2018-06-25,194.82113647460938,39.35480499267578,17.329999923706055,13.393000078201293,0.6436181766723729
2018-06-26,197.4505157470703,39.11183166503906,15.920000076293945,13.338000059127808,0.8558490398899303
2018-06-27,194.3151397705078,38.39097595214844,17.90999984741211,13.486500072479249,0.9099388640082655
2018-06-28,194.7020721435547,38.45576858520508,16.850000381469727,13.557500076293945,0.9106091917476488
2018-06-29,192.80694580078125,38.19659423828125,16.09000015258789,13.68900008201599,0.8896460436954882
2018-07-02,195.82327270507812,38.55297088623047,15.600000381469727,13.832000112533569,0.9400722567330686
2018-07-03,191.2293243408203,38.36668014526367,16.139999389648438,14.019000101089478,0.7549214142160668
2018-07-05,196.90478515625,38.47197723388672,14.970000267028809,14.18550009727478,1.021608279097517
2018-07-06,201.6475830078125,38.73115539550781,13.369999885559082,14.247500085830689,1.1924391231125724
2018-07-09,203.1458282470703,39.62208557128906,12.6899995803833,14.273000049591065,1.0004962602154284
2018-07-10,201.95513916015625,39.18471145629883,12.640000343322754,14.287500047683716,1.0707694766730502
2018-07-11,200.9629364013672,39.03083038330078,13.630000114440918,14.352000045776368,1.0653225832812798
2018-07-12,205.308837890625,38.69065856933594,12.579999923706055,14.334000062942504,1.397434490101989
2018-07-13,205.7057342529297,38.253292083740234,12.180000305175781,14.33700008392334,1.5512577262576748
2018-07-16,205.6164093017578,38.7635498046875,12.829999923706055,14.379500102996825,1.3914666386892642
2018-07-17,208.3549346923828,38.828338623046875,12.0600004196167,14.367000102996826,1.51589908387074
2018-07-18,207.72984313964844,39.41960525512695,12.100000381469727,14.304500102996826,1.3032891551769596
2018-07-19,206.4697265625,39.273807525634766,12.869999885559082,14.30850009918213,1.2812854548381252
2018-07-20,208.30535888671875,39.435794830322266,12.859999656677246,14.219500064849854,1.3286569882780244
2018-07-23,209.2677764892578,39.96226501464844,12.619999885559082,14.162000036239624,1.2192899089016995
2018-07-24,212.9984893798828,39.63827896118164,12.40999984741211,13.916000032424927,1.5141057512736176
2018-07-25,215.8064422607422,39.23331069946289,12.289999961853027,13.73450002670288,1.7849721609655473
2018-07-26,174.8875732421875,39.37100601196289,12.140000343322754,13.446000051498412,-0.410380795044416
2018-07-27,173.52825927734375,39.403404235839844,13.029999732971191,13.255000019073487,-0.49176679675170404
2018-07-30,169.72804260253906,39.273807525634766,14.260000228881836,13.163500022888183,-0.6523765227673427
2018-07-31,171.23623657226562,39.11992263793945,12.829999923706055,13.025,-0.5262299734495107
2018-08-01,170.31349182128906,39.346702575683594,13.149999618530273,12.875500011444093,-0.6437212243207522
2018-08-02,174.9967041015625,39.69498062133789,12.1899995803833,12.736499977111816,-0.5031077057127349
2018-08-03,176.39573669433594,39.573490142822266,11.640000343322754,12.65,-0.39255226616356476
2018-08-06,184.24417114257812,39.60589599609375,11.270000457763672,12.57900004386902,0.010649967779550597
2018-08-07,182.37876892089844,39.719268798828125,10.930000305175781,12.49350004196167,-0.12198251135209891
2018-08-08,183.73812866210938,39.954158782958984,10.850000381469727,12.35450005531311,-0.12183488962512373
2018-08-09,181.66436767578125,39.75166702270508,11.270000457763672,12.289000082015992,-0.16942768426208962
2018-08-10,178.85643005371094,39.549198150634766,13.15999984741211,12.338000059127808,-0.25566609593734946
2018-08-13,178.6480712890625,39.25761413574219,14.779999732971191,12.435500049591065,-0.178006351255115
2018-08-14,179.69979858398438,39.78407287597656,13.3100004196167,12.498000049591065,-0.2826697116152009
2018-08-15,178.1321258544922,39.395301818847656,14.640000343322754,12.625000047683717,-0.2470092356585046
2018-08-16,173.33973693847656,39.92176818847656,13.449999809265137,12.654000043869019,-0.6592423449411385
2018-08-17,172.44674682617188,40.091854095458984,12.640000343322754,12.643000078201293,-0.7579358113665655
2018-08-20,171.1568603515625,40.20524215698242,12.489999771118164,12.636500072479247,-0.8602843623767611
2018-08-21,171.2759246826172,40.610206604003906,12.859999656677246,12.659000062942505,-0.9771049069683732
2018-08-22,172.28797912597656,40.51301193237305,12.25,12.657000064849854,-0.894300148431759
2018-08-23,171.55374145507812,40.278133392333984,12.40999984741211,12.670500040054321,-0.8615519731423649
2018-08-24,173.29010009765625,40.148536682128906,11.989999771118164,12.61850004196167,-0.7307797040094216
2018-08-27,176.0782470703125,40.229522705078125,12.15999984741211,12.513500022888184,-0.6086587980999079
2018-08-28,174.8875732421875,40.099945068359375,12.5,12.497000026702882,-0.6319378349408931
2018-08-29,174.53038024902344,40.067543029785156,12.25,12.452000045776368,-0.6408879659550202
2018-08-30,176.25680541992188,39.808380126953125,13.529999732971191,12.519000053405762,-0.4712575454483978
2018-08-31,174.3616943359375,40.02704620361328,12.859999656677246,12.580000019073486,-0.6374568740701217
2018-09-04,169.8272705078125,40.23764419555664,13.15999984741211,12.674499988555908,-0.940107185802407
2018-09-05,165.87826538085938,40.318626403808594,13.90999984741211,12.823499965667725,-1.1725517447250537
2018-09-06,161.2644805908203,40.116146087646484,14.649999618530273,13.013499927520751,-1.353825816952345
2018-09-07,161.77052307128906,40.0837516784668,14.880000114440918,13.193999910354615,-1.317347425579101
2018-09-10,162.901611328125,40.02704620361328,14.15999984741211,13.243999910354614,-1.240584558597543
2018-09-11,164.64793395996094,40.0837516784668,13.220000267028809,13.165999937057496,-1.1659134293737001
2018-09-12,160.7386016845703,39.41960525512695,13.140000343322754,13.157499933242798,-1.1697922904416536
2018-09-13,160.10360717773438,39.022727966308594,12.369999885559082,13.043999910354614,-1.082582456398072
2018-09-14,161.0561065673828,39.37100601196289,12.069999694824219,12.974999904632568,-1.1383109909693658
2018-09-17,159.3296661376953,39.079429626464844,13.680000305175781,13.026999902725219,-1.1405480196234936
2018-09-18,159.0518341064453,38.94984436035156,12.789999961853027,13.041999912261963,-1.1157831868130743
2018-09-19,161.7903594970703,39.50060272216797,11.75,12.986499929428101,-1.139058526779575
2018-09-20,164.72732543945312,39.913665771484375,11.800000190734863,12.963999938964843,-1.110038488713608
2018-09-21,161.66136169433594,39.74686813354492,11.680000305175781,12.927499961853027,-1.2206985206416936
2018-09-24,164.12203979492188,39.17730712890625,12.199999809265137,12.937999963760376,-0.9180816190014834
2018-09-25,163.6259307861328,39.21799087524414,12.420000076293945,12.950999975204468,-0.9565567247464714
2018-09-26,165.65005493164062,38.50198745727539,12.890000343322754,12.970499992370605,-0.6324046591303251
2018-09-27,167.5253448486328,38.103294372558594,12.40999984741211,12.97849998474121,-0.4125302654182495
2018-09-28,163.179443359375,37.89174270629883,12.119999885559082,12.907999992370605,-0.576948837594177
2018-10-01,161.17520141601562,37.753414154052734,12.0,12.865000009536743,-0.6403850011852046
2018-10-02,158.0894012451172,37.606956481933594,12.050000190734863,12.809500026702882,-0.7582712170488745
2018-10-03,161.1652374267578,38.49384689331055,11.609999656677246,12.694500017166138,-0.8659598735551702
2018-10-04,157.61312866210938,38.599613189697266,14.220000267028809,12.673000049591064,-1.0850493358787623
2018-10-05,156.10496520996094,38.22533416748047,14.819999694824219,12.670000028610229,-1.0506617470135733
2018-10-08,156.0255889892578,38.55080032348633,15.6899995803833,12.746500015258789,-1.153762861599718
2018-10-09,156.67051696777344,38.379940032958984,15.949999809265137,12.882999992370605,-1.06788917881958
2018-10-10,150.20130920410156,37.737152099609375,22.959999084472656,13.3739999294281,-1.2129824009439611
2018-10-11,152.15599060058594,36.56549835205078,24.979999542236328,14.004499912261963,-0.7539925814250324
2018-10-12,152.54293823242188,35.93897247314453,21.309999465942383,14.46649990081787,-0.543198969488948
2018-10-15,152.3246307373047,35.99592971801758,21.299999237060547,14.84749984741211,-0.572000022044928
2018-10-16,157.54367065429688,36.215614318847656,17.6200008392334,15.088999891281128,-0.36410139132558667
2018-10-17,158.17869567871094,36.41903305053711,17.399999618530273,15.371499872207641,-0.3925089487861341
2018-10-18,153.7137451171875,35.7518310546875,20.059999465942383,15.784499835968017,-0.42470047649782355
2018-10-19,152.85049438476562,35.27178192138672,19.889999389648438,16.194999790191652,-0.32422381198856315
2018-10-22,153.5748291015625,34.27098846435547,19.639999389648438,16.566999769210817,0.018082580573318387
2018-10-23,153.18785095214844,34.25471496582031,20.709999084472656,16.98149971961975,0.002662718084781553
2018-10-24,144.9028778076172,32.83897018432617,25.229999542236328,17.59849967956543,-0.0030556172573895763
2018-10-25,149.77464294433594,33.709571838378906,24.219999313354492,18.18899965286255,-0.011276237409050675
2018-10-26,144.23809814453125,33.416648864746094,24.15999984741211,18.7909996509552,-0.21362429051195186
2018-10-29,140.983642578125,34.018768310546875,24.700000762939453,19.425999689102174,-0.5679125185507263
2018-10-30,145.0814666748047,34.417449951171875,23.350000381469727,19.990999698638916,-0.47342703507630046
2018-10-31,150.6081085205078,34.873085021972656,21.229999542236328,20.47199969291687,-0.3210556123259267
2018-11-01,150.56842041015625,35.27178192138672,19.34000015258789,20.727999687194824,-0.4443260827389707
2018-11-02,149.17933654785156,35.385684967041016,19.510000228881836,20.962499713897706,-0.5520517761884509
2018-11-05,147.5223388671875,35.51587677001953,19.959999084472656,21.175999689102174,-0.6788282672427444
2018-11-06,148.77252197265625,35.71928787231445,19.90999984741211,21.373999691009523,-0.6748586208275043
2018-11-07,150.3501434326172,35.955238342285156,16.360000610351562,21.043999767303468,-0.6635465276618089
2018-11-08,146.71861267089844,36.10984802246094,16.719999313354492,20.630999755859374,-0.9016615348471549
2018-11-09,143.83131408691406,35.80066680908203,17.360000610351562,20.433499813079834,-0.9596419672243708
2018-11-12,140.44786071777344,35.35314178466797,20.450000762939453,20.39099988937378,-1.0016854674621918
2018-11-13,141.05308532714844,35.61351776123047,20.020000457763672,20.510999870300292,-1.0489732210026341
2018-11-14,143.0970458984375,34.921913146972656,21.25,20.70349988937378,-0.7311930757903201
2018-11-15,142.72994995117188,35.57283020019531,19.979999542236328,20.699499893188477,-0.9483554861693714
2018-11-16,138.44357299804688,35.51587677001953,18.139999389648438,20.611999893188475,-1.1566306560464323
2018-11-19,130.52569580078125,35.377567291259766,20.100000381469727,20.63499994277954,-1.5312987341644384
2018-11-20,131.3988494873047,34.72664260864258,22.479999542236328,20.723499965667724,-1.2875009139685292
2018-11-21,133.77024841308594,34.856815338134766,20.799999237060547,20.501999950408937,-1.2022628887860285
2018-11-23,130.70428466796875,34.799869537353516,21.520000457763672,20.367000007629393,-1.3463117858797145
2018-11-26,135.318115234375,35.51587677001953,18.899999618530273,20.1039999961853,-1.3211190024926671
2018-11-27,133.9488525390625,35.288055419921875,19.020000457763672,19.819999980926514,-1.3239362751082815
2018-11-28,135.6951446533203,35.7518310546875,18.489999771118164,19.576999950408936,-1.3729935009714156
2018-11-29,137.6001739501953,35.61351776123047,18.790000915527344,19.455000019073488,-1.2306949801068594
2018-11-30,139.51516723632812,36.077293395996094,18.06999969482422,19.391499996185303,-1.270873705953836
2018-12-03,139.99142456054688,36.0610237121582,16.440000534057617,19.238000011444093,-1.2408638865986306
2018-12-04,136.85601806640625,34.140804290771484,20.739999771118164,19.27700004577637,-0.8222356282509697
2018-12-06,138.5428009033203,33.896705627441406,21.190000534057617,19.341000080108643,-0.6592702199763686
2018-12-07,136.34999084472656,33.416648864746094,23.229999542236328,19.68450002670288,-0.6287640314537732
2018-12-10,140.74549865722656,32.74946975708008,22.639999389648438,19.98050003051758,-0.19464933655471092
2018-12-11,140.9737091064453,32.440277099609375,21.760000228881836,20.200500011444092,-0.08866153149089882
2018-12-12,143.37484741210938,32.81455993652344,21.459999084472656,20.250999927520752,-0.07605429772621058
2018-12-13,143.8809051513672,32.009029388427734,20.649999618530273,20.282499885559083,0.19541539812611472
2018-12-14,142.9382781982422,31.488306045532227,21.6299991607666,20.301499843597412,0.3040773098887264
2018-12-17,139.0984344482422,31.219802856445312,24.520000457763672,20.52849988937378,0.18360193253363125
2018-12-18,142.54141235351562,30.796701431274414,25.579999923706055,20.90049991607666,0.4934002717088001
2018-12-19,132.20254516601562,29.98305320739746,25.579999923706055,21.174499893188475,0.1965844911579228
2018-12-20,132.3612823486328,29.90169334411621,28.3799991607666,21.46949987411499,0.22966748626929048
2018-12-21,123.97709655761719,29.387039184570312,30.110000610351562,21.93499994277954,-0.05515383476333255
2018-12-24,123.0940170288086,28.821590423583984,36.06999969482422,22.66249990463257,0.07023601853019655
2018-12-26,133.13522338867188,30.23931884765625,30.40999984741211,23.23799991607666,0.16777946451709133
2018-12-27,133.4725799560547,30.16556739807129,29.959999084472656,23.78499984741211,0.20795040518728428
2018-12-28,132.16285705566406,30.370437622070312,28.34000015258789,24.277499866485595,0.07675238861821813
2018-12-31,130.0692901611328,30.608083724975586,25.420000076293945,24.608999824523927,-0.10566025903645151
2019-01-02,134.62355041503906,31.058809280395508,23.219999313354492,24.866499805450438,-0.0029716604377756
2019-01-03,130.7142333984375,30.903099060058594,25.450000762939453,25.31699981689453,-0.16138612191279833
2019-01-04,136.87586975097656,31.919281005859375,21.3799991607666,25.348999786376954,-0.14597100887812595
2019-01-07,136.97509765625,32.1159553527832,21.399999618530273,25.359499740600587,-0.20052687916192719
2019-01-08,141.4202117919922,32.40278244018555,20.469999313354492,25.221499729156495,-0.053766440712059736
2019-01-09,143.10696411132812,32.66501235961914,19.979999542236328,25.088499736785888,-0.04469844234295234
2019-01-10,143.0771942138672,32.615840911865234,19.5,24.9754997253418,-0.03131979658079521
2019-01-11,142.68031311035156,32.75516128540039,18.190000534057617,24.811999797821045,-0.09455274383034043
2019-01-14,144.25794982910156,32.951839447021484,19.06999969482422,24.732999801635742,-0.07130324425923701
2019-01-15,147.79022216796875,33.20588684082031,18.600000381469727,24.5814998626709,0.03737885206286916
2019-01-16,146.39120483398438,34.02537155151367,19.040000915527344,24.307499885559082,-0.2853273142390436
2019-01-17,147.145263671875,34.29581069946289,18.059999465942383,23.931499862670897,-0.32784078232700903
2019-01-18,148.87171936035156,34.9596061706543,17.799999237060547,23.542499828338624,-0.4387369061942068
2019-01-22,146.42095947265625,34.61540985107422,20.799999237060547,23.16349983215332,-0.4631002848573042
2019-01-23,143.17642211914062,34.648193359375,19.520000457763672,22.633999824523926,-0.6438199869003027
2019-01-24,144.69451904296875,34.730133056640625,18.889999389648438,21.774999809265136,-0.5888298523148764
2019-01-25,147.84974670410156,35.16447067260742,17.420000076293945,21.12549982070923,-0.554789302129301
2019-01-28,146.32176208496094,35.37754821777344,18.8700008392334,20.570999908447266,-0.6999686893946431
2019-01-29,143.0673065185547,35.262813568115234,19.1299991607666,20.1104998588562,-0.8363730353257595
2019-01-30,149.24876403808594,35.23823165893555,17.65999984741211,19.72249984741211,-0.5035802806102292
2019-01-31,165.39210510253906,34.93501663208008,16.56999969482422,19.389999866485596,0.43818108828681734
2019-02-01,164.41973876953125,35.2136344909668,16.139999389648438,18.924499797821046,0.3023224722798407
2019-02-04,167.93215942382812,35.54963684082031,15.729999542236328,18.641999816894533,0.38505004228585643
2019-02-05,169.8272705078125,35.40211868286133,15.569999694824219,18.350499820709228,0.529624350099733
2019-02-06,169.16250610351562,35.51685333251953,15.380000114440918,18.09599986076355,0.45976578637545024
2019-02-07,165.08450317382812,35.88562774658203,16.3700008392334,17.915499925613403,0.13305939151711182
2019-02-08,166.027099609375,35.590614318847656,15.720000267028809,17.726499938964842,0.27233460413172184
2019-02-11,164.49908447265625,35.83645248413086,15.970000267028809,17.615499925613403,0.11719619944110642
2019-02-12,163.7549285888672,36.270790100097656,15.430000305175781,17.43349995613098,-0.053982197472548225
2019-02-13,162.79251098632812,36.344547271728516,15.649999618530273,17.285999917984007,-0.12705094052030755
2019-02-14,162.67343139648438,36.0003547668457,16.219999313354492,17.144999837875368,-0.02870249845082737
2019-02-15,161.2347412109375,36.81166076660156,14.90999984741211,16.98749985694885,-0.3510107154019394
2019-02-19,161.0263214111328,37.114864349365234,14.880000114440918,16.841499900817873,-0.45413662054875115
2019-02-20,161.29421997070312,37.467254638671875,14.020000457763672,16.502499961853026,-0.5471446060476067
2019-02-21,158.79385375976562,37.22140884399414,14.460000038146973,16.24949994087219,-0.6040117983510553
2019-02-22,160.62945556640625,37.33613586425781,13.510000228881836,15.980499982833862,-0.5422773660056049
2019-02-25,163.33819580078125,37.21320343017578,14.850000381469727,15.851999998092651,-0.36235562265242016
2019-02-26,162.85202026367188,36.82804870605469,15.170000076293945,15.666999959945679,-0.270876669726619
2019-02-27,161.5423126220703,37.205020904541016,14.699999809265137,15.445499992370605,-0.45438333723161145
2019-02-28,160.19290161132812,37.09027862548828,14.779999732971191,15.30149998664856,-0.49052560949986806
2019-03-01,161.0164337158203,37.25418472290039,13.569999694824219,15.15149998664856,-0.4970026613755585
2019-03-04,166.0667724609375,37.10667419433594,14.630000114440918,15.076000022888184,-0.18637557914581881
2019-03-05,169.92648315429688,37.0493049621582,14.739999771118164,15.026500034332276,0.03419250723060751
2019-03-06,171.1667938232422,36.30357360839844,15.739999771118164,15.035000038146972,0.3261292405246257
2019-03-07,167.81309509277344,35.72992706298828,16.59000015258789,15.095500040054322,0.3239856307163641
2019-03-08,168.27943420410156,35.7627067565918,16.049999237060547,15.079499959945679,0.33856517875288183
2019-03-11,170.73019409179688,36.049537658691406,14.329999923706055,15.00999994277954,0.38036446234914106
2019-03-12,170.5813446044922,36.02494812011719,13.770000457763672,14.899999952316284,0.3800045837159121
2019-03-13,172.02008056640625,36.278987884521484,13.40999984741211,14.798999929428101,0.37850919077268275
2019-03-14,168.84498596191406,36.42649841308594,13.5,14.691499948501587,0.16657351031444367
2019-03-15,164.68760681152344,36.49401092529297,12.880000114440918,14.524499988555908,-0.07274343328457769
2019-03-18,159.22052001953125,37.02923583984375,13.100000381469727,14.434000015258789,-0.5231470331267974
2019-03-19,160.31195068359375,36.24699401855469,13.5600004196167,14.368000030517578,-0.22794848339745927
2019-03-20,164.15182495117188,35.09418487548828,13.90999984741211,14.3625,0.32452861078599293
2019-03-21,164.78684997558594,34.731895446777344,13.630000114440918,14.321000003814698,0.46806495503266604
2019-03-22,163.06036376953125,33.257972717285156,16.479999542236328,14.469499969482422,0.8251932226809805
2019-03-25,164.9951934814453,33.2332649230957,16.329999923706055,14.543499946594238,0.9345303262877819
2019-03-26,166.37437438964844,33.999046325683594,14.680000305175781,14.51899995803833,0.7743595641295216
2019-03-27,164.57847595214844,34.0155143737793,15.149999618530273,14.541499948501587,0.6748386394216083
2019-03-28,164.260986328125,34.4683952331543,14.430000305175781,14.523999977111817,0.520478956615173
2019-03-29,165.39210510253906,34.394287109375,13.710000038146973,14.530999994277954,0.6025328696653809
2019-04-01,167.38644409179688,35.34122848510742,13.399999618530273,14.469499969482422,0.41967440932906075
2019-04-02,172.84361267089844,35.332984924316406,13.359999656677246,14.400499963760376,0.7093829272819628
2019-04-03,172.18875122070312,35.4976806640625,13.739999771118164,14.300499963760377,0.6248601416739579
2019-04-04,174.64942932128906,35.942325592041016,13.579999923706055,14.149999952316284,0.6192146964083277
2019-04-05,174.35179138183594,36.065834045410156,12.819999694824219,13.988499975204467,0.5660107207970885
2019-04-08,173.56793212890625,36.131717681884766,13.180000305175781,13.930999994277954,0.504732364804412
2019-04-09,176.19728088378906,35.51414108276367,14.279999732971191,13.95649995803833,0.8308202377281344
2019-04-10,176.4354248046875,35.81880187988281,13.300000190734863,13.950999975204468,0.7507534265306627
2019-04-11,176.12783813476562,35.97525405883789,13.020000457763672,13.92699999809265,0.687012798310174
2019-04-12,177.7054901123047,36.67516326904297,12.010000228881836,13.883500003814698,0.5573087756948022
2019-04-15,178.2511749267578,36.17287063598633,12.319999694824219,13.844499969482422,0.7386964815337957
2019-04-16,177.47727966308594,36.79867935180664,12.180000305175781,13.775499963760376,0.5077563501174078
2019-04-17,177.387939453125,36.716339111328125,12.600000381469727,13.709999990463256,0.5280813691794941
2019-04-18,176.89186096191406,36.35403060913086,12.09000015258789,13.632999992370605,0.6120951596590313
2019-04-22,180.02725219726562,36.106998443603516,12.420000076293945,13.430000019073486,0.8521903662169285
2019-04-23,182.34898376464844,36.85631561279297,12.279999732971191,13.227500009536744,0.7466289031919382
2019-04-24,181.1583709716797,36.83161926269531,13.140000343322754,13.150500011444091,0.6914749850315071
2019-04-25,191.7552032470703,36.716339111328125,13.25,13.055500030517578,1.28420979679469
2019-04-26,189.99900817871094,37.07864761352539,12.729999542236328,12.970499992370605,1.0816620885433592
2019-04-29,193.2633819580078,37.54799270629883,13.109999656677246,12.940499973297118,1.1108065107996516
2019-04-30,191.8941192626953,37.45741653442383,13.119999885559082,12.92649998664856,1.0662743168058406
2019-05-01,191.52699279785156,37.01276779174805,14.800000190734863,12.99850001335144,1.182101532754043
2019-05-02,191.03089904785156,37.44095230102539,14.420000076293945,13.03250002861023,1.0258484922585607
2019-05-03,193.947998046875,37.885597229003906,12.869999885559082,12.997000026702882,1.0442238223622617
2019-05-06,192.3704071044922,37.795013427734375,15.4399995803833,13.128000020980835,0.9887299312970605
2019-05-07,188.29237365722656,37.1445198059082,19.31999969482422,13.434999990463258,0.9718228758549383
2019-05-08,188.0641632080078,36.765743255615234,19.399999618530273,13.690999984741211,1.0749395492444471
2019-05-09,187.18109130859375,36.749267578125,19.100000381469727,13.980999994277955,1.033472437461996
2019-05-10,186.87351989746094,36.85631561279297,16.040000915527344,14.132000017166138,0.9847487317728957
2019-05-13,180.12646484375,35.34947204589844,20.549999237060547,14.558999967575073,1.0876577910477527
2019-05-14,179.32275390625,35.85175323486328,18.059999465942383,14.845999956130981,0.8926940198664797
2019-05-15,184.81964111328125,35.431800842285156,16.440000534057617,15.058999967575073,1.3096295200160593
2019-05-16,185.5340118408203,35.81880187988281,15.289999961853027,15.193499946594239,1.2295989748423997
2019-05-17,183.857177734375,35.5553092956543,15.960000038146973,15.386999940872192,1.221436737810753
2019-05-20,181.2972869873047,35.654117584228516,16.309999465942383,15.581499910354614,1.0566811309706012
2019-05-21,183.3809356689453,35.93408966064453,14.949999809265137,15.714999914169312,1.081244582402828
2019-05-22,183.8770294189453,35.56354522705078,14.75,15.795499897003173,1.219978237106312
2019-05-23,179.46168518066406,34.79777145385742,16.920000076293945,15.978999900817872,1.2203577715045917
2019-05-24,179.6502227783203,35.209468841552734,15.850000381469727,16.13499994277954,1.1051470645060575
2019-05-28,182.87489318847656,34.773067474365234,17.5,16.354499959945677,1.407498638870059
2019-05-29,180.77139282226562,34.929508209228516,17.899999618530273,16.59349994659424,1.2492451344237439
2019-05-30,181.58499145507812,34.394287109375,17.299999237060547,16.718499898910522,1.4547411865654145
2019-05-31,176.08815002441406,33.71084976196289,18.709999084472656,16.932999849319458,1.3731773730041645
2019-06-03,162.8718719482422,34.064918518066406,18.860000610351562,17.232499885559083,0.5700064059905166
2019-06-04,166.19578552246094,35.23417663574219,16.969999313354492,17.308999872207643,0.3895495856552075
2019-06-05,166.8605499267578,35.13536071777344,16.09000015258789,17.147499895095827,0.4545697379360743
2019-06-06,167.01934814453125,35.12714385986328,15.930000305175781,16.9739999294281,0.46542452874913437
2019-06-07,172.000244140625,34.92128372192383,16.299999237060547,16.83399987220764,0.7901319836614908
2019-06-10,173.4587860107422,35.16830825805664,15.9399995803833,16.82899980545044,0.7918111874476463
2019-06-11,176.7132568359375,35.32475662231445,15.989999771118164,16.60099983215332,0.9155376809910457
2019-06-12,173.6770782470703,35.06949234008789,15.90999984741211,16.493499851226808,0.8333341517335084
2019-06-13,176.08815002441406,35.16007995605469,15.819999694824219,16.462499809265136,0.9326917808081997
2019-06-14,179.91810607910156,35.23417663574219,15.279999732971191,16.461999797821044,1.1117355783768672
2019-06-17,187.53826904296875,34.773067474365234,15.350000381469727,16.431499814987184,1.6529254022960798
2019-06-18,187.00250244140625,35.34122848510742,15.149999618530273,16.373499822616576,1.4520393445471862
2019-06-19,186.02020263671875,35.13536071777344,14.329999923706055,16.342499828338624,1.4629147008329904
2019-06-20,188.05426025390625,35.209468841552734,14.75,16.342499828338624,1.5474394684857156
2019-06-21,189.65171813964844,35.15309143066406,15.399999618530273,16.26649980545044,1.6486469849628727
2019-06-24,191.10035705566406,34.81317138671875,15.260000228881836,16.236999797821046,1.8282036058532911
2019-06-25,187.36959838867188,34.78000259399414,16.280000686645508,16.17599983215332,1.6419406166905333
2019-06-26,186.19882202148438,34.91265869140625,16.209999084472656,16.09149980545044,1.5400042451673983
2019-06-27,188.0244903564453,35.41840362548828,15.819999694824219,16.01749982833862,1.4823681366123698
2019-06-28,191.49725341796875,35.94902038574219,15.079999923706055,15.835999870300293,1.5038565987864363
2019-07-01,191.49725341796875,36.230899810791016,14.0600004196167,15.59599986076355,1.4181808890360599
2019-07-02,193.48167419433594,35.73344802856445,12.930000305175781,15.393999910354614,1.6738158489369945
2019-07-03,195.6645050048828,36.0982551574707,12.569999694824219,15.21799988746643,1.6778139628768525
2019-07-05,194.87075805664062,36.4796257019043,13.279999732971191,15.0854998588562,1.520124711308175
2019-07-08,194.23573303222656,36.05679702758789,13.960000038146973,14.968499898910522,1.6152207209592206
2019-07-09,197.6588897705078,36.18115997314453,14.09000015258789,14.875999927520752,1.7575770990217172
2019-07-10,201.1514434814453,35.841243743896484,13.029999732971191,14.727999925613403,2.044700856147181
2019-07-11,199.66311645507812,36.11483383178711,12.930000305175781,14.578999948501586,1.8832161345053895
2019-07-12,203.27481079101562,36.45476150512695,12.390000343322754,14.407499980926513,1.9699752549734293
2019-07-15,202.32228088378906,35.81635665893555,12.680000305175781,14.277500009536743,2.113884637876709
2019-07-16,202.25282287597656,35.79148864746094,12.859999656677246,14.152999973297119,2.117787658927726
2019-07-17,200.22869873046875,35.551063537597656,13.970000267028809,14.094000005722046,2.084336813996002
2019-07-18,199.21664428710938,35.85782241821289,13.529999732971191,14.053999996185302,1.937836160166914
2019-07-19,196.81549072265625,36.0899658203125,14.449999809265137,14.038999986648559,1.7409081843243297
2019-07-22,200.7446746826172,35.8909797668457,13.529999732971191,13.945499992370605,2.0081762071730584
2019-07-23,200.78436279296875,36.34698486328125,12.609999656677246,13.812999963760376,1.8716646799933574
2019-07-24,203.06643676757812,37.14289093017578,12.069999694824219,13.60249991416931,1.749855654223957
2019-07-25,199.1471710205078,36.769805908203125,12.739999771118164,13.428999948501588,1.6569874875902535
2019-07-26,198.19467163085938,37.25896453857422,12.15999984741211,13.245999956130982,1.4581817241117938
2019-07-29,194.41433715820312,36.93561553955078,12.829999923706055,13.133499956130981,1.3575083184241783
2019-07-30,195.50575256347656,37.283851623535156,13.9399995803833,13.127499914169311,1.3091034879586472
2019-07-31,192.71766662597656,37.11802291870117,16.1200008392334,13.286999940872192,1.212773263427575
2019-08-01,191.2293243408203,35.6920051574707,17.8700008392334,13.55199999809265,1.5678742499579752
2019-08-02,187.54823303222656,35.393524169921875,17.610000610351562,13.76850004196167,1.4648653731498364
2019-08-05,180.31497192382812,34.2659797668457,24.59000015258789,14.300000047683715,1.4269002005276334
2019-08-06,183.07333374023438,34.58102798461914,20.170000076293945,14.604000043869018,1.476311632388488
2019-08-07,183.70834350585938,34.158203125,19.489999771118164,14.927000045776367,1.638246586765944
2019-08-08,188.67933654785156,34.8546257019043,16.90999984741211,15.126000022888183,1.6881889665184882
2019-08-09,186.38734436035156,34.67222595214844,17.969999313354492,15.40499997138977,1.6230041209522355
2019-08-12,183.9266357421875,33.94263458251953,21.09000015258789,15.825499963760375,1.7152558727956788
2019-08-13,186.98265075683594,34.2576789855957,17.520000457763672,16.058500003814697,1.7803335237922824
2019-08-14,178.31072998046875,33.146724700927734,22.100000381469727,16.465000009536745,1.6616112864467212
2019-08-15,181.1682586669922,32.93114471435547,21.18000030517578,16.847500038146972,1.8775232689438666
2019-08-16,182.2696533203125,33.76853561401367,18.469999313354492,17.04850001335144,1.6809677007296908
2019-08-19,184.72039794921875,34.14990234375,16.8799991607666,17.21599998474121,1.6940325334487552
2019-08-20,182.37876892089844,33.677330017089844,17.5,17.46050000190735,1.7144317402524185
2019-08-21,182.1208038330078,33.87630844116211,15.800000190734863,17.64700002670288,1.6403770048753623
2019-08-22,180.62255859375,34.01725387573242,16.68000030517578,17.84400005340576,1.5186869189481664
2019-08-23,176.36595153808594,32.989192962646484,19.8700008392334,18.229500102996827,1.6071413047601801
2019-08-26,178.9556427001953,33.27936935424805,19.31999969482422,18.554000091552734,1.655235498251337
2019-08-27,179.88833618164062,32.748756408691406,20.309999465942383,18.872500085830687,1.8655987176723605
2019-08-28,180.34474182128906,33.155006408691406,19.350000381469727,19.034000062942503,1.7661412241229715
2019-08-29,184.12509155273438,33.83485412597656,17.8799991607666,19.034499979019166,1.7584595970012953
2019-08-30,184.2243194580078,33.950931549072266,18.979999542236328,19.102999925613403,1.7284007209606003
2019-09-03,180.9698486328125,33.27936935424805,19.65999984741211,18.856499910354614,1.761240259252862
2019-09-04,185.68287658691406,33.528099060058594,17.329999923706055,18.71449990272522,1.9336801073904613
2019-09-05,189.41358947753906,34.431800842285156,16.270000457763672,18.553499937057495,1.85534694586927
2019-09-06,186.03012084960938,34.249393463134766,15.0,18.45799994468689,1.732721584134741
2019-09-09,187.29026794433594,35.41011428833008,15.270000457763672,18.32300000190735,1.4462465658659014
2019-09-10,184.72039794921875,36.01533508300781,15.199999809265137,18.02849998474121,1.1270444537057303
2019-09-11,187.02235412597656,36.45476150512695,14.609999656677246,17.88299994468689,1.114631838212408
2019-09-12,186.01026916503906,36.49620819091797,14.220000267028809,17.488999938964845,1.0487697690106759
2019-09-13,185.7324676513672,36.85273361206055,13.739999771118164,17.116999912261964,0.925785522883568
2019-09-16,184.77000427246094,36.83613586425781,14.670000076293945,16.926999950408934,0.8801772543360078
2019-09-17,186.6155242919922,36.42988204956055,14.4399995803833,16.80499997138977,1.1007829436964662
2019-09-18,186.6750946044922,36.678611755371094,13.949999809265137,16.627499961853026,1.0283180096861295
2019-09-19,188.6595001220703,36.42988204956055,14.050000190734863,16.539999961853027,1.2083544515803648
2019-09-20,188.45111083984375,36.333961486816406,15.319999694824219,16.47199993133545,1.2265417538961274
2019-09-23,185.3653564453125,36.333961486816406,14.90999984741211,16.223999881744383,1.064142938658471
2019-09-24,179.8684844970703,35.87519073486328,17.049999237060547,16.1104998588562,0.914291335928857
2019-09-25,181.37667846679688,36.434059143066406,15.960000038146973,15.89299988746643,0.823800418739719
2019-09-26,178.7075958251953,36.05869674682617,16.06999969482422,15.728999853134155,0.7974197861390319
2019-09-27,175.72103881835938,36.13377380371094,17.219999313354492,15.69599986076355,0.6174223258585774
2019-09-30,176.69338989257812,36.00031661987305,16.239999771118164,15.558999872207641,0.7091593454658154
2019-10-01,174.44107055664062,35.17453384399414,18.559999465942383,15.503999853134156,0.841615177380717
2019-10-02,173.24050903320312,34.72412872314453,20.559999465942383,15.665499830245972,0.9153295246738711
2019-10-03,177.9832763671875,34.72412872314453,19.1200008392334,15.807999849319458,1.1649345474689283
2019-10-04,179.04493713378906,35.18288803100586,17.040000915527344,15.909999895095826,1.081370843681944
2019-10-07,178.2809295654297,35.05776596069336,17.860000610351562,16.03949990272522,1.079192393332683
2019-10-08,176.36595153808594,34.24034118652344,20.280000686645508,16.29349994659424,1.2268616441747602
2019-10-09,178.44961547851562,34.45721435546875,18.639999389648438,16.4949999332428,1.2706044665164873
2019-10-10,178.6282196044922,34.93265914916992,17.56999969482422,16.66249990463257,1.1354952997470018
2019-10-11,182.75582885742188,35.5332145690918,15.579999923706055,16.754499912261963,1.1701899019068789
2019-10-14,181.85292053222656,35.54990005493164,14.569999694824219,16.749499893188478,1.1175996733200888
2019-10-15,187.4192352294922,36.1087532043457,13.539999961853027,16.704499912261962,1.2406864506493855
2019-10-16,188.0740966796875,36.02534484863281,13.680000305175781,16.690999937057494,1.300502380410819
2019-10-17,188.9075469970703,36.07539367675781,13.789999961853027,16.677999925613403,1.3291536041701808
2019-10-18,184.4029083251953,36.30895233154297,14.25,16.62449994087219,1.0210920744609073
2019-10-21,188.282470703125,36.82608413696289,14.0,16.578999948501586,1.0680884777952524
2019-10-22,180.9202117919922,37.00959014892578,14.460000038146973,16.449499988555907,0.62484773235902
2019-10-23,184.70057678222656,37.10134506225586,14.010000228881836,16.35199999809265,0.7959144999878833
2019-10-24,184.9287872314453,36.85944747924805,13.710000038146973,16.23400001525879,0.8814483351803081
2019-10-25,186.427001953125,37.21812438964844,12.649999618530273,16.005500030517577,0.851279335505273
2019-10-28,187.92527770996094,37.52675247192383,13.109999656677246,15.849000024795533,0.8363256156329789
2019-10-29,187.83595275878906,37.68523025512695,13.199999809265137,15.58100004196167,0.7834561163889084
2019-10-30,186.7842254638672,37.251487731933594,12.329999923706055,15.169500064849853,0.8599388896097124
2019-10-31,190.15774536132812,36.80940246582031,13.220000267028809,14.874500036239624,1.1718517883809565
2019-11-01,192.11241149902344,37.49338912963867,12.300000190734863,14.6375,1.0668290496175459
2019-11-04,193.20384216308594,38.235740661621094,12.829999923706055,14.385999965667725,0.8986357870512014
2019-11-05,192.80694580078125,38.577720642089844,13.100000381469727,14.026999950408936,0.7738047574957102
2019-11-06,190.05853271484375,38.38587951660156,12.619999885559082,13.725999975204468,0.6874687910826427
2019-11-07,188.9373016357422,38.652793884277344,12.729999542236328,13.483999967575073,0.5473328497672227
2019-11-08,189.35403442382812,38.7612419128418,12.069999694824219,13.308499956130982,0.536302711755662
2019-11-11,188.1336212158203,38.59440994262695,12.6899995803833,13.214499950408936,0.5227817850646563
2019-11-12,192.95578002929688,38.652793884277344,12.680000305175781,13.171499967575073,0.7588195874440677
2019-11-13,191.6857452392578,38.29412841796875,13.0,13.137499952316285,0.8009938903384093
2019-11-14,191.6460723876953,38.25242614746094,13.050000190734863,13.100499963760376,0.8115811422927905
2019-11-15,193.5808868408203,38.31914520263672,12.050000190734863,12.99049997329712,0.8931287519661745
2019-11-18,195.86294555664062,38.16901397705078,12.460000038146973,12.913499975204468,1.0588617846737514
2019-11-19,197.7680206298828,38.31914520263672,12.859999656677246,12.833499956130982,1.1134915805148167
2019-11-20,195.97210693359375,38.12730407714844,12.779999732971191,12.771999931335449,1.0772842869046277
2019-11-21,196.3888397216797,38.11896896362305,13.130000114440918,12.742999935150147,1.1017497462879209
2019-11-22,197.2719268798828,38.32749557495117,12.34000015258789,12.727499961853027,1.0848448300332367
2019-11-25,198.23435974121094,38.66947555541992,11.869999885559082,12.66549997329712,1.0315533422595293
2019-11-26,197.4207305908203,38.51933288574219,11.539999961853027,12.582499980926514,1.0343682537723633
2019-11-27,200.4271697998047,38.794593811035156,11.75,12.553499984741212,1.108928771937899
2019-11-29,200.06996154785156,38.54436111450195,12.619999885559082,12.523499965667725,1.1661862751278367
2019-12-02,198.14505004882812,38.30247497558594,14.90999984741211,12.653999948501587,1.138400920863955
2019-12-03,197.2719268798828,37.751949310302734,15.960000038146973,12.810499954223634,1.2597789697257362
2019-12-04,197.1627960205078,38.194034576416016,14.800000190734863,12.89549994468689,1.119666170534511
2019-12-05,197.80767822265625,38.410892486572266,14.520000457763672,12.99049997329712,1.087692617358429
2019-12-06,199.48455810546875,38.8363037109375,13.619999885559082,13.034999990463257,1.0466429783374003
2019-12-09,199.7722930908203,38.81962203979492,15.859999656677246,13.224499988555909,1.0668563594566554
2019-12-10,199.30593872070312,38.861324310302734,15.680000305175781,13.374000024795532,1.029637622694402
2019-12-11,200.6851348876953,38.702850341796875,14.989999771118164,13.48949999809265,1.1503900292210518
2019-12-12,195.21803283691406,39.820556640625,13.9399995803833,13.536499977111816,0.5229435949525832
2019-12-13,192.59857177734375,39.411842346191406,12.630000114440918,13.51549997329712,0.5093116019053643
2019-12-16,196.37892150878906,39.67875289916992,12.140000343322754,13.519999980926514,0.6271399676756892
2019-12-17,196.84527587890625,40.054107666015625,12.289999961853027,13.511499977111816,0.5375964986633903
2019-12-18,200.9232635498047,39.88728713989258,12.579999923706055,13.497499990463258,0.8029193106447403
2019-12-19,204.45553588867188,39.81221389770508,12.5,13.483500003814697,1.0116358244371513
2019-12-20,204.6936798095703,39.907127380371094,12.510000228881836,13.452500009536744,0.9953205624380448
2019-12-23,204.5745849609375,39.68033218383789,12.609999656677246,13.465999984741211,1.0579859315885398
2019-12-24,203.52285766601562,39.78113555908203,12.670000076293945,13.505999994277953,0.9719964022109815
2019-12-26,206.17205810546875,39.814735412597656,12.649999618530273,13.561499977111817,1.1012075190006827
2019-12-27,206.47967529296875,39.60474395751953,13.430000305175781,13.645499992370606,1.1812227235087234
2019-12-30,202.81838989257812,39.62153244018555,14.819999694824219,13.755499982833863,0.9834317717796037
2019-12-31,203.65185546875,39.72233200073242,13.779999732971191,13.698999977111816,0.9966583910042434
