Date,META,AMAT,VIX,AvgVIX,zscore
2020-01-30,207.89852905273438,56.85920715332031,15.489999771118164,13.696000051498412,0.1079258949977172
2020-01-31,200.33786010742188,54.726402282714844,18.84000015258789,14.014500045776368,0.08176925405781107
2020-02-03,202.60011291503906,56.35903549194336,17.969999313354492,14.211999988555908,0.07280472283664706
2020-02-04,208.19618225097656,59.46387481689453,16.049999237060547,14.32199993133545,0.06639529717801568
2020-02-05,208.4739990234375,60.209415435791016,15.149999618530273,14.389999914169312,0.05609169685943051
2020-02-06,209.208251953125,59.63374710083008,14.960000038146973,14.465499925613404,0.0718488627756005
2020-02-07,210.67674255371094,58.237030029296875,15.470000267028809,14.611999940872192,0.10750615123488276
2020-02-10,211.4010467529297,59.37893295288086,15.039999961853027,14.735999917984008,0.09418148486373652
2020-02-11,205.5767364501953,60.82283020019531,15.180000305175781,14.878999948501587,0.021911858924403085
2020-02-12,209.11892700195312,61.69104766845703,13.739999771118164,14.946499919891357,0.036378259857064575
2020-02-13,211.48040771484375,63.57851028442383,14.149999618530273,15.032999897003174,0.02392700804031115
2020-02-14,212.51231384277344,63.08775329589844,13.680000305175781,15.100999927520752,0.04069795704932713
2020-02-18,216.10411071777344,61.6866455078125,14.829999923706055,15.237499904632568,0.09388826788402695
2020-02-19,215.7965545654297,63.816734313964844,14.380000114440918,15.313999891281128,0.055394278512553886
2020-02-20,212.9092254638672,62.86054611206055,15.5600004196167,15.446499919891357,0.047797802878948054
2020-02-21,208.54345703125,60.844093322753906,17.079999923706055,15.651499938964843,0.04594670861224809
2020-02-24,199.15713500976562,57.82413101196289,25.030000686645508,16.174999952316284,0.019757686569722797
2020-02-25,195.23788452148438,55.722469329833984,27.850000381469727,16.655999994277956,0.02301678108987755
2020-02-26,195.66452026367188,56.62184143066406,27.559999465942383,17.219999933242796,0.011339504395592477
2020-02-27,188.2725372314453,53.96162414550781,39.15999984741211,18.35849995613098,-0.004525114595998292
2020-02-28,190.97137451171875,55.02192687988281,40.11000061035156,19.589499998092652,-0.00023641661508835008
2020-03-02,194.91043090820312,56.95317840576172,33.41999816894531,20.318499898910524,-0.0004553968205670933
2020-03-03,184.44259643554688,54.9461784362793,36.81999969482422,21.26099991798401,-0.05264034005085698
2020-03-04,190.2668914794922,57.29398727416992,31.989999771118164,22.05799994468689,-0.04439123190620894
2020-03-05,183.72817993164062,55.978084564208984,39.619998931884766,23.281499910354615,-0.07593766744480854
2020-03-06,179.6799774169922,54.709510803222656,41.939998626708984,24.630499839782715,-0.08780500710022998
2020-03-09,168.1802215576172,49.29441833496094,54.459999084472656,26.57999978065491,-0.09093158860893207
2020-03-10,176.80255126953125,53.17586898803711,47.29999923706055,28.192999744415282,-0.08557014204448038
2020-03-11,168.91444396972656,49.69203186035156,53.900001525878906,30.12899980545044,-0.09160787945401205
2020-03-12,153.26724243164062,42.70541763305664,75.47000122070312,33.21549987792969,-0.10230275562378255
2020-03-13,168.9541473388672,48.17731857299805,57.83000183105469,35.39949998855591,-0.065706509237845
2020-03-16,144.87310791015625,38.36955261230469,82.69000244140625,38.850000095367434,-0.09811538778532855
2020-03-17,148.25657653808594,42.46875,75.91000366210938,41.9040002822876,-0.13950698836629533
2020-03-18,145.8157196044922,37.09151077270508,76.44999694824219,45.007500123977664,-0.06878589020394403
2020-03-19,151.93768310546875,38.04768371582031,72.0,47.829500102996825,-0.0345923721512974
2020-03-20,148.56411743164062,35.9649543762207,66.04000091552734,50.27750015258789,-0.027166043461451385
2020-03-23,146.9468536376953,38.02873229980469,61.59000015258789,52.10550012588501,-0.07530949091121941
2020-03-24,159.72654724121094,42.73381423950195,61.66999816894531,53.796500015258786,-0.04967057245741494
2020-03-25,154.99368286132812,42.34566879272461,63.95000076293945,55.61600008010864,-0.08203298154199104
2020-03-26,162.06817626953125,46.5774040222168,61.0,56.708000087738036,-0.09531293874972083
2020-03-27,155.56918334960938,42.64862060546875,65.54000091552734,57.97950010299682,-0.08241606459070208
2020-03-30,164.6578369140625,44.77867889404297,57.08000183105469,59.16250028610229,-0.043649194317371354
2020-03-31,165.50123596191406,43.377567291259766,53.540000915527344,59.99850034713745,-0.013057523126909014
2020-04-01,158.3572998046875,40.991905212402344,57.060001373291016,61.252000427246095,-0.03151825535941052
2020-04-02,156.95828247070312,40.935096740722656,50.90999984741211,61.81650047302246,-0.0420625042580792
2020-04-03,152.97947692871094,40.02627182006836,46.79999923706055,62.059500503540036,-0.05943334304714943
2020-04-06,164.26097106933594,43.689979553222656,45.2400016784668,61.598500633239745,-0.028530472233761355
2020-04-07,167.5154266357422,45.02482223510742,46.70000076293945,61.568500709533694,-0.024308623604717364
2020-04-08,172.92298889160156,48.7169303894043,43.349998474121094,61.041000556945804,-0.04218368585193694
2020-04-09,173.82591247558594,46.94661331176758,41.66999816894531,59.35100040435791,-0.004868789407973938
2020-04-13,173.42901611328125,47.221153259277344,41.16999816894531,58.51800022125244,-0.01276769146828969
2020-04-14,176.78269958496094,49.67310333251953,37.7599983215332,56.27150001525879,-0.026591543912676978
2020-04-15,175.592041015625,47.685035705566406,40.84000015258789,54.51799983978272,-0.002814558221288578
2020-04-16,174.87765502929688,49.44589614868164,40.11000061035156,52.70100002288818,-0.03841953519137061
2020-04-17,177.84439086914062,50.36418151855469,38.150001525878906,51.00850009918213,-0.02953017388863031
2020-04-20,176.85215759277344,47.93117904663086,43.83000183105469,49.898000144958495,0.0033907878637700235
2020-04-21,169.47007751464844,45.7537841796875,45.40999984741211,49.089000129699706,-0.020544534000977454
2020-04-22,180.86070251464844,49.3322868347168,41.97999954223633,48.104500198364256,0.012694295526250163
2020-04-23,183.6885223388672,48.18678283691406,41.380001068115234,46.976000213623045,0.05528710715506465
2020-04-24,188.59005737304688,48.98200988769531,35.93000030517578,45.722500228881835,0.08216311336261714
2020-04-27,186.0400390625,48.309852600097656,33.290000915527344,44.11000022888184,0.07254450621252748
2020-04-28,181.4857940673828,47.73236083984375,33.56999969482422,42.93450012207031,0.04484777962764729
2020-04-29,192.67794799804688,51.44340896606445,31.229999542236328,41.81900005340576,0.0742167399564729
2020-04-30,203.1160430908203,47.03181457519531,34.150001525878906,40.673500061035156,0.2345307749869022
2020-05-01,200.69503784179688,44.39053726196289,37.189998626708984,39.9875,0.259220237483518
2020-05-04,203.66177368164062,45.04375076293945,35.970001220703125,39.44600009918213,0.27258515798332345
2020-05-05,205.4576873779297,46.246070861816406,33.61000061035156,38.86450004577637,0.2670516987046941
2020-05-06,206.84677124023438,47.808101654052734,34.119998931884766,38.235499954223634,0.2520996089548382
2020-05-07,209.6150360107422,48.518131256103516,31.440000534057617,37.64000005722046,0.262873299443142
2020-05-08,210.69656372070312,50.94166946411133,27.979999542236328,36.95550012588501,0.23084635895987757
2020-05-11,211.52011108398438,51.131004333496094,27.56999969482422,36.275500202178954,0.2344211868361538
2020-05-12,208.46408081054688,49.540557861328125,33.040000915527344,36.03950033187866,0.23614658748370534
2020-05-13,203.50302124023438,48.745338439941406,35.279998779296875,35.76150026321411,0.20878101189741366
2020-05-14,205.19967651367188,51.52861785888672,32.61000061035156,35.38650026321411,0.1757379714603104
2020-05-15,209.23802185058594,49.26601028442383,31.889999389648438,35.07350015640259,0.24714586862431942
2020-05-18,211.530029296875,51.46236038208008,29.299999237060547,34.34700002670288,0.2289080166193726
2020-05-19,215.1912841796875,52.51318359375,30.530000686645508,33.60300006866455,0.24127024968775293
2020-05-20,228.17935180664062,54.06243896484375,27.989999771118164,32.90350008010864,0.32190652060607106
2020-05-21,229.58831787109375,52.2945671081543,29.530000686645508,32.31100006103516,0.3633410659815475
2020-05-22,233.0808868408203,51.69578552246094,28.15999984741211,31.92250003814697,0.4021687400701027
2020-05-26,230.3920135498047,52.40862274169922,28.010000228881836,31.658500003814698,0.36802370233448267
2020-05-27,227.3558349609375,53.6062126159668,27.6200008392334,31.361000061035156,0.3228382257517019
2020-05-28,223.70448303222656,51.9619026184082,28.59000015258789,31.229000091552734,0.3205780426464296
2020-05-29,223.3373565673828,53.39710998535156,27.510000228881836,30.89700002670288,0.29332683936201515
2020-06-01,230.104248046875,52.93138122558594,28.229999542236328,30.449000072479247,0.35683112680328877
2020-06-02,230.90797424316406,53.026424407958984,26.84000015258789,29.992500019073486,0.36183502646400756
2020-06-03,228.36788940429688,54.94636917114258,25.65999984741211,29.594999980926513,0.3085322076089019
2020-06-04,224.5280303955078,55.25052261352539,25.809999465942383,29.179500007629393,0.27182353770234624
2020-06-05,228.97315979003906,57.20847702026367,24.520000457763672,28.8335000038147,0.2753148831808044
2020-06-08,229.59820556640625,56.93284225463867,25.809999465942383,28.725,0.2851082293038484
2020-06-09,236.8115997314453,56.828285217285156,27.56999969482422,28.725,0.34618574533483687
2020-06-10,234.88673400878906,56.89481735229492,27.56999969482422,28.451499938964844,0.32923518479225355
2020-06-11,222.68247985839844,52.66524887084961,40.790000915527344,28.727000045776368,0.30029909477392897
2020-06-12,226.80018615722656,53.748783111572266,36.09000015258789,28.901000022888184,0.31586219649728925
2020-06-15,230.68968200683594,54.22401428222656,34.400001525878906,29.026500129699706,0.3398196234078756
2020-06-16,233.8151397705078,55.640220642089844,33.66999816894531,29.245000076293945,0.34160701680314504
2020-06-17,233.696044921875,57.02788543701172,33.470001220703125,29.392000102996825,0.3171979779146223
2020-06-18,234.1029052734375,57.38905715942383,32.939998626708984,29.639500045776366,0.3144452473710462
2020-06-19,236.93067932128906,57.93082809448242,35.119998931884766,29.91899995803833,0.328549186728222
2020-06-22,237.3573455810547,58.234981536865234,31.770000457763672,30.09949998855591,0.326922025373863
2020-06-23,240.3538360595703,57.8262825012207,31.3700008392334,30.267500019073488,0.35846127826630864
2020-06-24,232.19784545898438,56.999366760253906,33.84000015258789,30.57849998474121,0.30536054980520383
2020-06-25,233.8448944091797,57.00887680053711,32.220001220703125,30.760000038146973,0.31874284095046135
2020-06-26,214.39752197265625,55.48812484741211,34.72999954223633,31.121000003814697,0.18451366844386327
2020-06-29,218.92202758789062,56.13444900512695,31.780000686645508,31.298500061035156,0.2108036744769779
2020-06-30,225.30194091796875,57.45560073852539,30.43000030517578,31.47800006866455,0.240955765291262
2020-07-01,235.70037841796875,56.72373580932617,28.6200008392334,31.626000118255615,0.33881397293493365
2020-07-02,231.60250854492188,57.97834777832031,27.68000030517578,31.719500160217287,0.283935959143792
2020-07-06,238.4091033935547,60.316497802734375,27.940000534057617,31.890500164031984,0.30042511100758723
2020-07-07,238.9845733642578,59.09990310668945,29.43000030517578,32.07150020599365,0.32569829192377797
2020-07-08,241.68341064453125,59.66067886352539,28.079999923706055,32.097000217437746,0.33842116501279856
2020-07-09,242.59622192382812,60.34501266479492,29.260000228881836,32.18150024414062,0.3343722434130631
2020-07-10,243.1617889404297,59.489593505859375,27.290000915527344,31.506500244140625,0.353465792653625
2020-07-13,237.13906860351562,58.46307373046875,32.189998626708984,31.31150016784668,0.3212760602993765
2020-07-14,237.8633575439453,59.44207000732422,29.520000457763672,31.067500114440918,0.3107018369937788
2020-07-15,238.4091033935547,59.023860931396484,27.760000228881836,30.772000217437743,0.32225041016915545
2020-07-16,239.0540313720703,59.251976013183594,28.0,30.49850015640259,0.32370176231114745
2020-07-17,240.1454620361328,59.21394729614258,25.68000030517578,30.13550024032593,0.33331814126813036
2020-07-20,243.5090789794922,60.573116302490234,24.459999084472656,29.602500247955323,0.338026835902226
2020-07-21,239.86764526367188,60.64916229248047,24.84000015258789,29.256000232696532,0.30680115820702425
2020-07-22,238.00228881835938,61.03886032104492,24.31999969482422,28.903500175476076,0.2848834752551931
2020-07-23,230.78887939453125,60.47806930541992,26.079999923706055,28.515500164031984,0.23503978555516744
2020-07-24,228.91363525390625,57.61716842651367,25.84000015258789,28.19650011062622,0.26792496468613886
2020-07-27,231.68186950683594,59.88877868652344,24.739999771118164,27.697000122070314,0.25233217117338963
2020-07-28,228.32818603515625,59.21394729614258,25.440000534057617,27.380000114440918,0.2361505767988907
2020-07-29,231.4735107421875,60.11690139770508,24.100000381469727,27.063500118255615,0.24676724334626757
2020-07-30,232.6741180419922,61.22893524169922,24.760000228881836,26.870500087738037,0.23786329892935343
2020-07-31,251.69482421875,61.143402099609375,24.459999084472656,26.70950002670288,0.39570524491461284
2020-08-03,249.99813842773438,61.78971862792969,24.280000686645508,26.526500034332276,0.3708416268194325
2020-08-04,247.8847198486328,61.63763427734375,23.760000228881836,26.243000030517578,0.35603188168948274
2020-08-05,247.18023681640625,61.656654357910156,22.989999771118164,25.988500022888182,0.34991812801463285
2020-08-06,263.2144470214844,60.45907211303711,22.649999618530273,25.657999992370605,0.5019798045498408
2020-08-07,266.3497619628906,60.42104721069336,22.209999084472656,25.403999900817873,0.5284019597395234
2020-08-10,260.95220947265625,62.008338928222656,22.1299991607666,24.90099992752075,0.4572202317370953
2020-08-11,254.13568115234375,61.26695251464844,24.030000686645508,24.626499938964844,0.4136891284619282
2020-08-12,257.8663635253906,63.205909729003906,22.280000686645508,24.352499961853027,0.4116266872900456
2020-08-13,259.265380859375,61.84674072265625,22.1299991607666,24.058999919891356,0.4460787580598356
2020-08-14,259.2058410644531,64.27043151855469,22.049999237060547,23.877499866485596,0.4046668124624223
2020-08-17,259.12652587890625,63.624114990234375,21.350000381469727,23.72199993133545,0.4149272606415146
2020-08-18,260.2973327636719,63.139373779296875,21.510000228881836,23.555499935150145,0.43273874893597436
2020-08-19,260.54541015625,62.81513214111328,22.540000915527344,23.466499996185302,0.4402531662857107
2020-08-20,266.9154052734375,60.831607818603516,22.719999313354492,23.298499965667723,0.5261209243225763
2020-08-21,264.93096923828125,59.38209915161133,22.540000915527344,23.133500003814696,0.5342778702302653
2020-08-24,269.2768249511719,60.783931732177734,22.3700008392334,23.01500005722046,0.5463426785993885
2020-08-25,278.6333923339844,61.07954788208008,22.030000686645508,22.844500064849854,0.6182857851222281
2020-08-26,301.54364013671875,60.80298614501953,23.270000457763672,22.803000068664552,0.8113348798619768
2020-08-27,290.9368896484375,59.15322494506836,24.469999313354492,22.788500022888183,0.7519759645781654
2020-08-28,291.3734130859375,60.14500045776367,22.959999084472656,22.713500022888184,0.7388198203665158
2020-08-31,290.9170837402344,58.74317169189453,26.40999984741211,22.819999980926514,0.7587365822741017
2020-09-01,293.13958740234375,59.01973342895508,26.1200008392334,22.938000011444093,0.7723415631476988
2020-09-02,300.14459228515625,62.06178283691406,26.56999969482422,23.117000007629393,0.7785772767935324
2020-09-03,288.8532409667969,58.60966873168945,33.599998474121094,23.664499950408935,0.7440207400517774
2020-09-04,280.5285339355469,58.132850646972656,30.75,24.091499996185302,0.6836215784599519
2020-09-08,269.0486145019531,53.050048828125,31.459999084472656,24.557999992370604,0.6750475991476957
2020-09-09,271.5887451171875,52.639991760253906,28.809999465942383,24.79699993133545,0.7028573620351057
2020-09-10,266.0025329589844,52.56369400024414,29.709999084472656,25.168499851226805,0.6582129626968725
2020-09-11,264.5340576171875,52.44926452636719,26.8700008392334,25.405499935150146,0.6480704868992663
2020-09-14,264.0776672363281,53.84154510498047,25.850000381469727,25.595499992370605,0.6208101007535082
2020-09-15,270.29888916015625,54.5472297668457,25.59000015258789,25.807499980926515,0.6600490964782733
2020-09-16,261.4681091308594,53.8510856628418,26.040000915527344,26.03400001525879,0.5991919205939336
2020-09-17,252.83590698242188,53.727115631103516,26.459999084472656,26.229999923706053,0.53030677938581
2020-09-18,250.56369018554688,53.54593276977539,25.829999923706055,26.385499954223633,0.5146826244115992
2020-09-21,246.2178192138672,54.66167068481445,27.780000686645508,26.64749994277954,0.46011021578249717
2020-09-22,252.76641845703125,55.205223083496094,26.860000610351562,26.87199993133545,0.5047785654518491
2020-09-23,247.08103942871094,54.59491729736328,28.579999923706055,27.199499893188477,0.4683351307073169
2020-09-24,247.5870819091797,55.10987091064453,28.510000228881836,27.461499881744384,0.4638014221232532
2020-09-25,252.83590698242188,55.52946472167969,26.3799991607666,27.55699987411499,0.49987533419989966
2020-09-28,254.8203125,56.6070671081543,26.190000534057617,27.71849994659424,0.4979975233299826
2020-09-29,259.7516174316406,56.883609771728516,26.270000457763672,27.711499977111817,0.533875947562251
2020-09-30,259.86077880859375,56.69287109375,26.3700008392334,27.723999977111816,0.53799402065168
2020-10-01,264.5539245605469,57.83722686767578,26.700000762939453,27.73050003051758,0.5572617434444483
2020-10-02,257.9159851074219,55.51039505004883,27.6299991607666,27.432000064849852,0.5419682604840059
2020-10-05,262.58935546875,57.789546966552734,27.959999084472656,27.292500019073486,0.5419131148777103
2020-10-06,256.64599609375,57.59883499145508,29.479999542236328,27.19350004196167,0.49626387879570094
2020-10-07,256.1101379394531,58.285430908203125,28.059999465942383,27.15600004196167,0.48026507694996434
2020-10-08,261.7062683105469,59.69680404663086,26.360000610351562,26.988500118255615,0.5024491841583597
2020-10-09,262.39093017578125,60.354801177978516,25.0,26.895000076293947,0.4969689806152289
2020-10-12,273.6028747558594,61.680320739746094,25.06999969482422,26.85600004196167,0.566778705687399
2020-10-13,273.9898986816406,61.68986511230469,26.06999969482422,26.880000019073485,0.5697998600538849
2020-10-14,269.7035217285156,61.01280212402344,26.399999618530273,26.897999954223632,0.5459868715585537
2020-10-15,264.6432189941406,60.56460189819336,26.969999313354492,26.923499965667723,0.5119460845763274
2020-10-16,263.8594055175781,60.07823944091797,27.40999984741211,27.002499961853026,0.5137130785214653
2020-10-19,259.3645935058594,59.172306060791016,29.18000030517578,27.07249994277954,0.492050554281208
2020-10-20,265.4767150878906,59.37255859375,29.350000381469727,27.196999931335448,0.538926351924047
2020-10-21,276.5597229003906,59.22951889038086,28.649999618530273,27.20049991607666,0.6324715240650994
2020-10-22,275.9544372558594,58.83853530883789,28.110000610351562,27.180499935150145,0.6340960555015275
2020-10-23,282.57257080078125,58.123321533203125,27.549999237060547,27.238999938964845,0.7005895663953067
2020-10-26,274.9522705078125,56.750099182128906,32.459999084472656,27.552499866485597,0.661117569617245
2020-10-27,281.0841979980469,56.10164260864258,33.349998474121094,27.906499767303465,0.7224861005099354
2020-10-28,265.5858154296875,54.66167068481445,40.279998779296875,28.60199966430664,0.6193635852379613
2020-10-29,278.64337158203125,56.74057388305664,37.59000015258789,29.146499633789062,0.6916284803517492
2020-10-30,261.06134033203125,56.48308563232422,38.02000045776367,29.665999698638917,0.5514077246589714
2020-11-02,259.32489013671875,57.53207778930664,37.130001068115234,30.124499797821045,0.5194182381093012
2020-11-03,263.2342224121094,58.96250915527344,35.54999923706055,30.427999782562257,0.5274108609042585
2020-11-04,285.1423645019531,61.851985931396484,29.56999969482422,30.50349979400635,0.658763721743626
2020-11-05,292.385498046875,66.7059326171875,27.579999923706055,30.56449975967407,0.636364788697768
2020-11-06,291.12542724609375,67.25902557373047,24.860000610351562,30.55749979019165,0.6166652547714093
2020-11-09,276.5993957519531,67.99331665039062,25.75,30.59149980545044,0.48482693726827286
2020-11-10,270.3087158203125,66.17189025878906,24.799999237060547,30.527999782562254,0.46385536735776717
2020-11-11,274.32720947265625,67.85981750488281,23.450000762939453,30.380499839782715,0.46839792593915397
2020-11-12,272.9381408691406,66.5628890991211,25.350000381469727,30.299499893188475,0.47887406668869104
2020-11-13,274.7936096191406,69.43328094482422,23.100000381469727,30.083999919891358,0.4456660358331509
2020-11-16,276.78790283203125,71.02584838867188,22.450000762939453,29.74749994277954,0.4351746899055052
2020-11-17,272.8587646484375,70.92094421386719,22.709999084472656,29.415499877929687,0.4046385830463405
2020-11-18,269.8523254394531,72.41299438476562,23.84000015258789,29.174999904632568,0.35472587562682806
2020-11-19,270.8147888183594,73.88591766357422,23.110000610351562,28.924999904632568,0.3377704185860957
2020-11-20,267.60003662109375,73.37901306152344,23.700000762939453,28.732499980926512,0.3198958565370271
2020-11-23,266.3399658203125,76.99440002441406,22.65999984741211,28.242500019073486,0.24849155981828458
2020-11-24,274.7637634277344,79.33771514892578,21.639999389648438,27.657000064849854,0.27819095386267517
2020-11-25,273.4441223144531,77.60652923583984,21.25,26.70550012588501,0.2965701064798112
2020-11-27,275.6468505859375,79.06035614013672,20.84000015258789,25.86800012588501,0.2901351582013844
2020-11-30,274.81341552734375,78.88818359375,20.56999969482422,24.995500087738037,0.2861892545256206
2020-12-01,284.31878662109375,80.6002197265625,20.770000457763672,24.17750005722046,0.3354406064529566
2020-12-02,285.28125,81.5758285522461,21.170000076293945,23.458500099182128,0.3268819675422771
2020-12-03,279.6554260253906,82.35054779052734,21.280000686645508,23.044000148773193,0.267543013660327
2020-12-04,277.5221862792969,84.97119903564453,20.790000915527344,22.704500198364258,0.2057545240617793
2020-12-07,283.3563232421875,85.25814819335938,21.299999237060547,22.526500129699706,0.24888077901586786
2020-12-08,281.1933288574219,85.84160614013672,20.68000030517578,22.273000144958495,0.22124426264164537
2020-12-09,275.7559814453125,83.99565124511719,22.270000457763672,22.146500205993654,0.20770336746709375
2020-12-10,274.96221923828125,84.06259155273438,22.520000457763672,22.100000190734864,0.20004641506472415
2020-12-11,271.4200744628906,84.45475006103516,23.309999465942383,21.998000144958496,0.1642997947519536
2020-12-14,272.0550537109375,84.6460189819336,24.719999313354492,22.079000091552736,0.1662914659489266
2020-12-15,273.4044494628906,84.6173324584961,22.889999389648438,22.101000022888183,0.1778712264956571
2020-12-16,273.5235595703125,84.69385528564453,22.5,22.09050006866455,0.1775585733083064
2020-12-17,272.3428039550781,83.6895751953125,21.93000030517578,21.995000076293945,0.18480639898269005
2020-12-18,274.2478332519531,82.34097290039062,21.56999969482422,21.91800003051758,0.2232407418802697
2020-12-21,270.666015625,82.64704132080078,25.15999984741211,21.99099998474121,0.18862148440133283
2020-12-22,265.01031494140625,81.91057586669922,24.229999542236328,22.069499969482422,0.15455220053012136
2020-12-23,266.0224304199219,80.37067413330078,23.309999465942383,22.15299997329712,0.18887452022104248
2020-12-24,265.3179016113281,81.61406707763672,21.530000686645508,22.167000007629394,0.16208768257864312
2020-12-28,274.8431701660156,81.17411804199219,21.700000762939453,22.210000038146973,0.24783745524744605
2020-12-29,274.6248779296875,80.6002197265625,23.079999923706055,22.335500049591065,0.2557324319419018
2020-12-30,269.7530822753906,83.19222259521484,22.770000457763672,22.435500049591063,0.1719098719367798
2020-12-31,271.0330810546875,82.5418472290039,22.75,22.514500045776366,0.19341581136769753
2021-01-04,266.8459167480469,83.0870132446289,26.969999313354492,22.798999977111816,0.14978208901570353
2021-01-05,268.8601379394531,85.69812774658203,25.34000015258789,23.026499938964843,0.12225712283794189
2021-01-06,261.2597351074219,86.87454986572266,25.06999969482422,23.214999961853028,0.039899710794330495
2021-01-07,266.64752197265625,90.44213104248047,22.3700008392334,23.299499988555908,0.02396459915551509
2021-01-08,265.4866027832031,91.3985824584961,21.559999465942383,23.263999938964844,-0.001730095275644819
2021-01-11,254.8401336669922,93.69405364990234,24.079999923706055,23.34199991226196,-0.1280281771747789
2021-01-12,249.13491821289062,95.65478515625,23.329999923706055,23.342999935150146,-0.20804494244327576
2021-01-13,249.68063354492188,93.78016662597656,22.209999084472656,23.217499923706054,-0.1719061317578828
2021-01-14,243.72732543945312,101.1926498413086,23.25,23.235499954223634,-0.3460119788559925
2021-01-15,249.40281677246094,98.64849090576172,24.34000015258789,23.32749996185303,-0.2563888427252663
2021-01-19,259.06695556640625,104.4637451171875,23.239999771118164,23.392999935150147,-0.27511208482850236
2021-01-20,265.3973083496094,103.1438217163086,21.579999923706055,23.39349994659424,-0.20077473859035103
2021-01-21,270.74530029296875,103.26815032958984,21.31999969482422,23.201499938964844,-0.1589000736884528
2021-01-22,272.36260986328125,101.6995620727539,21.90999984741211,23.085499954223632,-0.11911719239185786
2021-01-25,275.8453063964844,103.41161346435547,23.190000534057617,23.079500007629395,-0.1193875460696739
2021-01-26,279.85382080078125,100.93441009521484,23.020000457763672,23.153999996185302,-0.044601628952107314
2021-01-27,270.0210266113281,94.28707122802734,37.209999084472656,23.929499912261964,-0.013215969473044608
2021-01-28,262.93658447265625,96.7451400756836,30.209999084472656,24.285999870300294,-0.11297063220185694
2021-01-29,256.31854248046875,92.46980285644531,33.09000015258789,24.801999855041505,-0.09520131263906972
2021-02-01,259.9698791503906,96.80255889892578,30.239999771118164,25.176499843597412,-0.13833384785432523
2021-02-02,265.0003662109375,99.07891082763672,25.559999465942383,25.105999851226805,-0.13540532512218054
2021-02-03,264.57373046875,95.52088165283203,22.90999984741211,24.984499835968016,-0.07883842219631636
2021-02-04,264.4150390625,98.744140625,21.770000457763672,24.81949987411499,-0.13456580980742128
2021-02-05,266.012451171875,96.32430267333984,20.8700008392334,24.74449987411499,-0.08057376013971927
2021-02-08,264.5043029785156,101.5656509399414,21.239999771118164,24.72849988937378,-0.18147113020555183
2021-02-09,267.3519592285156,100.79093933105469,21.6299991607666,24.605999851226805,-0.14497579220707882
2021-02-10,269.7530822753906,101.26915740966797,21.989999771118164,24.538999843597413,-0.13330694416816485
2021-02-11,268.2846374511719,108.07911682128906,21.25,24.49099988937378,-0.26036279132751133
2021-02-12,268.393798828125,111.61796569824219,19.969999313354492,24.326999855041503,-0.319216281204096
2021-02-16,271.8367919921875,113.19612884521484,21.459999084472656,24.18299980163574,-0.3175524834356844
2021-02-17,271.43988037109375,110.67108917236328,21.5,24.095999813079835,-0.2781825028618841
2021-02-18,267.2924499511719,108.4903793334961,22.489999771118164,24.14149980545044,-0.275464943418009
2021-02-19,259.52337646484375,114.25778198242188,22.049999237060547,24.177999782562257,-0.43672485074835504
2021-02-22,258.3029479980469,110.21200561523438,23.450000762939453,24.254999828338622,-0.3784496279394397
2021-02-23,263.7898864746094,111.08235931396484,23.110000610351562,24.25099983215332,-0.3480286039359421
2021-02-24,262.2519836425781,117.68482208251953,21.34000015258789,24.16699981689453,-0.47215212918231186
2021-02-25,252.70687866210938,109.1754150390625,28.889999389648438,23.75099983215332,-0.40696118332626385
2021-02-26,255.61404418945312,113.25764465332031,27.950000762939453,23.63799991607666,-0.45198269728113016
2021-03-01,262.8473205566406,117.148193359375,23.350000381469727,23.15099992752075,-0.4581963577891323
2021-03-02,256.9833679199219,112.59645080566406,24.100000381469727,22.84399995803833,-0.4295596206033433
2021-03-03,253.4212646484375,110.62240600585938,26.670000076293945,22.89949998855591,-0.42551860744468467
2021-03-04,255.63394165039062,103.72286224365234,28.56999969482422,23.182499980926515,-0.290830739253622
2021-03-05,262.22216796875,108.7154541015625,24.65999984741211,23.326999950408936,-0.32095557760945137
2021-03-08,253.32203674316406,101.26971435546875,25.469999313354492,23.55699987411499,-0.26842063716152126
2021-03-09,263.6708984375,109.45333099365234,24.030000686645508,23.69649991989136,-0.3215019419737023
2021-03-10,262.8374328613281,107.97757720947266,22.559999465942383,23.742999935150145,-0.3034380091944965
2021-03-11,271.7474365234375,112.29936981201172,21.90999984741211,23.738999938964845,-0.3031460392140896
2021-03-12,266.3101806640625,109.52039337158203,20.690000534057617,23.710999965667725,-0.300932743949239
2021-03-15,271.6184997558594,110.08577728271484,20.030000686645508,23.714000034332276,-0.26683120946151084
2021-03-16,277.10540771484375,113.5547103881836,19.790000915527344,23.63050012588501,-0.2802856918489777
2021-03-17,281.798583984375,114.89627838134766,19.229999542236328,23.517000102996825,-0.2643475130419921
2021-03-18,276.4505920410156,109.51081848144531,21.579999923706055,23.47150011062622,-0.2173915350890673
2021-03-19,287.85107421875,110.06659698486328,20.950000762939453,23.416500186920167,-0.13303500234505317
2021-03-22,291.25445556640625,114.35005187988281,18.8799991607666,23.188000106811522,-0.17737393393613382
2021-03-23,288.3670654296875,111.52317810058594,20.299999237060547,23.04750003814697,-0.15338565089214543
2021-03-24,279.9431457519531,116.04619598388672,21.200000762939453,23.04050006866455,-0.2990194367298505
2021-03-25,276.5696105957031,114.72380065917969,19.809999465942383,22.586500072479247,-0.30443058261872635
2021-03-26,280.8162841796875,123.27154541015625,18.860000610351562,22.132000064849855,-0.4138351925175919
2021-03-29,288.55560302734375,120.46379852294922,20.739999771118164,22.001500034332274,-0.30279172819733025
2021-03-30,285.7575378417969,121.47000885009766,19.610000610351562,21.77700004577637,-0.3427880028749967
2021-03-31,292.2366638183594,128.02452087402344,19.399999618530273,21.413500022888183,-0.4001818843412361
2021-04-01,296.3345031738281,135.614013671875,17.329999923706055,20.851500034332275,-0.4946308478281792
2021-04-05,306.5047302246094,137.0802001953125,17.90999984741211,20.514000034332277,-0.4357617127399626
2021-04-06,303.8753662109375,133.71664428710938,18.1200008392334,20.14650011062622,-0.4005902949200208
2021-04-07,310.65216064453125,133.33331298828125,17.15999984741211,19.803000068664552,-0.3383958058178652
2021-04-08,310.58270263671875,133.5345916748047,16.950000762939453,19.522500133514406,-0.34236537882680335
2021-04-09,310.0270690917969,133.11293029785156,16.690000534057617,19.26150016784668,-0.3398146091252561
2021-04-12,309.1142578125,129.36611938476562,16.90999984741211,19.072500133514403,-0.2840578331211593
2021-04-13,307.34808349609375,129.46194458007812,16.649999618530273,18.903500080108643,-0.30019814691507263
2021-04-14,300.46209716796875,128.5419921875,16.989999771118164,18.763500022888184,-0.3412854029696591
2021-04-15,305.4231872558594,128.80075073242188,16.56999969482422,18.630500030517577,-0.3048617974452058
2021-04-16,303.7959899902344,128.1491241455078,16.25,18.364000034332275,-0.3072391545662335
2021-04-19,299.88665771484375,125.42761993408203,17.290000915527344,18.18100004196167,-0.2934328857185941
2021-04-20,300.29345703125,123.22364044189453,18.68000030517578,18.17100009918213,-0.25287527507524754
2021-04-21,299.1226501464844,129.41403198242188,17.5,18.0310001373291,-0.36702280956782635
2021-04-22,294.211181640625,126.25173950195312,18.709999084472656,17.90650005340576,-0.35401419519033167
2021-04-23,298.7853088378906,129.23196411132812,17.329999923706055,17.782500076293946,-0.3667225059933764
2021-04-26,300.6804504394531,131.57012939453125,17.639999389648438,17.72150001525879,-0.39061804130443656
2021-04-27,301.206298828125,131.0718231201172,17.559999465942383,17.5625,-0.37788068800847885
2021-04-28,304.70880126953125,130.02732849121094,17.280000686645508,17.446000003814696,-0.3314457727087563
2021-04-29,326.9443359375,129.73985290527344,17.610000610351562,17.35650005340576,-0.14376023448067818
2021-04-30,322.548828125,127.17167663574219,18.610000610351562,17.420500087738038,-0.13654038308269234
2021-05-03,320.06829833984375,127.30585479736328,18.309999465942383,17.44050006866455,-0.15920204936918042
2021-05-04,315.881103515625,123.34820556640625,19.479999542236328,17.508500003814696,-0.1268090331663783
2021-05-05,312.567138671875,124.85264587402344,19.149999618530273,17.607999992370605,-0.17945956952149972
2021-05-06,317.5281677246094,126.23255920410156,18.389999389648438,17.679999923706056,-0.16196640599502823
2021-05-07,316.59552001953125,127.40164184570312,16.690000534057617,17.679999923706056,-0.18937427231197973
2021-05-10,303.58758544921875,119.48638916015625,19.65999984741211,17.817499923706055,-0.1626883408508074
2021-05-11,304.14324951171875,118.3939437866211,21.84000015258789,18.076999950408936,-0.13967419136497172
2021-05-12,300.1942138671875,110.08577728271484,27.59000015258789,18.606999969482423,-0.03186736983065342
2021-05-13,302.8831787109375,114.9154281616211,23.1299991607666,18.93499994277954,-0.09130274159468732
2021-05-14,313.4799499511719,119.62053680419922,18.809999465942383,19.06299991607666,-0.08361335545153971
2021-05-17,313.00372314453125,118.41313171386719,19.719999313354492,19.18449983596802,-0.06714291268017769
2021-05-18,307.5465393066406,116.72655487060547,21.34000015258789,19.317499828338622,-0.08353790347859782
2021-05-19,311.14825439453125,119.59178161621094,22.18000030517578,19.551499843597412,-0.1023002127449423
2021-05-20,316.1291809082031,124.87184143066406,20.670000076293945,19.649499893188477,-0.15049477743896428
2021-05-21,313.7677001953125,123.29071807861328,20.149999618530273,19.790499877929687,-0.14321585686863553
2021-05-24,322.102294921875,128.96360778808594,18.399999618530273,19.82849988937378,-0.17046754816577833
2021-05-25,325.2376708984375,131.7617950439453,18.84000015258789,19.892499923706055,-0.1919324148351708
2021-05-26,325.1086730957031,131.4162139892578,17.360000610351562,19.896499919891358,-0.187158197066877
2021-05-27,330.1590881347656,132.29937744140625,16.739999771118164,19.852999877929687,-0.16054277151309543
2021-05-28,326.1703796386719,132.59695434570312,16.760000228881836,19.7604998588562,-0.19836431609026012
2021-06-01,326.5672607421875,132.6737518310547,17.899999618530273,19.739999866485597,-0.19639763438517327
2021-06-02,326.5871276855469,133.44168090820312,17.479999542236328,19.639999866485596,-0.20920024142031096
2021-06-03,323.5013732910156,130.91705322265625,18.040000915527344,19.58449993133545,-0.19194622953388787
2021-06-04,327.77777099609375,134.248046875,16.420000076293945,19.485999965667723,-0.2130251194136386
2021-06-07,333.9592590332031,133.40330505371094,16.420000076293945,19.472499942779542,-0.14793493324066304
2021-06-08,331.0818176269531,130.41787719726562,17.06999969482422,19.342999935150146,-0.12118776841191217
2021-06-09,327.6785583496094,129.25633239746094,17.889999389648438,19.145499897003173,-0.12955917322284877
2021-06-10,329.871337890625,131.66580200195312,16.100000381469727,18.570999908447266,-0.15221130549141657
2021-06-11,328.68072509765625,131.33944702148438,15.649999618530273,18.196999931335448,-0.1564908373654788
2021-06-14,334.14776611328125,133.46090698242188,16.389999389648438,18.07599992752075,-0.14735750317566446
2021-06-15,334.1278991699219,133.08648681640625,17.020000457763672,17.94099998474121,-0.14119902791384337
2021-06-16,328.5020751953125,131.4929962158203,18.149999618530273,17.78149995803833,-0.1605523606544524
2021-06-17,333.8898620605469,131.81939697265625,17.75,17.55999994277954,-0.1217623334163329
2021-06-18,327.0931701660156,125.97335815429688,20.700000762939453,17.561499977111815,-0.07894172887346414
2021-06-21,329.70269775390625,127.720458984375,17.889999389648438,17.448499965667725,-0.08698350119081201
2021-06-22,336.3901672363281,128.0948028564453,16.65999984741211,17.361499977111816,-0.03831631932182783
2021-06-23,337.93804931640625,130.07232666015625,16.31999969482422,17.235499954223634,-0.058978008993709335
2021-06-24,340.50787353515625,132.72169494628906,15.970000267028809,17.165999937057496,-0.08258041795792909
2021-06-25,338.7119445800781,130.7346649169922,15.619999885559082,17.10999994277954,-0.0637977877907048
2021-06-28,352.8708801269531,135.34239196777344,15.760000228881836,17.05999994277954,-0.02517427954960248
2021-06-29,349.15008544921875,136.23513793945312,16.020000457763672,16.96599998474121,-0.0708419295682848
2021-06-30,345.00262451171875,136.6959228515625,15.829999923706055,16.883500003814696,-0.11272447307252839
2021-07-01,351.6305847167969,132.42410278320312,15.479999542236328,16.755499935150148,0.013900728912549835
2021-07-02,351.93817138671875,132.62570190429688,15.069999694824219,16.68799991607666,0.013025995845784339
2021-07-06,350.03314208984375,131.30101013183594,16.440000534057617,16.688999938964844,0.019728414912210217
2021-07-07,347.76092529296875,129.467529296875,16.200000762939453,16.645499992370606,0.03200219351718431
2021-07-08,342.9586486816406,127.22123718261719,19.0,16.701000022888184,0.030442591813202174
2021-07-09,347.6914978027344,129.49627685546875,16.18000030517578,16.705000019073488,0.030945942824573434
2021-07-12,350.4101867675781,131.3202362060547,16.170000076293945,16.73100004196167,0.022504045917737994
2021-07-13,349.3484802246094,130.83065795898438,17.1200008392334,16.767500114440917,0.02204036026454783
2021-07-14,344.9232177734375,130.2162628173828,16.329999923706055,16.733000087738038,-0.003972718585178477
2021-07-15,341.77789306640625,127.86442565917969,17.010000228881836,16.676000118255615,0.009874025174300258
2021-07-16,338.50360107421875,123.04548645019531,18.450000762939453,16.711000156402587,0.06431568453796094
2021-07-19,334.3263854980469,123.46785736083984,22.5,16.801000118255615,0.022837077915016928
2021-07-20,338.9997253417969,126.68367004394531,19.729999542236328,16.89300012588501,0.006966797942909541
2021-07-21,343.53411865234375,132.47215270996094,17.90999984741211,16.95550012588501,-0.05348376241140933
2021-07-22,348.45550537109375,131.6849365234375,17.690000534057617,17.02400016784668,0.00027395790349306467
2021-07-23,366.9106750488281,132.88491821289062,17.200000762939453,17.08550019264221,0.13176073108749958
2021-07-26,369.55987548828125,132.9329071044922,17.579999923706055,17.18350019454956,0.15273352454228128
2021-07-27,364.9460754394531,129.49627685546875,19.360000610351562,17.36350021362305,0.17282172576869861
2021-07-28,370.3735046386719,131.71380615234375,18.309999465942383,17.478000164031982,0.18000728600534097
2021-07-29,355.5299987792969,131.99217224121094,17.700000762939453,17.57150020599365,0.05325652020291446
2021-07-30,353.52569580078125,134.32484436035156,18.239999771118164,17.709500217437743,-0.002609453950148643
2021-08-02,349.2096252441406,136.32150268554688,19.459999084472656,17.929000186920167,-0.07181057385721079
2021-08-03,348.505126953125,136.4654998779297,18.040000915527344,18.00900020599365,-0.08003460698906925
2021-08-04,356.1253662109375,137.04148864746094,17.969999313354492,18.097500133514405,-0.0271023623411172
2021-08-05,360.143798828125,136.5710906982422,17.280000686645508,18.01150016784668,0.013881555291117412
2021-08-06,360.6795959472656,136.93585205078125,16.149999618530273,18.010000133514403,0.012128398979427725
2021-08-09,358.79437255859375,136.31192016601562,16.719999313354492,18.03750009536743,0.0071618154760454975
2021-08-10,358.318115234375,132.52975463867188,16.790000915527344,18.021000099182128,0.06710509558536831
2021-08-11,357.1571960449219,129.4195098876953,16.170000076293945,18.013000106811525,0.11007381499598087
2021-08-12,359.8262634277344,124.04381561279297,15.59000015258789,17.942000102996825,0.22278518580121084
2021-08-13,360.3521423339844,124.69660186767578,15.449999809265137,17.79200005531311,0.21608737133337094
2021-08-16,363.705810546875,126.41490936279297,16.1200008392334,17.47300009727478,0.21465045207885597
2021-08-17,355.65899658203125,123.64070129394531,17.90999984741211,17.382000112533568,0.19532614232128775
2021-08-18,352.682373046875,122.2679443359375,21.56999969482422,17.565000104904176,0.1940289247693113
2021-08-19,352.3548889160156,124.02466583251953,21.670000076293945,17.76400008201599,0.16167513202915337
2021-08-20,356.57177734375,122.1047592163086,18.559999465942383,17.832000017166138,0.22876482608883555
2021-08-23,360.52081298828125,126.22293853759766,17.149999618530273,17.81050000190735,0.1917031037942653
2021-08-24,362.66400146484375,126.17491912841797,17.219999313354492,17.703499937057494,0.21013624856011448
2021-08-25,365.5215759277344,127.73286437988281,16.790000915527344,17.627500009536742,0.20732780592551114
2021-08-26,361.5428161621094,127.41551208496094,18.84000015258789,17.684499979019165,0.17997072835192768
2021-08-27,369.7285461425781,131.32003784179688,16.389999389648438,17.591999959945678,0.18135262564314578
2021-08-30,377.6960754394531,130.83914184570312,16.190000534057617,17.428500032424928,0.2549852473384995
2021-08-31,376.426025390625,129.95443725585938,16.479999542236328,17.350499963760377,0.2594798979995462
2021-09-01,379.0751953125,128.34837341308594,16.110000610351562,17.25750002861023,0.3083800020508084
2021-09-02,372.3578796386719,129.30043029785156,16.40999984741211,17.21399998664856,0.2370720303128412
2021-09-03,373.3303527832031,130.6276092529297,16.40999984741211,17.22699999809265,0.22265967289727084
2021-09-07,379.2041931152344,131.2622833251953,18.139999389648438,17.298000001907347,0.260241288884434
2021-09-08,374.6300964355469,128.4445343017578,17.959999084472656,17.356499910354614,0.2702065602572028
2021-09-09,375.0567932128906,129.82936096191406,18.799999237060547,17.487999868392944,0.25033321357860816
2021-09-10,375.74139404296875,131.59890747070312,20.950000762939453,17.755999898910524,0.22608474884913157
2021-09-13,373.578369140625,134.0993194580078,19.3700008392334,17.951999950408936,0.16608150930337295
2021-09-14,373.59820556640625,134.77247619628906,19.459999084472656,18.118999862670897,0.15487881816994478
2021-09-15,371.008544921875,135.8207550048828,18.18000030517578,18.13249988555908,0.11588585220036723
2021-09-16,370.1551818847656,138.5712127685547,18.690000534057617,17.988499927520753,0.06242945494331234
2021-09-17,361.8801574707031,135.40721130371094,20.809999465942383,17.945499897003174,0.0478100823382715
2021-09-20,352.9303894042969,130.33909606933594,25.709999084472656,18.302999877929686,0.05979230228600156
2021-09-21,354.6965637207031,130.00247192382812,24.360000610351562,18.663499927520753,0.0799983434642535
2021-09-22,340.53765869140625,132.81063842773438,20.8700008392334,18.846000003814698,-0.08383725999694933
2021-09-23,343.2662048339844,135.7053680419922,18.6299991607666,18.93799991607666,-0.11027733782334927
2021-09-24,350.21173095703125,136.48434448242188,17.75,18.883499908447266,-0.0663202321536735
2021-09-27,350.8268737792969,137.27291870117188,18.760000228881836,19.001999950408937,-0.07457676189268655
2021-09-28,337.99755859375,127.8001937866211,23.25,19.354999923706053,-0.020125267324069416
2021-09-29,336.9656066894531,123.35714721679688,22.559999465942383,19.658999919891357,0.046407342856199345
2021-09-30,336.7473449707031,123.79949951171875,23.139999389648438,20.0104998588562,0.037143866373727796
2021-10-01,340.3392028808594,124.1842041015625,21.100000381469727,20.244999885559082,0.06018244509084454
2021-10-04,323.6898498535156,120.40472412109375,22.959999084472656,20.57249984741211,-0.012902915038666063
2021-10-05,330.367431640625,123.1648178100586,21.299999237060547,20.730499839782716,-0.004598806560214142
2021-10-06,331.0422058105469,121.6741714477539,21.0,20.88249988555908,0.02611808024063757
2021-10-07,326.6566162109375,122.98206329345703,19.540000915527344,20.919499969482423,-0.0320253039845333
2021-10-08,327.4800720214844,121.38565826416016,18.770000457763672,20.810499954223634,0.001699781315433043
2021-10-11,322.91595458984375,122.61663055419922,20.0,20.84199991226196,-0.0566128135334784
2021-10-12,321.2489929199219,121.90498352050781,19.850000381469727,20.861499977111816,-0.05830372886838081
2021-10-13,322.0130310058594,123.29944610595703,18.639999389648438,20.884499931335448,-0.07556598235907082
2021-10-14,325.971923828125,127.01160430908203,16.860000610351562,20.792999935150146,-0.10569126207415916
2021-10-15,322.2313232421875,126.54997253417969,16.299999237060547,20.567499923706055,-0.12865401411895058
2021-10-18,332.7289123535156,128.1752471923828,16.309999465942383,20.097499942779542,-0.06977923967971063
2021-10-19,337.34271240234375,129.4447021484375,15.699999809265137,19.66449990272522,-0.053276152081411905
2021-10-20,338.12652587890625,128.8484344482422,15.489999771118164,19.395499849319457,-0.036763668168489604
2021-10-21,339.218017578125,128.23294067382812,15.010000228881836,19.21449990272522,-0.017396680485383804
2021-10-22,322.0824279785156,130.72372436523438,15.430000305175781,19.098499917984007,-0.20034928189373882
2021-10-25,326.1306457519531,130.5602569580078,15.239999771118164,18.922499895095825,-0.16430277035937124
2021-10-26,313.3509826660156,126.94429779052734,15.979999542236328,18.558999872207643,-0.2083305391484423
2021-10-27,309.7889404296875,127.09817504882812,16.979999542236328,18.279999876022337,-0.24021754863525235
2021-10-28,314.45233154296875,130.81031799316406,16.530000686645508,17.949499940872194,-0.2645498327698811
2021-10-29,321.050537109375,131.4161834716797,16.260000228881836,17.707499933242797,-0.22052570925597126
2021-11-01,327.4106750488281,134.1666259765625,16.40999984741211,17.379999971389772,-0.21466882943740073
2021-11-02,325.5254211425781,135.8015594482422,16.030000686645508,17.116500043869017,-0.25777507739389655
2021-11-03,329.03790283203125,137.28253173828125,15.100000381469727,16.821500062942505,-0.2538989082775961
2021-11-04,333.2349548339844,144.37991333007812,15.4399995803833,16.616499996185304,-0.33922313085041234
2021-11-05,338.473876953125,147.4188690185547,16.479999542236328,16.501999950408937,-0.3474567992439412
2021-11-08,335.9833984375,147.10147094726562,17.219999313354492,16.36299991607666,-0.3625757097556917
2021-11-09,332.7586669921875,150.30392456054688,17.780000686645508,16.259499931335448,-0.4431623304335416
2021-11-10,325.08892822265625,144.6395263671875,18.729999542236328,16.263999938964844,-0.4105872338290036
2021-11-11,325.1880798339844,148.00550842285156,17.65999984741211,16.30399990081787,-0.4666042896732709
2021-11-12,338.2357177734375,150.81369018554688,16.290000915527344,16.30349998474121,-0.40673432231200235
2021-11-15,344.853759765625,150.2847137451172,16.489999771118164,16.3125,-0.34338605563439684
2021-11-16,340.2895812988281,151.81382751464844,16.3700008392334,16.346000051498415,-0.40673306954680827
2021-11-17,338.1165771484375,150.0058135986328,17.110000610351562,16.427000093460084,-0.394073506549903
2021-11-18,336.0528564453125,152.6600799560547,17.59000015258789,16.556000089645387,-0.45585794417594966
2021-11-19,342.61138916015625,144.28372192382812,17.90999984741211,16.680000066757202,-0.26050126281933755
2021-11-22,338.35479736328125,141.89869689941406,19.170000076293945,16.87650008201599,-0.25523155921551743
2021-11-23,334.6239929199219,143.21621704101562,19.3799991607666,17.046500062942506,-0.3081535390611047
2021-11-24,338.40435791015625,143.5341033935547,18.579999923706055,17.12650008201599,-0.2824367799404873
2021-11-26,330.52618408203125,138.0242919921875,28.6200008392334,17.731000089645384,-0.25418563423836116
2021-11-29,335.3979797363281,145.6628875732422,22.959999084472656,18.066000032424927,-0.3430998085147159
2021-11-30,321.9336853027344,141.78097534179688,27.190000534057617,18.605000066757203,-0.38826652170733683
2021-12-01,308.18157958984375,146.09634399414062,31.1200008392334,19.359500074386595,-0.5742053060789161
2021-12-02,307.97320556640625,141.10670471191406,27.950000762939453,20.002000093460083,-0.49167197769513904
2021-12-03,304.4508361816406,140.47096252441406,30.670000076293945,20.763500118255614,-0.5099005869176972
2021-12-06,315.39495849609375,141.9639892578125,27.18000030517578,21.29850015640259,-0.44512127599096923
2021-12-07,320.2965087890625,151.12452697753906,21.889999389648438,21.532000160217287,-0.5594877562049968
2021-12-08,327.98614501953125,151.5098419189453,19.899999618530273,21.638000106811525,-0.5027654962700896
2021-12-09,327.2519226074219,147.04031372070312,21.579999923706055,21.78050012588501,-0.4333376806418873
2021-12-10,327.1824951171875,147.11741638183594,18.690000534057617,21.832000160217284,-0.435210374530808
2021-12-13,331.88555908203125,141.69430541992188,20.309999465942383,22.03300008773804,-0.30497386598457754
2021-12-14,331.14141845703125,142.30111694335938,21.889999389648438,22.303000068664552,-0.32133816515641056
2021-12-15,338.9997253417969,148.01321411132812,19.290000915527344,22.449000072479247,-0.3531681251532128
2021-12-16,332.2922668457031,141.30902099609375,20.56999969482422,22.62200002670288,-0.29512444409714383
2021-12-17,331.1910095214844,140.77919006347656,21.56999969482422,22.821000003814696,-0.29523369672484967
2021-12-20,322.91595458984375,139.68109130859375,22.8700008392334,23.069000053405762,-0.34473469002770696
2021-12-21,331.59783935546875,145.8555450439453,21.010000228881836,23.161000061035157,-0.37759935790115573
2021-12-22,327.876953125,146.72244262695312,18.6299991607666,23.123500061035156,-0.4228313281548471
2021-12-23,332.6297302246094,149.77598571777344,17.959999084472656,23.092500019073487,-0.43530862290865896
2021-12-27,343.48443603515625,156.7402801513672,17.68000030517578,22.545499992370605,-0.46364319333041826
2021-12-28,343.524169921875,153.7734832763672,17.540000915527344,22.27450008392334,-0.4132241230755585
2021-12-29,340.2697448730469,155.06423950195312,16.950000762939453,21.762500095367432,-0.4617771822263142
2021-12-30,341.67864990234375,152.17440795898438,17.329999923706055,21.073000049591066,-0.4013996083651467
2021-12-31,333.73101806640625,151.57723999023438,17.219999313354492,20.536499977111816,-0.45666624238242864
2022-01-03,335.904052734375,154.0527801513672,16.600000381469727,19.832999992370606,-0.48059628354569944
2022-01-04,333.90960693359375,152.54049682617188,16.90999984741211,19.319499969482422,-0.4714617353069795
2022-01-05,321.6459045410156,148.0902557373047,19.729999542236328,19.211499977111817,-0.49716073085865226
2022-01-06,329.871337890625,150.5947265625,19.610000610351562,19.19700002670288,-0.4718133921262346
2022-01-07,329.20654296875,145.26795959472656,18.760000228881836,19.05600004196167,-0.3873408121459546
2022-01-10,325.51556396484375,144.0927734375,19.399999618530273,19.091499996185302,-0.3978476676218393
2022-01-11,331.7664794921875,146.8477020263672,18.40999984741211,18.99650001525879,-0.3929646136962859
2022-01-12,330.66510009765625,153.68675231933594,17.6200008392334,18.78300008773804,-0.5174934448230404
2022-01-13,323.9379577636719,151.4038543701172,20.309999465942383,18.834000015258788,-0.5342621922148696
2022-01-14,329.315673828125,160.8629608154297,19.190000534057617,18.76500005722046,-0.6497545298302706
2022-01-18,315.67279052734375,146.76100158691406,22.790000915527344,18.826000118255614,-0.5238311100317304
2022-01-19,317.1015625,137.81239318847656,23.850000381469727,18.875000095367433,-0.36099183149439057
2022-01-20,314.09515380859375,134.03643798828125,25.59000015258789,19.104000091552734,-0.3219575808619509
2022-01-21,300.80938720703125,130.09674072265625,28.850000381469727,19.61500015258789,-0.3646806875529439
2022-01-24,306.3062744140625,134.17127990722656,29.899999618530273,20.212000179290772,-0.38827836454297665
2022-01-25,297.81292724609375,128.10281372070312,31.15999984741211,20.886000156402588,-0.3556529741386834
2022-01-26,292.33587646484375,130.59762573242188,31.959999084472656,21.607000064849853,-0.4428112431939627
2022-01-27,292.3458251953125,125.36720275878906,30.489999771118164,22.28400001525879,-0.3544172859843023
2022-01-28,299.3607177734375,127.58264923095703,27.65999984741211,22.800500011444093,-0.33414363934230706
2022-01-31,310.8208923339844,133.10206604003906,24.829999923706055,23.18100004196167,-0.333103961029264
2022-02-01,316.5161437988281,133.5162811279297,21.959999084472656,23.448999977111818,-0.2932684913716915
2022-02-02,320.4850158691406,135.58726501464844,22.09000015258789,23.707999992370606,-0.29560159855754536
2022-02-03,235.90869140625,131.49342346191406,24.350000381469727,23.939000034332274,-0.9219087709653666
2022-02-04,235.24391174316406,130.58798217773438,23.219999313354492,24.119499969482423,-0.912087158858276
2022-02-07,223.15875244140625,131.12738037109375,22.860000610351562,24.324499988555907,-1.020564767668854
2022-02-08,218.465576171875,133.65115356445312,21.440000534057617,24.426500034332275,-1.101766617680027
2022-02-09,230.19358825683594,138.90086364746094,19.959999084472656,24.503999996185303,-1.093970829412779
2022-02-10,226.29417419433594,134.6336669921875,23.90999984741211,24.818499946594237,-1.0539850367264825
2022-02-11,217.8404998779297,127.62118530273438,27.360000610351562,25.171000003814697,-1.005094373075336
2022-02-14,216.00489807128906,127.01435089111328,28.329999923706055,25.62799997329712,-1.009941622336133
2022-02-15,219.2792205810547,134.7010955810547,25.700000762939453,25.773499965667725,-1.1128039863729189
2022-02-16,214.85391235351562,135.77992248535156,24.290000915527344,25.795499992370605,-1.1674063504749599
2022-02-17,206.0926971435547,131.4549102783203,28.110000610351562,25.92150001525879,-1.166420546405615
2022-02-18,204.5547637939453,128.4495849609375,27.75,25.866499996185304,-1.1283233199902472
2022-02-22,200.50653076171875,125.6993408203125,28.809999465942383,25.811999988555907,-1.1151739084999657
2022-02-23,196.90478515625,123.38339233398438,31.020000457763672,25.805000019073486,-1.1056860420101866
2022-02-24,205.98358154296875,128.7487335205078,30.31999969482422,25.723000049591064,-1.1216257855990819
2022-02-25,208.8411102294922,130.96823120117188,27.59000015258789,25.57800006866455,-1.135604469886341
2022-02-28,209.38682556152344,129.50143432617188,30.149999618530273,25.70250005722046,-1.1063514519771487
2022-03-01,201.9055633544922,125.07212829589844,33.31999969482422,26.127000045776366,-1.093080302326425
2022-03-02,206.48959350585938,128.51712036132812,30.739999771118164,26.566000080108644,-1.113554470179959
2022-03-03,201.38961791992188,126.06604766845703,30.479999542236328,26.985500049591064,-1.1141043204738625
2022-03-04,198.5022430419922,121.33761596679688,31.979999542236328,27.367000007629393,-1.0580093927641625
2022-03-07,186.01028442382812,115.04588317871094,36.45000076293945,28.028500080108643,-1.0544928837185303
2022-03-08,188.80831909179688,119.80329132080078,35.130001068115234,28.642000102996825,-1.1118116589949136
2022-03-09,196.95440673828125,124.11678314208984,32.45000076293945,29.192500114440918,-1.1176608361880442
2022-03-10,193.69003295898438,120.59455871582031,30.229999542236328,29.706000137329102,-1.085031776245
2022-03-11,186.14920043945312,119.31114959716797,30.75,30.048000144958497,-1.125366784846381
2022-03-14,185.1768341064453,115.92402648925781,31.770000457763672,30.268500137329102,-1.0761727856123726
2022-03-15,190.5347900390625,120.0541763305664,29.829999923706055,30.3435001373291,-1.101851773474741
2022-03-16,202.04446411132812,125.91162872314453,26.670000076293945,30.392000102996825,-1.10611258753541
2022-03-17,206.22169494628906,127.3687973022461,25.670000076293945,30.461000061035158,-1.0963686083071018
2022-03-18,214.80433654785156,130.4084930419922,23.8700008392334,30.249000072479248,-1.0771210349701037
2022-03-21,209.84327697753906,129.50143432617188,23.530000686645508,30.038000106811523,-1.10259827972416
2022-03-22,214.96307373046875,130.73660278320312,22.940000534057617,29.744500160217285,-1.0813557293462344
2022-03-23,211.7979278564453,126.8187484741211,23.56999969482422,29.37200012207031,-1.0412308249013027
2022-03-24,217.8603515625,133.73773193359375,21.670000076293945,28.9395001411438,-1.108204894869975
2022-03-25,220.09280395507812,132.26129150390625,20.809999465942383,28.600500106811523,-1.0649198547914753
2022-03-28,221.8490447998047,132.84027099609375,19.6299991607666,28.07450008392334,-1.060254839652276
2022-03-29,228.07022094726562,136.4879150390625,18.899999618530273,27.353500080108642,-1.0706892143698623
2022-03-30,226.0758819580078,131.04542541503906,19.329999923706055,26.78300008773804,-0.9951949131261697
2022-03-31,220.6286163330078,127.18547821044922,20.559999465942383,26.28700008392334,-0.974812463045285
2022-04-01,223.09922790527344,122.94915008544922,19.6299991607666,25.669500064849853,-0.8829703220639682
2022-04-04,232.06886291503906,124.90806579589844,18.56999969482422,24.77550001144409,-0.8422924553216169
2022-04-05,230.03482055664062,117.44869995117188,21.030000686645508,24.070499992370607,-0.7330710244127483
2022-04-06,221.5613250732422,115.15203857421875,22.100000381469727,23.55299997329712,-0.7639667762634959
2022-04-07,221.21405029296875,118.11455535888672,21.549999237060547,23.11899995803833,-0.8168423354122831
2022-04-08,220.59886169433594,115.75997161865234,21.15999984741211,22.639499950408936,-0.7821451706345655
2022-04-11,214.7746124267578,112.17021942138672,24.3700008392334,22.26949996948242,-0.7694245288790196
2022-04-12,212.4726104736328,110.54904174804688,24.260000228881836,21.99099998474121,-0.7609802540233344
2022-04-13,213.31600952148438,112.76851654052734,21.81999969482422,21.748499965667726,-0.7915197349522968
2022-04-14,208.54345703125,109.39105987548828,22.700000762939453,21.6,-0.77373598178125
2022-04-18,209.12889099121094,110.84820556640625,22.170000076293945,21.51499996185303,-0.7935251697210042
2022-04-19,215.61795043945312,112.96151733398438,21.3700008392334,21.40699996948242,-0.7758507111505173
2022-04-20,198.8594512939453,113.76245880126953,20.31999969482422,21.27599992752075,-0.9271708430478376
2022-04-21,186.60562133789062,111.63949584960938,22.68000030517578,21.23149995803833,-0.9920831795269838
2022-04-22,182.6764678955078,108.85066223144531,28.209999084472656,21.558499908447267,-0.9773030787585436
2022-04-25,185.5340576171875,110.46218872070312,27.020000457763672,21.86899995803833,-0.9810160788825631
2022-04-26,179.5410614013672,105.10649871826172,33.52000045776367,22.563500022888185,-0.9398662938256369
2022-04-27,173.58775329589844,105.00035858154297,31.600000381469727,23.198500061035155,-0.9870252716364575
2022-04-28,204.1280975341797,110.61658477783203,29.989999771118164,23.73150005340576,-0.8307334388988387
2022-04-29,198.90908813476562,106.48644256591797,33.400001525878906,24.37350015640259,-0.8039120918367972
2022-05-02,209.48606872558594,109.01470184326172,32.34000015258789,25.00900020599365,-0.7596308053386319
2022-05-03,210.37904357910156,109.8156509399414,29.25,25.54300022125244,-0.7658118023483963
2022-05-04,221.67044067382812,114.6502456665039,25.420000076293945,25.762500190734862,-0.7545971393154572
2022-05-05,206.65826416015625,109.4972152709961,31.200000762939453,26.21750020980835,-0.7910293442098715
2022-05-06,202.18338012695312,108.56116485595703,30.190000534057617,26.6495002746582,-0.8120195048639535
2022-05-09,194.68223571777344,102.0475082397461,34.75,27.3290002822876,-0.7637189869678126
2022-05-10,196.11102294921875,103.42742919921875,32.9900016784668,27.76000032424927,-0.7752698143856747
2022-05-11,187.27041625976562,100.28157806396484,32.560001373291016,28.175000381469726,-0.7948461438880629
2022-05-12,189.75094604492188,103.02212524414062,31.770000457763672,28.6725004196167,-0.8207222703748231
2022-05-13,197.07347106933594,107.94358825683594,28.8700008392334,28.981000423431396,-0.8436083744042407
2022-05-16,198.48240661621094,106.61190032958984,27.469999313354492,29.246000385284425,-0.8095387505493337
2022-05-17,201.04229736328125,112.74920654296875,26.100000381469727,29.48250036239624,-0.8921143099626877
2022-05-18,190.74313354492188,107.44178771972656,30.959999084472656,30.01450033187866,-0.8871870187987362
2022-05-19,189.80052185058594,106.86280059814453,29.350000381469727,30.34800033569336,-0.8851618385675216
2022-05-20,192.03302001953125,102.7326431274414,29.43000030517578,30.409000396728516,-0.7970702049760164
2022-05-23,194.7020721435547,106.08114624023438,28.479999542236328,30.48200035095215,-0.8316611309984815
2022-05-24,179.8684844970703,102.85808563232422,29.450000762939453,30.278500366210938,-0.899211123068196
2022-05-25,182.3986358642578,104.98626708984375,28.3700008392334,30.117000389099122,-0.9143398550549457
2022-05-26,190.13787841796875,111.31270599365234,27.5,29.992500400543214,-0.9575215662752798
2022-05-27,193.6106414794922,115.57872009277344,25.719999313354492,29.608500289916993,-1.0009955306095693
2022-05-31,192.1322479248047,113.46023559570312,26.190000534057617,29.301000308990478,-0.9773824455100844
2022-06-01,187.1711883544922,110.7226333618164,25.690000534057617,29.12300033569336,-0.9719522012423257
2022-06-02,197.3115997314453,113.4989242553711,24.719999313354492,29.088000297546387,-0.9354484516263042
2022-06-03,189.29452514648438,111.20630645751953,24.790000915527344,28.76750030517578,-0.9626595552527115
2022-06-06,192.7375030517578,111.24500274658203,25.06999969482422,28.51150026321411,-0.9350030264343034
2022-06-07,194.12657165527344,111.89311218261719,24.020000457763672,27.975000286102294,-0.9345242977769929
2022-06-08,195.10887145996094,108.78793334960938,23.959999084472656,27.523500156402587,-0.8740184925087672
2022-06-09,182.56729125976562,103.73837280273438,26.09000015258789,27.200000095367432,-0.8918832349930278
2022-06-10,174.20294189453125,98.55339050292969,27.75,26.999000072479248,-0.873114187808692
2022-06-13,162.98101806640625,93.17494201660156,34.02000045776367,27.256500053405762,-0.874575003992289
2022-06-14,162.4551544189453,93.46514892578125,32.689998626708984,27.517500019073488,-0.8837988657415777
2022-06-15,168.03138732910156,94.239013671875,29.6200008392334,27.69350004196167,-0.8510144674682008
2022-06-16,159.61741638183594,86.66470336914062,32.95000076293945,27.79300012588501,-0.7923112467387761
2022-06-17,162.46505737304688,86.8968505859375,31.1299991607666,27.882000064849855,-0.7728161643824615
2022-06-21,155.8271484375,92.06248474121094,30.190000534057617,27.920000076293945,-0.9146146160467161
2022-06-22,154.636474609375,90.87265014648438,28.950000762939453,27.943500137329103,-0.9043153806009729
2022-06-23,157.513916015625,90.23419952392578,29.049999237060547,27.923500061035156,-0.8698758087032932
2022-06-24,168.8350830078125,94.18098449707031,27.229999542236328,27.866499996185304,-0.843426295533951
2022-06-27,168.17027282714844,94.42281341552734,26.950000762939453,27.839000034332276,-0.8529758156522712
2022-06-28,159.4288787841797,91.91739654541016,28.360000610351562,27.971000099182127,-0.8825496684052926
2022-06-29,162.66351318359375,88.93795776367188,28.15999984741211,28.069500064849855,-0.8056470752478783
2022-06-30,159.99444580078125,88.00930786132812,28.709999084472656,28.220499992370605,-0.8119138592268978
2022-07-01,158.78395080566406,83.4531021118164,26.700000762939453,28.319500064849855,-0.7449387035986264
2022-07-05,166.88040161132812,83.19190979003906,27.540000915527344,28.457000064849854,-0.6739555725814594
2022-07-06,168.4481201171875,83.73361206054688,26.729999542236328,28.54000005722046,-0.6702112819021365
2022-07-07,170.84927368164062,87.78680419921875,26.079999923706055,28.643000030517577,-0.7189032016265935
2022-07-08,169.54945373535156,88.21244812011719,24.639999389648438,28.677000045776367,-0.7367776821908169
2022-07-11,161.61178588867188,85.72635650634766,26.170000076293945,28.68100004196167,-0.7600691893219677
2022-07-12,161.99871826171875,85.832763671875,27.290000915527344,28.65800008773804,-0.7586842504838718
2022-07-13,162.2169952392578,86.17134094238281,26.81999969482422,28.298000049591064,-0.7626061159843825
2022-07-14,156.8193817138672,88.67677307128906,26.399999618530273,27.98350009918213,-0.8492905256136645
2022-07-15,163.41758728027344,91.3853530883789,24.229999542236328,27.714000034332276,-0.8407693146913334
2022-07-18,165.92787170410156,90.09877014160156,25.299999237060547,27.33149995803833,-0.7984054156096438
2022-07-19,174.41131591796875,95.02257537841797,24.5,27.0,-0.8117854072406381
2022-07-20,181.6643829345703,98.89197540283203,23.8799991607666,26.68449993133545,-0.8174792579294478
2022-07-21,181.7437744140625,100.44940185546875,23.110000610351562,26.392499923706055,-0.8431225535285028
2022-07-22,167.9520263671875,98.35025024414062,23.030000686645508,26.091499996185302,-0.9210824615170534
2022-07-25,165.35238647460938,97.70211791992188,23.360000610351562,25.898000049591065,-0.9315147274329392
2022-07-26,157.91079711914062,95.68038940429688,24.690000534057617,25.785000038146972,-0.9585676854345437
2022-07-27,168.2595672607422,100.08180236816406,23.239999771118164,25.528999996185302,-0.9477897924898042
2022-07-28,159.4685821533203,101.72630310058594,22.329999923706055,25.2375,-1.0478399593083685
2022-07-29,157.86117553710938,102.51952362060547,21.329999923706055,24.86850004196167,-1.074449853819761
2022-08-01,158.68472290039062,102.92581176757812,22.84000015258789,24.675500011444093,-1.074538135276377
2022-08-02,158.94271850585938,101.56185150146484,23.93000030517578,24.494999980926515,-1.049387219701124
2022-08-03,167.48565673828125,105.4505844116211,21.950000762939453,24.25600004196167,-1.0448015256457952
2022-08-04,169.2418975830078,107.43367004394531,21.440000534057617,24.024000072479247,-1.0638438928678626
2022-08-05,165.80880737304688,106.0406723022461,21.149999618530273,23.84950008392334,-1.0685526561975913
2022-08-08,168.9243927001953,104.3091049194336,21.290000915527344,23.60550012588501,-1.013698408605052
2022-08-09,167.21775817871094,96.4058837890625,21.770000457763672,23.329500102996825,-0.8942906701595363
2022-08-10,176.95138549804688,101.61988830566406,19.739999771118164,22.975500106811523,-0.9022908484103377
2022-08-11,176.10800170898438,102.0842056274414,20.200000762939453,22.665500164031982,-0.9170652563999975
2022-08-12,179.0945587158203,106.77584838867188,19.530000686645508,22.43050022125244,-0.97172350257634
2022-08-15,179.4815216064453,106.19544219970703,19.950000762939453,22.163000297546386,-0.9587419339153105
2022-08-16,178.07257080078125,104.94757080078125,19.690000534057617,21.922500324249267,-0.949257568969612
2022-08-17,173.48855590820312,102.53886413574219,19.899999618530273,21.723500347137453,-0.9462802536355857
2022-08-18,173.30003356933594,104.7347412109375,19.559999465942383,21.546000289916993,-0.9849062777692928
2022-08-19,166.6522216796875,101.21359252929688,20.600000381469727,21.424500274658204,-0.9801157045025529
2022-08-22,161.78042602539062,97.51831817626953,23.799999237060547,21.44650020599365,-0.9577818416811719
2022-08-23,159.85552978515625,98.60177612304688,24.110000610351562,21.41750020980835,-0.9919027575814856
2022-08-24,161.98880004882812,98.41751098632812,22.81999969482422,21.396500205993654,-0.9712507483863021
2022-08-25,167.46578979492188,101.83126068115234,21.780000686645508,21.369000244140626,-0.9838550487301699
2022-08-26,160.52032470703125,95.81837463378906,25.559999465942383,21.580500221252443,-0.9394406293306613
2022-08-29,157.93064880371094,93.62657928466797,26.209999084472656,21.74900016784668,-0.9237272603777424
2022-08-30,155.93629455566406,91.66753387451172,26.209999084472656,21.863000106811523,-0.9070486837565503
2022-08-31,161.66134643554688,91.23112487792969,25.8700008392334,22.059000110626222,-0.8526059678974576
2022-09-01,164.0724334716797,89.03932189941406,25.559999465942383,22.26500005722046,-0.7957736915463748
2022-09-02,159.07168579101562,88.48651885986328,25.469999313354492,22.48100004196167,-0.8275586392856559
2022-09-06,157.30552673339844,87.56520080566406,26.90999984741211,22.761999988555907,-0.826525051898025
2022-09-07,159.1411590576172,89.1654052734375,24.639999389648438,22.905499935150146,-0.8384499331341722
2022-09-08,160.79815673828125,90.95956420898438,23.610000610351562,23.098999977111816,-0.8551184279035169
2022-09-09,167.83291625976562,93.59747314453125,22.790000915527344,23.228499984741212,-0.8418144182158587
2022-09-12,167.6444091796875,93.39380645751953,23.8700008392334,23.445499992370607,-0.8399256436432184
2022-09-13,151.93768310546875,87.66217041015625,27.270000457763672,23.811499977111815,-0.872299418006155
2022-09-14,150.29058837890625,87.9046401977539,26.15999984741211,24.13499994277954,-0.8899365944883363
2022-09-15,148.38555908203125,86.23654174804688,26.270000457763672,24.45349998474121,-0.8774359859758527
2022-09-16,145.15093994140625,86.18804168701172,26.299999237060547,24.79049997329712,-0.9032137545726943
2022-09-19,146.8674774169922,87.01239013671875,25.760000228881836,25.048499965667723,-0.9030180892950259
2022-09-20,144.95248413085938,85.46070098876953,27.15999984741211,25.216499996185302,-0.8925649020092973
2022-09-21,141.0133819580078,84.46176147460938,27.989999771118164,25.41049995422363,-0.9080877558505812
2022-09-22,141.7079620361328,82.47364044189453,27.350000381469727,25.636999988555907,-0.8688084916579601
2022-09-23,139.3166961669922,81.74626159667969,29.920000076293945,26.04399995803833,-0.8761893780445201
2022-09-26,135.30816650390625,80.43700408935547,32.2599983215332,26.37899990081787,-0.8870435900996501
2022-09-27,133.35350036621094,81.61048889160156,32.599998474121094,26.698499870300292,-0.9229293315689076
2022-09-28,140.50735473632812,83.40465545654297,30.18000030517578,26.89699993133545,-0.8944000451881406
2022-09-29,135.34788513183594,81.87232208251953,31.84000015258789,27.195499897003174,-0.9109513770255249
2022-09-30,134.62351989746094,79.45748138427734,31.6200008392334,27.498499965667726,-0.8761345192763269
2022-10-03,137.53073120117188,83.64713287353516,30.100000381469727,27.730000019073486,-0.9229694025282512
2022-10-04,139.18771362304688,86.7117691040039,29.06999969482422,27.83800001144409,-0.9610891724667506
2022-10-05,137.8978271484375,86.52748107910156,28.549999237060547,28.033500003814698,-0.9685836867363458
2022-10-06,137.98716735839844,85.46070098876953,30.520000457763672,28.378999996185303,-0.9498372265687681
2022-10-07,132.410888671875,80.10726928710938,31.360000610351562,28.807499980926515,-0.9052991110656516
2022-10-10,132.74822998046875,76.80017852783203,32.45000076293945,29.236499977111816,-0.8466873314258891
2022-10-11,127.53912353515625,73.99738311767578,33.630001068115234,29.554500007629393,-0.8421959101702242
2022-10-12,126.50724029541016,73.71614074707031,33.56999969482422,29.925,-0.845931984025206
2022-10-13,129.2755126953125,77.02323150634766,31.940000534057617,30.2085000038147,-0.8790078516483657
2022-10-14,125.77301025390625,72.56204223632812,32.02000045776367,30.494500064849852,-0.8324830186633941
2022-10-17,132.99630737304688,72.16444396972656,31.3700008392334,30.77500009536743,-0.7663762726552062
2022-10-18,131.76597595214844,72.95967102050781,30.5,30.942000102996825,-0.789919544887231
2022-10-19,132.19261169433594,74.92841339111328,30.760000228881836,31.08050012588501,-0.8196524152055619
2022-10-20,130.50584411621094,76.28617095947266,29.979999542236328,31.21200008392334,-0.8564466814877622
2022-10-21,128.99769592285156,79.93269348144531,29.690000534057617,31.200500106811525,-0.9304164976837515
2022-10-24,128.70994567871094,82.37664031982422,29.850000381469727,31.08000020980835,-0.9740469135172265
2022-10-25,136.43930053710938,84.88848114013672,28.459999084472656,30.87300024032593,-0.9529030180877616
2022-10-26,128.80918884277344,85.48006439208984,27.280000686645508,30.728000259399415,-1.0256301026280765
2022-10-27,97.17741394042969,83.92835235595703,27.389999389648438,30.50550022125244,-1.2595227972925427
2022-10-28,98.4275894165039,87.01239013671875,25.75,30.212000179290772,-1.301315119827378
2022-10-31,92.43463897705078,85.62555694580078,25.8799991607666,30.001000118255615,-1.3271764208828503
2022-11-01,94.45874786376953,87.08027648925781,25.809999465942383,29.838000106811524,-1.335095138850614
2022-11-02,89.83502197265625,85.11153411865234,25.860000610351562,29.703500175476073,-1.3398728467395837
2022-11-03,88.21772003173828,83.69561767578125,25.299999237060547,29.442500114440918,-1.3292643223327336
2022-11-04,90.08307647705078,88.93265533447266,24.549999237060547,29.102000045776368,-1.4023502652254345
2022-11-07,95.96688842773438,92.17185974121094,24.350000381469727,28.69700002670288,-1.4086623904427158
2022-11-08,95.7188491821289,94.51880645751953,25.540000915527344,28.292500019073486,-1.450328501103641
2022-11-09,100.67991638183594,91.5317611694336,26.09000015258789,27.91850004196167,-1.3591018816979425
2022-11-10,110.99893951416016,101.62762451171875,23.530000686645508,27.498000049591063,-1.4447155261674276
2022-11-11,112.13998413085938,107.19437408447266,22.520000457763672,27.023000049591065,-1.5293240864737945
2022-11-14,113.33065032958984,104.36249542236328,23.729999542236328,26.64099998474121,-1.4717194768195334
2022-11-15,116.16837310791016,107.12649536132812,24.540000915527344,26.34300003051758,-1.495054567508037
2022-11-16,112.34834289550781,101.07481384277344,24.110000610351562,26.010500049591066,-1.4242862212376126
2022-11-17,110.58219909667969,101.29786682128906,23.93000030517578,25.708000087738036,-1.4425744391561928
2022-11-18,111.17753601074219,101.54031372070312,23.1200008392334,25.379500102996825,-1.4417728326401358
2022-11-21,109.00458526611328,101.96704864501953,22.360000610351562,25.005000114440918,-1.4668450529757642
2022-11-22,110.57228088378906,103.80970764160156,21.290000915527344,24.646500205993654,-1.4850667247753369
2022-11-23,111.36605834960938,104.6749267578125,20.350000381469727,24.300000190734863,-1.4931485282147785
2022-11-25,110.54252624511719,102.87641143798828,20.5,23.955500221252443,-1.4695533072585067
2022-11-28,107.93299865722656,100.5917739868164,22.209999084472656,23.778500175476076,-1.45243559271345
2022-11-29,108.60770416259766,100.37789916992188,21.889999389648438,23.579000186920165,-1.4432766943724011
2022-11-30,117.1804428100586,106.55126953125,20.579999923706055,23.31750020980835,-1.477020524280847
2022-12-01,119.50221252441406,104.03330993652344,19.84000015258789,23.016500186920165,-1.4154157258685702
2022-12-02,122.5284652709961,103.74163818359375,19.059999465942383,22.704500198364258,-1.3856076792002607
2022-12-05,121.4767074584961,103.46944427490234,20.75,22.514500236511232,-1.3896599489093597
2022-12-06,113.23143005371094,101.79729461669922,22.170000076293945,22.405500221252442,-1.4292236352831933
2022-12-07,113.04290008544922,103.15833282470703,22.68000030517578,22.262500190734862,-1.453754032608262
2022-12-08,114.4319839477539,105.58882141113281,22.290000915527344,22.072500228881836,-1.4833694447401902
2022-12-09,114.99755859375,104.3541259765625,22.829999923706055,22.037500190734864,-1.457872009416251
2022-12-12,113.81681823730469,106.32767486572266,25.0,22.16150016784668,-1.5009026862271964
2022-12-13,119.2144775390625,108.75812530517578,22.549999237060547,22.10250015258789,-1.497556938464857
2022-12-14,120.64324951171875,106.59014129638672,21.139999389648438,21.932500076293945,-1.4492039159579004
2022-12-15,115.24562072753906,101.65145874023438,22.829999923706055,21.86850004196167,-1.4101996102056882
2022-12-16,118.50007629394531,101.8167495727539,22.6200008392334,21.803000068664552,-1.3862306697495772
2022-12-19,113.58861541748047,101.09730529785156,22.420000076293945,21.768000030517577,-1.4144678321129223
2022-12-20,116.17829895019531,100.62094116210938,21.479999542236328,21.723999977111816,-1.385131070321658
2022-12-21,118.8274917602539,102.95417785644531,20.06999969482422,21.66299991607666,-1.402743202880923
2022-12-22,116.20806121826172,94.88506317138672,21.969999313354492,21.743999862670897,-1.288039930232184
2022-12-23,117.12090301513672,94.51564025878906,20.8700008392334,21.76249990463257,-1.274296631606694
2022-12-27,115.96993255615234,92.68791961669922,21.649999618530273,21.73449993133545,-1.2529006607576465
2022-12-28,114.71974182128906,91.60881042480469,22.139999389648438,21.74699993133545,-1.2449603266668134
2022-12-29,119.3236083984375,94.4378662109375,21.440000534057617,21.789999961853027,-1.2548717220656824
2022-12-30,119.40296936035156,94.67118835449219,21.670000076293945,21.88149995803833,-1.2581586630339907
2023-01-03,123.76873016357422,94.03927612304688,22.899999618530273,22.073499965667725,-1.2115917796249678
2023-01-04,126.37825775146484,96.54749298095703,22.010000228881836,22.136499977111818,-1.2324844812113416
2023-01-05,125.95159912109375,95.19615936279297,22.459999084472656,22.15099992752075,-1.2131763282267183
2023-01-06,129.0076141357422,101.3695297241211,21.1299991607666,22.073499870300292,-1.292281424065315
2023-01-09,128.4619140625,103.52776336669922,21.969999313354492,22.05749979019165,-1.3332087586036374
2023-01-10,131.95448303222656,105.03466033935547,20.579999923706055,21.944999790191652,-1.329934042575542
2023-01-11,131.8552703857422,106.99845886230469,21.09000015258789,21.749499797821045,-1.3639072283048503
2023-01-12,135.64552307128906,107.13457489013672,18.829999923706055,21.56349983215332,-1.3350400986258328
2023-01-13,135.91343688964844,106.91097259521484,18.350000381469727,21.423999881744386,-1.3290618034770056
2023-01-17,134.30601501464844,106.3665542602539,19.360000610351562,21.25049991607666,-1.3330866962402617
2023-01-18,131.9842529296875,106.6484603881836,20.34000015258789,21.136499881744385,-1.3569371817230305
2023-01-19,135.08990478515625,103.20696258544922,20.520000457763672,21.041499900817872,-1.2732935936629222
2023-01-20,138.28480529785156,106.59988403320312,19.850000381469727,20.95999994277954,-1.3043107042898257
2023-01-23,142.15443420410156,110.98442077636719,19.809999465942383,20.946999931335448,-1.34652261346374
2023-01-24,142.02545166015625,109.84695434570312,19.200000762939453,20.808500003814697,-1.328377821331677
2023-01-25,140.3982391357422,110.7802505493164,19.079999923706055,20.71899995803833,-1.3575156531068573
2023-01-26,146.15304565429688,112.36492919921875,18.729999542236328,20.572999954223633,-1.3369529774352626
2023-01-27,150.55848693847656,109.3705825805664,18.510000228881836,20.391499996185303,-1.2501717146825313
2023-01-30,145.91493225097656,105.19019317626953,19.940000534057617,20.316499996185303,-1.2177703007871743
2023-01-31,147.81005859375,108.38868713378906,19.399999618530273,20.202999973297118,-1.2561920292556448
2023-02-01,151.92776489257812,115.69949340820312,17.8700008392334,19.951500034332277,-1.3457722033504287
2023-02-02,187.30015563964844,120.80345153808594,18.729999542236328,19.7875,-1.1410995632872851
2023-02-03,185.0775909423828,116.64250946044922,18.329999923706055,19.58100004196167,-1.0891199115812866
2023-02-06,184.61126708984375,114.41622161865234,19.43000030517578,19.49600009918213,-1.0553648957293886
2023-02-07,190.1279754638672,117.16748809814453,18.65999984741211,19.33050012588501,-1.0564570286622736
2023-02-08,182.00173950195312,112.72462463378906,19.6299991607666,19.28300008773804,-1.0482602682926274
2023-02-09,176.53463745117188,112.85099029541016,20.709999084472656,19.264000034332277,-1.0953471194275821
2023-02-10,172.79397583007812,111.57743835449219,20.530000686645508,19.34900007247925,-1.1046016505584793
2023-02-13,178.0328826904297,113.28849029541016,20.34000015258789,19.448500061035155,-1.0904146879073253
2023-02-14,178.08250427246094,115.1453628540039,18.90999984741211,19.426000022888182,-1.1213587114570718
2023-02-15,175.7805633544922,116.1369857788086,18.229999542236328,19.320499992370607,-1.1570293053967904
2023-02-16,171.0973358154297,112.18019104003906,20.170000076293945,19.30299997329712,-1.1287293462411914
2023-02-17,171.5338897705078,112.22881317138672,20.020000457763672,19.311499977111815,-1.1259607326790046
2023-02-21,170.74012756347656,108.18453216552734,22.8700008392334,19.46450004577637,-1.0642024942604815
2023-02-22,169.78758239746094,107.5901107788086,22.290000915527344,19.619000053405763,-1.0619983948844596
2023-02-23,170.700439453125,110.02626037597656,21.139999389648438,19.72200002670288,-1.0956251647767552
2023-02-24,169.06326293945312,108.46710968017578,21.670000076293945,19.869000053405763,-1.082761645596325
2023-02-27,168.21987915039062,109.20771026611328,20.950000762939453,19.99100008010864,-1.1022009096080698
2023-02-28,173.57786560058594,113.18352508544922,20.700000762939453,20.029000091552735,-1.1252738040943444
2023-03-01,172.06968688964844,114.26516723632812,20.579999923706055,20.088000106811524,-1.1559376011819753
2023-03-02,173.1710205078125,115.42477416992188,19.59000015258789,20.17400007247925,-1.1664610629884429
2023-03-03,183.8075714111328,115.92172241210938,18.489999771118164,20.16200008392334,-1.0873926467948365
2023-03-06,183.46029663085938,115.5124740600586,18.610000610351562,20.176000118255615,-1.0833382324582885
2023-03-07,183.07334899902344,113.39788818359375,19.59000015258789,20.184000110626222,-1.0508165576706054
2023-03-08,183.52975463867188,115.61966705322266,19.110000610351562,20.206500148773195,-1.0845769950935928
2023-03-09,180.27529907226562,114.05076599121094,22.610000610351562,20.35550022125244,-1.0848469263042084
2023-03-10,178.1122589111328,111.46845245361328,24.799999237060547,20.560000228881837,-1.0590319090636644
2023-03-13,179.491455078125,112.88142395019531,26.520000457763672,20.859500217437745,-1.0715485350235463
2023-03-14,192.50929260253906,117.26649475097656,23.729999542236328,21.029000186920165,-1.0385483063198317
2023-03-15,196.2102508544922,115.45401000976562,26.139999389648438,21.390500164031984,-0.9775145943717697
2023-03-16,203.3343048095703,119.69290161132812,22.989999771118164,21.628500175476074,-0.9905078704316229
2023-03-17,194.08692932128906,119.46875762939453,25.510000228881836,21.89550018310547,-1.0627599056941368
2023-03-20,196.26979064941406,120.87200164794922,24.149999618530273,22.102000141143797,-1.0685041521267375
2023-03-21,200.58592224121094,117.32495880126953,21.3799991607666,22.027500057220458,-0.9731253364784928
2023-03-22,198.25421142578125,115.82429504394531,22.260000228881836,22.026000022888184,-0.9669601387243169
2023-03-23,202.68939208984375,119.64418029785156,22.610000610351562,22.09950008392334,-0.9949880395342765
2023-03-24,204.4059295654297,116.47716522216797,21.739999771118164,22.10300006866455,-0.9274009011091187
2023-03-27,201.26060485839844,115.83403015136719,20.600000381469727,22.085500049591065,-0.9424044362349652
2023-03-28,199.11740112304688,113.42710876464844,19.969999313354492,22.048999977111816,-0.9193876917850187
2023-03-29,203.7510528564453,116.78900909423828,19.1200008392334,21.976000022888183,-0.9380508983757807
2023-03-30,206.22169494628906,118.99127960205078,19.020000457763672,21.947500038146973,-0.9549198889549659
2023-03-31,210.2897491455078,119.69290161132812,18.700000762939453,21.958000087738036,-0.9333167219919517
2023-04-03,211.4109649658203,119.1959228515625,18.549999237060547,21.955000019073488,-0.91570637354382
2023-04-04,213.04808044433594,117.05210876464844,19.0,21.925500011444093,-0.8660483391196409
2023-04-05,209.8333282470703,114.32362365722656,19.079999923706055,21.923999977111816,-0.84641301713527
2023-04-06,214.41738891601562,111.52692413330078,18.399999618530273,21.71349992752075,-0.7615001937966378
2023-04-10,213.077880859375,113.52456665039062,18.969999313354492,21.42199993133545,-0.8062431428003997
2023-04-11,212.18487548828125,113.40762329101562,19.100000381469727,21.050999927520753,-0.8116113708965854
2023-04-12,212.33370971679688,110.26988983154297,19.09000015258789,20.81899995803833,-0.7574090743675509
2023-04-13,218.63427734375,110.57196044921875,17.799999237060547,20.401999950408936,-0.710702908405259
2023-04-14,219.76541137695312,110.01651000976562,17.06999969482422,20.10599994659424,-0.6920237526830497
2023-04-17,217.1558837890625,108.93486785888672,16.950000762939453,19.67799997329712,-0.6952178000109771
2023-04-18,216.1934356689453,108.42814636230469,16.829999923706055,19.311999988555907,-0.6945758810054824
2023-04-19,214.02047729492188,107.5218734741211,16.459999084472656,19.06599998474121,-0.6971412288798591
2023-04-20,211.4109649658203,111.46845245361328,17.170000076293945,18.811499977111815,-0.7852332631622123
2023-04-21,211.2323455810547,110.56221008300781,16.770000457763672,18.51949996948242,-0.7714006718478783
2023-04-24,211.1331329345703,110.70838165283203,16.889999389648438,18.276999950408936,-0.7746844560169295
2023-04-25,205.9339599609375,107.78500366210938,18.760000228881836,18.18499994277954,-0.7680754014756814
2023-04-26,207.76951599121094,107.49264526367188,18.84000015258789,18.12849998474121,-0.748046266276952
2023-04-27,236.7024688720703,108.82768249511719,17.030000686645508,18.023999977111817,-0.5326862310442347
2023-04-28,238.4487762451172,110.14319610595703,15.779999732971191,17.86199994087219,-0.5405387742475605
2023-05-01,241.2864990234375,110.06523132324219,16.079999923706055,17.73099989891052,-0.5158892130724018
2023-05-02,237.377197265625,109.29540252685547,17.780000686645508,17.692499971389772,-0.535035412455837
2023-05-03,235.18441772460938,110.39655303955078,18.34000015258789,17.659499979019166,-0.5716577260886412
2023-05-04,231.70172119140625,109.5780029296875,20.09000015258789,17.709999990463256,-0.5864735371393611
2023-05-05,230.9674835205078,113.09580993652344,17.190000534057617,17.649500036239623,-0.6519065988396395
2023-05-08,231.45367431640625,112.79373168945312,16.979999542236328,17.550000047683717,-0.6428085076446057
2023-05-09,231.55287170410156,110.93251037597656,17.709999084472656,17.480499982833862,-0.6105673941737627
2023-05-10,231.26515197753906,112.46239471435547,16.940000534057617,17.37300000190735,-0.6387642320862779
2023-05-11,233.9540252685547,112.51112365722656,16.93000030517578,17.32950005531311,-0.6174777238324615
2023-05-12,231.9894561767578,113.12504577636719,17.030000686645508,17.327500104904175,-0.6439970549672045
2023-05-15,237.00015258789062,118.016845703125,17.1200008392334,17.33600010871887,-0.6853913310844315
2023-05-16,236.96044921875,117.83167266845703,17.989999771118164,17.39400010108948,-0.6825912706502586
2023-05-17,240.60189819335938,122.4896011352539,16.8700008392334,17.414500188827514,-0.7312954238707182
2023-05-18,244.9279327392578,126.60179901123047,16.049999237060547,17.358500146865843,-0.765156279640462
2023-05-19,243.72732543945312,123.70767211914062,16.809999465942383,17.36050009727478,-0.7261628996126144
2023-05-22,246.38650512695312,123.31788635253906,17.209999084472656,17.37650008201599,-0.6977165228113656
2023-05-23,244.81878662109375,121.31050872802734,18.530000686645508,17.365000104904176,-0.6767138766020911
2023-05-24,247.2695770263672,118.92668914794922,20.030000686645508,17.424500131607054,-0.6163130688293321
2023-05-25,250.7224578857422,127.46542358398438,19.139999389648438,17.530000066757204,-0.7320925071766798
2023-05-26,259.9996643066406,132.92666625976562,17.950000762939453,17.638500118255614,-0.7480200558218543
2023-05-30,260.47589111328125,133.42495727539062,17.459999084472656,17.707500076293947,-0.7525175871257126
2023-05-31,262.6588134765625,130.2302703857422,17.940000534057617,17.71550006866455,-0.6806283786060766
2023-06-01,270.4873352050781,131.7250213623047,15.649999618530273,17.58100004196167,-0.6414962094857724
2023-06-02,270.4873352050781,131.52963256835938,14.600000381469727,17.306500053405763,-0.6381972018717776
2023-06-05,269.2768249511719,130.6503448486328,14.729999542236328,17.183500003814697,-0.6333044453714064
2023-06-06,269.00897216796875,130.85552978515625,13.960000038146973,17.03250002861023,-0.6389712740205573
2023-06-07,261.5475158691406,131.90087890625,13.9399995803833,16.84400005340576,-0.717973119140323
2023-06-08,262.5198669433594,133.06350708007812,13.649999618530273,16.679500007629393,-0.729608151648998
2023-06-09,262.88702392578125,132.9853057861328,13.829999923706055,16.52449998855591,-0.7252688270224822
2023-06-12,268.93951416015625,136.78573608398438,15.010000228881836,16.423499965667723,-0.7396699144002148
2023-06-13,269.2073669433594,138.52471923828125,14.609999656677246,16.297999906539918,-0.7668290488218918
2023-06-14,271.22161865234375,137.9190216064453,13.880000114440918,16.092499923706054,-0.7400400672191982
2023-06-15,279.6355285644531,136.8834228515625,14.5,15.973999881744385,-0.6533712995904051
2023-06-16,278.81201171875,135.73057556152344,13.539999961853027,15.84849991798401,-0.640677621086131
2023-06-20,282.1160888671875,135.3300323486328,13.880000114440918,15.701999950408936,-0.6067469420237138
2023-06-21,279.4470520019531,133.52264404296875,13.199999809265137,15.50149998664856,-0.5981765715590401
2023-06-22,282.6618347167969,135.7208251953125,12.90999984741211,15.220499944686889,-0.6088578190579821
2023-06-23,286.48187255859375,132.9364776611328,13.4399995803833,14.890999889373779,-0.5304357292183459
2023-06-26,276.30169677734375,136.58058166503906,14.25,14.646499919891358,-0.6756704664248542
2023-06-27,284.81494140625,143.1751251220703,13.739999771118164,14.435999870300293,-0.717014708780259
2023-06-28,283.0685729980469,140.7131805419922,13.430000305175781,14.23449993133545,-0.6898059560322071
2023-06-29,279.33795166015625,140.90853881835938,13.539999961853027,14.01449990272522,-0.7237794862906631
2023-06-30,284.7454833984375,141.2113800048828,13.59000015258789,13.9114999294281,-0.6844293194052128
2023-07-03,283.79296875,142.12001037597656,13.569999694824219,13.859999895095825,-0.7076029812818138
2023-07-05,292.07794189453125,138.98390197753906,14.180000305175781,13.832499933242797,-0.5865287119306896
2023-07-06,289.7164611816406,137.14720153808594,15.4399995803833,13.906499910354615,-0.5749345451260296
2023-07-07,288.267822265625,136.35585021972656,14.829999923706055,13.950999927520751,-0.5734845484548173
2023-07-10,291.8100891113281,137.3230743408203,15.069999694824219,14.021999931335449,-0.5606891805546101
2023-07-11,295.9674072265625,134.39212036132812,14.84000015258789,14.07249994277954,-0.4770184526520019
2023-07-12,306.9313659667969,135.69151306152344,13.539999961853027,13.9989999294281,-0.4088066570273392
2023-07-13,310.9696960449219,139.36492919921875,13.609999656677246,13.948999929428101,-0.4376246302542458
2023-07-14,306.46502685546875,139.45285034179688,13.34000015258789,13.92199993133545,-0.4761487664666788
2023-07-17,308.2013244628906,142.14930725097656,13.479999542236328,13.870999908447265,-0.5073999084246396
2023-07-18,309.6202697753906,141.18211364746094,13.300000190734863,13.858999919891357,-0.47940221935334687
2023-07-19,313.5494384765625,138.51495361328125,13.760000228881836,13.852999925613403,-0.4020614325719944
2023-07-20,300.1644592285156,130.9532012939453,13.989999771118164,13.892499923706055,-0.38444436593025444
2023-07-21,291.96881103515625,133.2588653564453,13.600000381469727,13.926999950408936,-0.49076266992160494
2023-07-24,289.33941650390625,135.1639862060547,13.90999984741211,13.950499963760375,-0.5445495460641981
2023-07-25,292.1771545410156,136.83456420898438,13.859999656677246,13.930999946594238,-0.5494228215483258
2023-07-26,296.2452392578125,135.81854248046875,13.1899995803833,13.903499937057495,-0.4988181510509485
2023-07-27,309.2829284667969,142.77459716796875,14.40999984741211,13.952499914169312,-0.5090640156215199
2023-07-28,322.9456787109375,148.43121337890625,13.329999923706055,13.941999912261963,-0.4922301755018326
2023-07-31,316.1192626953125,148.09906005859375,13.630000114440918,13.943999910354615,-0.5427522043140668
2023-08-01,320.1972351074219,149.1151123046875,13.930000305175781,13.961999940872193,-0.5263764266856921
2023-08-02,311.8627014160156,143.93714904785156,16.09000015258789,14.057499933242799,-0.5074807318840959
2023-08-03,310.75140380859375,144.40611267089844,15.920000076293945,14.08149995803833,-0.5245365111836905
2023-08-04,308.310546875,142.30563354492188,17.100000381469727,14.194999980926514,-0.5091412907505916
2023-08-07,314.09515380859375,146.91693115234375,15.770000457763672,14.230000019073486,-0.5394359948601812
2023-08-08,310.2056579589844,144.6014862060547,15.989999771118164,14.2875,-0.5323226569914072
2023-08-09,302.8334655761719,141.817138671875,15.960000038146973,14.408500003814698,-0.5459286920609666
2023-08-10,303.359375,141.27978515625,15.850000381469727,14.520500040054321,-0.5325315506492359
2023-08-11,299.29132080078125,135.63290405273438,14.84000015258789,14.595500040054322,-0.4706373630524142
2023-08-14,303.8059387207031,138.6224365234375,14.819999694824219,14.662500047683716,-0.48399214589379747
2023-08-15,299.5989074707031,136.85411071777344,16.459999084472656,14.820499992370605,-0.48872747977984093
2023-08-16,291.9985656738281,135.06626892089844,16.780000686645508,14.971500015258789,-0.52103479893172
2023-08-17,282.87017822265625,134.4214630126953,17.889999389648438,15.166499996185303,-0.5852058628666229
2023-08-18,281.04449462890625,139.3747100830078,17.299999237060547,15.351499938964844,-0.6838497742876443
2023-08-21,287.6427307128906,145.34397888183594,17.1299991607666,15.512499904632568,-0.7303828368041657
2023-08-22,285.36065673828125,144.44522094726562,16.969999313354492,15.667999887466431,-0.7339722727284833
2023-08-23,291.94891357421875,144.9053497314453,15.979999542236328,15.807499885559082,-0.687569287161906
2023-08-24,284.5172424316406,139.53993225097656,17.200000762939453,15.94699993133545,-0.6580847663319842
2023-08-25,283.27703857421875,141.34146118164062,15.680000305175781,16.064499950408937,-0.6986999412074604
2023-08-28,287.99993896484375,142.37928771972656,15.079999923706055,16.136999940872194,-0.6773888867817126
2023-08-29,295.66973876953125,146.8439178466797,14.449999809265137,16.16299991607666,-0.6897062093127275
2023-08-30,292.8022155761719,147.79367065429688,13.880000114440918,16.05249991416931,-0.7293203555071031
2023-08-31,293.58612060546875,149.5657958984375,13.569999694824219,15.934999895095824,-0.7527958315550436
2023-09-01,294.0722961425781,150.77012634277344,13.09000015258789,15.734499883651733,-0.7691325575617762
2023-09-05,297.81292724609375,150.39804077148438,14.010000228881836,15.646499872207642,-0.7320928011681839
2023-09-06,296.840576171875,149.97703552246094,14.449999809265137,15.56949987411499,-0.7329795700701301
2023-09-07,296.344482421875,145.1305389404297,14.399999618530273,15.491499853134155,-0.6552288851067718
2023-09-08,295.570556640625,144.4451904296875,13.84000015258789,15.390999841690064,-0.6500208446687943
2023-09-11,305.1651611328125,143.64234924316406,13.800000190734863,15.338999843597412,-0.5575737686929584
2023-09-12,299.3111877441406,140.9596405029297,14.229999542236328,15.309499835968017,-0.5604123487523586
2023-09-13,302.6846923828125,141.556884765625,13.479999542236328,15.160499858856202,-0.5427577686444621
2023-09-14,309.2928771972656,141.5470733642578,12.819999694824219,14.962499809265136,-0.48825630311391166
2023-09-15,297.9716796875,135.3592529296875,13.789999961853027,14.757499837875367,-0.476867699408056
2023-09-18,300.1942138671875,137.3369903564453,14.0,14.59249987602234,-0.4919856683549865
2023-09-19,302.6946105957031,134.8305206298828,14.109999656677246,14.44149990081787,-0.42910610778062597
2023-09-20,297.3366394042969,134.10598754882812,15.140000343322754,14.349999952316285,-0.46092878063328513
2023-09-21,293.4273376464844,132.36318969726562,17.540000915527344,14.428000020980836,-0.46364705569008346
2023-09-22,296.7511901855469,133.32272338867188,17.200000762939453,14.428000020980836,-0.4525177519551659
2023-09-25,298.4876708984375,133.7339630126953,16.899999618530273,14.48899998664856,-0.44518304031553624
2023-09-26,296.6321716308594,131.2764129638672,18.940000534057617,14.682000017166137,-0.41894581486205595
2023-09-27,295.42169189453125,132.2359161376953,18.219999313354492,14.870499992370606,-0.4450995478088209
2023-09-28,301.59326171875,135.32984924316406,17.34000015258789,15.043499994277955,-0.44659277595292496
2023-09-29,297.8724365234375,135.5550537109375,17.520000457763672,15.241000032424926,-0.4809896901709104
2023-10-02,304.4309997558594,136.59288024902344,17.610000610351562,15.467000055313111,-0.4445848960788183
2023-10-03,298.5967712402344,133.86122131347656,19.780000686645508,15.755500078201294,-0.44643463296338315
2023-10-04,303.20062255859375,136.3872528076172,18.579999923706055,15.96200008392334,-0.4512297936397407
2023-10-05,302.41680908203125,136.36767578125,18.489999771118164,16.166500091552734,-0.45734415593604133
2023-10-06,312.97393798828125,137.3565673828125,17.450000762939453,16.347000122070312,-0.3872349180430887
2023-10-09,315.881103515625,137.219482421875,17.700000762939453,16.542000150680543,-0.3610161595731933
2023-10-10,319.3340148925781,138.443359375,17.030000686645508,16.682000207901,-0.3532889265643856
2023-10-11,325.2674255371094,139.20703125,16.09000015258789,16.81250023841858,-0.31739553425735245
2023-10-12,321.6359558105469,141.96807861328125,16.690000534057617,17.00600028038025,-0.3938737149450962
2023-10-13,312.23974609375,138.18881225585938,19.31999969482422,17.28250026702881,-0.4073237033806618
2023-10-16,318.6494140625,138.05172729492188,17.209999084472656,17.44300022125244,-0.35230561486627165
2023-10-17,321.4772033691406,139.73574829101562,17.8799991607666,17.63150019645691,-0.3574876696432376
2023-10-18,314.50201416015625,138.4923095703125,19.219999313354492,17.835500144958495,-0.39384654865406127
2023-10-19,310.3743896484375,131.61907958984375,21.399999618530273,18.028500080108643,-0.3117361067977989
2023-10-20,306.2466735839844,131.3155517578125,21.709999084472656,18.253999996185303,-0.34055139440098214
2023-10-23,311.56500244140625,131.42327880859375,20.3700008392334,18.42750005722046,-0.29864032810211166
2023-10-24,310.11639404296875,132.0792694091797,18.969999313354492,18.428999996185304,-0.3216274697394618
2023-10-25,297.1977233886719,127.3894271850586,20.190000534057617,18.527500057220458,-0.3486664394294421
2023-10-26,286.1048278808594,128.10414123535156,20.68000030517578,18.694500064849855,-0.45194524779141054
2023-10-27,294.4195556640625,128.55458068847656,21.270000457763672,18.882000064849855,-0.39118275522678514
2023-10-30,300.3034362792969,128.2902069091797,19.75,18.989000034332275,-0.3383387681923083
2023-10-31,298.9241943359375,129.58261108398438,18.139999389648438,18.90699996948242,-0.37150095677449724
2023-11-01,309.421875,132.46112060546875,16.8700008392334,18.82150001525879,-0.33378545245202806
2023-11-02,308.44940185546875,135.61378479003906,15.65999984741211,18.680000019073486,-0.39501221603610054
2023-11-03,312.1504211425781,136.82785034179688,14.90999984741211,18.55299997329712,-0.3850792565974044
2023-11-06,313.3410339355469,137.4250946044922,14.890000343322754,18.412499952316285,-0.38537350700926626
2023-11-07,316.3375549316406,138.77626037597656,14.8100004196167,18.301499938964845,-0.38354812998462096
2023-11-08,317.2900390625,141.21420288085938,14.449999809265137,18.219499921798707,-0.4168793382429783
2023-11-09,318.0540771484375,140.17637634277344,15.289999961853027,18.149499893188477,-0.39307403521747536
2023-11-10,326.21002197265625,147.52931213378906,14.170000076293945,17.891999912261962,-0.4501611171372797
2023-11-13,326.6268310546875,146.60897827148438,14.760000228881836,17.76949996948242,-0.43119468931722166
2023-11-14,333.6913757324219,150.8582000732422,14.15999984741211,17.5835000038147,-0.4448516989156191
2023-11-15,330.119384765625,152.12124633789062,14.180000305175781,17.33150005340576,-0.4955480802182801
2023-11-16,331.587890625,151.5729522705078,14.319999694824219,16.97750005722046,-0.47421571479848973
2023-11-17,332.4313049316406,145.48301696777344,13.800000190734863,16.58200011253357,-0.3644563017482565
2023-11-20,337.3228454589844,149.3798065185547,13.40999984741211,16.234000062942506,-0.39003026012810343
2023-11-21,334.3561096191406,146.12924194335938,13.350000381469727,15.953000116348267,-0.3595406647314434
2023-11-22,338.8310241699219,146.6688690185547,12.850000381469727,15.586000108718872,-0.3318569132159227
2023-11-24,335.596435546875,147.51272583007812,12.460000038146973,15.175000095367432,-0.3727012730356243
2023-11-27,332.09393310546875,147.97386169433594,12.6899995803833,14.746000051498413,-0.409286570210345
2023-11-28,336.3504943847656,145.27557373046875,12.6899995803833,14.393000030517578,-0.3287282235715111
2023-11-29,329.61346435546875,146.55111694335938,12.979999542236328,14.135000038146973,-0.4056601444446312
2023-11-30,324.6026611328125,146.9632110595703,12.920000076293945,13.9375,-0.4538194096539325
2023-12-01,322.29083251953125,148.73919677734375,12.630000114440918,13.78600001335144,-0.5028147403518238
2023-12-04,317.5281677246094,145.4816131591797,13.079999923706055,13.694500017166138,-0.4869736609033033
2023-12-05,315.81170654296875,143.4014892578125,12.850000381469727,13.592500019073487,-0.4659657798285155
2023-12-06,314.9782409667969,141.97874450683594,12.970000267028809,13.500500011444093,-0.44879686871670665
2023-12-07,324.0470886230469,145.59934997558594,13.0600004196167,13.43100004196167,-0.43535973339344475
2023-12-08,330.1590881347656,144.94198608398438,12.350000381469727,13.284000062942505,-0.37400466628429074
2023-12-11,322.7472229003906,152.22242736816406,12.630000114440918,13.207000064849854,-0.5578740622369232
2023-12-12,331.61761474609375,154.2633056640625,12.069999694824219,13.072500038146973,-0.5193961053277734
2023-12-13,332.133544921875,154.03762817382812,12.1899995803833,12.974000024795533,-0.51134345714755
2023-12-14,330.5758361816406,158.69833374023438,12.479999542236328,12.88899998664856,-0.6028445796486946
2023-12-15,332.312255859375,158.9043731689453,12.279999732971191,12.786999988555909,-0.5920457033815952
2023-12-18,341.9366760253906,157.3442840576172,12.5600004196167,12.725,-0.48656784903003253
2023-12-19,347.6319580078125,159.2772216796875,12.529999732971191,12.680999994277954,-0.4723747310834642
2023-12-20,346.56036376953125,153.96896362304688,13.670000076293945,12.696999979019164,-0.39155956935842673
2023-12-21,351.33294677734375,158.35488891601562,13.649999618530273,12.736999940872192,-0.4263703821973699
2023-12-22,350.6383972167969,159.00250244140625,13.029999732971191,12.765499925613403,-0.44301583299131686
2023-12-26,352.0671081542969,161.1905517578125,12.989999771118164,12.780499935150146,-0.4682119883803956
2023-12-27,355.0437927246094,161.1218719482422,12.430000305175781,12.767499971389771,-0.44257658421366564
2023-12-28,355.5299987792969,160.05233764648438,12.470000267028809,12.742000007629395,-0.4205203912194865
2023-12-29,351.2039489746094,159.0221405029297,12.449999809265137,12.718499994277954,-0.43869715844658097
2024-01-02,343.5936584472656,151.46688842773438,13.199999809265137,12.746999979019165,-0.37370745989071363
2024-01-03,341.7878112792969,148.60179138183594,14.039999961853027,12.794999980926514,-0.3401808146372251
2024-01-04,344.4172058105469,146.50204467773438,14.130000114440918,12.858999967575073,-0.28310781259720863
2024-01-05,349.2096252441406,146.19789123535156,13.350000381469727,12.877999973297118,-0.2385667135859757
2024-01-08,355.86737060546875,148.7097625732422,13.079999923706055,12.878999948501587,-0.22623464365299778
2024-01-09,354.6468811035156,148.18971252441406,12.760000228881836,12.899499940872193,-0.2274894265952102
2024-01-10,367.5853576660156,146.99266052246094,12.6899995803833,12.902499914169312,-0.10089137601711809
2024-01-11,366.7916259765625,149.0924072265625,12.4399995803833,12.920999908447266,-0.1428706383907897
2024-01-12,371.5740661621094,148.4055633544922,12.699999809265137,12.946499919891357,-0.09195012472489018
2024-01-16,364.5987854003906,150.8683624267578,13.84000015258789,13.014499950408936,-0.19088707455850834
2024-01-17,365.5017395019531,150.4857177734375,14.789999961853027,13.139999961853027,-0.17700183737004058
2024-01-18,373.2013244628906,157.3246307373047,14.130000114440918,13.218499946594239,-0.22916241102740603
2024-01-19,380.46429443359375,164.78170776367188,13.300000190734863,13.256999969482422,-0.2953503339407048
2024-01-22,378.8072814941406,165.13494873046875,13.1899995803833,13.23299994468689,-0.31493935936794853
2024-01-23,382.20068359375,163.90846252441406,12.550000190734863,13.17799997329712,-0.26632871707353
2024-01-24,387.6578674316406,170.8651123046875,13.140000343322754,13.183500003814697,-0.33891534284815245
2024-01-25,390.1185302734375,169.3834991455078,13.449999809265137,13.206500005722045,-0.2936665040702119
2024-01-26,391.0710754394531,163.76126098632812,13.260000228881836,13.248000001907348,-0.1909065123056012
2024-01-29,397.8974914550781,165.31155395507812,13.600000381469727,13.304500007629395,-0.16095194744029861
2024-01-30,396.9449768066406,163.11367797851562,13.3100004196167,13.347500038146972,-0.13167435104918948
2024-01-31,387.10223388671875,161.21018981933594,14.350000381469727,13.405000066757202,-0.18046720521906326
2024-02-01,391.70611572265625,163.8299560546875,13.880000114440918,13.397000074386597,-0.1868447626625927
2024-02-02,471.29156494140625,165.01719665527344,13.850000381469727,13.383000087738036,0.44750092364105065
2024-02-05,455.8328552246094,167.87246704101562,13.670000076293945,13.399000072479248,0.2721823575752151
2024-02-06,451.1794128417969,165.52740478515625,13.0600004196167,13.39800009727478,0.2735142125006445
2024-02-07,465.93359375,167.68605041503906,12.829999923706055,13.40150008201599,0.35838320945541596
2024-02-08,466.3404235839844,170.6198272705078,12.789999961853027,13.406500101089478,0.3121935305615566
2024-02-09,464.465087890625,182.34506225585938,12.930000305175781,13.431000137329102,0.09880091969996894
2024-02-12,465.24896240234375,182.05072021484375,13.930000305175781,13.492500162124633,0.11021609495847089
2024-02-13,456.537353515625,176.91905212402344,15.850000381469727,13.593000173568726,0.12522962600454884
2024-02-14,469.5948181152344,182.68850708007812,14.380000114440918,13.57250018119812,0.1351812983882554
2024-02-15,480.26116943359375,184.130859375,14.010000228881836,13.566500186920166,0.19853224061926764
2024-02-16,469.634521484375,195.81687927246094,14.239999771118164,13.613500165939332,-0.0861559243291705
2024-02-20,468.0768127441406,185.58302307128906,15.420000076293945,13.725000190734864,0.0738275531110367
2024-02-21,464.8784484863281,187.067138671875,15.34000015258789,13.864500188827515,0.022470711626034864
2024-02-22,482.8565673828125,196.30599975585938,14.539999961853027,13.934500169754028,0.014303893619883993
2024-02-23,480.7707214355469,193.78005981445312,13.75,13.949500179290771,0.03980181032846174
2024-02-26,478.49615478515625,200.06051635742188,13.739999771118164,13.973500156402588,-0.08494207665056071
2024-02-27,483.7703552246094,199.38235473632812,13.430000305175781,13.96500015258789,-0.030124657709200257
2024-02-28,480.7607727050781,194.1535186767578,13.84000015258789,13.99150013923645,0.03341440661980154
2024-02-29,486.82965087890625,198.16358947753906,13.399999618530273,13.944000101089477,0.015608431012074915
2024-03-01,498.917724609375,206.64564514160156,13.109999656677246,13.905500078201294,-0.028211142057100912
2024-03-04,494.83538818359375,205.898681640625,13.489999771118164,13.887500047683716,-0.04916618422734195
2024-03-05,486.9190368652344,203.83468627929688,14.460000038146973,13.927000045776367,-0.0794092258749943
2024-03-06,492.74951171875,208.53273010253906,14.5,13.999000024795532,-0.11079143213850459
2024-03-07,508.74114990234375,208.96519470214844,14.4399995803833,14.079500007629395,0.013397957589459442
2024-03-08,502.54315185546875,202.0360565185547,14.739999771118164,14.17699999809265,0.07942872304431105
2024-03-11,480.3336486816406,197.91787719726562,15.220000267028809,14.291499996185303,-0.033656268315330265
2024-03-12,496.3848876953125,201.42666625976562,13.84000015258789,14.286999988555909,0.03908153174111703
2024-03-13,492.2330322265625,197.12176513671875,13.75,14.181999969482423,0.07762823912937351
2024-03-14,488.5181884765625,197.30853271484375,14.399999618530273,14.18299994468689,0.043929488232701826
2024-03-15,480.84027099609375,195.24449157714844,14.40999984741211,14.202999925613403,0.01564774197334205
2024-03-18,493.6335754394531,197.28884887695312,14.329999923706055,14.207499933242797,0.08632311125570606
2024-03-19,492.89849853515625,197.8883819580078,13.819999694824219,14.127499914169311,0.0701562301130744
2024-03-20,502.1159973144531,201.5446014404297,13.039999961853027,14.012499904632568,0.08421433092390894
2024-03-21,504.3409423828125,207.18621826171875,12.920000076293945,13.931499910354614,0.0072540603853614525
2024-03-22,506.1486511230469,206.64564514160156,13.0600004196167,13.896999931335449,0.031245158881582722
2024-03-25,499.6328430175781,204.8863525390625,13.1899995803833,13.869499921798706,0.007373385325071713
2024-03-26,492.55084228515625,203.12701416015625,13.239999771118164,13.859999895095825,-0.021153134804924215
2024-03-27,490.5345153808594,204.43423461914062,12.779999732971191,13.80699987411499,-0.059803918090895004
2024-03-28,482.3102722167969,202.69454956054688,13.010000228881836,13.787499904632568,-0.09805436084712471
2024-04-01,488.0413818359375,205.1123809814453,13.649999618530273,13.81449990272522,-0.09175375390385063
2024-04-02,494.0208740234375,202.57659912109375,14.609999656677246,13.870499897003175,0.00022758832786244244
2024-04-03,503.32781982421875,203.8248748779297,14.329999923706055,13.863999891281129,0.055677668308246844
2024-04-04,507.479736328125,199.9032440185547,16.350000381469727,13.956499910354614,0.156030890424237
2024-04-05,523.7890625,204.28680419921875,16.030000686645508,14.035999965667724,0.21612089382642377
2024-04-08,515.7535400390625,205.45639038085938,15.1899995803833,14.058499956130982,0.13030113035246918
2024-04-09,513.4194946289062,206.8029022216797,14.979999542236328,14.046499919891357,0.08837449791117963
2024-04-10,516.3297119140625,205.66278076171875,15.800000190734863,14.144499921798706,0.1315539422396547
2024-04-11,519.63720703125,209.328857421875,14.90999984741211,14.202499914169312,0.09685059988363406
2024-04-12,508.4530334472656,204.29660034179688,17.309999465942383,14.347999906539917,0.08985497741103393
2024-04-15,496.8616638183594,202.1539764404297,19.229999542236328,14.588999891281128,0.030721683511520034
2024-04-16,496.39483642578125,205.88885498046875,18.399999618530273,14.792499876022339,-0.03617770289021195
2024-04-17,490.8424072265625,196.46324157714844,18.209999084472656,15.01199984550476,0.07731254843152002
2024-04-18,498.4210510253906,190.98873901367188,18.0,15.259999847412109,0.23206122764512524
2024-04-19,477.8306579589844,186.51675415039062,18.709999084472656,15.549499797821046,0.13826313810635732
2024-04-22,478.4862060546875,186.21205139160156,16.940000534057617,15.743499803543092,0.14879808298391678
2024-04-23,492.75946044921875,189.92726135253906,15.6899995803833,15.868499803543092,0.20343112538545022
2024-04-24,490.1769714355469,192.6988983154297,15.970000267028809,16.004999828338622,0.1353993914975648
2024-04-25,438.40789794921875,194.11422729492188,15.369999885559082,16.13449983596802,-0.31416874264009187
2024-04-26,440.3050842285156,199.8934326171875,15.029999732971191,16.235499811172485,-0.3961470989363486
2024-04-29,429.70684814453125,201.74119567871094,14.670000076293945,16.28649983406067,-0.5144893357582059
2024-04-30,427.2734069824219,195.24449157714844,15.649999618530273,16.33849983215332,-0.4248058542728086
2024-05-01,436.232666015625,190.66441345214844,15.390000343322754,16.391499853134157,-0.2738068164337816
2024-05-02,438.70587158203125,194.51719665527344,14.680000305175781,16.307999849319458,-0.3185225191866157
2024-05-03,448.91668701171875,200.5912628173828,13.489999771118164,16.18099980354309,-0.3371205767844278
2024-05-06,462.54425048828125,205.2794647216797,13.489999771118164,16.095999813079835,-0.3042250394198198
2024-05-07,465.0870361328125,203.76589965820312,13.229999542236328,16.008499813079833,-0.25776145951915264
2024-05-08,469.41766357421875,203.80517578125,13.0,15.868499803543092,-0.22281602155170824
2024-05-09,472.2187194824219,202.79281616210938,12.6899995803833,15.75749979019165,-0.18269132901825708
2024-05-10,472.99346923828125,206.13453674316406,12.550000190734863,15.519499826431275,-0.23274363981458038
2024-05-13,464.8586120605469,203.0876922607422,13.600000381469727,15.237999868392944,-0.2481886035667806
2024-05-14,468.6726989746094,206.22303771972656,13.420000076293945,14.988999891281129,-0.2697654570190517
2024-05-15,478.2974853515625,213.76153564453125,12.449999809265137,14.700999927520751,-0.31790807881598304
2024-05-16,470.0434875488281,210.36085510253906,12.420000076293945,14.42199993133545,-0.32835839397219396
2024-05-17,468.73236083984375,208.44427490234375,11.989999771118164,14.085999965667725,-0.30677897452977654
2024-05-20,465.6830139160156,216.17935180664062,12.149999618530273,13.846499919891357,-0.4624537739455125
2024-05-21,461.5013427734375,216.03192138671875,11.859999656677246,13.654999923706054,-0.4943483064464408
2024-05-22,464.63018798828125,214.80111694335938,12.289999961853027,13.470999908447265,-0.44784007290219985
2024-05-23,462.64361572265625,214.60418701171875,12.770000457763672,13.340999937057495,-0.46084963678478374
2024-05-24,474.9998474121094,217.49905395507812,11.930000305175781,13.185999965667724,-0.4081283786853558
2024-05-28,476.68841552734375,217.92247009277344,12.920000076293945,13.098499965667724,-0.40139322062732613
2024-05-29,471.165771484375,215.6873321533203,14.279999732971191,13.02999997138977,-0.4090643749993575
2024-05-30,463.9050598144531,213.21583557128906,14.470000267028809,12.983999967575073,-0.42703603648613303
2024-05-31,463.6865234375,211.77825927734375,12.920000076293945,12.895999956130982,-0.4045604488104746
2024-06-03,474.2747497558594,210.921630859375,13.109999656677246,12.876999950408935,-0.303035155295308
2024-06-04,473.7781066894531,208.96217346191406,13.15999984741211,12.860499954223632,-0.27403469076539777
2024-06-05,491.7264404296875,219.9409942626953,12.630000114440918,12.830499982833862,-0.31182446006371484
2024-06-06,490.4352111816406,218.34584045410156,12.579999923706055,12.809499979019165,-0.2955085009192342
2024-06-07,489.6405944824219,218.32615661621094,12.220000267028809,12.78600001335144,-0.3017098892849802
2024-06-10,499.2156677246094,224.65745544433594,12.739999771118164,12.795499992370605,-0.32987853725402877
2024-06-11,504.0528869628906,226.43968200683594,12.850000381469727,12.757999992370605,-0.3201961868409508
2024-06-12,505.41363525390625,234.00177001953125,12.039999961853027,12.68899998664856,-0.43668817325318976
2024-06-13,500.70556640625,233.9033203125,11.9399995803833,12.663499975204468,-0.47373801764711204
2024-06-14,501.2623596191406,233.3912811279297,12.65999984741211,12.675499963760377,-0.4605143496028594
2024-06-17,503.7181701660156,239.1317901611328,12.75,12.713499975204467,-0.5372460566011236
2024-06-18,496.61920166015625,244.0255126953125,12.300000190734863,12.721000003814698,-0.6782445272858372
2024-06-20,498.8165283203125,236.3058624267578,13.279999732971191,12.792000007629394,-0.5298359337021584
2024-06-21,491.936279296875,231.79617309570312,13.199999809265137,12.8375,-0.5102657348530075
2024-06-24,496.04254150390625,226.3116455078125,13.329999923706055,12.86549997329712,-0.3838994512102415
2024-06-25,507.6653747558594,230.6736602783203,12.84000015258789,12.910999965667724,-0.3619803611436856
2024-06-26,510.17083740234375,228.6058807373047,12.550000190734863,12.892499971389771,-0.3064661330821349
2024-06-27,516.5738525390625,228.96035766601562,12.239999771118164,12.79049997329712,-0.2598024374732906
2024-06-28,501.3220520019531,232.3672637939453,12.4399995803833,12.688999938964844,-0.4427336889393388
2024-07-01,501.7793273925781,233.7654571533203,12.220000267028809,12.653999948501587,-0.4625812906120859
2024-07-02,506.5716552734375,237.16250610351562,12.029999732971191,12.599999952316285,-0.48053324309427486
2024-07-03,507.029052734375,239.5748748779297,12.09000015258789,12.546499967575073,-0.5175035068824184
2024-07-05,536.8068237304688,238.86593627929688,12.479999542236328,12.538999938964844,-0.2606858045671707
2024-07-08,526.2777709960938,242.50914001464844,12.369999885559082,12.528499937057495,-0.408773982465739
2024-07-09,526.9537963867188,247.609619140625,12.510000228881836,12.542999935150146,-0.4893335027696478
2024-07-10,531.6168823242188,251.05589294433594,12.850000381469727,12.548499965667725,-0.5091792756215799
2024-07-11,509.7533264160156,237.5563507080078,12.920000076293945,12.551999950408936,-0.46102174847375954
2024-07-12,496.0028076171875,239.6634979248047,12.460000038146973,12.572999954223633,-0.609663159266504
2024-07-15,493.30828857421875,241.780517578125,13.119999885559082,12.631999969482422,-0.667563289736479
2024-07-16,486.9750061035156,242.0660400390625,13.1899995803833,12.658499956130981,-0.724459565188226
2024-07-17,459.334716796875,216.691650390625,14.479999542236328,12.744999933242799,-0.5233024687937362
2024-07-18,473.1151123046875,214.3087615966797,15.930000305175781,12.926499938964843,-0.3697596867263156
2024-07-19,474.0496826171875,207.03224182128906,16.520000457763672,13.088499975204467,-0.23921606717155816
2024-07-22,484.5987243652344,220.03945922851562,14.90999984741211,13.173999977111816,-0.37209462731481163
2024-07-23,485.8812561035156,216.27810668945312,14.720000267028809,13.243499994277954,-0.29804111549913426
2024-07-24,458.61883544921875,203.3594970703125,18.040000915527344,13.503500032424927,-0.3040844137265452
2024-07-25,450.8040771484375,199.21414184570312,18.459999084472656,13.798999977111816,-0.29834975333451985
2024-07-26,463.0234375,203.30043029785156,16.389999389648438,14.00649995803833,-0.26687026618886284
2024-07-29,463.0333557128906,202.4142608642578,16.600000381469727,14.214499998092652,-0.25182634224055267
2024-07-30,460.5278625488281,193.71981811523438,17.690000534057617,14.488000011444091,-0.1256279780271662
2024-07-31,472.1009521484375,208.9424591064453,16.360000610351562,14.70450005531311,-0.28749223220400527
2024-08-01,494.8792724609375,193.28656005859375,18.59000015258789,15.029500055313111,0.16414179566671952
2024-08-02,485.3344421386719,179.01898193359375,23.389999389648438,15.575000047683716,0.32655782346704476
2024-08-05,472.99578857421875,179.09776306152344,38.56999969482422,16.885000038146973,0.22377306537517358
2024-08-06,491.2502136230469,180.49595642089844,27.709999084472656,17.644999980926514,0.35026254566947634
2024-08-07,486.1099548339844,175.76963806152344,27.850000381469727,18.394999980926514,0.3877974506721804
2024-08-08,506.7009582519531,187.62481689453125,23.790000915527344,18.938500022888185,0.35694032304866075
2024-08-09,514.794189453125,188.24514770507812,20.3700008392334,19.334000062942504,0.41301305908610975
2024-08-12,512.984619140625,190.12582397460938,20.709999084472656,19.713500022888184,0.3663799186518847
2024-08-13,525.5021362304688,197.71746826171875,18.1200008392334,19.96000008583069,0.3411254378377057
2024-08-14,523.732421875,198.5347442626953,16.190000534057617,20.045500135421754,0.312774807244374
2024-08-15,534.2418212890625,208.57814025878906,15.229999542236328,20.01050009727478,0.22961240760231308
2024-08-16,524.388671875,204.70848083496094,14.800000190734863,19.92450008392334,0.21393145780006903
2024-08-19,526.238037109375,207.70179748535156,14.649999618530273,19.91150007247925,0.17859773860679823
2024-08-20,523.70263671875,202.9951934814453,15.880000114440918,19.969500064849854,0.2372182310010813
2024-08-21,532.0841064453125,205.90975952148438,16.270000457763672,19.88100004196167,0.2569243987171392
2024-08-22,528.8727416992188,197.50445556640625,17.549999237060547,19.835500049591065,0.3724368201512457
2024-08-23,524.96533203125,199.94119262695312,15.859999656677246,19.809000062942506,0.29916548308248064
2024-08-26,518.1248779296875,193.58792114257812,16.149999618530273,19.786500024795533,0.35019053327703853
2024-08-27,516.116455078125,193.13412475585938,15.430000305175781,19.67350001335144,0.3413383192637132
2024-08-28,513.809814453125,190.29287719726562,17.110000610351562,19.71100001335144,0.3703445073248367
2024-08-29,515.241455078125,190.38168334960938,15.649999618530273,19.56399998664856,0.3806167420755168
2024-08-30,518.313720703125,194.6040496826172,15.0,19.144500017166138,0.33458665014910544
2024-09-03,508.81866455078125,180.9010467529297,20.719999313354492,18.25199999809265,0.48787947585147057
2024-09-04,509.7930603027344,179.92440795898438,21.31999969482422,17.932500028610228,0.5123813313401643
2024-09-05,513.8893432617188,177.81320190429688,19.899999618530273,17.534999990463255,0.5817093084181246
2024-09-06,497.39471435546875,172.3971405029297,22.3799991607666,17.46449990272522,0.53752873775645
2024-09-09,501.8887634277344,175.15940856933594,19.450000762939453,17.41849989891052,0.5278420332757248
2024-09-10,501.8887634277344,175.6527099609375,19.079999923706055,17.336999940872193,0.519512972974839
2024-09-11,508.8882751464844,183.4364471435547,17.690000534057617,17.315499925613402,0.4456433285377244
2024-09-12,522.5790405273438,180.74322509765625,17.06999969482422,17.359499883651733,0.6036888938237535
2024-09-13,521.6047973632812,185.93238830566406,16.559999465942383,17.425999879837036,0.5080626678418781
2024-09-16,530.7208251953125,185.05435180664062,17.139999389648438,17.542999839782716,0.5978442687065796
2024-09-17,533.7462158203125,186.05076599121094,17.610000610351562,17.690999889373778,0.605896766857047
2024-09-18,535.3684692382812,183.63377380371094,18.229999542236328,17.80849986076355,0.6600450254082332
2024-09-19,556.4168701171875,194.0614471435547,16.329999923706055,17.81149983406067,0.6570513135015955
2024-09-20,558.6560668945312,189.57273864746094,16.149999618530273,17.741499853134155,0.7512519179277761
2024-09-23,561.701416015625,191.42739868164062,15.890000343322754,17.742999887466432,0.7449776242278114
2024-09-24,560.6266479492188,194.13052368164062,15.390000343322754,17.704999923706055,0.6904999055783109
2024-09-25,565.5827026367188,194.6533660888672,15.40999984741211,17.70399990081787,0.7224232301435995
2024-09-26,565.1150512695312,206.7877655029297,15.369999885559082,17.616999864578247,0.513696840551705
2024-09-27,564.6372680664062,202.16090393066406,16.959999084472656,17.682499837875366,0.5878896954395492
2024-09-30,569.6929321289062,199.32955932617188,16.729999542236328,17.768999814987183,0.6772652369320961
2024-10-01,573.7035522460938,194.5448455810547,19.260000228881836,17.69599986076355,0.7910292200470446
2024-10-02,570.06103515625,198.44166564941406,18.899999618530273,17.574999856948853,0.6952834485771294
2024-10-03,579.9733276367188,196.90267944335938,20.489999771118164,17.604499864578248,0.8027720250596628
2024-10-04,593.0801391601562,199.25064086914062,19.209999084472656,17.44599986076355,0.8708990563484317
2024-10-07,581.9737548828125,197.43539428710938,22.639999389648438,17.605499792099,0.8102260104363597
2024-10-08,590.0447998046875,198.17530822753906,21.420000076293945,17.722499799728393,0.8640972395132883
2024-10-09,587.6761474609375,202.29901123046875,20.860000610351562,17.88099980354309,0.7749950573970374
2024-10-10,581.0281982421875,201.21383666992188,20.93000030517578,18.07399983406067,0.7386547262678603
2024-10-11,587.1189575195312,202.29901123046875,20.459999084472656,18.268999814987183,0.7704135625120293
2024-10-14,587.586669921875,211.0101318359375,19.700000762939453,18.396999883651734,0.6271779494968135
2024-10-15,583.4564819335938,188.44805908203125,20.639999389648438,18.548499822616577,0.9741628105940644
2024-10-16,574.02197265625,182.10462951660156,19.579999923706055,18.615999841690062,1.0036920652068235
2024-10-17,574.161376953125,180.77281188964844,19.110000610351562,18.75499987602234,1.027325156902045
2024-10-18,573.7035522460938,183.85079956054688,18.030000686645508,18.8489999294281,0.9715909530599594
2024-10-21,572.3998413085938,181.9763946533203,18.3700008392334,18.97299995422363,0.992519247399203
2024-10-22,579.217041015625,180.53604125976562,18.200000762939453,19.11349997520447,1.0728930719464471
2024-10-23,560.9849243164062,180.24008178710938,19.239999771118164,19.30499997138977,0.9279765485151322
2024-10-24,565.0552368164062,181.27593994140625,19.079999923706055,19.49049997329712,0.9439549331458522
2024-10-25,570.4989624023438,184.00865173339844,20.329999923706055,19.65900001525879,0.9425759825074372
2024-10-28,575.3854370117188,182.8445281982422,19.799999237060547,19.8125,1.0024104635866409
2024-10-29,590.4329833984375,187.5601806640625,19.34000015258789,19.816499996185303,1.0465183277759353
2024-10-30,588.9598999023438,182.80508422851562,20.350000381469727,19.889000034332277,1.1146924838690888
2024-10-31,564.856201171875,179.13514709472656,23.15999984741211,20.022500038146973,0.9784642014129661
2024-11-01,564.4381713867188,180.9109344482422,21.8799991607666,20.15600004196167,0.945043982837058
2024-11-04,557.9893798828125,179.37193298339844,21.979999542236328,20.123000049591063,0.9180037865151799
2024-11-05,569.6829223632812,183.96917724609375,20.489999771118164,20.076500034332277,0.9365325924349405
2024-11-06,569.3046875,184.9951629638672,16.270000457763672,19.84700002670288,0.9160994810586846
2024-11-07,588.860595703125,191.4767303466797,15.199999809265137,19.56050000190735,0.9674610762607094
2024-11-08,586.5118408203125,189.4444580078125,14.9399995803833,19.28450002670288,0.9824619804426751
2024-11-11,580.3713989257812,186.0211944580078,14.970000267028809,19.048000001907347,0.9897716797970068
2024-11-12,582.013427734375,184.0974578857422,14.710000038146973,18.751500034332274,1.0357542541207185
2024-11-13,577.2166137695312,180.32887268066406,14.020000457763672,18.473500061035157,1.059942458108635
2024-11-14,574.3901977539062,183.4956512451172,14.3100004196167,18.233500051498414,0.9832333355413334
2024-11-15,551.4210205078125,166.60614013671875,16.139999389648438,18.13899998664856,1.0795372213067942
2024-11-18,551.739501953125,168.43125915527344,15.579999923706055,17.99949994087219,1.0513400353121467
2024-11-19,558.3974609375,167.03036499023438,16.350000381469727,17.906999921798707,1.1297382604671344
2024-11-20,562.8060913085938,168.19447326660156,17.15999984741211,17.802999925613403,1.1463330475965612
2024-11-21,560.3877563476562,173.79141235351562,16.8700008392334,17.692499971389772,1.031947755407895
2024-11-22,556.4567260742188,172.93109130859375,15.239999771118164,17.437999963760376,1.0141507936842167
2024-11-25,562.3980712890625,172.6047821044922,14.600000381469727,17.178000020980836,1.0685130212013005
2024-11-26,570.78759765625,171.26980590820312,14.100000381469727,16.916000032424925,1.1600360806887842
2024-11-27,566.468505859375,169.41078186035156,14.100000381469727,16.603500032424925,1.1559107073030763
2024-11-29,571.5638427734375,172.7630157470703,13.510000228881836,16.121000051498413,1.141206918949646
2024-12-02,589.985107421875,181.2276153564453,13.34000015258789,15.694000101089477,1.149756748605153
2024-12-03,610.705078125,181.1188201904297,13.300000190734863,15.260000133514405,1.3219636625015363
2024-12-04,610.8345336914062,179.14111328125,13.449999809265137,14.908000135421753,1.3564203543651243
2024-12-05,606.0077514648438,170.1128692626953,13.539999961853027,14.77150011062622,1.469167925431068
2024-12-06,620.7765502929688,171.09182739257812,12.770000457763672,14.650000143051148,1.5740753436796437
2024-12-09,610.62548828125,169.9447479248047,14.1899995803833,14.612500143051147,1.509975886372223
2024-12-10,616.3479614257812,166.29588317871094,14.180000305175781,14.573000144958495,1.6186375408251616
2024-12-11,629.643798828125,169.222900390625,13.579999923706055,14.51650013923645,1.678541872360465
2024-12-12,627.7628784179688,167.19573974609375,13.920000076293945,14.511500120162964,1.6973032384897073
2024-12-13,617.3729248046875,167.4627227783203,13.8100004196167,14.486500120162964,1.607364005972184
2024-12-16,621.745361328125,167.5220489501953,14.6899995803833,14.414000129699707,1.6423146876495338
2024-12-17,616.9645385742188,168.4416961669922,15.869999885559082,14.428500127792358,1.587476746322349
2024-12-18,594.803466796875,163.60617065429688,27.6200008392334,14.992000150680543,1.4869018873610516
2024-12-19,593.1900024414062,159.640869140625,24.09000015258789,15.338500165939331,1.5405866086939408
2024-12-20,582.9112548828125,161.7668914794922,18.360000610351562,15.41300015449524,1.420173146943433
2024-12-23,597.452880859375,165.5937957763672,16.780000686645508,15.490000200271606,1.4751269916571708
2024-12-24,605.3213500976562,166.49366760253906,14.270000457763672,15.473500204086303,1.5246317612641844
2024-12-26,600.9389038085938,165.6827850341797,14.729999542236328,15.505000162124634,1.5022882956387351
2024-12-27,597.4130249023438,164.9708251953125,15.949999809265137,15.597500133514405,1.4853177128575503
2024-12-30,588.877197265625,161.8163604736328,17.399999618530273,15.792000102996827,1.4683928640200723
2024-12-31,583.1702270507812,160.817626953125,17.350000381469727,15.992500114440919,1.4383302352623688
2025-01-02,596.8453979492188,162.04376220703125,17.93000030517578,16.224000120162962,1.5300718781626619
2025-01-03,602.2137451171875,168.16482543945312,16.1299991607666,16.358000087738038,1.470863106398836
2025-01-06,627.681640625,175.50210571289062,16.040000915527344,16.483000135421754,1.556387890186073
2025-01-07,615.4208374023438,175.8383331298828,17.81999969482422,16.73550009727478,1.4498964501723808
2025-01-08,608.2794189453125,175.017578125,17.700000762939453,16.911000156402586,1.405034022377922
2025-01-10,613.3988037109375,169.73709106445312,19.540000915527344,17.179000186920167,1.5362856210548528
2025-01-13,605.8990478515625,168.95590209960938,19.190000534057617,17.459500217437743,1.4878087177676256
2025-01-14,591.8751831054688,171.7147979736328,18.709999084472656,17.69900016784668,1.3259153844346838
2025-01-15,614.6538696289062,176.39208984375,16.1200008392334,17.814500188827516,1.434240249318667
2025-01-16,608.8571166992188,184.40182495117188,16.600000381469727,17.910000228881835,1.2513374831359256
2025-01-17,610.3212280273438,189.9097442626953,15.970000267028809,17.915000247955323,1.1703786483722274
2025-01-21,613.9965209960938,190.72061157226562,15.0600004196167,17.287000226974488,1.1869078027046656
2025-01-22,621.0083618164062,193.33119201660156,15.100000381469727,16.837500238418578,1.200484786435192
2025-01-23,633.9066772460938,188.57479858398438,15.020000457763672,16.670500230789184,1.3868496843777145
2025-01-24,644.9025268554688,184.6688232421875,14.850000381469727,16.574000215530397,1.54321282089836
2025-01-27,657.2429809570312,172.62457275390625,17.899999618530273,16.755500173568727,1.8480412399537343
2025-01-28,671.6353149414062,170.92373657226562,16.40999984741211,16.839500188827515,1.995099689813926
2025-01-29,673.7865600585938,173.32664489746094,16.559999465942383,16.870000171661378,1.972216823463833
2025-01-30,684.254638671875,179.69488525390625,15.84000015258789,16.792000198364256,1.9507671803906719
2025-01-31,686.4259033203125,178.3401336669922,16.43000030517578,16.74600019454956,1.9914944703848119
2025-02-03,694.6727905273438,176.8074188232422,18.6200008392334,16.780500221252442,2.0851833625274487
2025-02-04,701.3759765625,176.57008361816406,17.209999084472656,16.834500217437743,2.1443075612121243
2025-02-05,702.05322265625,178.6565704345703,15.770000457763672,16.821000194549562,2.1146472994571903
2025-02-06,709.1447143554688,180.76283264160156,15.5,16.70500020980835,2.137394284912302
2025-02-07,711.6646728515625,177.99403381347656,16.540000915527344,16.647000217437743,2.204863941567341
2025-02-10,714.5331420898438,181.61326599121094,15.8100004196167,16.46050019264221,2.1673416458532193
2025-02-11,716.9235229492188,181.15838623046875,16.020000457763672,16.302000188827513,2.194676892062609
2025-02-12,722.4812622070312,178.87411499023438,15.890000343322754,16.16100025177002,2.2789437836970157
2025-02-13,725.6486206054688,182.21646118164062,15.100000381469727,16.110000228881837,2.2485541369979076
2025-02-14,733.7261352539062,167.31439208984375,14.770000457763672,16.018500232696532,2.566582865806285
2025-02-18,713.5072631835938,170.0831756591797,15.350000381469727,15.98750023841858,2.3535841311234265
2025-02-19,700.9576416015625,172.1202392578125,15.270000457763672,15.998000240325927,2.216000413455545
2025-02-20,692.0632934570312,174.44940185546875,15.65999984741211,16.026000213623046,2.1035402915031836
2025-02-21,680.8184204101562,170.45510864257812,18.209999084472656,16.185500144958496,2.0785202498711213
2025-02-24,665.4600219726562,167.0753631591797,18.979999542236328,16.392000102996825,2.0093005186471924
2025-02-25,654.8724975585938,164.0722198486328,19.43000030517578,16.4685001373291,1.9729506312140663
2025-02-26,671.0077514648438,167.01588439941406,19.100000381469727,16.603000164031982,2.0559209889129098
2025-02-27,655.6094970703125,155.25112915039062,21.1299991607666,16.831500148773195,2.1279487598488287
2025-02-28,665.52978515625,156.66847229003906,19.6299991607666,17.021000099182128,2.185587459028071
2025-03-03,652.4323120117188,150.78114318847656,22.780000686645508,17.338500118255617,2.1772970415515687
2025-03-04,637.4424438476562,151.5145721435547,23.510000228881836,17.583000087738036,2.0416593828770817
2025-03-05,653.8465576171875,153.94284057617188,21.93000030517578,17.819000148773192,2.135542555900114
2025-03-06,625.4207153320312,150.1963653564453,24.8700008392334,18.27400016784668,1.9650677372814613
2025-03-07,623.1597900390625,154.2996368408203,23.3700008392334,18.66750020980835,1.877196313324465
2025-03-10,595.6002807617188,148.6601104736328,27.860000610351562,19.23350019454956,1.7458078068432177
2025-03-11,603.2894287109375,145.68670654296875,26.920000076293945,19.78900017738342,1.8592357480169888
2025-03-12,617.0841064453125,147.73834228515625,24.229999542236328,20.199500131607056,1.9380220186722006
2025-03-13,588.2797241210938,148.62046813964844,24.65999984741211,20.638000106811525,1.6862838560835272
2025-03-14,605.7102661132812,154.27984619140625,21.770000457763672,20.97150011062622,1.734051736039338
2025-03-17,603.0186767578125,154.08160400390625,20.510000228881836,21.25850009918213,1.7152673249392132
2025-03-18,580.5487670898438,152.14889526367188,21.700000762939453,21.576000118255614,1.5631409485168175
2025-03-19,582.2435913085938,153.09048461914062,19.899999618530273,21.807500076293945,1.5611785431315275
2025-03-20,584.1774291992188,153.01119995117188,19.799999237060547,22.014500045776366,1.5784181952272585
2025-03-21,594.3956298828125,150.77122497558594,19.280000686645508,22.06800012588501,1.70025782342091
2025-03-24,616.92529296875,153.57614135742188,17.479999542236328,21.99300012588501,1.8381488863669972
2025-03-25,624.3621826171875,152.2777557373047,17.149999618530273,21.879000091552733,1.9212210822959814
2025-03-26,609.0797729492188,149.34397888183594,18.329999923706055,21.84050006866455,1.845096290205449
2025-03-27,600.7059936523438,146.37057495117188,18.690000534057617,21.7185001373291,1.826446795037669
2025-03-28,574.9463500976562,143.77381896972656,21.649999618530273,21.819500160217284,1.6584825667072964
2025-03-31,574.5675048828125,143.83328247070312,22.280000686645508,21.794500160217286,1.6543635105362764
2025-04-01,584.1774291992188,144.36849975585938,21.770000457763672,21.707500171661376,1.7243443416253623
2025-04-02,582.1138916015625,146.43995666503906,21.510000228881836,21.68650016784668,1.672401752873297
2025-04-03,529.9666137695312,134.30848693847656,30.020000457763672,21.944000148773192,1.4484523654503028
2025-04-04,503.1603088378906,125.82439422607422,45.310001373291016,23.041000175476075,1.3712856610187547
2025-04-07,514.6444091796875,131.67208862304688,46.97999954223633,23.99700012207031,1.3669793240870958
2025-04-08,508.86248779296875,127.81657409667969,52.33000183105469,25.26750020980835,1.384535224038527
2025-04-09,583.9482421875,148.4024200439453,33.619998931884766,25.73700017929077,1.6543498358802282
2025-04-10,544.5910034179688,137.01429748535156,40.720001220703125,26.540000247955323,1.523015644142956
2025-04-11,541.8794555664062,143.65487670898438,37.560001373291016,27.32950029373169,1.3885982509170354
2025-04-14,529.8270874023438,143.24851989746094,30.889999389648438,27.84850025177002,1.2963587007675117
2025-04-15,519.8980712890625,144.1603546142578,30.1200008392334,28.269500255584717,1.1993216428526279
2025-04-16,500.7477722167969,136.96473693847656,32.63999938964844,28.906500244140624,1.163351425333617
2025-04-17,499.92041015625,136.2412109375,29.649999618530273,29.399000263214113,1.1687646870055655
2025-04-21,483.1526794433594,134.35806274414062,33.81999969482422,30.126000213623048,1.0626876867891295
2025-04-22,498.7240905761719,137.07374572753906,30.56999969482422,30.780500221252442,1.1448711612304567
2025-04-23,518.6520385742188,142.30694580078125,28.450000762939453,31.3455002784729,1.2203696915988722
2025-04-24,531.4918823242188,148.83851623535156,26.469999313354492,31.75250024795532,1.2156641719977939
2025-04-25,545.5679931640625,150.20628356933594,24.84000015258789,32.06000022888183,1.3083111821277829
2025-04-28,548.0302734375,149.4530029296875,25.149999618530273,32.23500022888184,1.341275918331163
2025-04-29,552.7156982421875,148.2239990234375,24.170000076293945,32.32950019836426,1.4005527283550392
2025-04-30,547.2926025390625,149.37371826171875,24.700000762939453,32.476000213623045,1.3365490865713996
2025-05-01,570.430419921875,147.63925170898438,24.600000381469727,32.63050022125244,1.5560851090303591
2025-05-02,595.1632080078125,153.72479248046875,22.68000030517578,32.26350021362305,1.656700246005212
2025-05-05,597.40625,153.2391357421875,23.639999389648438,31.18000011444092,1.6833436466691623
2025-05-06,585.4834594726562,151.67315673828125,24.760000228881836,30.069000148773192,1.6117489850610707
2025-05-07,594.953857421875,154.42849731445312,23.549999237060547,28.630000019073485,1.6430972804929775
2025-05-08,596.150146484375,154.61680603027344,22.479999542236328,28.073000049591066,1.64975430329576
2025-05-09,590.6473999023438,154.2302703857422,21.899999618530273,27.131999969482422,1.611034356564355
2025-05-12,637.4413452148438,166.50050354003906,18.389999389648438,26.173499870300294,1.7886230350496437
2025-05-13,653.98974609375,171.49583435058594,18.219999313354492,25.539999866485594,1.8403494972341885
2025-05-14,657.3093872070312,172.59597778320312,18.6200008392334,24.964999866485595,1.8490700721519946
2025-05-15,641.8775634765625,173.20057678222656,17.829999923706055,24.224499893188476,1.7119736400236136
2025-05-16,638.3485107421875,164.1019744873047,17.239999771118164,23.603999900817872,1.8365797451196326
2025-05-19,638.438232421875,164.4687042236328,18.139999389648438,22.81999988555908,1.8311254982045049
2025-05-20,635.1185913085938,164.26055908203125,18.09000015258789,22.195999908447266,1.8073441355398085
2025-05-21,633.5234985351562,160.7915802001953,20.8700008392334,21.816999912261963,1.8527998453269525
2025-05-22,634.5902099609375,159.5491485595703,20.280000686645508,21.507499980926514,1.8825484989609722
2025-05-23,625.1097412109375,156.5573272705078,22.290000915527344,21.380000019073485,1.8551102132274888
2025-05-27,640.3223266601562,160.85121154785156,18.959999084472656,21.070499992370607,1.9076963818386081
2025-05-28,641.5784301757812,160.61265563964844,19.309999465942383,20.82749996185303,1.922052549467569
2025-05-29,643.0438842773438,158.5154266357422,19.18000030517578,20.551499938964845,1.9695125404235645
2025-05-30,645.4762573242188,155.80194091796875,18.56999969482422,20.249999904632567,2.035328101177934
2025-06-02,668.8134765625,156.3188018798828,18.360000610351562,20.033999919891357,2.218491563442704
2025-06-03,664.7760620117188,160.7617645263672,17.690000534057617,19.736499977111816,2.1102774991901687
2025-06-04,685.8104858398438,160.9506072998047,17.610000610351562,19.378999996185303,2.280044588971922
2025-06-05,682.49072265625,163.1969451904297,18.479999542236328,19.125500011444093,2.214819936932691
2025-06-06,695.5401000976562,165.7315216064453,16.770000457763672,18.840000057220458,2.2793238485475356
2025-06-09,691.9014282226562,168.7630615234375,17.15999984741211,18.60300006866455,2.1982193643933075
2025-06-10,700.2155151367188,172.718994140625,16.950000762939453,18.5310001373291,2.1997887066447324
2025-06-11,691.981201171875,171.74490356445312,17.260000228881836,18.483000183105467,2.148528911773081
2025-06-12,691.20361328125,173.94155883789062,18.020000457763672,18.453000164031984,2.1050461561634917
2025-06-13,680.7462768554688,169.5582275390625,20.81999969482422,18.60250015258789,2.093070280149028
2025-06-16,700.4749145507812,175.482177734375,19.110000610351562,18.696000194549562,2.1552671327918964
2025-06-17,695.5963134765625,173.03704833984375,21.600000381469727,18.869000244140626,2.1564371860836298
2025-06-18,694.1398315429688,171.79461669921875,20.139999389648438,18.971500205993653,2.1654388796402877
2025-06-20,680.751220703125,168.43507385253906,20.6200008392334,18.959000205993654,2.112074621175395
2025-06-23,696.8933715820312,170.91995239257812,19.829999923706055,18.93650016784668,2.2028479806824155
2025-06-24,710.5313110351562,179.09022521972656,17.479999542236328,18.69600009918213,2.177036422458067
2025-06-25,707.01953125,181.96275329589844,16.760000228881836,18.586000156402587,2.0996601160152126
2025-06-26,724.3887939453125,182.4100341796875,16.59000015258789,18.450000190734862,2.2349268618181477
2025-06-27,731.9110717773438,182.10189819335938,16.31999969482422,18.307000160217285,2.301981466970439
2025-06-30,736.3607177734375,181.96275329589844,16.729999542236328,18.21500015258789,2.340918053367653
2025-07-01,717.5348510742188,182.64857482910156,16.829999923706055,18.138500118255614,2.1745427117776734
2025-07-02,711.8980712890625,188.8607635498047,16.639999389648438,18.086000061035158,2.0233056797258406
2025-07-03,717.3253784179688,189.8944854736328,16.3799991607666,18.02449998855591,2.050478022940416
2025-07-07,716.6668701171875,189.62612915039062,17.790000915527344,17.99000005722046,2.049594452724742
2025-07-08,718.9813842773438,193.8106689453125,16.809999465942383,17.992000007629393,1.9979724240814614
2025-07-09,731.0631103515625,194.20823669433594,15.9399995803833,17.930999994277954,2.0906017670533315
2025-07-10,725.5360107421875,196.83226013183594,15.779999732971191,17.87249994277954,2.0008503239370654
2025-07-11,715.8289184570312,196.7328643798828,16.399999618530273,17.829499912261962,1.9227119773473509
2025-07-14,719.2308349609375,195.9079132080078,17.200000762939453,17.788499927520753,1.964612981908494
2025-07-15,708.7255859375,198.0846405029297,17.3799991607666,17.61649990081787,1.8414809927393887
2025-07-16,701.2630004882812,193.63172912597656,17.15999984741211,17.5189998626709,1.8553042723617887
2025-07-17,699.7665405273438,191.35560607910156,16.520000457763672,17.264999866485596,1.8814304266947248
2025-07-18,702.6298828125,189.28817749023438,16.40999984741211,17.07849988937378,1.9398813948757385
2025-07-21,711.2994384765625,191.44503784179688,16.649999618530273,16.879999828338622,1.9747496975148195
2025-07-22,703.1585693359375,186.0081329345703,16.5,16.71349983215332,1.999609853895319
2025-07-23,711.9080810546875,185.87890625,15.369999885559082,16.60799984931946,2.0737346284485603
2025-07-24,713.125244140625,186.98219299316406,15.390000343322754,16.539499855041505,2.065114502881201
2025-07-25,711.0101318359375,184.56690979003906,14.930000305175781,16.4564998626709,2.0885034127632434
2025-07-28,715.9486083984375,189.11920166015625,15.029999732971191,16.391999864578246,2.052247672738305
2025-07-29,698.35986328125,187.2704620361328,15.979999542236328,16.354499864578248,1.938838915293152
2025-07-30,693.5811157226562,188.24452209472656,15.479999542236328,16.28699984550476,1.8830993132357396
2025-07-31,771.6278076171875,178.970947265625,16.719999313354492,16.290999841690063,2.6814163580636365
2025-08-01,748.2527465820312,178.90138244628906,20.3799991607666,16.490999841690062,2.4903894487922527
2025-08-04,774.5509643554688,181.71426391601562,17.520000457763672,16.47749981880188,2.659132971537909
2025-08-05,761.6712036132812,178.0664520263672,17.850000381469727,16.52949986457825,2.614819961330873
2025-08-06,770.1812133789062,177.06256103515625,16.770000457763672,16.570999908447266,2.7017435459665498
2025-08-07,760.0449829101562,182.04225158691406,16.56999969482422,16.610499906539918,2.5343196737427798
2025-08-08,767.49755859375,183.75186157226562,15.149999618530273,16.547999906539918,2.566732877088515
2025-08-11,764.0755615234375,183.2648162841797,16.25,16.500499868392943,2.5468189327683435
2025-08-12,788.1489868164062,187.31021118164062,14.729999542236328,16.367999887466432,2.6764589414932356
2025-08-13,778.2523193359375,188.8806610107422,14.489999771118164,16.234499883651733,2.568567599598384
2025-08-14,780.2974243164062,187.10150146484375,14.829999923706055,16.149999856948853,2.6154233828831237
2025-08-15,783.3901977539062,160.78163146972656,15.09000015258789,16.08399987220764,3.0852469164116676
2025-08-18,765.572021484375,162.5409393310547,14.989999771118164,16.000999879837035,2.909032219965118
2025-08-19,749.71923828125,161.23886108398438,15.569999694824219,15.954499864578247,2.800667403644215
2025-08-20,745.9680786132812,159.98648071289062,15.6899995803833,15.970499849319458,2.7909690846768758
2025-08-21,737.3682250976562,159.32858276367188,16.600000381469727,16.030999851226806,2.7313649418447357
2025-08-22,753.021484375,161.97010803222656,14.220000267028809,15.995499849319458,2.815473515592166
2025-08-25,751.5349731445312,161.47171020507812,14.789999961853027,15.98349986076355,2.8116657855883878
2025-08-26,752.3331298828125,163.983642578125,14.619999885559082,15.915499877929687,2.775816351307528
2025-08-27,745.62890625,163.86402893066406,14.850000381469727,15.883999919891357,2.7227104608902257
2025-08-28,749.35009765625,164.74122619628906,14.430000305175781,15.769499969482421,2.738497078735019
2025-08-29,736.96923828125,160.24563598632812,15.359999656677246,15.518499994277954,2.7126004490039666
2025-09-02,733.3875732421875,157.06585693359375,17.170000076293945,15.500999975204468,2.736838622743414
2025-09-03,735.3230590820312,155.7500762939453,16.350000381469727,15.425999975204467,2.774969223150991
2025-09-04,746.8959350585938,157.7337188720703,15.300000190734863,15.352499961853027,2.836634745073662
2025-09-05,750.68701171875,162.22927856445312,15.180000305175781,15.282999992370605,2.7919023925773074
2025-09-08,750.5372924804688,161.53150939941406,15.109999656677246,15.280999994277954,2.8024526863236052
2025-09-09,763.9059448242188,162.9768829345703,15.039999961853027,15.220499992370605,2.8879722900084013
2025-09-10,750.2180786132812,162.8971405029297,15.350000381469727,15.251500034332276,2.776770192567058
2025-09-11,749.140625,169.6055908203125,14.710000038146973,15.262500047683716,2.654643183444775
2025-09-12,753.8196411132812,167.26312255859375,14.760000228881836,15.259000062942505,2.73266739043006
2025-09-15,762.9082641601562,170.3831024169922,15.6899995803833,15.289000034332275,2.7547198537037136
2025-09-16,777.1747436523438,172.9847412109375,16.360000610351562,15.357500076293945,2.828099085337153
2025-09-17,773.9024658203125,177.56007385253906,15.720000267028809,15.365000104904174,2.7239413807420187
2025-09-18,778.421875,189.15286254882812,15.699999809265137,15.365500116348267,2.565365832387797
2025-09-19,776.5562133789062,189.4917755126953,15.449999809265137,15.308000087738037,2.5443031115913706
2025-09-22,763.8824462890625,199.87843322753906,16.100000381469727,15.402000093460083,2.2647213588280315
2025-09-23,754.1387329101562,200.227294921875,16.639999389648438,15.494500064849854,2.1787133715015656
2025-09-24,759.3899536132812,200.7954864501953,16.18000030517578,15.572500085830688,2.212298009710811
2025-09-25,747.6595458984375,198.9613800048828,16.739999771118164,15.66700005531311,2.146812366454766
2025-09-26,742.5081787109375,203.26754760742188,15.289999961853027,15.710000038146973,2.0317485172449685
2025-09-29,742.1587524414062,204.29425048828125,16.1200008392334,15.74800009727478,2.0115401757478426
2025-09-30,733.1538696289062,204.08493041992188,16.280000686645508,15.703500127792358,1.9410317450165069
2025-10-01,716.1422729492188,217.0433349609375,16.290000915527344,15.70050015449524,1.5823599783551172
2025-10-02,725.8360595703125,222.87460327148438,16.6299991607666,15.767000102996827,1.5636101283112596
2025-10-03,709.3735961914062,216.83399963378906,16.649999618530273,15.84050006866455,1.5302390119178706
2025-10-06,714.465087890625,223.19358825683594,16.3700008392334,15.903500127792359,1.4647264558992426
2025-10-07,711.889404296875,210.88311767578125,17.239999771118164,16.013500118255614,1.651401863092883
2025-10-08,716.6414794921875,216.81407165527344,16.299999237060547,16.061000061035156,1.5903356605146641
2025-10-09,732.2852783203125,219.5951385498047,16.43000030517578,16.147000074386597,1.6720103797473933
2025-10-10,704.1223754882812,209.27825927734375,21.65999984741211,16.49200005531311,1.6146344089075668
2025-10-13,714.5050048828125,218.7777557373047,19.030000686645508,16.65900011062622,1.5396130183891836
2025-10-14,707.466796875,217.4918975830078,20.809999465942383,16.881500053405762,1.5034521906794454
2025-10-15,716.3519287109375,226.8518524169922,20.639999389648438,17.127500009536742,1.418473690855974
2025-10-16,710.881103515625,226.9914093017578,25.309999465942383,17.607999992370605,1.3711335012816332
2025-10-17,715.7229614257812,224.2701416015625,20.780000686645508,17.874500036239624,1.4568924473924936
2025-10-20,730.947509765625,227.4001007080078,18.229999542236328,17.980999994277955,1.5292290700518336
2025-10-21,732.0457153320312,225.2769012451172,17.8700008392334,18.042500066757203,1.574107853169548
2025-10-22,732.1854248046875,219.85430908203125,18.600000381469727,18.1635000705719,1.6668134149897282
2025-10-23,732.7744750976562,227.739013671875,17.299999237060547,18.19150004386902,1.5385289782994425
2025-10-24,737.127197265625,228.0181121826172,16.3700008392334,18.245500087738037,1.5696068513923873
2025-10-27,749.5663452148438,230.58985900878906,15.789999961853027,18.229000043869018,1.6284655531282213
2025-10-28,750.1853637695312,226.91165161132812,16.420000076293945,18.23600001335144,1.6956594776151002
2025-10-29,750.4149169921875,234.99571228027344,16.920000076293945,18.26749997138977,1.561053083342178
2025-10-30,665.3572387695312,231.8059539794922,16.90999984741211,18.281500005722044,0.9155231449960505
2025-10-31,647.2674560546875,232.3542022705078,17.440000534057617,18.321000051498412,0.7575230858815905
2025-11-03,636.645263671875,236.94944763183594,17.170000076293945,18.36100001335144,0.5925944882837432
2025-11-04,626.2725830078125,229.45350646972656,19.0,18.44900002479553,0.6338690063602085
2025-11-05,634.88818359375,240.1192626953125,18.010000228881836,18.534500074386596,0.5246267123663295
2025-11-06,617.9065551757812,232.78282165527344,19.5,18.68800005912781,0.5088660988504263
2025-11-07,620.6719360351562,229.33389282226562,19.079999923706055,18.559000062942506,0.5898372762031574
2025-11-10,630.7052001953125,234.32785034179688,17.600000381469727,18.487500047683717,0.5880162068878381
2025-11-11,626.0330200195312,227.93836975097656,17.280000686645508,18.311000108718872,0.6574812580085607
2025-11-12,607.9931640625,229.9917755126953,17.510000228881836,18.15450015068054,0.47447815599206233
2025-11-13,608.8717041015625,222.51576232910156,20.0,17.889000177383423,0.6079293778131203
2025-11-14,608.4424438476562,225.286865234375,19.829999923706055,17.84150013923645,0.5576115868909669
2025-11-17,601.0048217773438,227.97824096679688,22.3799991607666,18.049000120162965,0.45101367287151956
2025-11-18,596.6920776367188,224.39971923828125,24.690000534057617,18.390000104904175,0.4759730482708831
2025-11-19,589.3343505859375,234.37770080566406,23.65999984741211,18.643000078201293,0.24700266067369836
2025-11-20,588.1663208007812,219.95567321777344,26.420000076293945,19.099000120162962,0.48090471449022404
2025-11-21,593.2578125,223.73095703125,23.43000030517578,19.452000093460082,0.45902639701468656
2025-11-24,612.0264282226562,230.62237548828125,20.520000457763672,19.688500118255615,0.4969944208175872
2025-11-25,635.1576538085938,242.15798950195312,18.559999465942383,19.795500087738038,0.4924199084713724
2025-11-26,632.5520629882812,249.65863037109375,17.190000534057617,19.809000110626222,0.34435218795624084
2025-11-28,646.8681640625,251.935791015625,16.350000381469727,19.7810001373291,0.4236180271585515
2025-12-01,639.7999267578125,254.43267822265625,17.239999771118164,19.771000099182128,0.32334118695522157
2025-12-02,646.01953125,264.9994812011719,16.59000015258789,19.742000102996826,0.19606857117502013
2025-12-03,638.5320434570312,268.2953796386719,16.079999923706055,19.596000099182127,0.07885367925537032
2025-12-04,660.425537109375,269.1043701171875,15.779999732971191,19.484500074386595,0.24521369708110044
2025-12-05,672.2955932617188,267.6661682128906,15.40999984741211,19.280000066757204,0.36709831267586807
2025-12-08,665.6866455078125,267.82598876953125,16.65999984741211,19.159000062942503,0.31005777076253943
2025-12-09,655.8631591796875,266.8072509765625,16.93000030517578,19.12550005912781,0.2464848424997085
2025-12-10,649.0444946289062,274.8072509765625,15.770000457763672,19.050000047683717,0.05534377763059947
2025-12-11,651.6201782226562,269.7735290527344,14.850000381469727,18.91700005531311,0.16151332831217596
2025-12-12,643.1543579101562,258.8871154785156,15.739999771118164,18.70400004386902,0.2757128408303254
2025-12-15,646.9561157226562,260.9445495605469,16.5,18.537500047683714,0.2722344157684272
2025-12-16,656.587890625,258.517578125,16.479999542236328,18.242500066757202,0.39240946608461125
2025-12-17,648.9443969726562,247.96075439453125,17.6200008392334,17.88900008201599,0.5078056588803483
2025-12-18,663.881591796875,253.18423461914062,16.8700008392334,17.549500131607054,0.5424318290453709
2025-12-19,658.2064819335938,256.0906066894531,14.90999984741211,16.974000120162962,0.44669610579032865
2025-12-22,660.9341430664062,258.6873779296875,14.079999923706055,16.50650010108948,0.4252795765600762
2025-12-23,664.3711547851562,259.9058532714844,14.0,16.180500078201295,0.4329672771657493
2025-12-24,666.9789428710938,260.4551696777344,13.470000267028809,15.926000118255615,0.445134981540544
2025-12-26,662.7225952148438,261.5737609863281,13.600000381469727,15.74650011062622,0.39125050084766794
2025-12-29,658.1265258789062,262.7223205566406,14.199999809265137,15.639000082015992,0.33406666445580685
2025-12-30,665.3803100585938,259.64617919921875,14.329999923706055,15.493500089645385,0.44564947852574
2025-12-31,659.5253295898438,256.6698913574219,14.949999809265137,15.411500072479248,0.44775950228609257
2026-01-02,649.8535766601562,268.53509521484375,14.510000228881836,15.333000087738037,0.16789756269593692
2026-01-05,658.2264404296875,283.9658508300781,14.899999618530273,15.289000082015992,-0.02379442641411132
2026-01-06,660.0548706054688,295.64129638671875,14.75,15.256000089645386,-0.20589215765943006
2026-01-07,648.1350708007812,291.8360290527344,15.380000114440918,15.192000102996825,-0.23965335937223747
2026-01-08,645.50732421875,281.2891845703125,15.449999809265137,15.118000078201295,-0.0831836738163527
2026-01-09,652.5013427734375,300.8048400878906,14.489999771118164,15.054000043869019,-0.3551839907691058
2026-01-12,641.4207763671875,306.8572998046875,15.119999885559082,15.067500019073487,-0.5484856479133279
2026-01-13,630.5501708984375,304.490234375,15.979999542236328,15.079500007629395,-0.5979029143593858
2026-01-14,614.9934692382812,301.51397705078125,16.75,15.092000007629395,-0.6755658186682986
2026-01-15,620.2689208984375,318.6825256347656,15.84000015258789,15.060000038146972,-0.9220677408756672
2026-01-16,619.7194213867188,326.6026916503906,15.859999656677246,14.971999979019165,-1.0603126467305064
2026-01-20,603.6032104492188,317.8336181640625,20.09000015258789,15.13299994468689,-1.044768334350209
2026-01-21,612.4356689453125,324.8348693847656,16.899999618530273,15.232499933242797,-1.0903548258136322
2026-01-22,647.0759887695312,318.3929138183594,15.640000343322754,15.310499954223634,-0.6967566972230361
2026-01-23,658.1964721679688,321.97845458984375,16.09000015258789,15.414999961853027,-0.6658579411369492
2026-01-26,671.7847900390625,319.06207275390625,16.149999618530273,15.548999929428101,-0.5048868485115757
2026-01-27,672.394287109375,332.2955627441406,16.350000381469727,15.6864999294281,-0.7233137848251731
2026-01-28,668.1578979492188,336.3305358886719,16.350000381469727,15.79399995803833,-0.8262752912607797
2026-01-29,737.6784057617188,340.9148254394531,16.8799991607666,15.921499919891357,-0.33204546993259026
2026-01-30,715.8870849609375,321.91851806640625,17.440000534057617,16.04599995613098,-0.1904848285193005
2026-02-02,705.8056640625,327.9909362792969,16.34000015258789,16.137499952316283,-0.3759079963698484
2026-02-03,691.1082763671875,318.2730712890625,18.0,16.29249997138977,-0.3326777056452406
2026-02-04,668.417724609375,297.22930908203125,18.639999389648438,16.48699994087219,-0.16394110187092475
2026-02-05,669.63671875,303.611328125,21.770000457763672,16.80649995803833,-0.2616739956453022
2026-02-06,660.8941650390625,322.1082763671875,20.3700008392334,17.052500009536743,-0.6458681115309709
2026-02-09,676.640625,330.1582336425781,17.360000610351562,17.196000051498412,-0.6523109109370109
2026-02-10,670.1461791992188,328.6601257324219,17.790000915527344,17.329500102996825,-0.6804169597716723
2026-02-11,668.1179809570312,339.4566345214844,17.649999618530273,17.413000106811523,-0.8793855695207072
2026-02-12,649.254150390625,327.98095703125,20.81999969482422,17.616500091552734,-0.8407343847478345
2026-02-13,639.2227172851562,354.4679260253906,20.600000381469727,17.854500102996827,-1.3704324083293682
2026-02-17,638.7431030273438,358.68267822265625,20.290000915527344,18.07600016593933,-1.445539276833297
2026-02-18,642.6697387695312,368.8399963378906,19.6200008392334,18.052500200271606,-1.584751955677425
2026-02-19,644.2284545898438,369.8299865722656,20.229999542236328,18.21900019645691,-1.5886507286127323
2026-02-20,655.09912109375,375.3800048828125,19.09000015258789,18.391500186920165,-1.5929749665732256
2026-02-23,636.7048950195312,373.54998779296875,21.010000228881836,18.637500190734862,-1.7133229093677427
2026-02-24,638.7531127929688,377.92999267578125,19.549999237060547,18.807500171661378,-1.7704348561193053
2026-02-25,653.1307983398438,394.95001220703125,17.93000030517578,18.88650016784668,-1.9395858379434179
2026-02-26,656.447998046875,375.7200012207031,18.6299991607666,19.000500106811522,-1.5876244325664863
2026-02-27,647.62548828125,372.29998779296875,19.860000610351562,19.149500179290772,-1.6024229152434606
2026-03-02,653.0009155273438,372.17999267578125,21.440000534057617,19.34950017929077,-1.55619742262079
2026-03-03,654.5196533203125,351.32000732421875,23.56999969482422,19.711000156402587,-1.1915028576900974
2026-03-04,667.1587524414062,357.760009765625,21.149999618530273,19.8685001373291,-1.1963129365926424
2026-03-05,660.0049438476562,346.5299987792969,23.75,20.12400016784668,-1.0655239964483743
2026-03-06,644.308349609375,324.739990234375,29.489999771118164,20.510000133514403,-0.8266797049283368
2026-03-09,646.836181640625,338.94000244140625,25.5,20.766500091552736,-1.0456522038097558
2026-03-10,653.510498046875,345.8800048828125,24.93000030517578,21.145000076293947,-1.1079498766927252
2026-03-11,654.2998046875,351.07000732421875,24.229999542236328,21.467000007629395,-1.1890894824207086
2026-03-12,637.6340942382812,337.2699890136719,27.290000915527344,21.949000072479247,-1.09311933021115
2026-03-13,613.1849975585938,341.5299987792969,27.190000534057617,22.267500114440917,-1.3660794368141265
2026-03-16,627.4500122070312,346.17999267578125,23.510000228881836,22.413000106811523,-1.3272973401458275
2026-03-17,622.6599731445312,352.4599914550781,22.3700008392334,22.517000102996825,-1.4727169726751765
2026-03-18,615.6799926757812,349.4700012207031,25.09000015258789,22.79050006866455,-1.4796259069800684
2026-03-19,606.7000122070312,357.2099914550781,24.059999465942383,22.982000064849853,-1.6841483052726118
2026-03-20,593.6599731445312,357.05999755859375,26.780000686645508,23.366500091552734,-1.788837494835951
2026-03-23,604.0599975585938,361.7900085449219,26.149999618530273,23.623500061035156,-1.783186318908865
2026-03-24,592.9199829101562,373.989990234375,26.950000762939453,23.9935001373291,-2.080773539272526
2026-03-25,594.8900146484375,369.3399963378906,25.329999923706055,24.363500118255615,-1.986062949782676
2026-03-26,547.5399780273438,338.54998779296875,27.440000534057617,24.804000186920167,-1.8555302099717217
2026-03-27,525.719970703125,337.1700134277344,31.049999237060547,25.363500118255615,-2.0116453097041838
2026-03-30,536.3800048828125,323.1199951171875,30.610000610351562,25.822000122070314,-1.6867681123743912
2026-03-31,572.1300048828125,341.7900085449219,25.25,25.9060001373291,-1.7080442467031391
2026-04-01,579.22998046875,353.79998779296875,24.540000915527344,26.075500202178954,-1.8524450652968336
2026-04-02,574.4600219726562,348.4700012207031,23.8700008392334,26.081500244140624,-1.8016728363217571
2026-04-06,573.02001953125,352.6199951171875,24.170000076293945,25.815500259399414,-1.8835830975827195
2026-04-07,575.0499877929688,354.30999755859375,25.780000686645508,25.82950029373169,-1.8954262294068485
2026-04-08,612.4199829101562,385.7200012207031,21.040000915527344,25.63500032424927,-2.1184880692383135
2026-04-09,628.3900146484375,397.80999755859375,19.489999771118164,25.39800033569336,-2.1913058761324464
2026-04-10,629.8599853515625,399.489990234375,19.229999542236328,24.995000267028807,-2.20758458035547
2026-04-13,634.530029296875,395.7300109863281,19.1200008392334,24.591500282287598,-2.105700432909407
2026-04-14,662.489990234375,395.6400146484375,18.360000610351562,24.334000301361083,-1.8742800971175573
2026-04-15,671.5800170898438,394.260009765625,18.170000076293945,24.12400026321411,-1.7762368927091168
2026-04-16,676.8699951171875,389.8999938964844,17.940000534057617,23.7665002822876,-1.6591241241658585
2026-04-17,688.5499877929688,396.94000244140625,17.479999542236328,23.437500286102296,-1.6819511540142544
2026-04-20,670.9099731445312,391.6199951171875,18.8700008392334,23.04200029373169,-1.737171468273956
2026-04-21,668.8400268554688,394.3299865722656,19.5,22.709500312805176,-1.7999479763653776
2026-04-22,674.719970703125,403.4800109863281,18.920000076293945,22.3080002784729,-1.9060921044824723
2026-04-23,659.1500244140625,403.9100036621094,19.309999465942383,22.007000255584718,-2.0413761398410077
2026-04-24,675.030029296875,417.0400085449219,18.709999084472656,21.57050018310547,-2.132494033411637
2026-04-27,678.6199951171875,404.8599853515625,18.020000457763672,20.919000244140626,-1.8973240832617067
2026-04-28,671.3400268554688,381.1099853515625,17.829999923706055,20.28000020980835,-1.5561809458375035
2026-04-29,669.1199951171875,382.5899963378906,18.809999465942383,19.95800018310547,-1.5994241435064112
2026-04-30,611.9099731445312,394.489990234375,16.889999389648438,19.575500106811525,-2.2707569570687656
