Date,META,INTC,VIX,AvgVIX,zscore
2015-01-30,75.31893157958984,25.349252700805664,20.969999313354492,19.119499969482423,-1.8299162082761207
2015-02-02,74.4061050415039,25.817270278930664,19.43000030517578,19.201499938964844,-1.9698681128355249
2015-02-03,74.81291198730469,25.855634689331055,17.329999923706055,19.071999931335448,-1.9561065213759634
2015-02-04,75.04109954833984,25.96381378173828,18.329999923706055,18.932499885559082,-1.9654458557733507
2015-02-05,75.0212631225586,26.226533889770508,16.850000381469727,18.80949993133545,-2.0182003452778106
2015-02-06,73.8901596069336,25.73198890686035,17.290000915527344,18.823499965667725,-1.9801123088184813
2015-02-09,73.86038970947266,25.44607925415039,18.549999237060547,18.873499965667726,-1.9253920428364752
2015-02-10,74.60453033447266,26.041093826293945,17.229999542236328,18.754999923706055,-2.003530820672322
2015-02-11,75.91425323486328,25.925168991088867,16.959999084472656,18.57499990463257,-1.9120925083380411
2015-02-12,75.63644409179688,26.373367309570312,15.34000015258789,18.267999935150147,-2.0148732286476316
2015-02-13,75.15025329589844,26.55108070373535,14.6899995803833,17.88299994468689,-2.0753278023290647
2015-02-17,75.01136016845703,26.844728469848633,15.800000190734863,17.62549991607666,-2.1404078793497945
2015-02-18,76.11270141601562,26.481536865234375,15.449999809265137,17.403499937057497,-2.011213805075824
2015-02-19,78.80160522460938,26.43517303466797,15.289999961853027,17.22549991607666,-1.86121014970548
2015-02-20,79.27787780761719,26.5897216796875,14.300000190734863,17.12049994468689,-1.8666794324930691
2015-02-23,78.22611999511719,26.087448120117188,14.5600004196167,17.015499973297118,-1.8229129788635534
2015-02-24,77.83915710449219,26.5897216796875,13.6899995803833,16.9239999294281,-1.9420569436736543
2015-02-25,78.94050598144531,26.234272003173828,13.84000015258789,16.754999971389772,-1.8143864318464566
2015-02-26,79.78389739990234,26.00244903564453,13.90999984741211,16.428499937057495,-1.724566173969924
2015-02-27,78.35509490966797,25.693355560302734,13.34000015258789,16.157499933242796,-1.738580451601951
2015-03-02,79.12903594970703,26.319271087646484,13.039999961853027,15.760999965667725,-1.8212406327547088
2015-03-03,78.98020935058594,26.350173950195312,13.859999656677246,15.482499933242797,-1.8351210450156183
2015-03-04,80.27008819580078,26.36563491821289,14.229999542236328,15.327499914169312,-1.770585081159936
2015-03-05,80.57766723632812,26.064266204833984,14.039999961853027,15.11299991607666,-1.6951473730154147
2015-03-06,79.38701629638672,25.646997451782227,15.199999809265137,15.03049988746643,-1.675390610249836
2015-03-09,78.82144927978516,25.283809661865234,15.0600004196167,14.918999862670898,-1.6335300096575371
2015-03-10,76.94615936279297,24.495616912841797,16.690000534057617,14.825999927520751,-1.5766282332862251
2015-03-11,76.96601104736328,24.982440948486328,16.8700008392334,14.807999992370606,-1.6714171868235472
2015-03-12,78.3154067993164,23.80016326904297,15.420000076293945,14.73100004196167,-1.3679937864405924
2015-03-13,77.44227600097656,23.900615692138672,16.0,14.764000034332275,-1.433512476722531
2015-03-16,77.46212005615234,23.82334327697754,15.609999656677246,14.810000038146972,-1.417262094398248
2015-03-17,78.7420654296875,23.637880325317383,15.65999984741211,14.803000020980836,-1.3136956359562906
2015-03-18,80.28002166748047,23.869699478149414,13.970000267028809,14.729000043869018,-1.2787514836614415
2015-03-19,82.10566711425781,23.75379180908203,14.069999694824219,14.668000030517579,-1.1602863162321713
2015-03-20,83.14749908447266,24.19425392150879,13.020000457763672,14.604000043869018,-1.1924055120672776
2015-03-23,83.77259826660156,24.1092529296875,13.40999984741211,14.54650001525879,-1.142923245531932
2015-03-24,84.64574432373047,23.79243278503418,13.619999885559082,14.543000030517579,-1.0348127865613588
2015-03-25,82.27435302734375,23.09697151184082,15.4399995803833,14.623000001907348,-1.022156528264921
2015-03-26,82.36366271972656,23.243793487548828,15.800000190734863,14.717500019073487,-1.046378627362245
2015-03-27,82.65140533447266,24.72743797302246,15.069999694824219,14.803999996185302,-1.3233516502040499
2015-03-30,82.55217742919922,24.310161590576172,14.510000228881836,14.877500009536742,-1.2464115074359878
2015-03-31,81.57979583740234,24.163341522216797,15.289999961853027,14.949000024795533,-1.2684557211804905
2015-04-01,81.03408813476562,23.807884216308594,15.109999656677246,14.993000030517578,-1.2270763600871546
2015-04-02,80.9249496459961,23.807884216308594,14.670000076293945,15.024500036239624,-1.2327943480465888
2015-04-06,81.798095703125,23.985610961914062,14.739999771118164,15.001500034332276,-1.2220331204856096
2015-04-07,81.67903137207031,24.155616760253906,14.779999732971191,14.9875,-1.2617359860857382
2015-04-08,81.63934326171875,24.19425392150879,13.979999542236328,14.851999950408935,-1.271420870743061
2015-04-09,81.53018188476562,24.140161514282227,13.09000015258789,14.66299991607666,-1.2664922216855574
2015-04-10,81.40120697021484,24.67334747314453,12.579999923706055,14.520999908447266,-1.3782046309324067
2015-04-13,82.36366271972656,24.518800735473633,13.9399995803833,14.417999887466431,-1.297357812697313
2015-04-14,82.86966705322266,24.333343505859375,13.670000076293945,14.320999908447266,-1.2343408297625154
2015-04-15,82.06598663330078,25.36880874633789,12.84000015258789,14.179999923706054,-1.4802737524695215
2015-04-16,81.66909790039062,25.399715423583984,12.600000381469727,14.111499929428101,-1.5071513966222432
2015-04-17,80.15101623535156,25.090620040893555,13.890000343322754,14.102499961853027,-1.5258428168094353
2015-04-20,82.44302368164062,25.291528701782227,13.300000190734863,14.116499948501588,-1.445307799108297
2015-04-21,82.96890258789062,25.059707641601562,13.25,14.10849995613098,-1.3721230446052304
2015-04-22,83.9710464477539,25.268352508544922,12.710000038146973,14.062999963760376,-1.3606894460303982
2015-04-23,81.768310546875,24.997888565063477,12.479999542236328,13.914999961853027,-1.422855714913899
2015-04-24,80.89517974853516,24.78925895690918,12.289999961853027,13.739499950408936,-1.4275330597594955
2015-04-27,81.272216796875,25.113801956176758,13.119999885559082,13.641999959945679,-1.4716640843580084
2015-04-28,80.05180358886719,25.515621185302734,12.40999984741211,13.536999940872192,-1.614700247796089
2015-04-29,79.84343719482422,25.41516876220703,13.390000343322754,13.44199995994568,-1.605843400590113
2015-04-30,78.15665435791016,25.152437210083008,14.550000190734863,13.413999986648559,-1.6424999213301728
2015-05-01,78.37495422363281,25.824718475341797,12.699999809265137,13.315499973297118,-1.7633981541849273
2015-05-04,78.19635009765625,25.832447052001953,12.850000381469727,13.221000003814698,-1.7742769225157038
2015-05-05,76.9560775756836,25.404367446899414,14.3100004196167,13.197500038146973,-1.7549918701862373
2015-05-06,77.49188995361328,25.077476501464844,15.149999618530273,13.25600004196167,-1.662572620680656
2015-05-07,77.8193130493164,25.09304428100586,15.130000114440918,13.358000040054321,-1.6484827013305183
2015-05-08,77.89869689941406,25.528898239135742,12.859999656677246,13.372000026702882,-1.7301194230861205
2015-05-11,77.40259552001953,25.443281173706055,13.850000381469727,13.367500066757202,-1.7392578688961677
2015-05-12,76.85687255859375,25.1008243560791,13.859999656677246,13.377000045776366,-1.700438392269143
2015-05-13,77.82923889160156,25.404367446899414,13.760000228881836,13.423000049591064,-1.7092451684740129
2015-05-14,80.7364273071289,25.661212921142578,12.739999771118164,13.430000019073486,-1.6074904642984864
2015-05-15,79.79381561279297,25.676786422729492,12.380000114440918,13.354500007629394,-1.659941383550528
2015-05-18,80.250244140625,26.003679275512695,12.729999542236328,13.325999975204468,-1.700375484281935
2015-05-19,80.00218963623047,25.801315307617188,12.850000381469727,13.305999994277954,-1.6735371694024095
2015-05-20,79.92280578613281,25.9725399017334,12.880000114440918,13.314499998092652,-1.7114010079182127
2015-05-21,79.85336303710938,26.112640380859375,12.109999656677246,13.296000003814697,-1.7426173760991766
2015-05-22,79.91287994384766,26.034812927246094,12.130000114440918,13.288000011444092,-1.7241791954776902
2015-05-26,78.71231842041016,25.762405395507812,14.0600004196167,13.335000038146973,-1.733456919083614
2015-05-27,79.92280578613281,26.23717498779297,13.270000457763672,13.378000068664551,-1.7634931810555872
2015-05-28,79.52591705322266,26.47066879272461,13.3100004196167,13.374000072479248,-1.8302491493108934
2015-05-29,78.57339477539062,26.820913314819336,13.84000015258789,13.3385000705719,-1.949097721965796
2015-06-01,79.66483306884766,26.392839431762695,13.970000267028809,13.402000093460083,-1.8076507120278562
2015-06-02,79.81366729736328,25.894718170166016,14.239999771118164,13.471500062942505,-1.701800153712682
2015-06-03,81.798095703125,25.474414825439453,13.65999984741211,13.439000034332276,-1.5150971649445484
2015-06-04,81.41111755371094,25.147533416748047,14.710000038146973,13.41700005531311,-1.4710266699945649
2015-06-05,81.50041961669922,24.78171730041504,14.210000038146973,13.371000051498413,-1.394338769343824
2015-06-08,80.0418701171875,24.361421585083008,15.289999961853027,13.492500066757202,-1.3880219150570765
2015-06-09,80.0418701171875,24.322509765625,14.470000267028809,13.523500061035156,-1.3803623062482862
2015-06-10,81.52027130126953,24.766141891479492,13.220000267028809,13.491500091552734,-1.3902327530535432
2015-06-11,81.1928482055664,24.78949737548828,12.850000381469727,13.446000099182129,-1.4119845339281645
2015-06-12,80.89517974853516,24.376991271972656,13.779999732971191,13.49800009727478,-1.3463801032772866
2015-06-15,80.08157348632812,24.431474685668945,15.390000343322754,13.648500108718872,-1.399731398254879
2015-06-16,80.42884063720703,24.626052856445312,14.8100004196167,13.75250015258789,-1.4198391627145637
2015-06-17,81.15315246582031,24.867332458496094,14.5,13.835000133514404,-1.4293857450061371
2015-06-18,82.26444244384766,25.20200538635254,13.1899995803833,13.850500106811523,-1.4370417903214154
2015-06-19,81.8675537109375,24.96072769165039,13.960000038146973,13.94300012588501,-1.4103412198846184
2015-06-22,84.08018493652344,25.10860824584961,12.739999771118164,13.973500108718872,-1.323526550617713
2015-06-23,87.19572448730469,24.976295471191406,12.109999656677246,13.8760000705719,-1.1342519330465504
2015-06-24,88.16809844970703,24.83619499206543,13.260000228881836,13.875500059127807,-1.055729157524721
2015-06-25,87.29496002197266,24.898460388183594,14.010000228881836,13.910500049591064,-1.1137313107112945
2015-06-26,87.32471466064453,24.143491744995117,14.020000457763672,13.919500064849853,-0.9635603748023924
2015-06-29,85.1319351196289,23.653146743774414,18.850000381469727,14.1635000705719,-0.9819224567243792
2015-06-30,85.10215759277344,23.676498413085938,18.229999542236328,14.363000059127808,-0.9880792284441076
2015-07-01,86.23328399658203,23.489700317382812,16.09000015258789,14.484500074386597,-0.8920468824363639
2015-07-02,86.61033630371094,23.78546142578125,16.790000915527344,14.588500118255615,-0.93051152762793
2015-07-06,86.8683090209961,23.380739212036133,17.010000228881836,14.728500127792358,-0.837328145029065
2015-07-07,86.54087829589844,23.271774291992188,16.09000015258789,14.768500137329102,-0.8330336758756105
2015-07-08,84.98308563232422,22.96044921875,19.65999984741211,15.028000116348267,-0.8533667321390563
2015-07-09,85.21129608154297,22.516801834106445,19.969999313354492,15.36550006866455,-0.7540804184721982
2015-07-10,87.26519012451172,22.703598022460938,16.829999923706055,15.564500045776366,-0.6832426735808996
2015-07-13,89.39844512939453,23.13945770263672,13.899999618530273,15.570500040054322,-0.6572740240627861
2015-07-14,88.9817123413086,23.077199935913086,13.369999885559082,15.469500017166137,-0.6668523557240535
2015-07-15,89.06109619140625,23.108327865600586,13.229999542236328,15.39049997329712,-0.6688206606391288
2015-07-16,90.1426010131836,23.271774291992188,12.109999656677246,15.270999956130982,-0.644332078823565
2015-07-17,94.23053741455078,22.937097549438477,11.949999809265137,15.208999967575073,-0.3642772113916247
2015-07-20,97.14764404296875,22.64911651611328,12.25,15.123499965667724,-0.15475633401281774
2015-07-21,97.62390899658203,22.353357315063477,12.220000267028809,15.097499990463257,-0.07158503307422592
2015-07-22,96.28440856933594,22.267744064331055,12.119999885559082,15.098000001907348,-0.12491162559262334
2015-07-23,94.69686889648438,22.25995635986328,12.640000343322754,15.067000007629394,-0.2065530930091895
2015-07-24,96.19512176513672,21.83966636657715,13.739999771118164,15.053499984741212,-0.0453244601078606
2015-07-27,93.43675994873047,22.065378189086914,15.600000381469727,15.132499980926514,-0.2342709715673577
2015-07-28,94.54804229736328,22.54015350341797,13.4399995803833,14.861999940872192,-0.2695059130210174
2015-07-29,96.23480224609375,22.57906723022461,12.5,14.575499963760375,-0.18879310427386362
2015-07-30,94.4686508178711,22.501237869262695,12.130000114440918,14.377499961853028,-0.2660050347963968
2015-07-31,93.27799987792969,22.532371520996094,12.119999885559082,14.143999910354614,-0.3345141783136511
2015-08-03,93.40699768066406,22.610197067260742,12.5600004196167,13.921499919891357,-0.34307531347275866
2015-08-04,93.3276138305664,22.672466278076172,13.0,13.766999912261962,-0.35949179678081056
2015-08-05,95.68907928466797,22.852968215942383,12.510000228881836,13.40949993133545,-0.27130076489264554
2015-08-06,94.3793716430664,22.766639709472656,13.770000457763672,13.099499988555909,-0.3229256578929822
2015-08-07,93.56575012207031,22.66461181640625,13.390000343322754,12.927500009536743,-0.34546923703966503
2015-08-10,93.41692352294922,23.261056900024414,12.229999542236328,12.844000005722046,-0.4706739779642631
2015-08-11,92.89103698730469,22.735254287719727,13.710000038146973,12.86100001335144,-0.3947244724267584
2015-08-12,93.45661163330078,23.119796752929688,13.609999656677246,12.880000019073487,-0.44078824078264595
2015-08-13,92.7025146484375,22.656770706176758,13.489999771118164,12.949000024795533,-0.38915241793351474
2015-08-14,93.68479919433594,22.77448844909668,12.829999923706055,12.993000030517578,-0.3608607122242795
2015-08-17,93.1986312866211,22.821575164794922,13.020000457763672,13.031500053405761,-0.39560083892205816
2015-08-18,94.428955078125,22.68816566467285,13.789999961853027,13.110000038146973,-0.3048806336704364
2015-08-19,94.56787109375,22.25653076171875,15.25,13.26650004386902,-0.21263723802284218
2015-08-20,89.8548583984375,21.605161666870117,19.139999389648438,13.591499996185302,-0.3313426374821957
2015-08-21,85.389892578125,20.843915939331055,28.030000686645508,14.30600004196167,-0.41542365657300423
2015-08-24,81.4508056640625,20.600627899169922,40.7400016784668,15.563000106811524,-0.5739103443133061
2015-08-25,82.35372924804688,20.302413940429688,36.02000045776367,16.692000150680542,-0.46790232025874606
2015-08-26,86.51110076904297,21.424657821655273,30.31999969482422,17.583000135421752,-0.4709975838698686
2015-08-27,89.03134155273438,21.754261016845703,26.100000381469727,18.281500148773194,-0.40383787058120707
2015-08-28,90.30135345458984,22.30361557006836,26.049999237060547,18.978000116348266,-0.4454372198114329
2015-08-31,88.73365020751953,22.397785186767578,28.43000030517578,19.77150011062622,-0.546109235996439
2015-09-01,86.55079650878906,21.832744598388672,31.399999618530273,20.691500091552733,-0.5492478074742041
2015-09-02,89.1900863647461,22.444875717163086,26.09000015258789,21.370500087738037,-0.5314651646724898
2015-09-03,87.46363067626953,22.821575164794922,25.610000610351562,21.96250009536743,-0.6960692145341375
2015-09-04,87.57278442382812,22.382099151611328,27.799999237060547,22.68300004005432,-0.6038416390933323
2015-09-08,88.83287811279297,23.151185989379883,24.899999618530273,23.31650004386902,-0.6892138913833847
2015-09-09,89.73579406738281,22.947141647338867,26.229999542236328,23.942500019073485,-0.601743113580765
2015-09-10,91.26380920410156,22.970680236816406,24.3700008392334,24.480500078201295,-0.5263207456811975
2015-09-11,91.333251953125,23.127647399902344,23.200000762939453,24.96600012779236,-0.5535807469115492
2015-09-14,91.59123229980469,23.064857482910156,24.25,25.537000131607055,-0.5277047304262256
2015-09-15,92.1766586303711,23.33168601989746,22.540000915527344,26.013000154495238,-0.5495569949318738
2015-09-16,92.72235870361328,23.363080978393555,21.350000381469727,26.391000175476073,-0.5271466054662761
2015-09-17,93.60543823242188,23.31598663330078,21.139999389648438,26.685500144958496,-0.471609967828249
2015-09-18,93.66497802734375,22.77448844909668,22.280000686645508,26.84250020980835,-0.36189918357825435
2015-09-21,94.80601501464844,22.88435935974121,20.139999389648438,26.448000144958495,-0.32374550170820016
2015-09-22,92.2361831665039,22.499814987182617,22.440000534057617,25.53300008773804,-0.38268847939003625
2015-09-23,93.23832702636719,22.55474853515625,22.1299991607666,24.838500022888184,-0.340997529984775
2015-09-24,93.67488861083984,22.350704193115234,23.469999313354492,24.496000003814697,-0.27796000852667657
2015-09-25,92.04766082763672,22.609678268432617,23.6200008392334,24.37200002670288,-0.41419161977206365
2015-09-28,88.51537322998047,22.57044792175293,27.6299991607666,24.451000022888184,-0.5915330599333322
2015-09-29,85.99514770507812,22.947141647338867,26.829999923706055,24.371000003814697,-0.7977232036599575
2015-09-30,89.20001220703125,23.653451919555664,24.5,24.026000022888184,-0.7688476757462924
2015-10-01,90.24183654785156,23.5435791015625,22.549999237060547,23.848999977111816,-0.6926364263406167
2015-10-02,91.35309600830078,23.943815231323242,20.940000534057617,23.61549997329712,-0.7131998787391922
2015-10-05,93.27799987792969,24.493167877197266,19.540000915527344,23.20250005722046,-0.7204877270039114
2015-10-06,92.0774154663086,24.909109115600586,19.399999618530273,22.92750005722046,-0.865264870533634
2015-10-07,91.68053436279297,25.36427879333496,18.399999618530273,22.536000061035157,-0.9756562929479007
2015-10-08,91.74999237060547,25.521240234375,17.420000076293945,22.188500022888185,-1.002914368381334
2015-10-09,92.51399230957031,25.2230224609375,17.079999923706055,21.882499980926514,-0.9041840864486902
2015-10-12,93.52606201171875,25.2779541015625,16.170000076293945,21.478499984741212,-0.8619727264747543
2015-10-13,93.38713836669922,25.144540786743164,17.670000076293945,21.23499994277954,-0.8429894354056098
2015-10-14,93.3375473022461,25.740976333618164,18.030000686645508,21.06899995803833,-0.9629931470651484
2015-10-15,95.21282196044922,25.701740264892578,16.049999237060547,20.814499950408937,-0.8570202482934013
2015-10-16,96.78052520751953,25.9293270111084,15.050000190734863,20.452999925613405,-0.8196844601747272
2015-10-19,97.70326232910156,26.360960006713867,14.979999542236328,20.194999933242798,-0.8563053078063263
2015-10-20,96.2447280883789,26.24323844909668,15.75,19.860499906539918,-0.9095479551927673
2015-10-21,96.35386657714844,26.188304901123047,16.700000762939453,19.58899998664856,-0.8930165564543535
2015-10-22,98.89392852783203,26.996639251708984,14.449999809265137,19.138000011444092,-0.919054350133596
2015-10-23,101.3943099975586,27.3890323638916,14.460000038146973,18.67999997138977,-0.8652950068988068
2015-10-26,102.96199798583984,27.1457462310791,15.289999961853027,18.063000011444093,-0.7352709046731798
2015-10-27,102.89254760742188,27.05156898498535,15.430000305175781,17.493000030517578,-0.7203712032645831
2015-10-28,103.38865661621094,27.23992347717285,14.329999923706055,16.984500026702882,-0.7314557374162253
2015-10-29,104.06336212158203,26.706266403198242,14.609999656677246,16.587500047683715,-0.5910586529784979
2015-10-30,101.176025390625,26.572847366333008,15.069999694824219,16.294000005722047,-0.7160692011234462
2015-11-02,102.5055923461914,26.76905632019043,14.149999618530273,16.024499940872193,-0.685033287897724
2015-11-03,101.7812728881836,26.926010131835938,14.539999961853027,15.78149995803833,-0.7538774814630549
2015-11-04,103.13067626953125,26.989225387573242,15.510000228881836,15.636999988555909,-0.6956231129234045
2015-11-05,107.91314697265625,26.87068748474121,15.050000190734863,15.518499994277954,-0.4217260922063258
2015-11-06,106.26608276367188,26.744230270385742,14.329999923706055,15.380999994277953,-0.48312663606261735
2015-11-09,105.66082763671875,26.356977462768555,16.520000457763672,15.398500013351441,-0.43860829084573527
2015-11-10,107.06977844238281,26.2463321685791,15.289999961853027,15.279500007629395,-0.34301047906870846
2015-11-11,108.16120910644531,25.969724655151367,16.059999465942383,15.180999946594238,-0.23137931195229125
2015-11-12,107.17890930175781,25.60618019104004,18.3700008392334,15.29700002670288,-0.2112819822046565
2015-11-13,103.14060974121094,25.376985549926758,20.079999923706055,15.54850001335144,-0.377740842164254
2015-11-16,103.22991180419922,25.369083404541016,18.15999984741211,15.70750002861023,-0.37150662481185465
2015-11-17,104.31141662597656,25.795852661132812,18.84000015258789,15.862000036239625,-0.39885190473420296
2015-11-18,106.93085479736328,26.206817626953125,16.850000381469727,15.869500017166137,-0.3425107202605678
2015-11-19,105.43262481689453,27.107776641845703,16.989999771118164,15.996500015258789,-0.5983555921825148
2015-11-20,106.484375,27.392290115356445,15.470000267028809,16.047000026702882,-0.5992573958726887
2015-11-23,106.11724853515625,27.250038146972656,15.619999885559082,16.063500022888185,-0.5904902684182513
2015-11-24,104.91666412353516,27.155195236206055,15.930000305175781,16.088500022888184,-0.634721952422638
2015-11-25,104.58924102783203,27.226327896118164,15.1899995803833,16.131500005722046,-0.6658784458628872
2015-11-27,104.6289291381836,27.234224319458008,15.119999885559082,16.157000017166137,-0.6653534786658873
2015-11-30,103.42835998535156,27.47922134399414,16.1299991607666,16.209999990463256,-0.7764802575450783
2015-12-01,106.28591918945312,27.732118606567383,14.670000076293945,16.23600001335144,-0.6765485420357649
2015-12-02,105.24408721923828,27.526643753051758,15.90999984741211,16.304500007629393,-0.69068548388272
2015-12-03,103.56725311279297,26.902301788330078,18.110000610351562,16.43450002670288,-0.6556394598809352
2015-12-04,105.3532485961914,27.61357307434082,14.8100004196167,16.42250003814697,-0.7020779251686498
2015-12-07,104.78768157958984,27.653099060058594,15.84000015258789,16.498000049591063,-0.7394896389075273
2015-12-08,105.66082763671875,27.46341896057129,17.600000381469727,16.552000045776367,-0.6564061003808699
2015-12-09,103.78556060791016,27.51083755493164,19.610000610351562,16.768000078201293,-0.7639892911535704
2015-12-10,104.59915924072266,27.47922134399414,19.34000015258789,16.93200011253357,-0.7151396973027283
2015-12-11,101.3248519897461,27.08407211303711,24.389999389648438,17.23300004005432,-0.8089040612183636
2015-12-14,103.84507751464844,27.24213218688965,22.729999542236328,17.365500020980836,-0.707977690036046
2015-12-15,103.73594665527344,27.803255081176758,20.950000762939453,17.5050000667572,-0.8241496832295233
2015-12-16,105.95851135253906,27.89809226989746,17.860000610351562,17.456000089645386,-0.7263732418900024
2015-12-17,105.39293670654297,27.589866638183594,18.940000534057617,17.56050009727478,-0.6953320835854514
2015-12-18,103.22991180419922,26.767946243286133,20.700000762939453,17.746000146865846,-0.6468662011869495
2015-12-21,103.9542236328125,27.060359954833984,18.700000762939453,17.907500171661376,-0.6664782926474293
2015-12-22,104.6884536743164,27.44761085510254,16.600000381469727,17.956500196456908,-0.7042390036592158
2015-12-23,103.81531524658203,27.660991668701172,15.569999694824219,17.93850016593933,-0.791987516666525
2015-12-24,104.2022705078125,27.645187377929688,15.739999771118164,17.966000175476076,-0.7686031411589168
2015-12-28,105.10518646240234,27.605676651000977,16.90999984741211,18.055500173568724,-0.7135200323270664
2015-12-29,106.42483520507812,28.008737564086914,16.079999923706055,18.0530002117157,-0.7237215906487071
2015-12-30,105.39293670654297,27.653099060058594,17.290000915527344,18.184000253677368,-0.7077790886944664
2015-12-31,103.84507751464844,27.226327896118164,18.209999084472656,18.299000215530395,-0.7048666896640237
2016-01-04,101.42406463623047,26.86278533935547,20.700000762939453,18.42850022315979,-0.7601468468300538
2016-01-05,101.93011474609375,26.736331939697266,19.34000015258789,18.65500020980835,-0.7087420922384958
2016-01-06,102.16824340820312,26.14359474182129,20.59000015258789,18.89250020980835,-0.5795885140320386
2016-01-07,97.1575698852539,25.163599014282227,24.989999771118164,19.262000179290773,-0.649200362792768
2016-01-08,96.5721664428711,24.902801513671875,27.010000228881836,19.632000160217284,-0.6285340802987203
2016-01-11,96.75076293945312,25.33747673034668,24.299999237060547,19.880000114440918,-0.704740819494569
2016-01-12,98.59627532958984,25.827472686767578,22.469999313354492,19.78400011062622,-0.7045040638543667
2016-01-13,94.69686889648438,25.218921661376953,25.219999313354492,19.908500099182127,-0.7890115080631819
2016-01-14,97.60405731201172,25.874895095825195,23.950000762939453,20.05850009918213,-0.765823267301694
2016-01-15,94.23053741455078,23.519752502441406,27.020000457763672,20.516500091552736,-0.47897010092156883
2016-01-19,94.51825714111328,23.551361083984375,26.049999237060547,20.87200002670288,-0.4701178785320118
2016-01-20,93.6153564453125,23.385400772094727,27.59000015258789,21.216499996185302,-0.48475417946757193
2016-01-21,93.42683410644531,23.440715789794922,26.690000534057617,21.61599998474121,-0.5055197504989503
2016-01-22,97.17740631103516,23.654109954833984,22.34000015258789,21.90299997329712,-0.3510252639256992
2016-01-25,96.25465393066406,23.39330291748047,24.149999618530273,22.33199996948242,-0.3480315028824713
2016-01-26,96.58206939697266,23.662012100219727,22.5,22.669999980926512,-0.38377167892824854
2016-01-27,93.71456909179688,23.55926513671875,23.110000610351562,22.980000019073486,-0.5137806097899855
2016-01-28,108.26042175292969,23.685710906982422,22.420000076293945,23.297000026702882,0.22341601435114772
2016-01-29,111.33629608154297,24.515544891357422,20.200000762939453,23.442500019073485,0.22121842178833048
2016-02-01,114.19386291503906,24.357484817504883,19.979999542236328,23.53100004196167,0.40204555755254184
2016-02-02,113.71761322021484,23.551361083984375,21.979999542236328,23.594999980926513,0.5357755338371132
2016-02-03,111.81256103515625,23.391908645629883,21.649999618530273,23.710499954223632,0.46735342867369495
2016-02-04,109.62968444824219,23.734731674194336,21.84000015258789,23.772999954223632,0.28550497120699375
2016-02-05,103.2596664428711,23.152725219726562,23.3799991607666,23.692499923706055,0.06633197511342288
2016-02-08,98.97331237792969,22.977331161499023,26.0,23.641999912261962,-0.12371335803859344
2016-02-09,98.76495361328125,22.969350814819336,26.540000915527344,23.753999996185303,-0.1330588048176924
2016-02-10,100.21358489990234,22.506940841674805,26.290000915527344,23.945000076293944,0.03386117233093613
2016-02-11,101.11648559570312,22.498966217041016,28.139999389648438,24.091000080108643,0.08273574817905933
2016-02-12,101.2157211303711,22.833820343017578,25.399999618530273,24.163500022888183,0.022020439004080183
2016-02-16,100.8188247680664,22.9454402923584,24.110000610351562,24.018000030517577,-0.020745633198237932
2016-02-17,104.38086700439453,23.49555778503418,22.309999465942383,23.83100004196167,0.057588979186028004
2016-02-18,102.66435241699219,23.455692291259766,21.639999389648438,23.533500003814698,-0.024495384895561006
2016-02-19,103.75576782226562,22.889631271362305,20.530000686645508,23.22550001144409,0.14411254535202916
2016-02-22,106.32561492919922,23.39988136291504,19.3799991607666,23.07749996185303,0.17831174239587594
2016-02-23,104.63883972167969,22.96138572692871,20.979999542236328,22.91899995803833,0.17625395534617816
2016-02-24,106.04778289794922,23.27231788635254,20.719999313354492,22.829999923706055,0.18886582670521043
2016-02-25,107.2285385131836,23.615148544311523,19.110000610351562,22.629999923706055,0.18324341692678522
2016-02-26,107.07969665527344,23.758651733398438,19.809999465942383,22.499499893188478,0.14719736007083567
2016-02-29,106.08747863769531,23.591230392456055,20.549999237060547,22.516999816894533,0.12816913923328768
2016-03-01,108.96490478515625,24.213098526000977,17.700000762939453,22.402999877929688,0.15651154230340325
2016-03-02,109.09388732910156,24.3486328125,17.09000015258789,22.158499908447265,0.1365899133706941
2016-03-03,108.72676849365234,24.380523681640625,16.700000762939453,21.910999965667724,0.11107824129701654
2016-03-04,107.54603576660156,24.420385360717773,16.860000610351562,21.66199998855591,0.04137066200776265
2016-03-07,104.90675354003906,24.667539596557617,17.350000381469727,21.360500049591064,-0.14555786524060602
2016-03-08,105.10518646240234,24.364582061767578,18.670000076293945,20.994000053405763,-0.07552579274634466
2016-03-09,106.67288970947266,24.61173439025879,18.34000015258789,20.584000015258788,-0.04204139755745619
2016-03-10,106.484375,24.914695739746094,18.049999237060547,20.17199993133545,-0.1115545855604257
2016-03-11,108.55809783935547,25.321300506591797,16.5,19.589999961853028,-0.082946255363539
2016-03-14,109.03435516357422,25.058198928833008,16.920000076293945,19.165999984741212,-0.006203853827052942
2016-03-15,109.80829620361328,25.233606338500977,16.84000015258789,18.802499961853027,-0.00018362900946678506
2016-03-16,111.30652618408203,25.265493392944336,14.989999771118164,18.436499977111815,0.07203487772434936
2016-03-17,110.15555572509766,25.496706008911133,14.4399995803833,18.07649998664856,-0.03377992840048008
2016-03-18,110.58221435546875,26.054792404174805,14.020000457763672,17.75099997520447,-0.12128309719036363
2016-03-21,110.97909545898438,25.783716201782227,13.789999961853027,17.47150001525879,-0.04712961031880563
2016-03-22,111.37598419189453,25.767778396606445,14.170000076293945,17.13100004196167,-0.023198518292517546
2016-03-23,111.6637191772461,25.512649536132812,14.9399995803833,16.84200005531311,0.042097421581885335
2016-03-24,112.16976165771484,25.416980743408203,14.739999771118164,16.62350001335144,0.087441971239757
2016-03-28,112.80477142333984,25.432920455932617,15.239999771118164,16.39500002861023,0.11757377013466443
2016-03-29,115.2356948852539,25.815614700317383,13.819999694824219,16.058500051498413,0.16960324326545914
2016-03-30,113.80691528320312,26.078710556030273,13.5600004196167,15.851500034332275,0.04295738376333775
2016-03-31,113.21157836914062,25.79169273376465,13.949999809265137,15.694500017166138,0.068264578527052
2016-04-01,115.15631866455078,25.87141990661621,13.100000381469727,15.514499998092651,0.15445956859086757
2016-04-04,111.67363739013672,25.512649536132812,14.119999885559082,15.377499961853028,0.04261705697840854
2016-04-05,111.3462142944336,25.432920455932617,15.420000076293945,15.280999946594239,0.04115698816103289
2016-04-06,112.8246078491211,25.576431274414062,14.09000015258789,15.051999950408936,0.09036361068496955
2016-04-07,112.75516510009766,25.15387725830078,16.15999984741211,14.942999935150146,0.16990313590782952
2016-04-08,109.76859283447266,25.217653274536133,15.359999656677246,14.808499956130982,0.0008765162023286432
2016-04-11,108.14134979248047,25.249549865722656,16.260000228881836,14.796499967575073,-0.09065675879654049
2016-04-12,109.74874877929688,25.401033401489258,14.850000381469727,14.692999982833863,-0.036260670574765855
2016-04-13,109.6495361328125,25.61629295349121,13.84000015258789,14.542999982833862,-0.0838314546980989
2016-04-14,109.97696685791016,25.353195190429688,13.720000267028809,14.479500007629394,-0.014887133051442097
2016-04-15,108.78630065917969,25.08211898803711,13.619999885559082,14.438500022888183,-0.023908486345067856
2016-04-18,109.5899887084961,25.233606338500977,13.350000381469727,14.405000019073487,-0.011621203806478403
2016-04-19,111.4156723022461,25.193742752075195,13.239999771118164,14.377500009536742,0.09187704189315156
2016-04-20,111.5446548461914,25.512649536132812,13.279999732971191,14.332999992370606,0.0358593985063921
2016-04-21,112.55672454833984,25.488725662231445,13.949999809265137,14.283500003814698,0.09359309596289275
2016-04-22,109.69913482666016,25.22562599182129,13.220000267028809,14.20750002861023,-0.004331922384261311
2016-04-25,109.24272155761719,25.026315689086914,14.079999923706055,14.149500036239624,0.010988952335505727
2016-04-26,107.91314697265625,25.034284591674805,13.960000038146973,14.156500053405761,-0.0602388121936631
2016-04-27,108.0421371459961,25.313329696655273,13.770000457763672,14.16700005531311,-0.10840947164957851
2016-04-28,115.82109832763672,24.803077697753906,15.220000267028809,14.230500078201294,0.3995868741626859
2016-04-29,116.66447448730469,24.14134407043457,15.699999809265137,14.360500049591064,0.5740322257757202
2016-05-02,117.64676666259766,24.404443740844727,14.680000305175781,14.388500070571899,0.5737065819459449
2016-05-03,116.51564025878906,24.205123901367188,15.600000381469727,14.39750008583069,0.5536797370619231
2016-05-04,117.1407470703125,24.004085540771484,16.049999237060547,14.49550004005432,0.6260038140859013
2016-05-05,116.8927001953125,24.044294357299805,15.90999984741211,14.483000040054321,0.6050932159510628
2016-05-06,118.55960845947266,24.15687370300293,14.720000267028809,14.451000070571899,0.670265223550305
2016-05-09,118.3115463256836,23.96387481689453,14.569999694824219,14.366500043869019,0.6952596663681967
2016-05-10,119.5617446899414,24.23729133605957,13.630000114440918,14.305500030517578,0.7069393508403518
2016-05-11,118.58936309814453,24.17296028137207,14.6899995803833,14.348000001907348,0.6686575623807582
2016-05-12,119.34345245361328,23.93170928955078,14.40999984741211,14.382499980926514,0.755654965369314
2016-05-13,118.87710571289062,24.052337646484375,15.039999961853027,14.45349998474121,0.7074769835297248
2016-05-16,117.74598693847656,24.438331604003906,14.680000305175781,14.519999980926514,0.5722342678892897
2016-05-17,116.43627166748047,24.108623504638672,15.569999694824219,14.636499977111816,0.5685171043596735
2016-05-18,116.73394012451172,24.116661071777344,15.949999809265137,14.769999980926514,0.5825304044462308
2016-05-19,115.90047454833984,23.827171325683594,16.329999923706055,14.88899998664856,0.5958481396486455
2016-05-20,116.43627166748047,24.245325088500977,15.199999809265137,14.987999963760377,0.5416080399542624
2016-05-23,115.06700897216797,24.309663772583008,15.819999694824219,15.074999952316285,0.457204807801479
2016-05-24,116.78353881835938,24.977113723754883,14.420000076293945,15.097999954223633,0.41575291998150693
2016-05-25,116.97207641601562,25.242488861083984,13.899999618530273,15.104499912261963,0.3733929403976897
2016-05-26,118.5397720336914,25.32289695739746,13.430000305175781,15.014999914169312,0.43969975441917397
2016-05-27,118.4504623413086,25.387235641479492,13.119999885559082,14.885999917984009,0.42235586990724644
2016-05-31,117.88489532470703,25.403318405151367,14.1899995803833,14.861499881744384,0.38955884426546483
2016-06-01,117.85513305664062,25.459609985351562,14.199999809265137,14.791499853134155,0.3769188053151447
2016-06-02,118.00397491455078,25.540019989013672,13.630000114440918,14.670499897003173,0.36888860237461846
2016-06-03,117.54753875732422,25.427444458007812,13.470000267028809,14.548499917984008,0.3671349456985878
2016-06-06,117.86504364013672,25.475690841674805,13.649999618530273,14.494999885559082,0.37427259999086193
2016-06-07,116.84307861328125,25.636520385742188,14.050000190734863,14.468999910354615,0.2890712284611757
2016-06-08,117.46817016601562,25.644561767578125,14.079999923706055,14.491499900817871,0.32023814124034017
2016-06-09,117.6368408203125,25.684772491455078,14.640000343322754,14.488999938964843,0.32115984869757647
2016-06-10,115.71195220947266,25.765188217163086,17.030000686645508,14.619999980926513,0.20448155181598826
2016-06-13,113.062744140625,25.86972999572754,20.969999313354492,14.916499948501587,0.0451055815124014
2016-06-14,114.04503631591797,25.84560775756836,20.5,15.207499933242797,0.10131822069273734
2016-06-15,113.70768737792969,25.419403076171875,20.139999389648438,15.43599991798401,0.16754021072249878
2016-06-16,113.49932098388672,25.483732223510742,19.3700008392334,15.606999969482422,0.14396058011769072
2016-06-17,112.13998413085938,25.540019989013672,19.40999984741211,15.760999965667725,0.06166216857098687
2016-06-20,112.48726654052734,25.86972999572754,18.3700008392334,15.919500017166138,0.014955136647517447
2016-06-21,113.48939514160156,25.9903507232666,18.479999542236328,16.052500009536743,0.04371507398854573
2016-06-22,113.02305603027344,25.96623420715332,21.170000076293945,16.39000000953674,0.02402983995346208
2016-06-23,114.18394470214844,26.52914047241211,17.25,16.557500028610228,-0.025954288630244578
2016-06-24,111.20731353759766,25.37114906311035,25.760000228881836,17.174000024795532,0.04603910269803597
2016-06-27,108.12152862548828,24.703699111938477,23.850000381469727,17.710500049591065,0.015752925710764264
2016-06-28,111.8224868774414,25.081653594970703,18.75,17.938500070571898,0.13525511083540592
2016-06-29,113.27111053466797,25.676729202270508,16.639999389648438,18.060500049591063,0.09401362101137102
2016-06-30,113.39017486572266,26.376346588134766,15.630000114440918,18.160500049591064,-0.03746475073069465
2016-07-01,113.3008804321289,26.336135864257812,14.770000457763672,18.225500059127807,-0.03422777613760215
2016-07-05,113.31079864501953,26.27985191345215,15.579999923706055,18.322000074386597,-0.022628909510326225
2016-07-06,115.79132843017578,26.513057708740234,14.960000038146973,18.367500066757202,0.061425638781870726
2016-07-07,114.94794464111328,26.698013305664062,14.760000228881836,18.401500082015993,-0.01916859770709095
2016-07-08,116.32713317871094,27.341333389282227,13.199999809265137,18.32950005531311,-0.07354463348274959
2016-07-11,116.95222473144531,27.64691734313965,13.539999961853027,18.155000019073487,-0.10094757781615946
2016-07-12,117.01174926757812,28.09723663330078,13.550000190734863,17.784000062942503,-0.18647220215935795
2016-07-13,115.87071228027344,28.153533935546875,13.039999961853027,17.411000061035157,-0.25733531589166436
2016-07-14,116.37673950195312,28.30632972717285,12.819999694824219,17.045000076293945,-0.26090065153603986
2016-07-15,115.95008850097656,28.2017822265625,12.670000076293945,16.710000038146973,-0.2626740832029916
2016-07-18,118.44054412841797,28.185701370239258,12.4399995803833,16.361500024795532,-0.12902859385427948
2016-07-19,119.67089080810547,28.266117095947266,11.970000267028809,16.0414999961853,-0.08039768035715467
2016-07-20,120.9706802368164,28.70036506652832,11.770000457763672,15.70600004196167,-0.09777873434646915
2016-07-21,119.67089080810547,27.55845832824707,12.739999771118164,15.284500026702881,0.05890162268734715
2016-07-22,120.0578384399414,27.872079849243164,12.020000457763672,15.023000049591065,0.017439675442166933
2016-07-25,120.68294525146484,27.89620590209961,12.869999885559082,14.378500032424927,0.04544119575390214
2016-07-26,120.27613830566406,28.217864990234375,13.050000190734863,13.838500022888184,-0.03918932959674207
2016-07-27,122.37963104248047,28.00877571105957,12.829999923706055,13.542500019073486,0.11217518596439903
2016-07-28,124.0267105102539,27.960540771484375,12.720000267028809,13.346500062942505,0.20796385886067797
2016-07-29,122.97496032714844,28.03291130065918,11.869999885559082,13.158500051498413,0.13861472366487956
2016-08-01,123.34207153320312,28.024869918823242,12.4399995803833,13.042000007629394,0.1594313365148254
2016-08-02,122.13157653808594,27.79166603088379,13.369999885559082,12.931500005722047,0.14191612501434622
2016-08-03,121.55609130859375,27.75114631652832,12.859999656677246,12.82649998664856,0.11974139579358167
2016-08-04,123.39169311523438,28.01852798461914,12.420000076293945,12.709499979019165,0.16327949232211814
2016-08-05,124.175537109375,28.342634201049805,11.390000343322754,12.619000005722047,0.1405478917402576
2016-08-08,124.28468322753906,28.391252517700195,11.5,12.517000007629395,0.1366959922501643
2016-08-09,124.08623504638672,28.29401206970215,11.65999984741211,12.422499990463256,0.14544021264816379
2016-08-10,123.90762329101562,27.978017807006836,12.050000190734863,12.373000001907348,0.19828436431076216
2016-08-11,123.927490234375,28.09955406188965,11.680000305175781,12.316000032424927,0.17540139332237065
2016-08-12,123.90762329101562,28.01043128967285,11.550000190734863,12.260000038146973,0.1919039225629764
2016-08-15,122.9352798461914,28.28591537475586,11.8100004196167,12.228500080108642,0.08673311927118837
2016-08-16,122.3399429321289,28.528995513916016,12.640000343322754,12.26200008392334,0.007693021325027207
2016-08-17,123.401611328125,28.375045776367188,12.1899995803833,12.283000040054322,0.093620275734845
2016-08-18,122.94520568847656,28.334537506103516,11.430000305175781,12.217500066757202,0.07768211631295265
2016-08-19,122.59791564941406,28.553306579589844,11.34000015258789,12.183500051498413,0.01642321895144889
2016-08-22,123.1833267211914,28.65053367614746,12.270000457763672,12.153500080108643,0.02795540157687857
2016-08-23,123.401611328125,28.68293571472168,12.380000114440918,12.120000076293945,0.033013588183189654
2016-08-24,122.51853942871094,28.480377197265625,13.449999809265137,12.1510000705719,0.02662034310733041
2016-08-25,122.92534637451172,28.431760787963867,13.630000114440918,12.196500062942505,0.05750370019148118
2016-08-26,123.98701477050781,28.569503784179688,13.649999618530273,12.285500049591064,0.08601261066045922
2016-08-29,125.5547103881836,28.804481506347656,12.9399995803833,12.310500049591065,0.12189312017454036
2016-08-30,124.86015319824219,28.926015853881836,13.119999885559082,12.298000049591064,0.061580387588126194
2016-08-31,125.13798522949219,29.07996368408203,13.420000076293945,12.326000070571899,0.04583266724859819
2016-09-01,125.18759155273438,29.185300827026367,13.479999542236328,12.379000043869018,0.02769652207413599
2016-09-02,125.52494812011719,29.23392105102539,11.979999542236328,12.408500003814698,0.03580065788589023
2016-09-06,128.71987915039062,29.630931854248047,12.020000457763672,12.434500026702882,0.12503989799846996
2016-09-07,130.02960205078125,29.541810989379883,11.9399995803833,12.44850001335144,0.21120197472714597
2016-09-08,129.25567626953125,29.525602340698242,12.510000228881836,12.471500015258789,0.17384502134341237
2016-09-09,126.11035919189453,28.71534538269043,17.5,12.7625,0.1685507210460173
2016-09-12,127.68795776367188,29.23392105102539,15.15999984741211,12.942999982833863,0.14912514347688638
2016-09-13,126.21949768066406,28.853097915649414,17.850000381469727,13.244999980926513,0.14715277020890025
2016-09-14,126.775146484375,28.86118507385254,18.139999389648438,13.519999933242797,0.17467242491055873
2016-09-15,127.35063934326172,29.622838973999023,16.299999237060547,13.72549991607666,0.054895678077858924
2016-09-16,128.06503295898438,30.522212982177734,15.369999885559082,13.922499895095825,-0.0847133309883889
2016-09-19,127.64826965332031,30.10898208618164,15.529999732971191,14.13199987411499,-0.025205850297258362
2016-09-20,127.63836669921875,30.092777252197266,15.920000076293945,14.314499855041504,-0.02253484083343242
2016-09-21,128.92823791503906,30.343957901000977,13.300000190734863,14.360499858856201,-0.004399588183699839
2016-09-22,129.067138671875,30.42498016357422,12.020000457763672,14.288999891281128,-0.013071145968931658
2016-09-23,126.96366882324219,30.133291244506836,12.289999961853027,14.221999883651733,-0.06585862726703628
2016-09-26,126.31871032714844,29.695758819580078,14.5,14.26449990272522,-0.013523116117228099
2016-09-27,127.68795776367188,30.12519073486328,13.100000381469727,14.272499942779541,-0.02631710559860215
2016-09-28,128.22377014160156,30.335857391357422,12.390000343322754,14.235999965667725,-0.03971354398211291
2016-09-29,127.09263610839844,30.238632202148438,14.020000457763672,14.26599998474121,-0.0798376407354726
2016-09-30,127.27124786376953,30.587032318115234,13.289999961853027,14.256500005722046,-0.1390607323353948
2016-10-03,127.7673568725586,30.514110565185547,13.569999694824219,14.336000013351441,-0.0987142654055555
2016-10-04,127.19186401367188,30.416879653930664,13.630000114440918,14.416499996185303,-0.10972606172923062
2016-10-05,127.46967315673828,30.781496047973633,12.989999771118164,14.469000005722046,-0.1669440980618193
2016-10-06,127.73760986328125,30.8463134765625,12.84000015258789,14.485500001907349,-0.16566535391700735
2016-10-07,127.98562622070312,30.87061309814453,13.479999542236328,14.284499979019165,-0.15745453756909447
2016-10-10,129.22589111328125,30.80579948425293,13.380000114440918,14.195499992370605,-0.0797162756261397
2016-10-11,127.87649536132812,30.198110580444336,15.359999656677246,14.070999956130981,-0.03079316537336516
2016-10-12,128.04518127441406,30.084672927856445,15.90999984741211,13.959499979019165,0.00037430241706019337
2016-10-13,126.82474517822266,29.955036163330078,16.690000534057617,13.979000043869018,-0.03804844520751647
2016-10-14,126.88428497314453,30.343957901000977,16.1200008392334,14.016500091552734,-0.11148645041873854
2016-10-17,126.54693603515625,30.21431541442871,16.209999084472656,14.050500059127808,-0.10364133485718552
2016-10-18,127.56890106201172,30.587032318115234,15.279999732971191,14.01850004196167,-0.12346607436619748
2016-10-19,129.09690856933594,28.772058486938477,14.40999984741211,14.074000024795533,0.31385842441923845
2016-10-20,128.98777770996094,28.70724868774414,13.75,14.160500001907348,0.3208983406013719
2016-10-21,131.04165649414062,28.480377197265625,13.34000015258789,14.213000011444091,0.4731638247555848
2016-10-24,132.2422637939453,28.569503784179688,13.020000457763672,14.139000034332275,0.5185219394072291
2016-10-25,131.25994873046875,28.43987464904785,13.460000038146973,14.157000017166137,0.4925733364036404
2016-10-26,130.01966857910156,28.29401206970215,14.239999771118164,14.249499988555907,0.45630489366652943
2016-10-27,128.68019104003906,28.20489501953125,15.359999656677246,14.316499948501587,0.40366920676141094
2016-10-28,130.26773071289062,28.148178100585938,16.190000534057617,14.461499977111817,0.4980081061815297
2016-10-31,129.97007751464844,28.25350570678711,17.059999465942383,14.635999965667725,0.4616802038792603
2016-11-01,128.49166870117188,27.96992301940918,18.559999465942383,14.882499933242798,0.4400452710932504
2016-11-02,126.17980194091797,28.03473663330078,19.31999969482422,15.198999929428101,0.30616360231224926
2016-11-03,119.06562805175781,27.70001792907715,22.079999923706055,15.66099991798401,-0.0006746694623360614
2016-11-04,119.8097915649414,27.438777923583984,22.510000228881836,16.112499952316284,0.08973744182058675
2016-11-07,121.19889068603516,28.320476531982422,18.709999084472656,16.37899990081787,-0.011043050710503561
2016-11-08,123.25277709960938,28.36130142211914,18.739999771118164,16.547999906539918,0.0885280585779947
2016-11-09,122.22087860107422,28.36945915222168,14.380000114440918,16.471499919891357,0.03285898136769589
2016-11-10,119.85941314697266,28.165363311767578,14.739999771118164,16.373999881744385,-0.05068770166674924
2016-11-11,118.09326934814453,28.255157470703125,14.170000076293945,16.276499843597414,-0.16089513467762337
2016-11-14,114.18394470214844,28.14903450012207,14.479999542236328,16.189999866485596,-0.344822815899797
2016-11-15,116.28743743896484,28.500076293945312,13.369999885559082,16.09449987411499,-0.3037174699321756
2016-11-16,115.43413543701172,28.44293212890625,13.720000267028809,16.059999895095824,-0.33717514133240367
2016-11-17,116.87284851074219,28.589881896972656,13.350000381469727,16.03999991416931,-0.29072440117984
2016-11-18,116.10882568359375,28.532733917236328,12.850000381469727,16.015499925613405,-0.3195038036670562
2016-11-21,120.82183837890625,28.557226181030273,12.420000076293945,15.985499906539918,-0.07740064578741952
2016-11-22,120.52420043945312,28.965415954589844,12.40999984741211,15.932999897003175,-0.17334474310781808
2016-11-23,119.89909362792969,28.736839294433594,12.430000305175781,15.842499923706054,-0.16110112211162683
2016-11-25,119.44267272949219,28.932762145996094,12.34000015258789,15.691499948501587,-0.22358043628458493
2016-11-28,119.47244262695312,28.989904403686523,13.149999618530273,15.53949990272522,-0.23326891556367135
2016-11-29,119.92886352539062,28.826641082763672,12.899999618530273,15.331499910354614,-0.1772184765258974
2016-11-30,117.49793243408203,28.328636169433594,13.329999923706055,15.069999933242798,-0.20654998605363492
2016-12-01,114.20378112792969,27.561235427856445,14.069999694824219,14.807499933242799,-0.22807805987280716
2016-12-02,114.5014419555664,27.887792587280273,14.119999885559082,14.40949993133545,-0.2767642444836154
2016-12-05,116.51564025878906,28.0755615234375,12.140000343322754,13.890999937057495,-0.20819772117092092
2016-12-06,116.3965835571289,28.3449649810791,11.789999961853027,13.544999980926514,-0.2674661492030002
2016-12-07,117.0315933227539,28.981746673583984,12.220000267028809,13.219000005722046,-0.35954417665293736
2016-12-08,117.98411560058594,29.1450252532959,12.640000343322754,13.132000017166138,-0.3417802134792264
2016-12-09,118.74813079833984,29.194005966186523,11.75,12.982500028610229,-0.3113935226119799
2016-12-12,116.85298919677734,29.365453720092773,12.640000343322754,12.90600004196167,-0.4444325400034439
2016-12-13,119.37322235107422,30.043048858642578,12.720000267028809,12.818000078201294,-0.4457738052268345
2016-12-14,119.27399444580078,29.838956832885742,13.1899995803833,12.809000062942506,-0.4107980012930681
2016-12-15,119.63118743896484,30.034887313842773,12.789999961853027,12.762500047683716,-0.4306519265410827
2016-12-16,118.9366455078125,29.64302635192871,12.199999809265137,12.705000019073486,-0.38990440553247196
2016-12-19,118.3115463256836,30.116527557373047,11.710000038146973,12.648000001907349,-0.5158611135082966
2016-12-20,118.1627197265625,30.37775993347168,11.449999809265137,12.599499988555909,-0.5750808081642197
2016-12-21,118.11312103271484,30.190004348754883,11.270000457763672,12.542500019073486,-0.5407205803019052
2016-12-22,116.48588562011719,30.149179458618164,11.430000305175781,12.492500019073486,-0.6179385737101181
2016-12-23,116.35688781738281,30.181838989257812,11.4399995803833,12.447499990463257,-0.631125906756391
2016-12-27,117.09112548828125,30.263471603393555,11.989999771118164,12.389499998092651,-0.6087266945620452
2016-12-28,116.0096206665039,29.90427017211914,12.949999809265137,12.392000007629395,-0.5946818235437403
2016-12-29,115.44405364990234,29.92875099182129,13.369999885559082,12.394000005722045,-0.6291319670515632
2016-12-30,114.15419006347656,29.610370635986328,14.039999961853027,12.392500019073486,-0.6340388734325081
2017-01-03,115.95008850097656,29.879770278930664,12.850000381469727,12.32900004386902,-0.5929781462354053
2017-01-04,117.76583862304688,29.724666595458984,11.850000381469727,12.314500045776366,-0.4673158637955507
2017-01-05,119.73042297363281,29.675668716430664,11.670000076293945,12.308500051498413,-0.3547422816517575
2017-01-06,122.44908142089844,29.78180694580078,11.319999694824219,12.263500022888184,-0.23319903396404745
2017-01-09,123.927490234375,29.887935638427734,11.5600004196167,12.20950002670288,-0.17663311618987973
2017-01-10,123.38176727294922,29.83079719543457,11.489999771118164,12.196500015258788,-0.1939772208626978
2017-01-11,125.10820770263672,30.165512084960938,11.260000228881836,12.127500009536742,-0.16941253968453981
2017-01-12,125.63409423828125,29.969568252563477,11.539999961853027,12.068499994277953,-0.10328964915946932
2017-01-13,127.3406982421875,30.034887313842773,11.229999542236328,11.970499992370605,-0.02673493590869865
2017-01-17,126.87435913085938,30.043048858642578,11.869999885559082,11.924499988555908,-0.05277395455586733
2017-01-18,126.92396545410156,30.010391235351562,12.479999542236328,11.938499975204468,-0.0437464784516105
2017-01-19,126.5568618774414,29.85527801513672,12.779999732971191,11.991999959945678,-0.032446474852256546
2017-01-20,126.05081176757812,30.157344818115234,11.539999961853027,11.996499967575073,-0.11841990265801612
2017-01-23,127.92609405517578,30.018558502197266,11.770000457763672,12.021499967575073,0.0071493941939934896
2017-01-24,128.3626708984375,30.712482452392578,11.069999694824219,12.003499937057494,-0.10657312356995756
2017-01-25,130.45623779296875,30.859445571899414,10.8100004196167,11.971999979019165,-0.025815884670489404
2017-01-26,131.74612426757812,30.66351890563965,10.630000114440918,11.903999996185302,0.08033114137522424
2017-01-27,131.15077209472656,31.006389617919922,10.579999923706055,11.785500001907348,-0.018353061400288122
2017-01-30,129.96011352539062,30.549213409423828,11.880000114440918,11.711000013351441,0.009258896719835789
2017-01-31,129.30526733398438,30.059377670288086,11.989999771118164,11.608500003814697,0.0713720329734715
2017-02-01,132.192626953125,29.81446647644043,11.8100004196167,11.556500005722047,0.2708563083716672
2017-02-02,129.8212432861328,29.945083618164062,11.930000305175781,11.560500001907348,0.12090331225728337
2017-02-03,129.96011352539062,30.027313232421875,10.970000267028809,11.525500011444091,0.111992494088298
2017-02-06,131.03173828125,29.821754455566406,11.369999885559082,11.528000020980835,0.20860037936248363
2017-02-07,130.8134307861328,29.88751983642578,11.289999961853027,11.514499998092651,0.18421719838307513
2017-02-08,133.15504455566406,29.912199020385742,11.449999809265137,11.5125,0.30204113691490836
2017-02-09,133.09555053710938,29.155750274658203,10.880000114440918,11.493499994277954,0.4478275049238001
2017-02-10,133.14515686035156,29.057096481323242,10.850000381469727,11.45900001525879,0.4698460169769297
2017-02-13,133.00624084472656,29.435304641723633,11.069999694824219,11.451000022888184,0.3881194245420702
2017-02-14,132.80780029296875,29.54220962524414,10.739999771118164,11.394500017166138,0.35667897577015906
2017-02-15,132.40098571777344,29.640867233276367,11.970000267028809,11.369000053405761,0.3159448441462468
2017-02-16,132.79786682128906,29.93686866760254,11.760000228881836,11.318000078201294,0.2784717629986393
2017-02-17,132.4902801513672,29.994417190551758,11.489999771118164,11.315500068664551,0.25102851387901887
2017-02-21,132.6787872314453,30.027313232421875,11.569999694824219,11.305500030517578,0.25442935290973906
2017-02-22,135.0601348876953,29.657312393188477,11.739999771118164,11.339000034332276,0.4520259386986466
2017-02-23,134.30604553222656,29.747751235961914,11.710000038146973,11.384000015258788,0.39471519856496207
2017-02-24,134.38540649414062,30.03553581237793,11.470000267028809,11.426000022888184,0.34222403964453624
2017-02-27,135.34786987304688,30.019088745117188,12.09000015258789,11.501500034332276,0.39588698642659453
2017-02-28,134.484619140625,29.764198303222656,12.920000076293945,11.553500032424926,0.40083350611614926
2017-03-01,136.34999084472656,29.54220962524414,12.539999961853027,11.58100004196167,0.5422615612844579
2017-03-02,135.6951446533203,29.525760650634766,11.8100004196167,11.58100004196167,0.511190737444842
2017-03-03,136.10194396972656,29.517536163330078,10.960000038146973,11.53250002861023,0.5341227347710398
2017-03-06,136.34999084472656,29.246200561523438,11.239999771118164,11.546000003814697,0.6005295544941716
2017-03-07,136.23092651367188,29.435304641723633,11.449999809265137,11.55,0.5570672818550538
2017-03-08,136.64767456054688,29.287302017211914,11.859999656677246,11.57849998474121,0.6080351829301289
2017-03-09,137.1636199951172,29.45176124572754,12.300000190734863,11.621000003814697,0.6026935899385018
2017-03-10,137.7093505859375,29.525760650634766,11.65999984741211,11.659999990463257,0.6167190932098469
2017-03-13,138.5130157470703,28.909090042114258,11.350000381469727,11.684999990463258,0.7802134611453351
2017-03-14,138.23519897460938,28.925539016723633,12.300000190734863,11.746500015258789,0.7624201706131232
2017-03-15,138.63209533691406,28.859764099121094,11.630000114440918,11.791000032424927,0.7961618637493134
2017-03-16,138.89999389648438,28.892648696899414,11.210000038146973,11.753000020980835,0.8037244369851273
2017-03-17,138.7511749267578,28.999542236328125,11.279999732971191,11.728999996185303,0.7748860167896673
2017-03-20,138.85037231445312,29.13109016418457,11.34000015258789,11.721500015258789,0.7541885787556375
2017-03-21,137.4315185546875,28.8104305267334,12.470000267028809,11.76650004386902,0.7429722800586619
2017-03-22,138.5030975341797,29.081764221191406,12.8100004196167,11.820000076293946,0.7457037250150945
2017-03-23,138.44357299804688,28.999542236328125,13.119999885559082,11.89050006866455,0.7587701245458036
2017-03-24,139.2472686767578,28.909090042114258,12.960000038146973,11.96500005722046,0.8186824692694841
2017-03-27,139.2274169921875,29.09819793701172,12.5,11.985500049591064,0.7804173985685109
2017-03-28,140.6561737060547,29.270864486694336,11.529999732971191,11.916000032424927,0.8212842771121028
2017-03-29,141.5392608642578,29.246200561523438,11.420000076293945,11.860000038146973,0.8724059917114008
2017-03-30,141.3011474609375,29.394208908081055,11.539999961853027,11.846500015258789,0.8307959974893981
2017-03-31,140.94395446777344,29.657312393188477,12.369999885559082,11.917000007629394,0.7602912435757888
2017-04-03,141.17214965820312,29.731311798095703,12.380000114440918,11.974000024795533,0.7576804197676754
2017-04-04,140.62643432617188,29.8299617767334,11.789999961853027,11.991000032424926,0.7096704960856856
2017-04-05,140.74549865722656,29.78065299987793,12.890000343322754,12.042500066757203,0.7256147201770526
2017-04-06,140.07078552246094,29.624422073364258,12.390000343322754,12.047000074386597,0.7210184470456895
2017-04-07,139.68382263183594,29.624422073364258,12.869999885559082,12.107500076293945,0.7007446721905686
2017-04-10,139.94180297851562,29.435304641723633,14.050000190734863,12.242500066757202,0.751487666305605
2017-04-11,138.8305206298828,29.385976791381836,15.069999694824219,12.38100004196167,0.7029752737039592
2017-04-12,138.49317932128906,29.295541763305664,15.770000457763672,12.588000059127808,0.7031029850208553
2017-04-13,138.30467224121094,28.983095169067383,15.960000038146973,12.825500059127808,0.75473035858071
2017-04-17,140.31883239746094,29.172197341918945,14.65999984741211,12.994500064849854,0.8230324419174914
2017-04-18,139.86244201660156,29.410654067993164,14.420000076293945,13.148500061035156,0.7521821332970542
2017-04-19,141.16224670410156,29.525760650634766,14.930000305175781,13.271500062942504,0.7976233612772937
2017-04-20,142.68031311035156,29.747751235961914,14.149999618530273,13.338500022888184,0.8334601520700106
2017-04-21,142.56124877929688,29.862857818603516,14.630000114440918,13.414000034332275,0.8045639391017837
2017-04-24,144.33734130859375,30.21641731262207,10.84000015258789,13.30800004005432,0.828020523177716
2017-04-25,145.34938049316406,30.315078735351562,10.760000228881836,13.221000051498413,0.861622282157968
2017-04-26,145.41883850097656,30.364412307739258,10.850000381469727,13.18700008392334,0.8555502469118987
2017-04-27,146.5499725341797,30.775524139404297,10.359999656677246,13.134000062942505,0.8338872330904745
2017-04-28,149.08010864257812,29.72309112548828,10.819999694824219,13.098000049591064,1.1736127160182173
2017-05-01,151.27288818359375,29.854644775390625,10.109999656677246,12.985000038146973,1.2626011894416742
2017-05-02,151.5904083251953,30.397306442260742,10.59000015258789,12.895500040054321,1.1724163179938953
2017-05-03,150.6180419921875,30.631725311279297,10.680000305175781,12.84000005722046,1.075327810355188
2017-05-04,149.6754150390625,30.524030685424805,10.460000038146973,12.71850004196167,1.0471408432985283
2017-05-05,149.0701446533203,30.499183654785156,10.569999694824219,12.627500009536742,1.020320514868498
2017-05-08,149.88375854492188,30.26726531982422,9.770000457763672,12.472500038146972,1.1085994400276287
2017-05-09,149.3083038330078,30.126432418823242,9.960000038146973,12.268000030517578,1.1061724890919338
2017-05-10,149.11976623535156,29.82823944091797,10.210000038146973,12.025000047683715,1.1549925063780226
2017-05-11,148.87171936035156,29.56317710876465,10.600000381469727,11.76650004386902,1.1941730993537591
2017-05-12,149.15948486328125,29.430644989013672,10.399999618530273,11.488500022888184,1.2353380457925078
2017-05-15,149.02056884765625,29.513479232788086,10.420000076293945,11.276500034332276,1.211754420846401
2017-05-16,148.61375427246094,29.670862197875977,10.649999618530273,11.088000011444091,1.1594604786438978
2017-05-17,143.72215270996094,29.02475929260254,15.59000015258789,11.121000003814697,1.0303618196194477
2017-05-18,146.51025390625,29.17386245727539,14.65999984741211,11.14650001525879,1.147085868905167
2017-05-19,146.90716552734375,29.322946548461914,12.039999961853027,11.017000007629395,1.1385343752497248
2017-05-22,147.0857391357422,29.62944793701172,10.930000305175781,11.02150001525879,1.0875568526567851
2017-05-23,146.9170684814453,29.70399284362793,10.720000267028809,11.019500017166138,1.064046038588067
2017-05-24,148.87171936035156,29.919355392456055,10.020000457763672,10.978000020980835,1.1240610779355222
2017-05-25,150.77679443359375,30.035324096679688,9.989999771118164,10.95950002670288,1.2010439509856887
2017-05-26,150.9454803466797,30.035324096679688,9.8100004196167,10.909000062942505,1.2098817499219412
2017-05-30,151.1935272216797,29.969053268432617,10.380000114440918,10.922500085830688,1.235922532594955
2017-05-31,150.28067016601562,29.911075592041016,10.40999984741211,10.9135000705719,1.1995087232913462
2017-06-01,150.3501434326172,29.919355392456055,9.890000343322754,10.874000072479248,1.2015187295803433
2017-06-02,152.41392517089844,30.085018157958984,9.75,10.8385000705719,1.2770345259697484
2017-06-05,152.43377685546875,30.101591110229492,10.069999694824219,10.8135000705719,1.274812288425798
2017-06-06,151.62017822265625,29.92763900756836,10.449999809265137,10.847500038146972,1.2664278511155647
2017-06-07,151.92774963378906,30.035324096679688,10.390000343322754,10.869000053405761,1.2613448407154566
2017-06-08,153.50538635253906,30.217554092407227,10.15999984741211,10.866500043869019,1.3081293268662866
2017-06-09,148.43516540527344,29.579736709594727,10.699999809265137,10.871500015258789,1.1680414679082622
2017-06-12,147.28421020507812,29.596302032470703,11.460000038146973,10.924500036239625,1.1044797722128878
2017-06-13,149.50674438476562,29.72055435180664,10.420000076293945,10.924500036239625,1.1964643844380443
2017-06-14,149.08010864257812,29.430644989013672,10.640000343322754,10.924000072479249,1.231179363742179
2017-06-15,148.63360595703125,29.248411178588867,10.899999618530273,10.689500045776366,1.2436580468723735
2017-06-16,149.467041015625,29.165576934814453,10.380000114440918,10.475500059127807,1.3036289406002495
2017-06-19,151.67970275878906,29.414064407348633,10.369999885559082,10.39200005531311,1.3706412096355858
2017-06-20,151.06454467773438,28.87565803527832,10.859999656677246,10.388500022888184,1.4443945877680615
2017-06-21,152.71160888671875,28.64371681213379,10.75,10.390000009536744,1.5763441798870308
2017-06-22,152.20556640625,28.461488723754883,10.479999542236328,10.412999963760376,1.5857023254020965
2017-06-23,153.86256408691406,28.320674896240234,10.020000457763672,10.414499998092651,1.7002343527459765
2017-06-26,152.39407348632812,28.221277236938477,9.899999618530273,10.41899995803833,1.6428630980882366
2017-06-27,149.40753173828125,27.873374938964844,11.0600004196167,10.45299997329712,1.5548750188848994
2017-06-28,152.0468292236328,28.328962326049805,10.029999732971191,10.433999967575073,1.6034729593705948
2017-06-29,149.86395263671875,27.782257080078125,11.4399995803833,10.511499929428101,1.5967239627414322
2017-06-30,149.8043975830078,27.947933197021484,11.180000305175781,10.58299994468689,1.5609911869576256
2017-07-03,147.2742462158203,27.71599006652832,11.220000267028809,10.64049997329712,1.4740883131732097
2017-07-05,149.1693878173828,28.44492530822754,11.069999694824219,10.671499967575073,1.429891168892331
2017-07-06,147.6612548828125,27.856815338134766,12.539999961853027,10.778999948501587,1.4666436933854254
2017-07-07,150.26084899902344,28.06389617919922,11.1899995803833,10.830499935150147,1.5620788392276017
2017-07-10,152.30477905273438,27.873374938964844,11.109999656677246,10.850999927520752,1.7066677131609727
2017-07-11,154.0609893798828,28.097028732299805,10.890000343322754,10.82249994277954,1.754653954863033
2017-07-12,157.66275024414062,28.370370864868164,10.300000190734863,10.816499948501587,1.8895514361856312
2017-07-13,158.0199432373047,28.362089157104492,9.899999618530273,10.779499912261963,1.9098957206686067
2017-07-14,158.7244415283203,28.72655487060547,9.510000228881836,10.709999942779541,1.8750624595706062
2017-07-17,158.4862823486328,28.552610397338867,9.819999694824219,10.681999921798706,1.8968249667171166
2017-07-18,161.5919189453125,28.60230255126953,9.890000343322754,10.657999944686889,2.049753933402089
2017-07-19,162.8619384765625,28.62715721130371,9.789999961853027,10.604499959945679,2.111400323174786
2017-07-20,163.2489013671875,28.7845401763916,9.579999923706055,10.54599995613098,2.100694000914643
2017-07-21,163.1497039794922,28.767974853515625,9.359999656677246,10.489999961853027,2.0987576534759462
2017-07-24,164.70745849609375,28.57745361328125,9.430000305175781,10.460499954223632,2.2178747997108204
2017-07-25,163.99307250976562,28.7182674407959,9.430000305175781,10.436999988555907,2.1527281210134346
2017-07-26,164.3205108642578,28.7845401763916,9.600000381469727,10.36399998664856,2.156837807472225
2017-07-27,169.11288452148438,28.966781616210938,10.109999656677246,10.367999982833862,2.3720466639456794
2017-07-28,171.10723876953125,29.248411178588867,10.289999961853027,10.310500001907348,2.421097493537098
2017-07-31,167.93215942382812,29.380939483642578,10.260000228881836,10.264499998092651,2.228661038563102
2017-08-01,168.53741455078125,30.109867095947266,10.09000015258789,10.207999992370606,2.1168856136162346
2017-08-02,167.9817657470703,30.35008430480957,10.279999732971191,10.168499994277955,2.0404884110711015
2017-08-03,167.27728271484375,30.452743530273438,10.4399995803833,10.063499975204468,1.9833711224516042
2017-08-04,168.29928588867188,30.29417610168457,10.029999732971191,10.005499982833863,2.068129205776988
2017-08-07,170.64088439941406,30.402673721313477,9.930000305175781,9.946500015258788,2.169453079681657
2017-08-08,169.89674377441406,30.385971069335938,10.960000038146973,9.95,2.133753873593051
2017-08-09,169.8471221923828,30.536195755004883,11.109999656677246,9.99049997329712,2.1015830742829937
2017-08-10,166.09654235839844,30.160654067993164,16.040000915527344,10.297500038146973,1.979006165738988
2017-08-11,166.77127075195312,29.935317993164062,15.510000228881836,10.597500038146972,2.058712909492564
2017-08-14,169.42050170898438,30.327558517456055,12.329999923706055,10.723000049591064,2.120300817079799
2017-08-15,169.6685333251953,30.043807983398438,12.039999961853027,10.830500030517578,2.1891506584381397
2017-08-16,168.6763458251953,29.8852481842041,11.739999771118164,10.928000020980836,2.1683796836271285
2017-08-17,165.61036682128906,29.351133346557617,15.550000190734863,11.226500034332275,2.112884788015704
2017-08-18,166.1064910888672,29.217605590820312,14.260000228881836,11.471500062942505,2.165162061242088
2017-08-21,166.4735870361328,29.142494201660156,13.1899995803833,11.659500026702881,2.1991802904243603
2017-08-22,168.31915283203125,28.91716194152832,11.350000381469727,11.755500030517577,2.340228842112734
2017-08-23,167.39634704589844,28.925508499145508,12.25,11.888000011444092,2.290238184735721
2017-08-24,166.4339141845703,28.967241287231445,12.229999542236328,11.994000005722047,2.231599461508139
2017-08-25,165.02496337890625,28.933856964111328,11.279999732971191,12.043499994277955,2.1643532030852697
2017-08-28,165.93780517578125,28.91716194152832,11.319999694824219,12.096499967575074,2.2154651828465832
2017-08-29,166.74151611328125,28.983928680419922,11.699999809265137,12.176999950408936,2.2444305188190037
2017-08-30,168.59693908691406,29.117462158203125,11.220000267028809,12.223999977111816,2.3153544739941405
2017-08-31,170.6309814453125,29.267675399780273,10.59000015258789,12.231500005722046,2.392353329818587
2017-09-01,170.6805877685547,29.28437614440918,10.130000114440918,12.236500024795532,2.3916648431389675
2017-09-05,169.3907012939453,29.225955963134766,12.229999542236328,12.351499986648559,2.3355847988226284
2017-09-06,170.75003051757812,29.843517303466797,11.630000114440918,12.384999990463257,2.285238780667626
2017-09-07,171.86131286621094,29.659914016723633,11.550000190734863,12.407000017166137,2.3796025730318267
2017-09-08,169.618896484375,29.367822647094727,12.119999885559082,12.210999965667725,2.3196146200498378
2017-09-11,172.1589813232422,29.85186195373535,10.729999542236328,11.97199993133545,2.3574139810267636
2017-09-12,171.61328125,30.118921279907227,10.579999923706055,11.88449993133545,2.276254268098383
2017-09-13,171.70257568359375,30.319211959838867,10.5,11.807499933242799,2.2415063063917104
2017-09-14,169.62884521484375,30.44438362121582,10.4399995803833,11.742499923706054,2.1082198854637735
2017-09-15,170.30352783203125,30.87836265563965,10.170000076293945,11.47349991798401,2.058141149848065
2017-09-18,168.68624877929688,30.87836265563965,10.149999618530273,11.26799988746643,1.973408602651919
2017-09-19,171.1766815185547,31.0703067779541,10.180000305175781,11.117499923706054,2.0661041533326525
2017-09-20,170.8294219970703,30.936771392822266,9.779999732971191,11.038999891281128,2.074196332005451
2017-09-21,169.77767944335938,31.045270919799805,9.670000076293945,10.909999895095826,1.9977357730864116
2017-09-22,169.21209716796875,31.028573989868164,9.59000015258789,10.777999925613404,1.9713904766555195
2017-09-25,161.60182189941406,31.011882781982422,10.210000038146973,10.724499940872192,1.5759582238633476
2017-09-26,162.93141174316406,31.27059555053711,10.170000076293945,10.666999959945679,1.5946917540377834
2017-09-27,166.37437438964844,31.329015731811523,9.869999885559082,10.575499963760375,1.763575849109524
2017-09-28,167.41619873046875,31.5710391998291,9.550000190734863,10.491999959945678,1.7705179682187562
2017-09-29,169.53953552246094,31.77967071533203,9.510000228881836,10.437999963760376,1.84069577878256
2017-10-02,168.1504364013672,32.580848693847656,9.449999809265137,10.403999948501587,1.610209923227713
2017-10-03,168.6366424560547,32.86458969116211,9.510000228881836,10.267999982833862,1.5798301678175264
2017-10-04,167.10861206054688,32.83121109008789,9.630000114440918,10.167999982833862,1.5063439605222462
2017-10-05,169.9066619873047,32.98977279663086,9.1899995803833,10.049999952316284,1.6217273745623737
2017-10-06,170.8889617919922,33.073238372802734,9.649999618530273,9.926499938964843,1.6567622577798071
2017-10-09,171.1568603515625,33.265174865722656,10.329999923706055,9.90649995803833,1.6330162128617947
2017-10-10,170.25392150878906,33.08992385864258,10.079999923706055,9.88149995803833,1.6202067430186502
2017-10-11,171.39498901367188,32.797828674316406,9.850000381469727,9.848999977111816,1.7374871606727476
2017-10-12,171.20648193359375,32.706024169921875,9.90999984741211,9.822499990463257,1.7456821756717067
2017-10-13,172.38720703125,33.106605529785156,9.609999656677246,9.794499969482422,1.7286902127230677
2017-10-16,173.1611328125,33.18171691894531,9.90999984741211,9.782499980926513,1.7544524384349685
2017-10-17,174.73876953125,33.206756591796875,10.3100004196167,9.788999986648559,1.8321791009868966
2017-10-18,174.6593780517578,33.59065246582031,10.069999694824219,9.803499984741212,1.7524515206708315
2017-10-19,173.2008056640625,33.4571418762207,10.050000190734863,9.822499990463257,1.70231487143781
2017-10-20,173.6175537109375,33.74087142944336,9.970000267028809,9.841499996185302,1.6682983220895107
2017-10-23,169.93643188476562,34.07469177246094,11.069999694824219,9.884499979019164,1.4097258779691686
2017-10-24,170.46231079101562,34.174827575683594,11.15999984741211,9.933999967575073,1.417566483818216
2017-10-25,169.27166748046875,34.032958984375,11.229999542236328,10.001999950408935,1.383112418604081
2017-10-26,169.30140686035156,34.508663177490234,11.300000190734863,10.089499950408936,1.2910303903334974
2017-10-27,176.4949493408203,37.05403518676758,9.800000190734863,10.103999948501587,1.1668702294761246
2017-10-30,178.46946716308594,37.02899169921875,10.5,10.15649995803833,1.2752489370574631
2017-10-31,178.65797424316406,37.96369171142578,10.180000305175781,10.189999961853028,1.1011339022172957
2017-11-01,181.2377471923828,38.98184585571289,10.199999809265137,10.218499946594239,1.035874608301268
2017-11-02,177.52684020996094,39.307308197021484,9.930000305175781,10.255499982833863,0.7773868924743293
2017-11-03,177.52684020996094,38.673065185546875,9.140000343322754,10.230000019073486,0.9022346488956674
2017-11-06,178.76710510253906,39.20445251464844,9.399999618530273,10.183500003814697,0.8626135568334055
2017-11-07,178.8465118408203,39.271610260009766,9.890000343322754,10.174000024795532,0.8535541511701676
2017-11-08,178.16188049316406,39.20445251464844,9.779999732971191,10.170499992370605,0.8309046054984877
2017-11-09,177.90391540527344,38.8686637878418,10.5,10.2,0.8834877215130112
2017-11-10,177.07044982910156,38.26421356201172,11.289999961853027,10.284000015258789,0.9588039471127352
2017-11-13,177.37803649902344,38.40693283081055,11.5,10.363500022888184,0.946825422510218
2017-11-14,176.68348693847656,38.49928283691406,11.59000015258789,10.427500009536743,0.8922578901130859
2017-11-15,176.56439208984375,38.163482666015625,13.130000114440918,10.580500030517578,0.9521189538336985
2017-11-16,178.19166564941406,38.3229866027832,11.760000228881836,10.666000032424927,1.0059775331980265
2017-11-17,177.60621643066406,37.466705322265625,11.430000305175781,10.739000034332275,1.1438596011966484
2017-11-20,177.3482666015625,37.45830535888672,10.649999618530273,10.718000030517578,1.131998577010344
2017-11-21,180.4439697265625,37.72695541381836,9.729999542236328,10.64650001525879,1.2413062749583106
2017-11-22,179.46168518066406,37.48349380493164,9.880000114440918,10.57900004386902,1.2377666583784477
2017-11-24,181.3568115234375,37.56744384765625,9.670000076293945,10.497500038146972,1.3205310202103255
2017-11-27,181.60484313964844,37.34917068481445,9.869999885559082,10.501000022888183,1.3764919487312097
2017-11-28,180.99960327148438,37.5506477355957,10.029999732971191,10.477500009536744,1.3051223872768565
2017-11-29,173.76637268066406,36.895851135253906,10.699999809265137,10.503499984741211,1.055052321911006
2017-11-30,175.80039978027344,37.64299392700195,11.279999732971191,10.557499980926513,1.0145476013920447
2017-12-01,173.7366180419922,37.50868225097656,11.430000305175781,10.632499980926514,0.9328604903616866
2017-12-04,170.13485717773438,37.34917068481445,11.680000305175781,10.759499979019164,0.7755559969461225
2017-12-05,171.4842987060547,36.46770095825195,11.329999923706055,10.855999994277955,1.0197691636559831
2017-12-06,174.68914794921875,36.47609329223633,11.020000457763672,10.9125,1.1860257586677263
2017-12-07,178.7373504638672,36.16548538208008,10.15999984741211,10.931500005722047,1.459261050202309
2017-12-08,177.60621643066406,36.392154693603516,9.579999923706055,10.88550000190735,1.3553798430006443
2017-12-11,177.6459197998047,36.65239715576172,9.34000015258789,10.788000011444092,1.3062324777009993
2017-12-12,175.5821075439453,36.375362396240234,9.920000076293945,10.70900001525879,1.2526381361050387
2017-12-13,176.91171264648438,36.383750915527344,10.180000305175781,10.638500022888184,1.3206476178818327
2017-12-14,177.00100708007812,36.316593170166016,10.489999771118164,10.506500005722046,1.3385456219203962
2017-12-15,178.7770538330078,37.40794372558594,9.420000076293945,10.389499998092651,1.2167691042149633
2017-12-18,179.4120635986328,38.835079193115234,9.529999732971191,10.294499969482422,0.9691136501229608
2017-12-19,178.11227416992188,39.48988723754883,10.029999732971191,10.263499975204468,0.7721191451674128
2017-12-20,176.50491333007812,39.926429748535156,9.720000267028809,10.263000011444092,0.6019748914481277
2017-12-21,176.06829833984375,39.25484085083008,9.619999885559082,10.25,0.7112988604869085
2017-12-22,175.82025146484375,39.20445251464844,9.899999618530273,10.261499977111816,0.7082218861356443
2017-12-26,174.6196746826172,38.6839714050293,10.25,10.280499982833863,0.7477754811676492
2017-12-27,176.23696899414062,38.70915603637695,10.470000267028809,10.302500009536743,0.8275513514678218
2017-12-28,176.53465270996094,38.80150604248047,10.180000305175781,10.276500034332276,0.824968943577943
2017-12-29,175.08602905273438,38.75113296508789,11.039999961853027,10.264500045776368,0.7589883000152279
2018-01-02,180.0074005126953,39.330387115478516,9.770000457763672,10.181500053405761,0.9028055279363205
2018-01-03,183.2321014404297,37.99557876586914,9.149999618530273,10.055000019073486,1.3345049358771748
2018-01-04,182.8947296142578,37.298805236816406,9.220000267028809,9.949500036239623,1.4539859329725207
2018-01-05,185.39511108398438,37.559051513671875,9.220000267028809,9.85950002670288,1.5337577597669094
2018-01-08,186.81399536132812,37.559051513671875,9.520000457763672,9.827500057220458,1.6080960001544482
2018-01-09,186.4071502685547,36.61880874633789,10.079999923706055,9.852500057220459,1.7718629266201003
2018-01-10,186.3773956298828,35.67858123779297,9.819999694824219,9.876500034332276,1.9553833872406425
2018-01-11,186.30796813964844,36.44252014160156,9.880000114440918,9.874500036239624,1.801368156094957
2018-01-12,177.97335815429688,36.29979705810547,10.15999984741211,9.87350001335144,1.3927953130494708
2018-01-16,177.00100708007812,36.21585464477539,11.65999984741211,9.932000017166137,1.358375527260578
2018-01-17,176.21714782714844,37.26521682739258,11.90999984741211,10.056500005722047,1.1107455281510235
2018-01-18,178.4000244140625,37.34077835083008,12.220000267028809,10.191000032424927,1.2102369525976098
2018-01-19,179.87838745117188,37.62620544433594,11.270000457763672,10.253000068664551,1.2315064243872185
2018-01-22,183.9266357421875,38.40693283081055,11.029999732971191,10.31850004196167,1.289919889418632
2018-01-23,187.87567138671875,38.66719055175781,11.100000381469727,10.392500066757203,1.445587409513508
2018-01-24,185.0974884033203,38.2054557800293,11.470000267028809,10.47100009918213,1.3909230583780963
2018-01-25,186.02020263671875,38.02916717529297,11.579999923706055,10.537500095367431,1.4739675219153465
2018-01-26,188.52059936523438,42.041954040527344,11.079999923706055,10.568000078201294,0.8150701669851709
2018-01-29,184.53189086914062,41.9580078125,13.84000015258789,10.7510000705719,0.6226180164327281
2018-01-30,185.6630096435547,40.95900344848633,14.789999961853027,10.9385000705719,0.8785289499787713
2018-01-31,185.43479919433594,40.413326263427734,13.539999961853027,11.127000045776366,0.9739865288975778
2018-02-01,191.5865478515625,40.00198745727539,13.470000267028809,11.343000078201294,1.377259295490951
2018-02-02,188.7984161376953,38.74274444580078,17.309999465942383,11.747500038146972,1.479059459483676
2018-02-05,179.84866333007812,37.37436294555664,37.31999969482422,13.152500009536743,1.279523129521016
2018-02-06,183.8671112060547,37.95753479003906,29.979999542236328,14.175499963760377,1.375263170148544
2018-02-07,178.7770538330078,38.2026481628418,27.729999542236328,15.05799994468689,1.0603352701569448
2018-02-08,170.24400329589844,36.131919860839844,33.459999084472656,16.23999991416931,1.0208844893102422
2018-02-09,174.73876953125,37.14615249633789,29.059999465942383,17.198999881744385,1.0567275288933107
2018-02-12,175.0364227294922,37.88992691040039,25.610000610351562,17.971499919891357,0.9259136885435381
2018-02-13,171.8018035888672,37.57720947265625,24.969999313354492,18.636999893188477,0.8180023545164424
2018-02-14,178.1221923828125,38.35478210449219,19.260000228881836,19.004499912261963,0.9960788920047857
2018-02-15,178.55877685546875,38.81119155883789,19.1299991607666,19.349999856948852,0.9291103863579684
2018-02-16,175.97898864746094,38.506919860839844,19.459999084472656,19.7594997882843,0.8538444759060494
2018-02-20,174.63951110839844,39.149253845214844,20.600000381469727,20.237999820709227,0.6572260900306984
2018-02-21,176.5247344970703,38.828094482421875,20.020000457763672,20.683999824523926,0.819215498721367
2018-02-22,177.5963134765625,38.70975875854492,18.719999313354492,21.04649977684021,0.8986515375715792
2018-02-23,181.8628387451172,40.34097671508789,16.489999771118164,21.291999769210815,0.8010859063657358
2018-02-26,183.49008178710938,41.507347106933594,15.800000190734863,21.527999782562254,0.6567459565615138
2018-02-27,180.04710388183594,42.183494567871094,18.59000015258789,21.765499782562255,0.3432648735067445
2018-02-28,176.9315643310547,41.65947341918945,19.850000381469727,22.01849980354309,0.28318650454962724
2018-03-01,174.570068359375,40.433956146240234,22.469999313354492,22.464999771118165,0.4007002318363166
2018-03-02,175.2447509765625,41.39746856689453,19.59000015258789,22.77099976539612,0.2463853374849203
2018-03-05,178.99533081054688,42.04827117919922,18.729999542236328,22.841999769210815,0.31477842637060793
2018-03-06,178.3801727294922,42.859657287597656,18.360000610351562,21.893999814987183,0.12283149756692499
2018-03-07,182.27957153320312,43.37522506713867,17.760000228881836,21.28299984931946,0.22564185706176879
2018-03-08,180.9202117919922,42.885005950927734,16.540000915527344,20.723499917984007,0.2509195579174699
2018-03-09,183.78773498535156,44.11052703857422,14.640000343322754,19.782499980926513,0.15991687765616328
2018-03-12,183.32138061523438,43.544254302978516,15.779999732971191,19.118499994277954,0.24695174832706723
2018-03-13,180.4638214111328,43.764007568359375,16.350000381469727,18.655499982833863,0.05398099743408445
2018-03-14,182.75582885742188,43.83161544799805,17.229999542236328,18.268499994277953,0.1607556475272011
2018-03-15,182.4283905029297,43.00333023071289,16.59000015258789,18.134999990463257,0.3066445372967801
2018-03-16,183.64881896972656,43.24843215942383,15.800000190734863,17.96850004196167,0.3223381102173727
2018-03-19,171.21640014648438,42.9610710144043,19.020000457763672,17.94650011062622,-0.2724559705171408
2018-03-20,166.8406982421875,43.569610595703125,18.200000762939453,17.826500129699706,-0.6214960722910567
2018-03-21,168.07106018066406,43.57807159423828,17.860000610351562,17.7185001373291,-0.5587004094351696
2018-03-22,163.60609436035156,42.9610710144043,23.34000015258789,17.949500179290773,-0.6711754080256854
2018-03-23,158.14894104003906,41.71864700317383,24.8700008392334,18.368500232696533,-0.7125214692789685
2018-03-26,158.81370544433594,44.35563278198242,21.030000686645508,18.630000257492064,-1.1967713657184162
2018-03-27,151.0347442626953,43.26533889770508,22.5,18.82550024986267,-1.3897077755927485
2018-03-28,151.83847045898438,41.921485900878906,22.8700008392334,18.976500272750854,-1.083067773884227
2018-03-29,158.54580688476562,44.017555236816406,19.969999313354492,18.851500272750854,-1.1442581414008897
2018-04-02,154.1800537109375,41.34675216674805,23.6200008392334,19.05300030708313,-0.8472538180208204
2018-04-03,154.89447021484375,42.04827117919922,21.100000381469727,19.1715003490448,-0.947914801764929
2018-04-04,153.89231872558594,42.25111389160156,20.059999465942383,19.25650029182434,-1.0403481964217665
2018-04-05,158.0993194580078,42.58073806762695,18.940000534057617,19.31550030708313,-0.884819820103317
2018-04-06,155.97596740722656,41.236881256103516,21.489999771118164,19.56300024986267,-0.7315346651505651
2018-04-09,156.70028686523438,41.87923049926758,21.770000457763672,19.919500255584715,-0.8200295218992191
2018-04-10,163.7549285888672,43.33296203613281,20.469999313354492,20.15400023460388,-0.7365826793862681
2018-04-11,165.02496337890625,43.189273834228516,20.239999771118164,20.348500204086303,-0.6417586198059521
2018-04-12,162.5940399169922,44.558494567871094,18.489999771118164,20.411500215530396,-1.0386443238932757
2018-04-13,163.23898315429688,43.83161544799805,17.40999984741211,20.452500200271608,-0.8617716936041676
2018-04-16,163.54660034179688,44.28802490234375,16.559999465942383,20.49050016403198,-0.9354970582839298
2018-04-17,167.3467559814453,45.25154113769531,15.25,20.3020001411438,-0.9260627990709491
2018-04-18,165.0646514892578,45.310699462890625,15.600000381469727,20.172000122070312,-1.0572719449378905
2018-04-19,166.79112243652344,44.135887145996094,15.960000038146973,20.077000093460082,-0.7355623277552579
2018-04-20,164.9852752685547,43.55270004272461,16.8799991607666,19.75400004386902,-0.715376702188248
2018-04-23,164.5487060546875,43.189273834228516,16.34000015258789,19.32750000953674,-0.666710712107925
2018-04-24,158.44659423828125,43.48509216308594,18.020000457763672,19.17699999809265,-1.0446432402911714
2018-04-25,158.44659423828125,43.425926208496094,17.84000015258789,18.944000005722046,-1.0329967001583997
2018-04-26,172.80393981933594,44.83739471435547,16.239999771118164,18.612499952316284,-0.5586270333265447
2018-04-27,172.23834228515625,44.56694412231445,15.40999984741211,18.384499979019164,-0.5350229132305545
2018-04-30,170.66075134277344,43.62876892089844,15.930000305175781,17.999999952316283,-0.4330007396057012
2018-05-01,172.50628662109375,45.07405090332031,15.489999771118164,17.719499921798707,-0.6208063500163657
2018-05-02,174.69906616210938,44.21196746826172,15.970000267028809,17.51499996185303,-0.3362250856436019
2018-05-03,172.66500854492188,44.186607360839844,15.899999618530273,17.36299991607666,-0.4378014936650533
2018-05-04,175.23484802246094,44.86665344238281,14.770000457763672,17.026999950408936,-0.4370262390776721
2018-05-07,176.58425903320312,45.33419418334961,14.75,16.675999927520753,-0.4583610426097576
2018-05-08,177.52684020996094,45.58921813964844,14.710000038146973,16.387999963760375,-0.45917756024928397
2018-05-09,181.2377471923828,46.1927604675293,13.420000076293945,16.046999979019166,-0.3835600480428595
2018-05-10,184.08538818359375,46.736820220947266,13.229999542236328,15.783999967575074,-0.3414619360438
2018-05-11,185.5340118408203,46.47328186035156,12.649999618530273,15.54599995613098,-0.21368930102230138
2018-05-14,185.186767578125,46.6688117980957,12.930000305175781,15.36449999809265,-0.27037128539935307
2018-05-15,182.88482666015625,45.835731506347656,14.630000114440918,15.333500003814697,-0.22698672305517914
2018-05-16,181.77354431152344,46.44778823852539,13.420000076293945,15.224499988555909,-0.4056895627967115
2018-05-17,182.32916259765625,46.59230041503906,13.430000305175781,15.098000001907348,-0.4050261307493602
2018-05-18,181.25758361816406,45.47869873046875,13.420000076293945,14.925000047683715,-0.2419610797750833
2018-05-21,183.0535125732422,46.17576217651367,13.079999923706055,14.762000036239623,-0.2850823636943514
2018-05-22,182.3688507080078,46.28627014160156,13.220000267028809,14.52200002670288,-0.3427061684726515
2018-05-23,185.44471740722656,46.93232727050781,12.579999923706055,14.259000015258788,-0.3087285503464684
2018-05-24,184.48226928710938,46.541297912597656,12.529999732971191,14.07350001335144,-0.28218087817737875
2018-05-25,183.48013305664062,47.12782669067383,13.220000267028809,13.964000034332276,-0.450140272434106
2018-05-29,184.2937469482422,47.025840759277344,17.020000457763672,14.01850004196167,-0.3874379303479812
2018-05-30,186.20870971679688,47.33185577392578,14.9399995803833,13.991000032424926,-0.34734674393511505
2018-05-31,190.2867431640625,46.923824310302734,15.430000305175781,13.964000034332276,-0.05337118032115924
2018-06-01,192.47952270507812,48.52195358276367,13.460000038146973,13.842000055313111,-0.25307122657561903
2018-06-04,191.77505493164062,48.30943298339844,12.739999771118164,13.740500020980836,-0.2481460483079528
2018-06-05,191.43768310546875,48.05440902709961,12.399999618530273,13.623000001907348,-0.2156213787725817
2018-06-06,189.85012817382812,48.47944641113281,11.640000343322754,13.469500017166137,-0.38246323040027463
2018-06-07,186.7147674560547,47.50187301635742,12.130000114440918,13.405000019073487,-0.35430044236668656
2018-06-08,187.62762451171875,46.79631423950195,12.180000305175781,13.352500057220459,-0.167588070194924
2018-06-11,190.048583984375,46.345767974853516,12.350000381469727,13.337500095367432,0.047938847923686564
2018-06-12,190.9019317626953,46.60080337524414,12.34000015258789,13.308000087738037,0.04244495787790331
2018-06-13,190.9118194580078,46.77931213378906,12.9399995803833,13.223500061035157,0.007824384111753966
2018-06-14,195.27755737304688,47.21285629272461,12.119999885559082,13.158500051498413,0.15121316478895733
2018-06-15,194.32501220703125,46.84732437133789,11.979999542236328,13.086000013351441,0.1732606223515115
2018-06-18,196.765869140625,45.24069595336914,12.3100004196167,13.030500030517578,0.6173993483255592
2018-06-19,195.9522705078125,44.994163513183594,13.350000381469727,13.044000053405762,0.6233020093929014
2018-06-20,200.4271697998047,45.444705963134766,12.789999961853027,13.022500038146973,0.7690639434788196
2018-06-21,199.93106079101562,44.3651123046875,14.640000343322754,13.125500059127807,0.9555847194641031
2018-06-22,200.169189453125,44.62863540649414,13.770000457763672,13.187500095367431,0.9161874813525501
2018-06-25,194.82113647460938,43.10702133178711,17.329999923706055,13.393000078201293,0.9355146615072691
2018-06-26,197.4505157470703,42.22293472290039,15.920000076293945,13.338000059127808,1.247301497407378
2018-06-27,194.3151397705078,41.44938278198242,17.90999984741211,13.486500072479249,1.2353028215324555
2018-06-28,194.7020721435547,41.865909576416016,16.850000381469727,13.557500076293945,1.1735836553368142
2018-06-29,192.80694580078125,42.256935119628906,16.09000015258789,13.68900008201599,0.9973225813829752
2018-07-02,195.82327270507812,42.67347717285156,15.600000381469727,13.832000112533569,1.0733597523800706
2018-07-03,191.2293243408203,42.05291748046875,16.139999389648438,14.019000101089478,0.9548276898980597
2018-07-05,196.90478515625,43.14101791381836,14.970000267028809,14.18550009727478,1.0379891970683577
2018-07-06,201.6475830078125,43.668060302734375,13.369999885559082,14.247500085830689,1.1827282294314794
2018-07-09,203.1458282470703,44.08458709716797,12.6899995803833,14.273000049591065,1.1792330102576578
2018-07-10,201.95513916015625,44.3396110534668,12.640000343322754,14.287500047683716,1.066650113777635
2018-07-11,200.9629364013672,43.52354049682617,13.630000114440918,14.352000045776368,1.1753062424053597
2018-07-12,205.308837890625,44.501129150390625,12.579999923706055,14.334000062942504,1.2105631500551126
2018-07-13,205.7057342529297,44.3906135559082,12.180000305175781,14.33700008392334,1.2531118351930568
2018-07-16,205.6164093017578,44.212100982666016,12.829999923706055,14.379500102996825,1.283571280057821
2018-07-17,208.3549346923828,43.991085052490234,12.0600004196167,14.367000102996826,1.4705541563849143
2018-07-18,207.72984313964844,43.965579986572266,12.100000381469727,14.304500102996826,1.4428248877532552
2018-07-19,206.4697265625,44.18659973144531,12.869999885559082,14.30850009918213,1.3332981127266816
2018-07-20,208.30535888671875,44.12709426879883,12.859999656677246,14.219500064849854,1.4411840037353842
2018-07-23,209.2677764892578,44.46712875366211,12.619999885559082,14.162000036239624,1.4246728338161256
2018-07-24,212.9984893798828,44.35661315917969,12.40999984741211,13.916000032424927,1.6418869645069518
2018-07-25,215.8064422607422,44.56912612915039,12.289999961853027,13.73450002670288,1.7471691618225333
2018-07-26,174.8875732421875,44.3396110534668,12.140000343322754,13.446000051498412,-0.3514748552877812
2018-07-27,173.52825927734375,40.53130340576172,13.029999732971191,13.255000019073487,0.3269553791956929
2018-07-30,169.72804260253906,40.5398063659668,14.260000228881836,13.163500022888183,0.12618051122118162
2018-07-31,171.23623657226562,40.88833236694336,12.829999923706055,13.025,0.13659216296978724
2018-08-01,170.31349182128906,41.491878509521484,13.149999618530273,12.875500011444093,-0.030557538033018704
2018-08-02,174.9967041015625,42.06143569946289,12.1899995803833,12.736499977111816,0.10269084595613825
2018-08-03,176.39573669433594,42.188941955566406,11.640000343322754,12.65,0.15089000876546801
2018-08-06,184.24417114257812,42.16328430175781,11.270000457763672,12.57900004386902,0.5671360810086886
2018-08-07,182.37876892089844,42.505374908447266,10.930000305175781,12.49350004196167,0.40206492666951055
2018-08-08,183.73812866210938,42.72772979736328,10.850000381469727,12.35450005531311,0.42951504022922504
2018-08-09,181.66436767578125,42.881675720214844,11.270000457763672,12.289000082015992,0.29056294226573065
2018-08-10,178.85643005371094,41.77841567993164,13.15999984741211,12.338000059127808,0.3606209194480635
2018-08-13,178.6480712890625,41.43632507324219,14.779999732971191,12.435500049591065,0.4170435073258812
2018-08-14,179.69979858398438,41.15410232543945,13.3100004196167,12.498000049591065,0.5276998664780912
2018-08-15,178.1321258544922,40.589637756347656,14.640000343322754,12.625000047683717,0.5566784936395659
2018-08-16,173.33973693847656,40.34162521362305,13.449999809265137,12.654000043869019,0.3544155702672837
2018-08-17,172.44674682617188,40.28174591064453,12.640000343322754,12.643000078201293,0.31941695689251676
2018-08-20,171.1568603515625,39.76861572265625,12.489999771118164,12.636500072479247,0.35284444065846493
2018-08-21,171.2759246826172,40.72647476196289,12.859999656677246,12.659000062942505,0.17053241294617566
2018-08-22,172.28797912597656,40.23899459838867,12.25,12.657000064849854,0.31951418827657596
2018-08-23,171.55374145507812,40.17912673950195,12.40999984741211,12.670500040054321,0.2928306862867741
2018-08-24,173.29010009765625,40.76068115234375,11.989999771118164,12.61850004196167,0.2693258026266827
2018-08-27,176.0782470703125,41.35080337524414,12.15999984741211,12.513500022888184,0.2992397210213798
2018-08-28,174.8875732421875,41.538963317871094,12.5,12.497000026702882,0.19981949086935294
2018-08-29,174.53038024902344,41.692893981933594,12.25,12.452000045776368,0.1508048937616617
2018-08-30,176.25680541992188,41.25672149658203,13.529999732971191,12.519000053405762,0.32711433274903207
2018-08-31,174.3616943359375,41.419227600097656,12.859999656677246,12.580000019073486,0.19583703609717032
2018-09-04,169.8272705078125,41.01726531982422,13.15999984741211,12.674499988555908,0.03739371207628785
2018-09-05,165.87826538085938,40.812007904052734,13.90999984741211,12.823499965667725,-0.12909876076096827
2018-09-06,161.2644805908203,40.4185905456543,14.649999618530273,13.013499927520751,-0.29338199511054175
2018-09-07,161.77052307128906,39.72584915161133,14.880000114440918,13.193999910354615,-0.13050650960217097
2018-09-10,162.901611328125,39.59757614135742,14.15999984741211,13.243999910354614,-0.04599655024607059
2018-09-11,164.64793395996094,38.42588424682617,13.220000267028809,13.165999937057496,0.2761388966897255
2018-09-12,160.7386016845703,38.42588424682617,13.140000343322754,13.157499933242798,0.07132100767428061
2018-09-13,160.10360717773438,38.973228454589844,12.369999885559082,13.043999910354614,-0.06968978454849459
2018-09-14,161.0561065673828,38.947593688964844,12.069999694824219,12.974999904632568,-0.014740316231316017
2018-09-17,159.3296661376953,38.84495544433594,13.680000305175781,13.026999902725219,-0.0849881944002859
2018-09-18,159.0518341064453,39.426517486572266,12.789999961853027,13.041999912261963,-0.2140221361967703
2018-09-19,161.7903594970703,39.46928405761719,11.75,12.986499929428101,-0.07896360568792513
2018-09-20,164.72732543945312,40.367279052734375,11.800000190734863,12.963999938964843,-0.10185606650628092
2018-09-21,161.66136169433594,39.90544891357422,11.680000305175781,12.927499961853027,-0.1715790659008062
2018-09-24,164.12203979492188,40.119258880615234,12.199999809265137,12.937999963760376,-0.08474661019372084
2018-09-25,163.6259307861328,39.26401901245117,12.420000076293945,12.950999975204468,0.05761117644090533
2018-09-26,165.65005493164062,39.08441925048828,12.890000343322754,12.970499992370605,0.19901253678302705
2018-09-27,167.5253448486328,39.238365173339844,12.40999984741211,12.97849998474121,0.26695926773828665
2018-09-28,163.179443359375,40.44425582885742,12.119999885559082,12.907999992370605,-0.1981052814612075
2018-10-01,161.17520141601562,39.72584915161133,12.0,12.865000009536743,-0.16169662497963713
2018-10-02,158.0894012451172,41.136993408203125,12.050000190734863,12.809500026702882,-0.6011451036294437
2018-10-03,161.1652374267578,41.70145797729492,11.609999656677246,12.694500017166138,-0.5511079723955993
2018-10-04,157.61312866210938,41.16264343261719,14.220000267028809,12.673000049591064,-0.631147082143715
2018-10-05,156.10496520996094,40.22187805175781,14.819999694824219,12.670000028610229,-0.5249775960913535
2018-10-08,156.0255889892578,40.22187805175781,15.6899995803833,12.746500015258789,-0.5291362781416823
2018-10-09,156.67051696777344,39.81137466430664,15.949999809265137,12.882999992370605,-0.41454152352965484
2018-10-10,150.20130920410156,38.314697265625,22.959999084472656,13.3739999294281,-0.45886259609295116
2018-10-11,152.15599060058594,37.82721710205078,24.979999542236328,14.004499912261963,-0.26049467267698656
2018-10-12,152.54293823242188,38.383113861083984,21.309999465942383,14.46649990081787,-0.34964736204804847
2018-10-15,152.3246307373047,38.08378219604492,21.299999237060547,14.84749984741211,-0.3021629051791483
2018-10-16,157.54367065429688,39.28968048095703,17.6200008392334,15.088999891281128,-0.26610217305097833
2018-10-17,158.17869567871094,39.24690246582031,17.399999618530273,15.371499872207641,-0.2244112659488697
2018-10-18,153.7137451171875,38.46009826660156,20.059999465942383,15.784499835968017,-0.30346042055292366
2018-10-19,152.85049438476562,37.63050842285156,19.889999389648438,16.194999790191652,-0.1853870241926703
2018-10-22,153.5748291015625,38.494300842285156,19.639999389648438,16.566999769210817,-0.3174711301616582
2018-10-23,153.18785095214844,38.05813217163086,20.709999084472656,16.98149971961975,-0.2518879512488262
2018-10-24,144.9028778076172,36.27923583984375,25.229999542236328,17.59849967956543,-0.33578720365164777
2018-10-25,149.77464294433594,37.8956413269043,24.219999313354492,18.18899965286255,-0.39872731907153935
2018-10-26,144.23809814453125,39.075870513916016,24.15999984741211,18.7909996509552,-0.9211207595370435
2018-10-29,140.983642578125,38.82784652709961,24.700000762939453,19.425999689102174,-1.0428059661696727
2018-10-30,145.0814666748047,40.846214294433594,23.350000381469727,19.990999698638916,-1.2254188167395474
2018-10-31,150.6081085205078,40.09360122680664,21.229999542236328,20.47199969291687,-0.7877184359106214
2018-11-01,150.56842041015625,41.239620208740234,19.34000015258789,20.727999687194824,-1.0153862282425197
2018-11-02,149.17933654785156,40.29030990600586,19.510000228881836,20.962499713897706,-0.9012958919581582
2018-11-05,147.5223388671875,41.02581787109375,19.959999084472656,21.175999689102174,-1.1328906657410092
2018-11-06,148.77252197265625,40.66434860229492,19.90999984741211,21.373999691009523,-0.9962374967551648
2018-11-07,150.3501434326172,41.92945861816406,16.360000610351562,21.043999767303468,-1.1626136534192841
2018-11-08,146.71861267089844,42.16183090209961,16.719999313354492,20.630999755859374,-1.3986183468438633
2018-11-09,143.83131408691406,41.40449142456055,17.360000610351562,20.433499813079834,-1.4008110895248733
2018-11-12,140.44786071777344,40.147987365722656,20.450000762939453,20.39099988937378,-1.3307401908654717
2018-11-13,141.05308532714844,40.78483200073242,20.020000457763672,20.510999870300292,-1.4243911133194331
2018-11-14,143.0970458984375,40.526649475097656,21.25,20.70349988937378,-1.266481834425716
2018-11-15,142.72994995117188,41.40449142456055,19.979999542236328,20.699499893188477,-1.4585138022720252
2018-11-16,138.44357299804688,42.024131774902344,18.139999389648438,20.611999893188475,-1.8050591219431478
2018-11-19,130.52569580078125,41.309818267822266,20.100000381469727,20.63499994277954,-2.079283595597437
2018-11-20,131.3988494873047,40.78483200073242,22.479999542236328,20.723499965667724,-1.9301962139044093
2018-11-21,133.77024841308594,40.475013732910156,20.799999237060547,20.501999950408937,-1.7449675187669997
2018-11-23,130.70428466796875,40.053306579589844,21.520000457763672,20.367000007629393,-1.8225885393811556
2018-11-26,135.318115234375,40.83647537231445,18.899999618530273,20.1039999961853,-1.7350236450706131
2018-11-27,133.9488525390625,41.37006378173828,19.020000457763672,19.819999980926514,-1.9117964805936314
2018-11-28,135.6951446533203,42.04995346069336,18.489999771118164,19.576999950408936,-1.95413776446278
2018-11-29,137.6001739501953,41.05162811279297,18.790000915527344,19.455000019073488,-1.6578137417766852
2018-11-30,139.51516723632812,42.437232971191406,18.06999969482422,19.391499996185303,-1.8302331440998192
2018-12-03,139.99142456054688,43.142940521240234,16.440000534057617,19.238000011444093,-1.9441962668166923
2018-12-04,136.85601806640625,41.09466552734375,20.739999771118164,19.27700004577637,-1.7052732986743997
2018-12-06,138.5428009033203,41.62824249267578,21.190000534057617,19.341000080108643,-1.7219314247877795
2018-12-07,136.34999084472656,39.79512023925781,23.229999542236328,19.68450002670288,-1.4759757133715556
2018-12-10,140.74549865722656,40.62992858886719,22.639999389648438,19.98050003051758,-1.4100141974091083
2018-12-11,140.9737091064453,40.77622604370117,21.760000228881836,20.200500011444092,-1.4268557531686308
2018-12-12,143.37484741210938,41.16352081298828,21.459999084472656,20.250999927520752,-1.3772923768141325
2018-12-13,143.8809051513672,41.55939865112305,20.649999618530273,20.282499885559083,-1.428705672162604
2018-12-14,142.9382781982422,41.1893310546875,21.6299991607666,20.301499843597412,-1.4052457528838702
2018-12-17,139.0984344482422,40.51804733276367,24.520000457763672,20.52849988937378,-1.4742839501530416
2018-12-18,142.54141235351562,41.086063385009766,25.579999923706055,20.90049991607666,-1.4057106081881097
2018-12-19,132.20254516601562,39.218502044677734,25.579999923706055,21.174499893188475,-1.579764267097024
2018-12-20,132.3612823486328,39.19268798828125,28.3799991607666,21.46949987411499,-1.566366326737279
2018-12-21,123.97709655761719,38.59024429321289,30.110000610351562,21.93499994277954,-1.8870427052231062
2018-12-24,123.0940170288086,37.51447296142578,36.06999969482422,22.66249990463257,-1.7215485108539395
2018-12-26,133.13522338867188,39.75209426879883,30.40999984741211,23.23799991607666,-1.6359344751875948
2018-12-27,133.4725799560547,39.898406982421875,29.959999084472656,23.78499984741211,-1.6470606468890712
2018-12-28,132.16285705566406,40.234039306640625,28.34000015258789,24.277499866485595,-1.7817473460026525
2018-12-31,130.0692901611328,40.388954162597656,25.420000076293945,24.608999824523927,-1.9219278458097242
2019-01-02,134.62355041503906,40.51804733276367,23.219999313354492,24.866499805450438,-1.7087322489173118
2019-01-03,130.7142333984375,38.28903579711914,25.450000762939453,25.31699981689453,-1.4747788921067593
2019-01-04,136.87586975097656,40.6385383605957,21.3799991607666,25.348999786376954,-1.6144467390666797
2019-01-07,136.97509765625,40.8278694152832,21.399999618530273,25.359499740600587,-1.6465169152091013
2019-01-08,141.4202117919922,41.086063385009766,20.469999313354492,25.221499729156495,-1.4644525917283078
2019-01-09,143.10696411132812,41.31842803955078,19.979999542236328,25.088499736785888,-1.4218200887750354
2019-01-10,143.0771942138672,41.79176712036133,19.5,24.9754997253418,-1.5165543681815408
2019-01-11,142.68031311035156,42.110191345214844,18.190000534057617,24.811999797821045,-1.6000280907802393
2019-01-14,144.25794982910156,41.61103820800781,19.06999969482422,24.732999801635742,-1.41911653681602
2019-01-15,147.79022216796875,41.82618713378906,18.600000381469727,24.5814998626709,-1.276404641726503
2019-01-16,146.39120483398438,41.42169189453125,19.040000915527344,24.307499885559082,-1.2700790253687997
2019-01-17,147.145263671875,41.71430969238281,18.059999465942383,23.931499862670897,-1.2881727837891057
2019-01-18,148.87171936035156,42.33395767211914,17.799999237060547,23.542499828338624,-1.3196950430433876
2019-01-22,146.42095947265625,41.54218673706055,20.799999237060547,23.16349983215332,-1.2922389627107493
2019-01-23,143.17642211914062,41.258182525634766,19.520000457763672,22.633999824523926,-1.4063219958080866
2019-01-24,144.69451904296875,42.82451248168945,18.889999389648438,21.774999809265136,-1.635110494045673
2019-01-25,147.84974670410156,40.48362350463867,17.420000076293945,21.12549982070923,-1.009008688384874
2019-01-28,146.32176208496094,40.19961929321289,18.8700008392334,20.570999908447266,-1.0331580236864035
2019-01-29,143.0673065185547,40.053306579589844,19.1299991607666,20.1104998588562,-1.1748646164931187
2019-01-30,149.24876403808594,40.91392517089844,17.65999984741211,19.72249984741211,-1.0204141786302752
2019-01-31,165.39210510253906,40.55247116088867,16.56999969482422,19.389999866485596,-0.10348110072424564
2019-02-01,164.41973876953125,41.93806076049805,16.139999389648438,18.924499797821046,-0.4271721571841489
2019-02-04,167.93215942382812,42.35977554321289,15.729999542236328,18.641999816894533,-0.32616185058526564
2019-02-05,169.8272705078125,43.0396614074707,15.569999694824219,18.350499820709228,-0.3607054542841217
2019-02-06,169.16250610351562,43.21720886230469,15.380000114440918,18.09599986076355,-0.43048319904263854
2019-02-07,165.08450317382812,42.63693618774414,16.3700008392334,17.915499925613403,-0.5299141383420781
2019-02-08,166.027099609375,42.29916763305664,15.720000267028809,17.726499938964842,-0.41404143636121193
2019-02-11,164.49908447265625,42.23855209350586,15.970000267028809,17.615499925613403,-0.48216538086809935
2019-02-12,163.7549285888672,43.31248092651367,15.430000305175781,17.43349995613098,-0.7325510692010415
2019-02-13,162.79251098632812,43.71087646484375,15.649999618530273,17.285999917984007,-0.8613963793721264
2019-02-14,162.67343139648438,44.005348205566406,16.219999313354492,17.144999837875368,-0.9256005802883119
2019-02-15,161.2347412109375,44.74150848388672,14.90999984741211,16.98749985694885,-1.1458861840686536
2019-02-19,161.0263214111328,44.516326904296875,14.880000114440918,16.841499900817873,-1.1124797865615024
2019-02-20,161.29421997070312,44.507667541503906,14.020000457763672,16.502499961853026,-1.0967394799075103
2019-02-21,158.79385375976562,44.524986267089844,14.460000038146973,16.24949994087219,-1.2311478736806682
2019-02-22,160.62945556640625,45.460350036621094,13.510000228881836,15.980499982833862,-1.3190989148890286
2019-02-25,163.33819580078125,45.98866271972656,14.850000381469727,15.851999998092651,-1.2811783599649518
2019-02-26,162.85202026367188,46.10124588012695,15.170000076293945,15.666999959945679,-1.3288115537458773
2019-02-27,161.5423126220703,46.10990524291992,14.699999809265137,15.445499992370605,-1.3991343624506671
2019-02-28,160.19290161132812,45.867401123046875,14.779999732971191,15.30149998664856,-1.422096960305586
2019-03-01,161.0164337158203,46.161869049072266,13.569999694824219,15.15149998664856,-1.4369150616700475
2019-03-04,166.0667724609375,46.71615982055664,14.630000114440918,15.076000022888184,-1.281427050884363
2019-03-05,169.92648315429688,46.49098205566406,14.739999771118164,15.026500034332276,-1.0348837528491244
2019-03-06,171.1667938232422,45.85874938964844,15.739999771118164,15.035000038146972,-0.8454493185516151
2019-03-07,167.81309509277344,45.55561828613281,16.59000015258789,15.095500040054322,-0.9614864999387732
2019-03-08,168.27943420410156,45.45169448852539,16.049999237060547,15.079499959945679,-0.9165971318252584
2019-03-11,170.73019409179688,46.205177307128906,14.329999923706055,15.00999994277954,-0.9365163763543746
2019-03-12,170.5813446044922,46.39570236206055,13.770000457763672,14.899999952316284,-0.9818188662597509
2019-03-13,172.02008056640625,47.08857345581055,13.40999984741211,14.798999929428101,-1.0428289745566337
2019-03-14,168.84498596191406,46.283111572265625,13.5,14.691499948501587,-1.0506272680775712
2019-03-15,164.68760681152344,47.05392837524414,12.880000114440918,14.524499988555908,-1.420172504142036
2019-03-18,159.22052001953125,46.854732513427734,13.100000381469727,14.434000015258789,-1.667393559183189
2019-03-19,160.31195068359375,46.91535186767578,13.5600004196167,14.368000030517578,-1.6221439162974132
2019-03-20,164.15182495117188,46.61222839355469,13.90999984741211,14.3625,-1.36129664247025
2019-03-21,164.78684997558594,47.322410583496094,13.630000114440918,14.321000003814698,-1.4678224134833546
2019-03-22,163.06036376953125,46.127227783203125,16.479999542236328,14.469499969482422,-1.3230104281909276
2019-03-25,164.9951934814453,45.711509704589844,16.329999923706055,14.543499946594238,-1.1398086042126043
2019-03-26,166.37437438964844,46.283111572265625,14.680000305175781,14.51899995803833,-1.1800676459124309
2019-03-27,164.57847595214844,46.04062271118164,15.149999618530273,14.541499948501587,-1.2264256340616055
2019-03-28,164.260986328125,45.99732208251953,14.430000305175781,14.523999977111817,-1.2345360375467966
2019-03-29,165.39210510253906,46.508296966552734,13.710000038146973,14.530999994277954,-1.2758574233969606
2019-04-01,167.38644409179688,47.20981979370117,13.399999618530273,14.469499969482422,-1.3094614092835863
2019-04-02,172.84361267089844,47.07990264892578,13.359999656677246,14.400499963760376,-0.9979756408346475
2019-04-03,172.18875122070312,48.049922943115234,13.739999771118164,14.300499963760377,-1.223229104133598
2019-04-04,174.64942932128906,48.43098831176758,13.579999923706055,14.149999952316284,-1.1693200882795978
2019-04-05,174.35179138183594,48.15384292602539,12.819999694824219,13.988499975204467,-1.1303591799672925
2019-04-08,173.56793212890625,48.22313690185547,13.180000305175781,13.930999994277954,-1.1850673580341984
2019-04-09,176.19728088378906,47.911346435546875,14.279999732971191,13.95649995803833,-0.9859359273874018
2019-04-10,176.4354248046875,48.28376388549805,13.300000190734863,13.950999975204468,-1.0467677067839385
2019-04-11,176.12783813476562,48.32706069946289,13.020000457763672,13.92699999809265,-1.0714055739605517
2019-04-12,177.7054901123047,48.86402893066406,12.010000228881836,13.883500003814698,-1.0944488430641859
2019-04-15,178.2511749267578,48.742774963378906,12.319999694824219,13.844499969482422,-1.0419910293140644
2019-04-16,177.47727966308594,49.11518478393555,12.180000305175781,13.775499963760376,-1.1558441033222948
2019-04-17,177.387939453125,50.71742630004883,12.600000381469727,13.709999990463256,-1.4759185323994726
2019-04-18,176.89186096191406,50.65681076049805,12.09000015258789,13.632999992370605,-1.4899772119348704
2019-04-22,180.02725219726562,50.94261169433594,12.420000076293945,13.430000019073486,-1.3819662428803028
2019-04-23,182.34898376464844,50.90797424316406,12.279999732971191,13.227500009536744,-1.2535077725693353
2019-04-24,181.1583709716797,50.85600662231445,13.140000343322754,13.150500011444091,-1.3056568224842449
2019-04-25,191.7552032470703,49.8946533203125,13.25,13.055500030517578,-0.5612292927124712
2019-04-26,189.99900817871094,45.408390045166016,12.729999542236328,12.970499992370605,0.229859910982698
2019-04-29,193.2633819580078,44.26517105102539,13.109999656677246,12.940499973297118,0.6259243961880271
2019-04-30,191.8941192626953,44.20454406738281,13.119999885559082,12.92649998664856,0.5661200684974915
2019-05-01,191.52699279785156,43.9620361328125,14.800000190734863,12.99850001335144,0.594622111780391
2019-05-02,191.03089904785156,43.78015899658203,14.420000076293945,13.03250002861023,0.6044324082888705
2019-05-03,193.947998046875,44.81945037841797,12.869999885559082,12.997000026702882,0.5526855480431774
2019-05-06,192.3704071044922,44.63210678100586,15.4399995803833,13.128000020980835,0.5069100486717142
2019-05-07,188.29237365722656,43.9872932434082,19.31999969482422,13.434999990463258,0.42018207609737757
2019-05-08,188.0641632080078,42.90677261352539,19.399999618530273,13.690999984741211,0.6209210738334208
2019-05-09,187.18109130859375,40.623756408691406,19.100000381469727,13.980999994277955,1.024056148186367
2019-05-10,186.87351989746094,40.25777816772461,16.040000915527344,14.132000017166138,1.079982951777316
2019-05-13,180.12646484375,39.00299072265625,20.549999237060547,14.558999967575073,0.9734899924621746
2019-05-14,179.32275390625,39.360252380371094,18.059999465942383,14.845999956130981,0.8610566591803793
2019-05-15,184.81964111328125,39.75237274169922,16.440000534057617,15.058999967575073,1.0718627375758478
2019-05-16,185.5340118408203,39.67395782470703,15.289999961853027,15.193499946594239,1.124725684518121
2019-05-17,183.857177734375,39.11627197265625,15.960000038146973,15.386999940872192,1.1466507659660705
2019-05-20,181.2972869873047,37.957332611083984,16.309999465942383,15.581499910354614,1.2406646374475518
2019-05-21,183.3809356689453,38.74156951904297,14.949999809265137,15.714999914169312,1.19545789032313
2019-05-22,183.8770294189453,38.340736389160156,14.75,15.795499897003173,1.3003513714704442
2019-05-23,179.46168518066406,38.80256271362305,16.920000076293945,15.978999900817872,0.978114142172743
2019-05-24,179.6502227783203,38.83741760253906,15.850000381469727,16.13499994277954,0.9811309902454894
2019-05-28,182.87489318847656,37.966041564941406,17.5,16.354499959945677,1.3216043264152375
2019-05-29,180.77139282226562,38.541160583496094,17.899999618530273,16.59349994659424,1.098188176957272
2019-05-30,181.58499145507812,38.97684097290039,17.299999237060547,16.718499898910522,1.0550526309161508
2019-05-31,176.08815002441406,38.37559509277344,18.709999084472656,16.932999849319458,0.8854143265064119
2019-06-03,162.8718719482422,37.87019348144531,18.860000610351562,17.232499885559083,0.29247250241941714
2019-06-04,166.19578552246094,39.029136657714844,16.969999313354492,17.308999872207643,0.2384865937854945
2019-06-05,166.8605499267578,38.81999969482422,16.09000015258789,17.147499895095827,0.3144825847619008
2019-06-06,167.01934814453125,39.29925537109375,15.930000305175781,16.9739999294281,0.22846311938863306
2019-06-07,172.000244140625,40.10963821411133,16.299999237060547,16.83399987220764,0.32990236208702695
2019-06-10,173.4587860107422,40.78060531616211,15.9399995803833,16.82899980545044,0.27424162354143555
2019-06-11,176.7132568359375,40.82416534423828,15.989999771118164,16.60099983215332,0.43617539908937186
2019-06-12,173.6770782470703,40.362342834472656,15.90999984741211,16.493499851226808,0.3680114029520981
2019-06-13,176.08815002441406,40.69346237182617,15.819999694824219,16.462499809265136,0.4291530445738597
2019-06-14,179.91810607910156,40.24905776977539,15.279999732971191,16.461999797821044,0.7172912091397233
2019-06-17,187.53826904296875,40.19677734375,15.350000381469727,16.431499814987184,1.1268182404793265
2019-06-18,187.00250244140625,41.27729034423828,15.149999618530273,16.373499822616576,0.8860544291181692
2019-06-19,186.02020263671875,41.015872955322266,14.329999923706055,16.342499828338624,0.8860485240215398
2019-06-20,188.05426025390625,41.12044906616211,14.75,16.342499828338624,0.9720316340160969
2019-06-21,189.65171813964844,41.35572052001953,15.399999618530273,16.26649980545044,1.0094136297364968
2019-06-24,191.10035705566406,41.50385665893555,15.260000228881836,16.236999797821046,1.0561508734782792
2019-06-25,187.36959838867188,40.82416534423828,16.280000686645508,16.17599983215332,0.9944828612609097
2019-06-26,186.19882202148438,41.9918212890625,16.209999084472656,16.09149980545044,0.703295914400215
2019-06-27,188.0244903564453,41.35572052001953,15.819999694824219,16.01749982833862,0.9241598482656843
2019-06-28,191.49725341796875,41.71297836303711,15.079999923706055,15.835999870300293,1.0357804584057113
2019-07-01,191.49725341796875,41.86983108520508,14.0600004196167,15.59599986076355,1.0049047371175552
2019-07-02,193.48167419433594,41.93082809448242,12.930000305175781,15.393999910354614,1.096865613171197
2019-07-03,195.6645050048828,42.27938461303711,12.569999694824219,15.21799988746643,1.1426168573494633
2019-07-05,194.87075805664062,41.895973205566406,13.279999732971191,15.0854998588562,1.1765035701475752
2019-07-08,194.23573303222656,41.669410705566406,13.960000038146973,14.968499898910522,1.1878310777852785
2019-07-09,197.6588897705078,41.60841751098633,14.09000015258789,14.875999927520752,1.3791834628406463
2019-07-10,201.1514434814453,42.009246826171875,13.029999732971191,14.727999925613403,1.483264105908051
2019-07-11,199.66311645507812,42.349090576171875,12.930000305175781,14.578999948501586,1.3383909730866723
2019-07-12,203.27481079101562,43.499305725097656,12.390000343322754,14.407499980926513,1.3012005565111597
2019-07-15,202.32228088378906,43.673587799072266,12.680000305175781,14.277500009536743,1.2169889651795602
2019-07-16,202.25282287597656,42.845767974853516,12.859999656677246,14.152999973297119,1.376302360894062
2019-07-17,200.22869873046875,43.037479400634766,13.970000267028809,14.094000005722046,1.2325168764435226
2019-07-18,199.21664428710938,43.51673126220703,13.529999732971191,14.053999996185302,1.0851548036963843
2019-07-19,196.81549072265625,43.804298400878906,14.449999809265137,14.038999986648559,0.9027472325818146
2019-07-22,200.7446746826172,44.74538803100586,13.529999732971191,13.945499992370605,0.9233561204370607
2019-07-23,200.78436279296875,45.093936920166016,12.609999656677246,13.812999963760376,0.8568252505059818
2019-07-24,203.06643676757812,46.11345291137695,12.069999694824219,13.60249991416931,0.7757008271360779
2019-07-25,199.1471710205078,45.451202392578125,12.739999771118164,13.428999948501588,0.7007234059123608
2019-07-26,198.19467163085938,44.95452880859375,12.15999984741211,13.245999956130982,0.7485878818233617
2019-07-29,194.41433715820312,45.75618362426758,12.829999923706055,13.133499956130981,0.392726467330109
2019-07-30,195.50575256347656,45.05038070678711,13.9399995803833,13.127499914169311,0.5888419334522159
2019-07-31,192.71766662597656,44.04828643798828,16.1200008392334,13.286999940872192,0.6400259741406124
2019-08-01,191.2293243408203,43.133331298828125,17.8700008392334,13.55199999809265,0.742153306754021
2019-08-02,187.54823303222656,42.41879653930664,17.610000610351562,13.76850004196167,0.6899462370945566
2019-08-05,180.31497192382812,40.92873764038086,24.59000015258789,14.300000047683715,0.6042920313245471
2019-08-06,183.07333374023438,41.196311950683594,20.170000076293945,14.604000043869018,0.6961374855532939
2019-08-07,183.70834350585938,40.994537353515625,19.489999771118164,14.927000045776367,0.7691253232443063
2019-08-08,188.67933654785156,41.380531311035156,16.90999984741211,15.126000022888183,0.9535846878389527
2019-08-09,186.38734436035156,40.33658981323242,17.969999313354492,15.40499997138977,1.0389975220064116
2019-08-12,183.9266357421875,40.00322723388672,21.09000015258789,15.825499963760375,0.9756968373606449
2019-08-13,186.98265075683594,41.09103775024414,17.520000457763672,16.058500003814697,0.9216773067895054
2019-08-14,178.31072998046875,40.240089416503906,22.100000381469727,16.465000009536745,0.6348428760991054
2019-08-15,181.1682586669922,40.090946197509766,21.18000030517578,16.847500038146972,0.8139127722881804
2019-08-16,182.2696533203125,40.792762756347656,18.469999313354492,17.04850001335144,0.733467792230246
2019-08-19,184.72039794921875,41.43316650390625,16.8799991607666,17.21599998474121,0.7358068320245174
2019-08-20,182.37876892089844,40.880489349365234,17.5,17.46050000190735,0.7219160134338242
2019-08-21,182.1208038330078,41.36298751831055,15.800000190734863,17.64700002670288,0.6134231992523019
2019-08-22,180.62255859375,41.038394927978516,16.68000030517578,17.84400005340576,0.5988216023590842
2019-08-23,176.36595153808594,39.4417839050293,19.8700008392334,18.229500102996827,0.6900946567058417
2019-08-26,178.9556427001953,39.96813201904297,19.31999969482422,18.554000091552734,0.7221647041874616
2019-08-27,179.88833618164062,40.16990661621094,20.309999465942383,18.872500085830687,0.7313120361490508
2019-08-28,180.34474182128906,40.16990661621094,19.350000381469727,19.034000062942503,0.7552240582189057
2019-08-29,184.12509155273438,41.11735153198242,17.8799991607666,19.034499979019166,0.7667842092551749
2019-08-30,184.2243194580078,41.59107208251953,18.979999542236328,19.102999925613403,0.6787332972366584
2019-09-03,180.9698486328125,41.21385192871094,19.65999984741211,18.856499910354614,0.5824789495283818
2019-09-04,185.68287658691406,42.91573715209961,17.329999923706055,18.71449990272522,0.4943959850307125
2019-09-05,189.41358947753906,43.95090866088867,16.270000457763672,18.553499937057495,0.48608699316990217
2019-09-06,186.03012084960938,44.670265197753906,15.0,18.45799994468689,0.1672182189427618
2019-09-09,187.29026794433594,45.25803756713867,15.270000457763672,18.32300000190735,0.11753966577138832
2019-09-10,184.72039794921875,45.459808349609375,15.199999809265137,18.02849998474121,-0.05681869360721338
2019-09-11,187.02235412597656,46.31075668334961,14.609999656677246,17.88299994468689,-0.10371969661430701
2019-09-12,186.01026916503906,46.503746032714844,14.220000267028809,17.488999938964845,-0.19473393789507437
2019-09-13,185.7324676513672,46.091434478759766,13.739999771118164,17.116999912261964,-0.1281269337397879
2019-09-16,184.77000427246094,45.79315948486328,14.670000076293945,16.926999950408934,-0.11983832170147325
2019-09-17,186.6155242919922,45.573848724365234,14.4399995803833,16.80499997138977,0.020022527762556388
2019-09-18,186.6750946044922,45.38963317871094,13.949999809265137,16.627499961853026,0.05940550240808317
2019-09-19,188.6595001220703,45.2404899597168,14.050000190734863,16.539999961853027,0.19273069548261268
2019-09-20,188.45111083984375,44.494815826416016,15.319999694824219,16.47199993133545,0.3285952052061316
2019-09-23,185.3653564453125,44.65272521972656,14.90999984741211,16.223999881744383,0.13584251860268834
2019-09-24,179.8684844970703,43.705284118652344,17.049999237060547,16.1104998588562,0.034349517743523364
2019-09-25,181.37667846679688,44.757999420166016,15.960000038146973,15.89299988746643,-0.09385518524478054
2019-09-26,178.7075958251953,44.670265197753906,16.06999969482422,15.728999853134155,-0.216423797675894
2019-09-27,175.72103881835938,44.54745101928711,17.219999313354492,15.69599986076355,-0.3487202149259261
2019-09-30,176.69338989257812,45.20539855957031,16.239999771118164,15.558999872207641,-0.42729064105569087
2019-10-01,174.44107055664062,44.529903411865234,18.559999465942383,15.503999853134156,-0.41232619794326414
2019-10-02,173.24050903320312,43.32805633544922,20.559999465942383,15.665499830245972,-0.23864811473233852
2019-10-03,177.9832763671875,43.889503479003906,19.1200008392334,15.807999849319458,-0.10068309552572609
2019-10-04,179.04493713378906,44.670265197753906,17.040000915527344,15.909999895095826,-0.1987497986815323
2019-10-07,178.2809295654297,44.40708541870117,17.860000610351562,16.03949990272522,-0.1869720102035015
2019-10-08,176.36595153808594,43.62632751464844,20.280000686645508,16.29349994659424,-0.1336130891525688
2019-10-09,178.44961547851562,44.28427505493164,18.639999389648438,16.4949999332428,-0.1539595682605154
2019-10-10,178.6282196044922,44.836952209472656,17.56999969482422,16.66249990463257,-0.2533940346998899
2019-10-11,182.75582885742188,45.69667434692383,15.579999923706055,16.754499912261963,-0.2063724325807154
2019-10-14,181.85292053222656,45.30189514160156,14.569999694824219,16.749499893188478,-0.17596720931227186
2019-10-15,187.4192352294922,46.18793487548828,13.539999961853027,16.704499912261962,-0.05874939064023664
2019-10-16,188.0740966796875,46.01248550415039,13.680000305175781,16.690999937057494,0.010096520283779652
2019-10-17,188.9075469970703,45.49489974975586,13.789999961853027,16.677999925613403,0.15564700536443632
2019-10-18,184.4029083251953,45.05626678466797,14.25,16.62449994087219,0.0059826383968453085
2019-10-21,188.282470703125,45.73176193237305,14.0,16.578999948501586,0.07627277619430399
2019-10-22,180.9202117919922,45.62648391723633,14.460000038146973,16.449499988555907,-0.2887274972016628
2019-10-23,184.70057678222656,45.3720817565918,14.010000228881836,16.35199999809265,-0.04058859736393793
2019-10-24,184.9287872314453,45.81948471069336,13.710000038146973,16.23400001525879,-0.11670135572178654
2019-10-25,186.427001953125,49.530303955078125,12.649999618530273,16.005500030517577,-0.7686641622533497
2019-10-28,187.92527770996094,49.793487548828125,13.109999656677246,15.849000024795533,-0.7419728940733898
2019-10-29,187.83595275878906,49.42503356933594,13.199999809265137,15.58100004196167,-0.6741243759467989
2019-10-30,186.7842254638672,49.653133392333984,12.329999923706055,15.169500064849853,-0.7741268916816157
2019-10-31,190.15774536132812,49.591712951660156,13.220000267028809,14.874500036239624,-0.5852909805402062
2019-11-01,192.11241149902344,49.574180603027344,12.300000190734863,14.6375,-0.47943087559081976
2019-11-04,193.20384216308594,50.53916549682617,12.829999923706055,14.385999965667725,-0.6122013394385473
2019-11-05,192.80694580078125,50.48652648925781,13.100000381469727,14.026999950408936,-0.6226338078467274
2019-11-06,190.05853271484375,50.80849838256836,12.619999885559082,13.725999975204468,-0.8300074276305496
2019-11-07,188.9373016357422,51.2054328918457,12.729999542236328,13.483999967575073,-0.9668857029551061
2019-11-08,189.35403442382812,51.39948654174805,12.069999694824219,13.308499956130982,-0.9832507715721877
2019-11-11,188.1336212158203,51.47005844116211,12.6899995803833,13.214499950408936,-1.0610824547292153
2019-11-12,192.95578002929688,51.337745666503906,12.680000305175781,13.171499967575073,-0.7823945741978401
2019-11-13,191.6857452392578,51.064300537109375,13.0,13.137499952316285,-0.7951078976738084
2019-11-14,191.6460723876953,50.99373245239258,13.050000190734863,13.100499963760376,-0.7832954433916786
2019-11-15,193.5808868408203,51.126041412353516,12.050000190734863,12.99049997329712,-0.7079709661479916
2019-11-18,195.86294555664062,51.381858825683594,12.460000038146973,12.913499975204468,-0.6387657126164975
2019-11-19,197.7680206298828,51.47005844116211,12.859999656677246,12.833499956130982,-0.5563166249372857
2019-11-20,195.97210693359375,51.073123931884766,12.779999732971191,12.771999931335449,-0.5722735124381354
2019-11-21,196.3888397216797,51.35538864135742,13.130000114440918,12.742999935150147,-0.6060025136168028
2019-11-22,197.2719268798828,50.81730651855469,12.34000015258789,12.727499961853027,-0.45381683943016626
2019-11-25,198.23435974121094,51.87582778930664,11.869999885559082,12.66549997329712,-0.6117579574530403
2019-11-26,197.4207305908203,51.9552116394043,11.539999961853027,12.582499980926514,-0.670011985484576
2019-11-27,200.4271697998047,51.61119079589844,11.75,12.553499984741212,-0.4447796187652695
2019-11-29,200.06996154785156,51.2054328918457,12.619999885559082,12.523499965667725,-0.3836229507253091
2019-12-02,198.14505004882812,50.861427307128906,14.90999984741211,12.653999948501587,-0.4167571062173377
2019-12-03,197.2719268798828,49.45888900756836,15.960000038146973,12.810499954223634,-0.18641873576672174
2019-12-04,197.1627960205078,49.41477966308594,14.800000190734863,12.89549994468689,-0.18345360682059592
2019-12-05,197.80767822265625,49.46772003173828,14.520000457763672,12.99049997329712,-0.16008797613444037
2019-12-06,199.48455810546875,50.111637115478516,13.619999885559082,13.034999990463257,-0.19898487201187384
2019-12-09,199.7722930908203,49.864654541015625,15.859999656677246,13.224499988555909,-0.1352924902582667
2019-12-10,199.30593872070312,49.917579650878906,15.680000305175781,13.374000024795532,-0.17014380577764754
2019-12-11,200.6851348876953,50.34098434448242,14.989999771118164,13.48949999809265,-0.18123013071937938
2019-12-12,195.21803283691406,50.76438522338867,13.9399995803833,13.536499977111816,-0.5510072279507073
2019-12-13,192.59857177734375,50.9760856628418,12.630000114440918,13.51549997329712,-0.7299183706282099
2019-12-16,196.37892150878906,50.89669418334961,12.140000343322754,13.519999980926514,-0.5162303004172621
2019-12-17,196.84527587890625,50.54386520385742,12.289999961853027,13.511499977111816,-0.42234431744731865
2019-12-18,200.9232635498047,50.4291877746582,12.579999923706055,13.497499990463258,-0.1861165153195175
2019-12-19,204.45553588867188,51.126041412353516,12.5,13.483500003814697,-0.13822592917944218
2019-12-20,204.6936798095703,51.99931716918945,12.510000228881836,13.452500009536744,-0.2976493126902576
2019-12-23,204.5745849609375,52.246299743652344,12.609999656677246,13.465999984741211,-0.3525062938248285
2019-12-24,203.52285766601562,52.405086517333984,12.670000076293945,13.505999994277953,-0.4388648615124208
2019-12-26,206.17205810546875,52.7667350769043,12.649999618530273,13.561499977111817,-0.37125666830334436
2019-12-27,206.47967529296875,52.996089935302734,13.430000305175781,13.645499992370606,-0.400287402728903
2019-12-30,202.81838989257812,52.590309143066406,14.819999694824219,13.755499982833863,-0.5122335680599414
2019-12-31,203.65185546875,52.79319763183594,13.779999732971191,13.698999977111816,-0.50850425270825
