Date,MNST,V,VIX,AvgVIX,zscore
2015-01-30,19.491666793823242,58.87952423095703,20.969999313354492,19.119499969482423,-1.5841701354112467
2015-02-02,19.59166717529297,58.97884750366211,19.43000030517578,19.201499938964844,-1.5413247503709058
2015-02-03,19.44499969482422,60.00669860839844,17.329999923706055,19.071999931335448,-1.6448326177397492
2015-02-04,19.788333892822266,61.18471908569336,18.329999923706055,18.932499885559082,-1.5267364618703496
2015-02-05,19.72833251953125,62.78079605102539,16.850000381469727,18.80949993133545,-1.609820559689345
2015-02-06,19.524999618530273,61.76908874511719,17.290000915527344,18.823499965667725,-1.6688775236315196
2015-02-09,19.323333740234375,61.316402435302734,18.549999237060547,18.873499965667726,-1.7465354250255194
2015-02-10,19.748332977294922,61.10618209838867,17.229999542236328,18.754999923706055,-1.5425301109495797
2015-02-11,19.831666946411133,61.550453186035156,16.959999084472656,18.57499990463257,-1.5193531124543493
2015-02-12,19.918333053588867,62.688987731933594,15.34000015258789,18.267999935150147,-1.5186930669605443
2015-02-13,19.623332977294922,62.39280319213867,14.6899995803833,17.88299994468689,-1.64497623548085
2015-02-17,19.78499984741211,62.67971420288086,15.800000190734863,17.62549991607666,-1.5800879060880342
2015-02-18,20.046667098999023,62.27476119995117,15.449999809265137,17.403499937057497,-1.444936044943148
2015-02-19,20.18833351135254,62.27013397216797,15.289999961853027,17.22549991607666,-1.3792022751484407
2015-02-20,20.209999084472656,63.172611236572266,14.300000190734863,17.12049994468689,-1.40044872573892
2015-02-23,20.35333251953125,63.174922943115234,14.5600004196167,17.015499973297118,-1.3341838026419335
2015-02-24,20.801666259765625,63.049949645996094,13.6899995803833,16.9239999294281,-1.1223317881953294
2015-02-25,20.63166618347168,63.174922943115234,13.84000015258789,16.754999971389772,-1.2053509425119528
2015-02-26,20.790000915527344,63.34614562988281,13.90999984741211,16.428499937057495,-1.1379958532749068
2015-02-27,23.520000457763672,62.78152084350586,13.34000015258789,16.157499933242796,0.14521125086351513
2015-03-02,23.538333892822266,64.3967056274414,13.039999961853027,15.760999965667725,0.09772397195992949
2015-03-03,23.448333740234375,63.704830169677734,13.859999656677246,15.482499933242797,0.08004197280355624
2015-03-04,23.25666618347168,63.34614562988281,14.229999542236328,15.327499914169312,0.0037544364800842444
2015-03-05,23.338333129882812,63.434085845947266,14.039999961853027,15.11299991607666,0.038508261111689604
2015-03-06,22.770000457763672,62.32566452026367,15.199999809265137,15.03049988746643,-0.18614530795042605
2015-03-09,22.86833381652832,62.80699920654297,15.0600004196167,14.918999862670898,-0.15730992993756085
2015-03-10,22.65333366394043,61.367679595947266,16.690000534057617,14.825999927520751,-0.2069486760627796
2015-03-11,22.65999984741211,61.26354217529297,16.8700008392334,14.807999992370606,-0.20025426312204717
2015-03-12,22.975000381469727,62.381195068359375,15.420000076293945,14.73100004196167,-0.09318096259650765
2015-03-13,22.579999923706055,61.32835006713867,16.0,14.764000034332275,-0.23952986867071394
2015-03-16,23.00666618347168,62.251617431640625,15.609999656677246,14.810000038146972,-0.07403330992832664
2015-03-17,22.71500015258789,61.2056770324707,15.65999984741211,14.803000020980836,-0.17279087807079418
2015-03-18,22.78499984741211,61.93922424316406,13.970000267028809,14.729000043869018,-0.16581064179655064
2015-03-19,23.046667098999023,61.839725494384766,14.069999694824219,14.668000030517579,-0.04124412460021117
2015-03-20,22.920000076293945,62.395103454589844,13.020000457763672,14.604000043869018,-0.11912105117680216
2015-03-23,22.989999771118164,62.089637756347656,13.40999984741211,14.54650001525879,-0.07613441178778284
2015-03-24,23.116666793823242,62.108150482177734,13.619999885559082,14.543000030517579,-0.018145341471194464
2015-03-25,22.671667098999023,60.840057373046875,15.4399995803833,14.623000001907348,-0.1801781933719052
2015-03-26,22.761667251586914,60.71049880981445,15.800000190734863,14.717500019073487,-0.1340298640690864
2015-03-27,22.998332977294922,60.664215087890625,15.069999694824219,14.803999996185302,-0.02287998977480331
2015-03-30,23.406667709350586,60.775291442871094,14.510000228881836,14.877500009536742,0.16227743687048404
2015-03-31,23.066667556762695,60.54389953613281,15.289999961853027,14.949000024795533,0.01291964101217326
2015-04-01,22.774999618530273,60.33098602294922,15.109999656677246,14.993000030517578,-0.11470688429671594
2015-04-02,22.610000610351562,60.43281173706055,14.670000076293945,15.024500036239624,-0.19460901784320472
2015-04-06,22.953332901000977,60.34950256347656,14.739999771118164,15.001500034332276,-0.03280308110540204
2015-04-07,22.920000076293945,60.904876708984375,14.779999732971191,14.9875,-0.06747808844435313
2015-04-08,22.96500015258789,61.55281066894531,13.979999542236328,14.851999950408935,-0.06910259698628801
2015-04-09,22.933332443237305,61.49726486206055,13.09000015258789,14.66299991607666,-0.0818357845617672
2015-04-10,23.05666732788086,61.40468978881836,12.579999923706055,14.520999908447266,-0.021539382982392927
2015-04-13,22.963333129882812,60.72900390625,13.9399995803833,14.417999887466431,-0.04132565895803274
2015-04-14,22.633333206176758,60.65495681762695,13.670000076293945,14.320999908447266,-0.19150732429622125
2015-04-15,22.948333740234375,60.793800354003906,12.84000015258789,14.179999923706054,-0.05051394061639008
2015-04-16,23.0,60.76602554321289,12.600000381469727,14.111499929428101,-0.025636555229163745
2015-04-17,22.81833267211914,59.7200813293457,13.890000343322754,14.102499961853027,-0.07347867134735396
2015-04-20,23.26333236694336,59.90522766113281,13.300000190734863,14.116499948501588,0.12608308696206835
2015-04-21,23.308332443237305,60.48833465576172,13.25,14.10849995613098,0.12670512013908403
2015-04-22,23.31833267211914,62.950443267822266,12.710000038146973,14.062999963760376,0.046010968456308324
2015-04-23,23.393333435058594,62.68203353881836,12.479999542236328,13.914999961853027,0.09002830865497746
2015-04-24,23.6299991607666,62.45988464355469,12.289999961853027,13.739499950408936,0.20727269079479838
2015-04-27,23.906667709350586,62.108150482177734,13.119999885559082,13.641999959945679,0.34752396353416043
2015-04-28,23.456666946411133,61.802703857421875,12.40999984741211,13.536999940872192,0.14981628924449517
2015-04-29,23.19333267211914,62.330299377441406,13.390000343322754,13.44199995994568,0.009642703086665394
2015-04-30,22.851667404174805,61.136253356933594,14.550000190734863,13.413999986648559,-0.10712559567666026
2015-05-01,23.52166748046875,60.8770866394043,12.699999809265137,13.315499973297118,0.2119799563012049
2015-05-04,23.641666412353516,60.701229095458984,12.850000381469727,13.221000003814698,0.27361834554111714
2015-05-05,23.43833351135254,61.052978515625,14.3100004196167,13.197500038146973,0.16731156199961048
2015-05-06,23.413333892822266,60.7845573425293,15.149999618530273,13.25600004196167,0.16504192205901008
2015-05-07,23.915000915527344,61.6268424987793,15.130000114440918,13.358000040054321,0.3680606265621944
2015-05-08,21.411666870117188,64.30183410644531,12.859999656677246,13.372000026702882,-0.8833629307372163
2015-05-11,22.334999084472656,63.885311126708984,13.850000381469727,13.367500066757202,-0.44154393292803085
2015-05-12,21.98666763305664,63.579864501953125,13.859999656677246,13.377000045776366,-0.5921917294954891
2015-05-13,21.656667709350586,63.654056549072266,13.760000228881836,13.423000049591064,-0.7475105380135318
2015-05-14,22.106666564941406,64.90581512451172,12.739999771118164,13.430000019073486,-0.5825976505612139
2015-05-15,22.053333282470703,64.50708770751953,12.380000114440918,13.354500007629394,-0.5934664612584517
2015-05-18,21.876667022705078,64.90581512451172,12.729999542236328,13.325999975204468,-0.6890579990343124
2015-05-19,21.71666717529297,65.0541763305664,12.850000381469727,13.305999994277954,-0.7682588221127543
2015-05-20,21.540000915527344,64.70181274414062,12.880000114440918,13.314499998092652,-0.8378217271234504
2015-05-21,21.70166778564453,64.3216552734375,12.109999656677246,13.296000003814697,-0.749816517813629
2015-05-22,21.56833267211914,64.55345916748047,12.130000114440918,13.288000011444092,-0.8195666411770937
2015-05-26,21.27666664123535,63.552066802978516,14.0600004196167,13.335000038146973,-0.9198679961969248
2015-05-27,21.67333221435547,64.43289947509766,13.270000457763672,13.378000068664551,-0.7667873651313649
2015-05-28,21.53333282470703,64.49784088134766,13.3100004196167,13.374000072479248,-0.8338396704393515
2015-05-29,21.213333129882812,63.68185806274414,13.84000015258789,13.3385000705719,-0.9536811478626116
2015-06-01,21.19499969482422,64.08057403564453,13.970000267028809,13.402000093460083,-0.9759844575649731
2015-06-02,21.020000457763672,64.01565551757812,14.239999771118164,13.471500062942505,-1.054736990267839
2015-06-03,20.9950008392334,63.93218994140625,13.65999984741211,13.439000034332276,-1.0634161615279256
2015-06-04,21.196666717529297,63.24607849121094,14.710000038146973,13.41700005531311,-0.946293869595097
2015-06-05,20.924999237060547,63.39442443847656,14.210000038146973,13.371000051498413,-1.0771819847113928
2015-06-08,20.915000915527344,62.754642486572266,15.289999961853027,13.492500066757202,-1.0596386471012367
2015-06-09,20.81333351135254,63.004974365234375,14.470000267028809,13.523500061035156,-1.115372751252133
2015-06-10,21.171667098999023,64.56270599365234,13.220000267028809,13.491500091552734,-1.0034924724745722
2015-06-11,21.19499969482422,64.57198333740234,12.850000381469727,13.446000099182129,-0.9930139682296382
2015-06-12,21.398332595825195,64.28458404541016,13.779999732971191,13.49800009727478,-0.8889372018857885
2015-06-15,21.15166664123535,63.579856872558594,15.390000343322754,13.648500108718872,-0.9786900454930897
2015-06-16,22.030000686645508,63.98783493041992,14.8100004196167,13.75250015258789,-0.5862720560776195
2015-06-17,22.041667938232422,63.74677276611328,14.5,13.835000133514404,-0.572517739389851
2015-06-18,22.309999465942383,64.44219207763672,13.1899995803833,13.850500106811523,-0.47241394993181196
2015-06-19,22.286666870117188,63.691123962402344,13.960000038146973,13.94300012588501,-0.4571861156748959
2015-06-22,22.25,64.06201171875,12.739999771118164,13.973500108718872,-0.4870110880956081
2015-06-23,22.233333587646484,64.36799621582031,12.109999656677246,13.8760000705719,-0.5053292229567502
2015-06-24,22.15999984741211,63.848777770996094,13.260000228881836,13.875500059127807,-0.5212801373344808
2015-06-25,22.795000076293945,63.6262092590332,14.010000228881836,13.910500049591064,-0.21964332484094792
2015-06-26,23.235000610351562,63.74677276611328,14.020000457763672,13.919500064849853,-0.02015745691763955
2015-06-29,22.398332595825195,61.864501953125,18.850000381469727,14.1635000705719,-0.3421986278919269
2015-06-30,22.336666107177734,62.263214111328125,18.229999542236328,14.363000059127808,-0.38455946264655716
2015-07-01,22.416667938232422,62.912269592285156,16.09000015258789,14.484500074386597,-0.37002150457831545
2015-07-02,22.266666412353516,63.273868560791016,16.790000915527344,14.588500118255615,-0.4519840182829046
2015-07-06,22.469999313354492,63.162620544433594,17.010000228881836,14.728500127792358,-0.3540116744973702
2015-07-07,22.72333335876465,62.83809280395508,16.09000015258789,14.768500137329102,-0.2255041130344626
2015-07-08,22.299999237060547,61.873775482177734,19.65999984741211,15.028000116348267,-0.388035755373684
2015-07-09,22.239999771118164,62.17048645019531,19.969999313354492,15.36550006866455,-0.4260901785931409
2015-07-10,22.684999465942383,63.440773010253906,16.829999923706055,15.564500045776366,-0.26413333949038353
2015-07-13,23.231666564941406,64.46073913574219,13.899999618530273,15.570500040054322,-0.04644279282524018
2015-07-14,23.479999542236328,64.99851989746094,13.369999885559082,15.469500017166137,0.04986710211746719
2015-07-15,23.35333251953125,64.9243392944336,13.229999542236328,15.39049997329712,-0.006192829485181929
2015-07-16,23.280000686645508,65.434326171875,12.109999656677246,15.270999956130982,-0.057809387765438265
2015-07-17,23.343332290649414,65.72174072265625,11.949999809265137,15.208999967575073,-0.03845514971701967
2015-07-20,23.791667938232422,67.40929412841797,12.25,15.123499965667724,0.11058566261859681
2015-07-21,24.008333206176758,66.7787857055664,12.220000267028809,15.097499990463257,0.23272386068115256
2015-07-22,24.641666412353516,66.7324447631836,12.119999885559082,15.098000001907348,0.5274819885568148
2015-07-23,24.7549991607666,66.52845764160156,12.640000343322754,15.067000007629394,0.5870096026705868
2015-07-24,24.815000534057617,69.35651397705078,13.739999771118164,15.053499984741212,0.5167778699628619
2015-07-27,24.793333053588867,68.48490142822266,15.600000381469727,15.132499980926514,0.5369538384807486
2015-07-28,24.998332977294922,69.30087280273438,13.4399995803833,14.861999940872192,0.6035655382559717
2015-07-29,25.219999313354492,70.4784164428711,12.5,14.575499963760375,0.6653615718655238
2015-07-30,25.363332748413086,70.82151794433594,12.130000114440918,14.377499961853028,0.7198166178879987
2015-07-31,25.59166717529297,69.857177734375,12.119999885559082,14.143999910354614,0.858924894163378
2015-08-03,25.968332290649414,70.25588989257812,12.5600004196167,13.921499919891357,1.0194554863015854
2015-08-04,25.286666870117188,69.79227447509766,13.0,13.766999912261962,0.719997978072233
2015-08-05,25.666667938232422,69.52339935302734,12.510000228881836,13.40949993133545,0.9052075479371885
2015-08-06,24.145000457763672,68.22525787353516,13.770000457763672,13.099499988555909,0.24585663231254243
2015-08-07,24.86166763305664,68.8094253540039,13.390000343322754,12.927500009536743,0.5573378094507097
2015-08-10,24.121667861938477,68.96707153320312,12.229999542236328,12.844000005722046,0.20934949530244376
2015-08-11,23.799999237060547,68.02128601074219,13.710000038146973,12.86100001335144,0.09323375597330433
2015-08-12,23.691667556762695,68.2999038696289,13.609999656677246,12.880000019073487,0.03343471039121956
2015-08-13,24.843332290649414,68.66212463378906,13.489999771118164,12.949000024795533,0.5539555157333143
2015-08-14,25.066667556762695,68.93144989013672,12.829999923706055,12.993000030517578,0.6479978433592338
2015-08-17,25.11833381652832,69.1079330444336,13.020000457763672,13.031500053405761,0.6657967848049953
2015-08-18,25.086666107177734,69.16361999511719,13.789999961853027,13.110000038146973,0.6492088890982404
2015-08-19,24.541667938232422,69.09860229492188,15.25,13.26650004386902,0.3991976473187802
2015-08-20,24.100000381469727,68.68070220947266,19.139999389648438,13.591499996185302,0.20924419175736333
2015-08-21,23.15166664123535,66.11735534667969,28.030000686645508,14.30600004196167,-0.14088161292664397
2015-08-24,22.57666778564453,63.488990783691406,40.7400016784668,15.563000106811524,-0.3159480007755823
2015-08-25,22.393333435058594,62.19805908203125,36.02000045776367,16.692000150680542,-0.35607183257761565
2015-08-26,23.09833335876465,65.65296173095703,30.31999969482422,17.583000135421752,-0.14947479874745245
2015-08-27,23.334999084472656,67.24112701416016,26.100000381469727,18.281500148773194,-0.09496582779809255
2015-08-28,23.405000686645508,67.29682922363281,26.049999237060547,18.978000116348266,-0.0644943745673234
2015-08-31,23.07666778564453,66.21949768066406,28.43000030517578,19.77150011062622,-0.17913616798609858
2015-09-01,22.5049991607666,64.04624938964844,31.399999618530273,20.691500091552733,-0.3684328815792438
2015-09-02,22.733333587646484,64.65925598144531,26.09000015258789,21.370500087738037,-0.2839866641747987
2015-09-03,22.606666564941406,65.38363647460938,25.610000610351562,21.96250009536743,-0.3677202776864657
2015-09-04,22.373332977294922,64.23200988769531,27.799999237060547,22.68300004005432,-0.43581489617213987
2015-09-08,22.816667556762695,65.5043716430664,24.899999618530273,23.31650004386902,-0.27470070706392163
2015-09-09,22.066667556762695,64.64063262939453,26.229999542236328,23.942500019073485,-0.5919223225592113
2015-09-10,22.040000915527344,65.22576141357422,24.3700008392334,24.480500078201295,-0.6245428703405913
2015-09-11,22.128332138061523,65.71797943115234,23.200000762939453,24.96600012779236,-0.6007143568186238
2015-09-14,22.02666664123535,65.02143096923828,24.25,25.537000131607055,-0.6236339769027904
2015-09-15,22.079999923706055,65.48579406738281,22.540000915527344,26.013000154495238,-0.6150397335126195
2015-09-16,22.321666717529297,65.93158721923828,21.350000381469727,26.391000175476073,-0.5186276498043718
2015-09-17,22.450000762939453,65.90373229980469,21.139999389648438,26.685500144958496,-0.4582601169010146
2015-09-18,22.433332443237305,64.81712341308594,22.280000686645508,26.84250020980835,-0.4283196006719596
2015-09-21,22.540000915527344,65.73655700683594,20.139999389648438,26.448000144958495,-0.4108082011623619
2015-09-22,22.42333221435547,65.24433898925781,22.440000534057617,25.53300008773804,-0.44775334014055823
2015-09-23,22.393333435058594,65.89446258544922,22.1299991607666,24.838500022888184,-0.48416859968640125
2015-09-24,22.856666564941406,65.23503112792969,23.469999313354492,24.496000003814697,-0.24685244328394684
2015-09-25,22.704999923706055,65.65296173095703,23.6200008392334,24.37200002670288,-0.3315378331139824
2015-09-28,22.34666633605957,62.41166687011719,27.6299991607666,24.451000022888184,-0.3850751828533458
2015-09-29,22.424999237060547,63.64689254760742,26.829999923706055,24.371000003814697,-0.39162312151189527
2015-09-30,22.523332595825195,64.69637298583984,24.5,24.026000022888184,-0.382476512326484
2015-10-01,22.366666793823242,65.00285339355469,22.549999237060547,23.848999977111816,-0.46561363039369597
2015-10-02,22.321666717529297,65.63441467285156,20.940000534057617,23.61549997329712,-0.5083293037416572
2015-10-05,22.520000457763672,67.08323669433594,19.540000915527344,23.20250005722046,-0.46673427392169975
2015-10-06,22.316667556762695,66.94392395019531,19.399999618530273,22.92750005722046,-0.5560235766500436
2015-10-07,22.44333267211914,68.00270080566406,18.399999618530273,22.536000061035157,-0.534085152650387
2015-10-08,22.69333267211914,68.63424682617188,17.420000076293945,22.188500022888185,-0.44025302143877126
2015-10-09,22.905000686645508,68.70854187011719,17.079999923706055,21.882499980926514,-0.34485247650222134
2015-10-12,22.90999984741211,69.64657592773438,16.170000076293945,21.478499984741212,-0.37504554324146316
2015-10-13,21.946666717529297,69.65586853027344,17.670000076293945,21.23499994277954,-0.8212675071115509
2015-10-14,21.428333282470703,68.91288757324219,18.030000686645508,21.06899995803833,-1.0354419579662375
2015-10-15,21.760000228881836,69.9716567993164,16.049999237060547,20.814499950408937,-0.9186136617102385
2015-10-16,22.041667938232422,70.58460998535156,15.050000190734863,20.452999925613405,-0.8094791103523644
2015-10-19,22.116666793823242,71.50408935546875,14.979999542236328,20.194999933242798,-0.8066282760670551
2015-10-20,23.268333435058594,70.84463500976562,15.75,19.860499906539918,-0.25070101634615066
2015-10-21,23.148332595825195,70.08309936523438,16.700000762939453,19.58899998664856,-0.27985545911155507
2015-10-22,23.7450008392334,70.97468566894531,14.449999809265137,19.138000011444092,-0.034571852736376994
2015-10-23,23.59666633605957,71.578369140625,14.460000038146973,18.67999997138977,-0.12415204947148702
2015-10-26,23.57666778564453,72.60929107666016,15.289999961853027,18.063000011444093,-0.16913483356787948
2015-10-27,23.434999465942383,71.9963150024414,15.430000305175781,17.493000030517578,-0.21346679404480803
2015-10-28,23.55666732788086,73.2500991821289,14.329999923706055,16.984500026702882,-0.20059932696539834
2015-10-29,22.773332595825195,72.91577911376953,14.609999656677246,16.587500047683715,-0.5515973699148476
2015-10-30,22.719999313354492,72.0520248413086,15.069999694824219,16.294000005722047,-0.5463509386615704
2015-11-02,22.496667861938477,69.86017608642578,14.149999618530273,16.024499940872193,-0.5737675390295797
2015-11-03,22.450000762939453,72.3492431640625,14.539999961853027,15.78149995803833,-0.6816256405275699
2015-11-04,22.136667251586914,72.76716613769531,15.510000228881836,15.636999988555909,-0.8411418337225478
2015-11-05,22.040000915527344,73.61231994628906,15.050000190734863,15.518499994277954,-0.9151743001117228
2015-11-06,25.040000915527344,73.13867950439453,14.329999923706055,15.380999994277953,0.48985544547516996
2015-11-09,24.84166717529297,72.47924041748047,16.520000457763672,15.398500013351441,0.4209047977320596
2015-11-10,25.315000534057617,73.94930267333984,15.289999961853027,15.279500007629395,0.5890533831331871
2015-11-11,25.34166717529297,73.67018127441406,16.059999465942383,15.180999946594238,0.6110694185213191
2015-11-12,24.74333381652832,72.86073303222656,18.3700008392334,15.29700002670288,0.362168628928267
2015-11-13,24.454999923706055,72.67463684082031,20.079999923706055,15.54850001335144,0.2351560008141023
2015-11-16,24.578332901000977,73.40966796875,18.15999984741211,15.70750002861023,0.26677129598512384
2015-11-17,24.268333435058594,73.34455108642578,18.84000015258789,15.862000036239625,0.12553781132935593
2015-11-18,24.854999542236328,74.86111450195312,16.850000381469727,15.869500017166137,0.3445334815143003
2015-11-19,24.893333435058594,74.57268524169922,16.989999771118164,15.996500015258789,0.37227251965284525
2015-11-20,24.68166732788086,74.60991668701172,15.470000267028809,16.047000026702882,0.2730079703381817
2015-11-23,25.06833267211914,74.53546142578125,15.619999885559082,16.063500022888185,0.4545647370130387
2015-11-24,25.376667022705078,74.23771667480469,15.930000305175781,16.088500022888184,0.6076022505071034
2015-11-25,26.06833267211914,74.02373504638672,15.1899995803833,16.131500005722046,0.9351703260422377
2015-11-27,26.09000015258789,74.28424835205078,15.119999885559082,16.157000017166137,0.9361716552299603
2015-11-30,25.768333435058594,73.51200103759766,16.1299991607666,16.209999990463256,0.8140429305774743
2015-12-01,26.203332901000977,74.3493881225586,14.670000076293945,16.23600001335144,0.9863728295254423
2015-12-02,25.801666259765625,73.5399169921875,15.90999984741211,16.304500007629393,0.8285043502926761
2015-12-03,25.511667251586914,72.84210205078125,18.110000610351562,16.43450002670288,0.7184543099762593
2015-12-04,26.116666793823242,74.80529022216797,14.8100004196167,16.42250003814697,0.9304584863175279
2015-12-07,25.93000030517578,74.01443481445312,15.84000015258789,16.498000049591063,0.8714624407377772
2015-12-08,26.083332061767578,73.56784057617188,17.600000381469727,16.552000045776367,0.9579118878697008
2015-12-09,25.333332061767578,72.46065521240234,19.610000610351562,16.768000078201293,0.6491267675738956
2015-12-10,25.30500030517578,72.6839599609375,19.34000015258789,16.93200011253357,0.6282742912724745
2015-12-11,24.956666946411133,70.81382751464844,24.389999389648438,17.23300004005432,0.5318489116282755
2015-12-14,25.31833267211914,71.52091979980469,22.729999542236328,17.365500020980836,0.6747499678465084
2015-12-15,25.43000030517578,73.14916229248047,20.950000762939453,17.5050000667572,0.6700119684932797
2015-12-16,25.551666259765625,74.30287170410156,17.860000610351562,17.456000089645386,0.686346587047408
2015-12-17,25.04833221435547,73.21429443359375,18.940000534057617,17.56050009727478,0.491091377950644
2015-12-18,24.30666732788086,71.00922393798828,20.700000762939453,17.746000146865846,0.22421093494738614
2015-12-21,24.579999923706055,71.80005645751953,18.700000762939453,17.907500171661376,0.32332308820103856
2015-12-22,24.583332061767578,71.99546813964844,16.600000381469727,17.956500196456908,0.3180935605926332
2015-12-23,24.578332901000977,73.09331512451172,15.569999694824219,17.93850016593933,0.2777343243923642
2015-12-24,24.803333282470703,72.81420135498047,15.739999771118164,17.966000175476076,0.3915532307075706
2015-12-28,24.69333267211914,73.06543731689453,16.90999984741211,18.055500173568724,0.3319305882418414
2015-12-29,25.02833366394043,73.69810485839844,16.079999923706055,18.0530002117157,0.4650684329983858
2015-12-30,25.040000915527344,72.89791870117188,17.290000915527344,18.184000253677368,0.4981988745707263
2015-12-31,24.82666778564453,72.15364074707031,18.209999084472656,18.299000215530395,0.4252454721474635
2016-01-04,24.05666732788086,70.43235778808594,20.700000762939453,18.42850022315979,0.128483903829953
2016-01-05,24.344999313354492,70.96265411376953,19.34000015258789,18.65500020980835,0.24356758863503256
2016-01-06,24.383333206176758,70.0322494506836,20.59000015258789,18.89250020980835,0.293553920282012
2016-01-07,24.200000762939453,68.65526580810547,24.989999771118164,19.262000179290773,0.25641305254904606
2016-01-08,24.041667938232422,67.8085708618164,27.010000228881836,19.632000160217284,0.21246695425056897
2016-01-11,24.34000015258789,68.77621459960938,24.299999237060547,19.880000114440918,0.31702343847580977
2016-01-12,24.549999237060547,69.5577392578125,22.469999313354492,19.78400011062622,0.3871428412194669
2016-01-13,23.94499969482422,68.01327514648438,25.219999313354492,19.908500099182127,0.16062802004340876
2016-01-14,23.73666763305664,68.66454315185547,23.950000762939453,20.05850009918213,0.041627618244258605
2016-01-15,23.52166748046875,66.8316421508789,27.020000457763672,20.516500091552736,0.005628211995043809
2016-01-19,24.126667022705078,66.42227935791016,26.049999237060547,20.87200002670288,0.2998517964863561
2016-01-20,23.336666107177734,65.76168060302734,27.59000015258789,21.216499996185302,-0.042924833306910624
2016-01-21,23.003332138061523,66.58042907714844,26.690000534057617,21.61599998474121,-0.2255890588226017
2016-01-22,24.02666664123535,67.64111328125,22.34000015258789,21.90299997329712,0.2113264213696041
2016-01-25,23.34833335876465,66.74789428710938,24.149999618530273,22.33199996948242,-0.07170106513309972
2016-01-26,23.174999237060547,66.87816619873047,22.5,22.669999980926512,-0.15644707620263673
2016-01-27,22.9950008392334,65.97566986083984,23.110000610351562,22.980000019073486,-0.20848779611629434
2016-01-28,22.866666793823242,64.505615234375,22.420000076293945,23.297000026702882,-0.21694612320011225
2016-01-29,22.5049991607666,69.30653381347656,20.200000762939453,23.442500019073485,-0.5507250550776241
2016-02-01,22.905000686645508,69.20419311523438,19.979999542236328,23.53100004196167,-0.36202898930831573
2016-02-02,22.68666648864746,68.29238891601562,21.979999542236328,23.594999980926513,-0.43149171912287276
2016-02-03,22.48666763305664,69.20419311523438,21.649999618530273,23.710499954223632,-0.5556636471422208
2016-02-04,21.40999984741211,68.55294799804688,21.84000015258789,23.772999954223632,-1.0314544898976281
2016-02-05,20.621667861938477,66.56183624267578,23.3799991607666,23.692499923706055,-1.3273504452242881
2016-02-08,19.6200008392334,63.054168701171875,26.0,23.641999912261962,-1.6694378355371955
2016-02-09,19.81833267211914,63.57518005371094,26.540000915527344,23.753999996185303,-1.595690936022654
2016-02-10,19.469999313354492,65.26854705810547,26.290000915527344,23.945000076293944,-1.8156073682005986
2016-02-11,19.816667556762695,63.70546340942383,28.139999389648438,24.091000080108643,-1.6009765671065335
2016-02-12,20.395000457763672,65.51976013183594,25.399999618530273,24.163500022888183,-1.3961558836438024
2016-02-16,20.718332290649414,66.15245056152344,24.110000610351562,24.018000030517577,-1.2684201590173125
2016-02-17,20.906667709350586,67.14995574951172,22.309999465942383,23.83100004196167,-1.2158129433834106
2016-02-18,21.011667251586914,66.4134750366211,21.639999389648438,23.533500003814698,-1.141689273672747
2016-02-19,21.26333236694336,66.68380737304688,20.530000686645508,23.22550001144409,-1.0345687518126898
2016-02-22,21.635000228881836,68.11016082763672,19.3799991607666,23.07749996185303,-0.9119635746973256
2016-02-23,21.46500015258789,67.26181030273438,20.979999542236328,22.91899995803833,-0.9612527439526245
2016-02-24,22.066667556762695,66.9821548461914,20.719999313354492,22.829999923706055,-0.6730664470596158
2016-02-25,22.184999465942383,68.30593872070312,19.110000610351562,22.629999923706055,-0.6641688988367281
2016-02-26,21.79833221435547,67.8025131225586,19.809999465942383,22.499499893188478,-0.8257004149156753
2016-02-29,20.916667938232422,67.48554992675781,20.549999237060547,22.516999816894533,-1.2228139433152974
2016-03-01,21.621667861938477,69.58311462402344,17.700000762939453,22.402999877929688,-0.9691791325430448
2016-03-02,21.291667938232422,69.26616668701172,17.09000015258789,22.158499908447265,-1.1109432067341087
2016-03-03,21.411666870117188,68.90257263183594,16.700000762939453,21.910999965667724,-1.042798915166526
2016-03-04,21.481666564941406,68.89329528808594,16.860000610351562,21.66199998855591,-1.0100765152282685
2016-03-07,21.331666946411133,67.06607055664062,17.350000381469727,21.360500049591064,-1.0161857020771665
2016-03-08,21.55500030517578,65.83546447753906,18.670000076293945,20.994000053405763,-0.8701649875197046
2016-03-09,21.678333282470703,65.89140319824219,18.34000015258789,20.584000015258788,-0.8150161301027291
2016-03-10,21.941667556762695,65.46256256103516,18.049999237060547,20.17199993133545,-0.6782648384029559
2016-03-11,22.309999465942383,66.77706909179688,16.5,19.589999961853028,-0.5533277887034641
2016-03-14,21.99333381652832,66.64653015136719,16.920000076293945,19.165999984741212,-0.6953796987240182
2016-03-15,21.996667861938477,67.0380859375,16.84000015258789,18.802499961853027,-0.7074056061612705
2016-03-16,22.696666717529297,67.46690368652344,14.989999771118164,18.436499977111815,-0.3982561706849081
2016-03-17,22.696666717529297,68.18474578857422,14.4399995803833,18.07649998664856,-0.4231325816292903
2016-03-18,22.7549991607666,68.78137969970703,14.020000457763672,17.75099997520447,-0.4168081366997206
2016-03-21,22.420000076293945,68.7720718383789,13.789999961853027,17.47150001525879,-0.5715472747951047
2016-03-22,22.433332443237305,68.01696014404297,14.170000076293945,17.13100004196167,-0.5392081278937659
2016-03-23,22.13833236694336,68.90257263183594,14.9399995803833,16.84200005531311,-0.7064458021851018
2016-03-24,21.875,69.11701202392578,14.739999771118164,16.62350001335144,-0.835766257468165
2016-03-28,22.206666946411133,69.06105041503906,15.239999771118164,16.39500002861023,-0.6803075963120842
2016-03-29,22.268333435058594,70.27298736572266,13.819999694824219,16.058500051498413,-0.6937628929955557
2016-03-30,22.483333587646484,71.57813262939453,13.5600004196167,15.851500034332275,-0.6394744109705672
2016-03-31,22.229999542236328,71.29844665527344,13.949999809265137,15.694500017166138,-0.7470432888153499
2016-04-01,22.46500015258789,72.333251953125,13.100000381469727,15.514499998092651,-0.6741286766726884
2016-04-04,22.461666107177734,72.5570068359375,14.119999885559082,15.377499961853028,-0.6834260115131139
2016-04-05,22.43666648864746,71.7552719116211,15.420000076293945,15.280999946594239,-0.667213965857739
2016-04-06,22.36166763305664,72.91124725341797,14.09000015258789,15.051999950408936,-0.7419885061537851
2016-04-07,21.99333381652832,72.3239517211914,16.15999984741211,14.942999935150146,-0.8921275234503225
2016-04-08,22.09666633605957,72.74345397949219,15.359999656677246,14.808499956130982,-0.8588354061620684
2016-04-11,21.773332595825195,72.54766082763672,16.260000228881836,14.796499967575073,-1.0017124410371812
2016-04-12,21.698333740234375,73.20023345947266,14.850000381469727,14.692999982833863,-1.0590418459089763
2016-04-13,21.479999542236328,74.30962371826172,13.84000015258789,14.542999982833862,-1.1985479234071905
2016-04-14,21.406667709350586,74.88762664794922,13.720000267028809,14.479500007629394,-1.25252153940481
2016-04-15,21.38833236694336,74.65454864501953,13.619999885559082,14.438500022888183,-1.2529312700356834
2016-04-18,21.274999618530273,75.9317398071289,13.350000381469727,14.405000019073487,-1.349650161539092
2016-04-19,21.551666259765625,75.2791519165039,13.239999771118164,14.377500009536742,-1.1989738562909062
2016-04-20,21.114999771118164,75.65205383300781,13.279999732971191,14.332999992370606,-1.4140172523424055
2016-04-21,20.75666618347168,75.31645965576172,13.949999809265137,14.283500003814698,-1.5682500113924616
2016-04-22,20.498332977294922,73.75028228759766,13.220000267028809,14.20750002861023,-1.6335502311210846
2016-04-25,20.81999969482422,72.84598541259766,14.079999923706055,14.149500036239624,-1.4533218183838474
2016-04-26,20.6299991607666,73.20954895019531,13.960000038146973,14.156500053405761,-1.5538668340923103
2016-04-27,20.571666717529297,73.42398071289062,13.770000457763672,14.16700005531311,-1.5882982999773112
2016-04-28,21.30666732788086,72.41714477539062,15.220000267028809,14.230500078201294,-1.2131957678972867
2016-04-29,24.036666870117188,72.0069808959961,15.699999809265137,14.360500049591064,0.06465858110743727
2016-05-02,24.655000686645508,73.1443099975586,14.680000305175781,14.388500070571899,0.3114544973836598
2016-05-03,24.386667251586914,71.96037292480469,15.600000381469727,14.39750008583069,0.22827913103488112
2016-05-04,24.391666412353516,71.84848022460938,16.049999237060547,14.49550004005432,0.23447068065379165
2016-05-05,24.325000762939453,72.11885833740234,15.90999984741211,14.483000040054321,0.19424321791195784
2016-05-06,24.68833351135254,72.4544448852539,14.720000267028809,14.451000070571899,0.35079021290451884
2016-05-09,24.79833221435547,72.92057800292969,14.569999694824219,14.366500043869019,0.38555195389270774
2016-05-10,25.516666412353516,73.83415222167969,13.630000114440918,14.305500030517578,0.6863893454648423
2016-05-11,25.071666717529297,72.19051361083984,14.6899995803833,14.348000001907348,0.5373708099467147
2016-05-12,25.02833366394043,72.74150848388672,14.40999984741211,14.382499980926514,0.4982187378527213
2016-05-13,24.768333435058594,71.75157928466797,15.039999961853027,14.45349998474121,0.4121773464946705
2016-05-16,25.1200008392334,72.65745544433594,14.680000305175781,14.519999980926514,0.5435617171755645
2016-05-17,24.883333206176758,71.71421813964844,15.569999694824219,14.636499977111816,0.46670225002364035
2016-05-18,24.803333282470703,72.3119125366211,15.949999809265137,14.769999980926514,0.4089597648500775
2016-05-19,24.74333381652832,71.79827117919922,16.329999923706055,14.88899998664856,0.3989876419021944
2016-05-20,24.649999618530273,72.53606414794922,15.199999809265137,14.987999963760377,0.33021805794540493
2016-05-23,24.72166633605957,72.10646057128906,15.819999694824219,15.074999952316285,0.3782782432461459
2016-05-24,25.018333435058594,74.13302612304688,14.420000076293945,15.097999954223633,0.4453676572656792
2016-05-25,24.921667098999023,73.83415985107422,13.899999618530273,15.104499912261963,0.41098055797254274
2016-05-26,25.001667022705078,73.77812957763672,13.430000305175781,15.014999914169312,0.44995198013323207
2016-05-27,25.084999084472656,74.3945083618164,13.119999885559082,14.885999917984009,0.4671638011524394
2016-05-31,25.0,73.72208404541016,14.1899995803833,14.861499881744384,0.4511225881318869
2016-06-01,25.233333587646484,73.98359680175781,14.199999809265137,14.791499853134155,0.5500635966150111
2016-06-02,25.40999984741211,74.66536712646484,13.630000114440918,14.670499897003173,0.6082110979235253
2016-06-03,25.476667404174805,74.656005859375,13.470000267028809,14.548499917984008,0.6393940527635147
2016-06-06,25.726667404174805,75.21637725830078,13.649999618530273,14.494999885559082,0.735692700121547
2016-06-07,25.636667251586914,75.27237701416016,14.050000190734863,14.468999910354615,0.6920935095716142
2016-06-08,25.863332748413086,76.25299072265625,14.079999923706055,14.491499900817871,0.7630280098295512
2016-06-09,25.834999084472656,75.88876342773438,14.640000343322754,14.488999938964843,0.762535240435031
2016-06-10,25.59000015258789,74.88014221191406,17.030000686645508,14.619999980926513,0.6840852906787488
2016-06-13,25.1299991607666,73.21778869628906,20.969999313354492,14.916499948501587,0.528771629205317
2016-06-14,25.496667861938477,73.3765640258789,20.5,15.207499933242797,0.6929900358242391
2016-06-15,25.604999542236328,73.00301361083984,20.139999389648438,15.43599991798401,0.7560789153016872
2016-06-16,25.969999313354492,73.17110443115234,19.3700008392334,15.606999969482422,0.9192019978781834
2016-06-17,25.996667861938477,71.9010009765625,19.40999984741211,15.760999965667725,0.9755608372584779
2016-06-20,26.02833366394043,72.22787475585938,18.3700008392334,15.919500017166138,0.9788904249670946
2016-06-21,26.30500030517578,72.21853637695312,18.479999542236328,16.052500009536743,1.1072752831859478
2016-06-22,26.155000686645508,71.47140502929688,21.170000076293945,16.39000000953674,1.063736072663758
2016-06-23,26.23666763305664,73.0590591430664,17.25,16.557500028610228,1.046518162687251
2016-06-24,25.573333740234375,70.0892333984375,25.760000228881836,17.174000024795532,0.8423971029474977
2016-06-27,25.801666259765625,68.49226379394531,23.850000381469727,17.710500049591065,1.0034279092556706
2016-06-28,25.74333381652832,70.19195556640625,18.75,17.938500070571898,0.9175256000520179
2016-06-29,26.308332443237305,71.66754150390625,16.639999389648438,18.060500049591063,1.1279120514455176
2016-06-30,26.78499984741211,69.26737976074219,15.630000114440918,18.160500049591064,1.4317242909259569
2016-07-01,26.621667861938477,69.55693054199219,14.770000457763672,18.225500059127807,1.3460882697764538
2016-07-05,26.81833267211914,69.734375,15.579999923706055,18.322000074386597,1.4309696670413745
2016-07-06,26.876667022705078,69.16466522216797,14.960000038146973,18.367500066757202,1.4777139739141607
2016-07-07,26.85333251953125,69.58494567871094,14.760000228881836,18.401500082015993,1.45234850485236
2016-07-08,26.916667938232422,71.3686752319336,13.199999809265137,18.32950005531311,1.4198505607970062
2016-07-11,26.833332061767578,71.4620590209961,13.539999961853027,18.155000019073487,1.3780405546056618
2016-07-12,26.79833221435547,72.35859680175781,13.550000190734863,17.784000062942503,1.3307710968313569
2016-07-13,26.963333129882812,72.33995056152344,13.039999961853027,17.411000061035157,1.4077915757416137
2016-07-14,27.018333435058594,72.97499084472656,12.819999694824219,17.045000076293945,1.411242716214071
2016-07-15,26.933332443237305,73.12439727783203,12.670000076293945,16.710000038146973,1.3667205417870785
2016-07-18,25.92333221435547,73.13375854492188,12.4399995803833,16.361500024795532,0.8988953048651898
2016-07-19,26.22833251953125,73.51667785644531,11.970000267028809,16.0414999961853,1.0268015550188199
2016-07-20,26.351667404174805,74.11434173583984,11.770000457763672,15.70600004196167,1.0631781171424746
2016-07-21,26.343332290649414,73.58201599121094,12.739999771118164,15.284500026702881,1.07776747324959
2016-07-22,26.76333236694336,74.62801361083984,12.020000457763672,15.023000049591065,1.235925294916954
2016-07-25,26.678333282470703,73.72208404541016,12.869999885559082,14.378500032424927,1.2279760738759498
2016-07-26,26.43666648864746,73.30184936523438,13.050000190734863,13.838500022888184,1.130678275826348
2016-07-27,26.251667022705078,73.33918762207031,12.829999923706055,13.542500019073486,1.0437532666224354
2016-07-28,26.573333740234375,73.95558166503906,12.720000267028809,13.346500062942505,1.1712829980107977
2016-07-29,26.77166748046875,72.89094543457031,11.869999885559082,13.158500051498413,1.2999804981212375
2016-08-01,26.84666633605957,73.08705139160156,12.4399995803833,13.042000007629394,1.3278994277979388
2016-08-02,26.549999237060547,73.10572814941406,13.369999885559082,12.931500005722047,1.1899333014368534
2016-08-03,26.295000076293945,73.50730895996094,12.859999656677246,12.82649998664856,1.057984774251149
2016-08-04,26.43166732788086,74.22640991210938,12.420000076293945,12.709499979019165,1.0963241828604606
2016-08-05,27.086666107177734,74.84278869628906,11.390000343322754,12.619000005722047,1.3781445216483967
2016-08-08,26.49333381652832,74.66536712646484,11.5,12.517000007629395,1.1096560605676302
2016-08-09,26.520000457763672,74.76807403564453,11.65999984741211,12.422499990463256,1.118440052480612
2016-08-10,26.816667556762695,74.4132080078125,12.050000190734863,12.373000001907348,1.2680566273347658
2016-08-11,26.95166778564453,74.82410430908203,11.680000305175781,12.316000032424927,1.316305075195297
2016-08-12,26.863332748413086,74.73072052001953,11.550000190734863,12.260000038146973,1.278653421954193
2016-08-15,26.905000686645508,75.56189727783203,11.8100004196167,12.228500080108642,1.269136384759242
2016-08-16,26.60333251953125,75.4684829711914,12.640000343322754,12.26200008392334,1.1327398562593187
2016-08-17,26.61833381652832,75.6275405883789,12.1899995803833,12.283000040054322,1.1341714851073963
2016-08-18,26.738332748413086,75.09426879882812,11.430000305175781,12.217500066757202,1.2081958623322095
2016-08-19,26.575000762939453,75.2813949584961,11.34000015258789,12.183500051498413,1.1261093083566422
2016-08-22,26.52833366394043,75.8333511352539,12.270000457763672,12.153500080108643,1.0853806865554252
2016-08-23,26.229999542236328,75.59013366699219,12.380000114440918,12.120000076293945,0.9557187379374955
2016-08-24,26.15333366394043,75.11302947998047,13.449999809265137,12.1510000705719,0.936766024425071
2016-08-25,26.24333381652832,75.14108276367188,13.630000114440918,12.196500062942505,0.9774524045574806
2016-08-26,26.17333221435547,75.37496948242188,13.649999618530273,12.285500049591064,0.936945411250655
2016-08-29,25.989999771118164,75.65559387207031,12.9399995803833,12.310500049591065,0.8423610772225607
2016-08-30,25.635000228881836,75.93622589111328,13.119999885559082,12.298000049591064,0.6683165850862369
2016-08-31,25.648332595825195,75.68367767333984,13.420000076293945,12.326000070571899,0.6832396797208018
2016-09-01,25.72166633605957,76.0578842163086,13.479999542236328,12.379000043869018,0.7042158993182709
2016-09-02,25.641666412353516,76.71275329589844,11.979999542236328,12.408500003814698,0.6444920579434804
2016-09-06,25.645000457763672,77.20857238769531,12.020000457763672,12.434500026702882,0.6288529647781843
2016-09-07,25.36166763305664,77.87277221679688,11.9399995803833,12.44850001335144,0.47468866470113924
2016-09-08,25.35333251953125,77.62020874023438,12.510000228881836,12.471500015258789,0.4795830180670243
2016-09-09,24.59166717529297,76.0859603881836,17.5,12.7625,0.18019796219792375
2016-09-12,24.71666717529297,77.62020874023438,15.15999984741211,12.942999982833863,0.18488845585477418
2016-09-13,23.98666763305664,76.60985565185547,17.850000381469727,13.244999980926513,-0.11799468011201696
2016-09-14,23.816667556762695,76.23564147949219,18.139999389648438,13.519999933242797,-0.18371477577262957
2016-09-15,24.391666412353516,76.72208404541016,16.299999237060547,13.72549991607666,0.06557870415924802
2016-09-16,24.385000228881836,76.77824401855469,15.369999885559082,13.922499895095825,0.06054692245302479
2016-09-19,24.573333740234375,77.18986511230469,15.529999732971191,14.13199987411499,0.13345673624823584
2016-09-20,24.516666412353516,77.16179656982422,15.920000076293945,14.314499855041504,0.10819971619034101
2016-09-21,24.516666412353516,77.85408782958984,13.300000190734863,14.360499858856201,0.08420875519497151
2016-09-22,24.823333740234375,77.98503875732422,12.020000457763672,14.288999891281128,0.22161844492880092
2016-09-23,24.746667861938477,77.21792602539062,12.289999961853027,14.221999883651733,0.21271581307116894
2016-09-26,24.600000381469727,76.53500366210938,14.5,14.26449990272522,0.16849383002363955
2016-09-27,24.626667022705078,76.86244201660156,13.100000381469727,14.272499942779541,0.16948988114888117
2016-09-28,24.47166633605957,77.62020874023438,12.390000343322754,14.235999965667725,0.07148442701462708
2016-09-29,24.22833251953125,76.6379165649414,14.020000457763672,14.26599998474121,-0.007107205431550195
2016-09-30,24.468332290649414,77.36759185791016,13.289999961853027,14.256500005722046,0.07869548553534153
2016-10-03,24.29833221435547,77.51726531982422,13.569999694824219,14.336000013351441,-0.005179638984306264
2016-10-04,24.21666717529297,77.39569854736328,13.630000114440918,14.416499996185303,-0.03876727151598498
2016-10-05,24.206666946411133,77.9757080078125,12.989999771118164,14.469000005722046,-0.0634959963918379
2016-10-06,24.456666946411133,77.98503875732422,12.84000015258789,14.485500001907349,0.051898652165793736
2016-10-07,24.30666732788086,77.5359878540039,13.479999542236328,14.284499979019165,-0.0019703671076542325
2016-10-10,24.3700008392334,77.76054382324219,13.380000114440918,14.195499992370605,0.019563082294093495
2016-10-11,23.85333251953125,76.75017547607422,15.359999656677246,14.070999956130981,-0.18457447491811566
2016-10-12,24.19333267211914,76.94664001464844,15.90999984741211,13.959499979019165,-0.03400629092406813
2016-10-13,24.329999923706055,76.59115600585938,16.690000534057617,13.979000043869018,0.04157225008854468
2016-10-14,24.18000030517578,77.13373565673828,16.1200008392334,14.016500091552734,-0.046661163667744116
2016-10-17,24.049999237060547,76.85308074951172,16.209999084472656,14.050500059127808,-0.09710908162624916
2016-10-18,24.453332901000977,76.31983184814453,15.279999732971191,14.01850004196167,0.10806221695996635
2016-10-19,24.581666946411133,77.47052001953125,14.40999984741211,14.074000024795533,0.12758800742560147
2016-10-20,24.434999465942383,77.18051147460938,13.75,14.160500001907348,0.06974981883188104
2016-10-21,24.543333053588867,77.04019165039062,13.34000015258789,14.213000011444091,0.12475710731232524
2016-10-24,25.020000457763672,77.80732727050781,13.020000457763672,14.139000034332275,0.3188084529040547
2016-10-25,24.968332290649414,76.74082946777344,13.460000038146973,14.157000017166137,0.33185158149703514
2016-10-26,24.350000381469727,76.4788589477539,14.239999771118164,14.249499988555907,0.054721492868561955
2016-10-27,23.883333206176758,76.6379165649414,15.359999656677246,14.316499948501587,-0.16679772814119798
2016-10-28,23.98666763305664,76.91854858398438,16.190000534057617,14.461499977111817,-0.12869225860919134
2016-10-31,24.05666732788086,77.18986511230469,17.059999465942383,14.635999965667725,-0.1056936801773017
2016-11-01,23.93833351135254,76.35723114013672,18.559999465942383,14.882499933242798,-0.13161263258354977
2016-11-02,24.04833221435547,75.38430786132812,19.31999969482422,15.198999929428101,-0.046981208292003515
2016-11-03,23.36833381652832,75.44979095458984,22.079999923706055,15.66099991798401,-0.36400270721294614
2016-11-04,22.538333892822266,75.178466796875,22.510000228881836,16.112499952316284,-0.7387838483820314
2016-11-07,22.690000534057617,77.18986511230469,18.709999084472656,16.37899990081787,-0.7382854745015505
2016-11-08,22.666667938232422,77.5359878540039,18.739999771118164,16.547999906539918,-0.761080167153441
2016-11-09,22.09833335876465,77.87277221679688,14.380000114440918,16.471499919891357,-1.035817402603797
2016-11-10,21.165000915527344,76.59115600585938,14.739999771118164,16.373999881744385,-1.4234171757664795
2016-11-11,20.959999084472656,76.6004867553711,14.170000076293945,16.276499843597414,-1.518630135463161
2016-11-14,20.434999465942383,73.32615661621094,14.479999542236328,16.189999866485596,-1.6481677056747286
2016-11-15,20.809999465942383,73.50391387939453,13.369999885559082,16.09449987411499,-1.4807507822352963
2016-11-16,21.030000686645508,75.07417297363281,13.720000267028809,16.059999895095824,-1.433334815248946
2016-11-17,20.985000610351562,76.0023193359375,13.350000381469727,16.03999991416931,-1.4863284764493874
2016-11-18,20.84000015258789,75.76795959472656,12.850000381469727,16.015499925613405,-1.5453235246400474
2016-11-21,21.795000076293945,76.58355712890625,12.420000076293945,15.985499906539918,-1.1315448684691993
2016-11-22,22.6299991607666,74.93360137939453,12.40999984741211,15.932999897003175,-0.6878688901601345
2016-11-23,22.3700008392334,74.5960693359375,12.430000305175781,15.842499923706054,-0.7965178521057407
2016-11-25,22.424999237060547,75.12108612060547,12.34000015258789,15.691499948501587,-0.7892547925462875
2016-11-28,22.645000457763672,74.13671875,13.149999618530273,15.53949990272522,-0.653309694199024
2016-11-29,22.639999389648438,74.20233154296875,12.899999618530273,15.331499910354614,-0.6578983227375091
2016-11-30,22.375,72.48673248291016,13.329999923706055,15.069999933242798,-0.72110600815978
2016-12-01,21.81999969482422,70.71488189697266,14.069999694824219,14.807499933242799,-0.9165976330787836
2016-12-02,22.219999313354492,70.98674774169922,14.119999885559082,14.40949993133545,-0.7408703656945443
2016-12-05,22.44499969482422,72.47736358642578,12.140000343322754,13.890999937057495,-0.6883804355134351
2016-12-06,22.184999465942383,72.28987121582031,11.789999961853027,13.544999980926514,-0.8022298200895804
2016-12-07,22.235000610351562,74.35234069824219,12.220000267028809,13.219000005722046,-0.8505594005434106
2016-12-08,21.524999618530273,74.32421875,12.640000343322754,13.132000017166138,-1.1782244305703673
2016-12-09,22.020000457763672,74.1929702758789,11.75,12.982500028610229,-0.9445540599027996
2016-12-12,22.135000228881836,73.59296417236328,12.640000343322754,12.90600004196167,-0.8705310144240233
2016-12-13,22.5,74.24919891357422,12.720000267028809,12.818000078201294,-0.7243242825903711
2016-12-14,22.010000228881836,74.18358612060547,13.1899995803833,12.809000062942506,-0.9488576832823417
2016-12-15,22.145000457763672,74.53044891357422,12.789999961853027,12.762500047683716,-0.8983901905062919
2016-12-16,22.25,73.45236206054688,12.199999809265137,12.705000019073486,-0.8124283537406615
2016-12-19,21.934999465942383,73.21798706054688,11.710000038146973,12.648000001907349,-0.9501111487263827
2016-12-20,21.770000457763672,73.46170806884766,11.449999809265137,12.599499988555909,-1.034930583221432
2016-12-21,22.684999465942383,73.25550079345703,11.270000457763672,12.542500019073486,-0.6042571646946859
2016-12-22,22.649999618530273,73.03047180175781,11.430000305175781,12.492500019073486,-0.6126593620316406
2016-12-23,22.78499984741211,73.26486206054688,11.4399995803833,12.447499990463257,-0.5582941973689488
2016-12-27,22.764999389648438,73.45236206054688,11.989999771118164,12.389499998092651,-0.5740495554512715
2016-12-28,22.454999923706055,73.40547180175781,12.949999809265137,12.392000007629395,-0.7159146734089796
2016-12-29,22.514999389648438,73.43360137939453,13.369999885559082,12.394000005722045,-0.6891174150757939
2016-12-30,22.170000076293945,73.14300537109375,14.039999961853027,12.392500019073486,-0.8387374979204146
2017-01-03,22.770000457763672,74.53044891357422,12.850000381469727,12.32900004386902,-0.6090951895305159
2017-01-04,23.010000228881836,75.13983154296875,11.850000381469727,12.314500045776366,-0.5191238245277626
2017-01-05,23.094999313354492,76.02104949951172,11.670000076293945,12.308500051498413,-0.5103182366952231
2017-01-06,22.809999465942383,77.0710678100586,11.319999694824219,12.263500022888184,-0.678624475577756
2017-01-09,22.200000762939453,76.6397933959961,11.5600004196167,12.20950002670288,-0.946030225951236
2017-01-10,21.75,76.22732543945312,11.489999771118164,12.196500015258788,-1.1400291366816941
2017-01-11,21.9950008392334,76.68667602539062,11.260000228881836,12.127500009536742,-1.042543641890578
2017-01-12,21.55500030517578,76.2835922241211,11.539999961853027,12.068499994277953,-1.2322389292414941
2017-01-13,22.2549991607666,76.09603118896484,11.229999542236328,11.970499992370605,-0.9017292365597552
2017-01-17,21.969999313354492,76.18045806884766,11.869999885559082,11.924499988555908,-1.036573452018264
2017-01-18,21.729999542236328,76.48980712890625,12.479999542236328,11.938499975204468,-1.1583829426884436
2017-01-19,21.674999237060547,76.62104797363281,12.779999732971191,11.991999959945678,-1.1883891210764046
2017-01-20,21.7549991607666,76.7242202758789,11.539999961853027,11.996499967575073,-1.1549347738891604
2017-01-23,21.760000228881836,77.01482391357422,11.770000457763672,12.021499967575073,-1.1626906237380863
2017-01-24,21.854999542236328,78.02730560302734,11.069999694824219,12.003499937057494,-1.1538050801687314
2017-01-25,21.565000534057617,78.6554183959961,10.8100004196167,11.971999979019165,-1.3098043941605637
2017-01-26,21.334999084472656,78.03665924072266,10.630000114440918,11.903999996185302,-1.3948228778762655
2017-01-27,21.149999618530273,78.53355407714844,10.579999923706055,11.785500001907348,-1.4976735597224082
2017-01-30,21.21500015258789,78.46790313720703,11.880000114440918,11.711000013351441,-1.4653115363288614
2017-01-31,21.299999237060547,77.53978729248047,11.989999771118164,11.608500003814697,-1.393804511721638
2017-02-01,20.90999984741211,77.28665924072266,11.8100004196167,11.556500005722047,-1.5655523007360366
2017-02-02,20.905000686645508,77.15542602539062,11.930000305175781,11.560500001907348,-1.5633184596337717
2017-02-03,21.31999969482422,80.69912719726562,10.970000267028809,11.525500011444091,-1.4940319924817835
2017-02-06,21.364999771118164,80.46479034423828,11.369999885559082,11.528000020980835,-1.4650819063525107
2017-02-07,21.540000915527344,80.41789245605469,11.289999961853027,11.514499998092651,-1.3824535566460259
2017-02-08,21.834999084472656,79.77102661132812,11.449999809265137,11.5125,-1.2234903947305829
2017-02-09,21.889999389648438,80.23040008544922,10.880000114440918,11.493499994277954,-1.2139516206134437
2017-02-10,22.0049991607666,80.53040313720703,10.850000381469727,11.45900001525879,-1.1711178819980097
2017-02-13,21.709999084472656,81.0366439819336,11.069999694824219,11.451000022888184,-1.3252086471478983
2017-02-14,21.690000534057617,81.4209976196289,10.739999771118164,11.394500017166138,-1.347784973546754
2017-02-15,21.674999237060547,82.22408294677734,11.970000267028809,11.369000053405761,-1.382559120480858
2017-02-16,21.725000381469727,82.10200500488281,11.760000228881836,11.318000078201294,-1.3551844488442424
2017-02-17,21.815000534057617,82.14896392822266,11.489999771118164,11.315500068664551,-1.3151532329320947
2017-02-21,21.9950008392334,82.58100891113281,11.569999694824219,11.305500030517578,-1.2468084052554032
2017-02-22,21.969999313354492,82.46832275390625,11.739999771118164,11.339000034332276,-1.2544758367088777
2017-02-23,21.954999923706055,82.82524108886719,11.710000038146973,11.384000015258788,-1.2737874367004034
2017-02-24,21.774999618530273,83.06005096435547,11.470000267028809,11.426000022888184,-1.3652417413085611
2017-02-27,21.045000076293945,82.65616607666016,12.09000015258789,11.501500034332276,-1.6891416888301578
2017-02-28,20.719999313354492,82.59979248046875,12.920000076293945,11.553500032424926,-1.8376218474754202
2017-03-01,21.0049991607666,83.5860366821289,12.539999961853027,11.58100004196167,-1.7398811311494344
2017-03-02,23.684999465942383,83.15397644042969,11.8100004196167,11.58100004196167,-0.48441122306164397
2017-03-03,24.020000457763672,83.398193359375,10.960000038146973,11.53250002861023,-0.33781184227821803
2017-03-06,23.489999771118164,83.53907012939453,11.239999771118164,11.546000003814697,-0.5880163255057345
2017-03-07,23.350000381469727,83.65178680419922,11.449999809265137,11.55,-0.6567242556512003
2017-03-08,23.684999465942383,83.55784606933594,11.859999656677246,11.57849998474121,-0.49840709600908617
2017-03-09,23.5049991607666,83.69876098632812,12.300000190734863,11.621000003814697,-0.5866075240802144
2017-03-10,23.40999984741211,84.2811050415039,11.65999984741211,11.659999990463257,-0.6507608493730521
2017-03-13,23.21500015258789,84.63802337646484,11.350000381469727,11.684999990463258,-0.7533895509029267
2017-03-14,23.135000228881836,84.11205291748047,12.300000190734863,11.746500015258789,-0.7721920677454457
2017-03-15,23.545000076293945,84.45956420898438,11.630000114440918,11.791000032424927,-0.5944574244606696
2017-03-16,23.440000534057617,84.57229614257812,11.210000038146973,11.753000020980835,-0.6469654339648373
2017-03-17,23.235000610351562,84.76013946533203,11.279999732971191,11.728999996185303,-0.748363762791003
2017-03-20,23.399999618530273,83.76448059082031,11.34000015258789,11.721500015258789,-0.6374863479809705
2017-03-21,23.344999313354492,82.71251678466797,12.470000267028809,11.76650004386902,-0.626489240211044
2017-03-22,23.565000534057617,83.14456176757812,12.8100004196167,11.820000076293946,-0.5396291086999302
2017-03-23,23.280000686645508,83.46395111083984,13.119999885559082,11.89050006866455,-0.6826158150750615
2017-03-24,23.469999313354492,83.7739028930664,12.960000038146973,11.96500005722046,-0.6054119736697761
2017-03-27,23.450000762939453,83.54846954345703,12.5,11.985500049591064,-0.6068564778456239
2017-03-28,23.4950008392334,83.70814514160156,11.529999732971191,11.916000032424927,-0.5915606697596049
2017-03-29,23.614999771118164,83.76448059082031,11.420000076293945,11.860000038146973,-0.5379687970166412
2017-03-30,23.1299991607666,83.6048355102539,11.539999961853027,11.846500015258789,-0.7569295905592872
2017-03-31,23.084999084472656,83.47333526611328,12.369999885559082,11.917000007629394,-0.7732017995595222
2017-04-03,22.8799991607666,83.93358612060547,12.380000114440918,11.974000024795533,-0.8840402569104803
2017-04-04,23.010000228881836,83.38880157470703,11.789999961853027,11.991000032424926,-0.8049872028266603
2017-04-05,22.96500015258789,83.62360382080078,12.890000343322754,12.042500066757203,-0.8339534168887162
2017-04-06,22.875,83.67996978759766,12.390000343322754,12.047000074386597,-0.8775652982710016
2017-04-07,22.924999237060547,83.35123443603516,12.869999885559082,12.107500076293945,-0.8430299141600515
2017-04-10,22.90999984741211,83.46395111083984,14.050000190734863,12.242500066757202,-0.8538788441103639
2017-04-11,22.68000030517578,83.45455169677734,15.069999694824219,12.38100004196167,-0.9600134612197156
2017-04-12,22.700000762939453,83.29487609863281,15.770000457763672,12.588000059127808,-0.9452223420039357
2017-04-13,22.450000762939453,83.47333526611328,15.960000038146973,12.825500059127808,-1.0671247436356248
2017-04-17,22.5049991607666,84.35624694824219,14.65999984741211,12.994500064849854,-1.0722643287785385
2017-04-18,22.655000686645508,84.2811050415039,14.420000076293945,13.148500061035156,-1.0002288220941467
2017-04-19,22.549999237060547,84.29991149902344,14.930000305175781,13.271500062942504,-1.0494827803502025
2017-04-20,22.8700008392334,85.61486053466797,14.149999618530273,13.338500022888184,-0.9469318113467946
2017-04-21,22.69499969482422,85.61486053466797,14.630000114440918,13.414000034332275,-1.0279349413349794
2017-04-24,22.735000610351562,86.27235412597656,10.84000015258789,13.30800004005432,-1.032204705029978
2017-04-25,22.684999465942383,86.51656341552734,10.760000228881836,13.221000051498413,-1.0638117692565632
2017-04-26,22.55500030517578,86.24417877197266,10.850000381469727,13.18700008392334,-1.114545405654112
2017-04-27,22.645000457763672,86.03755950927734,10.359999656677246,13.134000062942505,-1.0657265815140247
2017-04-28,22.690000534057617,85.68061065673828,10.819999694824219,13.098000049591064,-1.032527446077318
2017-05-01,22.280000686645508,85.71819305419922,10.109999656677246,12.985000038146973,-1.223607292759067
2017-05-02,22.34000015258789,86.92046356201172,10.59000015258789,12.895500040054321,-1.2374992224830157
2017-05-03,22.46500015258789,86.8265380859375,10.680000305175781,12.84000005722046,-1.1763852881814694
2017-05-04,22.96500015258789,86.99559783935547,10.460000038146973,12.71850004196167,-0.9508079572784804
2017-05-05,23.725000381469727,86.49778747558594,10.569999694824219,12.627500009536742,-0.5817737943104287
2017-05-08,24.239999771118164,86.3381118774414,9.770000457763672,12.472500038146972,-0.33786152872247077
2017-05-09,23.9950008392334,86.41325378417969,9.960000038146973,12.268000030517578,-0.45386867486791904
2017-05-10,23.924999237060547,86.64807891845703,10.210000038146973,12.025000047683715,-0.49440818843265216
2017-05-11,23.940000534057617,86.50718688964844,10.600000381469727,11.76650004386902,-0.48258197470984454
2017-05-12,23.809999465942383,87.09891510009766,10.399999618530273,11.488500022888184,-0.5632618348660099
2017-05-15,23.729999542236328,87.56857299804688,10.420000076293945,11.276500034332276,-0.6165672877778994
2017-05-16,23.405000686645508,87.49343872070312,10.649999618530273,11.088000011444091,-0.7643964227990929
2017-05-17,23.399999618530273,86.34076690673828,15.59000015258789,11.121000003814697,-0.72676608919714
2017-05-18,23.405000686645508,86.29373931884766,14.65999984741211,11.14650001525879,-0.7228215204006062
2017-05-19,23.844999313354492,87.01825714111328,12.039999961853027,11.017000007629395,-0.544266229614118
2017-05-22,24.170000076293945,87.7992172241211,10.930000305175781,11.02150001525879,-0.42089620474242045
2017-05-23,24.71500015258789,88.3167495727539,10.720000267028809,11.019500017166138,-0.18656571861644367
2017-05-24,24.94499969482422,89.21064758300781,10.020000457763672,10.978000020980835,-0.11108289874178452
2017-05-25,25.3799991607666,89.42707061767578,9.989999771118164,10.95950002670288,0.08276615720832248
2017-05-26,25.450000762939453,89.07892608642578,9.8100004196167,10.909000062942505,0.12723269020951283
2017-05-30,25.354999542236328,89.12593078613281,10.380000114440918,10.922500085830688,0.08163036382082595
2017-05-31,25.280000686645508,89.60585021972656,10.40999984741211,10.9135000705719,0.030284157619134257
2017-06-01,25.485000610351562,89.76579284667969,9.890000343322754,10.874000072479248,0.1196301615943641
2017-06-02,25.635000228881836,90.47151184082031,9.75,10.8385000705719,0.1646044937418877
2017-06-05,25.55500030517578,90.84789276123047,10.069999694824219,10.8135000705719,0.11453150158743
2017-06-06,25.375,90.13273620605469,10.449999809265137,10.847500038146972,0.055997744889537536
2017-06-07,25.424999237060547,90.41506958007812,10.390000343322754,10.869000053405761,0.06935688886424085
2017-06-08,25.239999771118164,90.41506958007812,10.15999984741211,10.866500043869019,-0.01627418422427062
2017-06-09,25.024999618530273,88.97540283203125,10.699999809265137,10.871500015258789,-0.06590090049798705
2017-06-12,25.31999969482422,87.97797393798828,11.460000038146973,10.924500036239625,0.10521170793868659
2017-06-13,25.274999618530273,89.46469116210938,10.420000076293945,10.924500036239625,0.03286109029837287
2017-06-14,25.375,89.69051361083984,10.640000343322754,10.924000072479249,0.07132271813369295
2017-06-15,25.649999618530273,88.6084213256836,10.899999618530273,10.689500045776366,0.23611163645793176
2017-06-16,25.155000686645508,88.6084213256836,10.380000114440918,10.475500059127807,0.006990490085753625
2017-06-19,25.43000030517578,89.19182586669922,10.369999885559082,10.39200005531311,0.11406256043458149
2017-06-20,25.415000915527344,88.80603790283203,10.859999656677246,10.388500022888184,0.12048902602578836
2017-06-21,25.594999313354492,88.95658874511719,10.75,10.390000009536744,0.198587990646769
2017-06-22,25.424999237060547,88.40142822265625,10.479999542236328,10.412999963760376,0.13913848813060387
2017-06-23,25.9950008392334,89.93516540527344,10.020000457763672,10.414499998092651,0.3498254783699898
2017-06-26,25.760000228881836,89.59642791748047,9.899999618530273,10.41899995803833,0.2527890310233109
2017-06-27,25.149999618530273,89.29531860351562,11.0600004196167,10.45299997329712,-0.01912839993317965
2017-06-28,25.524999618530273,90.54678344726562,10.029999732971191,10.433999967575073,0.11107979622213002
2017-06-29,24.954999923706055,88.84367370605469,11.4399995803833,10.511499929428101,-0.09373680119537554
2017-06-30,24.84000015258789,88.24146270751953,11.180000305175781,10.58299994468689,-0.1260976948032322
2017-07-03,24.860000610351562,87.83686828613281,11.220000267028809,10.64049997329712,-0.10281905266621263
2017-07-05,24.7549991607666,88.45787811279297,11.069999694824219,10.671499967575073,-0.17294202715861806
2017-07-06,25.165000915527344,87.7427749633789,12.539999961853027,10.778999948501587,0.04161779980517694
2017-07-07,25.350000381469727,88.37320709228516,11.1899995803833,10.830499935150147,0.10540160499673791
2017-07-10,25.2549991607666,89.47409057617188,11.109999656677246,10.850999927520752,0.02327770701741591
2017-07-11,24.989999771118164,89.77520751953125,10.890000343322754,10.82249994277954,-0.10981812778451969
2017-07-12,25.209999084472656,90.49974822998047,10.300000190734863,10.816499948501587,-0.033095152689546686
2017-07-13,25.405000686645508,90.27388000488281,9.899999618530273,10.779499912261963,0.06499296446235532
2017-07-14,25.834999084472656,91.2054443359375,9.510000228881836,10.709999942779541,0.2317443499482452
2017-07-17,25.770000457763672,91.11137390136719,9.819999694824219,10.681999921798706,0.20491826306559083
2017-07-18,25.920000076293945,91.8170394897461,9.890000343322754,10.657999944686889,0.24989444595949953
2017-07-19,26.114999771118164,92.44747161865234,9.789999961853027,10.604499959945679,0.31830707710966644
2017-07-20,26.184999465942383,92.31575775146484,9.579999923706055,10.54599995613098,0.35527244533152114
2017-07-21,26.290000915527344,93.71774291992188,9.359999656677246,10.489999961853027,0.35528967554786217
2017-07-24,26.364999771118164,94.44229125976562,9.430000305175781,10.460499954223632,0.3648957341381283
2017-07-25,26.69499969482422,94.084716796875,9.430000305175781,10.436999988555907,0.5300349995630631
2017-07-26,26.78499984741211,94.89392852783203,9.600000381469727,10.36399998664856,0.5436507767155991
2017-07-27,27.014999389648438,93.68953704833984,10.109999656677246,10.367999982833862,0.6918486288767172
2017-07-28,26.704999923706055,93.29434967041016,10.289999961853027,10.310500001907348,0.5620535500567716
2017-07-31,26.375,93.68009948730469,10.260000228881836,10.264499998092651,0.3959378837176209
2017-08-01,26.559999465942383,94.91277313232422,10.09000015258789,10.207999992370606,0.43885135071112685
2017-08-02,26.520000457763672,95.29854583740234,10.279999732971191,10.168499994277955,0.4069681954196876
2017-08-03,26.56999969482422,94.64928436279297,10.4399995803833,10.063499975204468,0.4526112305482443
2017-08-04,26.354999542236328,94.93156433105469,10.029999732971191,10.005499982833863,0.3433114273702531
2017-08-07,26.434999465942383,95.49613952636719,9.930000305175781,9.946500015258788,0.3607761189688162
2017-08-08,26.315000534057617,95.29854583740234,10.960000038146973,9.95,0.3120794704139642
2017-08-09,26.014999389648438,95.0068359375,11.109999656677246,9.99049997329712,0.18332638137739524
2017-08-10,26.260000228881836,93.6142349243164,16.040000915527344,10.297500038146973,0.3449902085583585
2017-08-11,26.90999984741211,94.17878723144531,15.510000228881836,10.597500038146972,0.6262925929665273
2017-08-14,26.975000381469727,95.85367584228516,12.329999923706055,10.723000049591064,0.5983372053215066
2017-08-15,27.0049991607666,96.56880187988281,12.039999961853027,10.830500030517578,0.5874405130679534
2017-08-16,27.155000686645508,97.37458801269531,11.739999771118164,10.928000020980836,0.6289479581330999
2017-08-17,26.854999542236328,96.28137969970703,15.550000190734863,11.226500034332275,0.527970342056718
2017-08-18,27.024999618530273,96.6112289428711,14.260000228881836,11.471500062942505,0.5952278791785163
2017-08-21,27.18000030517578,97.28034973144531,13.1899995803833,11.659500026702881,0.6437853557928354
2017-08-22,27.690000534057617,98.08145141601562,11.350000381469727,11.755500030517577,0.8520884579735902
2017-08-23,27.579999923706055,97.24267578125,12.25,11.888000011444092,0.830239549224066
2017-08-24,27.489999771118164,97.28034973144531,12.229999542236328,11.994000005722047,0.787275429076502
2017-08-25,27.610000610351562,97.40287017822266,11.279999732971191,12.043499994277955,0.8385745811221476
2017-08-28,27.579999923706055,97.8081283569336,11.319999694824219,12.096499967575074,0.8106441108928815
2017-08-29,27.684999465942383,97.79872131347656,11.699999809265137,12.176999950408936,0.8595714549269113
2017-08-30,27.975000381469727,97.76101684570312,11.220000267028809,12.223999977111816,0.9951113860993976
2017-08-31,27.90999984741211,97.56309509277344,10.59000015258789,12.231500005722046,0.9718833249001098
2017-09-01,28.040000915527344,97.92121887207031,10.130000114440918,12.236500024795532,1.0196466030311206
2017-09-05,28.174999237060547,97.08246612548828,12.229999542236328,12.351499986648559,1.1112000470864414
2017-09-06,28.165000915527344,97.24267578125,11.630000114440918,12.384999990463257,1.1010201292236974
2017-09-07,28.18000030517578,98.54325103759766,11.550000190734863,12.407000017166137,1.0628922288052072
2017-09-08,28.15999984741211,98.42074584960938,12.119999885559082,12.210999965667725,1.0578799247026605
2017-09-11,28.329999923706055,100.04176330566406,10.729999542236328,11.97199993133545,1.0803927596532859
2017-09-12,28.040000915527344,100.09831237792969,10.579999923706055,11.88449993133545,0.9442006622575417
2017-09-13,28.190000534057617,99.74018859863281,10.5,11.807499933242799,1.026041862392659
2017-09-14,28.290000915527344,99.97579193115234,10.4399995803833,11.742499923706054,1.064164539247197
2017-09-15,28.09000015258789,99.24068450927734,10.170000076293945,11.47349991798401,0.9970645166030307
2017-09-18,28.334999084472656,98.79772186279297,10.149999618530273,11.26799988746643,1.1258182818861007
2017-09-19,28.1299991607666,99.34432220458984,10.180000305175781,11.117499923706054,1.0119874320230682
2017-09-20,27.975000381469727,98.9296646118164,9.779999732971191,11.038999891281128,0.9546125605275694
2017-09-21,27.78499984741211,99.2500991821289,9.670000076293945,10.909999895095826,0.8555621547210994
2017-09-22,27.905000686645508,99.48570251464844,9.59000015258789,10.777999925613404,0.9029424834928491
2017-09-25,27.584999084472656,97.09188079833984,10.210000038146973,10.724499940872192,0.8377792353882203
2017-09-26,27.600000381469727,97.01644134521484,10.170000076293945,10.666999959945679,0.8473372272201373
2017-09-27,27.440000534057617,97.91181182861328,9.869999885559082,10.575499963760375,0.7422492212788063
2017-09-28,27.739999771118164,98.56208038330078,9.550000190734863,10.491999959945678,0.8585757806210884
2017-09-29,27.625,99.18411254882812,9.510000228881836,10.437999963760376,0.7837894344547014
2017-10-02,27.56999969482422,99.37263488769531,9.449999809265137,10.403999948501587,0.7517981983727441
2017-10-03,27.635000228881836,99.51394653320312,9.510000228881836,10.267999982833862,0.7769880507400463
2017-10-04,27.610000610351562,99.2500991821289,9.630000114440918,10.167999982833862,0.7745599075911939
2017-10-05,27.700000762939453,100.12657165527344,9.1899995803833,10.049999952316284,0.7858448018680938
2017-10-06,27.684999465942383,100.58836364746094,9.649999618530273,9.926499938964843,0.7628979819029889
2017-10-09,27.69499969482422,100.85226440429688,10.329999923706055,9.90649995803833,0.7583814767966853
2017-10-10,27.68000030517578,101.1349868774414,10.079999923706055,9.88149995803833,0.7416410923184937
2017-10-11,27.850000381469727,102.19998168945312,9.850000381469727,9.848999977111816,0.7834225766671961
2017-10-12,27.979999542236328,101.88897705078125,9.90999984741211,9.822499990463257,0.8543732377889213
2017-10-13,27.915000915527344,102.4073257446289,9.609999656677246,9.794499969482422,0.8063241133257162
2017-10-16,28.110000610351562,102.06803894042969,9.90999984741211,9.782499980926513,0.9083418041562265
2017-10-17,28.260000228881836,101.35176849365234,10.3100004196167,9.788999986648559,1.002594373940955
2017-10-18,28.145000457763672,101.5968017578125,10.069999694824219,9.803499984741212,0.9408727108980544
2017-10-19,27.9950008392334,100.8616943359375,10.050000190734863,9.822499990463257,0.8969168180469163
2017-10-20,28.229999542236328,101.36119079589844,9.970000267028809,9.841499996185302,0.9883813715243678
2017-10-23,28.18000030517578,101.34236145019531,11.069999694824219,9.884499979019164,0.9658906448864734
2017-10-24,28.415000915527344,102.17171478271484,11.15999984741211,9.933999967575073,1.045925078371919
2017-10-25,28.25,103.1895751953125,11.229999542236328,10.001999950408935,0.9342773989921614
2017-10-26,28.375,103.48173522949219,11.300000190734863,10.089499950408936,0.9820117588924453
2017-10-27,28.375,103.39690399169922,9.800000190734863,10.103999948501587,0.9849515373287191
2017-10-30,28.415000915527344,103.70791625976562,10.5,10.15649995803833,0.9926888873943946
2017-10-31,28.96500015258789,103.65135955810547,10.180000305175781,10.189999961853028,1.2492280755313965
2017-11-01,28.899999618530273,104.67864227294922,10.199999809265137,10.218499946594239,1.1835412483386514
2017-11-02,28.725000381469727,104.59381866455078,9.930000305175781,10.255499982833863,1.105478515252678
2017-11-03,28.834999084472656,104.95195007324219,9.140000343322754,10.230000019073486,1.1439829942158564
2017-11-06,28.760000228881836,105.479736328125,9.399999618530273,10.183500003814697,1.0909779904685963
2017-11-07,28.959999084472656,105.63993835449219,9.890000343322754,10.174000024795532,1.1780001506957996
2017-11-08,29.0,105.99808502197266,9.779999732971191,10.170499992370605,1.1841040848806137
2017-11-09,29.34000015258789,105.68706512451172,10.5,10.2,1.3522588542011862
2017-11-10,30.579999923706055,105.44203186035156,11.289999961853027,10.284000015258789,1.9347115190004835
2017-11-13,31.100000381469727,104.98965454101562,11.5,10.363500022888184,2.191082051147946
2017-11-14,31.315000534057617,105.5362777709961,11.59000015258789,10.427500009536743,2.2716566840779437
2017-11-15,30.799999237060547,103.90582275390625,13.130000114440918,10.580500030517578,2.0897794968848418
2017-11-16,31.0,104.81690216064453,11.760000228881836,10.666000032424927,2.1507813101906983
2017-11-17,31.084999084472656,103.68395233154297,11.430000305175781,10.739000034332275,2.2293867403611087
2017-11-20,30.579999923706055,103.80667877197266,10.649999618530273,10.718000030517578,1.9913837528377811
2017-11-21,30.635000228881836,105.22288513183594,9.729999542236328,10.64650001525879,1.9677640259380216
2017-11-22,30.635000228881836,104.6280746459961,9.880000114440918,10.57900004386902,1.9883768459962323
2017-11-24,30.875,105.71382141113281,9.670000076293945,10.497500038146972,2.0618400820301854
2017-11-27,30.885000228881836,106.1009292602539,9.869999885559082,10.501000022888183,2.053053905013874
2017-11-28,31.045000076293945,107.02617645263672,10.029999732971191,10.477500009536744,2.0950494379086226
2017-11-29,30.94499969482422,103.7217025756836,10.699999809265137,10.503499984741211,2.1632767293553887
2017-11-30,31.334999084472656,106.29917907714844,11.279999732971191,10.557499980926513,2.2544755410283037
2017-12-01,31.459999084472656,104.54313659667969,11.430000305175781,10.632499980926514,2.3731891974983332
2017-12-04,31.674999237060547,101.42749786376953,11.680000305175781,10.759499979019164,2.580677441812473
2017-12-05,31.524999618530273,102.51322937011719,11.329999923706055,10.855999994277955,2.4736214085368724
2017-12-06,31.635000228881836,103.60841369628906,11.020000457763672,10.9125,2.486584619500058
2017-12-07,31.149999618530273,105.1756820678711,10.15999984741211,10.931500005722047,2.207778619639341
2017-12-08,31.610000610351562,106.3086166381836,9.579999923706055,10.88550000190735,2.3814389944188195
2017-12-11,31.469999313354492,106.09148406982422,9.34000015258789,10.788000011444092,2.324160919873015
2017-12-12,31.454999923706055,107.12057495117188,9.920000076293945,10.70900001525879,2.281555561488554
2017-12-13,31.7549991607666,106.97894287109375,10.180000305175781,10.638500022888184,2.425324988226422
2017-12-14,31.565000534057617,106.61075592041016,10.489999771118164,10.506500005722046,2.3501392535577215
2017-12-15,32.005001068115234,107.46046447753906,9.420000076293945,10.389499998092651,2.524357013283896
2017-12-18,32.01499938964844,107.2055435180664,9.529999732971191,10.294499969482422,2.5378190976641246
2017-12-19,32.10499954223633,105.87431335449219,10.029999732971191,10.263499975204468,2.625610674785503
2017-12-20,32.0099983215332,105.8554458618164,9.720000267028809,10.263000011444092,2.582291111866443
2017-12-21,31.905000686645508,106.12925720214844,9.619999885559082,10.25,2.524201869731298
2017-12-22,31.885000228881836,106.39360809326172,9.899999618530273,10.261499977111816,2.505783287601076
2017-12-26,31.920000076293945,106.67683410644531,10.25,10.280499982833863,2.512168700163148
2017-12-27,32.1150016784668,107.6492919921875,10.470000267028809,10.302500009536743,2.5687295055378883
2017-12-28,31.459999084472656,107.9608383178711,10.180000305175781,10.276500034332276,2.254750682595419
2017-12-29,31.645000457763672,107.6492919921875,11.039999961853027,10.264500045776368,2.351179099774806
2018-01-02,31.354999542236328,108.11190795898438,9.770000457763672,10.181500053405761,2.2009141015792193
2018-01-03,31.559999465942383,109.18820190429688,9.149999618530273,10.055000019073486,2.2585044702973214
2018-01-04,31.68000030517578,109.59418487548828,9.220000267028809,9.949500036239623,2.299980389316498
2018-01-05,31.7450008392334,112.21886444091797,9.220000267028809,9.85950002670288,2.2391105347850497
2018-01-08,32.01499938964844,112.67203521728516,9.520000457763672,9.827500057220458,2.348380927981229
2018-01-09,32.7400016784668,112.45490264892578,10.079999923706055,9.852500057220459,2.691488794559465
2018-01-10,31.795000076293945,112.33216857910156,9.819999694824219,9.876500034332276,2.258327291068022
2018-01-11,31.979999542236328,113.14408111572266,9.880000114440918,9.874500036239624,2.3158219956512864
2018-01-12,31.885000228881836,113.38011932373047,10.15999984741211,9.87350001335144,2.263669703095286
2018-01-16,32.279998779296875,113.66336822509766,11.65999984741211,9.932000017166137,2.436687642698754
2018-01-17,33.53499984741211,115.16455078125,11.90999984741211,10.056500005722047,2.96556986892505
2018-01-18,33.23500061035156,116.23138427734375,12.220000267028809,10.191000032424927,2.78973811181484
2018-01-19,33.43000030517578,115.84432983398438,11.270000457763672,10.253000068664551,2.8934111630904895
2018-01-22,33.8849983215332,117.38325500488281,11.029999732971191,10.31850004196167,3.0506864265850893
2018-01-23,34.224998474121094,117.68537902832031,11.100000381469727,10.392500066757203,3.197593041052744
2018-01-24,34.13999938964844,117.59092712402344,11.470000267028809,10.47100009918213,3.1615225218699132
2018-01-25,33.900001525878906,118.2235107421875,11.579999923706055,10.537500095367431,3.028512403759459
2018-01-26,34.45500183105469,119.26204681396484,11.079999923706055,10.568000078201294,3.2494166272897904
2018-01-29,34.14500045776367,117.86473083496094,13.84000015258789,10.7510000705719,3.154348863955214
2018-01-30,33.95000076293945,116.64679718017578,14.789999961853027,10.9385000705719,3.106295765000865
2018-01-31,34.1150016784668,117.28881072998047,13.539999961853027,11.127000045776366,3.1604214535603057
2018-02-01,33.96500015258789,118.69556427001953,13.470000267028809,11.343000078201294,3.0422397009066757
2018-02-02,33.314998626708984,114.15431213378906,17.309999465942383,11.747500038146972,2.8987467109540948
2018-02-05,31.924999237060547,109.77355194091797,37.31999969482422,13.152500009536743,2.407167671368442
2018-02-06,32.10499954223633,113.26683044433594,29.979999542236328,14.175499963760377,2.3694271874768753
2018-02-07,32.275001525878906,112.9647216796875,27.729999542236328,15.05799994468689,2.4585857538220455
2018-02-08,30.9950008392334,107.49823760986328,33.459999084472656,16.23999991416931,2.0555471792852282
2018-02-09,31.44499969482422,109.82078552246094,29.059999465942383,17.198999881744385,2.183352469523743
2018-02-12,32.040000915527344,111.85064697265625,25.610000610351562,17.971499919891357,2.3884181780992852
2018-02-13,31.69499969482422,111.73735046386719,24.969999313354492,18.636999893188477,2.2326529987907944
2018-02-14,31.950000762939453,114.07878875732422,19.260000228881836,19.004499912261963,2.2695446374048904
2018-02-15,32.80500030517578,115.64877319335938,19.1299991607666,19.349999856948852,2.6108930665916072
2018-02-16,32.7400016784668,115.24208068847656,19.459999084472656,19.7594997882843,2.594900720261589
2018-02-20,32.29999923706055,115.39342498779297,20.600000381469727,20.237999820709227,2.385991158653525
2018-02-21,32.5099983215332,113.89907836914062,20.020000457763672,20.683999824523926,2.53497958980584
2018-02-22,32.46500015258789,113.85179901123047,18.719999313354492,21.04649977684021,2.5157896366148678
2018-02-23,32.939998626708984,116.26353454589844,16.489999771118164,21.291999769210815,2.6520758038579415
2018-02-26,32.904998779296875,117.8334732055664,15.800000190734863,21.527999782562254,2.5814700205238497
2018-02-27,32.084999084472656,116.6796646118164,18.59000015258789,21.765499782562255,2.241899702970117
2018-02-28,31.684999465942383,116.27296447753906,19.850000381469727,22.01849980354309,2.070845041423117
2018-03-01,27.110000610351562,113.87073516845703,22.469999313354492,22.464999771118165,0.03645405835078195
2018-03-02,27.079999923706055,114.22064971923828,19.59000015258789,22.77099976539612,0.010441490160973772
2018-03-05,27.8700008392334,115.27047729492188,18.729999542236328,22.841999769210815,0.3397296159086051
2018-03-06,27.834999084472656,114.49492645263672,18.360000610351562,21.893999814987183,0.3504045582338039
2018-03-07,27.774999618530273,115.24208068847656,17.760000228881836,21.28299984931946,0.2967402790230828
2018-03-08,28.415000915527344,115.5920181274414,16.540000915527344,20.723499917984007,0.5808520768748944
2018-03-09,29.030000686645508,117.75782775878906,14.640000343322754,19.782499980926513,0.7904633473903855
2018-03-12,29.21500015258789,117.50247192382812,15.779999732971191,19.118499994277954,0.8849436321222197
2018-03-13,29.344999313354492,116.51887512207031,16.350000381469727,18.655499982833863,0.979202593215619
2018-03-14,29.364999771118164,115.9324951171875,17.229999542236328,18.268499994277953,1.0087809116545632
2018-03-15,29.094999313354492,116.71749114990234,16.59000015258789,18.134999990463257,0.8566016670197929
2018-03-16,29.31999969482422,117.7767562866211,15.800000190734863,17.96850004196167,0.9240398113595573
2018-03-19,29.135000228881836,116.52832794189453,19.020000457763672,17.94650011062622,0.8816723145496005
2018-03-20,29.34000015258789,118.13616180419922,18.200000762939453,17.826500129699706,0.9208424688909413
2018-03-21,29.040000915527344,116.53780364990234,17.860000610351562,17.7185001373291,0.8373714169431102
2018-03-22,28.389999389648438,113.48294067382812,23.34000015258789,17.949500179290773,0.6423684536054531
2018-03-23,27.93000030517578,110.65511322021484,24.8700008392334,18.368500232696533,0.5274445133483966
2018-03-26,28.434999465942383,114.09769439697266,21.030000686645508,18.630000257492064,0.6418937873532328
2018-03-27,28.125,111.03339385986328,22.5,18.82550024986267,0.6045953113587884
2018-03-28,28.1200008392334,110.6456527709961,22.8700008392334,18.976500272750854,0.6157182873478207
2018-03-29,28.604999542236328,113.13301849365234,19.969999313354492,18.851500272750854,0.7540123592761159
2018-04-02,27.809999465942383,111.96971130371094,23.6200008392334,19.05300030708313,0.4263428336539337
2018-04-03,27.864999771118164,112.73577117919922,21.100000381469727,19.1715003490448,0.4252535644595015
2018-04-04,28.385000228881836,113.31271362304688,20.059999465942383,19.25650029182434,0.6459536039610508
2018-04-05,28.704999923706055,114.61785888671875,18.940000534057617,19.31550030708313,0.7488434342639809
2018-04-06,27.96500015258789,111.31715393066406,21.489999771118164,19.56300024986267,0.520702317409895
2018-04-09,28.114999771118164,112.34803771972656,21.770000457763672,19.919500255584715,0.5544082479966678
2018-04-10,28.15999984741211,114.1733627319336,20.469999313354492,20.15400023460388,0.5119819202604571
2018-04-11,28.110000610351562,113.28433227539062,20.239999771118164,20.348500204086303,0.5196475196107785
2018-04-12,28.264999389648438,114.50436401367188,18.489999771118164,20.411500215530396,0.5491126068370118
2018-04-13,28.34000015258789,114.20175170898438,17.40999984741211,20.452500200271608,0.5943152178990506
2018-04-16,28.489999771118164,115.27047729492188,16.559999465942383,20.49050016403198,0.6267097624759385
2018-04-17,28.84000015258789,117.08634948730469,15.25,20.3020001411438,0.725787118583363
2018-04-18,28.735000610351562,117.72945404052734,15.600000381469727,20.172000122070312,0.6548993467305615
2018-04-19,28.655000686645508,117.23767852783203,15.960000038146973,20.077000093460082,0.6349118234170127
2018-04-20,28.25,117.46466064453125,16.8799991607666,19.75400004386902,0.43958240842748
2018-04-23,28.434999465942383,117.7105712890625,16.34000015258789,19.32750000953674,0.5166915875904607
2018-04-24,27.864999771118164,114.69353485107422,18.020000457763672,19.17699999809265,0.3574083746964458
2018-04-25,27.204999923706055,114.63680267333984,17.84000015258789,18.944000005722046,0.05387894574015437
2018-04-26,27.549999237060547,120.18846893310547,16.239999771118164,18.612499952316284,0.02117962267530278
2018-04-27,28.094999313354492,119.17649841308594,15.40999984741211,18.384499979019164,0.3085141633036665
2018-04-30,27.5,119.9992904663086,15.930000305175781,17.999999952316283,0.004592248220617506
2018-05-01,27.600000381469727,120.59514617919922,15.489999771118164,17.719499921798707,0.03023058313951072
2018-05-02,26.360000610351562,119.52640533447266,15.970000267028809,17.51499996185303,-0.5066939849831099
2018-05-03,26.155000686645508,120.28305053710938,15.899999618530273,17.36299991607666,-0.6278038203780288
2018-05-04,26.3799991607666,121.20989227294922,14.770000457763672,17.026999950408936,-0.5557775010389687
2018-05-07,26.655000686645508,122.2502670288086,14.75,16.675999927520753,-0.46454059147059557
2018-05-08,26.540000915527344,122.85553741455078,14.710000038146973,16.387999963760375,-0.538746067664458
2018-05-09,24.55500030517578,123.74456787109375,13.420000076293945,16.046999979019166,-1.4883561195632435
2018-05-10,25.030000686645508,123.8958969116211,13.229999542236328,15.783999967575074,-1.2737359643278368
2018-05-11,24.635000228881836,124.67143249511719,12.649999618530273,15.54599995613098,-1.4834463626552914
2018-05-14,24.46500015258789,124.09449768066406,12.930000305175781,15.36449999809265,-1.5421412894310902
2018-05-15,24.100000381469727,123.99046325683594,14.630000114440918,15.333500003814697,-1.7074842101001269
2018-05-16,24.045000076293945,123.79185485839844,13.420000076293945,15.224499988555909,-1.7260596500301455
2018-05-17,24.28499984741211,123.08137512207031,13.430000305175781,15.098000001907348,-1.5903492032628368
2018-05-18,24.735000610351562,123.08137512207031,13.420000076293945,14.925000047683715,-1.3820564494169665
2018-05-21,24.954999923706055,123.77290344238281,13.079999923706055,14.762000036239623,-1.3041894486637724
2018-05-22,24.84000015258789,123.82025909423828,13.220000267028809,14.52200002670288,-1.359060706159064
2018-05-23,25.0049991607666,124.92859649658203,12.579999923706055,14.259000015258788,-1.3210960891063366
2018-05-24,24.809999465942383,124.93806457519531,12.529999732971191,14.07350001335144,-1.4116840990482664
2018-05-25,24.829999923706055,124.36016845703125,13.220000267028809,13.964000034332276,-1.3823997848921823
2018-05-29,24.645000457763672,122.85403442382812,17.020000457763672,14.01850004196167,-1.4158366372178792
2018-05-30,25.979999542236328,123.75394439697266,14.9399995803833,13.991000032424926,-0.8290888086685085
2018-05-31,25.579999923706055,123.82975006103516,15.430000305175781,13.964000034332276,-1.016864435018572
2018-06-01,25.75,123.95289611816406,13.460000038146973,13.842000055313111,-0.9424437162101129
2018-06-04,25.895000457763672,126.05586242675781,12.739999771118164,13.740500020980836,-0.9482041688890578
2018-06-05,25.68000030517578,126.52001953125,12.399999618530273,13.623000001907348,-1.0638068210770626
2018-06-06,26.600000381469727,129.09669494628906,11.640000343322754,13.469500017166137,-0.7272577695519341
2018-06-07,26.415000915527344,126.78529357910156,12.130000114440918,13.405000019073487,-0.7327885391011351
2018-06-08,27.739999771118164,127.63783264160156,12.180000305175781,13.352500057220459,-0.14902792446694835
2018-06-11,28.03499984741211,126.85155487060547,12.350000381469727,13.337500095367432,0.014767361548436235
2018-06-12,28.09000015258789,127.75147247314453,12.34000015258789,13.308000087738037,0.009039328736374246
2018-06-13,28.049999237060547,127.31575012207031,12.9399995803833,13.223500061035157,0.005623735871827704
2018-06-14,28.024999618530273,127.88416290283203,12.119999885559082,13.158500051498413,-0.025645910154926947
2018-06-15,28.21500015258789,127.9788589477539,11.979999542236328,13.086000013351441,0.05901837960922525
2018-06-18,28.045000076293945,129.02084350585938,12.3100004196167,13.030500030517578,-0.05577927990199666
2018-06-19,27.940000534057617,127.98833465576172,13.350000381469727,13.044000053405762,-0.06859961953561315
2018-06-20,27.770000457763672,128.3577880859375,12.789999961853027,13.022500038146973,-0.16009109421388593
2018-06-21,27.985000610351562,127.43893432617188,14.640000343322754,13.125500059127807,-0.028731187304678853
2018-06-22,28.43000030517578,128.1967010498047,13.770000457763672,13.187500095367431,0.15098673606946952
2018-06-25,28.315000534057617,124.02863311767578,17.329999923706055,13.393000078201293,0.24219859222863346
2018-06-26,28.1200008392334,125.56327056884766,15.920000076293945,13.338000059127808,0.09875670263383599
2018-06-27,27.96500015258789,124.11392211914062,17.90999984741211,13.486500072479249,0.07723757313382601
2018-06-28,28.389999389648438,125.74322509765625,16.850000381469727,13.557500076293945,0.21749524994292077
2018-06-29,28.649999618530273,125.46858978271484,16.09000015258789,13.68900008201599,0.34735940738011595
2018-07-02,28.790000915527344,125.51594543457031,15.600000381469727,13.832000112533569,0.4105210046835765
2018-07-03,28.84000015258789,124.52123260498047,16.139999389648438,14.019000101089478,0.4681354606068141
2018-07-05,28.81999969482422,126.26427459716797,14.970000267028809,14.18550009727478,0.3984736769632845
2018-07-06,29.219999313354492,127.0221176147461,13.369999885559082,14.247500085830689,0.557359681029438
2018-07-09,29.360000610351562,128.37672424316406,12.6899995803833,14.273000049591065,0.5752192371075244
2018-07-10,29.78499984741211,129.48504638671875,12.640000343322754,14.287500047683716,0.733531209293851
2018-07-11,30.1200008392334,130.8680419921875,13.630000114440918,14.352000045776368,0.8406668605193
2018-07-12,30.4950008392334,132.5258026123047,12.579999923706055,14.334000062942504,0.9567951069628234
2018-07-13,30.604999542236328,132.07115173339844,12.180000305175781,14.33700008392334,1.0234660951580887
2018-07-16,30.53499984741211,131.16175842285156,12.829999923706055,14.379500102996825,1.0225797057485342
2018-07-17,31.084999084472656,132.27957153320312,12.0600004196167,14.367000102996826,1.2384217740581802
2018-07-18,30.514999389648438,133.47312927246094,12.100000381469727,14.304500102996826,0.9332228078613743
2018-07-19,30.56999969482422,132.7436981201172,12.869999885559082,14.30850009918213,0.9839589321144788
2018-07-20,30.790000915527344,133.55841064453125,12.859999656677246,14.219500064849854,1.0575579369929635
2018-07-23,30.4950008392334,132.6490020751953,12.619999885559082,14.162000036239624,0.9525256994451552
2018-07-24,30.540000915527344,132.6490020751953,12.40999984741211,13.916000032424927,0.9733549748297423
2018-07-25,31.059999465942383,135.1214141845703,12.289999961853027,13.73450002670288,1.1283677051717944
2018-07-26,30.825000762939453,134.98886108398438,12.140000343322754,13.446000051498412,1.0241869376759023
2018-07-27,30.315000534057617,133.2931671142578,13.029999732971191,13.255000019073487,0.8468854237965916
2018-07-30,29.854999542236328,129.2861328125,14.260000228881836,13.163500022888183,0.7728253452526151
2018-07-31,30.010000228881836,129.53245544433594,12.829999923706055,13.025,0.8360346522116595
2018-08-01,29.385000228881836,130.96275329589844,13.149999618530273,12.875500011444093,0.4971734903396533
2018-08-02,29.674999237060547,131.59750366210938,12.1899995803833,12.736499977111816,0.6094089977443189
2018-08-03,29.6299991607666,132.45005798339844,11.640000343322754,12.65,0.5590349358555615
2018-08-06,29.704999923706055,132.3459014892578,11.270000457763672,12.57900004386902,0.5973601733512399
2018-08-07,29.895000457763672,132.88580322265625,10.930000305175781,12.49350004196167,0.6665961124660222
2018-08-08,29.700000762939453,133.2647705078125,10.850000381469727,12.35450005531311,0.5632033170715159
2018-08-09,30.489999771118164,132.63006591796875,11.270000457763672,12.289000082015992,0.950867066826337
2018-08-10,30.350000381469727,132.36483764648438,13.15999984741211,12.338000059127808,0.8952566044546033
2018-08-13,30.219999313354492,132.8195343017578,14.779999732971191,12.435500049591065,0.8193254951298032
2018-08-14,30.889999389648438,133.34056091308594,13.3100004196167,12.498000049591065,1.1113938897588924
2018-08-15,30.670000076293945,132.5447998046875,14.640000343322754,12.625000047683717,1.0371390171643795
2018-08-16,30.834999084472656,133.4365692138672,13.449999809265137,12.654000043869019,1.0826086752002944
2018-08-17,31.084999084472656,134.0817413330078,12.640000343322754,12.643000078201293,1.1759686016914168
2018-08-20,31.045000076293945,133.71170043945312,12.489999771118164,12.636500072479247,1.1702777380240375
2018-08-21,30.93000030517578,132.85787963867188,12.859999656677246,12.659000062942505,1.1466362394202165
2018-08-22,30.5049991607666,133.90147399902344,12.25,12.657000064849854,0.9137499383263537
2018-08-23,30.34000015258789,134.812255859375,12.40999984741211,12.670500040054321,0.8058138883066386
2018-08-24,30.325000762939453,136.80447387695312,11.989999771118164,12.61850004196167,0.7298319052241997
2018-08-27,30.219999313354492,137.94297790527344,12.15999984741211,12.513500022888184,0.6417754626542654
2018-08-28,30.395000457763672,137.7532196044922,12.5,12.497000026702882,0.7293545589404101
2018-08-29,30.690000534057617,139.48941040039062,12.25,12.452000045776368,0.8057351273109427
2018-08-30,30.40999984741211,139.2142791748047,13.529999732971191,12.519000053405762,0.6856651656352372
2018-08-31,30.44499969482422,139.3565673828125,12.859999656677246,12.580000019073486,0.6969346979071117
2018-09-04,30.46500015258789,140.2199249267578,13.15999984741211,12.674499988555908,0.6762731837657177
2018-09-05,30.725000381469727,135.3529510498047,13.90999984741211,12.823499965667725,0.9652822296651049
2018-09-06,30.670000076293945,137.08914184570312,14.649999618530273,13.013499927520751,0.8796574209175454
2018-09-07,30.170000076293945,135.8557891845703,14.880000114440918,13.193999910354615,0.6909625571502536
2018-09-10,29.8799991607666,136.690673828125,14.15999984741211,13.243999910354614,0.5277967990824157
2018-09-11,29.045000076293945,138.0283966064453,13.220000267028809,13.165999937057496,0.09494107731661011
2018-09-12,29.145000457763672,139.0530242919922,13.140000343322754,13.157499933242798,0.10572056268800946
2018-09-13,29.469999313354492,140.0586395263672,12.369999885559082,13.043999910354614,0.22130440783709526
2018-09-14,29.764999389648438,140.2578582763672,12.069999694824219,12.974999904632568,0.350947870811563
2018-09-17,29.860000610351562,138.6829833984375,13.680000305175781,13.026999902725219,0.44949767174172617
2018-09-18,29.69499969482422,140.0586395263672,12.789999961853027,13.041999912261963,0.3254507847600305
2018-09-19,29.65999984741211,139.859375,11.75,12.986499929428101,0.3161557344885244
2018-09-20,30.190000534057617,141.58607482910156,11.800000190734863,12.963999938964843,0.5016404098124306
2018-09-21,29.924999237060547,142.35450744628906,11.680000305175781,12.927499961853027,0.3523491324994892
2018-09-24,29.149999618530273,141.46270751953125,12.199999809265137,12.937999963760376,0.024528328565930225
2018-09-25,28.96500015258789,141.90859985351562,12.420000076293945,12.950999975204468,-0.07655489048261434
2018-09-26,29.155000686645508,141.614501953125,12.890000343322754,12.970499992370605,0.021582832963749382
2018-09-27,29.15999984741211,142.32603454589844,12.40999984741211,12.97849998474121,-0.0007609539647090386
2018-09-28,29.139999389648438,142.39244079589844,12.119999885559082,12.907999992370605,-0.012319876815396941
2018-10-01,28.68000030517578,143.05653381347656,12.0,12.865000009536743,-0.24825434066572494
2018-10-02,28.594999313354492,141.99395751953125,12.050000190734863,12.809500026702882,-0.25077594102569833
2018-10-03,28.334999084472656,141.7093505859375,11.609999656677246,12.694500017166138,-0.36125987549703914
2018-10-04,27.985000610351562,139.23324584960938,14.220000267028809,12.673000049591064,-0.43745636436644875
2018-10-05,28.094999313354492,137.90501403808594,14.819999694824219,12.670000028610229,-0.34051192437603495
2018-10-08,28.2450008392334,134.6129913330078,15.6899995803833,12.746500015258789,-0.15699723798070692
2018-10-09,28.274999618530273,135.01144409179688,15.949999809265137,12.882999992370605,-0.15691979734871242
2018-10-10,26.950000762939453,128.56968688964844,22.959999084472656,13.3739999294281,-0.5469892271074581
2018-10-11,26.415000915527344,126.87150573730469,24.979999542236328,14.004499912261963,-0.7357761725510767
2018-10-12,26.645000457763672,132.8768768310547,21.309999465942383,14.46649990081787,-0.8374285535693905
2018-10-15,26.100000381469727,130.1920166015625,21.299999237060547,14.84749984741211,-0.9966515211178878
2018-10-16,26.549999237060547,134.47068786621094,17.6200008392334,15.088999891281128,-0.9366345762891782
2018-10-17,26.315000534057617,135.14427185058594,17.399999618530273,15.371499872207641,-1.0687515672884067
2018-10-18,25.915000915527344,132.14633178710938,20.059999465942383,15.784499835968017,-1.1500082786314576
2018-10-19,26.05500030517578,132.89581298828125,19.889999389648438,16.194999790191652,-1.11117932690881
2018-10-22,26.045000076293945,133.42709350585938,19.639999389648438,16.566999769210817,-1.1342193779045946
2018-10-23,26.31999969482422,131.98501586914062,20.709999084472656,16.98149971961975,-0.9569553713766351
2018-10-24,26.010000228881836,127.374267578125,25.229999542236328,17.59849967956543,-0.9406625774799916
2018-10-25,26.2549991607666,133.31324768066406,24.219999313354492,18.18899965286255,-1.0330714188407413
2018-10-26,25.524999618530273,130.67581176757812,24.15999984741211,18.7909996509552,-1.279568922267557
2018-10-29,25.65999984741211,127.44071960449219,24.700000762939453,19.425999689102174,-1.1049708118856016
2018-10-30,26.485000610351562,125.95123291015625,23.350000381469727,19.990999698638916,-0.671483740778865
2018-10-31,26.424999237060547,130.78018188476562,21.229999542236328,20.47199969291687,-0.8666011846549087
2018-11-01,27.225000381469727,133.6073760986328,19.34000015258789,20.727999687194824,-0.5942778658158102
2018-11-02,27.049999237060547,132.61122131347656,19.510000228881836,20.962499713897706,-0.6407598166631167
2018-11-05,27.354999542236328,132.63014221191406,19.959999084472656,21.175999689102174,-0.5002394079345565
2018-11-06,27.395000457763672,133.5694122314453,19.90999984741211,21.373999691009523,-0.5142739739487301
2018-11-07,27.954999923706055,137.3547821044922,16.360000610351562,21.043999767303468,-0.38624574646847476
2018-11-08,27.06999969482422,137.78172302246094,16.719999313354492,20.630999755859374,-0.8106829691788962
2018-11-09,28.420000076293945,136.5484161376953,17.360000610351562,20.433499813079834,-0.14306603984028046
2018-11-12,27.375,132.5543212890625,20.450000762939453,20.39099988937378,-0.488354224935439
2018-11-13,27.889999389648438,132.5543212890625,20.020000457763672,20.510999870300292,-0.249975426646049
2018-11-14,27.2450008392334,132.33607482910156,21.25,20.70349988937378,-0.5409639893826144
2018-11-15,27.649999618530273,134.8071746826172,19.979999542236328,20.699499893188477,-0.4391359577945114
2018-11-16,27.885000228881836,133.22950744628906,18.139999389648438,20.611999893188475,-0.2756875915637271
2018-11-19,28.520000457763672,128.07818603515625,20.100000381469727,20.63499994277954,0.19675235745911884
2018-11-20,27.889999389648438,126.75713348388672,22.479999542236328,20.723499965667724,-0.049077170955392574
2018-11-21,28.014999389648438,127.75508880615234,20.799999237060547,20.501999950408937,-0.02580174649352153
2018-11-23,28.65999984741211,126.28191375732422,21.520000457763672,20.367000007629393,0.3238029522504441
2018-11-26,28.40999984741211,129.19970703125,18.899999618530273,20.1039999961853,0.10697048068942624
2018-11-27,28.8799991607666,129.17120361328125,19.020000457763672,19.819999980926514,0.32550777337909387
2018-11-28,29.549999237060547,134.3699951171875,18.489999771118164,19.576999950408936,0.4554708785071413
2018-11-29,29.399999618530273,132.2030487060547,18.790000915527344,19.455000019073488,0.4611345538050549
2018-11-30,29.84000015258789,134.68360900878906,18.06999969482422,19.391499996185303,0.5788360711749466
2018-12-03,30.0,137.81048583984375,16.440000534057617,19.238000011444093,0.5445353775284176
2018-12-04,28.915000915527344,131.76585388183594,20.739999771118164,19.27700004577637,0.2517929720831152
2018-12-06,29.135000228881836,134.0563201904297,21.190000534057617,19.341000080108643,0.27424968364118496
2018-12-07,28.704999923706055,130.3116912841797,23.229999542236328,19.68450002670288,0.2049825728068964
2018-12-10,28.475000381469727,131.04348754882812,22.639999389648438,19.98050003051758,0.07316223979826889
2018-12-11,28.790000915527344,130.02658081054688,21.760000228881836,20.200500011444092,0.25420749379796803
2018-12-12,28.719999313354492,130.9674835205078,21.459999084472656,20.250999927520752,0.18919926227821693
2018-12-13,26.71500015258789,130.72036743164062,20.649999618530273,20.282499885559083,-0.7302950444790657
2018-12-14,26.344999313354492,128.391845703125,21.6299991607666,20.301499843597412,-0.8208644735625199
2018-12-17,25.625,124.88482666015625,24.520000457763672,20.52849988937378,-1.0325982408221133
2018-12-18,25.614999771118164,126.08236694335938,25.579999923706055,20.90049991607666,-1.0787271461467876
2018-12-19,24.719999313354492,124.75175476074219,25.579999923706055,21.174499893188475,-1.4468861888574789
2018-12-20,24.604999542236328,122.37570190429688,28.3799991607666,21.46949987411499,-1.4177755988596028
2018-12-21,24.114999771118164,118.09884643554688,30.110000610351562,21.93499994277954,-1.496370772899823
2018-12-24,23.975000381469727,115.69426727294922,36.06999969482422,22.66249990463257,-1.477843243407435
2018-12-26,24.549999237060547,123.7728271484375,30.40999984741211,23.23799991607666,-1.491650283201649
2018-12-27,24.719999313354492,125.46455383300781,29.959999084472656,23.78499984741211,-1.4715878364646569
2018-12-28,24.520000457763672,124.44760131835938,28.34000015258789,24.277499866485595,-1.5289197944003026
2018-12-31,24.610000610351562,125.39803314208984,25.420000076293945,24.608999824523927,-1.520197919474176
2019-01-02,24.3799991607666,126.32943725585938,23.219999313354492,24.866499805450438,-1.6589364321508886
2019-01-03,24.0,121.77696228027344,25.450000762939453,25.31699981689453,-1.6770639658044946
2019-01-04,24.895000457763672,127.02324676513672,21.3799991607666,25.348999786376954,-1.4446003260743878
2019-01-07,24.864999771118164,129.31373596191406,21.399999618530273,25.359499740600587,-1.5378624080836494
2019-01-08,26.415000915527344,130.0170440673828,20.469999313354492,25.221499729156495,-0.8447830194841013
2019-01-09,26.665000915527344,131.54725646972656,19.979999542236328,25.088499736785888,-0.7820936620838637
2019-01-10,26.6299991607666,131.79432678222656,19.5,24.9754997253418,-0.8068570759294426
2019-01-11,27.184999465942383,131.21458435058594,18.190000534057617,24.811999797821045,-0.5298723286203058
2019-01-14,27.075000762939453,130.30218505859375,19.06999969482422,24.732999801635742,-0.5491689684237692
2019-01-15,27.3799991607666,130.5302734375,18.600000381469727,24.5814998626709,-0.4158980229661954
2019-01-16,26.905000686645508,130.5302734375,19.040000915527344,24.307499885559082,-0.6357615174211617
2019-01-17,27.135000228881836,130.47325134277344,18.059999465942383,23.931499862670897,-0.527325100593651
2019-01-18,27.790000915527344,131.63278198242188,17.799999237060547,23.542499828338624,-0.2643264984667438
2019-01-22,27.739999771118164,131.20509338378906,20.799999237060547,23.16349983215332,-0.27264932242465956
2019-01-23,27.59000015258789,130.2165985107422,19.520000457763672,22.633999824523926,-0.30782421685637573
2019-01-24,27.68000030517578,130.87246704101562,18.889999389648438,21.774999809265136,-0.2888944180480548
2019-01-25,27.924999237060547,131.79432678222656,17.420000076293945,21.12549982070923,-0.2074377985933036
2019-01-28,27.780000686645508,129.2471923828125,18.8700008392334,20.570999908447266,-0.1862840697650458
2019-01-29,27.739999771118164,128.3063201904297,19.1299991607666,20.1104998588562,-0.1721939813593241
2019-01-30,28.110000610351562,130.77745056152344,17.65999984741211,19.72249984741211,-0.0865665739082854
2019-01-31,28.6200008392334,128.31582641601562,16.56999969482422,19.389999866485596,0.2348044415586896
2019-02-01,28.975000381469727,133.20094299316406,16.139999389648438,18.924499797821046,0.22983284569027973
2019-02-04,29.09000015258789,134.4840087890625,15.729999542236328,18.641999816894533,0.23859910242148238
2019-02-05,28.80500030517578,135.4629669189453,15.569999694824219,18.350499820709228,0.07275541380025609
2019-02-06,28.68000030517578,134.4745330810547,15.380000114440918,18.09599986076355,0.04915002769718853
2019-02-07,28.71500015258789,133.219970703125,16.3700008392334,17.915499925613403,0.1088266248436516
2019-02-08,28.94499969482422,133.41952514648438,15.720000267028809,17.726499938964842,0.20837152725332855
2019-02-11,29.0,133.81869506835938,15.970000267028809,17.615499925613403,0.21999662133095352
2019-02-12,29.44499969482422,134.94972229003906,15.430000305175781,17.43349995613098,0.38677941382855774
2019-02-13,29.655000686645508,136.37538146972656,15.649999618530273,17.285999917984007,0.43457758288964116
2019-02-14,29.315000534057617,136.2991943359375,16.219999313354492,17.144999837875368,0.2798412536444149
2019-02-15,29.360000610351562,137.96533203125,14.90999984741211,16.98749985694885,0.24293147209696983
2019-02-19,29.114999771118164,137.5178680419922,14.880000114440918,16.841499900817873,0.14503405403903988
2019-02-20,29.350000381469727,137.7938995361328,14.020000457763672,16.502499961853026,0.24424354203395468
2019-02-21,29.440000534057617,137.09890747070312,14.460000038146973,16.24949994087219,0.30998664868710757
2019-02-22,29.219999313354492,138.8792724609375,13.510000228881836,15.980499982833862,0.14645670425729956
2019-02-25,29.270000457763672,139.06019592285156,14.850000381469727,15.851999998092651,0.16333103408290442
2019-02-26,29.3700008392334,139.9932098388672,15.170000076293945,15.666999959945679,0.17728534268146084
2019-02-27,29.3700008392334,140.16456604003906,14.699999809265137,15.445499992370605,0.17134709070927617
2019-02-28,31.915000915527344,141.02146911621094,14.779999732971191,15.30149998664856,1.3196608798585974
2019-03-01,32.369998931884766,142.3068084716797,13.569999694824219,15.15149998664856,1.4857240159734733
2019-03-04,32.5099983215332,140.86915588378906,14.630000114440918,15.076000022888184,1.6003468487900645
2019-03-05,31.309999465942383,140.859619140625,14.739999771118164,15.026500034332276,1.0452314670574216
2019-03-06,30.8700008392334,140.726318359375,15.739999771118164,15.035000038146972,0.8461878850051958
2019-03-07,30.795000076293945,139.7932891845703,16.59000015258789,15.095500040054322,0.8438057286586942
2019-03-08,30.30500030517578,140.2883758544922,16.049999237060547,15.079499959945679,0.5998416060637951
2019-03-11,30.594999313354492,143.4492645263672,14.329999923706055,15.00999994277954,0.624535223107731
2019-03-12,30.114999771118164,144.45851135253906,13.770000457763672,14.899999952316284,0.36738199784679826
2019-03-13,29.885000228881836,145.16302490234375,13.40999984741211,14.798999929428101,0.2365071318485244
2019-03-14,29.834999084472656,146.8101043701172,13.5,14.691499948501587,0.1562843971905368
2019-03-15,30.135000228881836,148.00973510742188,12.880000114440918,14.524499988555908,0.2535740045064565
2019-03-18,30.299999237060547,147.53367614746094,13.100000381469727,14.434000015258789,0.3464449789529252
2019-03-19,28.959999084472656,147.18138122558594,13.5600004196167,14.368000030517578,-0.2615949930435084
2019-03-20,28.25,146.38168334960938,13.90999984741211,14.3625,-0.5625206140122329
2019-03-21,27.100000381469727,148.33343505859375,13.630000114440918,14.321000003814698,-1.1624600878345872
2019-03-22,26.7549991607666,145.73428344726562,16.479999542236328,14.469499969482422,-1.2320793683412585
2019-03-25,27.274999618530273,145.69619750976562,16.329999923706055,14.543499946594238,-0.990065869078639
2019-03-26,27.809999465942383,147.8573760986328,14.680000305175781,14.51899995803833,-0.8173238372229081
2019-03-27,27.440000534057617,146.8291473388672,15.149999618530273,14.541499948501587,-0.9529532988587391
2019-03-28,27.229999542236328,147.25758361816406,14.430000305175781,14.523999977111817,-1.0650040945574089
2019-03-29,27.290000915527344,148.70472717285156,13.710000038146973,14.530999994277954,-1.087381077990274
2019-04-01,26.639999389648438,149.7234649658203,13.399999618530273,14.469499969482422,-1.4235523657610634
2019-04-02,26.665000915527344,150.2185821533203,13.359999656677246,14.400499963760376,-1.4291378647776563
2019-04-03,26.295000076293945,150.865966796875,13.739999771118164,14.300499963760377,-1.6228356414909506
2019-04-04,26.434999465942383,150.0852508544922,13.579999923706055,14.149999952316284,-1.5309785755629122
2019-04-05,26.440000534057617,150.0947723388672,12.819999694824219,13.988499975204467,-1.528993682795667
2019-04-08,26.53499984741211,150.19000244140625,13.180000305175781,13.930999994277954,-1.488321305672981
2019-04-09,27.344999313354492,149.9424285888672,14.279999732971191,13.95649995803833,-1.1048157001528889
2019-04-10,27.485000610351562,150.96115112304688,13.300000190734863,13.950999975204468,-1.075316271275362
2019-04-11,27.375,150.2947235107422,13.020000457763672,13.92699999809265,-1.1031378030013617
2019-04-12,26.510000228881836,151.98939514160156,12.010000228881836,13.883500003814698,-1.5622498626951038
2019-04-15,27.03499984741211,152.75108337402344,12.319999694824219,13.844499969482422,-1.3456381121735093
2019-04-16,27.100000381469727,152.55111694335938,12.180000305175781,13.775499963760376,-1.308621461621891
2019-04-17,27.44499969482422,152.75108337402344,12.600000381469727,13.709999990463256,-1.1558606621620617
2019-04-18,27.600000381469727,152.48452758789062,12.09000015258789,13.632999992370605,-1.0748778444916154
2019-04-22,27.485000610351562,152.71298217773438,12.420000076293945,13.430000019073486,-1.1360249829781692
2019-04-23,28.114999771118164,153.91258239746094,12.279999732971191,13.227500009536744,-0.8859874757502895
2019-04-24,28.40999984741211,153.75071716308594,13.140000343322754,13.150500011444091,-0.7438308520750414
2019-04-25,28.950000762939453,153.30325317382812,13.25,13.055500030517578,-0.47837293667777975
2019-04-26,29.825000762939453,155.12171936035156,12.729999542236328,12.970499992370605,-0.1363778497181984
2019-04-29,29.344999313354492,156.28321838378906,13.109999656677246,12.940499973297118,-0.398808171388474
2019-04-30,29.799999237060547,156.54983520507812,13.119999885559082,12.92649998664856,-0.19744090073064033
2019-05-01,28.969999313354492,154.9884490966797,14.800000190734863,12.99850001335144,-0.5275156766179553
2019-05-02,28.9950008392334,153.39845275878906,14.420000076293945,13.03250002861023,-0.46084274892048155
2019-05-03,31.55500030517578,154.27439880371094,12.869999885559082,12.997000026702882,0.6937539144552125
2019-05-06,31.309999465942383,154.50286865234375,15.4399995803833,13.128000020980835,0.5724323925803813
2019-05-07,30.799999237060547,152.53207397460938,19.31999969482422,13.434999990463258,0.4046643377221291
2019-05-08,30.84000015258789,153.0557098388672,19.399999618530273,13.690999984741211,0.40503333764476035
2019-05-09,30.959999084472656,152.15127563476562,19.100000381469727,13.980999994277955,0.49192013785242245
2019-05-10,31.5,153.00811767578125,16.040000915527344,14.132000017166138,0.7121780674678204
2019-05-13,31.170000076293945,149.79010009765625,20.549999237060547,14.558999967575073,0.6709489164366431
2019-05-14,31.174999237060547,152.53207397460938,18.059999465942383,14.845999956130981,0.5782413383075947
2019-05-15,31.53499984741211,154.9884490966797,16.440000534057617,15.058999967575073,0.6597512545869475
2019-05-16,31.96500015258789,157.2101593017578,15.289999961853027,15.193499946594239,0.7817942493335972
2019-05-17,31.815000534057617,156.46644592285156,15.960000038146973,15.386999940872192,0.7381365910427723
2019-05-20,31.80500030517578,155.87522888183594,16.309999465942383,15.581499910354614,0.7539960563499055
2019-05-21,31.8700008392334,156.24710083007812,14.949999809265137,15.714999914169312,0.7711959721811713
2019-05-22,32.0,156.60946655273438,14.75,15.795499897003173,0.8188113653124703
2019-05-23,31.614999771118164,154.00628662109375,16.920000076293945,15.978999900817872,0.7308172629855451
2019-05-24,31.709999084472656,155.0837860107422,15.850000381469727,16.13499994277954,0.7374496550274299
2019-05-28,31.135000228881836,156.10406494140625,17.5,16.354499959945677,0.4359415961225041
2019-05-29,30.8799991607666,155.1696319580078,17.899999618530273,16.59349994659424,0.35029098642834483
2019-05-30,31.139999389648438,155.19822692871094,17.299999237060547,16.718499898910522,0.4696468702843075
2019-05-31,30.93000030517578,153.8346405029297,18.709999084472656,16.932999849319458,0.419698487997544
2019-06-03,31.405000686645508,151.23150634765625,18.860000610351562,17.232499885559083,0.7297730031738923
2019-06-04,31.434999465942383,154.78817749023438,16.969999313354492,17.308999872207643,0.6204041768026147
2019-06-05,32.01499938964844,157.70602416992188,16.09000015258789,17.147499895095827,0.7877535804767111
2019-06-06,31.920000076293945,159.1649627685547,15.930000305175781,16.9739999294281,0.6932223684141462
2019-06-07,32.959999084472656,162.14950561523438,16.299999237060547,16.83399987220764,1.071181151192017
2019-06-10,32.875,162.8837432861328,15.9399995803833,16.82899980545044,1.0063928647467346
2019-06-11,32.25,162.3974609375,15.989999771118164,16.60099983215332,0.7339497027826704
2019-06-12,32.040000915527344,163.6179656982422,15.90999984741211,16.493499851226808,0.5944511059152007
2019-06-13,30.299999237060547,161.48202514648438,15.819999694824219,16.462499809265136,-0.1369271452288196
2019-06-14,30.665000915527344,161.7776336669922,15.279999732971191,16.461999797821044,0.021777766623452283
2019-06-17,30.959999084472656,161.6822967529297,15.350000381469727,16.431499814987184,0.16162800622949186
2019-06-18,31.059999465942383,161.41534423828125,15.149999618530273,16.373499822616576,0.21716647095846048
2019-06-19,31.18000030517578,162.75982666015625,14.329999923706055,16.342499828338624,0.22611922375544716
2019-06-20,31.760000228881836,165.66812133789062,14.75,16.342499828338624,0.39379964664010575
2019-06-21,31.889999389648438,165.38206481933594,15.399999618530273,16.26649980545044,0.46388574480773237
2019-06-24,31.780000686645508,165.77296447753906,15.260000228881836,16.236999797821046,0.3994240190113792
2019-06-25,31.665000915527344,163.32237243652344,16.280000686645508,16.17599983215332,0.43111772217792255
2019-06-26,31.799999237060547,163.11257934570312,16.209999084472656,16.09149980545044,0.5008749260580482
2019-06-27,31.78499984741211,163.274658203125,15.819999694824219,16.01749982833862,0.48831537766338956
2019-06-28,31.915000915527344,165.48690795898438,15.079999923706055,15.835999870300293,0.4718249715874501
2019-07-01,32.3849983215332,165.85879516601562,14.0600004196167,15.59599986076355,0.6764860713787577
2019-07-02,32.32500076293945,167.13656616210938,12.930000305175781,15.393999910354614,0.6044344521227827
2019-07-03,32.974998474121094,168.6526336669922,12.569999694824219,15.21799988746643,0.8527617341172445
2019-07-05,32.959999084472656,168.4524383544922,13.279999732971191,15.0854998588562,0.8527565916285148
2019-07-08,33.0,168.0042724609375,13.960000038146973,14.968499898910522,0.8868028303405018
2019-07-09,32.380001068115234,169.4727020263672,14.09000015258789,14.875999927520752,0.5489350899581069
2019-07-10,32.51499938964844,170.9792938232422,13.029999732971191,14.727999925613403,0.5592119489503317
2019-07-11,32.400001525878906,172.34286499023438,12.930000305175781,14.578999948501586,0.4587288720876182
2019-07-12,32.5,171.95191955566406,12.390000343322754,14.407499980926513,0.5185633582794108
2019-07-15,32.630001068115234,172.18075561523438,12.680000305175781,14.277500009536743,0.5708070290159701
2019-07-16,32.89500045776367,170.9792938232422,12.859999656677246,14.152999973297119,0.7351038039442399
2019-07-17,32.869998931884766,170.8267822265625,13.970000267028809,14.094000005722046,0.7288165005092345
2019-07-18,32.48500061035156,172.1426239013672,13.529999732971191,14.053999996185302,0.5050118098224361
2019-07-19,31.6299991607666,170.91259765625,14.449999809265137,14.038999986648559,0.15188143946806193
2019-07-22,31.764999389648438,172.18075561523438,13.529999732971191,13.945499992370605,0.17042197075021037
2019-07-23,32.04999923706055,172.4954376220703,12.609999656677246,13.812999963760376,0.29143529408187435
2019-07-24,32.369998931884766,174.8125457763672,12.069999694824219,13.60249991416931,0.35925612431399334
2019-07-25,32.08000183105469,173.15338134765625,12.739999771118164,13.428999948501588,0.28252198813844737
2019-07-26,32.599998474121094,175.15579223632812,12.15999984741211,13.245999956130982,0.45382146137887314
2019-07-29,32.69499969482422,174.6980743408203,12.829999923706055,13.133499956130981,0.513656820644612
2019-07-30,32.755001068115234,173.0961456298828,13.9399995803833,13.127499914169311,0.5969437073889262
2019-07-31,32.23500061035156,169.7301483154297,16.1200008392334,13.286999940872192,0.47289678270106655
2019-08-01,31.729999542236328,170.84584045410156,17.8700008392334,13.55199999809265,0.20048224917699267
2019-08-02,31.19499969482422,169.1771240234375,17.610000610351562,13.76850004196167,0.010674220513580858
2019-08-05,29.479999542236328,161.0148162841797,24.59000015258789,14.300000047683715,-0.500291187091755
2019-08-06,30.09000015258789,164.4666290283203,20.170000076293945,14.604000043869018,-0.3375595966829463
2019-08-07,30.19499969482422,167.1746826171875,19.489999771118164,14.927000045776367,-0.3828043097374501
2019-08-08,31.09000015258789,171.5418701171875,16.90999984741211,15.126000022888183,-0.11987606254986602
2019-08-09,29.614999771118164,170.73138427734375,17.969999313354492,15.40499997138977,-0.7745255142868174
2019-08-12,28.239999771118164,168.14732360839844,21.09000015258789,15.825499963760375,-1.321425359422179
2019-08-13,29.020000457763672,170.31179809570312,17.520000457763672,16.058500003814697,-1.0353935162174863
2019-08-14,28.05500030517578,165.44874572753906,22.100000381469727,16.465000009536745,-1.3135387464653963
2019-08-15,28.475000381469727,168.3231201171875,21.18000030517578,16.847500038146972,-1.218742284855111
2019-08-16,28.59000015258789,170.1947021484375,18.469999313354492,17.04850001335144,-1.2303707245010382
2019-08-19,28.899999618530273,171.63662719726562,16.8799991607666,17.21599998474121,-1.1368497460408318
2019-08-20,28.920000076293945,171.15919494628906,17.5,17.46050000190735,-1.1110469502271225
2019-08-21,29.014999389648438,172.78253173828125,15.800000190734863,17.64700002670288,-1.1233302438084742
2019-08-22,28.575000762939453,171.9708709716797,16.68000030517578,17.84400005340576,-1.2988656452794562
2019-08-23,28.040000915527344,167.32994079589844,19.8700008392334,18.229500102996827,-1.3856732922059274
2019-08-26,28.325000762939453,169.5835418701172,19.31999969482422,18.554000091552734,-1.331852109555782
2019-08-27,28.28499984741211,170.3379669189453,20.309999465942383,18.872500085830687,-1.3765115856082588
2019-08-28,29.040000915527344,170.61489868164062,19.350000381469727,19.034000062942503,-1.0366396432117142
2019-08-29,28.80500030517578,173.00216674804688,17.8799991607666,19.034499979019166,-1.2281442670685134
2019-08-30,29.334999084472656,172.66793823242188,18.979999542236328,19.102999925613403,-0.9712401716088467
2019-09-03,28.81999969482422,171.1210174560547,19.65999984741211,18.856499910354614,-1.156011307682026
2019-09-04,29.030000686645508,173.57513427734375,17.329999923706055,18.71449990272522,-1.1438537549323562
2019-09-05,29.385000228881836,176.4016876220703,16.270000457763672,18.553499937057495,-1.0774870094323452
2019-09-06,28.584999084472656,177.36610412597656,15.0,18.45799994468689,-1.4812064473998603
2019-09-09,28.614999771118164,173.3650360107422,15.270000457763672,18.32300000190735,-1.3286652230739724
2019-09-10,28.8799991607666,168.39950561523438,15.199999809265137,18.02849998474121,-1.0339267853672227
2019-09-11,28.434999465942383,167.09121704101562,14.609999656677246,17.88299994468689,-1.19456668622094
2019-09-12,28.725000381469727,169.95594787597656,14.220000267028809,17.488999938964845,-1.1596090044373255
2019-09-13,29.43000030517578,169.27801513671875,13.739999771118164,17.116999912261964,-0.8097909040408151
2019-09-16,29.614999771118164,168.17025756835938,14.670000076293945,16.926999950408934,-0.6857711206516245
2019-09-17,28.9950008392334,168.49501037597656,14.4399995803833,16.80499997138977,-0.9840053915933125
2019-09-18,29.18000030517578,167.38723754882812,13.949999809265137,16.627499961853026,-0.8599850794194389
2019-09-19,29.395000457763672,168.02703857421875,14.050000190734863,16.539999961853027,-0.7826394701464444
2019-09-20,29.174999237060547,166.21273803710938,15.319999694824219,16.47199993133545,-0.8215983193307345
2019-09-23,29.559999465942383,167.02438354492188,14.90999984741211,16.223999881744383,-0.6715196075599864
2019-09-24,29.405000686645508,166.61376953125,17.049999237060547,16.1104998588562,-0.7290346069960568
2019-09-25,29.184999465942383,167.37770080566406,15.960000038146973,15.89299988746643,-0.8573406174433978
2019-09-26,28.885000228881836,167.73104858398438,16.06999969482422,15.728999853134155,-1.008446931635767
2019-09-27,28.905000686645508,166.15542602539062,17.219999313354492,15.69599986076355,-0.9445869735166204
2019-09-30,29.030000686645508,164.25509643554688,16.239999771118164,15.558999872207641,-0.8208731290992178
2019-10-01,28.209999084472656,166.43234252929688,18.559999465942383,15.503999853134156,-1.2758801406007843
2019-10-02,27.559999465942383,162.1734161376953,20.559999465942383,15.665499830245972,-1.429156086262793
2019-10-03,27.809999465942383,165.07638549804688,19.1200008392334,15.807999849319458,-1.4140388427252037
2019-10-04,28.290000915527344,168.04612731933594,17.040000915527344,15.909999895095826,-1.2947743296220675
2019-10-07,27.864999771118164,167.01483154296875,17.860000610351562,16.03949990272522,-1.4557564897384072
2019-10-08,27.940000534057617,164.64663696289062,20.280000686645508,16.29349994659424,-1.3389722963545005
2019-10-09,28.139999389648438,166.99571228027344,18.639999389648438,16.4949999332428,-1.3278042986749201
2019-10-10,28.059999465942383,166.99571228027344,17.56999969482422,16.66249990463257,-1.364834023485488
2019-10-11,28.149999618530273,169.07748413085938,15.579999923706055,16.754499912261963,-1.3953180955851527
2019-10-14,28.274999618530273,169.3639373779297,14.569999694824219,16.749499893188478,-1.3473859702140232
2019-10-15,28.145000457763672,170.69126892089844,13.539999961853027,16.704499912261962,-1.453556863825447
2019-10-16,28.260000228881836,169.85093688964844,13.680000305175781,16.690999937057494,-1.3712054596145316
2019-10-17,28.280000686645508,169.9178009033203,13.789999961853027,16.677999925613403,-1.364264942171239
2019-10-18,28.030000686645508,167.78829956054688,14.25,16.62449994087219,-1.4061862812092742
2019-10-21,28.145000457763672,168.47586059570312,14.0,16.578999948501586,-1.3767831447168588
2019-10-22,27.969999313354492,163.156982421875,14.460000038146973,16.449499988555907,-1.2734635680300654
2019-10-23,28.100000381469727,163.5962677001953,14.010000228881836,16.35199999809265,-1.2285128956194515
2019-10-24,28.30500030517578,168.21804809570312,13.710000038146973,16.23400001525879,-1.293789349118694
2019-10-25,28.174999237060547,169.8318634033203,12.649999618530273,16.005500030517577,-1.409889057981786
2019-10-28,27.985000610351562,171.73211669921875,13.109999656677246,15.849000024795533,-1.5636863029192987
2019-10-29,28.075000762939453,169.6217803955078,13.199999809265137,15.58100004196167,-1.4488952443576948
2019-10-30,28.075000762939453,171.1687469482422,12.329999923706055,15.169500064849853,-1.502504492927951
2019-10-31,28.065000534057617,170.79629516601562,13.220000267028809,14.874500036239624,-1.494226213598129
2019-11-01,28.125,172.77296447753906,12.300000190734863,14.6375,-1.5349544946880898
2019-11-04,28.045000076293945,170.88223266601562,12.829999923706055,14.385999965667725,-1.5064619808410165
2019-11-05,28.235000610351562,168.41856384277344,13.100000381469727,14.026999950408936,-1.3331390074690064
2019-11-06,27.9950008392334,168.80055236816406,12.619999885559082,13.725999975204468,-1.4574657776150173
2019-11-07,28.31999969482422,170.38571166992188,12.729999542236328,13.483999967575073,-1.3619657034503954
2019-11-08,29.079999923706055,170.9013671875,12.069999694824219,13.308499956130982,-1.0280526258442775
2019-11-11,29.014999389648438,171.4456329345703,12.6899995803833,13.214499950408936,-1.0770007739471306
2019-11-12,29.200000762939453,171.63662719726562,12.680000305175781,13.171499967575073,-0.9979876158574916
2019-11-13,29.475000381469727,171.32150268554688,13.0,13.137499952316285,-0.8597775307594181
2019-11-14,29.46500015258789,171.9337158203125,13.050000190734863,13.100499963760376,-0.8856222557053774
2019-11-15,29.31999969482422,171.9528045654297,12.050000190734863,12.99049997329712,-0.9534004174541829
2019-11-18,29.514999389648438,171.84759521484375,12.460000038146973,12.913499975204468,-0.859494548028776
2019-11-19,29.280000686645508,174.82235717773438,12.859999656677246,12.833499956130982,-1.0713575568307707
2019-11-20,29.0,173.7606201171875,12.779999732971191,12.771999931335449,-1.1641681393953396
2019-11-21,29.200000762939453,172.0675506591797,13.130000114440918,12.742999935150147,-1.012921024045066
2019-11-22,29.315000534057617,171.6658935546875,12.34000015258789,12.727499961853027,-0.945771650639878
2019-11-25,29.329999923706055,173.1006317138672,11.869999885559082,12.66549997329712,-0.9885488903696275
2019-11-26,29.81999969482422,174.61195373535156,11.539999961853027,12.582499980926514,-0.8141157231021047
2019-11-27,30.045000076293945,176.35279846191406,11.75,12.553499984741212,-0.7702973329113648
2019-11-29,29.90999984741211,176.48666381835938,12.619999885559082,12.523499965667725,-0.8374241870750971
2019-12-02,29.905000686645508,173.88494873046875,14.90999984741211,12.653999948501587,-0.7495771977375281
2019-12-03,29.4950008392334,173.9901580810547,15.960000038146973,12.810499954223634,-0.9430006181272641
2019-12-04,30.19499969482422,172.7467803955078,14.800000190734863,12.89549994468689,-0.5759021982003535
2019-12-05,29.959999084472656,173.98060607910156,14.520000457763672,12.99049997329712,-0.7274349304203448
2019-12-06,30.020000457763672,174.24842834472656,13.619999885559082,13.034999990463257,-0.708943203396739
2019-12-09,30.2450008392334,174.9658203125,15.859999656677246,13.224499988555909,-0.6296576382700858
2019-12-10,30.7549991607666,174.3345184326172,15.680000305175781,13.374000024795532,-0.3717162857653467
2019-12-11,31.21500015258789,174.0954132080078,14.989999771118164,13.48949999809265,-0.1505086500032456
2019-12-12,31.1200008392334,174.69798278808594,13.9399995803833,13.536499977111816,-0.21536287939128676
2019-12-13,31.104999542236328,177.0893096923828,12.630000114440918,13.51549997329712,-0.3051766374588481
2019-12-16,31.2450008392334,178.14146423339844,12.140000343322754,13.519999980926514,-0.27683577581828317
2019-12-17,31.385000228881836,177.45277404785156,12.289999961853027,13.511499977111816,-0.1881678103038006
2019-12-18,31.43000030517578,176.85975646972656,12.579999923706055,13.497499990463258,-0.1467878470610687
2019-12-19,31.735000610351562,178.4284210205078,12.5,13.483500003814697,-0.059972925714778504
2019-12-20,31.959999084472656,179.824951171875,12.510000228881836,13.452500009536744,-0.004223392046402178
2019-12-23,31.68000030517578,178.94493103027344,12.609999656677246,13.465999984741211,-0.10333038852355073
2019-12-24,31.735000610351562,179.41368103027344,12.670000076293945,13.505999994277953,-0.09411655259313396
2019-12-26,31.940000534057617,180.9345245361328,12.649999618530273,13.561499977111817,-0.0519317967831008
2019-12-27,31.78499984741211,181.1544952392578,13.430000305175781,13.645499992370606,-0.13130023482121655
2019-12-30,31.68000030517578,179.66232299804688,14.819999694824219,13.755499982833863,-0.12819120031983108
2019-12-31,31.774999618530273,179.72926330566406,13.779999732971191,13.698999977111816,-0.0865384563978191
