Date,MNST,XOM,VIX,AvgVIX,zscore
2015-01-30,19.491666793823242,54.180458068847656,20.969999313354492,19.119499969482423,-1.9648792680567257
2015-02-02,19.59166717529297,55.51915740966797,19.43000030517578,19.201499938964844,-2.0273371163773763
2015-02-03,19.44499969482422,57.1739501953125,17.329999923706055,19.071999931335448,-2.184714335839746
2015-02-04,19.788333892822266,56.68434143066406,18.329999923706055,18.932499885559082,-2.049181112309249
2015-02-05,19.72833251953125,57.24213409423828,16.850000381469727,18.80949993133545,-2.105362651580541
2015-02-06,19.524999618530273,57.13597106933594,17.290000915527344,18.823499965667725,-2.1583708701278335
2015-02-09,19.323333740234375,57.17345428466797,18.549999237060547,18.873499965667726,-2.220769396814993
2015-02-10,19.748332977294922,56.83000564575195,17.229999542236328,18.754999923706055,-2.071070044085029
2015-02-11,19.831666946411133,56.57398223876953,16.959999084472656,18.57499990463257,-2.028733243853159
2015-02-12,19.918333053588867,57.679237365722656,15.34000015258789,18.267999935150147,-2.0790822790206778
2015-02-13,19.623332977294922,58.303680419921875,14.6899995803833,17.88299994468689,-2.209556793355984
2015-02-17,19.78499984741211,58.1038703918457,15.800000190734863,17.62549991607666,-2.1478527167280723
2015-02-18,20.046667098999023,56.83000564575195,15.449999809265137,17.403499937057497,-1.9825766300567427
2015-02-19,20.18833351135254,55.84963607788086,15.289999961853027,17.22549991607666,-1.8730922214792676
2015-02-20,20.209999084472656,56.14936828613281,14.300000190734863,17.12049994468689,-1.8872912651739704
2015-02-23,20.35333251953125,55.58114242553711,14.5600004196167,17.015499973297118,-1.8056733936999574
2015-02-24,20.801666259765625,55.83714294433594,13.6899995803833,16.9239999294281,-1.6903025862979524
2015-02-25,20.63166618347168,55.94955062866211,13.84000015258789,16.754999971389772,-1.7484640475614175
2015-02-26,20.790000915527344,55.35633850097656,13.90999984741211,16.428499937057495,-1.660677023100077
2015-02-27,23.520000457763672,55.287628173828125,13.34000015258789,16.157499933242796,-0.8461622113633035
2015-03-02,23.538333892822266,54.975425720214844,13.039999961853027,15.760999965667725,-0.8192403342383238
2015-03-03,23.448333740234375,54.713157653808594,13.859999656677246,15.482499933242797,-0.8278890835440318
2015-03-04,23.25666618347168,54.43840026855469,14.229999542236328,15.327499914169312,-0.8658355126736355
2015-03-05,23.338333129882812,54.16364288330078,14.039999961853027,15.11299991607666,-0.8227040442452508
2015-03-06,22.770000457763672,53.47053146362305,15.199999809265137,15.03049988746643,-0.9435904610108565
2015-03-09,22.86833381652832,53.17704772949219,15.0600004196167,14.918999862670898,-0.8942266908256074
2015-03-10,22.65333366394043,52.61505889892578,16.690000534057617,14.825999927520751,-0.9193287774289705
2015-03-11,22.65999984741211,52.465179443359375,16.8700008392334,14.807999992370606,-0.9070377016011889
2015-03-12,22.975000381469727,52.59008026123047,15.420000076293945,14.73100004196167,-0.8221954623622947
2015-03-13,22.579999923706055,52.371524810791016,16.0,14.764000034332275,-0.9243229982025423
2015-03-16,23.00666618347168,52.927284240722656,15.609999656677246,14.810000038146972,-0.8360067470471739
2015-03-17,22.71500015258789,52.50265121459961,15.65999984741211,14.803000020980836,-0.8933017866377717
2015-03-18,22.78499984741211,53.745296478271484,13.970000267028809,14.729000043869018,-0.9580487846315666
2015-03-19,23.046667098999023,52.70872116088867,14.069999694824219,14.668000030517579,-0.8091013950754101
2015-03-20,22.920000076293945,52.789886474609375,13.020000457763672,14.604000043869018,-0.8522592869337898
2015-03-23,22.989999771118164,53.34564971923828,13.40999984741211,14.54650001525879,-0.869739584073102
2015-03-24,23.116666793823242,52.77740478515625,13.619999885559082,14.543000030517579,-0.7930640777341292
2015-03-25,22.671667098999023,52.989723205566406,15.4399995803833,14.623000001907348,-0.9396725511490135
2015-03-26,22.761667251586914,52.65250778198242,15.800000190734863,14.717500019073487,-0.8897712926743372
2015-03-27,22.998332977294922,52.19043731689453,15.069999694824219,14.803999996185302,-0.7877736290387829
2015-03-30,23.406667709350586,53.47053146362305,14.510000228881836,14.877500009536742,-0.7547389197553346
2015-03-31,23.066667556762695,53.0771369934082,15.289999961853027,14.949000024795533,-0.8285207090032971
2015-04-01,22.774999618530273,52.73994445800781,15.109999656677246,14.993000030517578,-0.8918333935730658
2015-04-02,22.610000610351562,52.64002227783203,14.670000076293945,15.024500036239624,-0.9339002679411941
2015-04-06,22.953332901000977,53.158294677734375,14.739999771118164,15.001500034332276,-0.8677233600465106
2015-04-07,22.920000076293945,53.54545974731445,14.779999732971191,14.9875,-0.9042528678756128
2015-04-08,22.96500015258789,52.490169525146484,13.979999542236328,14.851999950408935,-0.8182865826610852
2015-04-09,22.933332443237305,52.85858154296875,13.09000015258789,14.66299991607666,-0.853031713713059
2015-04-10,23.05666732788086,53.426822662353516,12.579999923706055,14.520999908447266,-0.855550095543762
2015-04-13,22.963333129882812,53.28943634033203,13.9399995803833,14.417999887466431,-0.8737813466103326
2015-04-14,22.633333206176758,54.0949592590332,13.670000076293945,14.320999908447266,-1.0270984219238393
2015-04-15,22.948333740234375,55.000389099121094,12.84000015258789,14.179999923706054,-0.9959670540988836
2015-04-16,23.0,54.781864166259766,12.600000381469727,14.111499929428101,-0.9656040922585492
2015-04-17,22.81833267211914,54.28229904174805,13.890000343322754,14.102499961853027,-0.9851144122697549
2015-04-20,23.26333236694336,54.47587203979492,13.300000190734863,14.116499948501588,-0.8664367155002409
2015-04-21,23.308332443237305,54.25107192993164,13.25,14.10849995613098,-0.8376192951746276
2015-04-22,23.31833267211914,54.61323547363281,12.710000038146973,14.062999963760376,-0.8595746874678559
2015-04-23,23.393333435058594,54.663204193115234,12.479999542236328,13.914999961853027,-0.8407660907690264
2015-04-24,23.6299991607666,54.307281494140625,12.289999961853027,13.739499950408936,-0.7460728179431753
2015-04-27,23.906667709350586,54.33224868774414,13.119999885559082,13.641999959945679,-0.6657240365279681
2015-04-28,23.456666946411133,54.825557708740234,12.40999984741211,13.536999940872192,-0.833151876906609
2015-04-29,23.19333267211914,54.8692741394043,13.390000343322754,13.44199995994568,-0.9142717318263497
2015-04-30,22.851667404174805,54.557044982910156,14.550000190734863,13.413999986648559,-0.994132699045919
2015-05-01,23.52166748046875,55.481224060058594,12.699999809265137,13.315499973297118,-0.8589897254710517
2015-05-04,23.641666412353516,55.64356994628906,12.850000381469727,13.221000003814698,-0.8345665957580901
2015-05-05,23.43833351135254,55.33136749267578,14.3100004196167,13.197500038146973,-0.8733965365646471
2015-05-06,23.413333892822266,55.06908416748047,15.149999618530273,13.25600004196167,-0.8627634404240065
2015-05-07,23.915000915527344,54.700687408447266,15.130000114440918,13.358000040054321,-0.6886057261299074
2015-05-08,21.411666870117188,55.568641662597656,12.859999656677246,13.372000026702882,-1.4908845509649837
2015-05-11,22.334999084472656,54.63683319091797,13.850000381469727,13.367500066757202,-1.1528800344042054
2015-05-12,21.98666763305664,54.787933349609375,13.859999656677246,13.377000045776366,-1.2666016342848248
2015-05-13,21.656667709350586,54.49830627441406,13.760000228881836,13.423000049591064,-1.3445576931250567
2015-05-14,22.106666564941406,54.75645446777344,12.739999771118164,13.430000019073486,-1.2288407594039974
2015-05-15,22.053333282470703,54.99568557739258,12.380000114440918,13.354500007629394,-1.261123065000003
2015-05-18,21.876667022705078,54.68090057373047,12.729999542236328,13.325999975204468,-1.2918652943169127
2015-05-19,21.71666717529297,54.76905059814453,12.850000381469727,13.305999994277954,-1.345391183299418
2015-05-20,21.540000915527344,54.857177734375,12.880000114440918,13.314499998092652,-1.4038591749145986
2015-05-21,21.70166778564453,54.907562255859375,12.109999656677246,13.296000003814697,-1.3593718409028022
2015-05-22,21.56833267211914,54.4731330871582,12.130000114440918,13.288000011444092,-1.3690278367747462
2015-05-26,21.27666664123535,53.73649978637695,14.0600004196167,13.335000038146973,-1.4048530704307924
2015-05-27,21.67333221435547,53.58537673950195,13.270000457763672,13.378000068664551,-1.2767927777459602
2015-05-28,21.53333282470703,53.58537673950195,13.3100004196167,13.374000072479248,-1.3183201225937429
2015-05-29,21.213333129882812,53.64207077026367,13.84000015258789,13.3385000705719,-1.4171414014051764
2015-06-01,21.19499969482422,53.59796905517578,13.970000267028809,13.402000093460083,-1.419544770127987
2015-06-02,21.020000457763672,53.604278564453125,14.239999771118164,13.471500062942505,-1.4718881300994977
2015-06-03,20.9950008392334,53.48466873168945,13.65999984741211,13.439000034332276,-1.4710728849138532
2015-06-04,21.196666717529297,53.02505111694336,14.710000038146973,13.41700005531311,-1.3796258465109674
2015-06-05,20.924999237060547,53.062835693359375,14.210000038146973,13.371000051498413,-1.462809349076498
2015-06-08,20.915000915527344,53.42169952392578,15.289999961853027,13.492500066757202,-1.4904697505396176
2015-06-09,20.81333351135254,53.251708984375,14.470000267028809,13.523500061035156,-1.5089292327155923
2015-06-10,21.171667098999023,53.64834976196289,13.220000267028809,13.491500091552734,-1.4299326744152017
2015-06-11,21.19499969482422,53.57278823852539,12.850000381469727,13.446000099182129,-1.4178119920163346
2015-06-12,21.398332595825195,52.89912033081055,13.779999732971191,13.49800009727478,-1.3111409399879068
2015-06-15,21.15166664123535,52.71025085449219,15.390000343322754,13.648500108718872,-1.3713115197940668
2015-06-16,22.030000686645508,53.31468200683594,14.8100004196167,13.75250015258789,-1.1523684958601437
2015-06-17,22.041667938232422,53.34613800048828,14.5,13.835000133514404,-1.151072289702431
2015-06-18,22.309999465942383,53.8183479309082,13.1899995803833,13.850500106811523,-1.1039727809283817
2015-06-19,22.286666870117188,53.64834976196289,13.960000038146973,13.94300012588501,-1.0991956610846616
2015-06-22,22.25,53.6231689453125,12.739999771118164,13.973500108718872,-1.1083392001031689
2015-06-23,22.233333587646484,53.56020736694336,12.109999656677246,13.8760000705719,-1.1089502762149896
2015-06-24,22.15999984741211,53.31468200683594,13.260000228881836,13.875500059127807,-1.1138074707540084
2015-06-25,22.795000076293945,52.842464447021484,14.010000228881836,13.910500049591064,-0.8929555051503177
2015-06-26,23.235000610351562,52.79838943481445,14.020000457763672,13.919500064849853,-0.7594073130303199
2015-06-29,22.398332595825195,52.14360427856445,18.850000381469727,14.1635000705719,-0.9625261116285039
2015-06-30,22.336666107177734,52.38285446166992,18.229999542236328,14.363000059127808,-0.9972815685597675
2015-07-01,22.416667938232422,51.860286712646484,16.09000015258789,14.484500074386597,-0.9375913366439934
2015-07-02,22.266666412353516,52.3450927734375,16.790000915527344,14.588500118255615,-1.015446730072092
2015-07-06,22.469999313354492,51.961029052734375,17.010000228881836,14.728500127792358,-0.9287043325930455
2015-07-07,22.72333335876465,52.175071716308594,16.09000015258789,14.768500137329102,-0.868288082220949
2015-07-08,22.299999237060547,51.60844039916992,19.65999984741211,15.028000116348267,-0.9548678055671544
2015-07-09,22.239999771118164,51.37550735473633,19.969999313354492,15.36550006866455,-0.9566362388351056
2015-07-10,22.684999465942383,51.765846252441406,16.829999923706055,15.564500045776366,-0.8514986765569058
2015-07-13,23.231666564941406,51.89176559448242,13.899999618530273,15.570500040054322,-0.6980083877762949
2015-07-14,23.479999542236328,52.32617950439453,13.369999885559082,15.469500017166137,-0.654240079285047
2015-07-15,23.35333251953125,52.1058349609375,13.229999542236328,15.39049997329712,-0.6766500467127443
2015-07-16,23.280000686645508,52.20027160644531,12.109999656677246,15.270999956130982,-0.7049006237544438
2015-07-17,23.343332290649414,52.01138687133789,11.949999809265137,15.208999967575073,-0.6731170703982771
2015-07-20,23.791667938232422,51.47623062133789,12.25,15.123499965667724,-0.5033034942256813
2015-07-21,24.008333206176758,51.41325378417969,12.220000267028809,15.097499990463257,-0.43470146750428457
2015-07-22,24.641666412353516,51.49513244628906,12.119999885559082,15.098000001907348,-0.2524732388484883
2015-07-23,24.7549991607666,51.085853576660156,12.640000343322754,15.067000007629394,-0.19069201264368962
2015-07-24,24.815000534057617,50.330352783203125,13.739999771118164,15.053499984741212,-0.12090550079691734
2015-07-27,24.793333053588867,49.90222930908203,15.600000381469727,15.132499980926514,-0.09787198076958264
2015-07-28,24.998332977294922,51.9295539855957,13.4399995803833,14.861999940872192,-0.17657098488970413
2015-07-29,25.219999313354492,52.3450927734375,12.5,14.575499963760375,-0.13941381208473325
2015-07-30,25.363332748413086,52.26322555541992,12.130000114440918,14.377499961853028,-0.09126394214432054
2015-07-31,25.59166717529297,49.87076187133789,12.119999885559082,14.143999910354614,0.14109940774447624
2015-08-03,25.968332290649414,49.146697998046875,12.5600004196167,13.921499919891357,0.3026530786590086
2015-08-04,25.286666870117188,48.58635330200195,13.0,13.766999912261962,0.13901318212115557
2015-08-05,25.666667938232422,48.58635330200195,12.510000228881836,13.40949993133545,0.2517310692331956
2015-08-06,24.145000457763672,49.165592193603516,13.770000457763672,13.099499988555909,-0.23949323771557912
2015-08-07,24.86166763305664,48.3723030090332,13.390000343322754,12.927500009536743,0.027677237530490433
2015-08-10,24.121667861938477,49.58114242553711,12.229999542236328,12.844000005722046,-0.2750097059013235
2015-08-11,23.799999237060547,49.244319915771484,13.710000038146973,12.86100001335144,-0.34724681242544375
2015-08-12,23.691667556762695,50.070465087890625,13.609999656677246,12.880000019073487,-0.4362305918251992
2015-08-13,24.843332290649414,49.98149108886719,13.489999771118164,12.949000024795533,-0.08849522196986233
2015-08-14,25.066667556762695,49.79718780517578,12.829999923706055,12.993000030517578,-0.009565818087753513
2015-08-17,25.11833381652832,50.05775451660156,13.020000457763672,13.031500053405761,-0.012170790775611052
2015-08-18,25.086666107177734,49.50486755371094,13.789999961853027,13.110000038146973,0.016481811861192252
2015-08-19,24.541667938232422,48.443603515625,15.25,13.26650004386902,-0.07214916283669488
2015-08-20,24.100000381469727,47.388668060302734,19.139999389648438,13.591499996185302,-0.13056516700820825
2015-08-21,23.15166664123535,45.83807373046875,28.030000686645508,14.30600004196167,-0.30516313926189037
2015-08-24,22.57666778564453,43.67104721069336,40.7400016784668,15.563000106811524,-0.3266017751318936
2015-08-25,22.393333435058594,43.664695739746094,36.02000045776367,16.692000150680542,-0.3805462943448979
2015-08-26,23.09833335876465,46.073211669921875,30.31999969482422,17.583000135421752,-0.33716377982020446
2015-08-27,23.334999084472656,47.566612243652344,26.100000381469727,18.281500148773194,-0.3697287660414805
2015-08-28,23.405000686645508,47.70642852783203,26.049999237060547,18.978000116348266,-0.35858576453352664
2015-08-31,23.07666778564453,47.81446075439453,28.43000030517578,19.77150011062622,-0.46341163899715
2015-09-01,22.5049991607666,45.80630111694336,31.399999618530273,20.691500091552733,-0.4947946180606118
2015-09-02,22.733333587646484,46.53712844848633,26.09000015258789,21.370500087738037,-0.47735560455600173
2015-09-03,22.606666564941406,46.89299774169922,25.610000610351562,21.96250009536743,-0.5394168167259015
2015-09-04,22.373332977294922,46.04780197143555,27.799999237060547,22.68300004005432,-0.5504686238111428
2015-09-08,22.816667556762695,46.70869827270508,24.899999618530273,23.31650004386902,-0.4644429569242345
2015-09-09,22.066667556762695,45.755462646484375,26.229999542236328,23.942500019073485,-0.6213164421501038
2015-09-10,22.040000915527344,46.08592224121094,24.3700008392334,24.480500078201295,-0.6519664944176148
2015-09-11,22.128332138061523,46.19395446777344,23.200000762939453,24.96600012779236,-0.633199296174319
2015-09-14,22.02666664123535,46.06684875488281,24.25,25.537000131607055,-0.6546092641704733
2015-09-15,22.079999923706055,46.30197525024414,22.540000915527344,26.013000154495238,-0.6549691276676405
2015-09-16,22.321666717529297,47.21709060668945,21.350000381469727,26.391000175476073,-0.6462568876078513
2015-09-17,22.450000762939453,47.31878662109375,21.139999389648438,26.685500144958496,-0.6151878282019876
2015-09-18,22.433332443237305,46.18759536743164,22.280000686645508,26.84250020980835,-0.5422909327982867
2015-09-21,22.540000915527344,46.638790130615234,20.139999389648438,26.448000144958495,-0.5416986322092221
2015-09-22,22.42333221435547,46.2257194519043,22.440000534057617,25.53300008773804,-0.5478807011761803
2015-09-23,22.393333435058594,45.94611740112305,22.1299991607666,24.838500022888184,-0.5375387212852453
2015-09-24,22.856666564941406,46.21937561035156,23.469999313354492,24.496000003814697,-0.4189062778540469
2015-09-25,22.704999923706055,46.53712844848633,23.6200008392334,24.37200002670288,-0.4857600828627294
2015-09-28,22.34666633605957,46.13674545288086,27.6299991607666,24.451000022888184,-0.5644991263430121
2015-09-29,22.424999237060547,46.37189483642578,26.829999923706055,24.371000003814697,-0.5574450483840714
2015-09-30,22.523332595825195,47.24885940551758,24.5,24.026000022888184,-0.5886238288556931
2015-10-01,22.366666793823242,47.06459045410156,22.549999237060547,23.848999977111816,-0.6224146746069097
2015-10-02,22.321666717529297,48.22117614746094,20.940000534057617,23.61549997329712,-0.7153514476228053
2015-10-05,22.520000457763672,48.81218338012695,19.540000915527344,23.20250005722046,-0.6971898941571943
2015-10-06,22.316667556762695,49.49851608276367,19.399999618530273,22.92750005722046,-0.8047324540375668
2015-10-07,22.44333267211914,50.33101272583008,18.399999618530273,22.536000061035157,-0.8244473319007882
2015-10-08,22.69333267211914,50.85845947265625,17.420000076293945,22.188500022888185,-0.7865864501700097
2015-10-09,22.905000686645508,50.369136810302734,17.079999923706055,21.882499980926514,-0.6901284203412408
2015-10-12,22.90999984741211,50.394569396972656,16.170000076293945,21.478499984741212,-0.6903956466219834
2015-10-13,21.946666717529297,50.30558776855469,17.670000076293945,21.23499994277954,-0.9700213842778709
2015-10-14,21.428333282470703,50.94108963012695,18.030000686645508,21.06899995803833,-1.1675031918191894
2015-10-15,21.760000228881836,51.779945373535156,16.049999237060547,20.814499950408937,-1.126846955072627
2015-10-16,22.041667938232422,52.41543197631836,15.050000190734863,20.452999925613405,-1.087027225181456
2015-10-19,22.116666793823242,51.468544006347656,14.979999542236328,20.194999933242798,-0.9996220762170713
2015-10-20,23.268333435058594,51.36688232421875,15.75,19.860499906539918,-0.6510130577279586
2015-10-21,23.148332595825195,50.97286605834961,16.700000762939453,19.58899998664856,-0.6594947220770978
2015-10-22,23.7450008392334,52.675960540771484,14.449999809265137,19.138000011444092,-0.599703649908435
2015-10-23,23.59666633605957,52.73317337036133,14.460000038146973,18.67999997138977,-0.6476404098182155
2015-10-26,23.57666778564453,51.61470031738281,15.289999961853027,18.063000011444093,-0.576606527600718
2015-10-27,23.434999465942383,51.53209686279297,15.430000305175781,17.493000030517578,-0.6129446929217021
2015-10-28,23.55666732788086,52.28833770751953,14.329999923706055,16.984500026702882,-0.6288944597270641
2015-10-29,22.773332595825195,52.25654983520508,14.609999656677246,16.587500047683715,-0.8590638372953193
2015-10-30,22.719999313354492,52.58064270019531,15.069999694824219,16.294000005722047,-0.8971857705040849
2015-11-02,22.496667861938477,54.1948127746582,14.149999618530273,16.024499940872193,-1.074508066842574
2015-11-03,22.450000762939453,55.19253158569336,14.539999961853027,15.78149995803833,-1.1570071472820782
2015-11-04,22.136667251586914,54.639652252197266,15.510000228881836,15.636999988555909,-1.2119042402637847
2015-11-05,22.040000915527344,53.896114349365234,15.050000190734863,15.518499994277954,-1.1894125240960782
2015-11-06,25.040000915527344,53.6800422668457,14.329999923706055,15.380999994277953,-0.2846683102761117
2015-11-09,24.84166717529297,52.532596588134766,16.520000457763672,15.398500013351441,-0.2645394312599062
2015-11-10,25.315000534057617,52.789024353027344,15.289999961853027,15.279500007629395,-0.1417825076524881
2015-11-11,25.34166717529297,52.32106399536133,16.059999465942383,15.180999946594238,-0.10167055763698045
2015-11-12,24.74333381652832,50.90439987182617,18.3700008392334,15.29700002670288,-0.18166579753788145
2015-11-13,24.454999923706055,50.064605712890625,20.079999923706055,15.54850001335144,-0.20940378366726417
2015-11-16,24.578332901000977,51.859527587890625,18.15999984741211,15.70750002861023,-0.2963348292855875
2015-11-17,24.268333435058594,51.25695037841797,18.84000015258789,15.862000036239625,-0.34682307961907655
2015-11-18,24.854999542236328,51.75695037841797,16.850000381469727,15.869500017166137,-0.2072098470627878
2015-11-19,24.893333435058594,51.474910736083984,16.989999771118164,15.996500015258789,-0.17643093665491336
2015-11-20,24.68166732788086,51.14797592163086,15.470000267028809,16.047000026702882,-0.21671893215110458
2015-11-23,25.06833267211914,51.46207809448242,15.619999885559082,16.063500022888185,-0.12363869763917813
2015-11-24,25.376667022705078,52.48772430419922,15.930000305175781,16.088500022888184,-0.10275718725142478
2015-11-25,26.06833267211914,52.083885192871094,15.1899995803833,16.131500005722046,0.1301978143046737
2015-11-27,26.09000015258789,52.071067810058594,15.119999885559082,16.157000017166137,0.13750694265272978
2015-11-30,25.768333435058594,52.34669494628906,16.1299991607666,16.209999990463256,0.023125647188498574
2015-12-01,26.203332901000977,52.4941520690918,14.670000076293945,16.23600001335144,0.14201041530737765
2015-12-02,25.801666259765625,50.99412536621094,15.90999984741211,16.304500007629393,0.12608794105101254
2015-12-03,25.511667251586914,50.26335906982422,18.110000610351562,16.43450002670288,0.09035345967574446
2015-12-04,26.116666793823242,50.55181121826172,14.8100004196167,16.42250003814697,0.24996218195297135
2015-12-07,25.93000030517578,49.231292724609375,15.84000015258789,16.498000049591063,0.2854615939310676
2015-12-08,26.083332061767578,47.840248107910156,17.600000381469727,16.552000045776367,0.4266661920118992
2015-12-09,25.333332061767578,48.48127746582031,19.610000610351562,16.768000078201293,0.1600858808704491
2015-12-10,25.30500030517578,48.51974868774414,19.34000015258789,16.93200011253357,0.14903463197989736
2015-12-11,24.956666946411133,47.65434646606445,24.389999389648438,17.23300004005432,0.105261471544808
2015-12-14,25.31833267211914,48.73769760131836,22.729999542236328,17.365500020980836,0.1379915376659319
2015-12-15,25.43000030517578,50.917198181152344,20.950000762939453,17.5050000667572,0.0211360812235158
2015-12-16,25.551666259765625,50.737728118896484,17.860000610351562,17.456000089645386,0.06957521627442494
2015-12-17,25.04833221435547,49.97488784790039,18.940000534057617,17.56050009727478,-0.02723269009130118
2015-12-18,24.30666732788086,49.538978576660156,20.700000762939453,17.746000146865846,-0.21723276645912065
2015-12-21,24.579999923706055,49.52617645263672,18.700000762939453,17.907500171661376,-0.13527447673168685
2015-12-22,24.583332061767578,49.77616882324219,16.600000381469727,17.956500196456908,-0.1514889106536663
2015-12-23,24.578332901000977,51.40440368652344,15.569999694824219,17.93850016593933,-0.2650161971169645
2015-12-24,24.803333282470703,50.853092193603516,15.739999771118164,17.966000175476076,-0.16033778804580082
2015-12-28,24.69333267211914,50.47489547729492,16.90999984741211,18.055500173568724,-0.16694172996112816
2015-12-29,25.02833366394043,50.74413299560547,16.079999923706055,18.0530002117157,-0.08609915322509464
2015-12-30,25.040000915527344,50.07105255126953,17.290000915527344,18.184000253677368,-0.03632138526747723
2015-12-31,24.82666778564453,49.968482971191406,18.209999084472656,18.299000215530395,-0.09254320078428807
2016-01-04,24.05666732788086,49.654354095458984,20.700000762939453,18.42850022315979,-0.29932844672812847
2016-01-05,24.344999313354492,50.07745361328125,19.34000015258789,18.65500020980835,-0.24291684302321273
2016-01-06,24.383333206176758,49.66078567504883,20.59000015258789,18.89250020980835,-0.20287369914821865
2016-01-07,24.200000762939453,48.86591339111328,24.989999771118164,19.262000179290773,-0.20255683872487767
2016-01-08,24.041667938232422,47.878719329833984,27.010000228881836,19.632000160217284,-0.18159014259519962
2016-01-11,24.34000015258789,47.237709045410156,24.299999237060547,19.880000114440918,-0.048987184419721004
2016-01-12,24.549999237060547,48.20564651489258,22.469999313354492,19.78400011062622,-0.05330325475184737
2016-01-13,23.94499969482422,48.494117736816406,25.219999313354492,19.908500099182127,-0.25261204721117536
2016-01-14,23.73666763305664,50.71849060058594,23.950000762939453,20.05850009918213,-0.4674752876357542
2016-01-15,23.52166748046875,49.73127365112305,27.020000457763672,20.516500091552736,-0.4633159731053413
2016-01-19,24.126667022705078,48.974876403808594,26.049999237060547,20.87200002670288,-0.23180759054030436
2016-01-20,23.336666107177734,46.91075134277344,27.59000015258789,21.216499996185302,-0.3241022535013178
2016-01-21,23.003332138061523,47.50048828125,26.690000534057617,21.61599998474121,-0.4635593193678321
2016-01-22,24.02666664123535,49.0838508605957,22.34000015258789,21.90299997329712,-0.2689691272513386
2016-01-25,23.34833335876465,47.42359161376953,24.149999618530273,22.33199996948242,-0.35593174579318854
2016-01-26,23.174999237060547,49.16719055175781,22.5,22.669999980926512,-0.5273300177022869
2016-01-27,22.9950008392334,48.26333236694336,23.110000610351562,22.980000019073486,-0.5185245028732198
2016-01-28,22.866666793823242,49.35307693481445,22.420000076293945,23.297000026702882,-0.63158066345079
2016-01-29,22.5049991607666,49.90437698364258,20.200000762939453,23.442500019073485,-0.7767972337938522
2016-02-01,22.905000686645508,48.90435791015625,19.979999542236328,23.53100004196167,-0.5893319747046997
2016-02-02,22.68666648864746,47.814605712890625,21.979999542236328,23.594999980926513,-0.579105820940709
2016-02-03,22.48666763305664,50.30821990966797,21.649999618530273,23.710499954223632,-0.8100246394666333
2016-02-04,21.40999984741211,51.17363739013672,21.84000015258789,23.772999954223632,-1.1889437570596932
2016-02-05,20.621667861938477,51.333885192871094,23.3799991607666,23.692499923706055,-1.433810077405971
2016-02-08,19.6200008392334,52.026187896728516,26.0,23.641999912261962,-1.7785694599924506
2016-02-09,19.81833267211914,51.79979705810547,26.540000915527344,23.753999996185303,-1.7041605155223958
2016-02-10,19.469999313354492,51.32760238647461,26.290000915527344,23.945000076293944,-1.7749916322390853
2016-02-11,19.816667556762695,51.48931121826172,28.139999389648438,24.091000080108643,-1.68328883817734
2016-02-12,20.395000457763672,52.414302825927734,25.399999618530273,24.163500022888183,-1.5753925704316283
2016-02-16,20.718332290649414,52.53719711303711,24.110000610351562,24.018000030517577,-1.4879409818929294
2016-02-17,20.906667709350586,53.041744232177734,22.309999465942383,23.83100004196167,-1.4667955662976113
2016-02-18,21.011667251586914,53.33282470703125,21.639999389648438,23.533500003814698,-1.455680300626427
2016-02-19,21.26333236694336,53.36518096923828,20.530000686645508,23.22550001144409,-1.3832566342978894
2016-02-22,21.635000228881836,53.29401397705078,19.3799991607666,23.07749996185303,-1.2681133418870283
2016-02-23,21.46500015258789,52.54368209838867,20.979999542236328,22.91899995803833,-1.2669067432675003
2016-02-24,22.066667556762695,52.73127746582031,20.719999313354492,22.829999923706055,-1.1013461170296734
2016-02-25,22.184999465942383,53.04821014404297,19.110000610351562,22.629999923706055,-1.0880551140759538
2016-02-26,21.79833221435547,52.880035400390625,19.809999465942383,22.499499893188478,-1.1911776798278992
2016-02-29,20.916667938232422,51.84507369995117,20.549999237060547,22.516999816894533,-1.381482254641783
2016-03-01,21.621667861938477,52.576026916503906,17.700000762939453,22.402999877929688,-1.2226609125584162
2016-03-02,21.291667938232422,53.494529724121094,17.09000015258789,22.158499908447265,-1.383752520417419
2016-03-03,21.411666870117188,53.30048370361328,16.700000762939453,21.910999965667724,-1.3348048447478933
2016-03-04,21.481666564941406,53.22935104370117,16.860000610351562,21.66199998855591,-1.3091462907230333
2016-03-07,21.331666946411133,54.632991790771484,17.350000381469727,21.360500049591064,-1.4502292755444506
2016-03-08,21.55500030517578,53.44926071166992,18.670000076293945,20.994000053405763,-1.302526392802747
2016-03-09,21.678333282470703,53.30048370361328,18.34000015258789,20.584000015258788,-1.2557048708627638
2016-03-10,21.941667556762695,53.15816879272461,18.049999237060547,20.17199993133545,-1.167800117313741
2016-03-11,22.309999465942383,53.1646614074707,16.5,19.589999961853028,-1.0589903756545083
2016-03-14,21.99333381652832,53.306968688964844,16.920000076293945,19.165999984741212,-1.162714033208186
2016-03-15,21.996667861938477,53.57216262817383,16.84000015258789,18.802499961853027,-1.1799739732872236
2016-03-16,22.696666717529297,53.604496002197266,14.989999771118164,18.436499977111815,-0.9745616533267786
2016-03-17,22.696666717529297,54.40013122558594,14.4399995803833,18.07649998664856,-1.0293120341062896
2016-03-18,22.7549991607666,54.46481704711914,14.020000457763672,17.75099997520447,-1.016460414946305
2016-03-21,22.420000076293945,54.08964538574219,13.789999961853027,17.47150001525879,-1.090012735237437
2016-03-22,22.433332443237305,54.41306686401367,14.170000076293945,17.13100004196167,-1.108313757442493
2016-03-23,22.13833236694336,54.17374801635742,14.9399995803833,16.84200005531311,-1.1793498612609745
2016-03-24,21.875,54.322513580322266,14.739999771118164,16.62350001335144,-1.2676979405416453
2016-03-28,22.206666946411133,54.47774887084961,15.239999771118164,16.39500002861023,-1.1799994424627123
2016-03-29,22.268333435058594,54.67827224731445,13.819999694824219,16.058500051498413,-1.175506308183136
2016-03-30,22.483333587646484,54.67180633544922,13.5600004196167,15.851500034332275,-1.1112869066480693
2016-03-31,22.229999542236328,54.07024002075195,13.949999809265137,15.694500017166138,-1.1450363292624801
2016-04-01,22.46500015258789,53.6627311706543,13.100000381469727,15.514499998092651,-1.0472871521047182
2016-04-04,22.461666107177734,53.79208755493164,14.119999885559082,15.377499961853028,-1.0571775691397762
2016-04-05,22.43666648864746,53.17759323120117,15.420000076293945,15.280999946594239,-1.0223076296346594
2016-04-06,22.36166763305664,53.88911437988281,14.09000015258789,15.051999950408936,-1.0935163826758534
2016-04-07,21.99333381652832,53.28107452392578,16.15999984741211,14.942999935150146,-1.1609321671542703
2016-04-08,22.09666633605957,53.824432373046875,15.359999656677246,14.808499956130982,-1.1676714513087296
2016-04-11,21.773332595825195,53.89559555053711,16.260000228881836,14.796499967575073,-1.2684773634272029
2016-04-12,21.698333740234375,54.56184005737305,14.850000381469727,14.692999982833863,-1.3365704758976942
2016-04-13,21.479999542236328,54.87233352661133,13.84000015258789,14.542999982833862,-1.4227000152608016
2016-04-14,21.406667709350586,55.26043701171875,13.720000267028809,14.479500007629394,-1.4711588118706533
2016-04-15,21.38833236694336,54.962890625,13.619999885559082,14.438500022888183,-1.4561223517299728
2016-04-18,21.274999618530273,55.48683166503906,13.350000381469727,14.405000019073487,-1.5257938740232524
2016-04-19,21.551666259765625,55.76499557495117,13.239999771118164,14.377500009536742,-1.4628689903530907
2016-04-20,21.114999771118164,56.146636962890625,13.279999732971191,14.332999992370606,-1.6186573174217331
2016-04-21,20.75666618347168,56.140159606933594,13.949999809265137,14.283500003814698,-1.7245023551164198
2016-04-22,20.498332977294922,56.61884307861328,13.220000267028809,14.20750002861023,-1.8340703369532485
2016-04-25,20.81999969482422,56.48945617675781,14.079999923706055,14.149500036239624,-1.7297523321553294
2016-04-26,20.6299991607666,56.68350601196289,13.960000038146973,14.156500053405761,-1.799464508518753
2016-04-27,20.571666717529297,57.22040557861328,13.770000457763672,14.16700005531311,-1.853713275650845
2016-04-28,21.30666732788086,56.9422607421875,15.220000267028809,14.230500078201294,-1.6165534862199142
2016-04-29,24.036666870117188,57.18159484863281,15.699999809265137,14.360500049591064,-0.8232362654651425
2016-05-02,24.655000686645508,57.65378189086914,14.680000305175781,14.388500070571899,-0.6723156880221639
2016-05-03,24.386667251586914,56.99399948120117,15.600000381469727,14.39750008583069,-0.7065082587722955
2016-05-04,24.391666412353516,56.884033203125,16.049999237060547,14.49550004005432,-0.6974582261081799
2016-05-05,24.325000762939453,56.94872283935547,15.90999984741211,14.483000040054321,-0.7216844518020512
2016-05-06,24.68833351135254,57.252750396728516,14.720000267028809,14.451000070571899,-0.6348319840961285
2016-05-09,24.79833221435547,57.29155731201172,14.569999694824219,14.366500043869019,-0.6048740350328771
2016-05-10,25.516666412353516,58.210079193115234,13.630000114440918,14.305500030517578,-0.4550046526606272
2016-05-11,25.071666717529297,57.92959976196289,14.6899995803833,14.348000001907348,-0.5677020205497181
2016-05-12,25.02833366394043,58.490570068359375,14.40999984741211,14.382499980926514,-0.6191579808765846
2016-05-13,24.768333435058594,57.83174514770508,15.039999961853027,14.45349998474121,-0.650944600896909
2016-05-16,25.1200008392334,58.425323486328125,14.680000305175781,14.519999980926514,-0.5874773475994776
2016-05-17,24.883333206176758,58.39925003051758,15.569999694824219,14.636499977111816,-0.6558847243622326
2016-05-18,24.803333282470703,58.28182601928711,15.949999809265137,14.769999980926514,-0.6715343687269989
2016-05-19,24.74333381652832,58.77756881713867,16.329999923706055,14.88899998664856,-0.7234454787608503
2016-05-20,24.649999618530273,58.536231994628906,15.199999809265137,14.987999963760377,-0.7345235403799819
2016-05-23,24.72166633605957,58.44490432739258,15.819999694824219,15.074999952316285,-0.7069808179163666
2016-05-24,25.018333435058594,58.490570068359375,14.420000076293945,15.097999954223633,-0.6221243006182321
2016-05-25,24.921667098999023,58.87541961669922,13.899999618530273,15.104499912261963,-0.6772807840304259
2016-05-26,25.001667022705078,58.57537078857422,13.430000305175781,15.014999914169312,-0.6329034058400167
2016-05-27,25.084999084472656,58.71235275268555,13.119999885559082,14.885999917984009,-0.6176112150320409
2016-05-31,25.0,58.06657791137695,14.1899995803833,14.861499881744384,-0.5983861088158101
2016-06-01,25.233333587646484,58.210079193115234,14.199999809265137,14.791499853134155,-0.539048304192622
2016-06-02,25.40999984741211,57.7469596862793,13.630000114440918,14.670499897003173,-0.4547758050889246
2016-06-03,25.476667404174805,57.642601013183594,13.470000267028809,14.548499917984008,-0.4278192515333237
2016-06-06,25.726667404174805,58.27531433105469,13.649999618530273,14.494999885559082,-0.3972021225659231
2016-06-07,25.636667251586914,59.1689453125,14.050000190734863,14.468999910354615,-0.48539223850822566
2016-06-08,25.863332748413086,59.22114562988281,14.079999923706055,14.491499900817871,-0.42174962595294274
2016-06-09,25.834999084472656,59.142860412597656,14.640000343322754,14.488999938964843,-0.42476703072424576
2016-06-10,25.59000015258789,58.692787170410156,17.030000686645508,14.619999980926513,-0.46646880517056005
2016-06-13,25.1299991607666,59.09065246582031,20.969999313354492,14.916499948501587,-0.6302951561174575
2016-06-14,25.496667861938477,58.98629379272461,20.5,15.207499933242797,-0.5143507076153552
2016-06-15,25.604999542236328,58.81018829345703,20.139999389648438,15.43599991798401,-0.47009838122849157
2016-06-16,25.969999313354492,59.5015869140625,19.3700008392334,15.606999969482422,-0.40940776026743714
2016-06-17,25.996667861938477,59.17546081542969,19.40999984741211,15.760999965667725,-0.37905534491897497
2016-06-20,26.02833366394043,59.43639373779297,18.3700008392334,15.919500017166138,-0.3876181573171717
2016-06-21,26.30500030517578,59.70382308959961,18.479999542236328,16.052500009536743,-0.3239545919917774
2016-06-22,26.155000686645508,59.46900177001953,21.170000076293945,16.39000000953674,-0.35228939849621776
2016-06-23,26.23666763305664,59.87995147705078,17.25,16.557500028610228,-0.3563437801938829
2016-06-24,25.573333740234375,58.30793380737305,25.760000228881836,17.174000024795532,-0.4449294067152706
2016-06-27,25.801666259765625,57.96223068237305,23.850000381469727,17.710500049591065,-0.3534112165488043
2016-06-28,25.74333381652832,59.29939651489258,18.75,17.938500070571898,-0.46272904233157036
2016-06-29,26.308332443237305,60.31046676635742,16.639999389648438,18.060500049591063,-0.3647114220311441
2016-06-30,26.78499984741211,61.1453857421875,15.630000114440918,18.160500049591064,-0.28077349524142986
2016-07-01,26.621667861938477,61.21060562133789,14.770000457763672,18.225500059127807,-0.3337098785764469
2016-07-05,26.81833267211914,60.675724029541016,15.579999923706055,18.322000074386597,-0.2385671112658946
2016-07-06,26.876667022705078,61.373661041259766,14.960000038146973,18.367500066757202,-0.2692911064426037
2016-07-07,26.85333251953125,60.63661193847656,14.760000228881836,18.401500082015993,-0.2254938383051568
2016-07-08,26.916667938232422,61.01492691040039,13.199999809265137,18.32950005531311,-0.23274010506731274
2016-07-11,26.833332061767578,61.243221282958984,13.539999961853027,18.155000019073487,-0.27316934137532217
2016-07-12,26.79833221435547,61.93465042114258,13.550000190734863,17.784000062942503,-0.33113078126088225
2016-07-13,26.963333129882812,61.88898849487305,13.039999961853027,17.411000061035157,-0.2790452008655885
2016-07-14,27.018333435058594,61.93465042114258,12.819999694824219,17.045000076293945,-0.2658728784799198
2016-07-15,26.933332443237305,62.04551696777344,12.670000076293945,16.710000038146973,-0.29871541963536524
2016-07-18,25.92333221435547,61.84987258911133,12.4399995803833,16.361500024795532,-0.5848439655340769
2016-07-19,26.22833251953125,61.621543884277344,11.970000267028809,16.0414999961853,-0.47866111454088694
2016-07-20,26.351667404174805,61.269309997558594,11.770000457763672,15.70600004196167,-0.4178384631936617
2016-07-21,26.343332290649414,61.21711730957031,12.739999771118164,15.284500026702881,-0.4167193104262091
2016-07-22,26.76333236694336,61.321475982666016,12.020000457763672,15.023000049591065,-0.29931798731571774
2016-07-25,26.678333282470703,60.14083480834961,12.869999885559082,14.378500032424927,-0.2432868994919923
2016-07-26,26.43666648864746,59.70382308959961,13.050000190734863,13.838500022888184,-0.28489908596742747
2016-07-27,26.251667022705078,59.29939651489258,12.829999923706055,13.542500019073486,-0.31194461103160986
2016-07-28,26.573333740234375,58.836273193359375,12.720000267028809,13.346500062942505,-0.18466106182312028
2016-07-29,26.77166748046875,58.020912170410156,11.869999885559082,13.158500051498413,-0.06972249893451596
2016-08-01,26.84666633605957,56.00535202026367,12.4399995803833,13.042000007629394,0.09122163758737617
2016-08-02,26.549999237060547,56.775047302246094,13.369999885559082,12.931500005722047,-0.049742660219909834
2016-08-03,26.295000076293945,57.06857681274414,12.859999656677246,12.82649998664856,-0.14558060292818806
2016-08-04,26.43166732788086,57.06205749511719,12.420000076293945,12.709499979019165,-0.10459303760733406
2016-08-05,27.086666107177734,57.11425018310547,11.390000343322754,12.619000005722047,0.08610453908710024
2016-08-08,26.49333381652832,57.78609848022461,11.5,12.517000007629395,-0.13612494039924802
2016-08-09,26.520000457763672,57.85786437988281,11.65999984741211,12.422499990463256,-0.13315340000430043
2016-08-10,26.816667556762695,56.844764709472656,12.050000190734863,12.373000001907348,0.024560386209323094
2016-08-11,26.95166778564453,57.0486946105957,11.680000305175781,12.316000032424927,0.050571740137236525
2016-08-12,26.863332748413086,57.792057037353516,11.550000190734863,12.260000038146973,-0.02678396749069432
2016-08-15,26.905000686645508,57.765743255615234,11.8100004196167,12.228500080108642,-0.01261346629181911
2016-08-16,26.60333251953125,57.83810806274414,12.640000343322754,12.26200008392334,-0.10707551202141254
2016-08-17,26.61833381652832,57.96310043334961,12.1899995803833,12.283000040054322,-0.11122690201813942
2016-08-18,26.738332748413086,58.489376068115234,11.430000305175781,12.217500066757202,-0.1118470229350685
2016-08-19,26.575000762939453,57.759185791015625,11.34000015258789,12.183500051498413,-0.1100485131301118
2016-08-22,26.52833366394043,57.88417053222656,12.270000457763672,12.153500080108643,-0.13249177749020855
2016-08-23,26.229999542236328,57.7065544128418,12.380000114440918,12.120000076293945,-0.20876281889969964
2016-08-24,26.15333366394043,57.90388870239258,13.449999809265137,12.1510000705719,-0.24508309657251479
2016-08-25,26.24333381652832,57.535499572753906,13.630000114440918,12.196500062942505,-0.19303666877070214
2016-08-26,26.17333221435547,57.4105110168457,13.649999618530273,12.285500049591064,-0.2052000169715802
2016-08-29,25.989999771118164,57.78548812866211,12.9399995803833,12.310500049591065,-0.2853844943337986
2016-08-30,25.635000228881836,57.574974060058594,13.119999885559082,12.298000049591064,-0.3762001061929674
2016-08-31,25.648332595825195,57.32498550415039,13.420000076293945,12.326000070571899,-0.35504282289412886
2016-09-01,25.72166633605957,57.12764358520508,13.479999542236328,12.379000043869018,-0.31971041628537195
2016-09-02,25.641666412353516,57.50918960571289,11.979999542236328,12.408500003814698,-0.3696958950025727
2016-09-06,25.645000457763672,58.265716552734375,12.020000457763672,12.434500026702882,-0.4207661396992268
2016-09-07,25.36166763305664,58.04862594604492,11.9399995803833,12.44850001335144,-0.4898710441389547
2016-09-08,25.35333251953125,58.58148956298828,12.510000228881836,12.471500015258789,-0.5290116165958756
2016-09-09,24.59166717529297,57.12764358520508,17.5,12.7625,-0.6548966263445627
2016-09-12,24.71666717529297,57.42369079589844,15.15999984741211,12.942999982833863,-0.6381904992693699
2016-09-13,23.98666763305664,56.05534744262695,17.850000381469727,13.244999980926513,-0.7605663626526284
2016-09-14,23.816667556762695,55.65406036376953,18.139999389648438,13.519999933242797,-0.7833787304345909
2016-09-15,24.391666412353516,55.96982192993164,16.299999237060547,13.72549991607666,-0.6345482218136533
2016-09-16,24.385000228881836,55.27907180786133,15.369999885559082,13.922499895095825,-0.5889927014662342
2016-09-19,24.573333740234375,55.147525787353516,15.529999732971191,14.13199987411499,-0.5240761072722652
2016-09-20,24.516666412353516,54.298892974853516,15.920000076293945,14.314499855041504,-0.48248773774865883
2016-09-21,24.516666412353516,54.798858642578125,13.300000190734863,14.360499858856201,-0.5168920852183694
2016-09-22,24.823333740234375,54.95674514770508,12.020000457763672,14.288999891281128,-0.43679154275344007
2016-09-23,24.746667861938477,54.89752197265625,12.289999961853027,14.221999883651733,-0.4554572238652475
2016-09-26,24.600000381469727,54.64094924926758,14.5,14.26449990272522,-0.481306845815421
2016-09-27,24.626667022705078,54.759376525878906,13.100000381469727,14.272499942779541,-0.48154623434968696
2016-09-28,24.47166633605957,57.167110443115234,12.390000343322754,14.235999965667725,-0.6932077469454322
2016-09-29,24.22833251953125,56.87765121459961,14.020000457763672,14.26599998474121,-0.7454680058189689
2016-09-30,24.468332290649414,57.41709518432617,13.289999961853027,14.256500005722046,-0.7113990137678998
2016-10-03,24.29833221435547,57.265785217285156,13.569999694824219,14.336000013351441,-0.7514131615311699
2016-10-04,24.21666717529297,56.7395133972168,13.630000114440918,14.416499996185303,-0.739422505068231
2016-10-05,24.206666946411133,57.23289108276367,12.989999771118164,14.469000005722046,-0.7763398306951591
2016-10-06,24.456666946411133,57.25919723510742,12.84000015258789,14.485500001907349,-0.703993750766236
2016-10-07,24.30666732788086,57.06184005737305,13.479999542236328,14.284499979019165,-0.7349065929977697
2016-10-10,24.3700008392334,58.18019485473633,13.380000114440918,14.195499992370605,-0.7930780968389319
2016-10-11,23.85333251953125,57.71969985961914,15.359999656677246,14.070999956130981,-0.9146466972313613
2016-10-12,24.19333267211914,57.31840133666992,15.90999984741211,13.959499979019165,-0.7861793652880534
2016-10-13,24.329999923706055,56.94343185424805,16.690000534057617,13.979000043869018,-0.7198374840347327
2016-10-14,24.18000030517578,56.93029022216797,16.1200008392334,14.016500091552734,-0.7634268279765872
2016-10-17,24.049999237060547,56.93029022216797,16.209999084472656,14.050500059127808,-0.8019884188503634
2016-10-18,24.453332901000977,57.08158874511719,15.279999732971191,14.01850004196167,-0.6927608649885999
2016-10-19,24.581666946411133,57.34473419189453,14.40999984741211,14.074000024795533,-0.6728016931784766
2016-10-20,24.434999465942383,57.37104034423828,13.75,14.160500001907348,-0.7181171780084591
2016-10-21,24.543333053588867,56.9829216003418,13.34000015258789,14.213000011444091,-0.6592749294095607
2016-10-24,25.020000457763672,57.17368698120117,13.020000457763672,14.139000034332275,-0.5310105907562171
2016-10-25,24.968332290649414,57.0486946105957,13.460000038146973,14.157000017166137,-0.5377355178896501
2016-10-26,24.350000381469727,57.2921142578125,14.239999771118164,14.249499988555907,-0.7378988732282488
2016-10-27,23.883333206176758,57.18024826049805,15.359999656677246,14.316499948501587,-0.8686262285561417
2016-10-28,23.98666763305664,55.7724609375,16.190000534057617,14.461499977111817,-0.7410999747680892
2016-10-31,24.05666732788086,54.8120002746582,17.059999465942383,14.635999965667725,-0.6542437193758829
2016-11-01,23.93833351135254,55.02909851074219,18.559999465942383,14.882499933242798,-0.7042837816867935
2016-11-02,24.04833221435547,54.89752197265625,19.31999969482422,15.198999929428101,-0.6626011644888691
2016-11-03,23.36833381652832,55.03567123413086,22.079999923706055,15.66099991798401,-0.8738123381621825
2016-11-04,22.538333892822266,54.976470947265625,22.510000228881836,16.112499952316284,-1.1159374448394013
2016-11-07,22.690000534057617,56.21321487426758,18.709999084472656,16.37899990081787,-1.1560538785907204
2016-11-08,22.666667938232422,56.61807632446289,18.739999771118164,16.547999906539918,-1.1908348151496124
2016-11-09,22.09833335876465,57.2419319152832,14.380000114440918,16.471499919891357,-1.40234680167869
2016-11-10,21.165000915527344,57.77286148071289,14.739999771118164,16.373999881744385,-1.7157317894434125
2016-11-11,20.959999084472656,56.856971740722656,14.170000076293945,16.276499843597414,-1.7135149901605782
2016-11-14,20.434999465942383,56.59815979003906,14.479999542236328,16.189999866485596,-1.8514333636486557
2016-11-15,20.809999465942383,57.620216369628906,13.369999885559082,16.09449987411499,-1.8105301279479344
2016-11-16,21.030000686645508,56.91008377075195,13.720000267028809,16.059999895095824,-1.6964055723975482
2016-11-17,20.985000610351562,56.564979553222656,13.350000381469727,16.03999991416931,-1.6860059268927408
2016-11-18,20.84000015258789,56.59815979003906,12.850000381469727,16.015499925613405,-1.7312999600663175
2016-11-21,21.795000076293945,57.40121078491211,12.420000076293945,15.985499906539918,-1.5032836164440104
2016-11-22,22.6299991607666,57.527305603027344,12.40999984741211,15.932999897003175,-1.2642788742531934
2016-11-23,22.3700008392334,57.686580657958984,12.430000305175781,15.842499923706054,-1.3523611857131297
2016-11-25,22.424999237060547,57.81930923461914,12.34000015258789,15.691499948501587,-1.3451807830748574
2016-11-28,22.645000457763672,57.387935638427734,13.149999618530273,15.53949990272522,-1.2502385878500333
2016-11-29,22.639999389648438,57.009639739990234,12.899999618530273,15.331499910354614,-1.225690196068033
2016-11-30,22.375,57.93878936767578,13.329999923706055,15.069999933242798,-1.368233652590985
2016-12-01,21.81999969482422,57.89894485473633,14.069999694824219,14.807499933242799,-1.530118883559873
2016-12-02,22.219999313354492,57.7662353515625,14.119999885559082,14.40949993133545,-1.4023367279546768
2016-12-05,22.44499969482422,58.05824661254883,12.140000343322754,13.890999937057495,-1.355690241728434
2016-12-06,22.184999465942383,58.11134338378906,11.789999961853027,13.544999980926514,-1.4364666281273877
2016-12-07,22.235000610351562,58.44978713989258,12.220000267028809,13.219000005722046,-1.4449245017481844
2016-12-08,21.524999618530273,58.615726470947266,12.640000343322754,13.132000017166138,-1.6669475301434244
2016-12-09,22.020000457763672,59.0670051574707,11.75,12.982500028610229,-1.5511718444385587
2016-12-12,22.135000228881836,60.38112258911133,12.640000343322754,12.90600004196167,-1.607488930790218
2016-12-13,22.5,61.4429817199707,12.720000267028809,12.818000078201294,-1.5722909645080092
2016-12-14,22.010000228881836,60.11564254760742,13.1899995803833,12.809000062942506,-1.626298489316505
2016-12-15,22.145000457763672,60.32136535644531,12.789999961853027,12.762500047683716,-1.6004105115001623
2016-12-16,22.25,60.51383590698242,12.199999809265137,12.705000019073486,-1.5825095596926004
2016-12-19,21.934999465942383,60.00945281982422,11.710000038146973,12.648000001907349,-1.641238326159321
2016-12-20,21.770000457763672,60.016090393066406,11.449999809265137,12.599499988555909,-1.6906379415925783
2016-12-21,22.684999465942383,59.916526794433594,11.270000457763672,12.542500019073486,-1.4123748798320672
2016-12-22,22.649999618530273,60.308082580566406,11.430000305175781,12.492500019073486,-1.4497010088015492
2016-12-23,22.78499984741211,60.2019157409668,11.4399995803833,12.447499990463257,-1.4023508376192413
2016-12-27,22.764999389648438,60.22846603393555,11.989999771118164,12.389499998092651,-1.4101104935632396
2016-12-28,22.454999923706055,59.92980194091797,12.949999809265137,12.392000007629395,-1.481512044817388
2016-12-29,22.514999389648438,59.96299743652344,13.369999885559082,12.394000005722045,-1.4659989877157533
2016-12-30,22.170000076293945,59.90326690673828,14.039999961853027,12.392500019073486,-1.5642242108163542
2017-01-03,22.770000457763672,60.32136535644531,12.850000381469727,12.32900004386902,-1.4150197709045027
2017-01-04,23.010000228881836,59.65769577026367,11.850000381469727,12.314500045776366,-1.298160420444694
2017-01-05,23.094999313354492,58.76837158203125,11.670000076293945,12.308500051498413,-1.2117501124271697
2017-01-06,22.809999465942383,58.735191345214844,11.319999694824219,12.263500022888184,-1.29400499930623
2017-01-09,22.200000762939453,57.7662353515625,11.5600004196167,12.20950002670288,-1.4082688016703306
2017-01-10,21.75,57.02955627441406,11.489999771118164,12.196500015258788,-1.4910569544784997
2017-01-11,21.9950008392334,57.61357498168945,11.260000228881836,12.127500009536742,-1.458571859808321
2017-01-12,21.55500030517578,57.30166244506836,11.539999961853027,12.068499994277953,-1.5676233312224488
2017-01-13,22.2549991607666,57.308284759521484,11.229999542236328,11.970499992370605,-1.3604417453216102
2017-01-17,21.969999313354492,57.97860336303711,11.869999885559082,11.924499988555908,-1.4911067933572835
2017-01-18,21.729999542236328,57.2618293762207,12.479999542236328,11.938499975204468,-1.5129731004669356
2017-01-19,21.674999237060547,56.23314666748047,12.779999732971191,11.991999959945678,-1.4585004008974205
2017-01-20,21.7549991607666,57.00299835205078,11.539999961853027,11.996499967575073,-1.4877465360260629
2017-01-23,21.760000228881836,56.392425537109375,11.770000457763672,12.021499967575073,-1.4442474897272681
2017-01-24,21.854999542236328,56.4720458984375,11.069999694824219,12.003499937057494,-1.4215472501962694
2017-01-25,21.565000534057617,56.63798522949219,10.8100004196167,11.971999979019165,-1.5189871125128793
2017-01-26,21.334999084472656,56.8105354309082,10.630000114440918,11.903999996185302,-1.5990851045135066
2017-01-27,21.149999618530273,56.75080871582031,10.579999923706055,11.785500001907348,-1.6498506057853946
2017-01-30,21.21500015258789,56.31941604614258,11.880000114440918,11.711000013351441,-1.6008842053928198
2017-01-31,21.299999237060547,55.67564392089844,11.989999771118164,11.608500003814697,-1.531371174613153
2017-02-01,20.90999984741211,55.045166015625,11.8100004196167,11.556500005722047,-1.6036694748142517
2017-02-02,20.905000686645508,55.383636474609375,11.930000305175781,11.560500001907348,-1.628443661646844
2017-02-03,21.31999969482422,55.44337463378906,10.970000267028809,11.525500011444091,-1.5094552911270827
2017-02-06,21.364999771118164,55.29069900512695,11.369999885559082,11.528000020980835,-1.4856010030173488
2017-02-07,21.540000915527344,54.932342529296875,11.289999961853027,11.514499998092651,-1.4090315215154177
2017-02-08,21.834999084472656,54.570682525634766,11.449999809265137,11.5125,-1.2966405733685122
2017-02-09,21.889999389648438,54.811790466308594,10.880000114440918,11.493499994277954,-1.2969175596558529
2017-02-10,22.0049991607666,55.26720428466797,10.850000381469727,11.45900001525879,-1.2941443136267348
2017-02-13,21.709999084472656,55.58869552612305,11.069999694824219,11.451000022888184,-1.4037716776373723
2017-02-14,21.690000534057617,55.4681282043457,10.739999771118164,11.394500017166138,-1.4014071016034577
2017-02-15,21.674999237060547,55.695838928222656,11.970000267028809,11.369000053405761,-1.421526417776298
2017-02-16,21.725000381469727,55.11985778808594,11.760000228881836,11.318000078201294,-1.3670595869701256
2017-02-17,21.815000534057617,54.7581901550293,11.489999771118164,11.315500068664551,-1.3154756883355196
2017-02-21,21.9950008392334,54.84526824951172,11.569999694824219,11.305500030517578,-1.2680752060079978
2017-02-22,21.969999313354492,54.202308654785156,11.739999771118164,11.339000034332276,-1.2312470396225665
2017-02-23,21.954999923706055,54.77158737182617,11.710000038146973,11.384000015258788,-1.2748702517937702
2017-02-24,21.774999618530273,54.302791595458984,11.470000267028809,11.426000022888184,-1.2960034349632032
2017-02-27,21.045000076293945,54.61085510253906,12.09000015258789,11.501500034332276,-1.533738587688527
2017-02-28,20.719999313354492,54.46352005004883,12.920000076293945,11.553500032424926,-1.620003370260247
2017-03-01,21.0049991607666,55.602081298828125,12.539999961853027,11.58100004196167,-1.613813531197509
2017-03-02,23.684999465942383,55.789615631103516,11.8100004196167,11.58100004196167,-0.8317628237684066
2017-03-03,24.020000457763672,55.22703170776367,10.960000038146973,11.53250002861023,-0.6936797688180578
2017-03-06,23.489999771118164,55.474830627441406,11.239999771118164,11.546000003814697,-0.8679432116503961
2017-03-07,23.350000381469727,55.26720428466797,11.449999809265137,11.55,-0.8951830777735849
2017-03-08,23.684999465942383,54.269283294677734,11.859999656677246,11.57849998474121,-0.7271435561897356
2017-03-09,23.5049991607666,54.69792938232422,12.300000190734863,11.621000003814697,-0.8100327832569633
2017-03-10,23.40999984741211,54.657745361328125,11.65999984741211,11.659999990463257,-0.8354467722377835
2017-03-13,23.21500015258789,54.530517578125,11.350000381469727,11.684999990463258,-0.8845336139018722
2017-03-14,23.135000228881836,54.24251174926758,12.300000190734863,11.746500015258789,-0.8884449400089837
2017-03-15,23.545000076293945,54.9189567565918,11.630000114440918,11.791000032424927,-0.8133771538233653
2017-03-16,23.440000534057617,54.96581268310547,11.210000038146973,11.753000020980835,-0.8477469790090331
2017-03-17,23.235000610351562,54.9189567565918,11.279999732971191,11.728999996185303,-0.905330802743873
2017-03-20,23.399999618530273,54.9189567565918,11.34000015258789,11.721500015258789,-0.8563879414257922
2017-03-21,23.344999313354492,54.805091857910156,12.470000267028809,11.76650004386902,-0.8648669840268461
2017-03-22,23.565000534057617,54.7581901550293,12.8100004196167,11.820000076293946,-0.7963816146676725
2017-03-23,23.280000686645508,54.82518768310547,13.119999885559082,11.89050006866455,-0.8855300761551429
2017-03-24,23.469999313354492,54.40325164794922,12.960000038146973,11.96500005722046,-0.8001368367740205
2017-03-27,23.450000762939453,54.416629791259766,12.5,11.985500049591064,-0.8069895062838822
2017-03-28,23.4950008392334,54.811790466308594,11.529999732971191,11.916000032424927,-0.8208337078227915
2017-03-29,23.614999771118164,54.932342529296875,11.420000076293945,11.860000038146973,-0.793534602198412
2017-03-30,23.1299991607666,56.05751419067383,11.539999961853027,11.846500015258789,-1.0148249080324576
2017-03-31,23.084999084472656,54.92564392089844,12.369999885559082,11.917000007629394,-0.9502851997468656
2017-04-03,22.8799991607666,54.96581268310547,12.380000114440918,11.974000024795533,-1.0138574899354456
2017-04-04,23.010000228881836,55.16673278808594,11.789999961853027,11.991000032424926,-0.9891218986285166
2017-04-05,22.96500015258789,55.27392578125,12.890000343322754,12.042500066757203,-1.0098463710398349
2017-04-06,22.875,55.59538269042969,12.390000343322754,12.047000074386597,-1.0586632322445164
2017-04-07,22.924999237060547,55.427940368652344,12.869999885559082,12.107500076293945,-1.032309920492696
2017-04-10,22.90999984741211,55.67575454711914,14.050000190734863,12.242500066757202,-1.0538120583616746
2017-04-11,22.68000030517578,55.48151397705078,15.069999694824219,12.38100004196167,-1.1086693571909878
2017-04-12,22.700000762939453,55.56859588623047,15.770000457763672,12.588000059127808,-1.1087291216969082
2017-04-13,22.450000762939453,54.71133041381836,15.960000038146973,12.825500059127808,-1.123894048946017
2017-04-17,22.5049991607666,54.637657165527344,14.65999984741211,12.994500064849854,-1.1025104308423301
2017-04-18,22.655000686645508,54.282684326171875,14.420000076293945,13.148500061035156,-1.0335893054084906
2017-04-19,22.549999237060547,53.90761947631836,14.930000305175781,13.271500062942504,-1.0389258847785159
2017-04-20,22.8700008392334,54.25590133666992,14.149999618530273,13.338500022888184,-0.9679718162772011
2017-04-21,22.69499969482422,54.04159164428711,14.630000114440918,13.414000034332275,-1.0051341802364204
2017-04-24,22.735000610351562,54.3228645324707,10.84000015258789,13.30800004005432,-1.012624250653956
2017-04-25,22.684999465942383,54.73811340332031,10.760000228881836,13.221000051498413,-1.0560305443090159
2017-04-26,22.55500030517578,54.51712417602539,10.850000381469727,13.18700008392334,-1.0793845449058093
2017-04-27,22.645000457763672,54.42333221435547,10.359999656677246,13.134000062942505,-1.046234087349296
2017-04-28,22.690000534057617,54.68452453613281,10.819999694824219,13.098000049591064,-1.0508594683302392
2017-05-01,22.280000686645508,54.95912170410156,10.109999656677246,12.985000038146973,-1.1913717191448798
2017-05-02,22.34000015258789,54.952423095703125,10.59000015258789,12.895500040054321,-1.1731134123096194
2017-05-03,22.46500015258789,55.38774871826172,10.680000305175781,12.84000005722046,-1.1659915090845343
2017-05-04,22.96500015258789,54.677825927734375,10.460000038146973,12.71850004196167,-0.9688267014686605
2017-05-05,23.725000381469727,54.932342529296875,10.569999694824219,12.627500009536742,-0.7609056508079308
2017-05-08,24.239999771118164,55.5150032043457,9.770000457763672,12.472500038146972,-0.6482387353418786
2017-05-09,23.9950008392334,55.12657165527344,9.960000038146973,12.268000030517578,-0.6941822855049328
2017-05-10,23.924999237060547,55.376705169677734,10.210000038146973,12.025000047683715,-0.7321590662747396
2017-05-11,23.940000534057617,55.849952697753906,10.600000381469727,11.76650004386902,-0.7602750846833929
2017-05-12,23.809999465942383,55.80939865112305,10.399999618530273,11.488500022888184,-0.7960460129143908
2017-05-15,23.729999542236328,55.9784049987793,10.420000076293945,11.276500034332276,-0.8314059098608217
2017-05-16,23.405000686645508,55.80939865112305,10.649999618530273,11.088000011444091,-0.9161788507290881
2017-05-17,23.399999618530273,55.43077850341797,15.59000015258789,11.121000003814697,-0.8916081462460587
2017-05-18,23.405000686645508,55.2685432434082,14.65999984741211,11.14650001525879,-0.8789607404084744
2017-05-19,23.844999313354492,55.39022445678711,12.039999961853027,11.017000007629395,-0.7568193668219927
2017-05-22,24.170000076293945,55.63361740112305,10.930000305175781,11.02150001525879,-0.6771646563044357
2017-05-23,24.71500015258789,55.82967758178711,10.720000267028809,11.019500017166138,-0.5289954794280967
2017-05-24,24.94499969482422,55.63361740112305,10.020000457763672,10.978000020980835,-0.44728025111934583
2017-05-25,25.3799991607666,55.2685432434082,9.989999771118164,10.95950002670288,-0.2931264527403025
2017-05-26,25.450000762939453,55.13331985473633,9.8100004196167,10.909000062942505,-0.26305703071270436
2017-05-30,25.354999542236328,54.8290901184082,10.380000114440918,10.922500085830688,-0.270301696757577
2017-05-31,25.280000686645508,54.423439025878906,10.40999984741211,10.9135000705719,-0.2646340071720989
2017-06-01,25.485000610351562,54.55864715576172,9.890000343322754,10.874000072479248,-0.21313000071403404
2017-06-02,25.635000228881836,53.747398376464844,9.75,10.8385000705719,-0.11281153316496924
2017-06-05,25.55500030517578,54.16654968261719,10.069999694824219,10.8135000705719,-0.16538476019677026
2017-06-06,25.375,54.90346908569336,10.449999809265137,10.847500038146972,-0.2694873283879021
2017-06-07,25.424999237060547,54.70064163208008,10.390000343322754,10.869000053405761,-0.24069904469793724
2017-06-08,25.239999771118164,54.50457763671875,10.15999984741211,10.866500043869019,-0.2820827114431663
2017-06-09,25.024999618530273,55.52545166015625,10.699999809265137,10.871500015258789,-0.41610700439299586
2017-06-12,25.31999969482422,56.0662956237793,11.460000038146973,10.924500036239625,-0.36581987501465685
2017-06-13,25.274999618530273,56.086578369140625,10.420000076293945,10.924500036239625,-0.3805637560431867
2017-06-14,25.375,55.4848747253418,10.640000343322754,10.924000072479249,-0.30949583884892923
2017-06-15,25.649999618530273,55.61333084106445,10.899999618530273,10.689500045776366,-0.23676353078084578
2017-06-16,25.155000686645508,56.44489669799805,10.380000114440918,10.475500059127807,-0.440815571058586
2017-06-19,25.43000030517578,55.95136260986328,10.369999885559082,10.39200005531311,-0.32528198986777673
2017-06-20,25.415000915527344,55.64712905883789,10.859999656677246,10.388500022888184,-0.30879583547710415
2017-06-21,25.594999313354492,55.05895233154297,10.75,10.390000009536744,-0.2149293252713935
2017-06-22,25.424999237060547,54.815582275390625,10.479999542236328,10.412999963760376,-0.24860850345906638
2017-06-23,25.9950008392334,55.17389678955078,10.020000457763672,10.414499998092651,-0.10418851993955248
2017-06-26,25.760000228881836,54.92374801635742,9.899999618530273,10.41899995803833,-0.15668202686143065
2017-06-27,25.149999618530273,54.83584976196289,11.0600004196167,10.45299997329712,-0.3315749912331052
2017-06-28,25.524999618530273,55.11979675292969,10.029999732971191,10.433999967575073,-0.23987991041773057
2017-06-29,24.954999923706055,54.55864715576172,11.4399995803833,10.511499929428101,-0.3703415524155042
2017-06-30,24.84000015258789,54.578941345214844,11.180000305175781,10.58299994468689,-0.4058498933750205
2017-07-03,24.860000610351562,55.505165100097656,11.220000267028809,10.64049997329712,-0.4636538781337746
2017-07-05,24.7549991607666,54.66006851196289,11.069999694824219,10.671499967575073,-0.43664596609258594
2017-07-06,25.165000915527344,54.16654968261719,12.539999961853027,10.778999948501587,-0.2810684012828168
2017-07-07,25.350000381469727,54.2341423034668,11.1899995803833,10.830499935150147,-0.23084417988764858
2017-07-10,25.2549991607666,54.19358825683594,11.109999656677246,10.850999927520752,-0.25623327190670026
2017-07-11,24.989999771118164,54.49105453491211,10.890000343322754,10.82249994277954,-0.35530843679735097
2017-07-12,25.209999084472656,54.73445510864258,10.300000190734863,10.816499948501587,-0.30680032568800214
2017-07-13,25.405000686645508,54.74120330810547,9.899999618530273,10.779499912261963,-0.24942230606109975
2017-07-14,25.834999084472656,54.95079040527344,9.510000228881836,10.709999942779541,-0.13629635671633022
2017-07-17,25.770000457763672,54.666839599609375,9.819999694824219,10.681999921798706,-0.13603696034119125
2017-07-18,25.920000076293945,54.49105453491211,9.890000343322754,10.657999944686889,-0.07944692426818677
2017-07-19,26.114999771118164,54.66006851196289,9.789999961853027,10.604499959945679,-0.033235533510785294
2017-07-20,26.184999465942383,54.666839599609375,9.579999923706055,10.54599995613098,-0.01293780278484651
2017-07-21,26.290000915527344,54.16654968261719,9.359999656677246,10.489999961853027,0.05263493178937068
2017-07-24,26.364999771118164,53.997528076171875,9.430000305175781,10.460499954223632,0.08651243599061782
2017-07-25,26.69499969482422,54.26795959472656,9.430000305175781,10.436999988555907,0.16578940673174883
2017-07-26,26.78499984741211,54.335567474365234,9.600000381469727,10.36399998664856,0.18783338922326706
2017-07-27,27.014999389648438,54.646541595458984,10.109999656677246,10.367999982833862,0.23465785317988114
2017-07-28,26.704999923706055,53.81499481201172,10.289999961853027,10.310500001907348,0.1999257823034047
2017-07-31,26.375,54.11244583129883,10.260000228881836,10.264499998092651,0.08157087198532637
2017-08-01,26.559999465942383,54.20033645629883,10.09000015258789,10.207999992370606,0.13039831829609744
2017-08-02,26.520000457763672,54.49105453491211,10.279999732971191,10.168499994277955,0.09852829985717475
2017-08-03,26.56999969482422,54.41667175292969,10.4399995803833,10.063499975204468,0.1184778664137566
2017-08-04,26.354999542236328,54.227378845214844,10.029999732971191,10.005499982833863,0.06772929874563254
2017-08-07,26.434999465942383,54.19358825683594,9.930000305175781,9.946500015258788,0.09378453686072784
2017-08-08,26.315000534057617,54.05836868286133,10.960000038146973,9.95,0.06749475282994108
2017-08-09,26.014999389648438,54.227378845214844,11.109999656677246,9.99049997329712,-0.033123309399817634
2017-08-10,26.260000228881836,53.90655517578125,16.040000915527344,10.297500038146973,0.06162708375634094
2017-08-11,26.90999984741211,53.38776397705078,15.510000228881836,10.597500038146972,0.2901331374635
2017-08-14,26.975000381469727,53.40142059326172,12.329999923706055,10.723000049591064,0.3084741744335315
2017-08-15,27.0049991607666,53.2717170715332,12.039999961853027,10.830500030517578,0.326297910804681
2017-08-16,27.155000686645508,52.88261795043945,11.739999771118164,10.928000020980836,0.39756738239620026
2017-08-17,26.854999542236328,52.05666732788086,15.550000190734863,11.226500034332275,0.36541597452421176
2017-08-18,27.024999618530273,52.3160514831543,14.260000228881836,11.471500062942505,0.3979931677834314
2017-08-21,27.18000030517578,52.13856887817383,13.1899995803833,11.659500026702881,0.45618346016352485
2017-08-22,27.690000534057617,52.384315490722656,11.350000381469727,11.755500030517577,0.5905517075232258
2017-08-23,27.579999923706055,52.295589447021484,12.25,11.888000011444092,0.5640282986412937
2017-08-24,27.489999771118164,52.104434967041016,12.229999542236328,11.994000005722047,0.5504859802464426
2017-08-25,27.610000610351562,52.370670318603516,11.279999732971191,12.043499994277955,0.567760686317448
2017-08-28,27.579999923706055,52.200008392333984,11.319999694824219,12.096499967575074,0.5706055578998264
2017-08-29,27.684999465942383,52.18635940551758,11.699999809265137,12.176999950408936,0.6026902999977898
2017-08-30,27.975000381469727,51.94743728637695,11.220000267028809,12.223999977111816,0.7051529233300545
2017-08-31,27.90999984741211,52.104434967041016,10.59000015258789,12.231500005722046,0.6750685805574316
2017-09-01,28.040000915527344,52.268272399902344,10.130000114440918,12.236500024795532,0.7023559573549502
2017-09-05,28.174999237060547,52.6846809387207,12.229999542236328,12.351499986648559,0.7137453637822926
2017-09-06,28.165000915527344,53.77686309814453,11.630000114440918,12.384999990463257,0.635622820175015
2017-09-07,28.18000030517578,53.947505950927734,11.550000190734863,12.407000017166137,0.6283294986081698
2017-09-08,28.15999984741211,53.804176330566406,12.119999885559082,12.210999965667725,0.6322598604866586
2017-09-11,28.329999923706055,54.097686767578125,10.729999542236328,11.97199993133545,0.6624887075881984
2017-09-12,28.040000915527344,54.268341064453125,10.579999923706055,11.88449993133545,0.5647243923483946
2017-09-13,28.190000534057617,54.452659606933594,10.5,11.807499933242799,0.5965344676636474
2017-09-14,28.290000915527344,54.67107391357422,10.4399995803833,11.742499923706054,0.6111672638995439
2017-09-15,28.09000015258789,54.657447814941406,10.170000076293945,11.47349991798401,0.5527796590498126
2017-09-18,28.334999084472656,54.67107391357422,10.149999618530273,11.26799988746643,0.6245148540854961
2017-09-19,28.1299991607666,54.75983810424805,10.180000305175781,11.117499923706054,0.5575985462686256
2017-09-20,27.975000381469727,54.98512268066406,9.779999732971191,11.038999891281128,0.49611940251981196
2017-09-21,27.78499984741211,54.53456497192383,9.670000076293945,10.909999895095826,0.47076487580145787
2017-09-22,27.905000686645508,54.5550422668457,9.59000015258789,10.777999925613404,0.5049510342380321
2017-09-25,27.584999084472656,55.27864456176758,10.210000038146973,10.724499940872192,0.36023695118784355
2017-09-26,27.600000381469727,55.217201232910156,10.170000076293945,10.666999959945679,0.3689148392778926
2017-09-27,27.440000534057617,55.585819244384766,9.869999885559082,10.575499963760375,0.2960889889102861
2017-09-28,27.739999771118164,56.1046028137207,9.550000190734863,10.491999959945678,0.3493770464526755
2017-09-29,27.625,55.96126174926758,9.510000228881836,10.437999963760376,0.3251290069440698
2017-10-02,27.56999969482422,55.722320556640625,9.449999809265137,10.403999948501587,0.32525689188806556
2017-10-03,27.635000228881836,55.811092376708984,9.510000228881836,10.267999982833862,0.3384289947880237
2017-10-04,27.610000610351562,55.831546783447266,9.630000114440918,10.167999982833862,0.3296059406363618
2017-10-05,27.700000762939453,55.98855209350586,9.1899995803833,10.049999952316284,0.3454981802030834
2017-10-06,27.684999465942383,55.77693176269531,9.649999618530273,9.926499938964843,0.3556107364075856
2017-10-09,27.69499969482422,55.99537658691406,10.329999923706055,9.90649995803833,0.343545120717376
2017-10-10,27.68000030517578,56.152374267578125,10.079999923706055,9.88149995803833,0.3282923766529903
2017-10-11,27.850000381469727,56.38447570800781,9.850000381469727,9.848999977111816,0.3627469868270022
2017-10-12,27.979999542236328,56.268436431884766,9.90999984741211,9.822499990463257,0.40929307137539866
2017-10-13,27.915000915527344,56.25477981567383,9.609999656677246,9.794499969482422,0.39095260017300765
2017-10-16,28.110000610351562,56.527828216552734,9.90999984741211,9.782499980926513,0.43000502643093963
2017-10-17,28.260000228881836,56.63020324707031,10.3100004196167,9.788999986648559,0.4674539150496943
2017-10-18,28.145000457763672,56.49369812011719,10.069999694824219,9.803499984741212,0.4427354713029304
2017-10-19,27.9950008392334,56.480045318603516,10.050000190734863,9.822499990463257,0.3991813026779915
2017-10-20,28.229999542236328,56.73262405395508,9.970000267028809,9.841499996185302,0.45150702982569607
2017-10-23,28.18000030517578,56.821353912353516,11.069999694824219,9.884499979019164,0.4305701918741852
2017-10-24,28.415000915527344,56.97834014892578,11.15999984741211,9.933999967575073,0.4894745315551586
2017-10-25,28.25,56.77357482910156,11.229999542236328,10.001999950408935,0.4546217064202476
2017-10-26,28.375,56.97834014892578,11.300000190734863,10.089499950408936,0.4776092525885687
2017-10-27,28.375,57.14219665527344,9.800000190734863,10.103999948501587,0.4663337260004852
2017-10-30,28.415000915527344,57.026126861572266,10.5,10.15649995803833,0.48618616442825735
2017-10-31,28.96500015258789,56.89645004272461,10.180000305175781,10.189999961853028,0.6582532952426741
2017-11-01,28.899999618530273,57.25139236450195,10.199999809265137,10.218499946594239,0.614547704747938
2017-11-02,28.725000381469727,57.019325256347656,9.930000305175781,10.255499982833863,0.5786078550656375
2017-11-03,28.834999084472656,56.78038787841797,9.140000343322754,10.230000019073486,0.6276783388253498
2017-11-06,28.760000228881836,57.169490814208984,9.399999618530273,10.183500003814697,0.5786562856776417
2017-11-07,28.959999084472656,57.0534553527832,9.890000343322754,10.174000024795532,0.6459657801475646
2017-11-08,29.0,56.97834014892578,9.779999732971191,10.170499992370605,0.6629999931842284
2017-11-09,29.34000015258789,57.31966781616211,10.5,10.2,0.7403646772126712
2017-11-10,30.579999923706055,57.14054870605469,11.289999961853027,10.284000015258789,1.1205056372129665
2017-11-13,31.100000381469727,57.106075286865234,11.5,10.363500022888184,1.277123103045688
2017-11-14,31.315000534057617,56.65828323364258,11.59000015258789,10.427500009536743,1.3717116656950157
2017-11-15,30.799999237060547,55.94868469238281,13.130000114440918,10.580500030517578,1.2677792131605137
2017-11-16,31.0,55.50086212158203,11.760000228881836,10.666000032424927,1.3579206791001106
2017-11-17,31.084999084472656,55.2804069519043,11.430000305175781,10.739000034332275,1.3983038224308875
2017-11-20,30.579999923706055,55.49399185180664,10.649999618530273,10.718000030517578,1.2338108455485652
2017-11-21,30.635000228881836,55.71444320678711,9.729999542236328,10.64650001525879,1.2349553095679353
2017-11-22,30.635000228881836,55.87289047241211,9.880000114440918,10.57900004386902,1.2240520113334834
2017-11-24,30.875,56.093360900878906,9.670000076293945,10.497500038146972,1.2800706636424055
2017-11-27,30.885000228881836,55.87977981567383,9.869999885559082,10.501000022888183,1.297734228300479
2017-11-28,31.045000076293945,56.265594482421875,10.029999732971191,10.477500009536744,1.318644985933411
2017-11-29,30.94499969482422,56.6789436340332,10.699999809265137,10.503499984741211,1.2605383855155465
2017-11-30,31.334999084472656,57.381683349609375,11.279999732971191,10.557499980926513,1.3278641034156242
2017-12-01,31.459999084472656,57.49879455566406,11.430000305175781,10.632499980926514,1.356883428927918
2017-12-04,31.674999237060547,57.574581146240234,11.680000305175781,10.759499979019164,1.415442754467914
2017-12-05,31.524999618530273,57.106075286865234,11.329999923706055,10.855999994277955,1.40318858034368
2017-12-06,31.635000228881836,56.685848236083984,11.020000457763672,10.9125,1.4647347922673655
2017-12-07,31.149999618530273,56.87186050415039,10.15999984741211,10.931500005722047,1.3080712561952321
2017-12-08,31.610000610351562,56.94765853881836,9.579999923706055,10.88550000190735,1.439303213479394
2017-12-11,31.469999313354492,57.2025260925293,9.34000015258789,10.788000011444092,1.3802369948506767
2017-12-12,31.454999923706055,57.01652908325195,9.920000076293945,10.70900001525879,1.3885868884368227
2017-12-13,31.7549991607666,57.26454544067383,10.180000305175781,10.638500022888184,1.4605073638500081
2017-12-14,31.565000534057617,57.11297607421875,10.489999771118164,10.506500005722046,1.4145789925319066
2017-12-15,32.005001068115234,57.2025260925293,9.420000076293945,10.389499998092651,1.5389319893067912
2017-12-18,32.01499938964844,57.14054870605469,9.529999732971191,10.294499969482422,1.546162619205662
2017-12-19,32.10499954223633,56.796058654785156,10.029999732971191,10.263499975204468,1.596564469690476
2017-12-20,32.0099983215332,57.09229278564453,9.720000267028809,10.263000011444092,1.5479998313688195
2017-12-21,31.905000686645508,57.7674674987793,9.619999885559082,10.25,1.470393807404459
2017-12-22,31.885000228881836,57.85014724731445,9.899999618530273,10.261499977111816,1.4587716916612081
2017-12-26,31.920000076293945,57.85704040527344,10.25,10.280499982833863,1.468679186099521
2017-12-27,32.1150016784668,57.80192565917969,10.470000267028809,10.302500009536743,1.5303142065803346
2017-12-28,31.459999084472656,57.884586334228516,10.180000305175781,10.276500034332276,1.3303357772439617
2017-12-29,31.645000457763672,57.622798919677734,11.039999961853027,10.264500045776368,1.4032263311164614
2018-01-02,31.354999542236328,58.58041763305664,9.770000457763672,10.181500053405761,1.25130773720525
2018-01-03,31.559999465942383,59.7309455871582,9.149999618530273,10.055000019073486,1.2329441141833066
2018-01-04,31.68000030517578,59.8136100769043,9.220000267028809,9.949500036239623,1.262850959064941
2018-01-05,31.7450008392334,59.765380859375,9.220000267028809,9.85950002670288,1.2854505719030753
2018-01-08,32.01499938964844,60.03407287597656,9.520000457763672,9.827500057220458,1.3470493252727813
2018-01-09,32.7400016784668,59.7791748046875,10.079999923706055,9.852500057220459,1.5796436713171305
2018-01-10,31.795000076293945,59.30380630493164,9.819999694824219,9.876500034332276,1.3320441285115836
2018-01-11,31.979999542236328,59.889400482177734,9.880000114440918,9.874500036239624,1.346622891255115
2018-01-12,31.885000228881836,60.29587936401367,10.15999984741211,9.87350001335144,1.2904725003513382
2018-01-16,32.279998779296875,59.91695022583008,11.65999984741211,9.932000017166137,1.4337144283536294
2018-01-17,33.53499984741211,60.626556396484375,11.90999984741211,10.056500005722047,1.757148924856546
2018-01-18,33.23500061035156,60.233882904052734,12.220000267028809,10.191000032424927,1.6951828016281794
2018-01-19,33.43000030517578,60.04098892211914,11.270000457763672,10.253000068664551,1.7662983167619986
2018-01-22,33.8849983215332,60.79882049560547,11.029999732971191,10.31850004196167,1.8491132051753632
2018-01-23,34.224998474121094,60.833274841308594,11.100000381469727,10.392500066757203,1.9475948919597397
2018-01-24,34.13999938964844,60.9917106628418,11.470000267028809,10.47100009918213,1.9114795120798407
2018-01-25,33.900001525878906,60.881473541259766,11.579999923706055,10.537500095367431,1.8478758946958969
2018-01-26,34.45500183105469,61.315513610839844,11.079999923706055,10.568000078201294,1.982635181270638
2018-01-29,34.14500045776367,60.63346481323242,13.84000015258789,10.7510000705719,1.9376150769404605
2018-01-30,33.95000076293945,59.78605651855469,14.789999961853027,10.9385000705719,1.9380863192753202
2018-01-31,34.1150016784668,60.144317626953125,13.539999961853027,11.127000045776366,1.962376574245607
2018-02-01,33.96500015258789,61.36372756958008,13.470000267028809,11.343000078201294,1.833970575376331
2018-02-02,33.314998626708984,58.235958099365234,17.309999465942383,11.747500038146972,1.8563962667034792
2018-02-05,31.924999237060547,54.92216491699219,37.31999969482422,13.152500009536743,1.6721208826564766
2018-02-06,32.10499954223633,53.978302001953125,29.979999542236328,14.175499963760377,1.7904639416488592
2018-02-07,32.275001525878906,53.00691604614258,27.729999542236328,15.05799994468689,1.9077352012310258
2018-02-08,30.9950008392334,52.407535552978516,33.459999084472656,16.23999991416931,1.569300182419877
2018-02-09,31.44499969482422,52.741615295410156,29.059999465942383,17.198999881744385,1.6797920065647423
2018-02-12,32.040000915527344,53.187042236328125,25.610000610351562,17.971499919891357,1.8256330025464185
2018-02-13,31.69499969482422,53.103511810302734,24.969999313354492,18.636999893188477,1.7290449659336846
2018-02-14,31.950000762939453,53.214874267578125,19.260000228881836,19.004499912261963,1.797021473383874
2018-02-15,32.80500030517578,53.040870666503906,19.1299991607666,19.349999856948852,2.0626096536136025
2018-02-16,32.7400016784668,53.27055740356445,19.459999084472656,19.7594997882843,2.0275238940427136
2018-02-20,32.29999923706055,52.72072219848633,20.600000381469727,20.237999820709227,1.9348441293687149
2018-02-21,32.5099983215332,52.12217712402344,20.020000457763672,20.683999824523926,2.0383230802275576
2018-02-22,32.46500015258789,52.79727554321289,18.719999313354492,21.04649977684021,1.978519658992742
2018-02-23,32.939998626708984,53.95957565307617,16.489999771118164,21.291999769210815,2.0394343236261925
2018-02-26,32.904998779296875,54.871299743652344,15.800000190734863,21.527999782562254,1.966313634661728
2018-02-27,32.084999084472656,53.9387092590332,18.59000015258789,21.765499782562255,1.7872558142123522
2018-02-28,31.684999465942383,52.71376037597656,19.850000381469727,22.01849980354309,1.752898775330908
2018-03-01,27.110000610351562,52.33792495727539,22.469999313354492,22.464999771118165,0.42170141414245427
2018-03-02,27.079999923706055,52.58152770996094,19.59000015258789,22.77099976539612,0.3960393163881923
2018-03-05,27.8700008392334,53.0826416015625,18.729999542236328,22.841999769210815,0.5958901233879849
2018-03-06,27.834999084472656,53.019996643066406,18.360000610351562,21.893999814987183,0.5898185352471441
2018-03-07,27.774999618530273,51.683719635009766,17.760000228881836,21.28299984931946,0.6639749735325822
2018-03-08,28.415000915527344,51.586280822753906,16.540000915527344,20.723499917984007,0.8605205745348424
2018-03-09,29.030000686645508,51.89250946044922,14.640000343322754,19.782499980926513,1.0218723555326135
2018-03-12,29.21500015258789,52.36577606201172,15.779999732971191,19.118499994277954,1.0441807629172184
2018-03-13,29.344999313354492,51.87162780761719,16.350000381469727,18.655499982833863,1.1167458193863733
2018-03-14,29.364999771118164,51.22435760498047,17.229999542236328,18.268499994277953,1.1672193351655389
2018-03-15,29.094999313354492,51.79507064819336,16.59000015258789,18.134999990463257,1.0478576831121695
2018-03-16,29.31999969482422,52.28225326538086,15.800000190734863,17.96850004196167,1.0810737608356862
2018-03-19,29.135000228881836,51.607147216796875,19.020000457763672,17.94650011062622,1.0726546160879034
2018-03-20,29.34000015258789,51.49577331542969,18.200000762939453,17.826500129699706,1.1411267754223877
2018-03-21,29.040000915527344,52.22658157348633,17.860000610351562,17.7185001373291,1.0018500306555678
2018-03-22,28.389999389648438,51.15476989746094,23.34000015258789,17.949500179290773,0.8827982348259064
2018-03-23,27.93000030517578,50.7302131652832,24.8700008392334,18.368500232696533,0.775566122033498
2018-03-26,28.434999465942383,51.502750396728516,21.030000686645508,18.630000257492064,0.872200662537857
2018-03-27,28.125,51.293968200683594,22.5,18.82550024986267,0.7946140305585507
2018-03-28,28.1200008392334,50.67454147338867,22.8700008392334,18.976500272750854,0.8357560251049638
2018-03-29,28.604999542236328,51.927303314208984,19.969999313354492,18.851500272750854,0.8934120283954179
2018-04-02,27.809999465942383,50.95988464355469,23.6200008392334,19.05300030708313,0.7241663710091881
2018-04-03,27.864999771118164,52.21265411376953,21.100000381469727,19.1715003490448,0.6542734950099166
2018-04-04,28.385000228881836,52.10826110839844,20.059999465942383,19.25650029182434,0.8157023666915222
2018-04-05,28.704999923706055,52.90863800048828,18.940000534057617,19.31550030708313,0.8555456641344177
2018-04-06,27.96500015258789,52.10826110839844,21.489999771118164,19.56300024986267,0.6911197663805337
2018-04-09,28.114999771118164,52.10826110839844,21.770000457763672,19.919500255584715,0.7356134309699633
2018-04-10,28.15999984741211,53.63942337036133,20.469999313354492,20.15400023460388,0.6435970751305272
2018-04-11,28.110000610351562,53.889991760253906,20.239999771118164,20.348500204086303,0.611523574342041
2018-04-12,28.264999389648438,53.74382019042969,18.489999771118164,20.411500215530396,0.6675586815422159
2018-04-13,28.34000015258789,54.175323486328125,17.40999984741211,20.452500200271608,0.660112579196478
2018-04-16,28.489999771118164,54.66251754760742,16.559999465942383,20.49050016403198,0.6710807542343636
2018-04-17,28.84000015258789,54.516353607177734,15.25,20.3020001411438,0.784957722740472
2018-04-18,28.735000610351562,55.13578796386719,15.600000381469727,20.172000122070312,0.7111868175664885
2018-04-19,28.655000686645508,55.27498245239258,15.960000038146973,20.077000093460082,0.6778783766028735
2018-04-20,28.25,54.98268127441406,16.8799991607666,19.75400004386902,0.5778592167420018
2018-04-23,28.434999465942383,55.37938690185547,16.34000015258789,19.32750000953674,0.6054360465930325
2018-04-24,27.864999771118164,54.5302734375,18.020000457763672,19.17699999809265,0.4947901831276708
2018-04-25,27.204999923706055,55.33066177368164,17.84000015258789,18.944000005722046,0.24394014759371
2018-04-26,27.549999237060547,56.277217864990234,16.239999771118164,18.612499952316284,0.28113987087843184
2018-04-27,28.094999313354492,54.14052963256836,15.40999984741211,18.384499979019164,0.5898334440167804
2018-04-30,27.5,54.11268997192383,15.930000305175781,17.999999952316283,0.41525740490615143
2018-05-01,27.600000381469727,53.555904388427734,15.489999771118164,17.719499921798707,0.4832343567520205
2018-05-02,26.360000610351562,53.45151138305664,15.970000267028809,17.51499996185303,0.12260283502413198
2018-05-03,26.155000686645508,53.27055740356445,15.899999618530273,17.36299991607666,0.07424675692766958
2018-05-04,26.3799991607666,53.521095275878906,14.770000457763672,17.026999950408936,0.12374660309902541
2018-05-07,26.655000686645508,54.1057243347168,14.75,16.675999927520753,0.16508865661573943
2018-05-08,26.540000915527344,54.34931945800781,14.710000038146973,16.387999963760375,0.11421421471366514
2018-05-09,24.55500030517578,55.62992477416992,13.420000076293945,16.046999979019166,-0.5627097899160304
2018-05-10,25.030000686645508,56.875728607177734,13.229999542236328,15.783999967575074,-0.5075407362857433
2018-05-11,24.635000228881836,57.14289093017578,12.649999618530273,15.54599995613098,-0.6430921732622633
2018-05-14,24.46500015258789,57.529579162597656,12.930000305175781,15.36449999809265,-0.7201278170747293
2018-05-15,24.100000381469727,57.5014533996582,14.630000114440918,15.333500003814697,-0.8264605117530108
2018-05-16,24.045000076293945,57.663143157958984,13.420000076293945,15.224499988555909,-0.85390141269299
2018-05-17,24.28499984741211,57.564701080322266,13.430000305175781,15.098000001907348,-0.7759373001640584
2018-05-18,24.735000610351562,57.156959533691406,13.420000076293945,14.925000047683715,-0.6143976503357103
2018-05-21,24.954999923706055,57.845943450927734,13.079999923706055,14.762000036239623,-0.5965516529800107
2018-05-22,24.84000015258789,57.395992279052734,13.220000267028809,14.52200002670288,-0.599700802395871
2018-05-23,25.0049991607666,57.7545280456543,12.579999923706055,14.259000015258788,-0.5754300133635091
2018-05-24,24.809999465942383,56.43283462524414,12.529999732971191,14.07350001335144,-0.5423215894804126
2018-05-25,24.829999923706055,55.33610153198242,13.220000267028809,13.964000034332276,-0.46091899504234946
2018-05-29,24.645000457763672,55.13222122192383,17.020000457763672,14.01850004196167,-0.501764794441604
2018-05-30,25.979999542236328,57.297576904296875,14.9399995803833,13.991000032424926,-0.25477597407927305
2018-05-31,25.579999923706055,57.114776611328125,15.430000305175781,13.964000034332276,-0.3608468215740772
2018-06-01,25.75,57.529579162597656,13.460000038146973,13.842000055313111,-0.3389644996714642
2018-06-04,25.895000457763672,56.924964904785156,12.739999771118164,13.740500020980836,-0.25434813721908517
2018-06-05,25.68000030517578,56.72107696533203,12.399999618530273,13.623000001907348,-0.30409237083855245
2018-06-06,26.600000381469727,57.69126892089844,11.640000343322754,13.469500017166137,-0.09795940455257736
2018-06-07,26.415000915527344,58.26774215698242,12.130000114440918,13.405000019073487,-0.19250400025697847
2018-06-08,27.739999771118164,58.7739372253418,12.180000305175781,13.352500057220459,0.16569101651340853
2018-06-11,28.03499984741211,58.42243957519531,12.350000381469727,13.337500095367432,0.2773832241274788
2018-06-12,28.09000015258789,57.94437789916992,12.34000015258789,13.308000087738037,0.3265947587123499
2018-06-13,28.049999237060547,57.30459213256836,12.9399995803833,13.223500061035157,0.35875532640141433
2018-06-14,28.024999618530273,57.571739196777344,12.119999885559082,13.158500051498413,0.3329565068047473
2018-06-15,28.21500015258789,56.70701599121094,11.979999542236328,13.086000013351441,0.4488200114735831
2018-06-18,28.045000076293945,56.81949996948242,12.3100004196167,13.030500030517578,0.3906533001628171
2018-06-19,27.940000534057617,56.735145568847656,13.350000381469727,13.044000053405762,0.3653125063251893
2018-06-20,27.770000457763672,56.55938720703125,12.789999961853027,13.022500038146973,0.32698073621948354
2018-06-21,27.985000610351562,56.02507781982422,14.640000343322754,13.125500059127807,0.427522852508
2018-06-22,28.43000030517578,57.21320343017578,13.770000457763672,13.187500095367431,0.477761982672804
2018-06-25,28.315000534057617,56.060218811035156,17.329999923706055,13.393000078201293,0.5229909691250213
2018-06-26,28.1200008392334,56.692962646484375,15.920000076293945,13.338000059127808,0.42160788129221427
2018-06-27,27.96500015258789,57.44520568847656,17.90999984741211,13.486500072479249,0.3238663575709997
2018-06-28,28.389999389648438,57.62799835205078,16.850000381469727,13.557500076293945,0.4373532465408323
2018-06-29,28.649999618530273,58.16231155395508,16.09000015258789,13.68900008201599,0.47770794375618003
2018-07-02,28.790000915527344,57.48037338256836,15.600000381469727,13.832000112533569,0.5661623521609901
2018-07-03,28.84000015258789,57.817813873291016,16.139999389648438,14.019000101089478,0.5577729508945588
2018-07-05,28.81999969482422,57.86701202392578,14.970000267028809,14.18550009727478,0.5484548184092964
2018-07-06,29.219999313354492,57.88108444213867,13.369999885559082,14.247500085830689,0.6661364080123443
2018-07-09,29.360000610351562,58.281803131103516,12.6899995803833,14.273000049591065,0.6800894951893965
2018-07-10,29.78499984741211,58.81613540649414,12.640000343322754,14.287500047683716,0.7693857412110009
2018-07-11,30.1200008392334,58.06386947631836,13.630000114440918,14.352000045776368,0.9205214637607777
2018-07-12,30.4950008392334,58.134185791015625,12.579999923706055,14.334000062942504,1.0269172020233246
2018-07-13,30.604999542236328,58.57005310058594,12.180000305175781,14.33700008392334,1.029552067416282
2018-07-16,30.53499984741211,57.99357604980469,12.829999923706055,14.379500102996825,1.0484577523977803
2018-07-17,31.084999084472656,57.86701202392578,12.0600004196167,14.367000102996826,1.2203106812823217
2018-07-18,30.514999389648438,57.80377197265625,12.100000381469727,14.304500102996826,1.055586180589595
2018-07-19,30.56999969482422,57.65612030029297,12.869999885559082,14.30850009918213,1.0820610728262146
2018-07-20,30.790000915527344,57.2272834777832,12.859999656677246,14.219500064849854,1.1768287039782839
2018-07-23,30.4950008392334,57.2272834777832,12.619999885559082,14.162000036239624,1.0893242517864268
2018-07-24,30.540000915527344,58.35915756225586,12.40999984741211,13.916000032424927,1.0247842809984704
2018-07-25,31.059999465942383,58.76690673828125,12.289999961853027,13.73450002670288,1.1509703318935058
2018-07-26,30.825000762939453,59.223899841308594,12.140000343322754,13.446000051498412,1.0498165398240396
2018-07-27,30.315000534057617,57.59284210205078,13.029999732971191,13.255000019073487,1.0107762888322906
2018-07-30,29.854999542236328,57.466285705566406,14.260000228881836,13.163500022888183,0.8830371880173993
2018-07-31,30.010000228881836,57.30459213256836,12.829999923706055,13.025,0.9401409831085765
2018-08-01,29.385000228881836,56.517215728759766,13.149999618530273,12.875500011444093,0.8089323056721086
2018-08-02,29.674999237060547,56.17974090576172,12.1899995803833,12.736499977111816,0.9181761118376349
2018-08-03,29.6299991607666,56.38361358642578,11.640000343322754,12.65,0.8907987794866502
2018-08-06,29.704999923706055,56.36955261230469,11.270000457763672,12.57900004386902,0.9140134783827367
2018-08-07,29.895000457763672,57.13585662841797,10.930000305175781,12.49350004196167,0.9176404218440661
2018-08-08,29.700000762939453,56.7562141418457,10.850000381469727,12.35450005531311,0.8859230991725477
2018-08-09,30.489999771118164,56.46798324584961,11.270000457763672,12.289000082015992,1.1400908547842539
2018-08-10,30.350000381469727,56.411163330078125,13.15999984741211,12.338000059127808,1.1024734826637954
2018-08-13,30.219999313354492,55.8003044128418,14.779999732971191,12.435500049591065,1.105947183011548
2018-08-14,30.889999389648438,55.62272644042969,13.3100004196167,12.498000049591065,1.316905827155946
2018-08-15,30.670000076293945,54.64963912963867,14.640000343322754,12.625000047683717,1.3186099559392346
2018-08-16,30.834999084472656,55.402549743652344,13.449999809265137,12.654000043869019,1.3157424629662926
2018-08-17,31.084999084472656,55.587223052978516,12.640000343322754,12.643000078201293,1.377190757210431
2018-08-20,31.045000076293945,55.97787857055664,12.489999771118164,12.636500072479247,1.3384437018120952
2018-08-21,30.93000030517578,55.992088317871094,12.859999656677246,12.659000062942505,1.3033540521248235
2018-08-22,30.5049991607666,56.79472351074219,12.25,12.657000064849854,1.1220559364398244
2018-08-23,30.34000015258789,56.16967010498047,12.40999984741211,12.670500040054321,1.1161251376435988
2018-08-24,30.325000762939453,56.55323028564453,11.989999771118164,12.61850004196167,1.0852818531145434
2018-08-27,30.219999313354492,57.10725402832031,12.15999984741211,12.513500022888184,1.0160115102263216
2018-08-28,30.395000457763672,57.02200698852539,12.5,12.497000026702882,1.0737873974053207
2018-08-29,30.690000534057617,57.433982849121094,12.25,12.452000045776368,1.132942381679563
2018-08-30,30.40999984741211,57.185394287109375,13.529999732971191,12.519000053405762,1.0669933553367885
2018-08-31,30.44499969482422,56.94386291503906,12.859999656677246,12.580000019073486,1.0939957912938345
2018-09-04,30.46500015258789,57.02909851074219,13.15999984741211,12.674499988555908,1.0940630779325962
2018-09-05,30.725000381469727,57.78912353515625,13.90999984741211,12.823499965667725,1.1188857727106785
2018-09-06,30.670000076293945,57.14985656738281,14.649999618530273,13.013499927520751,1.1465614433494458
2018-09-07,30.170000076293945,58.122962951660156,14.880000114440918,13.193999910354615,0.9312860725644833
2018-09-10,29.8799991607666,58.03772735595703,14.15999984741211,13.243999910354614,0.8511298502041639
2018-09-11,29.045000076293945,58.854557037353516,13.220000267028809,13.165999937057496,0.5472392484171369
2018-09-12,29.145000457763672,59.04632568359375,13.140000343322754,13.157499933242798,0.5637056236728635
2018-09-13,29.469999313354492,58.47099685668945,12.369999885559082,13.043999910354614,0.6996988135155342
2018-09-14,29.764999389648438,58.89717483520508,12.069999694824219,12.974999904632568,0.757876501484719
2018-09-17,29.860000610351562,59.245208740234375,13.680000305175781,13.026999902725219,0.7621068528717957
2018-09-18,29.69499969482422,59.40147399902344,12.789999961853027,13.041999912261963,0.7024102789044274
2018-09-19,29.65999984741211,60.11176300048828,11.75,12.986499929428101,0.6431510273260914
2018-09-20,30.190000534057617,60.24671936035156,11.800000190734863,12.963999938964843,0.7910757703570485
2018-09-21,29.924999237060547,60.49532699584961,11.680000305175781,12.927499961853027,0.695362169990236
2018-09-24,29.149999618530273,61.51102066040039,12.199999809265137,12.937999963760376,0.39558441009336454
2018-09-25,28.96500015258789,61.43999481201172,12.420000076293945,12.950999975204468,0.3455964408267354
2018-09-26,29.155000686645508,60.92860412597656,12.890000343322754,12.970499992370605,0.43714592643577205
2018-09-27,29.15999984741211,60.9215087890625,12.40999984741211,12.97849998474121,0.43911705782175653
2018-09-28,29.139999389648438,60.388771057128906,12.119999885559082,12.907999992370605,0.46984392362626165
2018-10-01,28.68000030517578,60.94990158081055,12.0,12.865000009536743,0.29478329972550366
2018-10-02,28.594999313354492,61.411590576171875,12.050000190734863,12.809500026702882,0.2377994660664574
2018-10-03,28.334999084472656,61.19143295288086,11.609999656677246,12.694500017166138,0.17582664908030837
2018-10-04,27.985000610351562,60.78654861450195,14.220000267028809,12.673000049591064,0.09986976298185012
2018-10-05,28.094999313354492,60.61606979370117,14.819999694824219,12.670000028610229,0.14422937929848953
2018-10-08,28.2450008392334,61.17720413208008,15.6899995803833,12.746500015258789,0.1501100367623757
2018-10-09,28.274999618530273,61.447139739990234,15.949999809265137,12.882999992370605,0.14043323786446113
2018-10-10,26.950000762939453,60.03363037109375,22.959999084472656,13.3739999294281,-0.15532637888739845
2018-10-11,26.415000915527344,57.9595947265625,24.979999542236328,14.004499912261963,-0.17129932171112036
2018-10-12,26.645000457763672,57.803321838378906,21.309999465942383,14.46649990081787,-0.09232199306977518
2018-10-15,26.100000381469727,57.40556335449219,21.299999237060547,14.84749984741211,-0.22661161989679884
2018-10-16,26.549999237060547,57.67546081542969,17.6200008392334,15.088999891281128,-0.11170319346007375
2018-10-17,26.315000534057617,57.88857650756836,17.399999618530273,15.371499872207641,-0.19607494682993767
2018-10-18,25.915000915527344,58.137168884277344,20.059999465942383,15.784499835968017,-0.33183139928042854
2018-10-19,26.05500030517578,58.22239303588867,19.889999389648438,16.194999790191652,-0.29616861977008524
2018-10-22,26.045000076293945,57.63996887207031,19.639999389648438,16.566999769210817,-0.2590563409192392
2018-10-23,26.31999969482422,56.709476470947266,20.709999084472656,16.98149971961975,-0.11345416382214409
2018-10-24,26.010000228881836,55.13264465332031,25.229999542236328,17.59849967956543,-0.09690062263532034
2018-10-25,26.2549991607666,55.62272644042969,24.219999313354492,18.18899965286255,-0.057951972993583394
2018-10-26,25.524999618530273,55.068702697753906,24.15999984741211,18.7909996509552,-0.23636395374033634
2018-10-29,25.65999984741211,54.727779388427734,24.700000762939453,19.425999689102174,-0.17285938701324438
2018-10-30,26.485000610351562,55.95657730102539,23.350000381469727,19.990999698638916,-0.012701169952494967
2018-10-31,26.424999237060547,56.59583282470703,21.229999542236328,20.47199969291687,-0.0744884472292932
2018-11-01,27.225000381469727,57.29901885986328,19.34000015258789,20.727999687194824,0.114423404231057
2018-11-02,27.049999237060547,58.208187103271484,19.510000228881836,20.962499713897706,-4.9318764251500516e-05
2018-11-05,27.354999542236328,57.98799514770508,19.959999084472656,21.175999689102174,0.10557361468430063
2018-11-06,27.395000457763672,58.23659133911133,19.90999984741211,21.373999691009523,0.10033213952572831
2018-11-07,27.954999923706055,58.975303649902344,16.360000610351562,21.043999767303468,0.21560876419616973
2018-11-08,27.06999969482422,58.03772735595703,16.719999313354492,20.630999755859374,0.017613238901017278
2018-11-09,28.420000076293945,58.023353576660156,17.360000610351562,20.433499813079834,0.419046460652655
2018-11-12,27.375,57.27719497680664,20.450000762939453,20.39099988937378,0.16041884485090152
2018-11-13,27.889999389648438,55.96417999267578,20.020000457763672,20.510999870300292,0.40353368560172587
2018-11-14,27.2450008392334,55.52651596069336,21.25,20.70349988937378,0.24232803013423088
2018-11-15,27.649999618530273,56.100502014160156,19.979999542236328,20.699499893188477,0.322962924587911
2018-11-16,27.885000228881836,56.6529655456543,18.139999389648438,20.611999893188475,0.3546531190800834
2018-11-19,28.520000457763672,56.83951187133789,20.100000381469727,20.63499994277954,0.5301732887620275
2018-11-20,27.889999389648438,55.225162506103516,22.479999542236328,20.723499965667724,0.4543880062792594
2018-11-21,28.014999389648438,55.648475646972656,20.799999237060547,20.501999950408937,0.462336529451867
2018-11-23,28.65999984741211,54.16326904296875,21.520000457763672,20.367000007629393,0.7558620553321719
2018-11-26,28.40999984741211,55.23234558105469,18.899999618530273,20.1039999961853,0.608138946285705
2018-11-27,28.8799991607666,55.282569885253906,19.020000457763672,19.819999980926514,0.7440964733991257
2018-11-28,29.549999237060547,56.28704833984375,18.489999771118164,19.576999950408936,0.8737137721898253
2018-11-29,29.399999618530273,56.72470474243164,18.790000915527344,19.455000019073488,0.7991034737613072
2018-11-30,29.84000015258789,57.04041290283203,18.06999969482422,19.391499996185303,0.9078937553222165
2018-12-03,30.0,58.274497985839844,16.440000534057617,19.238000011444093,0.870432124542766
2018-12-04,28.915000915527344,56.99020767211914,20.739999771118164,19.27700004577637,0.6369704791740358
2018-12-06,29.135000228881836,56.244014739990234,21.190000534057617,19.341000080108643,0.7535759038135382
2018-12-07,28.704999923706055,55.705902099609375,23.229999542236328,19.68450002670288,0.6630563548810482
2018-12-10,28.475000381469727,54.91664123535156,22.639999389648438,19.98050003051758,0.6491444374536023
2018-12-11,28.790000915527344,55.017086029052734,21.760000228881836,20.200500011444092,0.7356695793547908
2018-12-12,28.719999313354492,54.543548583984375,21.459999084472656,20.250999927520752,0.7474910722479475
2018-12-13,26.71500015258789,55.23234558105469,20.649999618530273,20.282499885559083,0.10535934831309836
2018-12-14,26.344999313354492,54.22785568237305,21.6299991607666,20.301499843597412,0.06473016620835471
2018-12-17,25.625,53.1229362487793,24.520000457763672,20.52849988937378,-0.07280647825134273
2018-12-18,25.614999771118164,51.65924835205078,25.579999923706055,20.90049991607666,0.024948571967148458
2018-12-19,24.719999313354492,50.783897399902344,25.579999923706055,21.174499893188475,-0.18029521164824297
2018-12-20,24.604999542236328,49.24129104614258,28.3799991607666,21.46949987411499,-0.10825502113756673
2018-12-21,24.114999771118164,48.87538146972656,30.110000610351562,21.93499994277954,-0.22842180451509908
2018-12-24,23.975000381469727,47.00273513793945,36.06999969482422,22.66249990463257,-0.14108595085587794
2018-12-26,24.549999237060547,49.24848175048828,30.40999984741211,23.23799991607666,-0.12506431379091473
2018-12-27,24.719999313354492,49.463722229003906,29.959999084472656,23.78499984741211,-0.08944944316341018
2018-12-28,24.520000457763672,48.91126251220703,28.34000015258789,24.277499866485595,-0.11075749817836081
2018-12-31,24.610000610351562,48.925601959228516,25.420000076293945,24.608999824523927,-0.0850479326613738
2019-01-02,24.3799991607666,50.00184631347656,23.219999313354492,24.866499805450438,-0.22733220993610237
2019-01-03,24.0,49.23413848876953,25.450000762939453,25.31699981689453,-0.2872209303154748
2019-01-04,24.895000457763672,51.049381256103516,21.3799991607666,25.348999786376954,-0.14665431691608363
2019-01-07,24.864999771118164,51.31483840942383,21.399999618530273,25.359499740600587,-0.17382029071968094
2019-01-08,26.415000915527344,51.68793487548828,20.469999313354492,25.221499729156495,0.2602750416050492
2019-01-09,26.665000915527344,51.96057891845703,19.979999542236328,25.088499736785888,0.31566976880891623
2019-01-10,26.6299991607666,51.695133209228516,19.5,24.9754997253418,0.3235535939008894
2019-01-11,27.184999465942383,51.458343505859375,18.190000534057617,24.811999797821045,0.5044749713780098
2019-01-14,27.075000762939453,51.39377975463867,19.06999969482422,24.732999801635742,0.4762894382835323
2019-01-15,27.3799991607666,51.42247772216797,18.600000381469727,24.5814998626709,0.564784839157173
2019-01-16,26.905000686645508,51.400943756103516,19.040000915527344,24.307499885559082,0.42537015476925544
2019-01-17,27.135000228881836,51.752506256103516,18.059999465942383,23.931499862670897,0.4694015935618054
2019-01-18,27.790000915527344,52.36955642700195,17.799999237060547,23.542499828338624,0.6212299608224132
2019-01-22,27.739999771118164,51.58031463623047,20.799999237060547,23.16349983215332,0.6607087889298735
2019-01-23,27.59000015258789,51.15700149536133,19.520000457763672,22.633999824523926,0.6453447492869677
2019-01-24,27.68000030517578,51.22874450683594,18.889999389648438,21.774999809265136,0.6671041792147788
2019-01-25,27.924999237060547,51.458343505859375,17.420000076293945,21.12549982070923,0.7239775403511539
2019-01-28,27.780000686645508,51.11393737792969,18.8700008392334,20.570999908447266,0.7046670820419654
2019-01-29,27.739999771118164,51.30766677856445,19.1299991607666,20.1104998588562,0.6794706204666359
2019-01-30,28.110000610351562,51.867313385009766,17.65999984741211,19.72249984741211,0.7507109908662094
2019-01-31,28.6200008392334,52.57762145996094,16.56999969482422,19.389999866485596,0.8531111752061701
2019-02-01,28.975000381469727,54.47179412841797,16.139999389648438,18.924499797821046,0.8280684807273259
2019-02-04,29.09000015258789,53.68255615234375,15.729999542236328,18.641999816894533,0.9164904734181432
2019-02-05,28.80500030517578,54.235023498535156,15.569999694824219,18.350499820709228,0.7939351734481275
2019-02-06,28.68000030517578,53.998252868652344,15.380000114440918,18.09599986076355,0.7731500221225233
2019-02-07,28.71500015258789,53.582122802734375,16.3700008392334,17.915499925613403,0.8121671913276161
2019-02-08,28.94499969482422,53.669166564941406,15.720000267028809,17.726499938964842,0.8744010691170198
2019-02-11,29.0,53.756229400634766,15.970000267028809,17.615499925613403,0.8847244533348692
2019-02-12,29.44499969482422,54.69932174682617,15.430000305175781,17.43349995613098,0.9518251604158853
2019-02-13,29.655000686645508,55.315948486328125,15.649999618530273,17.285999917984007,0.9716845486577251
2019-02-14,29.315000534057617,55.3304557800293,16.219999313354492,17.144999837875368,0.8698336440180141
2019-02-15,29.360000610351562,56.375118255615234,14.90999984741211,16.98749985694885,0.8112950022996842
2019-02-19,29.114999771118164,56.75234603881836,14.880000114440918,16.841499900817873,0.7126632491739914
2019-02-20,29.350000381469727,56.9699821472168,14.020000457763672,16.502499961853026,0.7673940637531361
2019-02-21,29.440000534057617,56.45492172241211,14.460000038146973,16.24949994087219,0.8295334449885119
2019-02-22,29.219999313354492,56.89019775390625,13.510000228881836,15.980499982833862,0.7343227098442473
2019-02-25,29.270000457763672,56.94822692871094,14.850000381469727,15.851999998092651,0.7451611225754411
2019-02-26,29.3700008392334,57.06430435180664,15.170000076293945,15.666999959945679,0.7668360697583629
2019-02-27,29.3700008392334,57.651912689208984,14.699999809265137,15.445499992370605,0.7264007304517754
2019-02-28,31.915000915527344,57.33271026611328,14.779999732971191,15.30149998664856,1.5032772591877614
2019-03-01,32.369998931884766,58.036407470703125,13.569999694824219,15.15149998664856,1.58981731866346
2019-03-04,32.5099983215332,58.261287689208984,14.630000114440918,15.076000022888184,1.6158698865895575
2019-03-05,31.309999465942383,58.17423629760742,14.739999771118164,15.026500034332276,1.2659103080767704
2019-03-06,30.8700008392334,57.51408767700195,15.739999771118164,15.035000038146972,1.1808227183303843
2019-03-07,30.795000076293945,58.15248489379883,16.59000015258789,15.095500040054322,1.1146453073570703
2019-03-08,30.30500030517578,57.318206787109375,16.049999237060547,15.079499959945679,1.0267085643595926
2019-03-11,30.594999313354492,57.87680435180664,14.329999923706055,15.00999994277954,1.0742905649763748
2019-03-12,30.114999771118164,58.036407470703125,13.770000457763672,14.899999952316284,0.9209277755320819
2019-03-13,29.885000228881836,58.55147933959961,13.40999984741211,14.798999929428101,0.8172602619418294
2019-03-14,29.834999084472656,58.35560989379883,13.5,14.691499948501587,0.8159071096691211
2019-03-15,30.135000228881836,58.145233154296875,12.880000114440918,14.524499988555908,0.9193717475454133
2019-03-18,30.299999237060547,58.81990432739258,13.100000381469727,14.434000015258789,0.921888178079516
2019-03-19,28.959999084472656,58.66753387451172,13.5600004196167,14.368000030517578,0.5348955169479468
2019-03-20,28.25,58.993995666503906,13.90999984741211,14.3625,0.301826954799313
2019-03-21,27.100000381469727,59.33498001098633,13.630000114440918,14.321000003814698,-0.06275619364732608
2019-03-22,26.7549991607666,58.3846321105957,16.479999542236328,14.469499969482422,-0.09969555534883585
2019-03-25,27.274999618530273,57.97835922241211,16.329999923706055,14.543499946594238,0.08250670349286182
2019-03-26,27.809999465942383,58.73284912109375,14.680000305175781,14.51899995803833,0.1892821019111845
2019-03-27,27.440000534057617,58.283050537109375,15.149999618530273,14.541499948501587,0.11048327917545536
2019-03-28,27.229999542236328,58.5732307434082,14.430000305175781,14.523999977111817,0.02822340372963785
2019-03-29,27.290000915527344,58.61677932739258,13.710000038146973,14.530999994277954,0.04302459518018497
2019-04-01,26.639999389648438,59.29145431518555,13.399999618530273,14.469499969482422,-0.19620892093975742
2019-04-02,26.665000915527344,59.037532806396484,13.359999656677246,14.400499963760376,-0.171319631275055
2019-04-03,26.295000076293945,58.689308166503906,13.739999771118164,14.300499963760377,-0.25710867025244155
2019-04-04,26.434999465942383,59.523590087890625,13.579999923706055,14.149999952316284,-0.2729911176444267
2019-04-05,26.440000534057617,59.84280014038086,12.819999694824219,13.988499975204467,-0.2934736102942667
2019-04-08,26.53499984741211,60.21278381347656,13.180000305175781,13.930999994277954,-0.2907542632832919
2019-04-09,27.344999313354492,59.4365348815918,14.279999732971191,13.95649995803833,0.002928321874102496
2019-04-10,27.485000610351562,59.16810989379883,13.300000190734863,13.950999975204468,0.0629274739081849
2019-04-11,27.375,59.45104217529297,13.020000457763672,13.92699999809265,0.010828984604784552
2019-04-12,26.510000228881836,58.703834533691406,12.010000228881836,13.883500003814698,-0.19433381923220955
2019-04-15,27.03499984741211,58.50796127319336,12.319999694824219,13.844499969482422,-0.025127001347489217
2019-04-16,27.100000381469727,58.90694046020508,12.180000305175781,13.775499963760376,-0.03330132827051226
2019-04-17,27.44499969482422,59.073822021484375,12.600000381469727,13.709999990463256,0.057550465898378374
2019-04-18,27.600000381469727,58.85616683959961,12.09000015258789,13.632999992370605,0.11850517068474593
2019-04-22,27.485000610351562,60.14022445678711,12.420000076293945,13.430000019073486,-0.003967053785338618
2019-04-23,28.114999771118164,60.48844528198242,12.279999732971191,13.227500009536744,0.15894429790668368
2019-04-24,28.40999984741211,59.31321334838867,13.140000343322754,13.150500011444091,0.3273204787211761
2019-04-25,28.950000762939453,59.64693069458008,13.25,13.055500030517578,0.4645341182655486
2019-04-26,29.825000762939453,58.39188003540039,12.729999542236328,12.970499992370605,0.8104454832082812
2019-04-29,29.344999313354492,58.014644622802734,13.109999656677246,12.940499973297118,0.6940238233265694
2019-04-30,29.799999237060547,58.239532470703125,13.119999885559082,12.92649998664856,0.8135129579230884
2019-05-01,28.969999313354492,57.071556091308594,14.800000190734863,12.99850001335144,0.6476865261670802
2019-05-02,28.9950008392334,56.07041931152344,14.420000076293945,13.03250002861023,0.7239942540917949
2019-05-03,31.55500030517578,56.20101547241211,12.869999885559082,12.997000026702882,1.4743678006894096
2019-05-06,31.309999465942383,55.95435333251953,15.4399995803833,13.128000020980835,1.4186680468642339
2019-05-07,30.799999237060547,55.65692138671875,19.31999969482422,13.434999990463258,1.2878564440485087
2019-05-08,30.84000015258789,55.74397659301758,19.399999618530273,13.690999984741211,1.2937311565424383
2019-05-09,30.959999084472656,55.69319534301758,19.100000381469727,13.980999994277955,1.3328202933903868
2019-05-10,31.5,56.17748260498047,16.040000915527344,14.132000017166138,1.4596727020841227
2019-05-13,31.170000076293945,55.553775787353516,20.549999237060547,14.558999967575073,1.404705812867316
2019-05-14,31.174999237060547,55.62715148925781,18.059999465942383,14.845999956130981,1.4011394568627051
2019-05-15,31.53499984741211,56.03806686401367,16.440000534057617,15.058999967575073,1.4796482122313173
2019-05-16,31.96500015258789,56.030731201171875,15.289999961853027,15.193499946594239,1.6077019243319333
2019-05-17,31.815000534057617,55.70053482055664,15.960000038146973,15.386999940872192,1.5859302019583126
2019-05-20,31.80500030517578,55.69320297241211,16.309999465942383,15.581499910354614,1.583468411762279
2019-05-21,31.8700008392334,55.95000457763672,14.949999809265137,15.714999914169312,1.5850778104867955
2019-05-22,32.0,55.4437141418457,14.75,15.795499897003173,1.658478411983885
2019-05-23,31.614999771118164,54.144935607910156,16.920000076293945,15.978999900817872,1.633651040604144
2019-05-24,31.709999084472656,54.372406005859375,15.850000381469727,16.13499994277954,1.6461772134707833
2019-05-28,31.135000228881836,53.27907943725586,17.5,16.354499959945677,1.550853611926145
2019-05-29,30.8799991607666,52.94888687133789,17.899999618530273,16.59349994659424,1.4979355526466822
2019-05-30,31.139999389648438,52.809478759765625,17.299999237060547,16.718499898910522,1.5846513175571117
2019-05-31,30.93000030517578,51.928932189941406,18.709999084472656,16.932999849319458,1.5829537212084548
2019-06-03,31.405000686645508,52.74342346191406,18.860000610351562,17.232499885559083,1.6678028672447625
2019-06-04,31.434999465942383,53.99818420410156,16.969999313354492,17.308999872207643,1.590356882773
2019-06-05,32.01499938964844,53.55057144165039,16.09000015258789,17.147499895095827,1.7932012324269186
2019-06-06,31.920000076293945,54.52650833129883,15.930000305175781,16.9739999294281,1.697864488469432
2019-06-07,32.959999084472656,54.72462463378906,16.299999237060547,16.83399987220764,1.9927213262928956
2019-06-10,32.875,54.96676254272461,15.9399995803833,16.82899980545044,1.9508461195192108
2019-06-11,32.25,54.9153938293457,15.989999771118164,16.60099983215332,1.7689902357712282
2019-06-12,32.040000915527344,54.321048736572266,15.90999984741211,16.493499851226808,1.7475981369828089
2019-06-13,30.299999237060547,54.797996520996094,15.819999694824219,16.462499809265136,1.1986494090899302
2019-06-14,30.665000915527344,54.55583953857422,15.279999732971191,16.461999797821044,1.3235817496062883
2019-06-17,30.959999084472656,55.098846435546875,15.350000381469727,16.431499814987184,1.3737194743760068
2019-06-18,31.059999465942383,55.575775146484375,15.149999618530273,16.373499822616576,1.3705630103376274
2019-06-19,31.18000030517578,55.26760482788086,14.329999923706055,16.342499828338624,1.427364535029805
2019-06-20,31.760000228881836,56.21416473388672,14.75,16.342499828338624,1.534271095321775
2019-06-21,31.889999389648438,57.00664138793945,15.399999618530273,16.26649980545044,1.5182990916066552
2019-06-24,31.780000686645508,56.4636344909668,15.260000228881836,16.236999797821046,1.5230368676383135
2019-06-25,31.665000915527344,55.964683532714844,16.280000686645508,16.17599983215332,1.5232595611014375
2019-06-26,31.799999237060547,56.20682907104492,16.209999084472656,16.09149980545044,1.5466406005687034
2019-06-27,31.78499984741211,55.634490966796875,15.819999694824219,16.01749982833862,1.5815759461793704
2019-06-28,31.915000915527344,56.22883605957031,15.079999923706055,15.835999870300293,1.5792386185698908
2019-07-01,32.3849983215332,56.17748260498047,14.0600004196167,15.59599986076355,1.7221854928920528
2019-07-02,32.32500076293945,55.561100006103516,12.930000305175781,15.393999910354614,1.7468041006235615
2019-07-03,32.974998474121094,56.08942794799805,12.569999694824219,15.21799988746643,1.9032537393680695
2019-07-05,32.959999084472656,55.8619499206543,13.279999732971191,15.0854998588562,1.914458083671699
2019-07-08,33.0,56.11878204345703,13.960000038146973,14.968499898910522,1.9086498659069973
2019-07-09,32.380001068115234,56.08209228515625,14.09000015258789,14.875999927520752,1.7272673158129714
2019-07-10,32.51499938964844,56.87456512451172,13.029999732971191,14.727999925613403,1.71277845158722
2019-07-11,32.400001525878906,56.9185791015625,12.930000305175781,14.578999948501586,1.6756384366895025
2019-07-12,32.5,56.96260452270508,12.390000343322754,14.407499980926513,1.7022709627757284
2019-07-15,32.630001068115234,56.55904006958008,12.680000305175781,14.277500009536743,1.7686032038521975
2019-07-16,32.89500045776367,55.71519088745117,12.859999656677246,14.152999973297119,1.9052768449904087
2019-07-17,32.869998931884766,55.38500213623047,13.970000267028809,14.094000005722046,1.9205821799635494
2019-07-18,32.48500061035156,54.9153938293457,13.529999732971191,14.053999996185302,1.8386973352808413
2019-07-19,31.6299991607666,55.02545928955078,14.449999809265137,14.038999986648559,1.5775083914239678
2019-07-22,31.764999389648438,55.084163665771484,13.529999732971191,13.945499992370605,1.613513210389092
2019-07-23,32.04999923706055,55.30429458618164,12.609999656677246,13.812999963760376,1.6829033813620946
2019-07-24,32.369998931884766,55.29694747924805,12.069999694824219,13.60249991416931,1.7783289295793243
2019-07-25,32.08000183105469,54.98143005371094,12.739999771118164,13.428999948501588,1.7140203190248737
2019-07-26,32.599998474121094,54.893375396728516,12.15999984741211,13.245999956130982,1.874323761541717
2019-07-29,32.69499969482422,55.282264709472656,12.829999923706055,13.133499956130981,1.8757427125991764
2019-07-30,32.755001068115234,55.28961181640625,13.9399995803833,13.127499914169311,1.8930350514939869
2019-07-31,32.23500061035156,54.563175201416016,16.1200008392334,13.286999940872192,1.7887784074117845
2019-08-01,31.729999542236328,53.16900634765625,17.8700008392334,13.55199999809265,1.734919899040196
2019-08-02,31.19499969482422,52.648040771484375,17.610000610351562,13.76850004196167,1.6120748933409987
2019-08-05,29.479999542236328,51.569393157958984,24.59000015258789,14.300000047683715,1.177588087127194
2019-08-06,30.09000015258789,52.06836700439453,20.170000076293945,14.604000043869018,1.3241935341394022
2019-08-07,30.19499969482422,51.730831146240234,19.489999771118164,14.927000045776367,1.3785660395413935
2019-08-08,31.09000015258789,53.11030960083008,16.90999984741211,15.126000022888183,1.5491190856068122
2019-08-09,29.614999771118164,51.98029327392578,17.969999313354492,15.40499997138977,1.1893571127373
2019-08-12,28.239999771118164,51.727725982666016,21.09000015258789,15.825499963760375,0.7988775025140211
2019-08-13,29.020000457763672,52.366615295410156,17.520000457763672,16.058500003814697,0.9862811918538865
2019-08-14,28.05500030517578,50.256805419921875,22.100000381469727,16.465000009536745,0.8452210761569063
2019-08-15,28.475000381469727,49.959651947021484,21.18000030517578,16.847500038146972,0.9902518231976968
2019-08-16,28.59000015258789,50.73967742919922,18.469999313354492,17.04850001335144,0.9706874304734293
2019-08-19,28.899999618530273,51.593990325927734,16.8799991607666,17.21599998474121,1.0038528872353252
2019-08-20,28.920000076293945,51.28199005126953,17.5,17.46050000190735,1.0312553326531722
2019-08-21,29.014999389648438,51.79458999633789,15.800000190734863,17.64700002670288,1.0241607662446268
2019-08-22,28.575000762939453,51.683143615722656,16.68000030517578,17.84400005340576,0.9013150988127326
2019-08-23,28.040000915527344,50.13792037963867,19.8700008392334,18.229500102996827,0.8489527656348406
2019-08-26,28.325000762939453,50.40536880493164,19.31999969482422,18.554000091552734,0.9150868572718417
2019-08-27,28.28499984741211,49.91505813598633,20.309999465942383,18.872500085830687,0.9369615322890376
2019-08-28,29.040000915527344,50.27907943725586,19.350000381469727,19.034000062942503,1.1358643130718216
2019-08-29,28.80500030517578,50.836246490478516,17.8799991607666,19.034499979019166,1.0278166431286684
2019-08-30,29.334999084472656,50.8734016418457,18.979999542236328,19.102999925613403,1.182470856026973
2019-09-03,28.81999969482422,50.93281936645508,19.65999984741211,18.856499910354614,1.0256203299838755
2019-09-04,29.030000686645508,51.475135803222656,17.329999923706055,18.71449990272522,1.0505932642967653
2019-09-05,29.385000228881836,52.20317077636719,16.270000457763672,18.553499937057495,1.1057964928022932
2019-09-06,28.584999084472656,52.6934928894043,15.0,18.45799994468689,0.8347552638883844
2019-09-09,28.614999771118164,53.109500885009766,15.270000457763672,18.32300000190735,0.8150272901958603
2019-09-10,28.8799991607666,53.54039001464844,15.199999809265137,18.02849998474121,0.8639818285192735
2019-09-11,28.434999465942383,53.43638610839844,14.609999656677246,17.88299994468689,0.7391405762185355
2019-09-12,28.725000381469727,53.4735107421875,14.220000267028809,17.488999938964845,0.8226074784067847
2019-09-13,29.43000030517578,53.963844299316406,13.739999771118164,17.116999912261964,0.9979866821700073
2019-09-16,29.614999771118164,54.77358627319336,14.670000076293945,16.926999950408934,0.9971410684459419
2019-09-17,28.9950008392334,54.357566833496094,14.4399995803833,16.80499997138977,0.8418614910294869
2019-09-18,29.18000030517578,54.09756088256836,13.949999809265137,16.627499961853026,0.9146288905298705
2019-09-19,29.395000457763672,53.7335319519043,14.050000190734863,16.539999961853027,1.0034534262475703
2019-09-20,29.174999237060547,53.547813415527344,15.319999694824219,16.47199993133545,0.9509754511087558
2019-09-23,29.559999465942383,53.5849494934082,14.90999984741211,16.223999881744383,1.0626207546840996
2019-09-24,29.405000686645508,52.849483489990234,17.049999237060547,16.1104998588562,1.0672541440833436
2019-09-25,29.184999465942383,53.0055046081543,15.960000038146973,15.89299988746643,0.9912598945720976
2019-09-26,28.885000228881836,52.72320556640625,16.06999969482422,15.728999853134155,0.9216985279135607
2019-09-27,28.905000686645508,53.102081298828125,17.219999313354492,15.69599986076355,0.9015594325007235
2019-09-30,29.030000686645508,52.45575714111328,16.239999771118164,15.558999872207641,0.9831133563291949
2019-10-01,28.209999084472656,51.222557067871094,18.559999465942383,15.503999853134156,0.824740943984709
2019-10-02,27.559999465942383,49.885345458984375,20.559999465942383,15.665499830245972,0.7239527909658685
2019-10-03,27.809999465942383,50.501949310302734,19.1200008392334,15.807999849319458,0.755678467420849
2019-10-04,28.290000915527344,51.237430572509766,17.040000915527344,15.909999895095826,0.8474480051965837
2019-10-07,27.864999771118164,50.53166580200195,17.860000610351562,16.03949990272522,0.7699480496923993
2019-10-08,27.940000534057617,49.55104446411133,20.280000686645508,16.29349994659424,0.8596750728385053
2019-10-09,28.139999389648438,50.10078811645508,18.639999389648438,16.4949999332428,0.8811700295373676
2019-10-10,28.059999465942383,50.70254135131836,17.56999969482422,16.66249990463257,0.8160313392956587
2019-10-11,28.149999618530273,51.244850158691406,15.579999923706055,16.754499912261963,0.8054095274811507
2019-10-14,28.274999618530273,51.393409729003906,14.569999694824219,16.749499893188478,0.8322647834960245
2019-10-15,28.145000457763672,51.57170867919922,13.539999961853027,16.704499912261962,0.7814343978477497
2019-10-16,28.260000228881836,50.68767166137695,13.680000305175781,16.690999937057494,0.876379836812267
2019-10-17,28.280000686645508,50.620811462402344,13.789999961853027,16.677999925613403,0.8869133552476806
2019-10-18,28.030000686645508,50.22707748413086,14.25,16.62449994087219,0.8398512406173925
2019-10-21,28.145000457763672,51.06654739379883,14.0,16.578999948501586,0.8161962735386503
2019-10-22,27.969999313354492,51.326560974121094,14.460000038146973,16.449499988555907,0.7463941030075436
2019-10-23,28.100000381469727,51.816871643066406,14.010000228881836,16.35199999809265,0.751215739897534
2019-10-24,28.30500030517578,51.326560974121094,13.710000038146973,16.23400001525879,0.8457638341659904
2019-10-25,28.174999237060547,51.44542694091797,12.649999618530273,16.005500030517577,0.7990226695974553
2019-10-28,27.985000610351562,50.99226760864258,13.109999656677246,15.849000024795533,0.7738477352597017
2019-10-29,28.075000762939453,50.84368133544922,13.199999809265137,15.58100004196167,0.8107687767877028
2019-10-30,28.075000762939453,50.30879211425781,12.329999923706055,15.169500064849853,0.8475763334093868
2019-10-31,28.065000534057617,50.197357177734375,13.220000267028809,14.874500036239624,0.8522782327553938
2019-11-01,28.125,51.70542907714844,12.300000190734863,14.6375,0.7663000004602165
2019-11-04,28.045000076293945,53.243228912353516,12.829999923706055,14.385999965667725,0.636748742386472
2019-11-05,28.235000610351562,54.29813766479492,13.100000381469727,14.026999950408936,0.6205158069180619
2019-11-06,27.9950008392334,53.109500885009766,12.619999885559082,13.725999975204468,0.6311199923548447
2019-11-07,28.31999969482422,54.23872375488281,12.729999542236328,13.483999967575073,0.6498171504061582
2019-11-08,29.079999923706055,53.208656311035156,12.069999694824219,13.308499956130982,0.9461348224858634
2019-11-11,29.014999389648438,52.885379791259766,12.6899995803833,13.214499950408936,0.9490997899745968
2019-11-12,29.200000762939453,52.15607833862305,12.680000305175781,13.171499967575073,1.0541615836973803
2019-11-13,29.475000381469727,51.72752380371094,13.0,13.137499952316285,1.1652236996020373
2019-11-14,29.46500015258789,51.501953125,13.050000190734863,13.100499963760376,1.1777796697101486
2019-11-15,29.31999969482422,52.02073669433594,12.050000190734863,12.99049997329712,1.0990696104712512
2019-11-18,29.514999389648438,51.516990661621094,12.460000038146973,12.913499975204468,1.191575918327743
2019-11-19,29.280000686645508,50.9907112121582,12.859999656677246,12.833499956130982,1.158084473369552
2019-11-20,29.0,51.148582458496094,12.779999732971191,12.771999931335449,1.0641655575290163
2019-11-21,29.200000762939453,52.38163757324219,13.130000114440918,12.742999935150147,1.0386400813547165
2019-11-22,29.315000534057617,52.15607833862305,12.34000015258789,12.727499961853027,1.0882734120748647
2019-11-25,29.329999923706055,51.81022644042969,11.869999885559082,12.66549997329712,1.1165218607254654
2019-11-26,29.81999969482422,51.682395935058594,11.539999961853027,12.582499980926514,1.2706645877129568
2019-11-27,30.045000076293945,51.652313232421875,11.75,12.553499984741212,1.339475461131656
2019-11-29,29.90999984741211,51.223777770996094,12.619999885559082,12.523499965667725,1.3289199839551455
2019-12-02,29.905000686645508,51.441802978515625,14.90999984741211,12.653999948501587,1.31243404679644
2019-12-03,29.4950008392334,51.03581619262695,15.960000038146973,12.810499954223634,1.2187551054315955
2019-12-04,30.19499969482422,51.614749908447266,14.800000190734863,12.89549994468689,1.3865539865096708
2019-12-05,29.959999084472656,51.434288024902344,14.520000457763672,12.99049997329712,1.3292650863831752
2019-12-06,30.020000457763672,52.2613410949707,13.619999885559082,13.034999990463257,1.2901506545750503
2019-12-09,30.2450008392334,52.374114990234375,15.859999656677246,13.224499988555909,1.3491310769252316
2019-12-10,30.7549991607666,51.922996520996094,15.680000305175781,13.374000024795532,1.5314524280610933
2019-12-11,31.21500015258789,51.84782028198242,14.989999771118164,13.48949999809265,1.6730734414465873
2019-12-12,31.1200008392334,52.885379791259766,13.9399995803833,13.536499977111816,1.5734962342841858
2019-12-13,31.104999542236328,52.05081558227539,12.630000114440918,13.51549997329712,1.626475689202674
2019-12-16,31.2450008392334,52.629737854003906,12.140000343322754,13.519999980926514,1.6281659783967148
2019-12-17,31.385000228881836,52.389156341552734,12.289999961853027,13.511499977111816,1.6862485599007027
2019-12-18,31.43000030517578,52.532005310058594,12.579999923706055,13.497499990463258,1.6897667897905086
2019-12-19,31.735000610351562,52.171112060546875,12.5,13.483500003814697,1.8050718604713283
2019-12-20,31.959999084472656,52.584625244140625,12.510000228881836,13.452500009536744,1.8433568181009254
2019-12-23,31.68000030517578,52.847774505615234,12.609999656677246,13.465999984741211,1.742193927757557
2019-12-24,31.735000610351562,52.6447639465332,12.670000076293945,13.505999994277953,1.7724782543156883
2019-12-26,31.940000534057617,52.72746658325195,12.649999618530273,13.561499977111817,1.8275953433262142
2019-12-27,31.78499984741211,52.547035217285156,13.430000305175781,13.645499992370606,1.7940343353463364
2019-12-30,31.68000030517578,52.23876953125,14.819999694824219,13.755499982833863,1.7841016428296745
2019-12-31,31.774999618530273,52.46434020996094,13.779999732971191,13.698999977111816,1.7967585418741052
