Date,MNST,UPS,VIX,AvgVIX,zscore
2015-01-30,19.491666793823242,65.71102905273438,20.969999313354492,19.119499969482423,-1.2709471646109611
2015-02-02,19.59166717529297,66.56867218017578,19.43000030517578,19.201499938964844,-1.32989189790789
2015-02-03,19.44499969482422,66.86117553710938,17.329999923706055,19.071999931335448,-1.4219414753779671
2015-02-04,19.788333892822266,66.83460235595703,18.329999923706055,18.932499885559082,-1.2822378367694491
2015-02-05,19.72833251953125,67.45288848876953,16.850000381469727,18.80949993133545,-1.37730376272076
2015-02-06,19.524999618530273,66.92766571044922,17.290000915527344,18.823499965667725,-1.3977574635702081
2015-02-09,19.323333740234375,66.78804779052734,18.549999237060547,18.873499965667726,-1.4619440094388894
2015-02-10,19.748332977294922,67.20024108886719,17.229999542236328,18.754999923706055,-1.340255390974576
2015-02-11,19.831666946411133,67.08724975585938,16.959999084472656,18.57499990463257,-1.2940799974820538
2015-02-12,19.918333053588867,67.41964721679688,15.34000015258789,18.267999935150147,-1.297857922423927
2015-02-13,19.623332977294922,67.67229461669922,14.6899995803833,17.88299994468689,-1.444353856302634
2015-02-17,19.78499984741211,68.15097045898438,15.800000190734863,17.62549991607666,-1.4351237452200587
2015-02-18,20.046667098999023,68.22406768798828,15.449999809265137,17.403499937057497,-1.3393983451532774
2015-02-19,20.18833351135254,68.09686279296875,15.289999961853027,17.22549991607666,-1.268370657097747
2015-02-20,20.209999084472656,68.27092742919922,14.300000190734863,17.12049994468689,-1.279788731428871
2015-02-23,20.35333251953125,68.14373016357422,14.5600004196167,17.015499973297118,-1.2080984605987235
2015-02-24,20.801666259765625,68.51200866699219,13.6899995803833,16.9239999294281,-1.0720668091455239
2015-02-25,20.63166618347168,68.27092742919922,13.84000015258789,16.754999971389772,-1.1119687313009226
2015-02-26,20.790000915527344,68.2039794921875,13.90999984741211,16.428499937057495,-1.0412448271127823
2015-02-27,23.520000457763672,68.11695861816406,13.34000015258789,16.157499933242796,0.05529137506031201
2015-03-02,23.538333892822266,68.25086212158203,13.039999961853027,15.760999965667725,0.047171057306033194
2015-03-03,23.448333740234375,67.96294403076172,13.859999656677246,15.482499933242797,0.044500963274845054
2015-03-04,23.25666618347168,67.23977661132812,14.229999542236328,15.327499914169312,0.05148017000426074
2015-03-05,23.338333129882812,67.440673828125,14.039999961853027,15.11299991607666,0.06085279580848676
2015-03-06,22.770000457763672,67.37370300292969,15.199999809265137,15.03049988746643,-0.15762825094357893
2015-03-09,22.86833381652832,67.32682800292969,15.0600004196167,14.918999862670898,-0.11309547604882932
2015-03-10,22.65333366394043,66.60368347167969,16.690000534057617,14.825999927520751,-0.11540508370912471
2015-03-11,22.65999984741211,66.10149383544922,16.8700008392334,14.807999992370606,-0.0549327969852688
2015-03-12,22.975000381469727,66.73760223388672,15.420000076293945,14.73100004196167,-0.0028030334257620735
2015-03-13,22.579999923706055,65.9742660522461,16.0,14.764000034332275,-0.07212383278014961
2015-03-16,23.00666618347168,67.13268280029297,15.609999656677246,14.810000038146972,-0.03568759170545669
2015-03-17,22.71500015258789,66.69074249267578,15.65999984741211,14.803000020980836,-0.10088580443382635
2015-03-18,22.78499984741211,67.13268280029297,13.970000267028809,14.729000043869018,-0.1239089507685339
2015-03-19,23.046667098999023,66.89830780029297,14.069999694824219,14.668000030517579,0.007217017856840908
2015-03-20,22.920000076293945,67.12596130371094,13.020000457763672,14.604000043869018,-0.06940610779632903
2015-03-23,22.989999771118164,66.87820434570312,13.40999984741211,14.54650001525879,-0.013021512444804402
2015-03-24,23.116666793823242,66.46305847167969,13.619999885559082,14.543000030517579,0.08518839696875566
2015-03-25,22.671667098999023,65.25780487060547,15.4399995803833,14.623000001907348,0.04684812466467664
2015-03-26,22.761667251586914,64.70874786376953,15.800000190734863,14.717500019073487,0.1458826754873103
2015-03-27,22.998332977294922,64.67527770996094,15.069999694824219,14.803999996185302,0.24392722626489655
2015-03-30,23.406667709350586,65.13057708740234,14.510000228881836,14.877500009536742,0.35402052641213244
2015-03-31,23.066667556762695,64.9096450805664,15.289999961853027,14.949000024795533,0.24414012153345108
2015-04-01,22.774999618530273,64.64179229736328,15.109999656677246,14.993000030517578,0.15889772215418518
2015-04-02,22.610000610351562,64.59491729736328,14.670000076293945,15.024500036239624,0.09862640405938451
2015-04-06,22.953332901000977,64.84268951416016,14.739999771118164,15.001500034332276,0.2067427461331689
2015-04-07,22.920000076293945,64.73552703857422,14.779999732971191,14.9875,0.20581462469691061
2015-04-08,22.96500015258789,64.72884368896484,13.979999542236328,14.851999950408935,0.2244937630797026
2015-04-09,22.933332443237305,64.74895477294922,13.09000015258789,14.66299991607666,0.20957480447876295
2015-04-10,23.05666732788086,64.80918884277344,12.579999923706055,14.520999908447266,0.2517260619629305
2015-04-13,22.963333129882812,64.38066101074219,13.9399995803833,14.417999887466431,0.2639180353890786
2015-04-14,22.633333206176758,64.64848327636719,13.670000076293945,14.320999908447266,0.1017453071924139
2015-04-15,22.948333740234375,64.69537353515625,12.84000015258789,14.179999923706054,0.22171422883187358
2015-04-16,23.0,64.37395477294922,12.600000381469727,14.111499929428101,0.27928326219924215
2015-04-17,22.81833267211914,63.86506271362305,13.890000343322754,14.102499961853027,0.2655720551103957
2015-04-20,23.26333236694336,65.25780487060547,13.300000190734863,14.116499948501588,0.2823259828561954
2015-04-21,23.308332443237305,65.3582534790039,13.25,14.10849995613098,0.2886705691509564
2015-04-22,23.31833267211914,65.7131118774414,12.710000038146973,14.062999963760376,0.2517942399324557
2015-04-23,23.393333435058594,65.76670837402344,12.479999542236328,13.914999961853027,0.2754731304481028
2015-04-24,23.6299991607666,65.68636322021484,12.289999961853027,13.739499950408936,0.37891459676684336
2015-04-27,23.906667709350586,65.23773193359375,13.119999885559082,13.641999959945679,0.5406791826647118
2015-04-28,23.456666946411133,67.47413635253906,12.40999984741211,13.536999940872192,0.10409599017181201
2015-04-29,23.19333267211914,67.79553985595703,13.390000343322754,13.44199995994568,-0.03771339659495585
2015-04-30,22.851667404174805,67.31344604492188,14.550000190734863,13.413999986648559,-0.11818784861369203
2015-05-01,23.52166748046875,67.8825912475586,12.699999809265137,13.315499973297118,0.08293853554069261
2015-05-04,23.641666412353516,67.91607666015625,12.850000381469727,13.221000003814698,0.12684179676129037
2015-05-05,23.43833351135254,67.03221893310547,14.3100004196167,13.197500038146973,0.14767924318446002
2015-05-06,23.413333892822266,66.43627166748047,15.149999618530273,13.25600004196167,0.2063435134325039
2015-05-07,23.915000915527344,66.71749877929688,15.130000114440918,13.358000040054321,0.3736239601303709
2015-05-08,21.411666870117188,67.19963073730469,12.859999656677246,13.372000026702882,-0.6781920564109514
2015-05-11,22.334999084472656,67.31344604492188,13.850000381469727,13.367500066757202,-0.3238175448464595
2015-05-12,21.98666763305664,66.93848419189453,13.859999656677246,13.377000045776366,-0.4192796345596837
2015-05-13,21.656667709350586,66.57688903808594,13.760000228881836,13.423000049591064,-0.5089848928296605
2015-05-14,22.106666564941406,67.90570831298828,12.739999771118164,13.430000019073486,-0.48288163088060015
2015-05-15,22.053333282470703,68.89055633544922,12.380000114440918,13.354500007629394,-0.6174975213760316
2015-05-18,21.876667022705078,68.7421646118164,12.729999542236328,13.325999975204468,-0.6707242620333079
2015-05-19,21.71666717529297,68.85686492919922,12.850000381469727,13.305999994277954,-0.7476088003180913
2015-05-20,21.540000915527344,68.77590942382812,12.880000114440918,13.314499998092652,-0.8085997558953298
2015-05-21,21.70166778564453,68.83658599853516,12.109999656677246,13.296000003814697,-0.7512436342872538
2015-05-22,21.56833267211914,68.41838836669922,12.130000114440918,13.288000011444092,-0.7561610520344887
2015-05-26,21.27666664123535,67.80455780029297,14.0600004196167,13.335000038146973,-0.8015688176368535
2015-05-27,21.67333221435547,68.07437133789062,13.270000457763672,13.378000068664551,-0.6747639822915388
2015-05-28,21.53333282470703,67.36610412597656,13.3100004196167,13.374000072479248,-0.6489367980085579
2015-05-29,21.213333129882812,66.92766571044922,13.84000015258789,13.3385000705719,-0.7258147609884754
2015-06-01,21.19499969482422,67.1030502319336,13.970000267028809,13.402000093460083,-0.7533040719976729
2015-06-02,21.020000457763672,67.0693359375,14.239999771118164,13.471500062942505,-0.8190706453398904
2015-06-03,20.9950008392334,67.85848999023438,13.65999984741211,13.439000034332276,-0.9198789048225139
2015-06-04,21.196666717529297,67.52124786376953,14.710000038146973,13.41700005531311,-0.8007894598541134
2015-06-05,20.924999237060547,67.79782104492188,14.210000038146973,13.371000051498413,-0.9407538901965707
2015-06-08,20.915000915527344,66.96138763427734,15.289999961853027,13.492500066757202,-0.8484310489601358
2015-06-09,20.81333351135254,67.19747161865234,14.470000267028809,13.523500061035156,-0.9160751709229458
2015-06-10,21.171667098999023,67.76409912109375,13.220000267028809,13.491500091552734,-0.8386995850066168
2015-06-11,21.19499969482422,68.12833404541016,12.850000381469727,13.446000099182129,-0.8713493018012802
2015-06-12,21.398332595825195,67.4942626953125,13.779999732971191,13.49800009727478,-0.7174212009854071
2015-06-15,21.15166664123535,67.42681121826172,15.390000343322754,13.648500108718872,-0.8078262286759611
2015-06-16,22.030000686645508,67.68988800048828,14.8100004196167,13.75250015258789,-0.4885457144896999
2015-06-17,22.041667938232422,67.73709869384766,14.5,13.835000133514404,-0.4893378106736574
2015-06-18,22.309999465942383,68.39816284179688,13.1899995803833,13.850500106811523,-0.458655183896834
2015-06-19,22.286666870117188,68.02041625976562,13.960000038146973,13.94300012588501,-0.4244498132246655
2015-06-22,22.25,68.39141845703125,12.739999771118164,13.973500108718872,-0.48175796324031595
2015-06-23,22.233333587646484,67.95972442626953,12.109999656677246,13.8760000705719,-0.43868831070656816
2015-06-24,22.15999984741211,67.04230499267578,13.260000228881836,13.875500059127807,-0.3622481787940359
2015-06-25,22.795000076293945,66.73880767822266,14.010000228881836,13.910500049591064,-0.0745804464294733
2015-06-26,23.235000610351562,67.01534271240234,14.020000457763672,13.919500064849853,0.06869746901030199
2015-06-29,22.398332595825195,65.6393051147461,18.850000381469727,14.1635000705719,-0.10586046012443799
2015-06-30,22.336666107177734,65.3694839477539,18.229999542236328,14.363000059127808,-0.0993375662571056
2015-07-01,22.416667938232422,65.38972473144531,16.09000015258789,14.484500074386597,-0.0698279089455152
2015-07-02,22.266666412353516,65.56509399414062,16.790000915527344,14.588500118255615,-0.14971826874994354
2015-07-06,22.469999313354492,65.20085906982422,17.010000228881836,14.728500127792358,-0.026857568464586163
2015-07-07,22.72333335876465,65.7674331665039,16.09000015258789,14.768500137329102,0.008735221321245976
2015-07-08,22.299999237060547,64.41162109375,19.65999984741211,15.028000116348267,-0.0036479040638724564
2015-07-09,22.239999771118164,64.5870132446289,19.969999313354492,15.36550006866455,-0.04772082740376607
2015-07-10,22.684999465942383,65.40319061279297,16.829999923706055,15.564500045776366,0.03541542501948198
2015-07-13,23.231666564941406,65.94284057617188,13.899999618530273,15.570500040054322,0.19085222018738307
2015-07-14,23.479999542236328,66.01703643798828,13.369999885559082,15.469500017166137,0.2811441997243581
2015-07-15,23.35333251953125,65.5516128540039,13.229999542236328,15.39049997329712,0.28431794882785233
2015-07-16,23.280000686645508,65.75397491455078,12.109999656677246,15.270999956130982,0.23183369534959572
2015-07-17,23.343332290649414,65.83489990234375,11.949999809265137,15.208999967575073,0.2477219136894749
2015-07-20,23.791667938232422,65.82814025878906,12.25,15.123499965667724,0.42693404060191054
2015-07-21,24.008333206176758,66.07772064208984,12.220000267028809,15.097499990463257,0.4844297788078751
2015-07-22,24.641666412353516,65.58533477783203,12.119999885559082,15.098000001907348,0.79318158172665
2015-07-23,24.7549991607666,64.82984924316406,12.640000343322754,15.067000007629394,0.9252692947661992
2015-07-24,24.815000534057617,63.912479400634766,13.739999771118164,15.053499984741212,1.0547699838338012
2015-07-27,24.793333053588867,64.16205596923828,15.600000381469727,15.132499980926514,1.0174117086082115
2015-07-28,24.998332977294922,67.41332244873047,13.4399995803833,14.861999940872192,0.724668014813219
2015-07-29,25.219999313354492,68.05414581298828,12.5,14.575499963760375,0.7391086896374295
2015-07-30,25.363332748413086,68.39816284179688,12.130000114440918,14.377499961853028,0.7565460804922796
2015-07-31,25.59166717529297,69.04570770263672,12.119999885559082,14.143999910354614,0.7728667259120957
2015-08-03,25.968332290649414,69.30876922607422,12.5600004196167,13.921499919891357,0.8924889330657843
2015-08-04,25.286666870117188,69.23458099365234,13.0,13.766999912261962,0.6297333649625654
2015-08-05,25.666667938232422,69.43695068359375,12.510000228881836,13.40949993133545,0.7576709591703765
2015-08-06,24.145000457763672,69.0929183959961,13.770000457763672,13.099499988555909,0.19166983299477727
2015-08-07,24.86166763305664,68.89730834960938,13.390000343322754,12.927500009536743,0.49941881703631885
2015-08-10,24.121667861938477,69.7674560546875,12.229999542236328,12.844000005722046,0.10472130132099748
2015-08-11,23.799999237060547,69.47066497802734,13.710000038146973,12.86100001335144,0.010870665264107323
2015-08-12,23.691667556762695,69.35600280761719,13.609999656677246,12.880000019073487,-0.019042905889385585
2015-08-13,24.843332290649414,69.18616485595703,13.489999771118164,12.949000024795533,0.4588642409215465
2015-08-14,25.066667556762695,69.7907943725586,12.829999923706055,12.993000030517578,0.4781362856635802
2015-08-17,25.11833381652832,69.90626525878906,13.020000457763672,13.031500053405761,0.4854043796512983
2015-08-18,25.086666107177734,69.81116485595703,13.789999961853027,13.110000038146973,0.48375020320969314
2015-08-19,24.541667938232422,69.50546264648438,15.25,13.26650004386902,0.3020422412602086
2015-08-20,24.100000381469727,68.64945220947266,19.139999389648438,13.591499996185302,0.2248183005298083
2015-08-21,23.15166664123535,67.35188293457031,28.030000686645508,14.30600004196167,-0.003216046596692793
2015-08-24,22.57666778564453,64.88581085205078,40.7400016784668,15.563000106811524,0.05186842073443731
2015-08-25,22.393333435058594,64.17243957519531,36.02000045776367,16.692000150680542,0.06103630322785318
2015-08-26,23.09833335876465,65.64669036865234,30.31999969482422,17.583000135421752,0.17188372920662826
2015-08-27,23.334999084472656,67.35865783691406,26.100000381469727,18.281500148773194,0.06896871883938181
2015-08-28,23.405000686645508,67.0121841430664,26.049999237060547,18.978000116348266,0.13671974553075983
2015-08-31,23.07666778564453,66.33963012695312,28.43000030517578,19.77150011062622,0.08347994772775826
2015-09-01,22.5049991607666,64.67520904541016,31.399999618530273,20.691500091552733,0.04759237395607422
2015-09-02,22.733333587646484,65.70103454589844,26.09000015258789,21.370500087738037,0.02035998123112415
2015-09-03,22.606666564941406,65.74180603027344,25.610000610351562,21.96250009536743,-0.03474663299943294
2015-09-04,22.373332977294922,64.74315643310547,27.799999237060547,22.68300004005432,-0.01263274054154993
2015-09-08,22.816667556762695,66.52986907958984,24.899999618530273,23.31650004386902,-0.041900991293392975
2015-09-09,22.066667556762695,65.93199920654297,26.229999542236328,23.942500019073485,-0.2715594881553898
2015-09-10,22.040000915527344,65.77576446533203,24.3700008392334,24.480500078201295,-0.26418462802804843
2015-09-11,22.128332138061523,66.02034759521484,23.200000762939453,24.96600012779236,-0.2571894183025435
2015-09-14,22.02666664123535,65.90483856201172,24.25,25.537000131607055,-0.2843524009809184
2015-09-15,22.079999923706055,68.2894058227539,22.540000915527344,26.013000154495238,-0.537671437557846
2015-09-16,22.321666717529297,67.99048614501953,21.350000381469727,26.391000175476073,-0.40707418514098614
2015-09-17,22.450000762939453,68.3573226928711,21.139999389648438,26.685500144958496,-0.39823373370646536
2015-09-18,22.433332443237305,66.7947769165039,22.280000686645508,26.84250020980835,-0.2249651312555272
2015-09-21,22.540000915527344,67.6983642578125,20.139999389648438,26.448000144958495,-0.2865457700631446
2015-09-22,22.42333221435547,66.92386627197266,22.440000534057617,25.53300008773804,-0.2438077386591638
2015-09-23,22.393333435058594,66.28527069091797,22.1299991607666,24.838500022888184,-0.182222813236678
2015-09-24,22.856666564941406,66.23771667480469,23.469999313354492,24.496000003814697,0.007655014334670978
2015-09-25,22.704999923706055,67.09371948242188,23.6200008392334,24.37200002670288,-0.1512622450099637
2015-09-28,22.34666633605957,66.08145141601562,27.6299991607666,24.451000022888184,-0.17732936190378717
2015-09-29,22.424999237060547,66.67253112792969,26.829999923706055,24.371000003814697,-0.214207007188626
2015-09-30,22.523332595825195,67.0461654663086,24.5,24.026000022888184,-0.21808923780847939
2015-10-01,22.366666793823242,66.9714584350586,22.549999237060547,23.848999977111816,-0.27183959051542533
2015-10-02,22.321666717529297,67.51490783691406,20.940000534057617,23.61549997329712,-0.3523188579505957
2015-10-05,22.520000457763672,68.97555541992188,19.540000915527344,23.20250005722046,-0.441554166403383
2015-10-06,22.316667556762695,68.90762329101562,19.399999618530273,22.92750005722046,-0.5146576595226275
2015-10-07,22.44333267211914,69.45790100097656,18.399999618530273,22.536000061035157,-0.5276017794942499
2015-10-08,22.69333267211914,70.23236846923828,17.420000076293945,22.188500022888185,-0.5172715487166291
2015-10-09,22.905000686645508,70.4361801147461,17.079999923706055,21.882499980926514,-0.45649512890044436
2015-10-12,22.90999984741211,70.93211364746094,16.170000076293945,21.478499984741212,-0.511604414128029
2015-10-13,21.946666717529297,70.17803955078125,17.670000076293945,21.23499994277954,-0.808183275222632
2015-10-14,21.428333282470703,69.87911224365234,18.030000686645508,21.06899995803833,-0.9800589176956012
2015-10-15,21.760000228881836,70.51771545410156,16.049999237060547,20.814499950408937,-0.9215832987461626
2015-10-16,22.041667938232422,70.61958312988281,15.050000190734863,20.452999925613405,-0.8212103450730027
2015-10-19,22.116666793823242,70.8302230834961,14.979999542236328,20.194999933242798,-0.815613286175873
2015-10-20,23.268333435058594,71.03401947021484,15.75,19.860499906539918,-0.3807234702294894
2015-10-21,23.148332595825195,71.5095443725586,16.700000762939453,19.58899998664856,-0.48323198505102866
2015-10-22,23.7450008392334,72.30441284179688,14.449999809265137,19.138000011444092,-0.33727952810325407
2015-10-23,23.59666633605957,72.55579376220703,14.460000038146973,18.67999997138977,-0.42525796799454996
2015-10-26,23.57666778564453,72.13457489013672,15.289999961853027,18.063000011444093,-0.38472052770665016
2015-10-27,23.434999465942383,70.04212188720703,15.430000305175781,17.493000030517578,-0.200190442487405
2015-10-28,23.55666732788086,69.72285461425781,14.329999923706055,16.984500026702882,-0.11500906336175995
2015-10-29,22.773332595825195,70.29351043701172,14.609999656677246,16.587500047683715,-0.49247177554911314
2015-10-30,22.719999313354492,69.9878158569336,15.069999694824219,16.294000005722047,-0.47850207824373614
2015-11-02,22.496667861938477,71.04080963134766,14.149999618530273,16.024499940872193,-0.688621733315364
2015-11-03,22.450000762939453,70.97968292236328,14.539999961853027,15.78149995803833,-0.7001570761501447
2015-11-04,22.136667251586914,70.65357971191406,15.510000228881836,15.636999988555909,-0.7873155772911754
2015-11-05,22.040000915527344,70.80980682373047,15.050000190734863,15.518499994277954,-0.8437750587237758
2015-11-06,25.040000915527344,71.32612609863281,14.329999923706055,15.380999994277953,0.29075399685899234
2015-11-09,24.84166717529297,70.66039276123047,16.520000457763672,15.398500013351441,0.2884674909972845
2015-11-10,25.315000534057617,70.88456726074219,15.289999961853027,15.279500007629395,0.45104008175514804
2015-11-11,25.34166717529297,71.19705200195312,16.059999465942383,15.180999946594238,0.4256755031572964
2015-11-12,24.74333381652832,70.19139099121094,18.3700008392334,15.29700002670288,0.3033297743945496
2015-11-13,24.454999923706055,69.63042449951172,20.079999923706055,15.54850001335144,0.2531617091853877
2015-11-16,24.578332901000977,70.56079864501953,18.15999984741211,15.70750002861023,0.19512932761534002
2015-11-17,24.268333435058594,70.56079864501953,18.84000015258789,15.862000036239625,0.07175211716279975
2015-11-18,24.854999542236328,70.93025207519531,16.850000381469727,15.869500017166137,0.26270362646701373
2015-11-19,24.893333435058594,71.21755981445312,16.989999771118164,15.996500015258789,0.24488125094536964
2015-11-20,24.68166732788086,71.21755981445312,15.470000267028809,16.047000026702882,0.16063989984642602
2015-11-23,25.06833267211914,70.8686752319336,15.619999885559082,16.063500022888185,0.3546980392221139
2015-11-24,25.376667022705078,70.73869323730469,15.930000305175781,16.088500022888184,0.49237792033821465
2015-11-25,26.06833267211914,70.80027770996094,15.1899995803833,16.131500005722046,0.7605646201806284
2015-11-27,26.09000015258789,71.2723159790039,15.119999885559082,16.157000017166137,0.7148403496564409
2015-11-30,25.768333435058594,70.47189331054688,16.1299991607666,16.209999990463256,0.6789756922238463
2015-12-01,26.203332901000977,71.4091567993164,14.670000076293945,16.23600001335144,0.7441907832725383
2015-12-02,25.801666259765625,70.6702880859375,15.90999984741211,16.304500007629393,0.6693998559711224
2015-12-03,25.511667251586914,69.97933197021484,18.110000610351562,16.43450002670288,0.6335353398297441
2015-12-04,26.116666793823242,70.64292907714844,14.8100004196167,16.42250003814697,0.7979174075009625
2015-12-07,25.93000030517578,70.08877563476562,15.84000015258789,16.498000049591063,0.7874277090326587
2015-12-08,26.083332061767578,69.20626068115234,17.600000381469727,16.552000045776367,0.9500601251193526
2015-12-09,25.333332061767578,68.72735595703125,19.610000610351562,16.768000078201293,0.7067046712207027
2015-12-10,25.30500030517578,68.72050476074219,19.34000015258789,16.93200011253357,0.69621767460757
2015-12-11,24.956666946411133,66.67498779296875,24.389999389648438,17.23300004005432,0.7930928494894585
2015-12-14,25.31833267211914,66.95549011230469,22.729999542236328,17.365500020980836,0.9047373921994624
2015-12-15,25.43000030517578,67.6601333618164,20.950000762939453,17.5050000667572,0.8680516463173629
2015-12-16,25.551666259765625,68.76156616210938,17.860000610351562,17.456000089645386,0.7896611025026891
2015-12-17,25.04833221435547,68.41264343261719,18.940000534057617,17.56050009727478,0.629511275289501
2015-12-18,24.30666732788086,67.0444107055664,20.700000762939453,17.746000146865846,0.4918651938491768
2015-12-21,24.579999923706055,66.28504180908203,18.700000762939453,17.907500171661376,0.6880786238461586
2015-12-22,24.583332061767578,67.0444107055664,16.600000381469727,17.956500196456908,0.6019754580516384
2015-12-23,24.578332901000977,66.52446746826172,15.569999694824219,17.93850016593933,0.6598490813664645
2015-12-24,24.803333282470703,66.59288024902344,15.739999771118164,17.966000175476076,0.7415207121268165
2015-12-28,24.69333267211914,66.36028289794922,16.90999984741211,18.055500173568724,0.7245212931522397
2015-12-29,25.02833366394043,66.85286712646484,16.079999923706055,18.0530002117157,0.8011356128679056
2015-12-30,25.040000915527344,66.421875,17.290000915527344,18.184000253677368,0.8554010149267745
2015-12-31,24.82666778564453,65.8335189819336,18.209999084472656,18.299000215530395,0.8382361010518379
2016-01-04,24.05666732788086,64.88255310058594,20.700000762939453,18.42850022315979,0.6412710140688807
2016-01-05,24.344999313354492,65.52564239501953,19.34000015258789,18.65500020980835,0.681983177121457
2016-01-06,24.383333206176758,64.59523010253906,20.59000015258789,18.89250020980835,0.8043620210997928
2016-01-07,24.200000762939453,63.350135803222656,24.989999771118164,19.262000179290773,0.874750166563617
2016-01-08,24.041667938232422,62.522342681884766,27.010000228881836,19.632000160217284,0.9070423158441526
2016-01-11,24.34000015258789,62.70706558227539,24.299999237060547,19.880000114440918,1.0045081341259878
2016-01-12,24.549999237060547,63.6237907409668,22.469999313354492,19.78400011062622,0.9825396079200663
2016-01-13,23.94499969482422,61.98873519897461,25.219999313354492,19.908500099182127,0.9300056282648856
2016-01-14,23.73666763305664,62.3581657409668,23.950000762939453,20.05850009918213,0.804557110276598
2016-01-15,23.52166748046875,61.59878158569336,27.020000457763672,20.516500091552736,0.806419922671719
2016-01-19,24.126667022705078,61.810848236083984,26.049999237060547,20.87200002670288,1.0227885874249771
2016-01-20,23.336666107177734,60.682044982910156,27.59000015258789,21.216499996185302,0.8383386477309563
2016-01-21,23.003332138061523,60.93515396118164,26.690000534057617,21.61599998474121,0.6765329997191122
2016-01-22,24.02666664123535,61.50298309326172,22.34000015258789,21.90299997329712,1.018435073268578
2016-01-25,23.34833335876465,61.174598693847656,24.149999618530273,22.33199996948242,0.7862723402891583
2016-01-26,23.174999237060547,62.2076301574707,22.5,22.669999980926512,0.5983495514677666
2016-01-27,22.9950008392334,62.16658401489258,23.110000610351562,22.980000019073486,0.5314375001554601
2016-01-28,22.866666793823242,62.25552749633789,22.420000076293945,23.297000026702882,0.47012118048713775
2016-01-29,22.5049991607666,63.7606086730957,20.200000762939453,23.442500019073485,0.15289415450621993
2016-02-01,22.905000686645508,64.3626480102539,19.979999542236328,23.53100004196167,0.2427761202606129
2016-02-02,22.68666648864746,64.77995300292969,21.979999542236328,23.594999980926513,0.10783484870503153
2016-02-03,22.48666763305664,65.2177963256836,21.649999618530273,23.710499954223632,-0.02217377315836464
2016-02-04,21.40999984741211,65.84719848632812,21.84000015258789,23.772999954223632,-0.5231443147385547
2016-02-05,20.621667861938477,65.24514770507812,23.3799991607666,23.692499923706055,-0.7675772576555848
2016-02-08,19.6200008392334,66.56552124023438,26.0,23.641999912261962,-1.3182525542505623
2016-02-09,19.81833267211914,66.72288513183594,26.540000915527344,23.753999996185303,-1.25743609896038
2016-02-10,19.469999313354492,65.75827026367188,26.290000915527344,23.945000076293944,-1.2850097206618851
2016-02-11,19.816667556762695,65.05363464355469,28.139999389648438,24.091000080108643,-1.0659109844483006
2016-02-12,20.395000457763672,66.53132629394531,25.399999618530273,24.163500022888183,-1.005872140840893
2016-02-16,20.718332290649414,67.42752838134766,24.110000610351562,24.018000030517577,-0.9803722679437674
2016-02-17,20.906667709350586,67.2496566772461,22.309999465942383,23.83100004196167,-0.8849372208767646
2016-02-18,21.011667251586914,67.20826721191406,21.639999389648438,23.533500003814698,-0.8383829330113163
2016-02-19,21.26333236694336,67.14620971679688,20.530000686645508,23.22550001144409,-0.7310773692214222
2016-02-22,21.635000228881836,67.59445190429688,19.3799991607666,23.07749996185303,-0.6347646546675152
2016-02-23,21.46500015258789,66.87034606933594,20.979999542236328,22.91899995803833,-0.6190539271116634
2016-02-24,22.066667556762695,66.80140686035156,20.719999313354492,22.829999923706055,-0.37165804129537633
2016-02-25,22.184999465942383,67.38758850097656,19.110000610351562,22.629999923706055,-0.39205247832193246
2016-02-26,21.79833221435547,67.19448852539062,19.809999465942383,22.499499893188478,-0.5237104192661639
2016-02-29,20.916667938232422,66.58074951171875,20.549999237060547,22.516999816894533,-0.8039431227318733
2016-03-01,21.621667861938477,67.82891082763672,17.700000762939453,22.402999877929688,-0.6670650660326358
2016-03-02,21.291667938232422,68.11166381835938,17.09000015258789,22.158499908447265,-0.8309568312921314
2016-03-03,21.411666870117188,68.69780731201172,16.700000762939453,21.910999965667724,-0.8506834151187391
2016-03-04,21.481666564941406,69.23570251464844,16.860000610351562,21.66199998855591,-0.8847542513559666
2016-03-07,21.331666946411133,69.8563232421875,17.350000381469727,21.360500049591064,-1.015907522458669
2016-03-08,21.55500030517578,69.38741302490234,18.670000076293945,20.994000053405763,-0.8730351003165574
2016-03-09,21.678333282470703,68.65642547607422,18.34000015258789,20.584000015258788,-0.7397879352703365
2016-03-10,21.941667556762695,68.87020874023438,18.049999237060547,20.17199993133545,-0.6595968478819518
2016-03-11,22.309999465942383,69.52532196044922,16.5,19.589999961853028,-0.5884297452793817
2016-03-14,21.99333381652832,69.84943389892578,16.920000076293945,19.165999984741212,-0.7517764095055741
2016-03-15,21.996667861938477,69.93909454345703,16.84000015258789,18.802499961853027,-0.7607724935671064
2016-03-16,22.696666717529297,70.11148071289062,14.989999771118164,18.436499977111815,-0.5020263114583057
2016-03-17,22.696666717529297,71.54585266113281,14.4399995803833,18.07649998664856,-0.6671715756558927
2016-03-18,22.7549991607666,72.40094757080078,14.020000457763672,17.75099997520447,-0.7424064149779833
2016-03-21,22.420000076293945,72.51128387451172,13.789999961853027,17.47150001525879,-0.8884367476477596
2016-03-22,22.433332443237305,72.31131744384766,14.170000076293945,17.13100004196167,-0.8601076017711738
2016-03-23,22.13833236694336,72.32511138916016,14.9399995803833,16.84200005531311,-0.9791033346656891
2016-03-24,21.875,72.70438385009766,14.739999771118164,16.62350001335144,-1.1275746583488895
2016-03-28,22.206666946411133,72.44922637939453,15.239999771118164,16.39500002861023,-0.9661966199822257
2016-03-29,22.268333435058594,73.16639709472656,13.819999694824219,16.058500051498413,-1.0242247454178344
2016-03-30,22.483333587646484,72.91124725341797,13.5600004196167,15.851500034332275,-0.9092799995584184
2016-03-31,22.229999542236328,72.73196411132812,13.949999809265137,15.694500017166138,-0.9894632228754259
2016-04-01,22.46500015258789,72.37335205078125,13.100000381469727,15.514499998092651,-0.8546464214305842
2016-04-04,22.461666107177734,72.32511138916016,14.119999885559082,15.377499961853028,-0.8504191938913374
2016-04-05,22.43666648864746,71.66309356689453,15.420000076293945,15.280999946594239,-0.784147943079103
2016-04-06,22.36166763305664,72.18028259277344,14.09000015258789,15.051999950408936,-0.8735430079649857
2016-04-07,21.99333381652832,71.71134948730469,16.15999984741211,14.942999935150146,-0.9661465679106269
2016-04-08,22.09666633605957,71.9320297241211,15.359999656677246,14.808499956130982,-0.9504289262563421
2016-04-11,21.773332595825195,71.6217041015625,16.260000228881836,14.796499967575073,-1.0433839752929999
2016-04-12,21.698333740234375,72.56645965576172,14.850000381469727,14.692999982833863,-1.1820065695990132
2016-04-13,21.479999542236328,72.78022766113281,13.84000015258789,14.542999982833862,-1.293513773314934
2016-04-14,21.406667709350586,72.46302795410156,13.720000267028809,14.479500007629394,-1.2861786992618573
2016-04-15,21.38833236694336,72.78022766113281,13.619999885559082,14.438500022888183,-1.329996547062075
2016-04-18,21.274999618530273,73.22158813476562,13.350000381469727,14.405000019073487,-1.4259177230612792
2016-04-19,21.551666259765625,73.67668914794922,13.239999771118164,14.377500009536742,-1.3682043900079415
2016-04-20,21.114999771118164,73.21466064453125,13.279999732971191,14.332999992370606,-1.488798741235864
2016-04-21,20.75666618347168,72.40094757080078,13.949999809265137,14.283500003814698,-1.5377263280122564
2016-04-22,20.498332977294922,72.76643371582031,13.220000267028809,14.20750002861023,-1.6826207508383377
2016-04-25,20.81999969482422,72.45613861083984,14.079999923706055,14.149500036239624,-1.51887449312202
2016-04-26,20.6299991607666,73.25604248046875,13.960000038146973,14.156500053405761,-1.6865894168985665
2016-04-27,20.571666717529297,73.4146728515625,13.770000457763672,14.16700005531311,-1.7280690249834625
2016-04-28,21.30666732788086,72.34578704833984,15.220000267028809,14.230500078201294,-1.3124795821118551
2016-04-29,24.036666870117188,72.45613861083984,15.699999809265137,14.360500049591064,-0.23866769716689154
2016-05-02,24.655000686645508,72.24234771728516,14.680000305175781,14.388500070571899,0.032038664782539264
2016-05-03,24.386667251586914,71.98029327392578,15.600000381469727,14.39750008583069,-0.0445843835196493
2016-05-04,24.391666412353516,71.10450744628906,16.049999237060547,14.49550004005432,0.05823813997770688
2016-05-05,24.325000762939453,70.43561553955078,15.90999984741211,14.483000040054321,0.10871809906766317
2016-05-06,24.68833351135254,70.41490173339844,14.720000267028809,14.451000070571899,0.25570638005290325
2016-05-09,24.79833221435547,70.81486511230469,14.569999694824219,14.366500043869019,0.2534354864963341
2016-05-10,25.516666412353516,71.47689056396484,13.630000114440918,14.305500030517578,0.46310475629157183
2016-05-11,25.071666717529297,70.64936828613281,14.6899995803833,14.348000001907348,0.38127469094672545
2016-05-12,25.02833366394043,70.73275756835938,14.40999984741211,14.382499980926514,0.3544275376928454
2016-05-13,24.768333435058594,69.94754791259766,15.039999961853027,14.45349998474121,0.3413540920959384
2016-05-16,25.1200008392334,70.63546752929688,14.680000305175781,14.519999980926514,0.4021117220813892
2016-05-17,24.883333206176758,70.24634552001953,15.569999694824219,14.636499977111816,0.35272122206216433
2016-05-18,24.803333282470703,70.39225006103516,15.949999809265137,14.769999980926514,0.30408331511277886
2016-05-19,24.74333381652832,70.38530731201172,16.329999923706055,14.88899998664856,0.28100337427907407
2016-05-20,24.649999618530273,70.53819274902344,15.199999809265137,14.987999963760377,0.2262547971445712
2016-05-23,24.72166633605957,70.24634552001953,15.819999694824219,15.074999952316285,0.2883791516749884
2016-05-24,25.018333435058594,70.86479949951172,14.420000076293945,15.097999954223633,0.33524498785522017
2016-05-25,24.921667098999023,71.08716583251953,13.899999618530273,15.104499912261963,0.27117062022042937
2016-05-26,25.001667022705078,71.19139099121094,13.430000305175781,15.014999914169312,0.2910100447452217
2016-05-27,25.084999084472656,71.55968475341797,13.119999885559082,14.885999917984009,0.28177230558025296
2016-05-31,25.0,71.63609313964844,14.1899995803833,14.861499881744384,0.23914615826320715
2016-06-01,25.233333587646484,71.49713134765625,14.199999809265137,14.791499853134155,0.3480102409722774
2016-06-02,25.40999984741211,71.60830688476562,13.630000114440918,14.670499897003173,0.40552183742540937
2016-06-03,25.476667404174805,71.65696716308594,13.470000267028809,14.548499917984008,0.4264525086875199
2016-06-06,25.726667404174805,71.65001678466797,13.649999618530273,14.494999885559082,0.526750656710577
2016-06-07,25.636667251586914,72.17811584472656,14.050000190734863,14.468999910354615,0.4301290822863083
2016-06-08,25.863332748413086,72.74794006347656,14.079999923706055,14.491499900817871,0.4547338112298624
2016-06-09,25.834999084472656,72.9425048828125,14.640000343322754,14.488999938964843,0.4210561840419384
2016-06-10,25.59000015258789,72.62980651855469,17.030000686645508,14.619999980926513,0.35955092125261245
2016-06-13,25.1299991607666,72.01831817626953,20.969999313354492,14.916499948501587,0.2468775704515031
2016-06-14,25.496667861938477,72.08084106445312,20.5,15.207499933242797,0.3856101428391967
2016-06-15,25.604999542236328,72.1920166015625,20.139999389648438,15.43599991798401,0.4159251447222324
2016-06-16,25.969999313354492,72.41437530517578,19.3700008392334,15.606999969482422,0.5355909283672472
2016-06-17,25.996667861938477,72.97723388671875,19.40999984741211,15.760999965667725,0.48140051751859325
2016-06-20,26.02833366394043,73.72771453857422,18.3700008392334,15.919500017166138,0.4075972553564899
2016-06-21,26.30500030517578,74.1238021850586,18.479999542236328,16.052500009536743,0.4721050450684876
2016-06-22,26.155000686645508,73.6235122680664,21.170000076293945,16.39000000953674,0.47000692229035834
2016-06-23,26.23666763305664,74.50601196289062,17.25,16.557500028610228,0.4009037932880961
2016-06-24,25.573333740234375,72.55337524414062,25.760000228881836,17.174000024795532,0.36171768117995157
2016-06-27,25.801666259765625,72.108642578125,23.850000381469727,17.710500049591065,0.5037960647695492
2016-06-28,25.74333381652832,72.74794006347656,18.75,17.938500070571898,0.40697523387805984
2016-06-29,26.308332443237305,73.8945083618164,16.639999389648438,18.060500049591063,0.4998307688110488
2016-06-30,26.78499984741211,74.85344696044922,15.630000114440918,18.160500049591064,0.5791338064998638
2016-07-01,26.621667861938477,75.29817962646484,14.770000457763672,18.225500059127807,0.462925095122683
2016-07-05,26.81833267211914,75.36072540283203,15.579999923706055,18.322000074386597,0.5339948969074393
2016-07-06,26.876667022705078,74.85344696044922,14.960000038146973,18.367500066757202,0.6156165802470048
2016-07-07,26.85333251953125,74.94380950927734,14.760000228881836,18.401500082015993,0.5959258223534074
2016-07-08,26.916667938232422,76.10425567626953,13.199999809265137,18.32950005531311,0.48752575349191
2016-07-11,26.833332061767578,76.44474029541016,13.539999961853027,18.155000019073487,0.41515734379314095
2016-07-12,26.79833221435547,76.63932037353516,13.550000190734863,17.784000062942503,0.3788248741903181
2016-07-13,26.963333129882812,76.98674774169922,13.039999961853027,17.411000061035157,0.4044930954649545
2016-07-14,27.018333435058594,77.48011779785156,12.819999694824219,17.045000076293945,0.36957899387669385
2016-07-15,26.933332443237305,77.15352630615234,12.670000076293945,16.710000038146973,0.37335115527541773
2016-07-18,25.92333221435547,77.06319427490234,12.4399995803833,16.361500024795532,-0.0182202338045088
2016-07-19,26.22833251953125,76.88252258300781,11.970000267028809,16.0414999961853,0.12396884260616392
2016-07-20,26.351667404174805,76.84776306152344,11.770000457763672,15.70600004196167,0.17705711106085525
2016-07-21,26.343332290649414,76.36136627197266,12.739999771118164,15.284500026702881,0.2297407095441199
2016-07-22,26.76333236694336,76.68795776367188,12.020000457763672,15.023000049591065,0.35929539895382157
2016-07-25,26.678333282470703,76.50728607177734,12.869999885559082,14.378500032424927,0.3462679603077841
2016-07-26,26.43666648864746,76.69490814208984,13.050000190734863,13.838500022888184,0.228484868684274
2016-07-27,26.251667022705078,75.60393524169922,12.829999923706055,13.542500019073486,0.28046490927674145
2016-07-28,26.573333740234375,75.55529022216797,12.720000267028809,13.346500062942505,0.41408629419295495
2016-07-29,26.77166748046875,75.11750793457031,11.869999885559082,13.158500051498413,0.5434251867526354
2016-08-01,26.84666633605957,75.0549545288086,12.4399995803833,13.042000007629394,0.5804761440380467
2016-08-02,26.549999237060547,74.67276000976562,13.369999885559082,12.931500005722047,0.5064087643091673
2016-08-03,26.295000076293945,75.24954986572266,12.859999656677246,12.82649998664856,0.3385129805029106
2016-08-04,26.43166732788086,74.93684387207031,12.420000076293945,12.709499979019165,0.4289085643892204
2016-08-05,27.086666107177734,75.59699249267578,11.390000343322754,12.619000005722047,0.6135869514806387
2016-08-08,26.49333381652832,75.7151107788086,11.5,12.517000007629395,0.3638461779422916
2016-08-09,26.520000457763672,76.19459533691406,11.65999984741211,12.422499990463256,0.3192542093248607
2016-08-10,26.816667556762695,76.35440826416016,12.050000190734863,12.373000001907348,0.41892531532221644
2016-08-11,26.95166778564453,77.06319427490234,11.680000305175781,12.316000032424927,0.39104877512450925
2016-08-12,26.863332748413086,76.9162368774414,11.550000190734863,12.260000038146973,0.3728119867540239
2016-08-15,26.905000686645508,76.87425231933594,11.8100004196167,12.228500080108642,0.39422933822412454
2016-08-16,26.60333251953125,76.84626007080078,12.640000343322754,12.26200008392334,0.27739078053920496
2016-08-17,26.61833381652832,77.14715576171875,12.1899995803833,12.283000040054322,0.24871778792079222
2016-08-18,26.738332748413086,77.3221435546875,11.430000305175781,12.217500066757202,0.27632928603237966
2016-08-19,26.575000762939453,77.37812042236328,11.34000015258789,12.183500051498413,0.20487966179703535
2016-08-22,26.52833366394043,76.8602523803711,12.270000457763672,12.153500080108643,0.24593086612805107
2016-08-23,26.229999542236328,76.58734130859375,12.380000114440918,12.120000076293945,0.1586177631416444
2016-08-24,26.15333366394043,76.72730255126953,13.449999809265137,12.1510000705719,0.11199105543902498
2016-08-25,26.24333381652832,76.51036071777344,13.630000114440918,12.196500062942505,0.1727877920653817
2016-08-26,26.17333221435547,76.24443817138672,13.649999618530273,12.285500049591064,0.1755445154809776
2016-08-29,25.989999771118164,76.36338806152344,12.9399995803833,12.310500049591065,0.08888452686738735
2016-08-30,25.635000228881836,76.54533386230469,13.119999885559082,12.298000049591064,-0.07335052376015878
2016-08-31,25.648332595825195,76.43338012695312,13.420000076293945,12.326000070571899,-0.05515464899078954
2016-09-01,25.72166633605957,76.62931060791016,13.479999542236328,12.379000043869018,-0.048526728823212316
2016-09-02,25.641666412353516,76.69227600097656,11.979999542236328,12.408500003814698,-0.08761550347313794
2016-09-06,25.645000457763672,76.62931060791016,12.020000457763672,12.434500026702882,-0.07903911106970282
2016-09-07,25.36166763305664,76.61532592773438,11.9399995803833,12.44850001335144,-0.1901931050482395
2016-09-08,25.35333251953125,76.23741912841797,12.510000228881836,12.471500015258789,-0.15000041460455618
2016-09-09,24.59166717529297,75.32067108154297,17.5,12.7625,-0.34758783862985326
2016-09-12,24.71666717529297,75.9645004272461,15.15999984741211,12.942999982833863,-0.3719656532439444
2016-09-13,23.98666763305664,74.78180694580078,17.850000381469727,13.244999980926513,-0.5263309369297033
2016-09-14,23.816667556762695,74.78180694580078,18.139999389648438,13.519999933242797,-0.5939895541021739
2016-09-15,24.391666412353516,74.93578338623047,16.299999237060547,13.72549991607666,-0.38287274349354045
2016-09-16,24.385000228881836,74.78180694580078,15.369999885559082,13.922499895095825,-0.3677978750877
2016-09-19,24.573333740234375,74.96377563476562,15.529999732971191,14.13199987411499,-0.3137935222693237
2016-09-20,24.516666412353516,75.82453155517578,15.920000076293945,14.314499855041504,-0.43544909044846525
2016-09-21,24.516666412353516,76.74130249023438,13.300000190734863,14.360499858856201,-0.5410007769998251
2016-09-22,24.823333740234375,76.74828338623047,12.020000457763672,14.288999891281128,-0.41975346965936833
2016-09-23,24.746667861938477,76.42635345458984,12.289999961853027,14.221999883651733,-0.4132007073462089
2016-09-26,24.600000381469727,76.16741180419922,14.5,14.26449990272522,-0.4417601060404094
2016-09-27,24.626667022705078,76.98623657226562,13.100000381469727,14.272499942779541,-0.525421737652534
2016-09-28,24.47166633605957,76.4543685913086,12.390000343322754,14.235999965667725,-0.5258745288915245
2016-09-29,24.22833251953125,75.7265396118164,14.020000457763672,14.26599998474121,-0.5389213590729548
2016-09-30,24.468332290649414,76.53133392333984,13.289999961853027,14.256500005722046,-0.5360627930426837
2016-10-03,24.29833221435547,76.4053726196289,13.569999694824219,14.336000013351441,-0.5892189565067506
2016-10-04,24.21666717529297,75.94351196289062,13.630000114440918,14.416499996185303,-0.5685450067819696
2016-10-05,24.206666946411133,76.39139556884766,12.989999771118164,14.469000005722046,-0.6240917346099336
2016-10-06,24.456666946411133,76.36338806152344,12.84000015258789,14.485500001907349,-0.5213691909336251
2016-10-07,24.30666732788086,76.13945007324219,13.479999542236328,14.284499979019165,-0.5552848714480247
2016-10-10,24.3700008392334,76.31440734863281,13.380000114440918,14.195499992370605,-0.5502222260377714
2016-10-11,23.85333251953125,76.06946563720703,15.359999656677246,14.070999956130981,-0.7276507547170377
2016-10-12,24.19333267211914,76.09748077392578,15.90999984741211,13.959499979019165,-0.5955590206759892
2016-10-13,24.329999923706055,75.7895278930664,16.690000534057617,13.979000043869018,-0.505710682620105
2016-10-14,24.18000030517578,75.87351989746094,16.1200008392334,14.016500091552734,-0.5750796359464291
2016-10-17,24.049999237060547,75.60057830810547,16.209999084472656,14.050500059127808,-0.5953940693223164
2016-10-18,24.453332901000977,75.67053985595703,15.279999732971191,14.01850004196167,-0.44292559066130377
2016-10-19,24.581666946411133,75.61460876464844,14.40999984741211,14.074000024795533,-0.3854101260624119
2016-10-20,24.434999465942383,75.1596908569336,13.75,14.160500001907348,-0.3914059555011443
2016-10-21,24.543333053588867,74.99175262451172,13.34000015258789,14.213000011444091,-0.32895465444450483
2016-10-24,25.020000457763672,75.89451599121094,13.020000457763672,14.139000034332275,-0.24318392646768452
2016-10-25,24.968332290649414,75.4676284790039,13.460000038146973,14.157000017166137,-0.21459807602283545
2016-10-26,24.350000381469727,76.00647735595703,14.239999771118164,14.249499988555907,-0.5227289691541126
2016-10-27,23.883333206176758,75.6355972290039,15.359999656677246,14.316499948501587,-0.6657576395169736
2016-10-28,23.98666763305664,75.3696517944336,16.190000534057617,14.461499977111817,-0.5940119822496628
2016-10-31,24.05666732788086,75.41165161132812,17.059999465942383,14.635999965667725,-0.5709883008527984
2016-11-01,23.93833351135254,74.7677993774414,18.559999465942383,14.882499933242798,-0.5439547654195868
2016-11-02,24.04833221435547,74.8097915649414,19.31999969482422,15.198999929428101,-0.5050109328708667
2016-11-03,23.36833381652832,75.21569061279297,22.079999923706055,15.66099991798401,-0.8223775038809531
2016-11-04,22.538333892822266,74.83780670166016,22.510000228881836,16.112499952316284,-1.1092032126898266
2016-11-07,22.690000534057617,76.83924865722656,18.709999084472656,16.37899990081787,-1.2792755650872996
2016-11-08,22.666667938232422,78.39983367919922,18.739999771118164,16.547999906539918,-1.4682384495096688
2016-11-09,22.09833335876465,79.42168426513672,14.380000114440918,16.471499919891357,-1.8120808355366644
2016-11-10,21.165000915527344,79.85155487060547,14.739999771118164,16.373999881744385,-2.2330321967471956
2016-11-11,20.959999084472656,80.49989318847656,14.170000076293945,16.276499843597414,-2.3892671337463107
2016-11-14,20.434999465942383,79.56967163085938,14.479999542236328,16.189999866485596,-2.4911123044603873
2016-11-15,20.809999465942383,79.75994110107422,13.369999885559082,16.09449987411499,-2.363771944692697
2016-11-16,21.030000686645508,79.49920654296875,13.720000267028809,16.059999895095824,-2.246193823406118
2016-11-17,20.985000610351562,79.9784164428711,13.350000381469727,16.03999991416931,-2.3192769272904226
2016-11-18,20.84000015258789,80.40123748779297,12.850000381469727,16.015499925613405,-2.425667066100937
2016-11-21,21.795000076293945,80.83112335205078,12.420000076293945,15.985499906539918,-2.0950795995822107
2016-11-22,22.6299991607666,80.78176879882812,12.40999984741211,15.932999897003175,-1.7570745083071426
2016-11-23,22.3700008392334,81.521728515625,12.430000305175781,15.842499923706054,-1.945746347641055
2016-11-25,22.424999237060547,81.93047332763672,12.34000015258789,15.691499948501587,-1.9709179487056516
2016-11-28,22.645000457763672,81.52877807617188,13.149999618530273,15.53949990272522,-1.837110431009838
2016-11-29,22.639999389648438,81.94456481933594,12.899999618530273,15.331499910354614,-1.8869720878474203
2016-11-30,22.375,81.69086456298828,13.329999923706055,15.069999933242798,-1.9632300664152305
2016-12-01,21.81999969482422,82.05026245117188,14.069999694824219,14.807499933242799,-2.2254945619116326
2016-12-02,22.219999313354492,81.99388885498047,14.119999885559082,14.40949993133545,-2.059807510093006
2016-12-05,22.44499969482422,82.14188385009766,12.140000343322754,13.890999937057495,-1.9872985137743484
2016-12-06,22.184999465942383,82.1278076171875,11.789999961853027,13.544999980926514,-2.0891557877251756
2016-12-07,22.235000610351562,83.5936050415039,12.220000267028809,13.219000005722046,-2.238019159093307
2016-12-08,21.524999618530273,83.84730529785156,12.640000343322754,13.132000017166138,-2.549803227276169
2016-12-09,22.020000457763672,84.28422546386719,11.75,12.982500028610229,-2.4031014611470476
2016-12-12,22.135000228881836,84.65772247314453,12.640000343322754,12.90600004196167,-2.400334786920313
2016-12-13,22.5,84.67887878417969,12.720000267028809,12.818000078201294,-2.2575037271276286
2016-12-14,22.010000228881836,82.63519287109375,13.1899995803833,12.809000062942506,-2.2172214237179753
2016-12-15,22.145000457763672,82.64927673339844,12.789999961853027,12.762500047683716,-2.1651139890596904
2016-12-16,22.25,81.61335754394531,12.199999809265137,12.705000019073486,-2.004055318810293
2016-12-19,21.934999465942383,82.43787384033203,11.710000038146973,12.648000001907349,-2.2243529354959533
2016-12-20,21.770000457763672,82.81841278076172,11.449999809265137,12.599499988555909,-2.3338342149264424
2016-12-21,22.684999465942383,81.81771850585938,11.270000457763672,12.542500019073486,-1.8544580829650912
2016-12-22,22.649999618530273,81.95865631103516,11.430000305175781,12.492500019073486,-1.884614492481677
2016-12-23,22.78499984741211,81.7260971069336,11.4399995803833,12.447499990463257,-1.8041100061283422
2016-12-27,22.764999389648438,81.83885955810547,11.989999771118164,12.389499998092651,-1.8250528364606189
2016-12-28,22.454999923706055,81.18346405029297,12.949999809265137,12.392000007629395,-1.8729716106099048
2016-12-29,22.514999389648438,81.02842712402344,13.369999885559082,12.394000005722045,-1.8312422697348234
2016-12-30,22.170000076293945,80.78884887695312,14.039999961853027,12.392500019073486,-1.9409654791220814
2017-01-03,22.770000457763672,81.0988998413086,12.850000381469727,12.32900004386902,-1.7378677842220631
2017-01-04,23.010000228881836,81.12005615234375,11.850000381469727,12.314500045776366,-1.6447856853176985
2017-01-05,23.094999313354492,81.16232299804688,11.670000076293945,12.308500051498413,-1.615823115676861
2017-01-06,22.809999465942383,81.32441711425781,11.319999694824219,12.263500022888184,-1.7479132618782265
2017-01-09,22.200000762939453,80.88043212890625,11.5600004196167,12.20950002670288,-1.9395698195128832
2017-01-10,21.75,80.28142547607422,11.489999771118164,12.196500015258788,-2.0497002316573663
2017-01-11,21.9950008392334,80.46465301513672,11.260000228881836,12.127500009536742,-1.9732876901085274
2017-01-12,21.55500030517578,80.27436828613281,11.539999961853027,12.068499994277953,-2.1264959652801934
2017-01-13,22.2549991607666,80.5069351196289,11.229999542236328,11.970499992370605,-1.8746786356760488
2017-01-17,21.969999313354492,80.38713073730469,11.869999885559082,11.924499988555908,-1.97431262427161
2017-01-18,21.729999542236328,81.01431274414062,12.479999542236328,11.938499975204468,-2.1420406355737014
2017-01-19,21.674999237060547,80.528076171875,12.779999732971191,11.991999959945678,-2.1079478419331914
2017-01-20,21.7549991607666,81.01431274414062,11.539999961853027,11.996499967575073,-2.1320909952178178
2017-01-23,21.760000228881836,80.66200256347656,11.770000457763672,12.021499967575073,-2.089537661508879
2017-01-24,21.854999542236328,81.7824935913086,11.069999694824219,12.003499937057494,-2.180735560605312
2017-01-25,21.565000534057617,82.44493103027344,10.8100004196167,11.971999979019165,-2.3724219585299235
2017-01-26,21.334999084472656,82.40262603759766,10.630000114440918,11.903999996185302,-2.4590898720751357
2017-01-27,21.149999618530273,83.2200927734375,10.579999923706055,11.785500001907348,-2.6268364988346535
2017-01-30,21.21500015258789,82.47311401367188,11.880000114440918,11.711000013351441,-2.514964026035779
2017-01-31,21.299999237060547,76.90583801269531,11.989999771118164,11.608500003814697,-1.8401512384107632
2017-02-01,20.90999984741211,74.24200439453125,11.8100004196167,11.556500005722047,-1.688669405671952
2017-02-02,20.905000686645508,74.06583404541016,11.930000305175781,11.560500001907348,-1.6703757982049139
2017-02-03,21.31999969482422,75.36956024169922,10.970000267028809,11.525500011444091,-1.6553131130890792
2017-02-06,21.364999771118164,74.74234008789062,11.369999885559082,11.528000020980835,-1.5651889672942314
2017-02-07,21.540000915527344,74.48160552978516,11.289999961853027,11.514499998092651,-1.4655205022918034
2017-02-08,21.834999084472656,74.81282806396484,11.449999809265137,11.5125,-1.3862487242421946
2017-02-09,21.889999389648438,75.02423095703125,10.880000114440918,11.493499994277954,-1.388698762586651
2017-02-10,22.0049991607666,75.6443862915039,10.850000381469727,11.45900001525879,-1.4143308968634112
2017-02-13,21.709999084472656,76.46186065673828,11.069999694824219,11.451000022888184,-1.62585773052372
2017-02-14,21.690000534057617,76.80716705322266,10.739999771118164,11.394500017166138,-1.673573562439535
2017-02-15,21.674999237060547,76.82830047607422,11.970000267028809,11.369000053405761,-1.68197713363566
2017-02-16,21.725000381469727,76.13948822021484,11.760000228881836,11.318000078201294,-1.582771247018533
2017-02-17,21.815000534057617,75.91223907470703,11.489999771118164,11.315500068664551,-1.5207877862879953
2017-02-21,21.9950008392334,76.49454498291016,11.569999694824219,11.305500030517578,-1.5161924850060366
2017-02-22,21.969999313354492,75.00328826904297,11.739999771118164,11.339000034332276,-1.3544482383925633
2017-02-23,21.954999923706055,74.6269302368164,11.710000038146973,11.384000015258788,-1.3170861905035411
2017-02-24,21.774999618530273,75.40098571777344,11.470000267028809,11.426000022888184,-1.4778450728111647
2017-02-27,21.045000076293945,75.79153442382812,12.09000015258789,11.501500034332276,-1.8133443343468665
2017-02-28,20.719999313354492,75.10271453857422,12.920000076293945,11.553500032424926,-1.8633852110993752
2017-03-01,21.0049991607666,75.89095306396484,12.539999961853027,11.58100004196167,-1.8407108516227946
2017-03-02,23.684999465942383,75.2376480102539,11.8100004196167,11.58100004196167,-0.6988752551734279
2017-03-03,24.020000457763672,75.22343444824219,10.960000038146973,11.53250002861023,-0.5639111781901578
2017-03-06,23.489999771118164,75.34415435791016,11.239999771118164,11.546000003814697,-0.7887460356435941
2017-03-07,23.350000381469727,75.01750183105469,11.449999809265137,11.55,-0.8068557521504777
2017-03-08,23.684999465942383,75.0813980102539,11.859999656677246,11.57849998474121,-0.6808855367029176
2017-03-09,23.5049991607666,75.2021255493164,12.300000190734863,11.621000003814697,-0.7664240302515023
2017-03-10,23.40999984741211,75.79153442382812,11.65999984741211,11.659999990463257,-0.8720940854329295
2017-03-13,23.21500015258789,76.33124542236328,11.350000381469727,11.684999990463258,-1.0118415360434279
2017-03-14,23.135000228881836,75.86255645751953,12.300000190734863,11.746500015258789,-0.9897187124698454
2017-03-15,23.545000076293945,76.50875854492188,11.630000114440918,11.791000032424927,-0.9009421407003807
2017-03-16,23.440000534057617,76.55138397216797,11.210000038146973,11.753000020980835,-0.947638730049824
2017-03-17,23.235000610351562,76.79991149902344,11.279999732971191,11.728999996185303,-1.0578410130802438
2017-03-20,23.399999618530273,76.0684814453125,11.34000015258789,11.721500015258789,-0.9079601666626633
2017-03-21,23.344999313354492,75.63531494140625,12.470000267028809,11.76650004386902,-0.8799775527917267
2017-03-22,23.565000534057617,75.64241790771484,12.8100004196167,11.820000076293946,-0.7932366901294495
2017-03-23,23.280000686645508,75.02459716796875,13.119999885559082,11.89050006866455,-0.8355319647171509
2017-03-24,23.469999313354492,74.59854125976562,12.960000038146973,11.96500005722046,-0.7108604853411765
2017-03-27,23.450000762939453,74.40679931640625,12.5,11.985500049591064,-0.6967436872483928
2017-03-28,23.4950008392334,75.40807342529297,11.529999732971191,11.916000032424927,-0.794114922680609
2017-03-29,23.614999771118164,75.29444122314453,11.420000076293945,11.860000038146973,-0.7332733928434656
2017-03-30,23.1299991607666,75.74183654785156,11.539999961853027,11.846500015258789,-0.9778101059986047
2017-03-31,23.084999084472656,76.1963119506836,12.369999885559082,11.917000007629394,-1.048045423394561
2017-04-03,22.8799991607666,75.55719757080078,12.380000114440918,11.974000024795533,-1.0560497671939544
2017-04-04,23.010000228881836,75.72052001953125,11.789999961853027,11.991000032424926,-1.0231144219536004
2017-04-05,22.96500015258789,75.79865264892578,12.890000343322754,12.042500066757203,-1.0500198158772287
2017-04-06,22.875,75.7489242553711,12.390000343322754,12.047000074386597,-1.0801136897252772
2017-04-07,22.924999237060547,74.55593872070312,12.869999885559082,12.107500076293945,-0.9228609760018808
2017-04-10,22.90999984741211,75.57140350341797,14.050000190734863,12.242500066757202,-1.0457453319632763
2017-04-11,22.68000030517578,75.09561157226562,15.069999694824219,12.38100004196167,-1.082503315303036
2017-04-12,22.700000762939453,74.0162124633789,15.770000457763672,12.588000059127808,-0.9502675484231471
2017-04-13,22.450000762939453,73.66827392578125,15.960000038146973,12.825500059127808,-1.009705845646682
2017-04-17,22.5049991607666,74.47071838378906,14.65999984741211,12.994500064849854,-1.080205739789096
2017-04-18,22.655000686645508,73.92389678955078,14.420000076293945,13.148500061035156,-0.9575485136187657
2017-04-19,22.549999237060547,74.17955017089844,14.930000305175781,13.271500062942504,-1.0287726647691777
2017-04-20,22.8700008392334,74.93937683105469,14.149999618530273,13.338500022888184,-0.9888967205402326
2017-04-21,22.69499969482422,75.10981750488281,14.630000114440918,13.414000034332275,-1.0781692715730085
2017-04-24,22.735000610351562,75.96195983886719,10.84000015258789,13.30800004005432,-1.1603599641016384
2017-04-25,22.684999465942383,76.2389144897461,10.760000228881836,13.221000051498413,-1.212146955592128
2017-04-26,22.55500030517578,76.42354583740234,10.850000381469727,13.18700008392334,-1.2851429230851306
2017-04-27,22.645000457763672,77.28279876708984,10.359999656677246,13.134000062942505,-1.3482530076370758
2017-04-28,22.690000534057617,76.3099365234375,10.819999694824219,13.098000049591064,-1.2183336369600042
2017-05-01,22.280000686645508,75.65662384033203,10.109999656677246,12.985000038146973,-1.3062915359943845
2017-05-02,22.34000015258789,75.92645263671875,10.59000015258789,12.895500040054321,-1.3134787694447776
2017-05-03,22.46500015258789,76.23184204101562,10.680000305175781,12.84000005722046,-1.2988905727623943
2017-05-04,22.96500015258789,76.01876831054688,10.460000038146973,12.71850004196167,-1.075362656091714
2017-05-05,23.725000381469727,76.28861999511719,10.569999694824219,12.627500009536742,-0.8039580401366239
2017-05-08,24.239999771118164,76.3525390625,9.770000457763672,12.472500038146972,-0.6063518347651273
2017-05-09,23.9950008392334,75.63531494140625,9.960000038146973,12.268000030517578,-0.6212823488853451
2017-05-10,23.924999237060547,74.63404083251953,10.210000038146973,12.025000047683715,-0.533861512917913
2017-05-11,23.940000534057617,74.54812622070312,10.600000381469727,11.76650004386902,-0.5179994114711493
2017-05-12,23.809999465942383,74.53382873535156,10.399999618530273,11.488500022888184,-0.5680926263835954
2017-05-15,23.729999542236328,75.36412811279297,10.420000076293945,11.276500034332276,-0.69552778408479
2017-05-16,23.405000686645508,74.79866027832031,10.649999618530273,11.088000011444091,-0.7597699411928136
2017-05-17,23.399999618530273,73.63194274902344,15.59000015258789,11.121000003814697,-0.6274312374547114
2017-05-18,23.405000686645508,73.86100006103516,14.65999984741211,11.14650001525879,-0.6518131838810901
2017-05-19,23.844999313354492,74.025634765625,12.039999961853027,11.017000007629395,-0.4956524728233126
2017-05-22,24.170000076293945,74.2833023071289,10.930000305175781,11.02150001525879,-0.39597121666624124
2017-05-23,24.71500015258789,74.58391571044922,10.720000267028809,11.019500017166138,-0.21367659999165517
2017-05-24,24.94499969482422,74.95613861083984,10.020000457763672,10.978000020980835,-0.16499427933562763
2017-05-25,25.3799991607666,75.82939147949219,9.989999771118164,10.95950002670288,-0.09240937686273912
2017-05-26,25.450000762939453,75.77928161621094,9.8100004196167,10.909000062942505,-0.0587799621824407
2017-05-30,25.354999542236328,76.45211029052734,10.380000114440918,10.922500085830688,-0.1740552482382239
2017-05-31,25.280000686645508,75.85087585449219,10.40999984741211,10.9135000705719,-0.13468152457596935
2017-06-01,25.485000610351562,77.0605239868164,9.890000343322754,10.874000072479248,-0.19236512691637936
2017-06-02,25.635000228881836,77.06768035888672,9.75,10.8385000705719,-0.13349046883259277
2017-06-05,25.55500030517578,77.26811218261719,10.069999694824219,10.8135000705719,-0.18840633075798846
2017-06-06,25.375,76.89588928222656,10.449999809265137,10.847500038146972,-0.2171893707022483
2017-06-07,25.424999237060547,76.35906219482422,10.390000343322754,10.869000053405761,-0.13548293370432526
2017-06-08,25.239999771118164,76.40914916992188,10.15999984741211,10.866500043869019,-0.21487790698724313
2017-06-09,25.024999618530273,76.60960388183594,10.699999809265137,10.871500015258789,-0.3235253729777595
2017-06-12,25.31999969482422,77.97672271728516,11.460000038146973,10.924500036239625,-0.3635199258959266
2017-06-13,25.274999618530273,78.62806701660156,10.420000076293945,10.924500036239625,-0.4564215858413484
2017-06-14,25.375,78.2988052368164,10.640000343322754,10.924000072479249,-0.37871297429173517
2017-06-15,25.649999618530273,78.92154693603516,10.899999618530273,10.689500045776366,-0.3409642783914809
2017-06-16,25.155000686645508,79.15773010253906,10.380000114440918,10.475500059127807,-0.5651624979146666
2017-06-19,25.43000030517578,79.358154296875,10.369999885559082,10.39200005531311,-0.47879061469914935
2017-06-20,25.415000915527344,78.45630645751953,10.859999656677246,10.388500022888184,-0.3809267191981506
2017-06-21,25.594999313354492,78.15565490722656,10.75,10.390000009536744,-0.27467357798649294
2017-06-22,25.424999237060547,78.06976318359375,10.479999542236328,10.412999963760376,-0.33244312042551644
2017-06-23,25.9950008392334,78.92868041992188,10.020000457763672,10.414499998092651,-0.20447796845777347
2017-06-26,25.760000228881836,79.45838928222656,9.899999618530273,10.41899995803833,-0.35899386298951164
2017-06-27,25.149999618530273,78.49922180175781,11.0600004196167,10.45299997329712,-0.4913360562252744
2017-06-28,25.524999618530273,78.79269409179688,10.029999732971191,10.433999967575073,-0.37587787037118525
2017-06-29,24.954999923706055,78.57795715332031,11.4399995803833,10.511499929428101,-0.578009445326659
2017-06-30,24.84000015258789,79.15773010253906,11.180000305175781,10.58299994468689,-0.6905300919037237
2017-07-03,24.860000610351562,79.17207336425781,11.220000267028809,10.64049997329712,-0.6842214759131793
2017-07-05,24.7549991607666,79.1076431274414,11.069999694824219,10.671499967575073,-0.7185930563257136
2017-07-06,25.165000915527344,78.19143676757812,12.539999961853027,10.778999948501587,-0.44992908159291956
2017-07-07,25.350000381469727,78.99311828613281,11.1899995803833,10.830499935150147,-0.4686017908882795
2017-07-10,25.2549991607666,78.88574981689453,11.109999656677246,10.850999927520752,-0.4940497043741782
2017-07-11,24.989999771118164,78.7855453491211,10.890000343322754,10.82249994277954,-0.587980297488287
2017-07-12,25.209999084472656,79.14342498779297,10.300000190734863,10.816499948501587,-0.5416265848586703
2017-07-13,25.405000686645508,79.56575775146484,9.899999618530273,10.779499912261963,-0.5126425123451233
2017-07-14,25.834999084472656,80.46044921875,9.510000228881836,10.709999942779541,-0.44451630927311264
2017-07-17,25.770000457763672,80.18846893310547,9.819999694824219,10.681999921798706,-0.43907099025967766
2017-07-18,25.920000076293945,80.04530334472656,9.890000343322754,10.657999944686889,-0.36288913378602566
2017-07-19,26.114999771118164,80.87560272216797,9.789999961853027,10.604499959945679,-0.3808767293546961
2017-07-20,26.184999465942383,80.58213806152344,9.579999923706055,10.54599995613098,-0.3192296143080134
2017-07-21,26.290000915527344,80.65373229980469,9.359999656677246,10.489999961853027,-0.2856828554601189
2017-07-24,26.364999771118164,80.27436065673828,9.430000305175781,10.460499954223632,-0.21215528444392795
2017-07-25,26.69499969482422,81.04023742675781,9.430000305175781,10.436999988555907,-0.1689966659079499
2017-07-26,26.78499984741211,80.37457275390625,9.600000381469727,10.36399998664856,-0.056536584953321964
2017-07-27,27.014999389648438,77.15355682373047,10.109999656677246,10.367999982833862,0.40585040744153594
2017-07-28,26.704999923706055,78.49208068847656,10.289999961853027,10.310500001907348,0.12836332503481637
2017-07-31,26.375,78.94300079345703,10.260000228881836,10.264499998092651,-0.05489022609025482
2017-08-01,26.559999465942383,78.85713195800781,10.09000015258789,10.207999992370606,0.02862446299474677
2017-08-02,26.520000457763672,79.63732147216797,10.279999732971191,10.168499994277955,-0.07712130391855022
2017-08-03,26.56999969482422,79.82342529296875,10.4399995803833,10.063499975204468,-0.07864893739873166
2017-08-04,26.354999542236328,80.2027816772461,10.029999732971191,10.005499982833863,-0.20789410399544803
2017-08-07,26.434999465942383,80.0667724609375,9.930000305175781,9.946500015258788,-0.1603954873222477
2017-08-08,26.315000534057617,80.0882568359375,10.960000038146973,9.95,-0.21062765096374653
2017-08-09,26.014999389648438,80.46044921875,11.109999656677246,9.99049997329712,-0.37287768413650857
2017-08-10,26.260000228881836,79.98452758789062,16.040000915527344,10.297500038146973,-0.22057453140709699
2017-08-11,26.90999984741211,80.3594970703125,15.510000228881836,10.597500038146972,-0.005051897321949854
2017-08-14,26.975000381469727,81.98200988769531,12.329999923706055,10.723000049591064,-0.16598893742639403
2017-08-15,27.0049991607666,82.33531951904297,12.039999961853027,10.830500030517578,-0.194727693768422
2017-08-16,27.155000686645508,82.75355529785156,11.739999771118164,10.928000020980836,-0.18318157447170866
2017-08-17,26.854999542236328,81.42671966552734,15.550000190734863,11.226500034332275,-0.1498153793832353
2017-08-18,27.024999618530273,81.72958374023438,14.260000228881836,11.471500062942505,-0.11702677461915427
2017-08-21,27.18000030517578,82.08293914794922,13.1899995803833,11.659500026702881,-0.0960210813892963
2017-08-22,27.690000534057617,82.63817596435547,11.350000381469727,11.755500030517577,0.043028024453809155
2017-08-23,27.579999923706055,81.88105773925781,12.25,11.888000011444092,0.08641889575499129
2017-08-24,27.489999771118164,81.73680877685547,12.229999542236328,11.994000005722047,0.06720757181568951
2017-08-25,27.610000610351562,81.7728500366211,11.279999732971191,12.043499994277955,0.11081732673075308
2017-08-28,27.579999923706055,82.05409240722656,11.319999694824219,12.096499967575074,0.06649668799565775
2017-08-29,27.684999465942383,82.84729766845703,11.699999809265137,12.176999950408936,0.016960581186987
2017-08-30,27.975000381469727,82.90499114990234,11.220000267028809,12.223999977111816,0.12573604209193698
2017-08-31,27.90999984741211,82.46513366699219,10.59000015258789,12.231500005722046,0.15050900850160392
2017-09-01,28.040000915527344,82.48674011230469,10.130000114440918,12.236500024795532,0.19976071216919006
2017-09-05,28.174999237060547,82.14784240722656,12.229999542236328,12.351499986648559,0.2925076374625486
2017-09-06,28.165000915527344,82.06853485107422,11.630000114440918,12.384999990463257,0.29765940049701056
2017-09-07,28.18000030517578,82.68864440917969,11.550000190734863,12.407000017166137,0.23223321611314834
2017-09-08,28.15999984741211,82.96268463134766,12.119999885559082,12.210999965667725,0.19272179892793576
2017-09-11,28.329999923706055,83.79193878173828,10.729999542236328,11.97199993133545,0.16490490438182237
2017-09-12,28.040000915527344,84.47698211669922,10.579999923706055,11.88449993133545,-0.029384205253146587
2017-09-13,28.190000534057617,84.41209411621094,10.5,11.807499933242799,0.037785223900806304
2017-09-14,28.290000915527344,84.64283752441406,10.4399995803833,11.742499923706054,0.05101808713724182
2017-09-15,28.09000015258789,85.01781463623047,10.170000076293945,11.47349991798401,-0.0717532430441853
2017-09-18,28.334999084472656,84.79428100585938,10.149999618530273,11.26799988746643,0.051490660501964734
2017-09-19,28.1299991607666,84.34719848632812,10.180000305175781,11.117499923706054,0.02137688242997731
2017-09-20,27.975000381469727,84.96733093261719,9.779999732971191,11.038999891281128,-0.1117097952301214
2017-09-21,27.78499984741211,84.55631256103516,9.670000076293945,10.909999895095826,-0.14000615766866403
2017-09-22,27.905000686645508,84.85195922851562,9.59000015258789,10.777999925613404,-0.1262858632221555
2017-09-25,27.584999084472656,85.24857330322266,10.210000038146973,10.724499940872192,-0.29930768423842496
2017-09-26,27.600000381469727,85.75335693359375,10.170000076293945,10.666999959945679,-0.35145515129071997
2017-09-27,27.440000534057617,85.5370101928711,9.869999885559082,10.575499963760375,-0.3902248519703349
2017-09-28,27.739999771118164,86.25089263916016,9.550000190734863,10.491999959945678,-0.35301993255251135
2017-09-29,27.625,86.59703826904297,9.510000228881836,10.437999963760376,-0.4386420850375874
2017-10-02,27.56999969482422,87.1017837524414,9.449999809265137,10.403999948501587,-0.5186452158177067
2017-10-03,27.635000228881836,86.3230209350586,9.510000228881836,10.267999982833862,-0.403113311029176
2017-10-04,27.610000610351562,85.81104278564453,9.630000114440918,10.167999982833862,-0.35411675765058676
2017-10-05,27.700000762939453,85.23412322998047,9.1899995803833,10.049999952316284,-0.25187427460850526
2017-10-06,27.684999465942383,84.87361145019531,9.649999618530273,9.926499938964843,-0.21633743139787812
2017-10-09,27.69499969482422,84.47698211669922,10.329999923706055,9.90649995803833,-0.16669182313460457
2017-10-10,27.68000030517578,85.17648315429688,10.079999923706055,9.88149995803833,-0.25319794663810585
2017-10-11,27.850000381469727,85.75335693359375,9.850000381469727,9.848999977111816,-0.251957229514081
2017-10-12,27.979999542236328,86.2220687866211,9.90999984741211,9.822499990463257,-0.2541834075885619
2017-10-13,27.915000915527344,85.34952545166016,9.609999656677246,9.794499969482422,-0.17959274341677367
2017-10-16,28.110000610351562,85.3350830078125,9.90999984741211,9.782499980926513,-0.10032166669580733
2017-10-17,28.260000228881836,84.85916900634766,10.3100004196167,9.788999986648559,0.014170911524563649
2017-10-18,28.145000457763672,85.19808959960938,10.069999694824219,9.803499984741212,-0.0706193921620956
2017-10-19,27.9950008392334,86.11387634277344,10.050000190734863,9.822499990463257,-0.23575636581299497
2017-10-20,28.229999542236328,86.35906982421875,9.970000267028809,9.841499996185302,-0.1704589904298402
2017-10-23,28.18000030517578,86.30137634277344,11.069999694824219,9.884499979019164,-0.1837157784133859
2017-10-24,28.415000915527344,86.31580352783203,11.15999984741211,9.933999967575073,-0.09184855141266308
2017-10-25,28.25,85.48653411865234,11.229999542236328,10.001999950408935,-0.06204027563048843
2017-10-26,28.375,86.04898071289062,11.300000190734863,10.089499950408936,-0.07704815240644725
2017-10-27,28.375,87.07292938232422,9.800000190734863,10.103999948501587,-0.19493966147117187
2017-10-30,28.415000915527344,85.15483093261719,10.5,10.15649995803833,0.041819097482643605
2017-10-31,28.96500015258789,84.75100708007812,10.180000305175781,10.189999961853028,0.3072081572283568
2017-11-01,28.899999618530273,84.70052337646484,10.199999809265137,10.218499946594239,0.2871508857541884
2017-11-02,28.725000381469727,84.27509307861328,9.930000305175781,10.255499982833863,0.266484220392019
2017-11-03,28.834999084472656,83.2583236694336,9.140000343322754,10.230000019073486,0.4273277204713282
2017-11-06,28.760000228881836,82.14784240722656,9.399999618530273,10.183500003814697,0.525333169156512
2017-11-07,28.959999084472656,82.1694564819336,9.890000343322754,10.174000024795532,0.6024425319510112
2017-11-08,29.0,81.57816314697266,9.779999732971191,10.170499992370605,0.6864406478359355
2017-11-09,29.34000015258789,81.15992736816406,10.5,10.2,0.8699111232372654
2017-11-10,30.579999923706055,82.25688171386719,11.289999961853027,10.284000015258789,1.2371237650894398
2017-11-13,31.100000381469727,83.40470886230469,11.5,10.363500022888184,1.3119254661505153
2017-11-14,31.315000534057617,82.86711883544922,11.59000015258789,10.427500009536743,1.4593887363155114
2017-11-15,30.799999237060547,82.00985717773438,13.130000114440918,10.580500030517578,1.3531226348798377
2017-11-16,31.0,82.59830474853516,11.760000228881836,10.666000032424927,1.3649708366911968
2017-11-17,31.084999084472656,82.04622650146484,11.430000305175781,10.739000034332275,1.4623628520493008
2017-11-20,30.579999923706055,82.23506164550781,10.649999618530273,10.718000030517578,1.2396360011649117
2017-11-21,30.635000228881836,82.75813293457031,9.729999542236328,10.64650001525879,1.201302271939654
2017-11-22,30.635000228881836,82.64913940429688,9.880000114440918,10.57900004386902,1.2138511546579018
2017-11-24,30.875,82.19152069091797,9.670000076293945,10.497500038146972,1.3620566321217564
2017-11-27,30.885000228881836,83.20854949951172,9.869999885559082,10.501000022888183,1.2489418436506943
2017-11-28,31.045000076293945,83.68075561523438,10.029999732971191,10.477500009536744,1.2582533803348497
2017-11-29,30.94499969482422,86.47760009765625,10.699999809265137,10.503499984741211,0.8964416127971833
2017-11-30,31.334999084472656,88.2283706665039,11.279999732971191,10.557499980926513,0.8500845621577443
2017-12-01,31.459999084472656,87.40020751953125,11.430000305175781,10.632499980926514,0.9951834229608759
2017-12-04,31.674999237060547,89.8774642944336,11.680000305175781,10.759499979019164,0.7955347238757025
2017-12-05,31.524999618530273,87.44379425048828,11.329999923706055,10.855999994277955,1.0160347718519056
2017-12-06,31.635000228881836,85.93275451660156,11.020000457763672,10.9125,1.2337864485748795
2017-12-07,31.149999618530273,86.97887420654297,10.15999984741211,10.931500005722047,0.9203160856789347
2017-12-08,31.610000610351562,86.85535430908203,9.579999923706055,10.88550000190735,1.1176140208418817
2017-12-11,31.469999313354492,85.7583999633789,9.34000015258789,10.788000011444092,1.1881916275197986
2017-12-12,31.454999923706055,85.83832550048828,9.920000076293945,10.70900001525879,1.1730198324963557
2017-12-13,31.7549991607666,86.01266479492188,10.180000305175781,10.638500022888184,1.2723446201034339
2017-12-14,31.565000534057617,84.87940216064453,10.489999771118164,10.506500005722046,1.3272040308719
2017-12-15,32.005001068115234,85.72209930419922,9.420000076293945,10.389499998092651,1.4052973257911878
2017-12-18,32.01499938964844,86.31053161621094,9.529999732971191,10.294499969482422,1.3415278922013534
2017-12-19,32.10499954223633,86.44854736328125,10.029999732971191,10.263499975204468,1.3614568723901865
2017-12-20,32.0099983215332,85.96180725097656,9.720000267028809,10.263000011444092,1.3796876088528274
2017-12-21,31.905000686645508,86.1434326171875,9.619999885559082,10.25,1.3169881320881516
2017-12-22,31.885000228881836,86.1870346069336,9.899999618530273,10.261499977111816,1.3040080360300526
2017-12-26,31.920000076293945,85.91095733642578,10.25,10.280499982833863,1.3497236195343403
2017-12-27,32.1150016784668,86.50668334960938,10.470000267028809,10.302500009536743,1.3587441992901104
2017-12-28,31.459999084472656,86.48487091064453,10.180000305175781,10.276500034332276,1.1005699695184623
2017-12-29,31.645000457763672,86.55751037597656,11.039999961853027,10.264500045776368,1.1658356915920844
2018-01-02,31.354999542236328,89.84111785888672,9.770000457763672,10.181500053405761,0.6723622231735558
2018-01-03,31.559999465942383,91.83159637451172,9.149999618530273,10.055000019073486,0.5247783407128191
2018-01-04,31.68000030517578,92.42728424072266,9.220000267028809,9.949500036239623,0.5039536323131484
2018-01-05,31.7450008392334,92.71060943603516,9.220000267028809,9.85950002670288,0.49720288533021334
2018-01-08,32.01499938964844,93.83663177490234,9.520000457763672,9.827500057220458,0.4750163847727772
2018-01-09,32.7400016784668,93.79305267333984,10.079999923706055,9.852500057220459,0.7685787137728761
2018-01-10,31.795000076293945,94.28704071044922,9.819999694824219,9.876500034332276,0.33560101522716185
2018-01-11,31.979999542236328,96.95314025878906,9.880000114440918,9.874500036239624,0.10227003094187152
2018-01-12,31.885000228881836,97.41082000732422,10.15999984741211,9.87350001335144,0.01176650306082649
2018-01-16,32.279998779296875,96.53181457519531,11.65999984741211,9.932000017166137,0.2701762281966557
2018-01-17,33.53499984741211,97.35269927978516,11.90999984741211,10.056500005722047,0.6751443183295278
2018-01-18,33.23500061035156,97.04759979248047,12.220000267028809,10.191000032424927,0.5908745006866138
2018-01-19,33.43000030517578,96.67710876464844,11.270000457763672,10.253000068664551,0.7111389456488743
2018-01-22,33.8849983215332,96.51724243164062,11.029999732971191,10.31850004196167,0.9106304558809296
2018-01-23,34.224998474121094,95.94334411621094,11.100000381469727,10.392500066757203,1.1120230126276616
2018-01-24,34.13999938964844,95.66729736328125,11.470000267028809,10.47100009918213,1.1099765051632575
2018-01-25,33.900001525878906,95.3766860961914,11.579999923706055,10.537500095367431,1.0479186456872007
2018-01-26,34.45500183105469,96.41553497314453,11.079999923706055,10.568000078201294,1.149197120978097
2018-01-29,34.14500045776367,94.90453338623047,13.84000015258789,10.7510000705719,1.1997871076219488
2018-01-30,33.95000076293945,93.06657409667969,14.789999961853027,10.9385000705719,1.333790819240961
2018-01-31,34.1150016784668,92.49267578125,13.539999961853027,11.127000045776366,1.4655351343876057
2018-02-01,33.96500015258789,86.81903839111328,13.470000267028809,11.343000078201294,2.059065465889323
2018-02-02,33.314998626708984,84.61060333251953,17.309999465942383,11.747500038146972,2.0546366617557705
2018-02-05,31.924999237060547,82.30772399902344,37.31999969482422,13.152500009536743,1.7665686252318602
2018-02-06,32.10499954223633,81.87910461425781,29.979999542236328,14.175499963760377,1.8875559995712587
2018-02-07,32.275001525878906,81.29794311523438,27.729999542236328,15.05799994468689,2.0221269390739467
2018-02-08,30.9950008392334,79.38736724853516,33.459999084472656,16.23999991416931,1.73266992683255
2018-02-09,31.44499969482422,77.28790283203125,29.059999465942383,17.198999881744385,2.1534858828324093
2018-02-12,32.040000915527344,77.22978973388672,25.610000610351562,17.971499919891357,2.3969822274509487
2018-02-13,31.69499969482422,78.13785552978516,24.969999313354492,18.636999893188477,2.155125182235655
2018-02-14,31.950000762939453,77.44046783447266,19.260000228881836,19.004499912261963,2.3369066606910143
2018-02-15,32.80500030517578,78.68270111083984,19.1299991607666,19.349999856948852,2.5341658387151
2018-02-16,32.7400016784668,77.95010375976562,19.459999084472656,19.7594997882843,2.592643934239205
2018-02-20,32.29999923706055,76.71197509765625,20.600000381469727,20.237999820709227,2.5600775710472727
2018-02-21,32.5099983215332,76.70463562011719,20.020000457763672,20.683999824523926,2.6445004858291266
2018-02-22,32.46500015258789,76.9830322265625,18.719999313354492,21.04649977684021,2.5945386185860593
2018-02-23,32.939998626708984,77.37133026123047,16.489999771118164,21.291999769210815,2.7388776797860475
2018-02-26,32.904998779296875,79.1735610961914,15.800000190734863,21.527999782562254,2.517449629291192
2018-02-27,32.084999084472656,77.4299545288086,18.59000015258789,21.765499782562255,2.391845311452748
2018-02-28,31.684999465942383,76.49220275878906,19.850000381469727,22.01849980354309,2.3406160865942955
2018-03-01,27.110000610351562,77.9720687866211,22.469999313354492,22.464999771118165,0.3494213849726185
2018-03-02,27.079999923706055,77.19551086425781,19.59000015258789,22.77099976539612,0.4268897348361161
2018-03-05,27.8700008392334,77.51783752441406,18.729999542236328,22.841999769210815,0.7041927104433633
2018-03-06,27.834999084472656,80.44097900390625,18.360000610351562,21.893999814987183,0.35370875251503553
2018-03-07,27.774999618530273,80.00874328613281,17.760000228881836,21.28299984931946,0.3795945766432471
2018-03-08,28.415000915527344,79.70835876464844,16.540000915527344,20.723499917984007,0.6688943036216718
2018-03-09,29.030000686645508,80.86588287353516,14.640000343322754,19.782499980926513,0.7803884899122595
2018-03-12,29.21500015258789,79.7889633178711,15.779999732971191,19.118499994277954,0.9780070090558892
2018-03-13,29.344999313354492,80.09666442871094,16.350000381469727,18.655499982833863,0.9943186736865657
2018-03-14,29.364999771118164,79.67904663085938,17.229999542236328,18.268499994277953,1.0503607799292256
2018-03-15,29.094999313354492,80.38236236572266,16.59000015258789,18.134999990463257,0.8619271490014715
2018-03-16,29.31999969482422,81.25418090820312,15.800000190734863,17.96850004196167,0.8510993015480287
2018-03-19,29.135000228881836,79.45927429199219,19.020000457763672,17.94650011062622,0.9841261861053403
2018-03-20,29.34000015258789,79.1442642211914,18.200000762939453,17.826500129699706,1.1019828835279493
2018-03-21,29.040000915527344,78.86585235595703,17.860000610351562,17.7185001373291,1.014640407915804
2018-03-22,28.389999389648438,76.5215072631836,23.34000015258789,17.949500179290773,1.0258594965963945
2018-03-23,27.93000030517578,74.47750091552734,24.8700008392334,18.368500232696533,1.07811871687578
2018-03-26,28.434999465942383,75.9720230102539,21.030000686645508,18.630000257492064,1.107033581771319
2018-03-27,28.125,74.85115814208984,22.5,18.82550024986267,1.1127062492180182
2018-03-28,28.1200008392334,75.22477722167969,22.8700008392334,18.976500272750854,1.067700291625396
2018-03-29,28.604999542236328,76.67537689208984,19.969999313354492,18.851500272750854,1.0937121136998307
2018-04-02,27.809999465942383,76.07459259033203,23.6200008392334,19.05300030708313,0.8464795109665607
2018-04-03,27.864999771118164,77.32005310058594,21.100000381469727,19.1715003490448,0.7249740779629743
2018-04-04,28.385000228881836,77.95742797851562,20.059999465942383,19.25650029182434,0.8585462919140849
2018-04-05,28.704999923706055,78.52153015136719,18.940000534057617,19.31550030708313,0.9209560589502638
2018-04-06,27.96500015258789,77.16621398925781,21.489999771118164,19.56300024986267,0.782485541231706
2018-04-09,28.114999771118164,76.63140106201172,21.770000457763672,19.919500255584715,0.9037594000474061
2018-04-10,28.15999984741211,77.67168426513672,20.469999313354492,20.15400023460388,0.8018968838271188
2018-04-11,28.110000610351562,77.72296905517578,20.239999771118164,20.348500204086303,0.77609296993377
2018-04-12,28.264999389648438,78.38233947753906,18.489999771118164,20.411500215530396,0.7618651107025739
2018-04-13,28.34000015258789,78.57282257080078,17.40999984741211,20.452500200271608,0.7697836726636361
2018-04-16,28.489999771118164,80.03804779052734,16.559999465942383,20.49050016403198,0.6607847430357038
2018-04-17,28.84000015258789,80.23585510253906,15.25,20.3020001411438,0.7773075990759857
2018-04-18,28.735000610351562,81.24687194824219,15.600000381469727,20.172000122070312,0.6191160402078256
2018-04-19,28.655000686645508,80.35308074951172,15.960000038146973,20.077000093460082,0.6901826686377717
2018-04-20,28.25,79.52520751953125,16.8799991607666,19.75400004386902,0.6243122826347798
2018-04-23,28.434999465942383,79.93550109863281,16.34000015258789,19.32750000953674,0.6507017099379138
2018-04-24,27.864999771118164,79.28343200683594,18.020000457763672,19.17699999809265,0.4989220218069786
2018-04-25,27.204999923706055,79.6058120727539,17.84000015258789,18.944000005722046,0.19913059863660554
2018-04-26,27.549999237060547,82.990478515625,16.239999771118164,18.612499952316284,-0.05325339970335933
2018-04-27,28.094999313354492,83.51063537597656,15.40999984741211,18.384499979019164,0.10376425707340521
2018-04-30,27.5,83.15164184570312,15.930000305175781,17.999999952316283,-0.09170809120472907
2018-05-01,27.600000381469727,82.38240051269531,15.489999771118164,17.719499921798707,0.036657213434521954
2018-05-02,26.360000610351562,81.42999267578125,15.970000267028809,17.51499996185303,-0.3471976748113175
2018-05-03,26.155000686645508,80.44831848144531,15.899999618530273,17.36299991607666,-0.3157616690342515
2018-05-04,26.3799991607666,81.54723358154297,14.770000457763672,17.026999950408936,-0.35273685567438834
2018-05-07,26.655000686645508,82.1406478881836,14.75,16.675999927520753,-0.3116108148351247
2018-05-08,26.540000915527344,81.5179214477539,14.710000038146973,16.387999963760375,-0.28568265833548523
2018-05-09,24.55500030517578,81.61317443847656,13.420000076293945,16.046999979019166,-1.0866632768709248
2018-05-10,25.030000686645508,83.51063537597656,13.229999542236328,15.783999967575074,-1.1160797173497807
2018-05-11,24.635000228881836,84.58026123046875,12.649999618530273,15.54599995613098,-1.3964371310859984
2018-05-14,24.46500015258789,85.23226928710938,12.930000305175781,15.36449999809265,-1.5391641730870695
2018-05-15,24.100000381469727,84.69747161865234,14.630000114440918,15.333500003814697,-1.6228575470248423
2018-05-16,24.045000076293945,85.21762084960938,13.420000076293945,15.224499988555909,-1.7046341759295685
2018-05-17,24.28499984741211,85.4154281616211,13.430000305175781,15.098000001907348,-1.6318906483858573
2018-05-18,24.735000610351562,85.19390869140625,13.420000076293945,14.925000047683715,-1.4272896189529776
2018-05-21,24.954999923706055,86.44914245605469,13.079999923706055,14.762000036239623,-1.4842520541292399
2018-05-22,24.84000015258789,85.17913818359375,13.220000267028809,14.52200002670288,-1.3838000834187605
2018-05-23,25.0049991607666,85.12006378173828,12.579999923706055,14.259000015258788,-1.311330365890367
2018-05-24,24.809999465942383,85.37850189208984,12.529999732971191,14.07350001335144,-1.4186936880412815
2018-05-25,24.829999923706055,85.27513122558594,13.220000267028809,13.964000034332276,-1.3988321733065234
2018-05-29,24.645000457763672,84.04942321777344,17.020000457763672,14.01850004196167,-1.3313395141501314
2018-05-30,25.979999542236328,86.16120910644531,14.9399995803833,13.991000032424926,-1.0431597513212416
2018-05-31,25.579999923706055,85.74031066894531,15.430000305175781,13.964000034332276,-1.1538964702121497
2018-06-01,25.75,86.57469177246094,13.460000038146973,13.842000055313111,-1.1823036523955768
2018-06-04,25.895000457763672,86.367919921875,12.739999771118164,13.740500020980836,-1.100788164349119
2018-06-05,25.68000030517578,86.24979400634766,12.399999618530273,13.623000001907348,-1.1727561052335298
2018-06-06,26.600000381469727,86.40486145019531,11.640000343322754,13.469500017166137,-0.8244572885472116
2018-06-07,26.415000915527344,85.7919921875,12.130000114440918,13.405000019073487,-0.8275233269426813
2018-06-08,27.739999771118164,86.0947265625,12.180000305175781,13.352500057220459,-0.3350398765284472
2018-06-11,28.03499984741211,86.27933502197266,12.350000381469727,13.337500095367432,-0.2388870454320573
2018-06-12,28.09000015258789,87.3794937133789,12.34000015258789,13.308000087738037,-0.3436632700239809
2018-06-13,28.049999237060547,86.63372039794922,12.9399995803833,13.223500061035157,-0.27371928916116417
2018-06-14,28.024999618530273,86.53038787841797,12.119999885559082,13.158500051498413,-0.271771822731668
2018-06-15,28.21500015258789,86.22025299072266,11.979999542236328,13.086000013351441,-0.1604460579987916
2018-06-18,28.045000076293945,86.22025299072266,12.3100004196167,13.030500030517578,-0.22810467517126212
2018-06-19,27.940000534057617,84.78040313720703,13.350000381469727,13.044000053405762,-0.10411766170219215
2018-06-20,27.770000457763672,83.91651153564453,12.789999961853027,13.022500038146973,-0.07231281198732227
2018-06-21,27.985000610351562,83.74669647216797,14.640000343322754,13.125500059127807,0.0328069826468671
2018-06-22,28.43000030517578,83.95344543457031,13.770000457763672,13.187500095367431,0.18610928593465723
2018-06-25,28.315000534057617,81.36909484863281,17.329999923706055,13.393000078201293,0.4378874656191865
2018-06-26,28.1200008392334,80.90394592285156,15.920000076293945,13.338000059127808,0.41383375670948613
2018-06-27,27.96500015258789,80.02529907226562,17.90999984741211,13.486500072479249,0.45330707258182634
2018-06-28,28.389999389648438,78.17933654785156,16.850000381469727,13.557500076293945,0.8349866511350011
2018-06-29,28.649999618530273,78.43778228759766,16.09000015258789,13.68900008201599,0.9087086378489905
2018-07-02,28.790000915527344,78.17933654785156,15.600000381469727,13.832000112533569,0.9941839332647437
2018-07-03,28.84000015258789,78.09073638916016,16.139999389648438,14.019000101089478,1.0242841222088361
2018-07-05,28.81999969482422,78.4820556640625,14.970000267028809,14.18550009727478,0.9712698753200764
2018-07-06,29.219999313354492,78.29009246826172,13.369999885559082,14.247500085830689,1.1525679269755127
2018-07-09,29.360000610351562,80.18035125732422,12.6899995803833,14.273000049591065,0.9906538492739833
2018-07-10,29.78499984741211,80.12125396728516,12.640000343322754,14.287500047683716,1.1666041317558156
2018-07-11,30.1200008392334,79.2499771118164,13.630000114440918,14.352000045776368,1.400245503847562
2018-07-12,30.4950008392334,80.13602447509766,12.579999923706055,14.334000062942504,1.4474780337639324
2018-07-13,30.604999542236328,80.46092224121094,12.180000305175781,14.33700008392334,1.4538497593495197
2018-07-16,30.53499984741211,81.70138549804688,12.829999923706055,14.379500102996825,1.2831707202231504
2018-07-17,31.084999084472656,82.01150512695312,12.0600004196167,14.367000102996826,1.4663604696645005
2018-07-18,30.514999389648438,82.81632995605469,12.100000381469727,14.304500102996826,1.1468424680720641
2018-07-19,30.56999969482422,83.31842041015625,12.869999885559082,14.30850009918213,1.1109243504578379
2018-07-20,30.790000915527344,82.7499008178711,12.859999656677246,14.219500064849854,1.2639390548761211
2018-07-23,30.4950008392334,83.22244262695312,12.619999885559082,14.162000036239624,1.0921257545053724
2018-07-24,30.540000915527344,83.0230941772461,12.40999984741211,13.916000032424927,1.1329872347112004
2018-07-25,31.059999465942383,88.7529067993164,12.289999961853027,13.73450002670288,0.6802449529410194
2018-07-26,30.825000762939453,87.77085876464844,12.140000343322754,13.446000051498412,0.6997847357414715
2018-07-27,30.315000534057617,87.61579895019531,13.029999732971191,13.255000019073487,0.5146615716359076
2018-07-30,29.854999542236328,87.65270233154297,14.260000228881836,13.163500022888183,0.3273361596075175
2018-07-31,30.010000228881836,88.52399444580078,12.829999923706055,13.025,0.2887096254053697
2018-08-01,29.385000228881836,88.13264465332031,13.149999618530273,12.875500011444093,0.08502256554115398
2018-08-02,29.674999237060547,87.57147979736328,12.1899995803833,12.736499977111816,0.26504902582037804
2018-08-03,29.6299991607666,87.97758483886719,11.640000343322754,12.65,0.20038279119312377
2018-08-06,29.704999923706055,88.26554870605469,11.270000457763672,12.57900004386902,0.19707798240722926
2018-08-07,29.895000457763672,88.61260223388672,10.930000305175781,12.49350004196167,0.23273888584463606
2018-08-08,29.700000762939453,89.0334701538086,10.850000381469727,12.35450005531311,0.10667433780323535
2018-08-09,30.489999771118164,89.24760437011719,11.270000457763672,12.289000082015992,0.39643320457650016
2018-08-10,30.350000381469727,88.06620025634766,13.15999984741211,12.338000059127808,0.4767346266987709
2018-08-13,30.219999313354492,87.2466049194336,14.779999732971191,12.435500049591065,0.5193587342472227
2018-08-14,30.889999389648438,87.85206604003906,13.3100004196167,12.498000049591065,0.7163039143039693
2018-08-15,30.670000076293945,88.64213562011719,14.640000343322754,12.625000047683717,0.5377819887863291
2018-08-16,30.834999084472656,89.4248275756836,13.449999809265137,12.654000043869019,0.5133356116717408
2018-08-17,31.084999084472656,90.61515045166016,12.640000343322754,12.643000078201293,0.47578666351029636
2018-08-20,31.045000076293945,91.17313385009766,12.489999771118164,12.636500072479247,0.3956244195683662
2018-08-21,30.93000030517578,91.5153579711914,12.859999656677246,12.659000062942505,0.310453766853498
2018-08-22,30.5049991607666,90.667236328125,12.25,12.657000064849854,0.23895464972793884
2018-08-23,30.34000015258789,90.54817962646484,12.40999984741211,12.670500040054321,0.18699391397930454
2018-08-24,30.325000762939453,91.31448364257812,11.989999771118164,12.61850004196167,0.09279648310628291
2018-08-27,30.219999313354492,92.14027404785156,12.15999984741211,12.513500022888184,-0.04406993716437836
2018-08-28,30.395000457763672,91.3219223022461,12.5,12.497000026702882,0.11979933562967932
2018-08-29,30.690000534057617,91.85758209228516,12.25,12.452000045776368,0.17553415325031027
2018-08-30,30.40999984741211,91.39633178710938,13.529999732971191,12.519000053405762,0.1172018916423829
2018-08-31,30.44499969482422,91.41864776611328,12.859999656677246,12.580000019073486,0.12856220761248632
2018-09-04,30.46500015258789,92.50484466552734,13.15999984741211,12.674499988555908,0.011463814427158447
2018-09-05,30.725000381469727,92.7428970336914,13.90999984741211,12.823499965667725,0.08753377562706947
2018-09-06,30.670000076293945,92.0286865234375,14.649999618530273,13.013499927520751,0.14787416583092355
2018-09-07,30.170000076293945,91.50045013427734,14.880000114440918,13.193999910354615,0.009696395409612162
2018-09-10,29.8799991607666,92.50484466552734,14.15999984741211,13.243999910354614,-0.22136171726680495
2018-09-11,29.045000076293945,91.55999755859375,13.220000267028809,13.165999937057496,-0.44490019753947907
2018-09-12,29.145000457763672,91.73114013671875,13.140000343322754,13.157499933242798,-0.4248052405192724
2018-09-13,29.469999313354492,89.05281829833984,12.369999885559082,13.043999910354614,0.01290803973848249
2018-09-14,29.764999389648438,89.566162109375,12.069999694824219,12.974999904632568,0.07121218970902746
2018-09-17,29.860000610351562,88.59899139404297,13.680000305175781,13.026999902725219,0.22037631065701144
2018-09-18,29.69499969482422,87.96662902832031,12.789999961853027,13.041999912261963,0.22751385186861112
2018-09-19,29.65999984741211,87.97409057617188,11.75,12.986499929428101,0.212725124219289
2018-09-20,30.190000534057617,88.62133026123047,11.800000190734863,12.963999938964843,0.3491415694752373
2018-09-21,29.924999237060547,88.15261840820312,11.680000305175781,12.927499961853027,0.2976380195883662
2018-09-24,29.149999618530273,87.28960418701172,12.199999809265137,12.937999963760376,0.08855706430435284
2018-09-25,28.96500015258789,86.49357604980469,12.420000076293945,12.950999975204468,0.10657887607106668
2018-09-26,29.155000686645508,86.82091522216797,12.890000343322754,12.970499992370605,0.14450957601862063
2018-09-27,29.15999984741211,86.84324645996094,12.40999984741211,12.97849998474121,0.1439281112878787
2018-09-28,29.139999389648438,86.8581314086914,12.119999885559082,12.907999992370605,0.13425432872211296
2018-10-01,28.68000030517578,87.38633728027344,12.0,12.865000009536743,-0.10963604248970805
2018-10-02,28.594999313354492,87.03666687011719,12.050000190734863,12.809500026702882,-0.10320670831885108
2018-10-03,28.334999084472656,87.62442016601562,11.609999656677246,12.694500017166138,-0.2743551425289154
2018-10-04,27.985000610351562,87.27471923828125,14.220000267028809,12.673000049591064,-0.3733890898006582
2018-10-05,28.094999313354492,87.22266387939453,14.819999694824219,12.670000028610229,-0.32361716840496735
2018-10-08,28.2450008392334,88.36837768554688,15.6899995803833,12.746500015258789,-0.3958286485027854
2018-10-09,28.274999618530273,87.72856140136719,15.949999809265137,12.882999992370605,-0.31022464883774964
2018-10-10,26.950000762939453,86.78375244140625,22.959999084472656,13.3739999294281,-0.7287833567206776
2018-10-11,26.415000915527344,84.63367462158203,24.979999542236328,14.004499912261963,-0.6941613627166969
2018-10-12,26.645000457763672,86.0323257446289,21.309999465942383,14.46649990081787,-0.7636560324976067
2018-10-15,26.100000381469727,86.12904357910156,21.299999237060547,14.84749984741211,-0.9916970626597734
2018-10-16,26.549999237060547,87.4012222290039,17.6200008392334,15.088999891281128,-0.9590725277651536
2018-10-17,26.315000534057617,87.79551696777344,17.399999618530273,15.371499872207641,-1.0979968666482909
2018-10-18,25.915000915527344,85.3553237915039,20.059999465942383,15.784499835968017,-0.976243704838752
2018-10-19,26.05500030517578,86.66468811035156,19.889999389648438,16.194999790191652,-1.0712777225756405
2018-10-22,26.045000076293945,86.0323257446289,19.639999389648438,16.566999769210817,-1.0024511965833205
2018-10-23,26.31999969482422,84.99076843261719,20.709999084472656,16.98149971961975,-0.7730847684412521
2018-10-24,26.010000228881836,80.29634857177734,25.229999542236328,17.59849967956543,-0.35597371214897916
2018-10-25,26.2549991607666,80.2145004272461,24.219999313354492,18.18899965286255,-0.24904265341317192
2018-10-26,25.524999618530273,78.34713745117188,24.15999984741211,18.7909996509552,-0.32457906379512436
2018-10-29,25.65999984741211,78.21321868896484,24.700000762939453,19.425999689102174,-0.25543146563051966
2018-10-30,26.485000610351562,79.65653228759766,23.350000381469727,19.990999698638916,-0.09326277407004838
2018-10-31,26.424999237060547,79.26223754882812,21.229999542236328,20.47199969291687,-0.07174601324770256
2018-11-01,27.225000381469727,79.99130249023438,19.34000015258789,20.727999687194824,0.16270748443013439
2018-11-02,27.049999237060547,78.85304260253906,19.510000228881836,20.962499713897706,0.22411112324698687
2018-11-05,27.354999542236328,79.47054290771484,19.959999084472656,21.175999689102174,0.27440330674028784
2018-11-06,27.395000457763672,80.83198547363281,19.90999984741211,21.373999691009523,0.13357474035917608
2018-11-07,27.954999923706055,82.67705535888672,16.360000610351562,21.043999767303468,0.1440192307059044
2018-11-08,27.06999969482422,82.95230865478516,16.719999313354492,20.630999755859374,-0.2398945710047398
2018-11-09,28.420000076293945,81.47179412841797,17.360000610351562,20.433499813079834,0.4678522113443009
2018-11-12,27.375,80.14010620117188,20.450000762939453,20.39099988937378,0.20527368972468898
2018-11-13,27.889999389648438,81.38996887207031,20.020000457763672,20.510999870300292,0.26633722918164104
2018-11-14,27.2450008392334,81.46437072753906,21.25,20.70349988937378,0.001066969945851577
2018-11-15,27.649999618530273,82.17112731933594,19.979999542236328,20.699499893188477,0.08088126386725497
2018-11-16,27.885000228881836,82.58370971679688,18.139999389648438,20.611999893188475,0.12690720972439817
2018-11-19,28.520000457763672,83.48387908935547,20.100000381469727,20.63499994277954,0.2759917431662617
2018-11-20,27.889999389648438,81.39847564697266,22.479999542236328,20.723499965667724,0.26535780847389556
2018-11-21,28.014999389648438,81.5935287475586,20.799999237060547,20.501999950408937,0.29264948701763244
2018-11-23,28.65999984741211,81.53350830078125,21.520000457763672,20.367000007629393,0.5562647134034886
2018-11-26,28.40999984741211,82.99627685546875,18.899999618530273,20.1039999961853,0.2883521069142605
2018-11-27,28.8799991607666,83.64891815185547,19.020000457763672,19.819999980926514,0.400266594196095
2018-11-28,29.549999237060547,85.17922973632812,18.489999771118164,19.576999950408936,0.49072985763017973
2018-11-29,29.399999618530273,84.96166229248047,18.790000915527344,19.455000019073488,0.4560807095902501
2018-11-30,29.84000015258789,86.48446655273438,18.06999969482422,19.391499996185303,0.45587041693060154
2018-12-03,30.0,86.46947479248047,16.440000534057617,19.238000011444093,0.5212750904355479
2018-12-04,28.915000915527344,80.09322357177734,20.739999771118164,19.27700004577637,0.8235790461864319
2018-12-06,29.135000228881836,81.04590606689453,21.190000534057617,19.341000080108643,0.8014506088454495
2018-12-07,28.704999923706055,79.0055160522461,23.229999542236328,19.68450002670288,0.8652327303070171
2018-12-10,28.475000381469727,78.31539154052734,22.639999389648438,19.98050003051758,0.8531517567813208
2018-12-11,28.790000915527344,77.70026397705078,21.760000228881836,20.200500011444092,1.0493415695888986
2018-12-12,28.719999313354492,75.92240905761719,21.459999084472656,20.250999927520752,1.2261734145248953
2018-12-13,26.71500015258789,75.599853515625,20.649999618530273,20.282499885559083,0.46533758959003574
2018-12-14,26.344999313354492,74.00953674316406,21.6299991607666,20.301499843597412,0.5011801778519032
2018-12-17,25.625,72.66676330566406,24.520000457763672,20.52849988937378,0.36922557952032825
2018-12-18,25.614999771118164,72.97433471679688,25.579999923706055,20.90049991607666,0.32983358374271204
2018-12-19,24.719999313354492,70.75389862060547,25.579999923706055,21.174499893188475,0.22927897121054774
2018-12-20,24.604999542236328,70.46883392333984,28.3799991607666,21.46949987411499,0.21633071364437498
2018-12-21,24.114999771118164,70.13875579833984,30.110000610351562,21.93499994277954,0.05931815832418268
2018-12-24,23.975000381469727,67.43072509765625,36.06999969482422,22.66249990463257,0.3153865084987959
2018-12-26,24.549999237060547,72.47174072265625,30.40999984741211,23.23799991607666,-0.03616201903508611
2018-12-27,24.719999313354492,73.34940338134766,29.959999084472656,23.78499984741211,-0.06955238837101367
2018-12-28,24.520000457763672,72.41172790527344,28.34000015258789,24.277499866485595,-0.04119175620681807
2018-12-31,24.610000610351562,73.16187286376953,25.420000076293945,24.608999824523927,-0.09173978197718312
2019-01-02,24.3799991607666,72.92182922363281,23.219999313354492,24.866499805450438,-0.15564121489160124
2019-01-03,24.0,70.8514175415039,25.450000762939453,25.31699981689453,-0.06850253299503749
2019-01-04,24.895000457763672,73.31938934326172,21.3799991607666,25.348999786376954,0.0035522545480803688
2019-01-07,24.864999771118164,73.07183074951172,21.399999618530273,25.359499740600587,0.02011469085739226
2019-01-08,26.415000915527344,73.07935333251953,20.469999313354492,25.221499729156495,0.6361361547748126
2019-01-09,26.665000915527344,73.45442962646484,19.979999542236328,25.088499736785888,0.6924499681800065
2019-01-10,26.6299991607666,74.19708251953125,19.5,24.9754997253418,0.5930148153586156
2019-01-11,27.184999465942383,73.44692993164062,18.190000534057617,24.811999797821045,0.9002685399030669
2019-01-14,27.075000762939453,74.36959838867188,19.06999969482422,24.732999801635742,0.7502592775002852
2019-01-15,27.3799991607666,73.18435668945312,18.600000381469727,24.5814998626709,1.008107957142411
2019-01-16,26.905000686645508,72.75679016113281,19.040000915527344,24.307499885559082,0.868290042474049
2019-01-17,27.135000228881836,74.69966125488281,18.059999465942383,23.931499862670897,0.736137042715679
2019-01-18,27.790000915527344,76.21497344970703,17.799999237060547,23.542499828338624,0.8223576164588459
2019-01-22,27.739999771118164,77.02513122558594,20.799999237060547,23.16349983215332,0.7091807106877409
2019-01-23,27.59000015258789,75.70486450195312,19.520000457763672,22.633999824523926,0.8014899600940093
2019-01-24,27.68000030517578,74.78968811035156,18.889999389648438,21.774999809265136,0.942677372731233
2019-01-25,27.924999237060547,75.63733673095703,17.420000076293945,21.12549982070923,0.9425915666730634
2019-01-28,27.780000686645508,75.26229858398438,18.8700008392334,20.570999908447266,0.9280630653157099
2019-01-29,27.739999771118164,75.98992919921875,19.1299991607666,20.1104998588562,0.8283678659801995
2019-01-30,28.110000610351562,75.90740203857422,17.65999984741211,19.72249984741211,0.9851268226890024
2019-01-31,28.6200008392334,79.0655288696289,16.56999969482422,19.389999866485596,0.8244942736634634
2019-02-01,28.975000381469727,79.58311462402344,16.139999389648438,18.924499797821046,0.9061893195623693
2019-02-04,29.09000015258789,79.95069122314453,15.729999542236328,18.641999816894533,0.9096376354655256
2019-02-05,28.80500030517578,80.76089477539062,15.569999694824219,18.350499820709228,0.7029279289931011
2019-02-06,28.68000030517578,81.63102722167969,15.380000114440918,18.09599986076355,0.5529969665636868
2019-02-07,28.71500015258789,80.97090148925781,16.3700008392334,17.915499925613403,0.6429296618047179
2019-02-08,28.94499969482422,81.0909194946289,15.720000267028809,17.726499938964842,0.7206493908337742
2019-02-11,29.0,81.71355438232422,15.970000267028809,17.615499925613403,0.6708524865089011
2019-02-12,29.44499969482422,83.01129913330078,15.430000305175781,17.43349995613098,0.6985438644273353
2019-02-13,29.655000686645508,84.02400970458984,15.649999618530273,17.285999917984007,0.6655248938109065
2019-02-14,29.315000534057617,83.86647033691406,16.219999313354492,17.144999837875368,0.548345828250026
2019-02-15,29.360000610351562,83.16883087158203,14.90999984741211,16.98749985694885,0.6465776450157127
2019-02-19,29.114999771118164,83.09379577636719,14.880000114440918,16.841499900817873,0.5577084531919575
2019-02-20,29.350000381469727,83.31884765625,14.020000457763672,16.502499961853026,0.6253255748306016
2019-02-21,29.440000534057617,83.83646392822266,14.460000038146973,16.24949994087219,0.6015495529442291
2019-02-22,29.219999313354492,82.78626251220703,13.510000228881836,15.980499982833862,0.6349049939443802
2019-02-25,29.270000457763672,83.89107513427734,14.850000381469727,15.851999998092651,0.5276033183493022
2019-02-26,29.3700008392334,84.02730560302734,15.170000076293945,15.666999959945679,0.5517178530902627
2019-02-27,29.3700008392334,84.09539031982422,14.699999809265137,15.445499992370605,0.5438789738114136
2019-02-28,31.915000915527344,83.39165496826172,14.779999732971191,15.30149998664856,1.637791853317023
2019-03-01,32.369998931884766,84.85213470458984,13.569999694824219,15.15149998664856,1.650726118031318
2019-03-04,32.5099983215332,83.60353088378906,14.630000114440918,15.076000022888184,1.8502017111028026
2019-03-05,31.309999465942383,83.21759796142578,14.739999771118164,15.026500034332276,1.4170462196199005
2019-03-06,30.8700008392334,82.37004852294922,15.739999771118164,15.035000038146972,1.3395123488948264
2019-03-07,30.795000076293945,80.86415100097656,16.59000015258789,15.095500040054322,1.4830429724989211
2019-03-08,30.30500030517578,80.72795104980469,16.049999237060547,15.079499959945679,1.3037084090843627
2019-03-11,30.594999313354492,82.35492706298828,14.329999923706055,15.00999994277954,1.2318050248217898
2019-03-12,30.114999771118164,82.49114990234375,13.770000457763672,14.899999952316284,1.0250852898095253
2019-03-13,29.885000228881836,83.89107513427734,13.40999984741211,14.798999929428101,0.772368114826766
2019-03-14,29.834999084472656,83.90621185302734,13.5,14.691499948501587,0.7507253210292685
2019-03-15,30.135000228881836,82.87705993652344,12.880000114440918,14.524499988555908,0.9886138633708338
2019-03-18,30.299999237060547,83.76242065429688,13.100000381469727,14.434000015258789,0.9523468006381968
2019-03-19,28.959999084472656,83.50515747070312,13.5600004196167,14.368000030517578,0.44865766955904335
2019-03-20,28.25,81.66629791259766,13.90999984741211,14.3625,0.37779955693124656
2019-03-21,27.100000381469727,83.08894348144531,13.630000114440918,14.321000003814698,-0.24368588832758994
2019-03-22,26.7549991607666,81.2349624633789,16.479999542236328,14.469499969482422,-0.1675368881950757
2019-03-25,27.274999618530273,80.8944320678711,16.329999923706055,14.543499946594238,0.07862566533982429
2019-03-26,27.809999465942383,82.0370864868164,14.680000305175781,14.51899995803833,0.15999255685529756
2019-03-27,27.440000534057617,82.46842193603516,15.149999618530273,14.541499948501587,-0.036925403379039046
2019-03-28,27.229999542236328,83.46730041503906,14.430000305175781,14.523999977111817,-0.23550912519864162
2019-03-29,27.290000915527344,84.5569839477539,13.710000038146973,14.530999994277954,-0.337088917256978
2019-04-01,26.639999389648438,86.5926284790039,13.399999618530273,14.469499969482422,-0.8301564221119649
2019-04-02,26.665000915527344,86.02507781982422,13.359999656677246,14.400499963760376,-0.7548615325582552
2019-04-03,26.295000076293945,86.53207397460938,13.739999771118164,14.300499963760377,-0.9604913865729783
2019-04-04,26.434999465942383,86.2445068359375,13.579999923706055,14.149999952316284,-0.8716639813500163
2019-04-05,26.440000534057617,86.5169448852539,12.819999694824219,13.988499975204467,-0.9010405341837836
2019-04-08,26.53499984741211,86.2445068359375,13.180000305175781,13.930999994277954,-0.8318646608175807
2019-04-09,27.344999313354492,85.44237518310547,14.279999732971191,13.95649995803833,-0.4171388221030735
2019-04-10,27.485000610351562,85.5710220336914,13.300000190734863,13.950999975204468,-0.37623112170871853
2019-04-11,27.375,85.88128662109375,13.020000457763672,13.92699999809265,-0.4557325147092049
2019-04-12,26.510000228881836,86.61531066894531,12.010000228881836,13.883500003814698,-0.8845065031804814
2019-04-15,27.03499984741211,85.99478149414062,12.319999694824219,13.844499969482422,-0.6041168902634867
2019-04-16,27.100000381469727,86.22181701660156,12.180000305175781,13.775499963760376,-0.6043867708950825
2019-04-17,27.44499969482422,86.63801574707031,12.600000381469727,13.709999990463256,-0.5149986192515889
2019-04-18,27.600000381469727,86.38072204589844,12.09000015258789,13.632999992370605,-0.42368633048163706
2019-04-22,27.485000610351562,85.97964477539062,12.420000076293945,13.430000019073486,-0.4232775734451454
2019-04-23,28.114999771118164,85.96451568603516,12.279999732971191,13.227500009536744,-0.1708012690033232
2019-04-24,28.40999984741211,86.5926284790039,13.140000343322754,13.150500011444091,-0.12571095374722477
2019-04-25,28.950000762939453,79.55501556396484,13.25,13.055500030517578,0.8994748419568211
2019-04-26,29.825000762939453,78.6620864868164,12.729999542236328,12.970499992370605,1.350524241532064
2019-04-29,29.344999313354492,79.33557891845703,13.109999656677246,12.940499973297118,1.0819456436798573
2019-04-30,29.799999237060547,80.37985229492188,13.119999885559082,12.92649998664856,1.1428002530363395
2019-05-01,28.969999313354492,79.16909790039062,14.800000190734863,12.99850001335144,0.9518664195473698
2019-05-02,28.9950008392334,79.84259033203125,14.420000076293945,13.03250002861023,0.884274807893857
2019-05-03,31.55500030517578,80.70525360107422,12.869999885559082,12.997000026702882,1.8038112705285811
2019-05-06,31.309999465942383,79.16909790039062,15.4399995803833,13.128000020980835,1.883167028105423
2019-05-07,30.799999237060547,77.25456237792969,19.31999969482422,13.434999990463258,1.9006196889135278
2019-05-08,30.84000015258789,77.07292938232422,19.399999618530273,13.690999984741211,1.9374518900878075
2019-05-09,30.959999084472656,76.24054718017578,19.100000381469727,13.980999994277955,2.0810461248892937
2019-05-10,31.5,76.14974975585938,16.040000915527344,14.132000017166138,2.306415888947423
2019-05-13,31.170000076293945,75.1811294555664,20.549999237060547,14.558999967575073,2.286599984211997
2019-05-14,31.174999237060547,75.49137878417969,18.059999465942383,14.845999956130981,2.2528693009441416
2019-05-15,31.53499984741211,76.83837127685547,16.440000534057617,15.058999967575073,2.2410616505765355
2019-05-16,31.96500015258789,76.664306640625,15.289999961853027,15.193499946594239,2.4322389898191084
2019-05-17,31.815000534057617,75.93853759765625,15.960000038146973,15.386999940872192,2.456101225423667
2019-05-20,31.80500030517578,75.26626586914062,16.309999465942383,15.581499910354614,2.5295226839022775
2019-05-21,31.8700008392334,75.9461898803711,14.949999809265137,15.714999914169312,2.477109850237092
2019-05-22,32.0,74.48699188232422,14.75,15.795499897003173,2.696852027089631
2019-05-23,31.614999771118164,73.47090148925781,16.920000076293945,15.978999900817872,2.660611889176405
2019-05-24,31.709999084472656,73.22643280029297,15.850000381469727,16.13499994277954,2.7265675326640486
2019-05-28,31.135000228881836,71.86658477783203,17.5,16.354499959945677,2.6542877797983273
2019-05-29,30.8799991607666,72.40135955810547,17.899999618530273,16.59349994659424,2.4912286089347866
2019-05-30,31.139999389648438,73.15005493164062,17.299999237060547,16.718499898910522,2.508506097139109
2019-05-31,30.93000030517578,70.98802185058594,18.709999084472656,16.932999849319458,2.6738521525124566
2019-06-03,31.405000686645508,71.91241455078125,18.860000610351562,17.232499885559083,2.7564691433405213
2019-06-04,31.434999465942383,74.6092529296875,16.969999313354492,17.308999872207643,2.457910083663294
2019-06-05,32.01499938964844,75.02941131591797,16.09000015258789,17.147499895095827,2.6403706329003596
2019-06-06,31.920000076293945,74.86898040771484,15.930000305175781,16.9739999294281,2.6210327798887114
2019-06-07,32.959999084472656,75.04471588134766,16.299999237060547,16.83399987220764,3.014710576888912
2019-06-10,32.875,76.4656753540039,15.9399995803833,16.82899980545044,2.817280618282154
2019-06-11,32.25,76.4045639038086,15.989999771118164,16.60099983215332,2.5755718316603216
2019-06-12,32.040000915527344,76.7025146484375,15.90999984741211,16.493499851226808,2.457689621650919
2019-06-13,30.299999237060547,77.94012451171875,15.819999694824219,16.462499809265136,1.6226921987624445
2019-06-14,30.665000915527344,77.63455200195312,15.279999732971191,16.461999797821044,1.8031416784794383
2019-06-17,30.959999084472656,77.46649932861328,15.350000381469727,16.431499814987184,1.9398971072335696
2019-06-18,31.059999465942383,78.03945922851562,15.149999618530273,16.373499822616576,1.9137291490835444
2019-06-19,31.18000030517578,77.5887222290039,14.329999923706055,16.342499828338624,2.0133837285871787
2019-06-20,31.760000228881836,78.99441528320312,14.75,16.342499828338624,2.0823755340182606
2019-06-21,31.889999389648438,78.05474090576172,15.399999618530273,16.26649980545044,2.242302775360577
2019-06-24,31.780000686645508,76.1830062866211,15.260000228881836,16.236999797821046,2.4140248706119243
2019-06-25,31.665000915527344,74.2043228149414,16.280000686645508,16.17599983215332,2.596070052713452
2019-06-26,31.799999237060547,76.37401580810547,16.209999084472656,16.09149980545044,2.3999923993244705
2019-06-27,31.78499984741211,77.6956558227539,15.819999694824219,16.01749982833862,2.2418568035222535
2019-06-28,31.915000915527344,78.89511108398438,15.079999923706055,15.835999870300293,2.155497828155042
2019-07-01,32.3849983215332,78.66590881347656,14.0600004196167,15.59599986076355,2.3689419083501364
2019-07-02,32.32500076293945,77.92486572265625,12.930000305175781,15.393999910354614,2.430382780884727
2019-07-03,32.974998474121094,78.84163665771484,12.569999694824219,15.21799988746643,2.583524780021948
2019-07-05,32.959999084472656,78.2457504272461,13.279999732971191,15.0854998588562,2.646162031000349
2019-07-08,33.0,77.8637466430664,13.960000038146973,14.968499898910522,2.7060637622620787
2019-07-09,32.380001068115234,77.71858215332031,14.09000015258789,14.875999927520752,2.476022738492662
2019-07-10,32.51499938964844,77.63455200195312,13.029999732971191,14.727999925613403,2.5394256923394467
2019-07-11,32.400001525878906,78.9409408569336,12.930000305175781,14.578999948501586,2.3432474651538575
2019-07-12,32.5,80.91199493408203,12.390000343322754,14.407499980926513,2.1561102957738707
2019-07-15,32.630001068115234,80.82030487060547,12.680000305175781,14.277500009536743,2.2184063021410223
2019-07-16,32.89500045776367,80.68279266357422,12.859999656677246,14.152999973297119,2.339706214010214
2019-07-17,32.869998931884766,78.10057067871094,13.970000267028809,14.094000005722046,2.6270578723761537
2019-07-18,32.48500061035156,78.53602600097656,13.529999732971191,14.053999996185302,2.4236959414700836
2019-07-19,31.6299991607666,78.9256591796875,14.449999809265137,14.038999986648559,2.038552368443826
2019-07-22,31.764999389648438,79.46044158935547,13.529999732971191,13.945499992370605,2.0307095933416717
2019-07-23,32.04999923706055,80.42301940917969,12.609999656677246,13.812999963760376,2.0333115379369224
2019-07-24,32.369998931884766,87.39041900634766,12.069999694824219,13.60249991416931,1.3584827901162027
2019-07-25,32.08000183105469,90.33936309814453,12.739999771118164,13.428999948501588,0.9035420411219629
2019-07-26,32.599998474121094,92.11940002441406,12.15999984741211,13.245999956130982,0.9055532580932277
2019-07-29,32.69499969482422,90.72135925292969,12.829999923706055,13.133499956130981,1.1043252574895526
2019-07-30,32.755001068115234,91.53115844726562,13.9399995803833,13.127499914169311,1.034969724322362
2019-07-31,32.23500061035156,91.27139282226562,16.1200008392334,13.286999940872192,0.857921771798038
2019-08-01,31.729999542236328,89.3691177368164,17.8700008392334,13.55199999809265,0.8759524614486957
2019-08-02,31.19499969482422,89.53720092773438,17.610000610351562,13.76850004196167,0.6436748461562707
2019-08-05,29.479999542236328,87.74185943603516,24.59000015258789,14.300000047683715,0.16782424520201242
2019-08-06,30.09000015258789,87.85645294189453,20.170000076293945,14.604000043869018,0.397405785834524
2019-08-07,30.19499969482422,88.16969299316406,19.489999771118164,14.927000045776367,0.4031300886440044
2019-08-08,31.09000015258789,89.80459594726562,16.90999984741211,15.126000022888183,0.5710995900168031
2019-08-09,29.614999771118164,88.42942810058594,17.969999313354492,15.40499997138977,0.14239054714622443
2019-08-12,28.239999771118164,87.77243041992188,21.09000015258789,15.825499963760375,-0.32920512143537595
2019-08-13,29.020000457763672,88.49055480957031,17.520000457763672,16.058500003814697,-0.1014520080311817
2019-08-14,28.05500030517578,87.123046875,22.100000381469727,16.465000009536745,-0.32806711722343057
2019-08-15,28.475000381469727,87.0160903930664,21.18000030517578,16.847500038146972,-0.14859622948339957
2019-08-16,28.59000015258789,88.8343734741211,18.469999313354492,17.04850001335144,-0.3121738412175454
2019-08-19,28.899999618530273,89.98238372802734,16.8799991607666,17.21599998474121,-0.32097187088680706
2019-08-20,28.920000076293945,88.63407135009766,17.5,17.46050000190735,-0.15777499038728632
2019-08-21,29.014999389648438,89.31979370117188,15.800000190734863,17.64700002670288,-0.19891614647783795
2019-08-22,28.575000762939453,88.77275848388672,16.68000030517578,17.84400005340576,-0.31104948111086583
2019-08-23,28.040000915527344,85.73712921142578,19.8700008392334,18.229500102996827,-0.17447023063273898
2019-08-26,28.325000762939453,88.11015319824219,19.31999969482422,18.554000091552734,-0.33425887459427844
2019-08-27,28.28499984741211,87.93292999267578,20.309999465942383,18.872500085830687,-0.3297744547734957
2019-08-28,29.040000915527344,89.62796783447266,19.350000381469727,19.034000062942503,-0.2244471287600893
2019-08-29,28.80500030517578,91.19972229003906,17.8799991607666,19.034499979019166,-0.4989381071715933
2019-08-30,29.334999084472656,91.42314147949219,18.979999542236328,19.102999925613403,-0.31372618807751035
2019-09-03,28.81999969482422,90.3984375,19.65999984741211,18.856499910354614,-0.4007131929398179
2019-09-04,29.030000686645508,92.0472183227539,17.329999923706055,18.71449990272522,-0.5069656019646864
2019-09-05,29.385000228881836,93.38011932373047,16.270000457763672,18.553499937057495,-0.5191412232704175
2019-09-06,28.584999084472656,92.5171890258789,15.0,18.45799994468689,-0.7381822404656583
2019-09-09,28.614999771118164,93.73454284667969,15.270000457763672,18.32300000190735,-0.866401272670571
2019-09-10,28.8799991607666,94.3046875,15.199999809265137,18.02849998474121,-0.8265768660266527
2019-09-11,28.434999465942383,94.65137481689453,14.609999656677246,17.88299994468689,-1.0435986115923106
2019-09-12,28.725000381469727,94.42793273925781,14.220000267028809,17.488999938964845,-0.9024548335037754
2019-09-13,29.43000030517578,94.51268768310547,13.739999771118164,17.116999912261964,-0.6316289169623509
2019-09-16,29.614999771118164,94.43565368652344,14.670000076293945,16.926999950408934,-0.5491314199666489
2019-09-17,28.9950008392334,94.29696655273438,14.4399995803833,16.80499997138977,-0.7799182089207077
2019-09-18,29.18000030517578,93.25682830810547,13.949999809265137,16.627499961853026,-0.5865344765322689
2019-09-19,29.395000457763672,91.77755737304688,14.050000190734863,16.539999961853027,-0.3306515300304551
2019-09-20,29.174999237060547,92.99488067626953,15.319999694824219,16.47199993133545,-0.5583657295040165
2019-09-23,29.559999465942383,91.72364044189453,14.90999984741211,16.223999881744383,-0.2587756137562643
2019-09-24,29.405000686645508,90.90693664550781,17.049999237060547,16.1104998588562,-0.22643330265500636
2019-09-25,29.184999465942383,91.72364044189453,15.960000038146973,15.89299988746643,-0.4080224964212228
2019-09-26,28.885000228881836,91.26134490966797,16.06999969482422,15.728999853134155,-0.47419367347007624
2019-09-27,28.905000686645508,91.6465835571289,17.219999313354492,15.69599986076355,-0.510587800337215
2019-09-30,29.030000686645508,92.31687927246094,16.239999771118164,15.558999872207641,-0.5380127991980914
2019-10-01,28.209999084472656,89.22733306884766,18.559999465942383,15.503999853134156,-0.5086541952872854
2019-10-02,27.559999465942383,88.78816986083984,20.559999465942383,15.665499830245972,-0.7167859362469021
2019-10-03,27.809999465942383,89.29666137695312,19.1200008392334,15.807999849319458,-0.6758327774751933
2019-10-04,28.290000915527344,90.52169036865234,17.040000915527344,15.909999895095826,-0.6258389214861207
2019-10-07,27.864999771118164,89.04241943359375,17.860000610351562,16.03949990272522,-0.6246711709265551
2019-10-08,27.940000534057617,86.86200714111328,20.280000686645508,16.29349994659424,-0.34378146968528805
2019-10-09,28.139999389648438,87.72491455078125,18.639999389648438,16.4949999332428,-0.3635337404719936
2019-10-10,28.059999465942383,88.8189697265625,17.56999969482422,16.66249990463257,-0.521336210538616
2019-10-11,28.149999618530273,89.38912200927734,15.579999923706055,16.754499912261963,-0.5511609238990078
2019-10-14,28.274999618530273,89.27355194091797,14.569999694824219,16.749499893188478,-0.4881058958529105
2019-10-15,28.145000457763672,89.74353790283203,13.539999961853027,16.704499912261962,-0.5939559380643709
2019-10-16,28.260000228881836,90.5293960571289,13.680000305175781,16.690999937057494,-0.6386661336429371
2019-10-17,28.280000686645508,91.2151107788086,13.789999961853027,16.677999925613403,-0.7096553323969187
2019-10-18,28.030000686645508,90.41383361816406,14.25,16.62449994087219,-0.7168988507377542
2019-10-21,28.145000457763672,91.31527709960938,14.0,16.578999948501586,-0.7749168702825415
2019-10-22,27.969999313354492,89.45076751708984,14.460000038146973,16.449499988555907,-0.6298970551509295
2019-10-23,28.100000381469727,88.71880340576172,14.010000228881836,16.35199999809265,-0.4938836096489119
2019-10-24,28.30500030517578,87.84049987792969,13.710000038146973,16.23400001525879,-0.3111725716933622
2019-10-25,28.174999237060547,89.15796661376953,12.649999618530273,16.005500030517577,-0.514597392419125
2019-10-28,27.985000610351562,89.56632232666016,13.109999656677246,15.849000024795533,-0.6372309739996123
2019-10-29,28.075000762939453,90.0748519897461,13.199999809265137,15.58100004196167,-0.6599608164573527
2019-10-30,28.075000762939453,90.05171966552734,12.329999923706055,15.169500064849853,-0.6572974948556641
2019-10-31,28.065000534057617,88.7342300415039,13.220000267028809,14.874500036239624,-0.5095893913062037
2019-11-01,28.125,92.07803344726562,12.300000190734863,14.6375,-0.8706962267287602
2019-11-04,28.045000076293945,94.78236389160156,12.829999923706055,14.385999965667725,-1.2138964487398485
2019-11-05,28.235000610351562,93.52649688720703,13.100000381469727,14.026999950408936,-0.9936845750281696
2019-11-06,27.9950008392334,93.95795440673828,12.619999885559082,13.725999975204468,-1.138878004414124
2019-11-07,28.31999969482422,95.14447784423828,12.729999542236328,13.483999967575073,-1.1461405862052647
2019-11-08,29.079999923706055,95.7685546875,12.069999694824219,13.308499956130982,-0.9155193998823667
2019-11-11,29.014999389648438,94.87481689453125,12.6899995803833,13.214499950408936,-0.8384892878902258
2019-11-12,29.200000762939453,94.774658203125,12.680000305175781,13.171499967575073,-0.7533285885881581
2019-11-13,29.475000381469727,94.78236389160156,13.0,13.137499952316285,-0.6447682147200494
2019-11-14,29.46500015258789,95.59905242919922,13.050000190734863,13.100499963760376,-0.7427770026488164
2019-11-15,29.31999969482422,96.07269287109375,12.050000190734863,12.99049997329712,-0.8550181919833565
2019-11-18,29.514999389648438,95.3272933959961,12.460000038146973,12.913499975204468,-0.6915889635425391
2019-11-19,29.280000686645508,93.59576416015625,12.859999656677246,12.833499956130982,-0.5857582635707511
2019-11-20,29.0,92.40776062011719,12.779999732971191,12.771999931335449,-0.560416374185254
2019-11-21,29.200000762939453,92.80376434326172,13.130000114440918,12.742999935150147,-0.5264113042733023
2019-11-22,29.315000534057617,92.64846801757812,12.34000015258789,12.727499961853027,-0.4627624334063807
2019-11-25,29.329999923706055,93.40941619873047,11.869999885559082,12.66549997329712,-0.5444039597319235
2019-11-26,29.81999969482422,94.10820770263672,11.539999961853027,12.582499980926514,-0.42984292366186494
2019-11-27,30.045000076293945,93.07553100585938,11.75,12.553499984741212,-0.2213982387461978
2019-11-29,29.90999984741211,92.9668197631836,12.619999885559082,12.523499965667725,-0.2626108258366249
2019-12-02,29.905000686645508,91.7943344116211,14.90999984741211,12.653999948501587,-0.12960728939764526
2019-12-03,29.4950008392334,90.79271697998047,15.960000038146973,12.810499954223634,-0.1774634004762552
2019-12-04,30.19499969482422,90.4355239868164,14.800000190734863,12.89549994468689,0.1422554539076179
2019-12-05,29.959999084472656,89.30188751220703,14.520000457763672,12.99049997329712,0.1792474910899192
2019-12-06,30.020000457763672,91.25859069824219,13.619999885559082,13.034999990463257,-0.022155913586855654
2019-12-09,30.2450008392334,91.73223876953125,15.859999656677246,13.224499988555909,0.012859276911722995
2019-12-10,30.7549991607666,92.0428237915039,15.680000305175781,13.374000024795532,0.18007541183898604
2019-12-11,31.21500015258789,90.68400573730469,14.989999771118164,13.48949999809265,0.5195984098298416
2019-12-12,31.1200008392334,90.8082046508789,13.9399995803833,13.536499977111816,0.4674899305008455
2019-12-13,31.104999542236328,92.10494232177734,12.630000114440918,13.51549997329712,0.3122206869709659
2019-12-16,31.2450008392334,92.49317932128906,12.140000343322754,13.519999980926514,0.32324068370520903
2019-12-17,31.385000228881836,93.40164184570312,12.289999961853027,13.511499977111816,0.2743641726318888
2019-12-18,31.43000030517578,91.5846939086914,12.579999923706055,13.497499990463258,0.5014666728354874
2019-12-19,31.735000610351562,92.05834197998047,12.5,13.483500003814697,0.5683211679382345
2019-12-20,31.959999084472656,91.15762329101562,12.510000228881836,13.452500009536744,0.7615722143179544
2019-12-23,31.68000030517578,92.3534164428711,12.609999656677246,13.465999984741211,0.5124583419924192
2019-12-24,31.735000610351562,91.87977600097656,12.670000076293945,13.505999994277953,0.5888802187586587
2019-12-26,31.940000534057617,92.43106842041016,12.649999618530273,13.561499977111817,0.6069958735597132
2019-12-27,31.78499984741211,92.3534164428711,13.430000305175781,13.645499992370606,0.5542472869524715
2019-12-30,31.68000030517578,90.4122314453125,14.819999694824219,13.755499982833863,0.7359551202660565
2019-12-31,31.774999618530273,90.89364624023438,13.779999732971191,13.698999977111816,0.7183367508416061
