Date,MS,CVX,VIX,AvgVIX,zscore
2020-01-30,44.35104751586914,84.41715240478516,15.489999771118164,13.696000051498412,-1.2458274093261765
2020-01-31,43.06550598144531,81.18899536132812,18.84000015258789,14.014500045776368,-1.2615067807424043
2020-02-03,43.345699310302734,80.53730773925781,17.969999313354492,14.211999988555908,-1.2234869065397562
2020-02-04,44.5158576965332,80.96924591064453,16.049999237060547,14.32199993133545,-1.1452209058047191
2020-02-05,45.31520080566406,83.56842803955078,15.149999618530273,14.389999914169312,-1.1505843847593396
2020-02-06,45.33167266845703,82.96978759765625,14.960000038146973,14.465499925613404,-1.1340432872844348
2020-02-07,45.34815979003906,82.55301666259766,15.470000267028809,14.611999940872192,-1.122144412248025
2020-02-10,45.61186599731445,83.19711303710938,15.039999961853027,14.735999917984008,-1.1184658650414432
2020-02-11,45.966209411621094,84.27316284179688,15.180000305175781,14.878999948501587,-1.1188992384058332
2020-02-12,46.29583740234375,84.90213012695312,13.739999771118164,14.946499919891357,-1.1098039773095298
2020-02-13,46.08982467651367,84.61418151855469,14.149999618530273,15.032999897003174,-1.1181729322522485
2020-02-14,46.015663146972656,84.39185333251953,13.680000305175781,15.100999927520752,-1.11815579408739
2020-02-18,45.751953125,84.51451110839844,14.829999923706055,15.237499904632568,-1.1414109549033582
2020-02-19,46.4029655456543,84.89783477783203,14.380000114440918,15.313999891281128,-1.1015194347185224
2020-02-20,44.29336166381836,84.18484497070312,15.5600004196167,15.446499919891357,-1.244298238968452
2020-02-21,43.197357177734375,83.57154083251953,17.079999923706055,15.651499938964843,-1.3122750749568217
2020-02-24,40.939422607421875,80.2750015258789,25.030000686645508,16.174999952316284,-1.400411205568157
2020-02-25,39.57972717285156,77.20840454101562,27.850000381469727,16.655999994277956,-1.4258740687634677
2020-02-26,38.9287223815918,75.16149139404297,27.559999465942383,17.219999933242796,-1.4232912045271757
2020-02-27,37.42068099975586,72.1639404296875,39.15999984741211,18.35849995613098,-1.4618370896900754
2020-02-28,37.10753631591797,71.55827331542969,40.11000061035156,19.589499998092652,-1.470269407233394
2020-03-02,38.30242919921875,74.04985046386719,33.41999816894531,20.318499898910524,-1.4427014422159545
2020-03-03,36.588375091552734,72.3632583618164,36.81999969482422,21.26099991798401,-1.5304386610436826
2020-03-04,37.28058624267578,75.53714752197266,31.989999771118164,22.05799994468689,-1.5586503941105676
2020-03-05,35.09682846069336,74.5098648071289,39.619998931884766,23.281499910354615,-1.69906348803588
2020-03-06,34.478782653808594,73.07623291015625,41.939998626708984,24.630499839782715,-1.709623487354547
2020-03-09,30.902347564697266,61.844940185546875,54.459999084472656,26.57999978065491,-1.6957879767919386
2020-03-10,32.550479888916016,65.14916229248047,47.29999923706055,28.192999744415282,-1.6543815963263235
2020-03-11,30.38318634033203,63.65420150756836,53.900001525878906,30.12899980545044,-1.7815978303347206
2020-03-12,25.801403045654297,58.46405029296875,75.47000122070312,33.21549987792969,-1.998718685238168
2020-03-13,30.902347564697266,63.95320129394531,57.83000183105469,35.39949998855591,-1.7496148773406541
2020-03-16,26.08157730102539,53.43489456176758,82.69000244140625,38.850000095367434,-1.8489372881934827
2020-03-17,27.84507942199707,54.19387435913086,75.91000366210938,41.9040002822876,-1.7337434652183876
2020-03-18,25.339920043945312,42.20358657836914,76.44999694824219,45.007500123977664,-1.6187814072144655
2020-03-19,25.480016708374023,43.99753189086914,72.0,47.829500102996825,-1.653892697262019
2020-03-20,24.44993782043457,45.53080368041992,66.04000091552734,50.27750015258789,-1.7716439277099196
2020-03-23,22.91718292236328,41.56727981567383,61.59000015258789,52.10550012588501,-1.787413024438622
2020-03-24,27.3753662109375,51.019962310791016,61.66999816894531,53.796500015258786,-1.6885524803243879
2020-03-25,28.0098876953125,53.105220794677734,63.95000076293945,55.61600008010864,-1.6933721854858073
2020-03-26,29.427274703979492,58.55604934692383,61.0,56.708000087738036,-1.7243797355936552
2020-03-27,28.026363372802734,52.72957229614258,65.54000091552734,57.97950010299682,-1.682524097952667
2020-03-30,28.710338592529297,55.159820556640625,57.08000183105469,59.16250028610229,-1.692378100986708
2020-03-31,28.018125534057617,55.550819396972656,53.540000915527344,59.99850034713745,-1.7551831674800882
2020-04-01,26.05686378479004,52.560916900634766,57.060001373291016,61.252000427246095,-1.8285092688822178
2020-04-02,27.935726165771484,58.35673141479492,50.90999984741211,61.81650047302246,-1.8331099267638882
2020-04-03,27.89451789855957,57.58241271972656,46.79999923706055,62.059500503540036,-1.8164850457071802
2020-04-06,30.49856185913086,61.630279541015625,45.2400016784668,61.598500633239745,-1.7211199999900795
2020-04-07,30.440874099731445,62.036590576171875,46.70000076293945,61.568500709533694,-1.7358958117569772
2020-04-08,32.44334411621094,65.91580200195312,43.349998474121094,61.041000556945804,-1.682130455420582
2020-04-09,33.85249710083008,64.63550567626953,41.66999816894531,59.35100040435791,-1.541911159708269
2020-04-13,32.61640930175781,65.09549713134766,41.16999816894531,58.51800022125244,-1.647980419595793
2020-04-14,32.84714126586914,64.86551666259766,37.7599983215332,56.27150001525879,-1.62450169130729
2020-04-15,31.643999099731445,63.240211486816406,40.84000015258789,54.51799983978272,-1.6748163073879605
2020-04-16,31.611040115356445,61.32361602783203,40.11000061035156,52.70100002288818,-1.628397980926027
2020-04-17,32.21260070800781,66.8281021118164,38.150001525878906,51.00850009918213,-1.7230306465647023
2020-04-20,31.611040115356445,64.0682144165039,43.83000183105469,49.898000144958495,-1.698471476056539
2020-04-21,30.449111938476562,62.58858871459961,45.40999984741211,49.089000129699706,-1.7493604843489046
2020-04-22,31.157814025878906,64.73518371582031,41.97999954223633,48.104500198364256,-1.750085526225197
2020-04-23,30.87763023376465,66.54443359375,41.380001068115234,46.976000213623045,-1.8176588812115257
2020-04-24,31.28965187072754,66.7054443359375,35.93000030517578,45.722500228881835,-1.7903286214456942
2020-04-27,32.39390182495117,68.77538299560547,33.290000915527344,44.11000022888184,-1.758912527607583
2020-04-28,33.06963348388672,68.92869567871094,33.56999969482422,42.93450012207031,-1.7112621918776942
2020-04-29,33.90925216674805,72.5395736694336,31.229999542236328,41.81900005340576,-1.739382301322131
2020-04-30,32.77866744995117,70.5309829711914,34.150001525878906,40.673500061035156,-1.774374283687475
2020-05-01,31.92241859436035,68.56838989257812,37.189998626708984,39.9875,-1.7896062664206895
2020-05-04,31.66471290588379,70.10166931152344,35.970001220703125,39.44600009918213,-1.8484184147171565
2020-05-05,31.573270797729492,71.21328735351562,33.61000061035156,38.86450004577637,-1.8837774876904714
2020-05-06,31.007972717285156,69.0360336303711,34.119998931884766,38.235499954223634,-1.8713266222280138
2020-05-07,32.26325607299805,71.0216293334961,31.440000534057617,37.64000005722046,-1.826231876102628
2020-05-08,33.31902313232422,73.19122314453125,27.979999542236328,36.95550012588501,-1.8010598167719147
2020-05-11,33.11119842529297,71.58129119873047,27.56999969482422,36.275500202178954,-1.7758149305036695
2020-05-12,31.939043045043945,69.84099578857422,33.040000915527344,36.03950033187866,-1.8208291018826317
2020-05-13,30.750274658203125,68.00105285644531,35.279998779296875,35.76150026321411,-1.8645668577993255
2020-05-14,31.431947708129883,69.0360336303711,32.61000061035156,35.38650026321411,-1.8389733771662864
2020-05-15,30.999664306640625,68.35371398925781,31.889999389648438,35.07350015640259,-1.854540041865409
2020-05-18,33.48529815673828,71.99427032470703,29.299999237060547,34.34700002670288,-1.757811576442536
2020-05-19,32.695533752441406,69.71504211425781,30.530000686645508,33.60300006866455,-1.7598860309767057
2020-05-20,34.13371276855469,72.34432220458984,27.989999771118164,32.90350008010864,-1.7172688172501764
2020-05-21,33.50191116333008,71.5975341796875,29.530000686645508,32.31100006103516,-1.7464146118520405
2020-05-22,33.360591888427734,70.22843170166016,28.15999984741211,31.92250003814697,-1.7222434593696925
2020-05-26,36.320068359375,72.57768249511719,28.010000228881836,31.658500003814698,-1.5563875191538685
2020-05-27,38.9553337097168,73.04442596435547,27.6200008392334,31.361000061035156,-1.3672088246834717
2020-05-28,36.91029739379883,70.6874008178711,28.59000015258789,31.229000091552734,-1.4630859643021872
2020-05-29,36.74403381347656,71.33306884765625,27.510000228881836,30.89700002670288,-1.4922582476381454
2020-06-01,37.159698486328125,72.18097686767578,28.229999542236328,30.449000072479247,-1.4821874533972759
2020-06-02,37.8912467956543,73.6589584350586,26.84000015258789,29.992500019073486,-1.464098464890812
2020-06-03,38.99689483642578,75.5959243774414,25.65999984741211,29.594999980926513,-1.4291807016739595
2020-06-04,40.476627349853516,74.89582061767578,25.809999465942383,29.179500007629393,-1.2983886700900893
2020-06-05,41.17493438720703,78.41968536376953,24.520000457763672,28.8335000038147,-1.3350706039917832
2020-06-08,41.690345764160156,80.30998992919922,25.809999465942383,28.725,-1.3440020705257314
2020-06-09,41.89817810058594,78.97979736328125,27.56999969482422,28.725,-1.294180819834218
2020-06-10,40.476627349853516,75.9070816040039,27.56999969482422,28.451499938964844,-1.3242075994072604
2020-06-11,37.05162048339844,69.52056884765625,40.790000915527344,28.727000045776368,-1.4225108173303318
2020-06-12,38.47316360473633,71.86979675292969,36.09000015258789,28.901000022888184,-1.3740129474384957
2020-06-15,39.40423583984375,70.96745300292969,34.400001525878906,29.026500129699706,-1.2799253367503158
2020-06-16,40.368553161621094,73.14554595947266,33.66999816894531,29.245000076293945,-1.2619487403537728
2020-06-17,39.70351028442383,71.20860290527344,33.470001220703125,29.392000102996825,-1.263244805633136
2020-06-18,39.553871154785156,71.51976013183594,32.939998626708984,29.639500045776366,-1.2826079524450131
2020-06-19,39.01351547241211,70.50070190429688,35.119998931884766,29.91899995803833,-1.297824125476128
2020-06-22,39.387611389160156,71.24747467041016,31.770000457763672,30.09949998855591,-1.2883432882457035
2020-06-23,39.811580657958984,71.13081359863281,31.3700008392334,30.267500019073488,-1.2530119569683642
2020-06-24,39.03014373779297,68.17481231689453,33.84000015258789,30.57849998474121,-1.2371719690565122
2020-06-25,40.55976486206055,69.39610290527344,32.220001220703125,30.760000038146973,-1.1516288980351026
2020-06-26,39.11328125,67.25688934326172,34.72999954223633,31.121000003814697,-1.207391924396737
2020-06-29,39.27123260498047,68.1981430053711,31.780000686645508,31.298500061035156,-1.2193703061250738
2020-06-30,40.15242004394531,69.41166687011719,30.43000030517578,31.47800006866455,-1.183110475981842
2020-07-01,39.57880401611328,68.15922546386719,28.6200008392334,31.626000118255615,-1.194906119463787
2020-07-02,39.728450775146484,68.69599151611328,27.68000030517578,31.719500160217287,-1.1971910761067985
2020-07-06,40.584693908691406,68.89823913574219,27.940000534057617,31.890500164031984,-1.1370154101589929
2020-07-07,39.47905731201172,67.14020538330078,29.43000030517578,32.07150020599365,-1.1765006930389998
2020-07-08,40.659523010253906,67.17131042480469,28.079999923706055,32.097000217437746,-1.0872143091632926
2020-07-09,39.49568176269531,64.36310577392578,29.260000228881836,32.18150024414062,-1.1043287949829537
2020-07-10,41.399391174316406,66.3000717163086,27.290000915527344,31.506500244140625,-1.0085115078249551
2020-07-13,41.748538970947266,66.43231964111328,32.189998626708984,31.31150016784668,-0.9852447527487497
2020-07-14,41.98130416870117,68.72711944580078,29.520000457763672,31.067500114440918,-1.0260720962066128
2020-07-15,42.68791961669922,69.14717102050781,27.760000228881836,30.772000217437743,-0.9828752621652257
2020-07-16,43.760318756103516,68.73487091064453,28.0,30.49850015640259,-0.8905146010701238
2020-07-17,43.569114685058594,67.82474517822266,25.68000030517578,30.13550024032593,-0.8818684518922626
2020-07-20,43.11189270019531,66.33119201660156,24.459999084472656,29.602500247955323,-0.8786262190296689
2020-07-21,43.5441780090332,71.09190368652344,24.84000015258789,29.256000232696532,-0.9671865499880763
2020-07-22,42.396976470947266,70.81965637207031,24.31999969482422,28.903500175476076,-1.0477778635467818
2020-07-23,42.03118133544922,70.79630279541016,26.079999923706055,28.515500164031984,-1.0750951931782737
2020-07-24,41.71529006958008,70.11175537109375,25.84000015258789,28.19650011062622,-1.0817231741876738
2020-07-27,42.66297912597656,70.81965637207031,24.739999771118164,27.697000122070314,-1.0274793806855962
2020-07-28,41.78179168701172,69.31830596923828,25.440000534057617,27.380000114440918,-1.0563905904994408
2020-07-29,42.056121826171875,70.06509399414062,24.100000381469727,27.063500118255615,-1.0545232019212794
2020-07-30,40.97626495361328,67.10907745361328,24.760000228881836,26.870500087738037,-1.0614550493487358
2020-07-31,40.917667388916016,65.29658508300781,24.459999084472656,26.70950002670288,-1.0196510853348946
2020-08-03,41.40318298339844,65.9733657836914,24.280000686645508,26.526500034332276,-0.9998808909423201
2020-08-04,41.23576354980469,67.28022766113281,23.760000228881836,26.243000030517578,-1.0460225947122892
2020-08-05,41.662681579589844,67.83252716064453,22.989999771118164,25.988500022888182,-1.0275457590142765
2020-08-06,41.394805908203125,68.0425796508789,22.649999618530273,25.657999992370605,-1.0533501089100652
2020-08-07,42.14820098876953,67.5213623046875,22.209999084472656,25.403999900817873,-0.9825516202433606
2020-08-10,42.34074020385742,69.80060577392578,22.1299991607666,24.90099992752075,-1.026051405917516
2020-08-11,43.34526062011719,69.71504211425781,24.030000686645508,24.626499938964844,-0.9472125699692747
2020-08-12,43.847530364990234,70.57073211669922,22.280000686645508,24.352499961853027,-0.930731686267786
2020-08-13,43.68011474609375,69.87062072753906,22.1299991607666,24.058999919891356,-0.9256322208564951
2020-08-14,43.78056335449219,70.28290557861328,22.049999237060547,23.877499866485596,-0.9284932732583588
2020-08-17,42.92671203613281,70.609619140625,21.350000381469727,23.72199993133545,-1.0019915516785032
2020-08-18,42.6253547668457,69.14976501464844,21.510000228881836,23.555499935150145,-0.9877157719358106
2020-08-19,43.00204849243164,68.1712646484375,22.540000915527344,23.466499996185302,-0.9339880241226429
2020-08-20,42.52490234375,66.92446899414062,22.719999313354492,23.298499965667723,-0.9385662603797942
2020-08-21,42.77603530883789,67.13751983642578,22.540000915527344,23.133500003814696,-0.9248419641187959
2020-08-24,43.83915328979492,68.8104476928711,22.3700008392334,23.01500005722046,-0.8864283736695412
2020-08-25,43.571285247802734,67.96609497070312,22.030000686645508,22.844500064849854,-0.8853116786829964
2020-08-26,43.286659240722656,66.90079498291016,23.270000457763672,22.803000068664552,-0.8798326751765313
2020-08-27,44.04006576538086,67.00338745117188,24.469999313354492,22.788500022888183,-0.8249600638050358
2020-08-28,44.27445602416992,67.571533203125,22.959999084472656,22.713500022888184,-0.8215794695482243
2020-08-31,43.74707794189453,66.23005676269531,26.40999984741211,22.819999980926514,-0.8275735357659983
2020-09-01,44.01495361328125,65.559326171875,26.1200008392334,22.938000011444093,-0.7900074196419045
2020-09-02,44.5758056640625,65.64611053466797,26.56999969482422,23.117000007629393,-0.7494249066729518
2020-09-03,44.157264709472656,64.92801666259766,33.599998474121094,23.664499950408935,-0.7630295276072995
2020-09-04,44.12377166748047,64.65181732177734,30.75,24.091499996185302,-0.7585335975411043
2020-09-08,41.997528076171875,62.31606674194336,31.459999084472656,24.557999992370604,-0.8611507793749983
2020-09-09,42.742549896240234,63.15251922607422,28.809999465942383,24.79699993133545,-0.8256544876821857
2020-09-10,42.097984313964844,61.66899490356445,29.709999084472656,25.168499851226805,-0.8369643686526321
2020-09-11,42.14820098876953,61.305999755859375,26.8700008392334,25.405499935150146,-0.8238645864327669
2020-09-14,42.817893981933594,60.9903678894043,25.850000381469727,25.595499992370605,-0.7647022367956252
2020-09-15,42.181678771972656,60.248592376708984,25.59000015258789,25.807499980926515,-0.7943128071486705
2020-09-16,42.817893981933594,61.992523193359375,26.040000915527344,26.03400001525879,-0.7902886851086315
2020-09-17,42.06450271606445,62.17403030395508,26.459999084472656,26.229999923706053,-0.8524135978589714
2020-09-18,41.922183990478516,61.716339111328125,25.829999923706055,26.385499954223633,-0.851588337414722
2020-09-21,40.48237609863281,60.209144592285156,27.780000686645508,26.64749994277954,-0.9229782879277342
2020-09-22,39.871280670166016,59.60152053833008,26.860000610351562,26.87199993133545,-0.9540970620115327
2020-09-23,38.8583869934082,56.77650451660156,28.579999923706055,27.199499893188477,-0.9592636225264422
2020-09-24,39.01743698120117,56.658145904541016,28.510000228881836,27.461499881744384,-0.9441047619561026
2020-09-25,39.37739181518555,56.68181228637695,26.3799991607666,27.55699987411499,-0.9172410881471209
2020-09-28,40.49911880493164,58.33894729614258,26.190000534057617,27.71849994659424,-0.8739518700336535
2020-09-29,39.544822692871094,56.737060546875,26.270000457763672,27.711499977111817,-0.9058751175697513
2020-09-30,40.473995208740234,56.81595993041992,26.3700008392334,27.723999977111816,-0.8369850040729667
2020-10-01,39.56155776977539,55.56917953491211,26.700000762939453,27.73050003051758,-0.8747804141338699
2020-10-02,40.1558952331543,56.17677688598633,27.6299991607666,27.432000064849852,-0.8449397472797111
2020-10-05,40.68326950073242,57.36834716796875,27.959999084472656,27.292500019073486,-0.8351186550157713
2020-10-06,39.96335983276367,57.052711486816406,29.479999542236328,27.19350004196167,-0.8819958480686186
2020-10-07,40.775360107421875,58.220584869384766,28.059999465942383,27.15600004196167,-0.8498501220329877
2020-10-08,41.01811599731445,59.356903076171875,26.360000610351562,26.988500118255615,-0.8603374018904946
2020-10-09,40.87581253051758,58.3941764831543,25.0,26.895000076293947,-0.846616705963518
2020-10-12,42.47468948364258,58.796634674072266,25.06999969482422,26.85600004196167,-0.7348828153107214
2020-10-13,42.223541259765625,57.92071533203125,26.06999969482422,26.880000019073485,-0.7316843016610205
2020-10-14,42.399349212646484,57.56562423706055,26.399999618530273,26.897999954223632,-0.709202535568837
2020-10-15,42.96856689453125,58.007530212402344,26.969999313354492,26.923499965667723,-0.6770484061056535
2020-10-16,43.40385818481445,57.51826858520508,27.40999984741211,27.002499961853026,-0.6313400776193899
2020-10-19,42.65047073364258,56.247806549072266,29.18000030517578,27.07249994277954,-0.6563938646643598
2020-10-20,43.08576202392578,56.56344985961914,29.350000381469727,27.196999931335448,-0.631235902478804
2020-10-21,42.17332077026367,55.92427062988281,28.649999618530273,27.20049991607666,-0.6845445244001358
2020-10-22,43.33689498901367,57.92071533203125,28.110000610351562,27.180499935150145,-0.6467250309007737
2020-10-23,43.42061233520508,57.26577377319336,27.549999237060547,27.238999938964845,-0.6236150285446592
2020-10-26,42.12309265136719,55.97951126098633,32.459999084472656,27.552499866485597,-0.6897877699854817
2020-10-27,40.67491149902344,54.8510856628418,33.349998474121094,27.906499767303465,-0.7714871868809504
2020-10-28,39.8210563659668,52.77570724487305,40.279998779296875,28.60199966430664,-0.7836569363576021
2020-10-29,40.58003616333008,54.29081726074219,37.59000015258789,29.146499633789062,-0.7644226115600544
2020-10-30,40.60533142089844,54.843177795410156,38.02000045776367,29.665999698638917,-0.7765948965384091
2020-11-02,41.642608642578125,56.934329986572266,37.130001068115234,30.124499797821045,-0.7508310582552238
2020-11-03,43.16056442260742,56.610782623291016,35.54999923706055,30.427999782562257,-0.6267362546663497
2020-11-04,43.37138748168945,56.63446807861328,29.56999969482422,30.50349979400635,-0.6112532128015995
2020-11-05,44.02073669433594,56.92643356323242,27.579999923706055,30.56449975967407,-0.5691561066778134
2020-11-06,43.59907913208008,56.145225524902344,24.860000610351562,30.55749979019165,-0.5813871595288933
2020-11-09,47.24217987060547,62.65538787841797,25.75,30.59149980545044,-0.4695982954395572
2020-11-10,47.01448440551758,65.5514144897461,24.799999237060547,30.527999782562254,-0.5609132552561168
2020-11-11,47.51203155517578,65.0700454711914,23.450000762939453,30.380499839782715,-0.5106557337175069
2020-11-12,46.845821380615234,63.657554626464844,25.350000381469727,30.299499893188475,-0.5254308844791062
2020-11-13,47.73973083496094,65.51984405517578,23.100000381469727,30.083999919891358,-0.5047641522555676
2020-11-16,49.00469207763672,70.19927978515625,22.450000762939453,29.74749994277954,-0.5277084551747319
2020-11-17,49.59500503540039,69.69483184814453,22.709999084472656,29.415499877929687,-0.46978279993542005
2020-11-18,49.59500503540039,67.48484802246094,23.84000015258789,29.174999904632568,-0.41335877393339066
2020-11-19,49.443206787109375,68.6458740234375,23.110000610351562,28.924999904632568,-0.4545850385455681
2020-11-20,48.751705169677734,68.69392395019531,23.700000762939453,28.732499980926512,-0.5085798425857049
2020-11-23,50.82624053955078,72.88970947265625,22.65999984741211,28.242500019073486,-0.45739781415970465
2020-11-24,53.63446044921875,76.56503295898438,21.639999389648438,27.657000064849854,-0.33694067925300125
2020-11-25,53.53326416015625,73.77851867675781,21.25,26.70550012588501,-0.27351923226284763
2020-11-27,53.836849212646484,73.11390686035156,20.84000015258789,25.86800012588501,-0.2333843783979348
2020-11-30,52.141807556152344,69.80694580078125,20.56999969482422,24.995500087738037,-0.27830044896070816
2020-12-01,53.36460494995117,70.02311706542969,20.770000457763672,24.17750005722046,-0.19050876553573792
2020-12-02,53.9886474609375,71.96089172363281,21.170000076293945,23.458500099182128,-0.1923626425284242
2020-12-03,54.022377014160156,71.9048080444336,21.280000686645508,23.044000148773193,-0.1883568671258888
2020-12-04,54.815093994140625,74.69132232666016,20.790000915527344,22.704500198364258,-0.19900883746849685
2020-12-07,54.19104766845703,72.67350769042969,21.299999237060547,22.526500129699706,-0.19511171724961934
2020-12-08,53.89588928222656,73.29808044433594,20.68000030517578,22.273000144958495,-0.23358128377156362
2020-12-09,54.283817291259766,72.41727447509766,22.270000457763672,22.146500205993654,-0.18149053209394228
2020-12-10,54.34284591674805,74.74737548828125,22.520000457763672,22.100000190734864,-0.23647688597629132
2020-12-11,53.39833450317383,74.0267333984375,23.309999465942383,21.998000144958496,-0.2901528976063279
2020-12-14,52.183963775634766,71.61656951904297,24.719999313354492,22.079000091552736,-0.3212858001492971
2020-12-15,53.92961502075195,71.56051635742188,22.889999389648438,22.101000022888183,-0.1866452163801889
2020-12-16,54.16575241088867,71.0160140991211,22.5,22.09050006866455,-0.15472381566859342
2020-12-17,54.536800384521484,70.79181671142578,21.93000030517578,21.995000076293945,-0.12068531778153199
2020-12-18,54.12358474731445,69.81493377685547,21.56999969482422,21.91800003051758,-0.12727631501029782
2020-12-21,57.20166015625,68.93414306640625,25.15999984741211,21.99099998474121,0.13009737738096333
2020-12-22,56.198123931884766,67.54889678955078,24.229999542236328,22.069499969482422,0.08888551118337747
2020-12-23,57.52211380004883,68.61384582519531,23.309999465942383,22.15299997329712,0.16272862190103338
2020-12-24,57.420902252197266,68.3255844116211,21.530000686645508,22.167000007629394,0.16236496039372147
2020-12-28,57.387184143066406,67.98128509521484,21.700000762939453,22.210000038146973,0.1685824048405958
2020-12-29,57.1004638671875,67.74908447265625,23.079999923706055,22.335500049591065,0.15263138602991175
2020-12-30,57.21009063720703,68.3255844116211,22.770000457763672,22.435500049591063,0.14627806850406408
2020-12-31,57.79196548461914,67.62095642089844,22.75,22.514500045776366,0.20867069833960397
2021-01-04,57.62331771850586,67.82913970947266,26.969999313354492,22.798999977111816,0.1904860862179471
2021-01-05,58.60154724121094,69.66278839111328,25.34000015258789,23.026499938964843,0.21831846483333836
2021-01-06,62.13501739501953,71.9048080444336,25.06999969482422,23.214999961853028,0.43071323844016
2021-01-07,63.19758987426758,72.24112701416016,22.3700008392334,23.299499988555908,0.5032107253419648
2021-01-08,63.459014892578125,72.92974090576172,21.559999465942383,23.263999938964844,0.5055786011186988
2021-01-11,64.14208221435547,73.34610748291016,24.079999923706055,23.34199991226196,0.5470725767818199
2021-01-12,63.92283630371094,74.73937225341797,23.329999923706055,23.342999935150146,0.49477004098682315
2021-01-13,63.72044372558594,74.66729736328125,22.209999084472656,23.217499923706054,0.4811657744275824
2021-01-14,64.48786163330078,76.46094512939453,23.25,23.235499954223634,0.4939325413417002
2021-01-15,63.45058059692383,73.73846435546875,24.34000015258789,23.32749996185303,0.4842871273818541
2021-01-19,63.23974609375,75.67621612548828,23.239999771118164,23.392999935150147,0.41872493395200516
2021-01-20,63.11326599121094,76.37285614013672,21.579999923706055,23.39349994659424,0.3912871137518756
2021-01-21,62.99517822265625,73.67440795898438,21.31999969482422,23.201499938964844,0.4511711307115549
2021-01-22,62.51451873779297,73.45021057128906,21.90999984741211,23.085499954223632,0.42021640795905973
2021-01-25,61.03871154785156,72.7856216430664,23.190000534057617,23.079500007629395,0.32456645781236215
2021-01-26,60.05204391479492,71.5525131225586,23.020000457763672,23.153999996185302,0.28075752941187526
2021-01-27,57.69919967651367,70.62367248535156,37.209999084472656,23.929499912261964,0.12492819619853923
2021-01-28,58.75876998901367,71.28025817871094,30.209999084472656,24.285999870300294,0.18901972544188417
2021-01-29,56.834617614746094,68.22149658203125,33.09000015258789,24.801999855041505,0.1202834860055305
2021-02-01,57.36015701293945,69.19037628173828,30.239999771118164,25.176499843597412,0.13565016748880737
2021-02-02,60.14044189453125,69.7108383178711,25.559999465942383,25.105999851226805,0.33452369308432395
2021-02-03,59.84375762939453,71.23220825195312,22.90999984741211,24.984499835968016,0.27304118200573824
2021-02-04,61.276283264160156,71.2642593383789,21.770000457763672,24.81949987411499,0.3815379354443012
2021-02-05,62.06458282470703,71.4724349975586,20.8700008392334,24.74449987411499,0.4363775219780847
2021-02-08,62.920719146728516,73.25005340576172,21.239999771118164,24.72849988937378,0.456323583413486
2021-02-09,62.92918395996094,72.83365631103516,21.6299991607666,24.605999851226805,0.4676007368459366
2021-02-10,63.005462646484375,74.08277893066406,21.989999771118164,24.538999843597413,0.44152963721112864
2021-02-11,62.4884033203125,73.68242645263672,21.25,24.49099988937378,0.4122947568211919
2021-02-12,63.24280548095703,74.1068115234375,19.969999313354492,24.326999855041503,0.45902752230373456
2021-02-16,64.46342468261719,75.62532806396484,21.459999084472656,24.18299980163574,0.5134022646898811
2021-02-17,63.9548225402832,77.89091491699219,21.5,24.095999813079835,0.4167475286171003
2021-02-18,63.42930221557617,77.14383697509766,22.489999771118164,24.14149980545044,0.39571938870742324
2021-02-19,64.4210433959961,77.7934799194336,22.049999237060547,24.177999782562257,0.45481218095908355
2021-02-22,65.60774230957031,79.89665985107422,23.450000762939453,24.254999828338622,0.49167120228515493
2021-02-23,65.6925048828125,80.9035873413086,23.110000610351562,24.25099983215332,0.4724310879663978
2021-02-24,67.70989227294922,83.89187622070312,21.34000015258789,24.16699981689453,0.5500812970303192
2021-02-25,66.4808120727539,83.11231231689453,28.889999389648438,23.75099983215332,0.47619439118252355
2021-02-26,65.15849304199219,81.20404815673828,27.950000762939453,23.63799991607666,0.42400981386249376
2021-03-01,67.09960174560547,82.86873626708984,23.350000381469727,23.15099992752075,0.5296326555001901
2021-03-02,68.48124694824219,83.18544006347656,24.100000381469727,22.84399995803833,0.6269791695546374
2021-03-03,69.55775451660156,84.11924743652344,26.670000076293945,22.89949998855591,0.6852853061157674
2021-03-04,68.75250244140625,84.85822296142578,28.56999969482422,23.182499980926515,0.6049699696363665
2021-03-05,68.54906463623047,88.51239013671875,24.65999984741211,23.326999950408936,0.4961496900395134
2021-03-08,68.74402618408203,89.12144470214844,25.469999313354492,23.55699987411499,0.4954770458950167
2021-03-09,68.53211975097656,88.91841125488281,24.030000686645508,23.69649991989136,0.4844903414603557
2021-03-10,70.43083953857422,90.43694305419922,22.559999465942383,23.742999935150145,0.5906100917727036
2021-03-11,70.56647491455078,90.29077911376953,21.90999984741211,23.738999938964845,0.6046921086634569
2021-03-12,71.49038696289062,90.59123229980469,20.690000534057617,23.710999965667725,0.6675242161780051
2021-03-15,71.08354187011719,89.52745056152344,20.030000686645508,23.714000034332276,0.663638000774984
2021-03-16,69.96463775634766,87.40803527832031,19.790000915527344,23.63050012588501,0.6323668663966453
2021-03-17,71.08354187011719,87.72472381591797,19.229999542236328,23.517000102996825,0.7096641750783789
2021-03-18,71.15135955810547,84.54964447021484,21.579999923706055,23.47150011062622,0.7959035824163988
2021-03-19,70.30369567871094,83.94871520996094,20.950000762939453,23.416500186920167,0.7465615021049515
2021-03-22,69.43911743164062,83.26661682128906,18.8799991607666,23.188000106811522,0.6980010609620058
2021-03-23,67.0656967163086,82.80376434326172,20.299999237060547,23.04750003814697,0.5287042111226216
2021-03-24,67.24369049072266,85.02061462402344,21.200000762939453,23.04050006866455,0.48568745942079256
2021-03-25,67.92180633544922,85.32107543945312,19.809999465942383,22.586500072479247,0.5297628299384691
2021-03-26,67.79466247558594,87.27810668945312,18.860000610351562,22.132000064849855,0.4700947804406073
2021-03-29,66.01460266113281,86.82335662841797,20.739999771118164,22.001500034332274,0.34587003378569864
2021-03-30,67.04026794433594,86.01945495605469,19.610000610351562,21.77700004577637,0.44466260999190804
2021-03-31,65.8281478881836,85.09370422363281,19.399999618530273,21.413500022888183,0.3758022786454283
2021-04-01,66.30279541015625,85.87327575683594,17.329999923706055,20.851500034332275,0.39211874181625256
2021-04-05,66.11632537841797,84.86634063720703,17.90999984741211,20.514000034332277,0.4035978234925162
2021-04-06,67.04026794433594,84.11115264892578,18.1200008392334,20.14650011062622,0.4933842783343761
2021-04-07,66.99788665771484,84.60648345947266,17.15999984741211,19.803000068664552,0.4775036918580289
2021-04-08,67.98116302490234,83.65641784667969,16.950000762939453,19.522500133514406,0.5767933715281685
2021-04-09,68.42192840576172,83.5751953125,16.690000534057617,19.26150016784668,0.6125016065676271
2021-04-12,67.96418762207031,82.64947509765625,16.90999984741211,19.072500133514403,0.6012066685941356
2021-04-13,67.41323852539062,83.02301025390625,16.649999618530273,18.903500080108643,0.5496272322288144
2021-04-14,68.48124694824219,84.67144775390625,16.989999771118164,18.763500022888184,0.5890392825791815
2021-04-15,68.50669860839844,83.98121643066406,16.56999969482422,18.630500030517577,0.6086040676141832
2021-04-16,66.616455078125,83.607666015625,16.25,18.364000034332275,0.4738981337651639
2021-04-19,67.8370361328125,83.8512954711914,17.290000915527344,18.18100004196167,0.5608196432360291
2021-04-20,65.51451873779297,82.28404998779297,18.68000030517578,18.17100009918213,0.4236039134157828
2021-04-21,67.17587280273438,83.4208984375,17.5,18.0310001373291,0.5213553638620301
2021-04-22,66.36212921142578,81.97547149658203,18.709999084472656,17.90650005340576,0.49616294307638303
2021-04-23,68.61688995361328,82.46270751953125,17.329999923706055,17.782500076293946,0.6557823840115542
2021-04-26,69.10003662109375,82.43833923339844,17.639999389648438,17.72150001525879,0.6932731366899599
2021-04-27,69.47300720214844,83.39653778076172,17.559999465942383,17.5625,0.6972700998218595
2021-04-28,70.12569427490234,85.44288635253906,17.280000686645508,17.446000003814696,0.6948300237562549
2021-04-29,71.1982650756836,86.80711364746094,17.610000610351562,17.35650005340576,0.7418465162948021
2021-04-30,70.27040100097656,83.69699096679688,18.610000610351562,17.420500087738038,0.7504476852074539
2021-05-03,70.19377899169922,85.69463348388672,18.309999465942383,17.44050006866455,0.6935980606583484
2021-05-04,70.34700775146484,86.16560363769531,19.479999542236328,17.508500003814696,0.6932663068105596
2021-05-05,71.93883514404297,88.47993469238281,19.149999618530273,17.607999992370605,0.7556494205366608
2021-05-06,73.91374969482422,88.52863311767578,18.389999389648438,17.679999923706056,0.9051104754455453
2021-05-07,74.65432739257812,89.34069061279297,16.690000534057617,17.679999923706056,0.9408904778862779
2021-05-10,73.60728454589844,88.97525787353516,19.65999984741211,17.817499923706055,0.8703213626396711
2021-05-11,72.2878646850586,86.64470672607422,21.84000015258789,18.076999950408936,0.8291396055950769
2021-05-12,71.23231506347656,87.18877410888672,27.59000015258789,18.606999969482423,0.7347005141864317
2021-05-13,72.2367935180664,86.62847900390625,23.1299991607666,18.93499994277954,0.8256567161477233
2021-05-14,74.35637664794922,88.89405822753906,18.809999465942383,19.06299991607666,0.929557217061966
2021-05-17,74.98628997802734,89.9822006225586,19.719999313354492,19.18449983596802,0.9498436567543929
2021-05-18,74.03292083740234,87.27788543701172,21.34000015258789,19.317499828338622,0.9461377095855268
2021-05-19,73.24977111816406,84.828369140625,22.18000030517578,19.551499843597412,0.9489157138997485
2021-05-20,73.60728454589844,85.1242904663086,20.670000076293945,19.649499893188477,0.9686420302360084
2021-05-21,75.1991195678711,85.58460235595703,20.149999618530273,19.790499877929687,1.0783614687803509
2021-05-24,76.34831237792969,86.8011245727539,18.399999618530273,19.82849988937378,1.1349960555078245
2021-05-25,75.64178466796875,85.37910461425781,18.84000015258789,19.892499923706055,1.1173875926724397
2021-05-26,76.05886840820312,85.58460235595703,17.360000610351562,19.896499919891358,1.1439683218340615
2021-05-27,76.86756896972656,84.67221069335938,16.739999771118164,19.852999877929687,1.2289743702804847
2021-05-28,77.42086029052734,85.3133544921875,16.760000228881836,19.7604998588562,1.254826345271749
2021-06-01,78.40831756591797,87.66419982910156,17.899999618530273,19.739999866485597,1.270158122254029
2021-06-02,78.96162414550781,88.83965301513672,17.479999542236328,19.639999866485596,1.2823695840758427
2021-06-03,79.4638671875,88.4368667602539,18.040000915527344,19.58449993133545,1.3309791164144127
2021-06-04,79.98312377929688,89.1437759399414,16.420000076293945,19.485999965667723,1.3525548406507795
2021-06-07,79.34468841552734,88.56838989257812,16.420000076293945,19.472499942779542,1.318526692480976
2021-06-08,78.9871826171875,89.37394714355469,17.06999969482422,19.342999935150146,1.2706786458004975
2021-06-09,78.885009765625,88.5930404663086,17.889999389648438,19.145499897003173,1.282819561162765
2021-06-10,78.04228973388672,89.11090087890625,16.100000381469727,18.570999908447266,1.2052904531136965
2021-06-11,78.35723114013672,88.69990539550781,15.649999618530273,18.196999931335448,1.2398167174567087
2021-06-14,77.22509002685547,88.74923706054688,16.389999389648438,18.07599992752075,1.1521642866396835
2021-06-15,77.20806121826172,90.66443634033203,17.020000457763672,17.94099998474121,1.1019670719122117
2021-06-16,77.54854583740234,90.14659881591797,18.149999618530273,17.78149995803833,1.1411703506301134
2021-06-17,74.83309173583984,88.00943756103516,17.75,17.55999994277954,0.9885206453710953
2021-06-18,71.58131408691406,84.68865966796875,20.700000762939453,17.561499977111815,0.8251638665318897
2021-06-21,73.1561279296875,87.17102813720703,17.889999389648438,17.448499965667725,0.881958453904801
2021-06-22,72.95183563232422,87.45870971679688,16.65999984741211,17.361499977111816,0.859024127404913
2021-06-23,73.09654998779297,87.35186004638672,16.31999969482422,17.235499954223634,0.8727952059325418
2021-06-24,74.12655639648438,88.06698608398438,15.970000267028809,17.165999937057496,0.9331361155175629
2021-06-25,75.25019836425781,88.19847869873047,15.619999885559082,17.10999994277954,1.0155232815887627
2021-06-28,74.65432739257812,85.4777603149414,15.760000228881836,17.05999994277954,1.0395165750716648
2021-06-29,77.15699005126953,85.2886962890625,16.020000457763672,16.96599998474121,1.2353201445660202
2021-06-30,78.05078125,86.09423065185547,15.829999923706055,16.883500003814696,1.282958310569709
2021-07-01,78.33170318603516,87.30253601074219,15.479999542236328,16.755499935150148,1.2735455216642075
2021-07-02,78.3402099609375,87.18745422363281,15.069999694824219,16.68799991607666,1.2771328693891533
2021-07-06,76.79095458984375,85.4777603149414,16.440000534057617,16.688999938964844,1.2025611527269615
2021-07-07,76.63772583007812,84.60643768310547,16.200000762939453,16.645499992370606,1.213114473976133
2021-07-08,74.60324096679688,84.335205078125,19.0,16.701000022888184,1.064789262455413
2021-07-09,76.8930892944336,85.54349517822266,16.18000030517578,16.705000019073488,1.2086766785939063
2021-07-12,78.953125,85.71612548828125,16.170000076293945,16.73100004196167,1.3614691142624293
2021-07-13,79.34468841552734,85.42841339111328,17.1200008392334,16.767500114440917,1.3986947524031388
2021-07-14,78.70624542236328,83.81733703613281,16.329999923706055,16.733000087738038,1.3911086666270602
2021-07-15,78.85096740722656,83.2666244506836,17.010000228881836,16.676000118255615,1.4162127780066136
2021-07-16,77.67623138427734,81.06371307373047,18.450000762939453,16.711000156402587,1.3828129222321017
2021-07-19,76.05886840820312,78.87724304199219,22.5,16.801000118255615,1.3152167318621497
2021-07-20,78.58707427978516,79.34577178955078,19.729999542236328,16.89300012588501,1.4961802091597127
2021-07-21,81.44728088378906,82.05008697509766,17.90999984741211,16.95550012588501,1.645395634665178
2021-07-22,81.35363006591797,81.22808837890625,17.690000534057617,17.02400016784668,1.6592359957151455
2021-07-23,80.48535919189453,81.260986328125,17.200000762939453,17.08550019264221,1.5921389006590918
2021-07-26,82.17933654785156,82.97891998291016,17.579999923706055,17.18350019454956,1.6775438817732045
2021-07-27,82.12826538085938,82.699462890625,19.360000610351562,17.36350021362305,1.6807816120206098
2021-07-28,81.77925109863281,83.1679916381836,18.309999465942383,17.478000164031982,1.642186363584744
2021-07-29,82.55957794189453,84.3105239868164,17.700000762939453,17.57150020599365,1.6725621040622776
2021-07-30,82.30232238769531,83.68584442138672,18.239999771118164,17.709500217437743,1.6688800631187144
2021-08-02,82.51670837402344,83.53787994384766,19.459999084472656,17.929000186920167,1.689017456141581
2021-08-03,82.83397674560547,84.335205078125,18.040000915527344,18.00900020599365,1.6928711480391954
2021-08-04,82.56814575195312,82.44464111328125,17.969999313354492,18.097500133514405,1.7208545478111088
2021-08-05,83.8886947631836,83.2090835571289,17.280000686645508,18.01150016784668,1.8021074491718656
2021-08-06,85.5179443359375,83.80091094970703,16.149999618530273,18.010000133514403,1.9113241892176978
2021-08-09,86.38400268554688,82.4035415649414,16.719999313354492,18.03750009536743,2.013089341796047
2021-08-10,87.49874877929688,83.90776062011719,16.790000915527344,18.021000099182128,2.0597500139667995
2021-08-11,89.07654571533203,84.54067993164062,16.170000076293945,18.013000106811525,2.163991303017109
2021-08-12,89.75395965576172,84.3680648803711,15.59000015258789,17.942000102996825,2.2200914104984264
2021-08-13,89.12798309326172,83.80911254882812,15.449999809265137,17.79200005531311,2.186594408928417
2021-08-16,88.93934631347656,82.95425415039062,16.1200008392334,17.47300009727478,2.19402541283241
2021-08-17,88.21047973632812,82.798095703125,17.90999984741211,17.382000112533568,2.1423930437991454
2021-08-18,86.82991027832031,80.55714416503906,21.56999969482422,17.565000104904176,2.0942573970254394
2021-08-19,85.5179443359375,78.5494613647461,21.670000076293945,17.76400008201599,2.045401155974922
2021-08-20,86.31539916992188,78.55780029296875,18.559999465942383,17.832000017166138,2.1060414908160805
2021-08-23,87.60165405273438,80.58213806152344,17.149999618530273,17.81050000190735,2.1525105132888718
2021-08-24,88.39911651611328,81.5068359375,17.219999313354492,17.703499937057494,2.189755484844929
2021-08-25,89.25660705566406,82.06500244140625,16.790000915527344,17.627500009536742,2.2409392248600843
2021-08-26,89.0422134399414,80.9903335571289,18.84000015258789,17.684499979019165,2.2520168159276768
2021-08-27,90.42279815673828,82.17327117919922,16.389999389648438,17.591999959945678,2.3271662251064966
2021-08-30,89.25660705566406,81.96501922607422,16.190000534057617,17.428500032424928,2.243491938357848
2021-08-31,89.54815673828125,80.6154556274414,16.479999542236328,17.350499963760377,2.3001961731461917
2021-09-01,89.44525909423828,79.73240661621094,16.110000610351562,17.25750002861023,2.3148896189476775
2021-09-02,89.89115905761719,81.39854431152344,16.40999984741211,17.21399998664856,2.3063770820019984
2021-09-03,89.39380645751953,81.21527099609375,16.40999984741211,17.22699999809265,2.273103669214779
2021-09-07,89.33377838134766,80.8570556640625,18.139999389648438,17.298000001907347,2.277668713499407
2021-09-08,88.81071472167969,80.29889678955078,17.959999084472656,17.356499910354614,2.2520046679189107
2021-09-09,89.0422134399414,79.97399139404297,18.799999237060547,17.487999868392944,2.2779654749044824
2021-09-10,88.85359954833984,80.0323257446289,20.950000762939453,17.755999898910524,2.262083117461929
2021-09-13,89.52243041992188,81.6151351928711,19.3700008392334,17.951999950408936,2.2727097759839934
2021-09-14,87.38728332519531,80.14060974121094,19.459999084472656,18.118999862670897,2.147424873064279
2021-09-15,88.35623931884766,81.8400650024414,18.18000030517578,18.13249988555908,2.177975743567584
2021-09-16,87.86746978759766,81.07364654541016,18.690000534057617,17.988499927520753,2.16024582269484
2021-09-17,87.25007629394531,80.60713958740234,20.809999465942383,17.945499897003174,2.1250435276184407
2021-09-20,84.57470703125,78.95767211914062,25.709999084472656,18.302999877929686,1.963001154262842
2021-09-21,84.29171752929688,79.01598358154297,24.360000610351562,18.663499927520753,1.9399176421339637
2021-09-22,86.43544006347656,81.34021759033203,20.8700008392334,18.846000003814698,2.044162664703672
2021-09-23,88.79357147216797,83.35623168945312,18.6299991607666,18.93799991607666,2.172638375677805
2021-09-24,88.24478149414062,83.80609893798828,17.75,18.883499908447266,2.1192748334641793
2021-09-27,90.1226806640625,85.78046417236328,18.760000228881836,19.001999950408937,2.212167701474346
2021-09-28,87.49874877929688,86.1053466796875,23.25,19.354999923706053,2.0036425205427073
2021-09-29,85.36357116699219,86.08035278320312,22.559999465942383,19.658999919891357,1.841346689413383
2021-09-30,83.44279479980469,84.51419830322266,23.139999389648438,20.0104998588562,1.7347596910945067
2021-10-01,84.93484497070312,86.91341400146484,21.100000381469727,20.244999885559082,1.787361646940834
2021-10-04,83.30559539794922,87.23829650878906,22.959999084472656,20.57249984741211,1.6547400011091375
2021-10-05,85.06346893310547,88.1880111694336,21.299999237060547,20.730499839782716,1.7646345785357598
2021-10-06,84.97769927978516,87.41324615478516,21.0,20.88249988555908,1.7778704055024934
2021-10-07,84.72045135498047,88.03804016113281,19.540000915527344,20.919499969482423,1.7422881117858975
2021-10-08,85.78376007080078,90.01240539550781,18.770000457763672,20.810499954223634,1.7730201326810435
2021-10-11,83.42564392089844,89.2459945678711,20.0,20.84199991226196,1.6126414397100817
2021-10-12,83.84580993652344,89.26265716552734,19.850000381469727,20.861499977111816,1.6442786046618563
2021-10-13,84.52323913574219,89.79582214355469,18.639999389648438,20.884499931335448,1.6823603099342546
2021-10-14,86.61553192138672,90.64552307128906,16.860000610351562,20.792999935150146,1.8203276870457517
2021-10-15,87.58448791503906,91.3119888305664,16.299999237060547,20.567499923706055,1.8772522467320512
2021-10-18,86.95853424072266,91.27032470703125,16.309999465942383,20.097499942779542,1.8305498890673801
2021-10-19,87.25007629394531,93.05309295654297,15.699999809265137,19.66449990272522,1.807280660596907
2021-10-20,86.31539916992188,94.26935577392578,15.489999771118164,19.395499849319457,1.704903163608807
2021-10-21,85.98954772949219,93.08639526367188,15.010000228881836,19.21449990272522,1.7102403224099167
2021-10-22,87.29293823242188,93.9694595336914,15.430000305175781,19.098499917984007,1.7871552858909365
2021-10-25,87.38728332519531,94.84417724609375,15.239999771118164,18.922499895095825,1.772021910573602
2021-10-26,88.7249526977539,95.05243682861328,15.979999542236328,18.558999872207643,1.8687813935581403
2021-10-27,87.35296630859375,93.36131286621094,16.979999542236328,18.279999876022337,1.8072628360181509
2021-10-28,88.50133514404297,94.23603057861328,16.530000686645508,17.949499940872194,1.8725613002763668
2021-10-29,88.74308013916016,95.3773193359375,16.260000228881836,17.707499933242797,1.8618699745065421
2021-11-01,89.79646301269531,95.41064453125,16.40999984741211,17.379999971389772,1.9414020702215264
2021-11-02,90.3663330078125,94.82749938964844,16.030000686645508,17.116500043869017,1.9997769882051697
2021-11-03,88.5963134765625,94.1444091796875,15.100000381469727,16.821500062942505,1.8821482571001678
2021-11-04,86.16145324707031,94.56092071533203,15.4399995803833,16.616499996185304,1.6857115871848334
2021-11-05,86.23052215576172,95.5855941772461,16.479999542236328,16.501999950408937,1.6648208200664483
2021-11-08,86.40319061279297,95.9271469116211,17.219999313354492,16.36299991607666,1.6692767069162555
2021-11-09,86.09235382080078,96.63523864746094,17.780000686645508,16.259499931335448,1.62747837361063
2021-11-10,84.41731262207031,95.09407043457031,18.729999542236328,16.263999938964844,1.5390053250599736
2021-11-11,85.375732421875,95.10243225097656,17.65999984741211,16.30399990081787,1.6119282033073217
2021-11-12,86.2132568359375,95.16072082519531,16.290000915527344,16.30349998474121,1.674350935320458
2021-11-15,86.5240707397461,97.31836700439453,16.489999771118164,16.3125,1.6429811627460642
2021-11-16,86.93852233886719,97.70156860351562,16.3700008392334,16.346000051498415,1.6648240031177381
2021-11-17,84.33960723876953,97.26338195800781,17.110000610351562,16.427000093460084,1.477690075410485
2021-11-18,84.33960723876953,96.44595336914062,17.59000015258789,16.556000089645387,1.4985601883122288
2021-11-19,83.67477416992188,94.3055419921875,17.90999984741211,16.680000066757202,1.5024749686407155
2021-11-22,85.75563049316406,95.99091339111328,19.170000076293945,16.87650008201599,1.6182337829669817
2021-11-23,87.9487533569336,98.00494384765625,19.3799991607666,17.046500062942506,1.7341684485906572
2021-11-24,87.3097915649414,98.75492858886719,18.579999923706055,17.12650008201599,1.6662615303271175
2021-11-26,84.55548095703125,96.49652099609375,28.6200008392334,17.731000089645384,1.5137423025425278
2021-11-29,83.9510726928711,96.78303527832031,22.959999084472656,18.066000032424927,1.4603051997435592
2021-11-30,81.87020874023438,95.11451721191406,27.190000534057617,18.605000066757203,1.344115513706637
2021-12-01,82.25011444091797,94.46563720703125,31.1200008392334,19.359500074386595,1.3896726891708289
2021-12-02,85.35846710205078,97.02742767333984,27.950000762939453,20.002000093460083,1.5614628311337784
2021-12-03,84.7972183227539,96.41227722167969,30.670000076293945,20.763500118255614,1.534339980789079
2021-12-06,85.71244812011719,97.92066955566406,27.18000030517578,21.29850015640259,1.565669149464837
2021-12-07,88.50133514404297,99.37010192871094,21.889999389648438,21.532000160217287,1.7414811665724113
2021-12-08,87.42205810546875,99.81672668457031,19.899999618530273,21.638000106811525,1.6477193006741984
2021-12-09,86.84354400634766,99.55549621582031,21.579999923706055,21.78050012588501,1.6102428655892569
2021-12-10,84.9871826171875,99.72404479980469,18.690000534057617,21.832000160217284,1.464281897622734
2021-12-13,83.89927673339844,97.65100860595703,20.309999465942383,22.03300008773804,1.4341920932025864
2021-12-14,85.32392120361328,97.93753051757812,21.889999389648438,22.303000068664552,1.5355904386969856
2021-12-15,85.85061645507812,97.38134765625,19.290000915527344,22.449000072479247,1.5899823358556504
2021-12-16,86.601806640625,98.29145812988281,20.56999969482422,22.62200002670288,1.6240687382585184
2021-12-17,83.86470794677734,95.72968292236328,21.56999969482422,22.821000003814696,1.4806083460957138
2021-12-20,82.34508514404297,95.77182006835938,22.8700008392334,23.069000053405762,1.3635711356766358
2021-12-21,84.41731262207031,97.30551147460938,21.010000228881836,23.161000061035157,1.4825440943057064
2021-12-22,84.87494659423828,97.8616943359375,18.6299991607666,23.123500061035156,1.5032656950686105
2021-12-23,85.77288818359375,98.09764099121094,17.959999084472656,23.092500019073487,1.5657629577585623
2021-12-27,86.6881332397461,100.10325622558594,17.68000030517578,22.545499992370605,1.584398483948779
2021-12-28,86.31684875488281,99.909423828125,17.540000915527344,22.27450008392334,1.5610148322097384
2021-12-29,85.2462158203125,99.39537811279297,16.950000762939453,21.762500095367432,1.492439873656953
2021-12-30,85.306640625,98.95716857910156,17.329999923706055,21.073000049591066,1.5082389614746727
2021-12-31,84.75405883789062,98.88978576660156,17.219999313354492,20.536499977111816,1.4677921976023023
2022-01-03,86.5068130493164,100.49931335449219,16.600000381469727,19.832999992370606,1.5604501617018465
2022-01-04,90.02095794677734,102.32794952392578,16.90999984741211,19.319499969482422,1.7819245055447523
2022-01-05,87.79331970214844,102.9936752319336,19.729999542236328,19.211499977111817,1.5949380134799516
2022-01-06,89.2956771850586,103.87007141113281,19.610000610351562,19.19700002670288,1.6872062585863359
2022-01-07,89.83964538574219,105.36164093017578,18.760000228881836,19.05600004196167,1.6906342160490506
2022-01-10,89.90870666503906,105.4290542602539,19.399999618530273,19.091499996185302,1.6941830775390407
2022-01-11,91.45426177978516,107.83915710449219,18.40999984741211,18.99650001525879,1.7505899951951156
2022-01-12,88.97621154785156,107.29981994628906,17.6200008392334,18.78300008773804,1.575261700163705
2022-01-13,88.54449462890625,106.85320281982422,20.309999465942383,18.834000015258788,1.5537204433876253
2022-01-14,85.375732421875,108.67340850830078,19.190000534057617,18.76500005722046,1.2654419040334663
2022-01-18,81.17082977294922,109.02733612060547,22.790000915527344,18.826000118255614,0.9355323496028742
2022-01-19,82.65592193603516,108.63128662109375,23.850000381469727,18.875000095367433,1.058970435305277
2022-01-20,86.19598388671875,108.24364471435547,25.59000015258789,19.104000091552734,1.3390072191238382
2022-01-21,85.35846710205078,106.9458999633789,28.850000381469727,19.61500015258789,1.3082301459486438
2022-01-24,84.68498229980469,107.17341613769531,29.899999618530273,20.212000179290772,1.2510281646973624
2022-01-25,85.51386260986328,111.73238372802734,31.15999984741211,20.886000156402588,1.1978825431912314
2022-01-26,86.48954010009766,111.81665802001953,31.959999084472656,21.607000064849853,1.270184190810483
2022-01-27,87.33568572998047,114.07504272460938,30.489999771118164,22.28400001525879,1.2770932228805194
2022-01-28,88.50946044921875,110.06385040283203,27.65999984741211,22.800500011444093,1.4690746157980277
2022-01-31,89.15283966064453,110.67058563232422,24.829999923706055,23.18100004196167,1.5026796364955053
2022-02-01,90.37876892089844,113.58629608154297,21.959999084472656,23.448999977111818,1.5217872408830588
2022-02-02,90.35267639160156,114.10879516601562,22.09000015258789,23.707999992370606,1.5064559938498765
2022-02-03,88.93548583984375,113.08911895751953,24.350000381469727,23.939000034332274,1.424344922365036
2022-02-04,90.51786804199219,114.50485229492188,23.219999313354492,24.119499969482423,1.508949756029937
2022-02-07,91.44816589355469,116.75481414794922,22.860000610351562,24.324499988555907,1.522495434636481
2022-02-08,92.46542358398438,114.97673797607422,21.440000534057617,24.426500034332275,1.6455184917526147
2022-02-09,94.53470611572266,116.11436462402344,19.959999084472656,24.503999996185303,1.7743788193470713
2022-02-10,93.52615356445312,114.63964080810547,23.90999984741211,24.818499946594237,1.7350686492940168
2022-02-11,90.91780090332031,116.97393035888672,27.360000610351562,25.171000003814697,1.4764292925263538
2022-02-14,89.17892456054688,115.1705551147461,28.329999923706055,25.62799997329712,1.3897795452000603
2022-02-15,89.92666625976562,114.32754516601562,25.700000762939453,25.773499965667725,1.46836245035454
2022-02-16,87.9443130493164,114.3615951538086,24.290000915527344,25.795499992370605,1.316221071835755
2022-02-17,83.59709167480469,113.77404022216797,28.110000610351562,25.92150001525879,0.9994886581976322
2022-02-18,82.96238708496094,113.61222076416016,27.75,25.866499996185304,0.9551862604329905
2022-02-22,82.37986755371094,112.74366760253906,28.809999465942383,25.811999988555907,0.9329099844836388
2022-02-23,81.33653259277344,115.426025390625,31.020000457763672,25.805000019073486,0.7848093944252525
2022-02-24,79.82368469238281,114.8299331665039,30.31999969482422,25.723000049591064,0.6845840745489903
2022-02-25,82.20599365234375,119.53894805908203,27.59000015258789,25.57800006866455,0.7461486228847168
2022-02-28,78.89339447021484,122.62151336669922,30.149999618530273,25.70250005722046,0.4146641470960516
2022-03-01,76.18940734863281,127.49232482910156,33.31999969482422,26.127000045776366,0.08396598214221407
2022-03-02,76.84149932861328,131.25611877441406,30.739999771118164,26.566000080108644,0.03763167520344134
2022-03-03,76.31983947753906,133.02731323242188,30.479999542236328,26.985500049591064,-0.04739694574889841
2022-03-04,75.08522033691406,135.09657287597656,31.979999542236328,27.367000007629393,-0.19444103586534345
2022-03-07,72.55513000488281,137.98326110839844,36.45000076293945,28.028500080108643,-0.46121177012012193
2022-03-08,72.43341064453125,145.21282958984375,35.130001068115234,28.642000102996825,-0.6550812440493385
2022-03-09,75.98944091796875,141.5852508544922,32.45000076293945,29.192500114440918,-0.2911057392594987
2022-03-10,74.65049743652344,145.4597930908203,30.229999542236328,29.706000137329102,-0.49220217804135935
2022-03-11,74.05928802490234,145.5279083251953,30.75,30.048000144958497,-0.5390560474289007
2022-03-14,73.65933990478516,141.9684600830078,31.770000457763672,30.268500137329102,-0.4786980489648722
2022-03-15,75.05914306640625,134.78147888183594,29.829999923706055,30.3435001373291,-0.1883861775452142
2022-03-16,79.78023529052734,134.29612731933594,26.670000076293945,30.392000102996825,0.184268894682798
2022-03-17,81.60606384277344,136.62083435058594,25.670000076293945,30.461000061035158,0.2642435653641333
2022-03-18,82.44073486328125,137.71929931640625,23.8700008392334,30.249000072479248,0.2998913761596552
2022-03-21,80.51924133300781,140.19725036621094,23.530000686645508,30.038000106811523,0.08999789342289458
2022-03-22,81.91905212402344,139.72891235351562,22.940000534057617,29.744500160217285,0.2087738436651635
2022-03-23,80.31928253173828,141.2361602783203,23.56999969482422,29.37200012207031,0.048214326751478166
2022-03-24,80.1019287109375,141.61080932617188,21.670000076293945,28.9395001411438,0.022062881235796052
2022-03-25,80.31928253173828,144.17396545410156,20.809999465942383,28.600500106811523,-0.026792012073605317
2022-03-28,79.35419464111328,141.6533966064453,19.6299991607666,28.07450008392334,-0.03608351412528819
2022-03-29,79.84980010986328,139.9248046875,18.899999618530273,27.353500080108642,0.045869211185003235
2022-03-30,78.48475646972656,140.9125518798828,19.329999923706055,26.78300008773804,-0.08351493536263149
2022-03-31,75.98944091796875,138.65597534179688,20.559999465942383,26.28700008392334,-0.2163171748480358
2022-04-01,75.63298034667969,139.8396453857422,19.6299991607666,25.669500064849853,-0.27373921761243625
2022-04-04,75.88512420654297,139.96739196777344,18.56999969482422,24.77550001144409,-0.257759841728727
2022-04-05,74.14622497558594,139.1072998046875,21.030000686645508,24.070499992370607,-0.3684946924805268
2022-04-06,72.27692413330078,140.34202575683594,22.100000381469727,23.55299997329712,-0.5426640839170059
2022-04-07,72.27692413330078,142.2920379638672,21.549999237060547,23.11899995803833,-0.5924506652462933
2022-04-08,73.08550262451172,144.701904296875,21.15999984741211,22.639499950408936,-0.5922758972725243
2022-04-11,73.05073547363281,140.98068237304688,24.3700008392334,22.26949996948242,-0.4999208739408845
2022-04-12,72.97246551513672,143.91845703125,24.260000228881836,21.99099998474121,-0.5808991612528825
2022-04-13,73.1463623046875,146.18359375,21.81999969482422,21.748499965667726,-0.6254613724462872
2022-04-14,73.69412231445312,146.11546325683594,22.700000762939453,21.6,-0.5819227079760213
2022-04-18,75.18955993652344,148.07400512695312,22.170000076293945,21.51499996185303,-0.5178112292802727
2022-04-19,77.30229949951172,146.31982421875,21.3700008392334,21.40699996948242,-0.3118027707324247
2022-04-20,78.78036499023438,146.91587829589844,20.31999969482422,21.27599992752075,-0.21423069908825926
2022-04-21,77.30229949951172,140.1461639404297,22.68000030517578,21.23149995803833,-0.15418045511937176
2022-04-22,73.67671966552734,137.05506896972656,28.209999084472656,21.558499908447267,-0.35192595734986404
2022-04-25,73.94625854492188,134.10877990722656,27.020000457763672,21.86899995803833,-0.2561346830938436
2022-04-26,71.61614990234375,133.29127502441406,33.52000045776367,22.563500022888185,-0.41307163830655164
2022-04-27,71.47705841064453,133.04434204101562,31.600000381469727,23.198500061035155,-0.4173810662554137
2022-04-28,73.1343994140625,137.77037048339844,29.989999771118164,23.73150005340576,-0.4115727128975608
2022-04-29,70.6702651977539,133.41049194335938,33.400001525878906,24.37350015640259,-0.48829523822723814
2022-05-02,71.87165069580078,136.0332489013672,32.34000015258789,25.00900020599365,-0.463581033024226
2022-05-03,73.44131469726562,138.36648559570312,29.25,25.54300022125244,-0.4033718805303614
2022-05-04,76.48420715332031,142.7093048095703,25.420000076293945,25.762500190734862,-0.2820491561786463
2022-05-05,74.48483276367188,141.5767822265625,31.200000762939453,26.21750020980835,-0.405705154716234
2022-05-06,73.86222076416016,145.3490753173828,30.190000534057617,26.6495002746582,-0.5495282562398218
2022-05-09,71.16134643554688,135.6074676513672,34.75,27.3290002822876,-0.506913071087916
2022-05-10,70.38090515136719,136.91033935546875,32.9900016784668,27.76000032424927,-0.5997321832503854
2022-05-11,69.17951965332031,138.93699645996094,32.560001373291016,28.175000381469726,-0.743152533225998
2022-05-12,68.91645050048828,140.25686645507812,31.770000457763672,28.6725004196167,-0.7969253181585649
2022-05-13,70.62643432617188,142.94772338867188,28.8700008392334,28.981000423431396,-0.7351390073471077
2022-05-16,70.0652084350586,147.32461547851562,27.469999313354492,29.246000385284425,-0.8897140476010912
2022-05-17,72.72225189208984,148.19320678710938,26.100000381469727,29.48250036239624,-0.7091332266252033
2022-05-18,70.75798034667969,144.2868194580078,30.959999084472656,30.01450033187866,-0.7592898440350433
2022-05-19,70.1178207397461,143.25657653808594,29.350000381469727,30.34800033569336,-0.7818364260269522
2022-05-20,69.6004409790039,144.08079528808594,29.43000030517578,30.409000396728516,-0.8423608013236217
2022-05-23,72.17855834960938,147.42910766601562,28.479999542236328,30.48200035095215,-0.7311135776222628
2022-05-24,71.87165069580078,148.21896362304688,29.450000762939453,30.278500366210938,-0.774699637748262
2022-05-25,72.10840606689453,150.59715270996094,28.3700008392334,30.117000389099122,-0.8173515405913377
2022-05-26,74.5374526977539,151.61019897460938,27.5,29.992500400543214,-0.6578571435614199
2022-05-27,75.80897521972656,153.0611572265625,25.719999313354492,29.608500289916993,-0.5978731441356098
2022-05-31,75.53713989257812,149.9532012939453,26.190000534057617,29.301000308990478,-0.5392661849456054
2022-06-01,74.5374526977539,151.37840270996094,25.690000534057617,29.12300033569336,-0.6519390556950296
2022-06-02,74.71283721923828,151.1036834716797,24.719999313354492,29.088000297546387,-0.6315416090233761
2022-06-03,73.7657699584961,152.47732543945312,24.790000915527344,28.76750030517578,-0.7388827022138372
2022-06-06,74.4234619140625,151.8162841796875,25.06999969482422,28.51150026321411,-0.6718173512357903
2022-06-07,74.82685089111328,154.70956420898438,24.020000457763672,27.975000286102294,-0.7149045595706488
2022-06-08,72.95901489257812,155.5080108642578,23.959999084472656,27.523500156402587,-0.8778233396554691
2022-06-09,71.17011260986328,152.40866088867188,26.09000015258789,27.200000095367432,-0.9352024570341789
2022-06-10,67.87291717529297,150.5885467529297,27.75,26.999000072479248,-1.1403391135859755
2022-06-13,65.92619323730469,143.6601104736328,34.02000045776367,27.256500053405762,-1.1119994828899478
2022-06-14,65.73326110839844,143.84898376464844,32.689998626708984,27.517500019073488,-1.131544206662368
2022-06-15,66.66278839111328,141.02435302734375,29.6200008392334,27.69350004196167,-0.9884957731569254
2022-06-16,64.84758758544922,133.4863739013672,32.95000076293945,27.79300012588501,-0.9345572064715412
2022-06-17,63.926822662353516,127.39073181152344,31.1299991607666,27.882000064849855,-0.8491897551222246
2022-06-21,65.44389343261719,132.72227478027344,30.190000534057617,27.920000076293945,-0.8695449743682846
2022-06-22,65.24220275878906,126.95284271240234,28.950000762939453,27.943500137329103,-0.7376340581430164
2022-06-23,64.86512756347656,122.2823715209961,29.049999237060547,27.923500061035156,-0.6471646483170517
2022-06-24,68.24124145507812,124.29132843017578,27.229999542236328,27.866499996185304,-0.4408272018633506
2022-06-27,67.90800476074219,126.69527435302734,26.950000762939453,27.839000034332276,-0.5276324226676372
2022-06-28,68.53939056396484,128.7300567626953,28.360000610351562,27.971000099182127,-0.531402683670859
2022-06-29,68.56568145751953,126.188720703125,28.15999984741211,28.069500064849855,-0.46451252418248706
2022-06-30,66.69786071777344,124.29994201660156,28.709999084472656,28.220499992370605,-0.5588214601249657
2022-07-01,67.30294036865234,125.78520965576172,26.700000762939453,28.319500064849855,-0.5505692332480251
2022-07-05,66.74171447753906,122.47981262207031,27.540000915527344,28.457000064849854,-0.5090045207020639
2022-07-06,66.16295623779297,120.86579132080078,26.729999542236328,28.54000005722046,-0.511960914613586
2022-07-07,67.5134048461914,123.21818542480469,26.079999923706055,28.643000030517577,-0.4689690565146382
2022-07-08,67.285400390625,122.57426452636719,24.639999389648438,28.677000045776367,-0.4699277073262114
2022-07-11,66.4874267578125,121.49250793457031,26.170000076293945,28.68100004196167,-0.503201753784391
2022-07-12,66.59264373779297,119.26888275146484,27.290000915527344,28.65800008773804,-0.43840040790721074
2022-07-13,65.75082397460938,118.4704360961914,26.81999969482422,28.298000049591064,-0.4822536280225503
2022-07-14,65.49649810791016,116.7104263305664,26.399999618530273,27.98350009918213,-0.45672551392475896
2022-07-15,68.44291687011719,118.17851257324219,24.229999542236328,27.714000034332276,-0.26936861610324997
2022-07-18,69.15322875976562,119.83553314208984,25.299999237060547,27.33149995803833,-0.2574712844364265
2022-07-19,71.59980010986328,124.15399169921875,24.5,27.0,-0.18103145856544617
2022-07-20,71.74010467529297,125.79383850097656,23.8799991607666,26.68449993133545,-0.2121925299762994
2022-07-21,72.80116271972656,124.83223724365234,23.110000610351562,26.392499923706055,-0.10667286168493464
2022-07-22,72.28378295898438,123.79340362548828,23.030000686645508,26.091499996185302,-0.11963086385128731
2022-07-25,72.3890151977539,127.47655487060547,23.360000610351562,25.898000049591065,-0.20563674544000546
2022-07-26,70.84564971923828,126.48065185546875,24.690000534057617,25.785000038146972,-0.29798310371896447
2022-07-27,72.35395050048828,128.14620971679688,23.239999771118164,25.528999996185302,-0.22540974815633671
2022-07-28,73.42949676513672,129.11636352539062,22.329999923706055,25.2375,-0.1681049441556856
2022-07-29,74.62455749511719,140.6122589111328,21.329999923706055,24.86850004196167,-0.37041720467918254
2022-08-01,74.43864440917969,137.8048095703125,22.84000015258789,24.675500011444093,-0.31292593743263963
2022-08-02,73.94292449951172,136.6286163330078,23.93000030517578,24.494999980926515,-0.32072410482531294
2022-08-03,75.28848266601562,133.38333129882812,21.950000762939453,24.25600004196167,-0.13518873402745998
2022-08-04,75.56289672851562,129.76026916503906,21.440000534057617,24.024000072479247,-0.02174646008386567
2022-08-05,76.24449920654297,131.9066619873047,21.149999618530273,23.84950008392334,-0.02453429292385074
2022-08-08,76.15599822998047,131.7091827392578,21.290000915527344,23.60550012588501,-0.026245816952532953
2022-08-09,76.44811248779297,133.42628479003906,21.770000457763672,23.329500102996825,-0.047794829555373036
2022-08-10,78.68773651123047,133.77825927734375,19.739999771118164,22.975500106811523,0.1141229577228263
2022-08-11,79.84738159179688,137.04074096679688,20.200000762939453,22.665500164031982,0.11931889885130936
2022-08-12,81.13980102539062,137.23822021484375,19.530000686645508,22.43050022125244,0.2129006268207096
2022-08-15,81.45848846435547,134.6282196044922,19.950000762939453,22.163000297546386,0.3038564726188471
2022-08-16,81.28144073486328,134.28480529785156,19.690000534057617,21.922500324249267,0.2991139350307312
2022-08-17,80.86540985107422,135.39230346679688,19.899999618530273,21.723500347137453,0.23909089813132822
2022-08-18,81.2017822265625,137.76612854003906,19.559999465942383,21.546000289916993,0.20415212104753636
2022-08-19,79.67918395996094,136.61386108398438,20.600000381469727,21.424500274658204,0.11738270094443934
2022-08-22,78.30709838867188,135.929443359375,23.799999237060547,21.44650020599365,0.03015393476544339
2022-08-23,78.16545867919922,140.3391571044922,24.110000610351562,21.41750020980835,-0.09324075096865658
2022-08-24,78.43101501464844,141.3787384033203,22.81999969482422,21.396500205993654,-0.09951831357285731
2022-08-25,79.59066772460938,142.61761474609375,21.780000686645508,21.369000244140626,-0.042656271538510857
2022-08-26,76.84646606445312,141.5693817138672,25.559999465942383,21.580500221252443,-0.22530156774308077
2022-08-29,75.55403137207031,142.62631225585938,26.209999084472656,21.74900016784668,-0.35091132373067563
2022-08-30,74.7396240234375,139.15225219726562,26.209999084472656,21.863000106811523,-0.32436051054261206
2022-08-31,75.43895721435547,136.9344482421875,25.8700008392334,22.059000110626222,-0.21437118228642424
2022-09-01,76.27992248535156,134.751220703125,25.559999465942383,22.26500005722046,-0.0944567907147287
2022-09-02,76.48353576660156,136.75247192382812,25.469999313354492,22.48100004196167,-0.13001398493395042
2022-09-06,75.3592758178711,136.12005615234375,26.90999984741211,22.761999988555907,-0.19965902904078892
2022-09-07,76.8907241821289,134.37867736816406,24.639999389648438,22.905499935150146,-0.03833536548596632
2022-09-08,78.28938293457031,135.10643005371094,23.610000610351562,23.098999977111816,0.04981477908746674
2022-09-09,79.19230651855469,138.5891571044922,22.790000915527344,23.228499984741212,0.029797299385991165
2022-09-12,79.80311584472656,140.7809600830078,23.8700008392334,23.445499992370607,0.020447903177469747
2022-09-13,77.05891418457031,138.10397338867188,27.270000457763672,23.811499977111815,-0.12061299864659682
2022-09-14,77.17400360107422,141.44808959960938,26.15999984741211,24.13499994277954,-0.1972106396948995
2022-09-15,78.13004302978516,139.15225219726562,26.270000457763672,24.45349998474121,-0.06563992715217169
2022-09-16,77.39530181884766,135.5395965576172,26.299999237060547,24.79049997329712,-0.029471302791398552
2022-09-19,78.53723907470703,135.929443359375,25.760000228881836,25.048499965667723,0.04771581500544175
2022-09-20,77.18286895751953,135.39231872558594,27.15999984741211,25.216499996185302,-0.04192169865697352
2022-09-21,76.44811248779297,134.29205322265625,27.989999771118164,25.41049995422363,-0.06989912732715364
2022-09-22,75.04061126708984,134.1881103515625,27.350000381469727,25.636999988555907,-0.17465078526470043
2022-09-23,72.15476989746094,125.42068481445312,29.920000076293945,26.04399995803833,-0.17102256344876177
2022-09-26,70.60563659667969,122.11991882324219,32.2599983215332,26.37899990081787,-0.2049626348750391
2022-09-27,70.3577651977539,122.1718978881836,32.599998474121094,26.698499870300292,-0.22520463319066258
2022-09-28,72.11936950683594,126.29570007324219,30.18000030517578,26.89699993133545,-0.19606432571410093
2022-09-29,70.69415283203125,125.42068481445312,31.84000015258789,27.195499897003174,-0.2824812647392218
2022-09-30,69.94171142578125,124.46768951416016,31.6200008392334,27.498499965667726,-0.31556823641272286
2022-10-03,71.15446472167969,131.45045471191406,30.100000381469727,27.730000019073486,-0.4013037652996554
2022-10-04,74.3324203491211,136.5618896484375,29.06999969482422,27.83800001144409,-0.2892983127011308
2022-10-05,73.57112884521484,137.3415985107422,28.549999237060547,28.033500003814698,-0.3672990276497723
2022-10-06,71.97772216796875,139.84532165527344,30.520000457763672,28.378999996185303,-0.5528144225113865
2022-10-07,69.87088775634766,138.64111328125,31.360000610351562,28.807499980926515,-0.6828403826495522
2022-10-10,69.41057586669922,136.1373748779297,32.45000076293945,29.236499977111816,-0.6540424743043242
2022-10-11,68.16239166259766,136.16339111328125,33.630001068115234,29.554500007629393,-0.7499547989330667
2022-10-12,67.80829620361328,136.570556640625,33.56999969482422,29.925,-0.7873710983650245
2022-10-13,70.21613311767578,143.18943786621094,31.940000534057617,30.2085000038147,-0.7726201292462397
2022-10-14,66.65751647949219,138.7364044189453,32.02000045776367,30.494500064849852,-0.9304834915290029
2022-10-17,68.28631591796875,139.7500457763672,31.3700008392334,30.77500009536743,-0.8320706105681608
2022-10-18,70.32234954833984,140.97157287597656,30.5,30.942000102996825,-0.7078895818681876
2022-10-19,68.72893524169922,145.5458984375,30.760000228881836,31.08050012588501,-0.9462709795926445
2022-10-20,67.80829620361328,146.37757873535156,29.979999542236328,31.21200008392334,-1.0377583017664633
2022-10-21,70.1275863647461,150.0421905517578,29.690000534057617,31.200500106811525,-0.9543375814420856
2022-10-24,70.31349182128906,149.99021911621094,29.850000381469727,31.08000020980835,-0.9388243571071638
2022-10-25,71.26954650878906,151.54965209960938,28.459999084472656,30.87300024032593,-0.9056830089260951
2022-10-26,71.62364196777344,153.4209442138672,27.280000686645508,30.728000259399415,-0.9264389692727737
2022-10-27,71.42888641357422,154.12271118164062,27.389999389648438,30.50550022125244,-0.9592177414491068
2022-10-28,73.48912811279297,155.9246826171875,25.75,30.212000179290772,-0.8480089796991336
2022-10-31,73.44441223144531,156.72171020507812,25.8799991607666,30.001000118255615,-0.871770464759644
2022-11-01,74.82982635498047,157.86529541015625,25.809999465942383,29.838000106811524,-0.7952478037162747
2022-11-02,75.41082000732422,154.64248657226562,25.860000610351562,29.703500175476073,-0.6686296835753303
2022-11-03,74.7404556274414,156.92098999023438,25.299999237060547,29.442500114440918,-0.7779581649378962
2022-11-04,75.83983612060547,158.90489196777344,24.549999237060547,29.102000045776368,-0.7447170176865903
2022-11-07,76.48338317871094,160.80221557617188,24.350000381469727,28.69700002670288,-0.7440497431124562
2022-11-08,76.22418212890625,160.56826782226562,25.540000915527344,28.292500019073486,-0.7578561816319607
2022-11-09,74.58848571777344,154.148681640625,26.09000015258789,27.91850004196167,-0.7187739162642413
2022-11-10,79.37039947509766,157.06829833984375,23.530000686645508,27.498000049591063,-0.42841126987631417
2022-11-11,81.14012908935547,161.53858947753906,22.520000457763672,27.023000049591065,-0.40749728094578974
2022-11-14,80.27313232421875,161.6165771484375,23.729999542236328,26.64099998474121,-0.47564835425094043
2022-11-15,80.8898696899414,162.9160919189453,24.540000915527344,26.34300003051758,-0.46176400046240634
2022-11-16,80.28208923339844,160.2650909423828,24.110000610351562,26.010500049591066,-0.4404594961509483
2022-11-17,79.50444793701172,160.71902465820312,23.93000030517578,25.708000087738036,-0.5113903505140519
2022-11-18,79.72792053222656,159.7587127685547,23.1200008392334,25.379500102996825,-0.4698191812649606
2022-11-21,79.62066650390625,158.2308807373047,22.360000610351562,25.005000114440918,-0.43899594189061864
2022-11-22,80.14800262451172,162.29052734375,21.290000915527344,24.646500205993654,-0.5024038228085111
2022-11-23,80.3803939819336,160.8500518798828,20.350000381469727,24.300000190734863,-0.447892810795831
2022-11-25,81.2563247680664,160.37857055664062,20.5,23.955500221252443,-0.3690135365455871
2022-11-28,80.3446273803711,155.7165069580078,22.209999084472656,23.778500175476076,-0.31955544274902853
2022-11-29,81.40828704833984,158.0475311279297,21.889999389648438,23.579000186920165,-0.29790265013467576
2022-11-30,83.18695831298828,160.0380859375,20.579999923706055,23.31750020980835,-0.21299513937481748
2022-12-01,83.1243896484375,159.3221893310547,19.84000015258789,23.016500186920165,-0.1994918547072065
2022-12-02,82.3199691772461,158.0475311279297,19.059999465942383,22.704500198364258,-0.2283328029223819
2022-12-05,80.27313232421875,154.14500427246094,20.75,22.514500236511232,-0.2848884865402535
2022-12-06,78.21737670898438,150.1726531982422,22.170000076293945,22.405500221252442,-0.34034204339659013
2022-12-07,78.01177978515625,150.61788940429688,22.68000030517578,22.262500190734862,-0.36739851845550825
2022-12-08,79.27206420898438,151.5084228515625,22.290000915527344,22.072500228881836,-0.2939636494468384
2022-12-09,79.96924591064453,146.6717529296875,22.829999923706055,22.037500190734864,-0.11727513206506968
2022-12-12,81.44403839111328,148.1995849609375,25.0,22.16150016784668,-0.043742436233088176
2022-12-13,82.86518096923828,151.49969482421875,22.549999237060547,22.10250015258789,-0.019552498488469728
2022-12-14,80.8898696899414,150.4520263671875,21.139999389648438,21.932500076293945,-0.14353870369316643
2022-12-15,78.4676284790039,149.32579040527344,22.829999923706055,21.86850004196167,-0.29962388998817885
2022-12-16,77.63639068603516,147.3003387451172,22.6200008392334,21.803000068664552,-0.311342426565792
2022-12-19,76.46551513671875,148.31307983398438,22.420000076293945,21.768000030517577,-0.4265478669838858
2022-12-20,76.1169204711914,150.7488555908203,21.479999542236328,21.723999977111816,-0.5153377050629184
2022-12-21,77.64533233642578,152.5211639404297,20.06999969482422,21.66299991607666,-0.4439551778589618
2022-12-22,77.19843292236328,150.2337646484375,21.969999313354492,21.743999862670897,-0.41965721735257067
2022-12-23,76.9660415649414,154.8783721923828,20.8700008392334,21.76249990463257,-0.5559742723322592
2022-12-27,76.02752685546875,156.82528686523438,21.649999618530273,21.73449993133545,-0.6772991925183077
2022-12-28,75.49124145507812,154.51170349121094,22.139999389648438,21.74699993133545,-0.6591536994238497
2022-12-29,76.18843078613281,155.6815948486328,21.440000534057617,21.789999961853027,-0.6358206406784371
2022-12-30,75.99178314208984,156.70306396484375,21.670000076293945,21.88149995803833,-0.6769062468881414
2023-01-03,76.6174545288086,151.90126037597656,22.899999618530273,22.073499965667725,-0.5065648203221886
2023-01-04,77.44869995117188,150.28616333007812,22.010000228881836,22.136499977111818,-0.40189732226168434
2023-01-05,76.79620361328125,152.99261474609375,22.459999084472656,22.15099992752075,-0.5207884256362239
2023-01-06,78.2620620727539,154.14500427246094,21.1299991607666,22.073499870300292,-0.43835189850320294
2023-01-09,78.33355712890625,152.94020080566406,21.969999313354492,22.05749979019165,-0.40213581533906206
2023-01-10,79.4776382446289,153.69102478027344,20.579999923706055,21.944999790191652,-0.3340013609785644
2023-01-11,79.93347930908203,152.95767211914062,21.09000015258789,21.749499797821045,-0.2804929023222842
2023-01-12,80.91667938232422,154.5989990234375,18.829999923706055,21.56349983215332,-0.2473709762158825
2023-01-13,81.92668151855469,155.01806640625,18.350000381469727,21.423999881744386,-0.1809977811838725
2023-01-17,86.77112579345703,157.5760955810547,19.360000610351562,21.25049991607666,0.12336836982328851
2023-01-18,86.3242416381836,154.72996520996094,20.34000015258789,21.136499881744385,0.16193269275611197
2023-01-19,84.15226745605469,156.27523803710938,20.520000457763672,21.041499900817872,-0.043262199521966194
2023-01-20,86.02033233642578,157.93402099609375,19.850000381469727,20.95999994277954,0.05693748422324446
2023-01-23,86.81583404541016,157.7245330810547,19.809999465942383,20.946999931335448,0.12299020611245894
2023-01-24,85.36785888671875,157.8729248046875,19.200000762939453,20.808500003814697,0.008707548711461923
2023-01-25,85.48404693603516,156.34510803222656,19.079999923706055,20.71899995803833,0.056581112466763867
2023-01-26,86.25273132324219,163.94931030273438,18.729999542236328,20.572999954223633,-0.07890718589529078
2023-01-27,86.57450103759766,156.6681365966797,18.510000228881836,20.391499996185303,0.1315455500506806
2023-01-30,86.46187591552734,152.08462524414062,19.940000534057617,20.316499996185303,0.2399747580718017
2023-01-31,87.69628143310547,151.92747497558594,19.399999618530273,20.202999973297118,0.3381836785653355
2023-02-01,88.47116088867188,149.6051788330078,17.8700008392334,19.951500034332277,0.4566057251899937
2023-02-02,89.39019012451172,147.55349731445312,18.729999542236328,19.7875,0.5791185684254314
2023-02-03,89.58840942382812,147.9376678466797,18.329999923706055,19.58100004196167,0.5844361298737398
2023-02-06,89.11087799072266,148.10353088378906,19.43000030517578,19.49600009918213,0.5437613099728111
2023-02-07,89.39920043945312,151.98861694335938,18.65999984741211,19.33050012588501,0.46657123595851574
2023-02-08,89.1649398803711,148.41783142089844,19.6299991607666,19.28300008773804,0.5398621971144417
2023-02-09,88.34500885009766,147.05589294433594,20.709999084472656,19.264000034332277,0.5120660379652342
2023-02-10,88.69640350341797,150.1377410888672,20.530000686645508,19.34900007247925,0.4601967661071584
2023-02-13,89.58840942382812,149.29959106445312,20.34000015258789,19.448500061035155,0.5496642957275569
2023-02-14,90.60655975341797,150.44332885742188,18.90999984741211,19.426000022888182,0.5981574090379616
2023-02-15,90.84984588623047,148.85789489746094,18.229999542236328,19.320499992370607,0.6572007902947301
2023-02-16,89.71456146240234,146.70884704589844,20.170000076293945,19.30299997329712,0.6254362470829603
2023-02-17,89.6604995727539,143.43243408203125,20.020000457763672,19.311499977111815,0.7049622974084488
2023-02-21,87.95758056640625,141.802978515625,22.8700008392334,19.46450004577637,0.6166160137296686
2023-02-22,87.64220428466797,141.2305450439453,22.290000915527344,19.619000053405763,0.6071649023603627
2023-02-23,88.24588775634766,142.6221160888672,21.139999389648438,19.72200002670288,0.6177027948781311
2023-02-24,88.02963256835938,143.0448760986328,21.670000076293945,19.869000053405763,0.5904068440983254
2023-02-27,87.12862396240234,143.406005859375,20.950000762939453,19.99100008010864,0.5124313304905119
2023-02-28,86.94843292236328,141.60044860839844,20.700000762939453,20.029000091552735,0.5447795151101575
2023-03-01,86.66911315917969,142.72781372070312,20.579999923706055,20.088000106811524,0.4946815801635013
2023-03-02,86.56999969482422,143.17701721191406,19.59000015258789,20.17400007247925,0.4756494955186838
2023-03-03,88.59729766845703,145.29086303710938,18.489999771118164,20.16200008392334,0.57638174769408
2023-03-06,88.64234161376953,146.35655212402344,18.610000610351562,20.176000118255615,0.5526104646920145
2023-03-07,86.5519790649414,144.4717254638672,19.59000015258789,20.184000110626222,0.4412186128287125
2023-03-08,86.4078140258789,143.5557403564453,19.110000610351562,20.206500148773195,0.4536038769178637
2023-03-09,83.07404327392578,141.3714141845703,22.610000610351562,20.35550022125244,0.2549750331994032
2023-03-10,81.1368637084961,140.63157653808594,24.799999237060547,20.560000228881837,0.12603927549521843
2023-03-13,79.28075408935547,139.7860870361328,26.520000457763672,20.859500217437745,0.005987352543388103
2023-03-14,81.06476593017578,141.59161376953125,23.729999542236328,21.029000186920165,0.09602642864994482
2023-03-15,76.93809509277344,135.46148681640625,26.139999389648438,21.390500164031984,-0.06236618647739971
2023-03-16,78.39775085449219,135.89306640625,22.989999771118164,21.628500175476074,0.03800031845722639
2023-03-17,75.84786987304688,134.1756134033203,25.510000228881836,21.89550018310547,-0.11273036168872942
2023-03-20,77.16334533691406,136.1485137939453,24.149999618530273,22.102000141143797,-0.06271826710347102
2023-03-21,79.97454071044922,140.3144989013672,21.3799991607666,22.027500057220458,0.04543863534663174
2023-03-22,78.8843002319336,137.46084594726562,22.260000228881836,22.026000022888184,0.03510093421230796
2023-03-23,77.34355926513672,136.09567260742188,22.610000610351562,22.09950008392334,-0.047617153471000734
2023-03-24,75.640625,137.45204162597656,21.739999771118164,22.10300006866455,-0.21219694408307702
2023-03-27,76.26232147216797,138.8524627685547,20.600000381469727,22.085500049591065,-0.20051044723317335
2023-03-28,76.47856903076172,140.4730682373047,19.969999313354492,22.048999977111816,-0.22538510159114256
2023-03-29,77.7039566040039,141.6796875,19.1200008392334,21.976000022888183,-0.16268330748788745
2023-03-30,77.58684539794922,143.02725219726562,19.020000457763672,21.947500038146973,-0.2060252252108022
2023-03-31,79.10956573486328,143.70545959472656,18.700000762939453,21.958000087738036,-0.1071430633814452
2023-04-03,78.53289794921875,149.68585205078125,18.549999237060547,21.955000019073488,-0.30383610604057115
2023-04-04,76.42451477050781,148.8843536376953,19.0,21.925500011444093,-0.44426200883733635
2023-04-05,75.52349853515625,149.6241912841797,19.079999923706055,21.923999977111816,-0.5319070548567157
2023-04-06,75.85686492919922,147.66009521484375,18.399999618530273,21.71349992752075,-0.45632192825279766
2023-04-10,75.68567657470703,148.22378540039062,18.969999313354492,21.42199993133545,-0.48377700697792053
2023-04-11,76.66778564453125,149.04290771484375,19.100000381469727,21.050999927520753,-0.42974628361489936
2023-04-12,77.01016998291016,149.57135009765625,19.09000015258789,20.81899995803833,-0.4171110507121513
2023-04-13,77.20840454101562,151.5706787109375,17.799999237060547,20.401999950408936,-0.45302960476176607
2023-04-14,78.12744903564453,151.87893676757812,17.06999969482422,20.10599994659424,-0.3907682064139231
2023-04-17,80.45207977294922,150.5402069091797,16.950000762939453,19.67799997329712,-0.1791975309177114
2023-04-18,80.95664978027344,150.1878662109375,16.829999923706055,19.311999988555907,-0.13169837613800406
2023-04-19,81.49726867675781,150.3288116455078,16.459999084472656,19.06599998474121,-0.09404265059114696
2023-04-20,81.4792251586914,149.5977783203125,17.170000076293945,18.811499977111815,-0.07675522015297562
2023-04-21,82.10094451904297,148.95480346679688,16.770000457763672,18.51949996948242,-0.012896174620299272
2023-04-24,81.2719955444336,151.03338623046875,16.889999389648438,18.276999950408936,-0.12922188098734366
2023-04-25,79.34381103515625,148.84033203125,18.760000228881836,18.18499994277954,-0.22036854937923755
2023-04-26,79.68620300292969,146.18919372558594,18.84000015258789,18.12849998474121,-0.12655352321449526
2023-04-27,81.32606506347656,147.04354858398438,17.030000686645508,18.023999977111817,-0.023229650477399815
2023-04-28,81.766845703125,148.4792022705078,15.779999732971191,17.86199994087219,-0.02624825544725782
2023-05-01,79.91284942626953,147.29896545410156,16.079999923706055,17.73099989891052,-0.13759233628376194
2023-05-02,78.42237854003906,140.95748901367188,17.780000686645508,17.692499971389772,-0.08942226187860855
2023-05-03,77.02278137207031,138.13021850585938,18.34000015258789,17.659499979019166,-0.12404034427153367
2023-05-04,75.07789611816406,137.59295654296875,20.09000015258789,17.709999990463256,-0.2587361627853067
2023-05-05,77.14091491699219,141.10719299316406,17.190000534057617,17.649500036239623,-0.1910320402661793
2023-05-08,76.73196411132812,140.5523223876953,16.979999542236328,17.550000047683717,-0.20807216524544508
2023-05-09,76.67742919921875,140.1471710205078,17.709999084472656,17.480499982833862,-0.20188959768031478
2023-05-10,76.08668518066406,138.35923767089844,16.940000534057617,17.37300000190735,-0.20132039666499263
2023-05-11,75.09607696533203,137.59295654296875,16.93000030517578,17.32950005531311,-0.25734879462313476
2023-05-12,74.87796783447266,137.9452667236328,17.030000686645508,17.327500104904175,-0.2829875343308845
2023-05-15,75.38690185546875,138.45608520507812,17.1200008392334,17.33600010871887,-0.25719304445519575
2023-05-16,74.39627838134766,135.20608520507812,17.989999771118164,17.39400010108948,-0.2498097362676193
2023-05-17,76.2593765258789,137.14378356933594,16.8700008392334,17.414500188827514,-0.15711016723003976
2023-05-18,76.7864761352539,136.97476196289062,16.049999237060547,17.358500146865843,-0.11257219053094314
2023-05-19,74.74163055419922,138.05984497070312,16.809999465942383,17.36050009727478,-0.29631668545029544
2023-05-22,74.76890563964844,135.5784454345703,17.209999084472656,17.37650008201599,-0.2308816875172001
2023-05-23,75.10515594482422,139.5006561279297,18.530000686645508,17.365000104904176,-0.3053622638224089
2023-05-24,73.81462860107422,139.8741912841797,20.030000686645508,17.424500131607054,-0.41337841647166723
2023-05-25,75.4323501586914,137.46392822265625,19.139999389648438,17.530000066757204,-0.2283937381835067
2023-05-26,76.25028228759766,137.03701782226562,17.950000762939453,17.638500118255614,-0.15507826124154153
2023-05-30,75.81403350830078,136.18321228027344,17.459999084472656,17.707500076293947,-0.16656924262364092
2023-05-31,74.30540466308594,133.95974731445312,17.940000534057617,17.71550006866455,-0.22492347172929839
2023-06-01,74.5871353149414,135.3293914794922,15.649999618530273,17.58100004196167,-0.2383937569543337
2023-06-02,76.65924835205078,138.9759063720703,14.600000381469727,17.306500053405763,-0.1733729157717794
2023-06-05,76.10487365722656,138.30886840820312,14.729999542236328,17.183500003814697,-0.1986464474907004
2023-06-06,78.03157043457031,138.55787658691406,13.960000038146973,17.03250002861023,-0.05797905080404456
2023-06-07,78.61322021484375,142.15103149414062,13.9399995803833,16.84400005340576,-0.10533209739496334
2023-06-08,78.4405517578125,141.62631225585938,13.649999618530273,16.679500007629393,-0.10511148324100866
2023-06-09,78.34967041015625,141.288330078125,13.829999923706055,16.52449998855591,-0.10341741242228293
2023-06-12,79.46752166748047,139.9275665283203,15.010000228881836,16.423499965667723,0.01662728784218885
2023-06-13,80.2309341430664,140.97702026367188,14.609999656677246,16.297999906539918,0.04808873355232212
2023-06-14,79.95829772949219,139.714111328125,13.880000114440918,16.092499923706054,0.05952789194597444
2023-06-15,80.93074798583984,140.77247619628906,14.5,15.973999881744385,0.10671335557685013
2023-06-16,80.05823516845703,139.8653106689453,13.539999961853027,15.84849991798401,0.06329371645747904
2023-06-20,78.82227325439453,136.68130493164062,13.880000114440918,15.701999950408936,0.05027048681292304
2023-06-21,78.46781921386719,137.74855041503906,13.199999809265137,15.50149998664856,-0.004025954551482376
2023-06-22,76.79557800292969,135.75633239746094,12.90999984741211,15.220499944686889,-0.0807693957671263
2023-06-23,75.95946502685547,134.60902404785156,13.4399995803833,14.890999889373779,-0.11528020025512535
2023-06-26,75.96854400634766,136.97476196289062,14.25,14.646499919891358,-0.17498803859226403
2023-06-27,76.73196411132812,136.5478515625,13.739999771118164,14.435999870300293,-0.10583233736104988
2023-06-28,76.33208465576172,137.78411865234375,13.430000305175781,14.23449993133545,-0.16791052313308588
2023-06-29,77.4681167602539,138.95811462402344,13.539999961853027,14.01449990272522,-0.11119446551475022
2023-06-30,77.61351776123047,139.94537353515625,13.59000015258789,13.9114999294281,-0.125305135627308
2023-07-03,78.53143310546875,139.82083129882812,13.569999694824219,13.859999895095825,-0.052079895778956636
2023-07-05,78.08610534667969,139.0203857421875,14.180000305175781,13.832499933242797,-0.06562604416667127
2023-07-06,75.73224639892578,135.96978759765625,15.4399995803833,13.906499910354615,-0.16736132639141305
2023-07-07,75.75952911376953,137.1615447998047,14.829999923706055,13.950999927520751,-0.19570665493062026
2023-07-10,75.79588317871094,138.07760620117188,15.069999694824219,14.021999931335449,-0.21632084949738972
2023-07-11,77.21363830566406,140.63015747070312,14.84000015258789,14.07249994277954,-0.17330317317558813
2023-07-12,77.94976806640625,141.98204040527344,13.539999961853027,13.9989999294281,-0.15164510000850212
2023-07-13,78.34967041015625,140.08763122558594,13.609999656677246,13.948999929428101,-0.07276186531423373
2023-07-14,77.9588851928711,136.5923614501953,13.34000015258789,13.92199993133545,-0.01334321933935835
2023-07-17,78.49508666992188,136.4678497314453,13.479999542236328,13.870999908447265,0.03075291407962244
2023-07-18,83.5572280883789,136.74354553222656,13.300000190734863,13.858999919891357,0.41000259974071557
2023-07-19,84.6659927368164,137.57955932617188,13.760000228881836,13.852999925613403,0.47326706126052537
2023-07-20,85.24764251708984,139.1004180908203,13.989999771118164,13.892499923706055,0.47882267855838634
2023-07-21,85.43849182128906,141.13710021972656,13.600000381469727,13.926999950408936,0.44138687246490715
2023-07-24,86.03829956054688,143.92092895507812,13.90999984741211,13.950499963760375,0.4160826941420687
2023-07-25,85.81109619140625,144.5790557861328,13.859999656677246,13.930999946594238,0.3819420458076288
2023-07-26,85.0113525390625,143.49398803710938,13.1899995803833,13.903499937057495,0.34861746890203094
2023-07-27,84.29337310791016,141.99986267089844,14.40999984741211,13.952499914169312,0.3319760864340034
2023-07-28,83.99068450927734,141.29721069335938,13.329999923706055,13.941999912261963,0.3268178269984894
2023-07-31,83.98150634765625,145.557373046875,13.630000114440918,13.943999910354615,0.21734945191530866
2023-08-01,83.41283416748047,144.34779357910156,13.930000305175781,13.961999940872193,0.20483674393943269
2023-08-02,81.92692565917969,142.0620880126953,16.09000015258789,14.057499933242799,0.14980537932691756
2023-08-03,81.7618179321289,142.00872802734375,15.920000076293945,14.08149995803833,0.1385684764581949
2023-08-04,81.4407958984375,141.68853759765625,17.100000381469727,14.194999980926514,0.12224641843892263
2023-08-07,81.706787109375,142.20440673828125,15.770000457763672,14.230000019073486,0.12937315613855435
2023-08-08,81.14727020263672,141.99093627929688,15.989999771118164,14.2875,0.0921270030826534
2023-08-09,80.3125991821289,142.17770385742188,15.960000038146973,14.408500003814698,0.023665379970747864
2023-08-10,80.38597106933594,143.04039001464844,15.850000381469727,14.520500040054321,0.007238736201274866
2023-08-11,80.44100952148438,145.99317932128906,14.84000015258789,14.595500040054322,-0.06395022167453354
2023-08-14,80.10163116455078,145.88644409179688,14.819999694824219,14.662500047683716,-0.0871228527569503
2023-08-15,79.02845764160156,141.62631225585938,16.459999084472656,14.820499992370605,-0.06024878251056629
2023-08-16,78.87255096435547,141.08375549316406,16.780000686645508,14.971500015258789,-0.058293670933854284
2023-08-17,78.68910217285156,143.44532775878906,17.889999389648438,15.166499996185303,-0.13258681843408374
2023-08-18,77.86360168457031,144.4779510498047,17.299999237060547,15.351499938964844,-0.2219445421828129
2023-08-21,77.27657318115234,143.9930877685547,17.1299991607666,15.512499904632568,-0.2543610423681222
2023-08-22,76.11170196533203,142.80776977539062,16.969999313354492,15.667999887466431,-0.31298872579502157
2023-08-23,76.48774719238281,142.99635314941406,15.979999542236328,15.807499885559082,-0.28910777001282884
2023-08-24,76.53359985351562,141.82005310058594,17.200000762939453,15.94699993133545,-0.2555761734308101
2023-08-25,76.33181762695312,142.87965393066406,15.680000305175781,16.064499950408937,-0.2980271529781199
2023-08-28,77.39580535888672,143.85838317871094,15.079999923706055,16.136999940872194,-0.24182331594786557
2023-08-29,78.4689712524414,143.6339111328125,14.449999809265137,16.16299991607666,-0.15419966161472715
2023-08-30,78.20297241210938,143.83145141601562,13.880000114440918,16.05249991416931,-0.17954133738383227
2023-08-31,78.10208129882812,144.65753173828125,13.569999694824219,15.934999895095824,-0.2083312740077077
2023-09-01,78.65241241455078,147.53094482421875,13.09000015258789,15.734499883651733,-0.23969819575087734
2023-09-05,77.8177261352539,149.47047424316406,14.010000228881836,15.646499872207642,-0.35291148256765487
2023-09-06,77.19401550292969,149.62310791015625,14.449999809265137,15.56949987411499,-0.404403373775007
2023-09-07,76.9004898071289,149.63209533691406,14.399999618530273,15.491499853134155,-0.4270315830498586
2023-09-08,77.89110565185547,150.14395141601562,13.84000015258789,15.390999841690064,-0.36450677003067006
2023-09-11,76.59782409667969,147.04605102539062,13.800000190734863,15.338999843597412,-0.3841024145561356
2023-09-12,78.4689712524414,149.7847442626953,14.229999542236328,15.309499835968017,-0.3112391677058183
2023-09-13,80.02825927734375,149.23699951171875,13.479999542236328,15.160499858856202,-0.17826625069505453
2023-09-14,81.69761657714844,150.16188049316406,12.819999694824219,14.962499809265136,-0.07449224827339046
2023-09-15,81.09223937988281,149.5063934326172,13.789999961853027,14.757499837875367,-0.10395265745805168
2023-09-18,81.36739349365234,150.15293884277344,14.0,14.59249987602234,-0.09946305560098749
2023-09-19,81.18396759033203,150.1349639892578,14.109999656677246,14.44149990081787,-0.11300123879757765
2023-09-20,79.92735290527344,149.677001953125,15.140000343322754,14.349999952316285,-0.1972002350459338
2023-09-21,77.85440826416016,148.3301239013672,17.540000915527344,14.428000020980836,-0.32099753018448385
2023-09-22,76.39602661132812,149.30885314941406,17.200000762939453,14.428000020980836,-0.4572739964828004
2023-09-25,76.15754699707031,151.49085998535156,16.899999618530273,14.48899998664856,-0.5311819484175896
2023-09-26,75.36872100830078,150.67372131347656,18.940000534057617,14.682000017166137,-0.5705140156836122
2023-09-27,74.89177703857422,153.58302307128906,18.219999313354492,14.870499992370606,-0.6811878938112039
2023-09-28,75.3870849609375,153.178955078125,17.34000015258789,15.043499994277955,-0.63307485116647
2023-09-29,74.91011047363281,151.4100341796875,17.520000457763672,15.241000032424926,-0.6243093889807402
2023-10-02,73.7544174194336,149.54232788085938,17.610000610351562,15.467000055313111,-0.6648143504280143
2023-10-03,71.56221771240234,149.89251708984375,19.780000686645508,15.755500078201294,-0.8410404566456355
2023-10-04,72.54365539550781,146.39952087402344,18.579999923706055,15.96200008392334,-0.6769664555895262
2023-10-05,72.59870147705078,147.1717529296875,18.489999771118164,16.166500091552734,-0.6924821075174278
2023-10-06,73.68102264404297,145.67221069335938,17.450000762939453,16.347000122070312,-0.5716054674575876
2023-10-09,73.2957992553711,149.7039337158203,17.700000762939453,16.542000150680543,-0.7039372191308726
2023-10-10,73.49758911132812,149.54232788085938,17.030000686645508,16.682000207901,-0.6844127450747594
2023-10-11,72.369384765625,144.65753173828125,16.09000015258789,16.81250023841858,-0.6457894727417973
2023-10-12,71.36961364746094,144.77427673339844,16.690000534057617,17.00600028038025,-0.7250619967437367
2023-10-13,71.35125732421875,147.31544494628906,19.31999969482422,17.28250026702881,-0.7913423891690009
2023-10-16,72.21346282958984,148.51864624023438,17.209999084472656,17.44300022125244,-0.756267507657658
2023-10-17,73.68102264404297,150.48512268066406,17.8799991607666,17.63150019645691,-0.6944859464733821
2023-10-18,68.68212890625,151.67938232421875,19.219999313354492,17.835500144958495,-1.1064392946939168
2023-10-19,66.88436126708984,151.8410186767578,21.399999618530273,18.028500080108643,-1.2477525341045517
2023-10-20,67.07697296142578,149.802734375,21.709999084472656,18.253999996185303,-1.18101417257772
2023-10-23,65.76532745361328,144.28041076660156,20.3700008392334,18.42750005722046,-1.1401121896606414
2023-10-24,65.63692474365234,140.6617431640625,18.969999313354492,18.428999996185304,-1.0575207900555506
2023-10-25,65.49016571044922,139.96131896972656,20.190000534057617,18.527500057220458,-1.050837048187701
2023-10-26,66.10472106933594,138.9556427001953,20.68000030517578,18.694500064849855,-0.9782644004550781
2023-10-27,64.57292938232422,129.61709594726562,21.270000457763672,18.882000064849855,-0.856728026493866
2023-10-30,65.53850555419922,131.1794891357422,19.75,18.989000034332275,-0.8229356785141742
2023-10-31,65.7520523071289,130.85626220703125,18.139999389648438,18.90699996948242,-0.7983876275138563
2023-11-01,65.87274932861328,129.2848663330078,16.8700008392334,18.82150001525879,-0.7490573507791242
2023-11-02,68.2031478881836,133.57701110839844,15.65999984741211,18.680000019073486,-0.6808107638303224
2023-11-03,70.80277252197266,132.54437255859375,14.90999984741211,18.55299997329712,-0.45607043577574385
2023-11-06,70.48709869384766,131.9966278076172,14.890000343322754,18.412499952316285,-0.46617459081473306
2023-11-07,70.10643768310547,129.6709747314453,14.8100004196167,18.301499938964845,-0.4358453490662238
2023-11-08,70.53352355957031,127.86611938476562,14.449999809265137,18.219499921798707,-0.3571741939127612
2023-11-09,68.88088989257812,127.45308685302734,15.289999961853027,18.149499893188477,-0.47274024513579704
2023-11-10,69.9393081665039,128.36000061035156,14.170000076293945,17.891999912261962,-0.4151278582020181
2023-11-13,69.67007446289062,129.3028106689453,14.760000228881836,17.76949996948242,-0.4597441801057547
2023-11-14,72.70606994628906,130.2456817626953,14.15999984741211,17.5835000038147,-0.25214225448208977
2023-11-15,73.97804260253906,130.70359802246094,14.180000305175781,17.33150005340576,-0.16677013309417874
2023-11-16,73.95947265625,128.63485717773438,14.319999694824219,16.97750005722046,-0.11536930106246675
2023-11-17,74.53508758544922,131.0756378173828,13.800000190734863,16.58200011253357,-0.1337611112444011
2023-11-20,73.99658966064453,131.00302124023438,13.40999984741211,16.234000062942506,-0.17299951965588078
2023-11-21,72.8546142578125,130.69451904296875,13.350000381469727,15.953000116348267,-0.2522663917122529
2023-11-22,72.87318420410156,130.95767211914062,12.850000381469727,15.586000108718872,-0.25756800346104625
2023-11-24,73.02173614501953,131.474853515625,12.460000038146973,15.175000095367432,-0.25943648085613596
2023-11-27,72.37181854248047,130.98489379882812,12.6899995803833,14.746000051498413,-0.29652188646157585
2023-11-28,71.3783950805664,132.02835083007812,12.6899995803833,14.393000030517578,-0.398970299634615
2023-11-29,72.92890167236328,130.57659912109375,12.979999542236328,14.135000038146973,-0.24358690621353543
2023-11-30,73.662353515625,130.2953338623047,12.920000076293945,13.9375,-0.18043659011480181
2023-12-01,75.10142517089844,131.3931884765625,12.630000114440918,13.78600001335144,-0.09865179214539893
2023-12-04,75.39854431152344,131.44760131835938,13.079999923706055,13.694500017166138,-0.07736806843043477
2023-12-05,74.43296813964844,129.6238555908203,12.850000381469727,13.592500019073487,-0.10448771487793453
2023-12-06,73.72736358642578,129.3244171142578,12.970000267028809,13.500500011444093,-0.1506868319295472
2023-12-07,74.6000747680664,129.224609375,13.0600004196167,13.43100004196167,-0.08154259802517685
2023-12-08,76.3919677734375,130.9395294189453,12.350000381469727,13.284000062942505,0.011411201896969264
2023-12-11,76.89332580566406,130.97579956054688,12.630000114440918,13.207000064849854,0.04874346632596251
2023-12-12,77.61750030517578,129.29721069335938,12.069999694824219,13.072500038146973,0.14686149099154003
2023-12-13,79.50224304199219,131.21173095703125,12.1899995803833,12.974000024795533,0.24180451406943534
2023-12-14,84.52510070800781,136.03883361816406,12.479999542236328,12.88899998664856,0.5018526014286301
2023-12-15,85.02645111083984,135.51255798339844,12.279999732971191,12.786999988555909,0.5535468763415969
2023-12-18,84.26512908935547,135.8119659423828,12.5600004196167,12.725,0.48780659687039046
2023-12-19,85.34211730957031,137.5903778076172,12.529999732971191,12.680999994277954,0.524585459337242
2023-12-20,84.6179428100586,136.3291473388672,13.670000076293945,12.696999979019164,0.5015251978663327
2023-12-21,86.00130462646484,136.74655151367188,13.649999618530273,12.736999940872192,0.5964316818676133
2023-12-22,85.79706573486328,137.0550537109375,13.029999732971191,12.765499925613403,0.5729698507836588
2023-12-26,86.1962890625,138.28904724121094,12.989999771118164,12.780499935150146,0.5719287056308209
2023-12-27,86.95761108398438,137.8353729248047,12.430000305175781,12.767499971389771,0.6416076243179584
2023-12-28,86.93902587890625,135.89366149902344,12.470000267028809,12.742000007629395,0.6897640504709247
2023-12-29,86.57694244384766,135.34014892578125,12.449999809265137,12.718499994277954,0.6762656703815901
