Date,NEE,GILD,VIX,AvgVIX,zscore
2020-01-30,57.78910446166992,50.4964485168457,15.489999771118164,13.696000051498412,-0.7565983187596782
2020-01-31,57.41873550415039,49.84187698364258,18.84000015258789,14.014500045776368,-0.7855362690171133
2020-02-03,57.12112808227539,52.33396911621094,17.969999313354492,14.211999988555908,-0.8839237540554332
2020-02-04,56.63517379760742,53.15415573120117,16.049999237060547,14.32199993133545,-0.9636922291719894
2020-02-05,57.0997428894043,51.94754409790039,15.149999618530273,14.389999914169312,-0.8769155226140177
2020-02-06,57.44655227661133,53.7929573059082,14.960000038146973,14.465499925613404,-0.8805008374335858
2020-02-07,57.70559310913086,54.3134651184082,15.470000267028809,14.611999940872192,-0.8618219746761853
2020-02-10,58.17660903930664,54.40808868408203,15.039999961853027,14.735999917984008,-0.8066520648795285
2020-02-11,58.264381408691406,53.43805694580078,15.180000305175781,14.878999948501587,-0.771783485810308
2020-02-12,57.859764099121094,52.79927062988281,13.739999771118164,14.946499919891357,-0.8052971868227423
2020-02-13,58.975154876708984,52.68097686767578,14.149999618530273,15.032999897003174,-0.6661286945907929
2020-02-14,59.62812805175781,53.280338287353516,13.680000305175781,15.100999927520752,-0.6013016109834739
2020-02-18,60.38173294067383,52.84659194946289,14.829999923706055,15.237499904632568,-0.49846515331531044
2020-02-19,58.80387878417969,53.1147346496582,14.380000114440918,15.313999891281128,-0.6978451502956834
2020-02-20,59.30913543701172,52.838687896728516,15.5600004196167,15.446499919891357,-0.6292655830943192
2020-02-21,59.42902374267578,54.9680290222168,17.079999923706055,15.651499938964843,-0.667633317699346
2020-02-24,58.64759063720703,57.491668701171875,25.030000686645508,16.174999952316284,-0.8258961986121206
2020-02-25,57.87472915649414,55.28348159790039,27.850000381469727,16.655999994277956,-0.865313741165987
2020-02-26,57.69062423706055,58.911197662353516,27.559999465942383,17.219999933242796,-0.9781103478473329
2020-02-27,55.060791015625,57.30241012573242,39.15999984741211,18.35849995613098,-1.2592433589495662
2020-02-28,54.395790100097656,54.69989776611328,40.11000061035156,19.589499998092652,-1.2756711052591165
2020-03-02,57.750885009765625,59.4632453918457,33.41999816894531,20.318499898910524,-0.9844938384673932
2020-03-03,57.06222152709961,58.524757385253906,36.81999969482422,21.26099991798401,-1.0452372768291416
2020-03-04,60.73581314086914,59.944332122802734,31.989999771118164,22.05799994468689,-0.6319187704446154
2020-03-05,59.431644439697266,60.03895568847656,39.619998931884766,23.281499910354615,-0.793553595361025
2020-03-06,58.497642517089844,63.264503479003906,41.939998626708984,24.630499839782715,-0.9879237799917312
2020-03-09,56.22935485839844,57.980594635009766,54.459999084472656,26.57999978065491,-1.1334090651117854
2020-03-10,55.03495788574219,57.05004119873047,47.29999923706055,28.192999744415282,-1.2561156741626747
2020-03-11,51.92091369628906,58.1225700378418,53.900001525878906,30.12899980545044,-1.6631369358931045
2020-03-12,44.954654693603516,54.588417053222656,75.47000122070312,33.21549987792969,-2.4259493038758233
2020-03-13,47.681331634521484,56.315696716308594,57.83000183105469,35.39949998855591,-2.135938543743165
2020-03-16,43.3362922668457,54.843116760253906,82.69000244140625,38.850000095367434,-2.629941946340949
2020-03-17,47.72437286376953,59.3165397644043,75.91000366210938,41.9040002822876,-2.2053876500540666
2020-03-18,45.331268310546875,63.21687316894531,76.44999694824219,45.007500123977664,-2.5947579571290933
2020-03-19,44.56943893432617,62.52435302734375,72.0,47.829500102996825,-2.670560557109078
2020-03-20,41.2660026550293,58.31360626220703,66.04000091552734,50.27750015258789,-2.9691856712791656
2020-03-23,39.09455490112305,57.79621505737305,61.59000015258789,52.10550012588501,-3.2215059257291725
2020-03-24,44.44676208496094,58.87080383300781,61.66999816894531,53.796500015258786,-2.594588342098011
2020-03-25,45.25164031982422,55.44807815551758,63.95000076293945,55.61600008010864,-2.4110794089214833
2020-03-26,49.73440933227539,58.79120635986328,61.0,56.708000087738036,-1.9468221341551917
2020-03-27,49.917327880859375,57.987247467041016,65.54000091552734,57.97950010299682,-1.9044676465147516
2020-03-30,52.943145751953125,60.43887710571289,57.08000183105469,59.16250028610229,-1.595955201888845
2020-03-31,51.78318786621094,59.5075798034668,53.540000915527344,59.99850034713745,-1.7144372189137889
2020-04-01,46.96468734741211,57.71663284301758,57.060001373291016,61.252000427246095,-2.258339091708371
2020-04-02,48.73369598388672,61.2746696472168,50.90999984741211,61.81650047302246,-2.130865700172452
2020-04-03,47.698543548583984,62.253726959228516,46.79999923706055,62.059500503540036,-2.281663263881688
2020-04-06,50.46826171875,61.87163543701172,45.2400016784668,61.598500633239745,-1.9338832034640339
2020-04-07,49.1727180480957,59.43593978881836,46.70000076293945,61.568500709533694,-2.031472536143404
2020-04-08,50.25089645385742,59.690650939941406,43.349998474121094,61.041000556945804,-1.906134750796218
2020-04-09,52.786048889160156,58.51258850097656,41.66999816894531,59.35100040435791,-1.5671867559928292
2020-04-13,50.83411407470703,59.921504974365234,41.16999816894531,58.51800022125244,-1.8406530052501693
2020-04-14,52.16194152832031,61.88756561279297,37.7599983215332,56.27150001525879,-1.7274292991035758
2020-04-15,51.051475524902344,59.40410232543945,40.84000015258789,54.51799983978272,-1.8012257747459046
2020-04-16,51.10743713378906,60.924442291259766,40.11000061035156,52.70100002288818,-1.832239889557243
2020-04-17,52.996944427490234,66.85447692871094,38.150001525878906,51.00850009918213,-1.7491006107465938
2020-04-20,51.135414123535156,64.68147277832031,43.83000183105469,49.898000144958495,-1.9223540341657699
2020-04-21,50.664100646972656,62.5084342956543,45.40999984741211,49.089000129699706,-1.9258182974134619
2020-04-22,53.192787170410156,64.72126007080078,41.97999954223633,48.104500198364256,-1.672075901756543
2020-04-23,51.89509201049805,61.91144943237305,41.380001068115234,46.976000213623045,-1.760614432458299
2020-04-24,51.5851936340332,63.391971588134766,35.93000030517578,45.722500228881835,-1.8353200617252374
2020-04-27,52.42451095581055,63.59892654418945,33.290000915527344,44.11000022888184,-1.737965686789316
2020-04-28,51.49909973144531,62.61986541748047,33.56999969482422,42.93450012207031,-1.826613253481215
2020-04-29,50.601688385009766,66.17791748046875,31.229999542236328,41.81900005340576,-2.0247922708007255
2020-04-30,49.73870086669922,66.86245727539062,34.150001525878906,40.673500061035156,-2.147231202083754
2020-05-01,48.86281967163086,63.63873291015625,37.189998626708984,39.9875,-2.173948900402124
2020-05-04,49.51704788208008,63.87750244140625,35.970001220703125,39.44600009918213,-2.0999916298281476
2020-05-05,49.519203186035156,62.99398422241211,33.61000061035156,38.86450004577637,-2.077733279887491
2020-05-06,47.91804504394531,61.66469955444336,34.119998931884766,38.235499954223634,-2.240191574913861
2020-05-07,48.30972671508789,61.77613067626953,31.440000534057617,37.64000005722046,-2.1951292452060747
2020-05-08,49.4395866394043,61.68062973022461,27.979999542236328,36.95550012588501,-2.0547610498601823
2020-05-11,48.93383026123047,64.31533813476562,27.56999969482422,36.275500202178954,-2.182120356848993
2020-05-12,49.05220031738281,62.0467529296875,33.040000915527344,36.03950033187866,-2.1111874647272897
2020-05-13,49.523502349853516,61.338321685791016,35.279998779296875,35.76150026321411,-2.0359906227459894
2020-05-14,49.97758102416992,61.47366714477539,32.61000061035156,35.38650026321411,-1.9839030422372934
2020-05-15,49.03497314453125,60.701568603515625,31.889999389648438,35.07350015640259,-2.0798031686522744
2020-05-18,50.67055130004883,59.5075798034668,29.299999237060547,34.34700002670288,-1.8503244225877549
2020-05-19,49.60527420043945,57.58130645751953,30.530000686645508,33.60300006866455,-1.9324731433743945
2020-05-20,50.098106384277344,58.8150634765625,27.989999771118164,32.90350008010864,-1.9029974402143615
2020-05-21,49.26094436645508,58.504642486572266,29.530000686645508,32.31100006103516,-1.9975128068482255
2020-05-22,50.32622528076172,58.37727737426758,28.15999984741211,31.92250003814697,-1.86423844215343
2020-05-26,50.42522048950195,58.249935150146484,28.010000228881836,31.658500003814698,-1.848977901965937
2020-05-27,51.89293670654297,59.619022369384766,27.6200008392334,31.361000061035156,-1.7038078587468468
2020-05-28,54.094505310058594,59.953338623046875,28.59000015258789,31.229000091552734,-1.4432512831612707
2020-05-29,54.99837875366211,61.95125198364258,27.510000228881836,30.89700002670288,-1.3825983943014764
2020-06-01,55.32080078125,59.82598114013672,28.229999542236328,30.449000072479247,-1.2903122703462855
2020-06-02,55.5263671875,58.31360626220703,26.84000015258789,29.992500019073486,-1.2275558178104526
2020-06-03,56.17121124267578,59.22102355957031,25.65999984741211,29.594999980926513,-1.1713905785516054
2020-06-04,54.507164001464844,61.72041702270508,25.809999465942383,29.179500007629393,-1.4368442299244193
2020-06-05,55.04597854614258,61.091583251953125,24.520000457763672,28.8335000038147,-1.3553836034520046
2020-06-08,56.36597442626953,61.266700744628906,25.809999465942383,28.725,-1.198530976130797
2020-06-09,55.974300384521484,61.760215759277344,27.56999969482422,28.725,-1.258652463523049
2020-06-10,55.56748962402344,61.346282958984375,27.56999969482422,28.451499938964844,-1.2980317641656718
2020-06-11,53.73680114746094,58.49541091918945,40.790000915527344,28.727000045776368,-1.4506429791302555
2020-06-12,53.42953872680664,58.784515380859375,36.09000015258789,28.901000022888184,-1.4953664213236721
2020-06-15,53.788753509521484,59.40287399291992,34.400001525878906,29.026500129699706,-1.4668892214540208
2020-06-16,53.70218276977539,59.924869537353516,33.66999816894531,29.245000076293945,-1.4904572165087542
2020-06-17,53.88179397583008,59.234222412109375,33.470001220703125,29.392000102996825,-1.451327545386322
2020-06-18,53.866634368896484,59.45908737182617,32.939998626708984,29.639500045776366,-1.4587769970357491
2020-06-19,52.41248321533203,62.213619232177734,35.119998931884766,29.91899995803833,-1.70494752105906
2020-06-22,53.457664489746094,60.76808547973633,31.770000457763672,30.09949998855591,-1.5413122305242315
2020-06-23,52.62887191772461,60.27019119262695,31.3700008392334,30.267500019073488,-1.6301382960630975
2020-06-24,52.29562759399414,60.97688293457031,33.84000015258789,30.57849998474121,-1.6884307336484332
2020-06-25,51.75249481201172,60.623538970947266,32.220001220703125,30.760000038146973,-1.7459675076478949
2020-06-26,51.116294860839844,59.88471984863281,34.72999954223633,31.121000003814697,-1.8052742746319352
2020-06-29,51.55339431762695,59.87668991088867,31.780000686645508,31.298500061035156,-1.751691059760718
2020-06-30,51.971046447753906,61.78798294067383,30.43000030517578,31.47800006866455,-1.7482643663994024
2020-07-01,53.28886795043945,61.081295013427734,28.6200008392334,31.626000118255615,-1.569724816634766
2020-07-02,53.31916046142578,61.31418228149414,27.68000030517578,31.719500160217287,-1.5718228791380071
2020-07-06,53.44035339355469,61.643436431884766,27.940000534057617,31.890500164031984,-1.5652182461220077
2020-07-07,53.3884162902832,61.370391845703125,29.43000030517578,32.07150020599365,-1.5647639417057622
2020-07-08,54.805789947509766,60.71992492675781,28.079999923706055,32.097000217437746,-1.375465624650709
2020-07-09,54.52880859375,59.99714660644531,29.260000228881836,32.18150024414062,-1.3913000683968013
2020-07-10,56.175540924072266,61.290069580078125,27.290000915527344,31.506500244140625,-1.2223705392035564
2020-07-13,55.44846725463867,61.579193115234375,32.189998626708984,31.31150016784668,-1.3183663435671926
2020-07-14,56.81391525268555,61.988765716552734,29.520000457763672,31.067500114440918,-1.1617993549695997
2020-07-15,56.04571533203125,61.555084228515625,27.760000228881836,30.772000217437743,-1.2448237638913695
2020-07-16,58.07548904418945,61.547080993652344,28.0,30.49850015640259,-0.9967266188972393
2020-07-17,59.59022903442383,62.24574279785156,25.68000030517578,30.13550024032593,-0.8291233329463391
2020-07-20,59.36300277709961,62.70348358154297,24.459999084472656,29.602500247955323,-0.8682700825869445
2020-07-21,59.795799255371094,61.659488677978516,24.84000015258789,29.256000232696532,-0.7894221225130958
2020-07-22,60.68083572387695,61.23386001586914,24.31999969482422,28.903500175476076,-0.6707359086739989
2020-07-23,60.799869537353516,60.67975616455078,26.079999923706055,28.515500164031984,-0.6424038382371935
2020-07-24,60.64406204223633,59.13785171508789,25.84000015258789,28.19650011062622,-0.6230471360314144
2020-07-27,60.07712173461914,59.860633850097656,24.739999771118164,27.697000122070314,-0.7102816222803954
2020-07-28,60.59861373901367,59.210140228271484,25.440000534057617,27.380000114440918,-0.6303973912667863
2020-07-29,60.901573181152344,58.631935119628906,24.100000381469727,27.063500118255615,-0.5790023360267534
2020-07-30,61.096317291259766,58.08585739135742,24.760000228881836,26.870500087738037,-0.5416235155729977
2020-07-31,60.741432189941406,55.83725357055664,24.459999084472656,26.70950002670288,-0.5289870936683816
2020-08-03,60.068458557128906,57.6040153503418,24.280000686645508,26.526500034332276,-0.6551613119687842
2020-08-04,61.682735443115234,56.92140579223633,23.760000228881836,26.243000030517578,-0.44101485570693544
2020-08-05,61.407928466796875,55.41164016723633,22.989999771118164,25.988500022888182,-0.4369917500470947
2020-08-06,61.19801712036133,55.259056091308594,22.649999618530273,25.657999992370605,-0.4588298232326409
2020-08-07,62.273502349853516,55.692691802978516,22.209999084472656,25.403999900817873,-0.33827527142517955
2020-08-10,61.37762451171875,55.018131256103516,22.1299991607666,24.90099992752075,-0.4308964212575444
2020-08-11,60.111724853515625,54.688873291015625,24.030000686645508,24.626499938964844,-0.5773049175478183
2020-08-12,61.58320617675781,55.28314208984375,22.280000686645508,24.352499961853027,-0.4123859914098066
2020-08-13,61.54207229614258,54.753116607666016,22.1299991607666,24.058999919891356,-0.40421476021320324
2020-08-14,60.698158264160156,55.01010513305664,22.049999237060547,23.877499866485596,-0.5136803738509661
2020-08-17,61.23698425292969,55.532100677490234,21.350000381469727,23.72199993133545,-0.46086816066036673
2020-08-18,61.24995803833008,55.45981216430664,21.510000228881836,23.555499935150145,-0.4574840445505043
2020-08-19,61.096317291259766,52.76150894165039,22.540000915527344,23.466499996185302,-0.40907425344889126
2020-08-20,61.04653549194336,53.04258728027344,22.719999313354492,23.298499965667723,-0.4221515693784523
2020-08-21,61.111488342285156,53.40395736694336,22.540000915527344,23.133500003814696,-0.42321510690143294
2020-08-24,61.159080505371094,53.06667709350586,22.3700008392334,23.01500005722046,-0.40900606999179057
2020-08-25,60.87342834472656,53.04258728027344,22.030000686645508,22.844500064849854,-0.4432932852690307
2020-08-26,60.37356948852539,52.68119812011719,23.270000457763672,22.803000068664552,-0.49534469514032403
2020-08-27,60.651954650878906,52.641048431396484,24.469999313354492,22.788500022888183,-0.46034576657643345
2020-08-28,60.797664642333984,52.40815353393555,22.959999084472656,22.713500022888184,-0.43675218617419
2020-08-31,60.715030670166016,53.604732513427734,26.40999984741211,22.819999980926514,-0.47663308550364347
2020-09-01,60.2713508605957,52.86591339111328,26.1200008392334,22.938000011444093,-0.5124272118925682
2020-09-02,62.69195556640625,53.6368522644043,26.56999969482422,23.117000007629393,-0.23598926791369482
2020-09-03,61.023860931396484,52.93015670776367,33.599998474121094,23.664499950408935,-0.42212188098235154
2020-09-04,60.31266403198242,53.010467529296875,30.75,24.091499996185302,-0.5109802654719379
2020-09-08,60.440982818603516,51.50872802734375,31.459999084472656,24.557999992370604,-0.45792289409651216
2020-09-09,61.41097640991211,51.80585479736328,28.809999465942383,24.79699993133545,-0.34685374133870867
2020-09-10,60.22350311279297,51.21159744262695,29.709999084472656,25.168499851226805,-0.47708682245368206
2020-09-11,60.49318313598633,52.66514205932617,26.8700008392334,25.405499935150146,-0.48033646918829953
2020-09-14,61.313106536865234,53.83367919921875,25.850000381469727,25.595499992370605,-0.4092892070717281
2020-09-15,64.31005096435547,53.720069885253906,25.59000015258789,25.807499980926515,-0.04044166485795893
2020-09-16,60.97166061401367,53.27375030517578,26.040000915527344,26.03400001525879,-0.4370508852380367
2020-09-17,60.79112243652344,52.77874755859375,26.459999084472656,26.229999923706053,-0.446777101983119
2020-09-18,60.225685119628906,52.786865234375,25.829999923706055,26.385499954223633,-0.5160365077348992
2020-09-21,60.06909942626953,52.105224609375,27.780000686645508,26.64749994277954,-0.5181910519978704
2020-09-22,60.47361755371094,51.44792938232422,26.860000610351562,26.87199993133545,-0.4524236097189379
2020-09-23,59.44057083129883,51.19636154174805,28.579999923706055,27.199499893188477,-0.5723276785625622
2020-09-24,60.360530853271484,50.51472091674805,28.510000228881836,27.461499881744384,-0.44300282395204266
2020-09-25,61.29134750366211,50.51472091674805,26.3799991607666,27.55699987411499,-0.3293214336387202
2020-09-28,61.79591751098633,51.00160598754883,26.190000534057617,27.71849994659424,-0.27981885851406674
2020-09-29,61.574092864990234,50.39298629760742,26.270000457763672,27.711499977111817,-0.2917589396196843
2020-09-30,60.36486053466797,51.27751159667969,26.3700008392334,27.723999977111816,-0.4614636542024938
2020-10-01,61.49579620361328,51.38300323486328,26.700000762939453,27.73050003051758,-0.3259677728614877
2020-10-02,61.149993896484375,50.44980239868164,27.6299991607666,27.432000064849852,-0.34496892228232257
2020-10-05,62.615840911865234,51.6102180480957,27.959999084472656,27.292500019073486,-0.19483230282700403
2020-10-06,63.13126754760742,50.73381423950195,29.479999542236328,27.19350004196167,-0.11006482274767822
2020-10-07,64.61886596679688,50.99348831176758,28.059999465942383,27.15600004196167,0.0651522084032985
2020-10-08,65.47140502929688,51.38300323486328,26.360000610351562,26.988500118255615,0.15957654830633894
2020-10-09,65.87809753417969,51.80497360229492,25.0,26.895000076293947,0.1987413116536768
2020-10-12,66.47834777832031,52.381126403808594,25.06999969482422,26.85600004196167,0.25770707790749386
2020-10-13,65.56491088867188,52.33243942260742,26.06999969482422,26.880000019073485,0.14736035063716754
2020-10-14,65.3843994140625,51.97539138793945,26.399999618530273,26.897999954223632,0.13420302275397059
2020-10-15,64.9103012084961,51.090858459472656,26.969999313354492,26.923499965667723,0.09832140752264466
2020-10-16,66.46311950683594,50.31184387207031,27.40999984741211,27.002499961853026,0.3073618728673861
2020-10-19,65.14734649658203,49.151424407958984,29.18000030517578,27.07249994277954,0.17555400799768867
2020-10-20,65.46052551269531,49.13520050048828,29.350000381469727,27.196999931335448,0.21420670750058707
2020-10-21,64.74064636230469,48.85929870605469,28.649999618530273,27.20049991607666,0.1331558394905696
2020-10-22,65.7388916015625,49.23257064819336,28.110000610351562,27.180499935150145,0.24577976041483568
2020-10-23,65.91289520263672,49.3299560546875,27.549999237060547,27.238999938964845,0.2646065584249847
2020-10-26,65.821533203125,48.65641784667969,32.459999084472656,27.552499866485597,0.2702161275678312
2020-10-27,65.92375946044922,48.69700241088867,33.349998474121094,27.906499767303465,0.2816907533167358
2020-10-28,64.77545166015625,47.65018844604492,40.279998779296875,28.60199966430664,0.16750734944878884
2020-10-29,64.38398742675781,47.496002197265625,37.59000015258789,29.146499633789062,0.12353596132197525
2020-10-30,63.688018798828125,47.187644958496094,38.02000045776367,29.665999698638917,0.046213280651830634
2020-11-02,65.3582992553711,47.496002197265625,37.130001068115234,30.124499797821045,0.2425294529285033
2020-11-03,66.13253784179688,47.73945617675781,35.54999923706055,30.427999782562257,0.331027068785661
2020-11-04,63.78371810913086,48.58338165283203,29.56999969482422,30.50349979400635,0.02315435270980401
2020-11-05,65.02772521972656,48.388633728027344,27.579999923706055,30.56449975967407,0.17993418245226697
2020-11-06,65.87156677246094,47.9342041015625,24.860000610351562,30.55749979019165,0.2943062257959777
2020-11-09,65.68888854980469,47.91797637939453,25.75,30.59149980545044,0.2723995746683414
2020-11-10,66.1064453125,49.19199752807617,24.799999237060547,30.527999782562254,0.2916794572260513
2020-11-11,67.4548568725586,48.77002716064453,23.450000762939453,30.380499839782715,0.4668669727763592
2020-11-12,66.69800567626953,48.67265319824219,25.350000381469727,30.299499893188475,0.37685624168283516
2020-11-13,67.15035247802734,49.16765213012695,23.100000381469727,30.083999919891358,0.41977876050246726
2020-11-16,67.63754272460938,49.57339859008789,22.450000762939453,29.74749994277954,0.4691786711267461
2020-11-17,66.64580535888672,49.47602462768555,22.709999084472656,29.415499877929687,0.350481102195313
2020-11-18,65.93244934082031,49.419219970703125,23.84000015258789,29.174999904632568,0.2647725025274908
2020-11-19,65.3582992553711,49.20011520385742,23.110000610351562,28.924999904632568,0.20010568526313496
2020-11-20,65.72369384765625,48.77814865112305,23.700000762939453,28.732499980926512,0.25523644855436645
2020-11-23,64.87113952636719,48.5996208190918,22.65999984741211,28.242500019073486,0.15555773700580364
2020-11-24,65.22782135009766,48.891754150390625,21.639999389648438,27.657000064849854,0.1918469388601412
2020-11-25,66.39900970458984,48.28313064575195,21.25,26.70550012588501,0.3500367570747417
2020-11-27,65.66483306884766,48.71322250366211,20.84000015258789,25.86800012588501,0.249664065689055
2020-11-30,64.31884002685547,49.23257064819336,20.56999969482422,24.995500087738037,0.07234771312435012
2020-12-01,64.80830383300781,49.59775161743164,20.770000457763672,24.17750005722046,0.12303517031859701
2020-12-02,64.9481430053711,49.60585403442383,21.170000076293945,23.458500099182128,0.13991213246104875
2020-12-03,64.10908508300781,49.38676452636719,21.280000686645508,23.044000148773193,0.042891526962840695
2020-12-04,63.38364028930664,49.954795837402344,20.790000915527344,22.704500198364258,-0.0598487300085926
2020-12-07,64.0391616821289,49.36241149902344,21.299999237060547,22.526500129699706,0.03495799228303668
2020-12-08,64.39749908447266,49.63832092285156,20.68000030517578,22.273000144958495,0.07185328427276351
2020-12-09,64.38876342773438,49.35428237915039,22.270000457763672,22.146500205993654,0.07785751005535667
2020-12-10,64.04788208007812,49.054054260253906,22.520000457763672,22.100000190734864,0.043699552263117766
2020-12-11,64.50238037109375,49.30561065673828,23.309999465942383,21.998000144958496,0.09294531817710862
2020-12-14,64.28386688232422,49.10865020751953,24.719999313354492,22.079000091552736,0.07116140493278525
2020-12-15,65.47254180908203,48.77217483520508,22.889999389648438,22.101000022888183,0.22471176467010093
2020-12-16,65.06175231933594,48.37004852294922,22.5,22.09050006866455,0.18455261695733946
2020-12-17,65.6036376953125,48.47673797607422,21.93000030517578,21.995000076293945,0.24807749010699662
2020-12-18,65.12293243408203,48.48494338989258,21.56999969482422,21.91800003051758,0.18916429460883913
2020-12-21,65.02678680419922,48.04178237915039,25.15999984741211,21.99099998474121,0.18845441176404856
2020-12-22,65.29773712158203,46.777957916259766,24.229999542236328,22.069499969482422,0.2530086099876816
2020-12-23,64.96559143066406,47.08980941772461,23.309999465942383,22.15299997329712,0.20467986799383803
2020-12-24,65.53374481201172,46.83539962768555,21.530000686645508,22.167000007629394,0.28040241292075546
2020-12-28,65.97946166992188,46.687679290771484,21.700000762939453,22.210000038146973,0.33851566014930673
2020-12-29,65.83963012695312,46.63844299316406,23.079999923706055,22.335500049591065,0.32266365471634884
2020-12-30,66.34656524658203,46.490726470947266,22.770000457763672,22.435500049591063,0.3882534427924796
2020-12-31,67.43034362792969,47.8120002746582,22.75,22.514500045776366,0.4877231590818809
2021-01-04,64.86947631835938,49.33022689819336,26.969999313354492,22.798999977111816,0.13716622359052819
2021-01-05,65.35015869140625,49.239952087402344,25.34000015258789,23.026499938964843,0.19811973532347665
2021-01-06,68.54907989501953,50.84025192260742,25.06999969482422,23.214999961853028,0.5489672226419128
2021-01-07,69.30072784423828,51.30802536010742,22.3700008392334,23.299499988555908,0.6291214093373071
2021-01-08,70.9089126586914,51.734771728515625,21.559999465942383,23.263999938964844,0.814906501971231
2021-01-11,69.65034484863281,51.299835205078125,24.079999923706055,23.34199991226196,0.6720243101435919
2021-01-12,69.7027816772461,50.94694137573242,23.329999923706055,23.342999935150146,0.687213728295471
2021-01-13,71.52947998046875,50.50377655029297,22.209999084472656,23.217499923706054,0.921342425073996
2021-01-14,72.13253784179688,51.209556579589844,23.25,23.235499954223634,0.9774240276065447
2021-01-15,71.70426940917969,51.972782135009766,24.34000015258789,23.32749996185303,0.9061188136331946
2021-01-19,72.37726593017578,55.04206848144531,23.239999771118164,23.392999935150147,0.9119027657156876
2021-01-20,73.46105194091797,55.79706573486328,21.579999923706055,23.39349994659424,1.025470826760682
2021-01-21,73.16387176513672,54.968204498291016,21.31999969482422,23.201499938964844,1.0098104109246877
2021-01-22,73.60089111328125,54.93537521362305,21.90999984741211,23.085499954223632,1.064001219975965
2021-01-25,75.92577362060547,55.936588287353516,23.190000534057617,23.079500007629395,1.3230158751948056
2021-01-26,74.49239349365234,54.7384147644043,23.020000457763672,23.153999996185302,1.1777844425588753
2021-01-27,70.08735656738281,53.73721694946289,37.209999084472656,23.929499912261964,0.6647184659558898
2021-01-28,72.07136535644531,53.08068084716797,30.209999084472656,24.285999870300294,0.9233714818021905
2021-01-29,70.68169403076172,53.835693359375,33.09000015258789,24.801999855041505,0.734853818066086
2021-02-01,71.40711212158203,53.42534255981445,30.239999771118164,25.176499843597412,0.8336653690847339
2021-02-02,72.48213958740234,53.44997024536133,25.559999465942383,25.105999851226805,0.9643462385014269
2021-02-03,72.5870361328125,52.949363708496094,22.90999984741211,24.984499835968016,0.9896199012564351
2021-02-04,72.5433349609375,54.024444580078125,21.770000457763672,24.81949987411499,0.9575185827529131
2021-02-05,73.06774139404297,56.18278121948242,20.8700008392334,24.74449987411499,0.9678331330264307
2021-02-08,72.8929443359375,55.78065872192383,21.239999771118164,24.72849988937378,0.9564958368830095
2021-02-09,73.26876831054688,55.230812072753906,21.6299991607666,24.605999851226805,1.0160839146452483
2021-02-10,73.33867645263672,55.222618103027344,21.989999771118164,24.538999843597413,1.0248258408493798
2021-02-11,73.37364959716797,54.9189567565918,21.25,24.49099988937378,1.0366567661080663
2021-02-12,72.65694427490234,54.89434051513672,19.969999313354492,24.326999855041503,0.9497377849781319
2021-02-16,70.96137237548828,53.17914962768555,21.459999084472656,24.18299980163574,0.7853557682958398
2021-02-17,70.5156021118164,53.42534255981445,21.5,24.095999813079835,0.7247845305803213
2021-02-18,70.55933380126953,53.53204345703125,22.489999771118164,24.14149980545044,0.7274692062115692
2021-02-19,68.2606430053711,52.82625961303711,22.049999237060547,24.177999782562257,0.46429867699768207
2021-02-22,65.63860321044922,52.61289596557617,23.450000762939453,24.254999828338622,0.14937850853387263
2021-02-23,65.29773712158203,52.260013580322266,23.110000610351562,24.25099983215332,0.11653323838897536
2021-02-24,64.46742248535156,52.28462219238281,21.34000015258789,24.16699981689453,0.014513610763370727
2021-02-25,65.06925201416016,51.52962112426758,28.889999389648438,23.75099983215332,0.10681123377759202
2021-02-26,64.5596923828125,50.38888931274414,27.950000762939453,23.63799991607666,0.0729767382417862
2021-03-01,66.69468688964844,51.25879669189453,23.350000381469727,23.15099992752075,0.3120690639746443
2021-03-02,66.36961364746094,51.71015930175781,24.100000381469727,22.84399995803833,0.2611309671058335
2021-03-03,63.71622085571289,51.496788024902344,26.670000076293945,22.89949998855591,-0.05761817828398395
2021-03-04,62.63554763793945,51.89071273803711,28.56999969482422,23.182499980926515,-0.19940839906062785
2021-03-05,62.11716079711914,53.031436920166016,24.65999984741211,23.326999950408936,-0.2911176475926698
2021-03-08,62.25773620605469,53.138126373291016,25.469999313354492,23.55699987411499,-0.2766050852785255
2021-03-09,65.03411865234375,52.79344177246094,24.030000686645508,23.69649991989136,0.07105764602165177
2021-03-10,65.42070770263672,52.448760986328125,22.559999465942383,23.742999935150145,0.12685288214872345
2021-03-11,65.77216339111328,51.77581024169922,21.90999984741211,23.738999938964845,0.18652950879837515
2021-03-12,66.48383331298828,51.095211029052734,20.690000534057617,23.710999965667725,0.2903897991448808
2021-03-15,66.3520278930664,52.34851837158203,20.030000686645508,23.714000034332276,0.2430913027180911
2021-03-16,66.2290267944336,53.12873077392578,19.790000915527344,23.63050012588501,0.20864574882840867
2021-03-17,64.10279083251953,53.469024658203125,19.229999542236328,23.517000102996825,-0.05950475996200028
2021-03-18,62.49495315551758,53.186824798583984,21.579999923706055,23.47150011062622,-0.24884593109804615
2021-03-19,62.24018096923828,53.50222396850586,20.950000762939453,23.416500186920167,-0.28781330333897465
2021-03-22,62.98698043823242,54.39033508300781,18.8799991607666,23.188000106811522,-0.21871554093469808
2021-03-23,65.03411865234375,53.53543472290039,20.299999237060547,23.04750003814697,0.052585786223022304
2021-03-24,63.988582611083984,53.410919189453125,21.200000762939453,23.04050006866455,-0.07200657105143565
2021-03-25,64.53331756591797,53.11213302612305,19.809999465942383,22.586500072479247,0.00196060904711942
2021-03-26,65.06925201416016,54.14962387084961,18.860000610351562,22.132000064849855,0.041586458558064504
2021-03-29,65.71944427490234,54.938140869140625,20.739999771118164,22.001500034332274,0.101364892667736
2021-03-30,65.20985412597656,54.365440368652344,19.610000610351562,21.77700004577637,0.053385572384655744
2021-03-31,66.43110656738281,53.64332962036133,19.399999618530273,21.413500022888183,0.2205150145875809
2021-04-01,66.57167053222656,55.14564514160156,17.329999923706055,20.851500034332275,0.20028217115070596
2021-04-05,67.45905303955078,55.06264114379883,17.90999984741211,20.514000034332277,0.31072529284974515
2021-04-06,68.14436340332031,54.971336364746094,18.1200008392334,20.14650011062622,0.39669582756717314
2021-04-07,68.01256561279297,54.44843673706055,17.15999984741211,19.803000068664552,0.39361680449922903
2021-04-08,68.32008361816406,53.9670295715332,16.950000762939453,19.522500133514406,0.4431588230960524
2021-04-09,68.47823333740234,54.04173278808594,16.690000534057617,19.26150016784668,0.4606140451420707
2021-04-12,68.21466827392578,53.66822052001953,16.90999984741211,19.072500133514403,0.43772319115729963
2021-04-13,69.4447021484375,53.859130859375,16.649999618530273,18.903500080108643,0.5831955242218609
2021-04-14,69.52378845214844,54.19942855834961,16.989999771118164,18.763500022888184,0.5843827123274695
2021-04-15,70.44630432128906,54.58953094482422,16.56999969482422,18.630500030517577,0.6873387513620007
2021-04-16,71.1140365600586,55.502540588378906,16.25,18.364000034332275,0.7461601219479032
2021-04-19,70.10365295410156,54.73894500732422,17.290000915527344,18.18100004196167,0.6417708106963779
2021-04-20,70.7538070678711,55.09584426879883,18.68000030517578,18.17100009918213,0.7122896776229592
2021-04-21,68.50460052490234,55.436153411865234,17.5,18.0310001373291,0.4291202924490386
2021-04-22,68.8121109008789,54.481632232666016,18.709999084472656,17.90650005340576,0.4904395177523223
2021-04-23,68.74182891845703,54.348838806152344,17.329999923706055,17.782500076293946,0.48516180496136546
2021-04-26,68.46946716308594,54.581233978271484,17.639999389648438,17.72150001525879,0.44611258282755845
2021-04-27,67.89836120605469,53.67652893066406,17.559999465942383,17.5625,0.3988855158733243
2021-04-28,67.7314224243164,53.485633850097656,17.280000686645508,17.446000003814696,0.3832494664045079
2021-04-29,67.84564208984375,52.98762130737305,17.610000610351562,17.35650005340576,0.40959719206664164
2021-04-30,68.10043334960938,52.68052291870117,18.610000610351562,17.420500087738038,0.4483602464306276
2021-05-03,67.3887710571289,54.61442947387695,18.309999465942383,17.44050006866455,0.3132998939745947
2021-05-04,66.50140380859375,54.481632232666016,19.479999542236328,17.508500003814696,0.20823099177935692
2021-05-05,64.8232421875,55.2037467956543,19.149999618530273,17.607999992370605,-0.01470123303225539
2021-05-06,65.02533721923828,55.228633880615234,18.389999389648438,17.679999923706056,0.009361234493650403
2021-05-07,65.48220825195312,55.228633880615234,16.690000534057617,17.679999923706056,0.06515926321510782
2021-05-10,65.71944427490234,56.008846282958984,19.65999984741211,17.817499923706055,0.07470976032722983
2021-05-11,65.07804107666016,55.79304122924805,21.84000015258789,18.076999950408936,0.0017471198910633087
2021-05-12,62.855201721191406,55.983943939208984,27.59000015258789,18.606999969482423,-0.274482557211584
2021-05-13,63.81287384033203,57.19576644897461,23.1299991607666,18.93499994277954,-0.18768951882079324
2021-05-14,64.24336242675781,56.880348205566406,18.809999465942383,19.06299991607666,-0.12726128568570447
2021-05-17,63.171478271484375,57.32856750488281,19.719999313354492,19.18449983596802,-0.2693297508712264
2021-05-18,63.5141487121582,57.14595031738281,21.34000015258789,19.317499828338622,-0.22293289139627864
2021-05-19,63.839202880859375,56.85544204711914,22.18000030517578,19.551499843597412,-0.17600158091331355
2021-05-20,65.27134704589844,57.560951232910156,20.670000076293945,19.649499893188477,-0.018656254953083307
2021-05-21,65.40314483642578,57.06296920776367,20.149999618530273,19.790499877929687,0.00983754159881085
2021-05-24,65.04290771484375,55.967350006103516,18.399999618530273,19.82849988937378,-0.006883150150905478
2021-05-25,64.46302032470703,54.971336364746094,18.84000015258789,19.892499923706055,-0.05290957992253769
2021-05-26,64.55089569091797,55.07094955444336,17.360000610351562,19.896499919891358,-0.04465715339134389
2021-05-27,64.1379623413086,54.69743728637695,16.739999771118164,19.852999877929687,-0.08579047696362128
2021-05-28,64.33123779296875,54.871734619140625,16.760000228881836,19.7604998588562,-0.06652470898947614
2021-06-01,63.6997184753418,54.21603012084961,17.899999618530273,19.739999866485597,-0.12732895885073206
2021-06-02,64.22083282470703,54.80534362792969,17.479999542236328,19.639999866485596,-0.07835575822207376
2021-06-03,63.9205207824707,55.17884826660156,18.040000915527344,19.58449993133545,-0.12433148126232142
2021-06-04,63.89403533935547,55.967350006103516,16.420000076293945,19.485999965667723,-0.1471958625237102
2021-06-07,64.00884246826172,55.959041595458984,16.420000076293945,19.472499942779542,-0.1329675377492687
2021-06-08,63.71738815307617,56.03374099731445,17.06999969482422,19.342999935150146,-0.17042272507960893
2021-06-09,63.99120330810547,56.97996520996094,17.889999389648438,19.145499897003173,-0.1605376407615111
2021-06-10,64.92744445800781,57.51115798950195,16.100000381469727,18.570999908447266,-0.05941775702084838
2021-06-11,64.9097671508789,57.07955551147461,15.649999618530273,18.196999931335448,-0.05083198896597927
2021-06-14,64.75078582763672,57.155033111572266,16.389999389648438,18.07599992752075,-0.07212751584016461
2021-06-15,64.85677337646484,57.10471725463867,17.020000457763672,17.94099998474121,-0.05793056123511259
2021-06-16,64.741943359375,56.46733474731445,18.149999618530273,17.78149995803833,-0.05608725356190206
2021-06-17,65.87248992919922,56.375083923339844,17.75,17.55999994277954,0.08428389080585737
2021-06-18,64.72428894042969,55.863494873046875,20.700000762939453,17.561499977111815,-0.0432108528732604
2021-06-21,65.65169525146484,56.48410415649414,17.889999389648438,17.448499965667725,0.05460400757872819
2021-06-22,65.45736694335938,56.23250961303711,16.65999984741211,17.361499977111816,0.03713396175698003
2021-06-23,64.7861099243164,55.89703369140625,16.31999969482422,17.235499954223634,-0.03649555252369207
2021-06-24,64.37098693847656,56.341529846191406,15.970000267028809,17.165999937057496,-0.09826055751984988
2021-06-25,65.236572265625,56.928592681884766,15.619999885559082,17.10999994277954,-0.007160807484215879
2021-06-28,66.37596130371094,56.77763748168945,15.760000228881836,17.05999994277954,0.13575171580182716
2021-06-29,65.4308853149414,56.970516204833984,16.020000457763672,16.96599998474121,0.01552711936707477
2021-06-30,64.72428894042969,57.75047302246094,15.829999923706055,16.883500003814696,-0.09018703478767026
2021-07-01,65.52803802490234,57.9769287109375,15.479999542236328,16.755499935150148,0.002337893264323053
2021-07-02,65.60752868652344,58.1194953918457,15.069999694824219,16.68799991607666,0.00849696504580037
2021-07-06,66.3582763671875,57.37309265136719,16.440000534057617,16.688999938964844,0.1187680276515745
2021-07-07,66.5349349975586,57.331153869628906,16.200000762939453,16.645499992370606,0.1413875519315486
2021-07-08,66.3582763671875,56.76926803588867,19.0,16.701000022888184,0.13380019693764988
2021-07-09,66.23463439941406,57.213741302490234,16.18000030517578,16.705000019073488,0.10763457421384569
2021-07-12,66.32295227050781,57.08794021606445,16.170000076293945,16.73100004196167,0.12155271600993448
2021-07-13,66.11981964111328,57.037620544433594,17.1200008392334,16.767500114440917,0.09799666821327031
2021-07-14,66.86172485351562,56.970516204833984,16.329999923706055,16.733000087738038,0.19027670940946223
2021-07-15,67.8509750366211,57.280826568603516,17.010000228881836,16.676000118255615,0.30336948070279207
2021-07-16,68.82254028320312,57.557594299316406,18.450000762939453,16.711000156402587,0.41513741777281477
2021-07-19,68.00112915039062,57.222129821777344,22.5,16.801000118255615,0.3231691752400007
2021-07-20,68.16010284423828,58.00208282470703,19.729999542236328,16.89300012588501,0.3231678885333145
2021-07-21,67.02073669433594,57.37309265136719,17.90999984741211,16.95550012588501,0.19967484317324422
2021-07-22,67.23272705078125,57.57436752319336,17.690000534057617,17.02400016784668,0.2205546737584701
2021-07-23,68.18659973144531,57.884674072265625,17.200000762939453,17.08550019264221,0.32932685703356224
2021-07-26,67.93046569824219,57.65822982788086,17.579999923706055,17.18350019454956,0.30368231317882083
2021-07-27,68.7695541381836,57.809200286865234,19.360000610351562,17.36350021362305,0.40240246451818357
2021-07-28,68.76071166992188,58.75688171386719,18.309999465942383,17.478000164031982,0.3777300674594934
2021-07-29,69.03453826904297,58.564002990722656,17.700000762939453,17.57150020599365,0.4159744330612662
2021-07-30,68.80488586425781,57.272438049316406,18.239999771118164,17.709500217437743,0.42008021312989247
2021-08-02,69.60865020751953,57.3227653503418,19.459999084472656,17.929000186920167,0.5169917079708725
2021-08-03,70.14740753173828,58.564002990722656,18.040000915527344,18.00900020599365,0.5518900561510263
2021-08-04,70.54487609863281,58.06917190551758,17.969999313354492,18.097500133514405,0.6127519970652425
2021-08-05,71.09249114990234,58.1194953918457,17.280000686645508,18.01150016784668,0.678379866680217
2021-08-06,71.198486328125,57.68339538574219,16.149999618530273,18.010000133514403,0.7021818210214942
2021-08-09,71.1543197631836,57.41501235961914,16.719999313354492,18.03750009536743,0.7034690983744512
2021-08-10,71.12782287597656,58.06917190551758,16.790000915527344,18.021000099182128,0.6839477584424133
2021-08-11,72.75298309326172,58.57238006591797,16.170000076293945,18.013000106811525,0.8699025600785382
2021-08-12,73.30944061279297,59.44459915161133,15.59000015258789,17.942000102996825,0.916149337140785
2021-08-13,73.70687866210938,59.67942810058594,15.449999809265137,17.79200005531311,0.9588427181609308
2021-08-16,74.14852142333984,60.14067840576172,16.1200008392334,17.47300009727478,1.0012981134278731
2021-08-17,74.15735626220703,61.247718811035156,17.90999984741211,17.382000112533568,0.9748174301699026
2021-08-18,74.56365203857422,60.350345611572266,21.56999969482422,17.565000104904176,1.0467787015735526
2021-08-19,74.67847442626953,60.107139587402344,21.670000076293945,17.76400008201599,1.0668566486874065
2021-08-20,76.20648956298828,60.75291061401367,18.559999465942383,17.832000017166138,1.237397951023502
2021-08-23,74.54597473144531,60.84516525268555,17.149999618530273,17.81050000190735,1.0323012592718
2021-08-24,74.31634521484375,60.59355926513672,17.219999313354492,17.703499937057494,1.0105201332062743
2021-08-25,74.66080474853516,59.88908386230469,16.790000915527344,17.627500009536742,1.0701271178556986
2021-08-26,74.36355590820312,59.905860900878906,18.84000015258789,17.684499979019165,1.0334062134465052
2021-08-27,74.0086441040039,59.780067443847656,16.389999389648438,17.591999959945678,0.9931921666023495
2021-08-30,74.48777770996094,60.39229202270508,16.190000534057617,17.428500032424928,1.0364678556436906
2021-08-31,74.52328491210938,61.03805160522461,16.479999542236328,17.350499963760377,1.0247282417596941
2021-09-01,75.72110748291016,60.274879455566406,16.110000610351562,17.25750002861023,1.190018395476419
2021-09-02,76.73262023925781,60.669044494628906,16.40999984741211,17.21399998664856,1.3037425568854177
2021-09-03,76.03167724609375,60.350345611572266,16.40999984741211,17.22699999809265,1.2260698074382665
2021-09-07,75.44605255126953,59.70457077026367,18.139999389648438,17.298000001907347,1.1706235068988147
2021-09-08,76.69712829589844,60.28326416015625,17.959999084472656,17.356499910354614,1.309011870124201
2021-09-09,76.16476440429688,59.21815872192383,18.799999237060547,17.487999868392944,1.270509558852949
2021-09-10,75.35733032226562,59.53684997558594,20.950000762939453,17.755999898910524,1.163963186134648
2021-09-13,75.04676818847656,59.671024322509766,19.3700008392334,17.951999950408936,1.1226937210919912
2021-09-14,75.0999984741211,59.67949295043945,19.459999084472656,18.118999862670897,1.1289839530599617
2021-09-15,75.07340240478516,60.78923034667969,18.18000030517578,18.13249988555908,1.098108922936991
2021-09-16,74.53215026855469,60.42496871948242,18.690000534057617,17.988499927520753,1.0410736281539819
2021-09-17,72.43814086914062,60.66216278076172,20.809999465942383,17.945499897003174,0.7794256379976615
2021-09-20,72.4825210571289,60.111515045166016,25.709999084472656,18.302999877929686,0.7985541610310933
2021-09-21,72.68659973144531,60.7638053894043,24.360000610351562,18.663499927520753,0.8072397345442043
2021-09-22,72.66885375976562,60.467315673828125,20.8700008392334,18.846000003814698,0.812453494281761
2021-09-23,72.10985565185547,60.72993087768555,18.6299991607666,18.93799991607666,0.7376448171320499
2021-09-24,71.60408782958984,60.30636215209961,17.75,18.883499908447266,0.6864196961536654
2021-09-27,69.88277435302734,59.6456184387207,18.760000228881836,19.001999950408937,0.49264345517500135
2021-09-28,68.56069946289062,59.272891998291016,23.25,19.354999923706053,0.34045637686573976
2021-09-29,69.51896667480469,60.09459686279297,22.559999465942383,19.658999919891357,0.4370340444361068
2021-09-30,69.66980743408203,59.17121505737305,23.139999389648438,20.0104998588562,0.4784438703303103
2021-10-01,70.28203582763672,58.07844924926758,21.100000381469727,20.244999885559082,0.5804201434068357
2021-10-04,70.41514587402344,57.231346130371094,22.959999084472656,20.57249984741211,0.6177655507184899
2021-10-05,70.52162170410156,57.09579086303711,21.299999237060547,20.730499839782716,0.6341441683452448
2021-10-06,72.0300064086914,57.16355895996094,21.0,20.88249988555908,0.8166773304512407
2021-10-07,71.79927825927734,57.72265625,19.540000915527344,20.919499969482423,0.7745796291444003
2021-10-08,71.1693344116211,57.64641189575195,18.770000457763672,20.810499954223634,0.6995421751389038
2021-10-11,69.0575942993164,57.671836853027344,20.0,20.84199991226196,0.441000694909225
2021-10-12,69.98036193847656,57.070369720458984,19.850000381469727,20.861499977111816,0.5686725328941352
2021-10-13,71.15157318115234,57.29063034057617,18.639999389648438,20.884499931335448,0.7062301372838226
2021-10-14,72.2784423828125,57.73112869262695,16.860000610351562,20.792999935150146,0.8328894102427784
2021-10-15,72.46475982666016,57.29063034057617,16.299999237060547,20.567499923706055,0.8666106843438344
2021-10-18,71.86141204833984,55.825111389160156,16.309999465942383,20.097499942779542,0.8294073184698524
2021-10-19,72.7841796875,56.67223358154297,15.699999809265137,19.66449990272522,0.9210166320056526
2021-10-20,74.46116638183594,56.63833999633789,15.489999771118164,19.395499849319457,1.1266721515584799
2021-10-21,74.36355590820312,56.74845886230469,15.010000228881836,19.21449990272522,1.1120095044210443
2021-10-22,74.9048080444336,56.96024703979492,15.430000305175781,19.098499917984007,1.1728406144935841
2021-10-25,74.7894515991211,57.32451629638672,15.239999771118164,18.922499895095825,1.149683582245124
2021-10-26,75.83647155761719,57.375343322753906,15.979999542236328,18.558999872207643,1.276291641482938
2021-10-27,75.42829895019531,56.56209182739258,16.979999542236328,18.279999876022337,1.246687026848534
2021-10-28,76.67938995361328,57.04497528076172,16.530000686645508,17.949499940872194,1.3874624349484441
2021-10-29,75.71224975585938,54.96105194091797,16.260000228881836,17.707499933242797,1.3212239383294557
2021-11-01,75.94293975830078,55.6048583984375,16.40999984741211,17.379999971389772,1.3333707806028736
2021-11-02,75.7920913696289,55.825111389160156,16.030000686645508,17.116500043869017,1.3094643629290863
2021-11-03,75.63238525390625,57.10426712036133,15.100000381469727,16.821500062942505,1.258114838229021
2021-11-04,75.20648956298828,56.30796813964844,15.4399995803833,16.616499996185304,1.2259236574712664
2021-11-05,75.88971710205078,56.1808967590332,16.479999542236328,16.501999950408937,1.3125302220317803
2021-11-08,75.0556411743164,55.884403228759766,17.219999313354492,16.36299991607666,1.2180450389933717
2021-11-09,75.36620330810547,56.036895751953125,17.780000686645508,16.259499931335448,1.2521779534386412
2021-11-10,75.5969009399414,57.02801513671875,18.729999542236328,16.263999938964844,1.255679397777629
2021-11-11,75.74772644042969,57.121192932128906,17.65999984741211,16.30399990081787,1.2717801837855853
2021-11-12,76.581787109375,57.16355895996094,16.290000915527344,16.30349998474121,1.3725899886937707
2021-11-15,77.49568176269531,56.926361083984375,16.489999771118164,16.3125,1.4901097054544752
2021-11-16,77.17626953125,56.66375732421875,16.3700008392334,16.346000051498415,1.4576371325415474
2021-11-17,77.88610076904297,57.14662170410156,17.110000610351562,16.427000093460084,1.5323085225530448
2021-11-18,77.72637939453125,57.42616653442383,17.59000015258789,16.556000089645387,1.50584237396697
2021-11-19,78.35635375976562,58.18857192993164,17.90999984741211,16.680000066757202,1.56380162657322
2021-11-22,77.513427734375,59.272891998291016,19.170000076293945,16.87650008201599,1.4338603212114078
2021-11-23,77.46906280517578,59.831974029541016,19.3799991607666,17.046500062942506,1.4145236905777197
2021-11-24,77.72307586669922,59.35758972167969,18.579999923706055,17.12650008201599,1.4573562735862802
2021-11-26,76.72491455078125,59.52702331542969,28.6200008392334,17.731000089645384,1.3312319879817645
2021-11-29,79.01532745361328,59.84891891479492,22.959999084472656,18.066000032424927,1.6029484009690045
2021-11-30,77.33983612060547,58.39188003540039,27.190000534057617,18.605000066757203,1.4345921648935183
2021-12-01,78.28453063964844,58.39188003540039,31.1200008392334,19.359500074386595,1.5499684705291248
2021-12-02,78.97969055175781,59.01875686645508,27.950000762939453,20.002000093460083,1.6192628603146266
2021-12-03,78.453857421875,58.92556381225586,30.670000076293945,20.763500118255614,1.5573624691064574
2021-12-06,79.4520263671875,58.87473678588867,27.18000030517578,21.29850015640259,1.6805349847442328
2021-12-07,80.57496643066406,59.00181579589844,21.889999389648438,21.532000160217287,1.814516940292759
2021-12-08,80.4947509765625,59.052635192871094,19.899999618530273,21.638000106811525,1.8034550168677812
2021-12-09,80.1293716430664,59.55241775512695,21.579999923706055,21.78050012588501,1.7463888933246552
2021-12-10,80.4591064453125,59.51008224487305,18.690000534057617,21.832000160217284,1.7877136108037428
2021-12-13,81.76029205322266,59.81504440307617,20.309999465942383,22.03300008773804,1.939036450990584
2021-12-14,80.23628234863281,60.345584869384766,21.889999389648438,22.303000068664552,1.739700147425743
2021-12-15,81.99198150634766,60.936031341552734,19.290000915527344,22.449000072479247,1.9394259840904433
2021-12-16,82.19698333740234,61.87733459472656,20.56999969482422,22.62200002670288,1.9410293484217946
2021-12-17,81.04730224609375,61.79176330566406,21.56999969482422,22.821000003814696,1.8027481578643705
2021-12-20,80.15608978271484,62.014251708984375,22.8700008392334,23.069000053405762,1.6883648265428477
2021-12-21,80.6106185913086,61.475128173828125,21.010000228881836,23.161000061035157,1.7572982381995772
2021-12-22,80.92253875732422,61.98002243041992,18.6299991607666,23.123500061035156,1.7828239950464408
2021-12-23,80.83341217041016,62.022804260253906,17.959999084472656,23.092500019073487,1.770873842405521
2021-12-27,81.38595581054688,62.356544494628906,17.68000030517578,22.545499992370605,1.8300480055167982
2021-12-28,81.88504028320312,62.442108154296875,17.540000915527344,22.27450008392334,1.8888714947992087
2021-12-29,81.98308563232422,63.01544952392578,16.950000762939453,21.762500095367432,1.8865725614538855
2021-12-30,82.67823028564453,62.775848388671875,17.329999923706055,21.073000049591066,1.9774359927623189
2021-12-31,83.20404815673828,62.13405227661133,17.219999313354492,20.536499977111816,2.0576320215100607
2022-01-03,81.6889877319336,62.10837173461914,16.600000381469727,19.832999992370606,1.8732357817180478
2022-01-04,80.81559753417969,61.79176330566406,16.90999984741211,19.319499969482422,1.7744498740063361
2022-01-05,79.96892547607422,61.76608657836914,19.729999542236328,19.211499977111817,1.6716843510340444
2022-01-06,76.43970489501953,61.26120376586914,19.610000610351562,19.19700002670288,1.2532268075960429
2022-01-07,77.01010131835938,60.97882080078125,18.760000228881836,19.05600004196167,1.3299196871860859
2022-01-10,75.1207046508789,61.6890754699707,19.399999618530273,19.091499996185302,1.0814844065039697
2022-01-11,75.56631469726562,61.92866897583008,18.40999984741211,18.99650001525879,1.129942459193194
2022-01-12,75.83367919921875,61.82599639892578,17.6200008392334,18.78300008773804,1.1651519282812914
2022-01-13,75.66436004638672,61.50936508178711,20.309999465942383,18.834000015258788,1.1523553565053721
2022-01-14,74.14928436279297,61.415225982666016,19.190000534057617,18.76500005722046,0.9696615238778071
2022-01-18,72.4113998413086,60.268577575683594,22.790000915527344,18.826000118255614,0.7859580093054502
2022-01-19,73.60563659667969,59.10478973388672,23.850000381469727,18.875000095367433,0.9607835226045773
2022-01-20,74.42556762695312,58.02656936645508,25.59000015258789,19.104000091552734,1.087764579010545
2022-01-21,73.61454772949219,58.625579833984375,28.850000381469727,19.61500015258789,0.9738017415907575
2022-01-24,73.0085220336914,58.67692184448242,29.899999618530273,20.212000179290772,0.898509177671056
2022-01-25,66.93040466308594,58.90797424316406,31.15999984741211,20.886000156402588,0.15043175506991005
2022-01-26,64.73802947998047,57.624393463134766,31.959999084472656,21.607000064849853,-0.08537015024526831
2022-01-27,64.62217712402344,57.564491271972656,30.489999771118164,22.28400001525879,-0.09802803154152372
2022-01-28,64.6132583618164,58.925071716308594,27.65999984741211,22.800500011444093,-0.1329888370374912
2022-01-31,69.62191009521484,58.77105712890625,24.829999923706055,23.18100004196167,0.48255603172533224
2022-02-01,68.8287124633789,58.59135437011719,21.959999084472656,23.448999977111818,0.39015585037961886
2022-02-02,69.27433013916016,56.323692321777344,22.09000015258789,23.707999992370606,0.5010327770302796
2022-02-03,67.52752685546875,55.955726623535156,24.350000381469727,23.939000034332274,0.296854758189881
2022-02-04,67.74143981933594,54.68069839477539,23.219999313354492,24.119499969482423,0.3547218552248267
2022-02-07,67.44734191894531,54.560890197753906,22.860000610351562,24.324499988555907,0.3217860570295779
2022-02-08,67.25126647949219,54.509559631347656,21.440000534057617,24.426500034332275,0.2991170756988912
2022-02-09,68.32073211669922,54.235721588134766,19.959999084472656,24.503999996185303,0.436548956802334
2022-02-10,67.2423324584961,52.87512969970703,23.90999984741211,24.818499946594237,0.33871496914098004
2022-02-11,66.80564880371094,53.114723205566406,27.360000610351562,25.171000003814697,0.27941777854806715
2022-02-14,66.77001953125,52.29323196411133,28.329999923706055,25.62799997329712,0.2955173105796633
2022-02-15,66.92150115966797,52.48148727416992,25.700000762939453,25.773499965667725,0.30933128230462237
2022-02-16,67.04627227783203,52.9692497253418,24.290000915527344,25.795499992370605,0.3124268696128547
2022-02-17,67.17996978759766,52.447265625,28.110000610351562,25.92150001525879,0.3417502103041865
2022-02-18,66.08377838134766,52.24188232421875,27.75,25.866499996185304,0.21298446944167193
2022-02-22,65.75399780273438,52.18199157714844,28.809999465942383,25.811999988555907,0.17419907639741333
2022-02-23,64.45282745361328,52.49861145019531,31.020000457763672,25.805000019073486,0.007403860936258813
2022-02-24,67.23343658447266,51.86537170410156,30.31999969482422,25.723000049591064,0.36276635970930216
2022-02-25,68.76631927490234,52.30179214477539,27.59000015258789,25.57800006866455,0.5391139077195528
2022-02-28,70.14192199707031,51.685672760009766,30.149999618530273,25.70250005722046,0.7224556273623436
2022-03-01,69.39811706542969,51.56587219238281,33.31999969482422,26.127000045776366,0.6345965558052354
2022-03-02,69.4967041015625,52.40447998046875,30.739999771118164,26.566000080108644,0.6257599912017124
2022-03-03,70.6079330444336,52.806671142578125,30.479999542236328,26.985500049591064,0.7514627613750857
2022-03-04,71.8804702758789,52.935028076171875,31.979999542236328,27.367000007629393,0.9036833262214412
2022-03-07,75.43819427490234,51.56587219238281,36.45000076293945,28.028500080108643,1.3722760703310117
2022-03-08,73.43978118896484,50.94974899291992,35.130001068115234,28.642000102996825,1.1435466055497867
2022-03-09,71.97903442382812,50.487667083740234,32.45000076293945,29.192500114440918,0.9766479168023314
2022-03-10,71.83564758300781,49.56346893310547,30.229999542236328,29.706000137329102,0.9821438107929813
2022-03-11,71.0649642944336,49.631935119628906,30.75,30.048000144958497,0.8863151768007828
2022-03-14,71.04703521728516,50.39457321166992,31.770000457763672,30.268500137329102,0.865139665031681
2022-03-15,73.46664428710938,50.54190444946289,29.829999923706055,30.3435001373291,1.156980677293302
2022-03-16,73.94161224365234,50.23858642578125,26.670000076293945,30.392000102996825,1.2225399777956256
2022-03-17,74.10291290283203,51.30452346801758,25.670000076293945,30.461000061035158,1.2157033336721799
2022-03-18,73.8161392211914,51.49519348144531,23.8700008392334,30.249000072479248,1.1759327160768651
2022-03-21,73.30535125732422,51.70317840576172,23.530000686645508,30.038000106811523,1.1083719995908596
2022-03-22,74.24630737304688,51.980499267578125,22.940000534057617,29.744500160217285,1.216387848595746
2022-03-23,73.9953842163086,51.00121307373047,23.56999969482422,29.37200012207031,1.2101216581274585
2022-03-24,75.00801849365234,51.252532958984375,21.670000076293945,28.9395001411438,1.327538911375716
2022-03-25,75.2231216430664,51.05320739746094,20.809999465942383,28.600500106811523,1.3587718281381382
2022-03-28,75.66221618652344,51.28720474243164,19.6299991607666,28.07450008392334,1.4065734531978777
2022-03-29,75.83248901367188,52.4571533203125,18.899999618530273,27.353500080108642,1.3982432276929855
2022-03-30,76.6211166381836,51.70317840576172,19.329999923706055,26.78300008773804,1.513329107191686
2022-03-31,75.91314697265625,51.52119064331055,20.559999465942383,26.28700008392334,1.4313947712973567
2022-04-01,76.80931091308594,51.711849212646484,19.6299991607666,25.669500064849853,1.5360975670901151
2022-04-04,76.72865295410156,52.5784797668457,18.56999969482422,24.77550001144409,1.5046720415714874
2022-04-05,77.36491394042969,51.78117752075195,21.030000686645508,24.070499992370607,1.6022278910462984
2022-04-06,77.50830078125,52.708473205566406,22.100000381469727,23.55299997329712,1.5966548841706063
2022-04-07,78.03703308105469,52.855804443359375,21.549999237060547,23.11899995803833,1.6575615872567564
2022-04-08,77.14985656738281,53.9910888671875,21.15999984741211,22.639499950408936,1.5209471801013157
2022-04-11,75.79663848876953,53.63577651977539,24.3700008392334,22.26949996948242,1.3645230364344147
2022-04-12,75.17830657958984,53.41044998168945,24.260000228881836,21.99099998474121,1.2946151478419905
2022-04-13,74.87361145019531,53.7830924987793,21.81999969482422,21.748499965667726,1.2481255772755002
2022-04-14,74.2104721069336,53.575103759765625,22.700000762939453,21.6,1.1723136972907777
2022-04-18,73.22468566894531,53.36711502075195,22.170000076293945,21.51499996185303,1.0570966666851715
2022-04-19,73.33222198486328,54.40707778930664,21.3700008392334,21.40699996948242,1.0443403674654597
2022-04-20,73.04544830322266,55.117706298828125,20.31999969482422,21.27599992752075,0.991625421443222
2022-04-21,68.26895904541016,55.247703552246094,22.68000030517578,21.23149995803833,0.40503265334478705
2022-04-22,66.2705307006836,53.94776153564453,28.209999084472656,21.558499908447267,0.1933249440342403
2022-04-25,66.35118865966797,54.29441452026367,27.020000457763672,21.86899995803833,0.1945458653018912
2022-04-26,65.92999267578125,53.53177261352539,33.52000045776367,22.563500022888185,0.16209077318949805
2022-04-27,65.66114807128906,53.37577819824219,31.600000381469727,23.198500061035155,0.13314003368185337
2022-04-28,65.85830688476562,53.34978485107422,29.989999771118164,23.73150005340576,0.15786630148602068
2022-04-29,63.64480972290039,51.42586135864258,33.400001525878906,24.37350015640259,-0.06457396356081822
2022-05-02,62.61423110961914,52.26649475097656,32.34000015258789,25.00900020599365,-0.21136686941224078
2022-05-03,63.41181945800781,52.28382873535156,29.25,25.54300022125244,-0.11438828763434507
2022-05-04,65.47296142578125,53.80043411254883,25.420000076293945,25.762500190734862,0.09958486878999429
2022-05-05,64.37964630126953,53.167789459228516,31.200000762939453,26.21750020980835,-0.018192949585504804
2022-05-06,64.9442138671875,53.02046585083008,30.190000534057617,26.6495002746582,0.05442575420580418
2022-05-09,63.36699676513672,53.453773498535156,34.75,27.3290002822876,-0.1489882079918454
2022-05-10,62.72177505493164,53.540443420410156,32.9900016784668,27.76000032424927,-0.22994729859987212
2022-05-11,62.90995788574219,52.483150482177734,32.560001373291016,28.175000381469726,-0.18064314752986563
2022-05-12,61.39545822143555,54.14707565307617,31.770000457763672,28.6725004196167,-0.4070335108469467
2022-05-13,62.55150604248047,54.05175018310547,28.8700008392334,28.981000423431396,-0.26347133495798136
2022-05-16,62.8382682800293,53.93910217285156,27.469999313354492,29.246000385284425,-0.22564446705578492
2022-05-17,64.54095458984375,54.75372314453125,26.100000381469727,29.48250036239624,-0.037973940017820416
2022-05-18,63.626888275146484,54.78839111328125,30.959999084472656,30.01450033187866,-0.15047265481219865
2022-05-19,63.142967224121094,54.83172607421875,29.350000381469727,30.34800033569336,-0.21065314480443617
2022-05-20,63.82404708862305,55.32570266723633,29.43000030517578,30.409000396728516,-0.139769820992495
2022-05-23,65.01592254638672,55.16971206665039,28.479999542236328,30.48200035095215,0.009678267098853428
2022-05-24,66.91577911376953,55.767677307128906,29.450000762939453,30.278500366210938,0.22682298561131797
2022-05-25,67.0233154296875,56.339656829833984,28.3700008392334,30.117000389099122,0.22571709479551602
2022-05-26,67.24735260009766,55.87167739868164,27.5,29.992500400543214,0.26472924904583023
2022-05-27,69.78438568115234,56.15766906738281,25.719999313354492,29.608500289916993,0.5674594095612123
2022-05-31,68.21619415283203,56.20099639892578,26.190000534057617,29.301000308990478,0.3748562792027426
2022-06-01,68.64879608154297,56.13166809082031,25.690000534057617,29.12300033569336,0.42941622574362026
2022-06-02,70.76675415039062,54.99637985229492,24.719999313354492,29.088000297546387,0.716347074598034
2022-06-03,70.91996765136719,54.98771667480469,24.790000915527344,28.76750030517578,0.7352748325491757
2022-06-06,72.27185821533203,53.757102966308594,25.06999969482422,28.51150026321411,0.9310183580197263
2022-06-07,71.90233612060547,54.19907760620117,24.020000457763672,27.975000286102294,0.8748853996624634
2022-06-08,70.73971557617188,54.060420989990234,23.959999084472656,27.523500156402587,0.7363454585357642
2022-06-09,69.70327758789062,53.02046585083008,26.09000015258789,27.200000095367432,0.6356540553241634
2022-06-10,68.41447448730469,52.6391487121582,27.75,26.999000072479248,0.48774435238081215
2022-06-13,65.26008605957031,51.261207580566406,34.02000045776367,27.256500053405762,0.1368000854631807
2022-06-14,64.42191314697266,50.708412170410156,32.689998626708984,27.517500019073488,0.04819515075409661
2022-06-15,66.86431121826172,51.234886169433594,29.6200008392334,27.69350004196167,0.33338067110632413
2022-06-16,63.87214660644531,50.646976470947266,32.95000076293945,27.79300012588501,-0.017418844257204587
2022-06-17,63.81806564331055,51.35773468017578,31.1299991607666,27.882000064849855,-0.041718069241943226
2022-06-21,65.54846954345703,53.095088958740234,30.190000534057617,27.920000076293945,0.12636625187250244
2022-06-22,67.31493377685547,53.97256088256836,28.950000762939453,27.943500137329103,0.3202613584782677
2022-06-23,69.57709503173828,54.91143798828125,29.049999237060547,27.923500061035156,0.5731676657385666
2022-06-24,70.31612396240234,55.35016632080078,27.229999542236328,27.866499996185304,0.6525037572393756
2022-06-27,70.19896697998047,55.13079833984375,26.950000762939453,27.839000034332276,0.6436564299383636
2022-06-28,68.89212799072266,54.58677291870117,28.360000610351562,27.971000099182127,0.49759460002156053
2022-06-29,68.49559020996094,54.82368469238281,28.15999984741211,28.069500064849855,0.44326721901609806
2022-06-30,69.81141662597656,54.23579025268555,28.709999084472656,28.220499992370605,0.6186057521175877
2022-07-01,72.60531616210938,54.71839904785156,26.700000762939453,28.319500064849855,0.9478124516653004
2022-07-05,71.29850006103516,54.70084762573242,27.540000915527344,28.457000064849854,0.7886468857088608
2022-07-06,71.71308135986328,55.04305648803711,26.729999542236328,28.54000005722046,0.83076077063064
2022-07-07,72.4430923461914,55.03428649902344,26.079999923706055,28.643000030517577,0.920135931019687
2022-07-08,72.32592010498047,55.13957595825195,24.639999389648438,28.677000045776367,0.9032044171119975
2022-07-11,72.71346282958984,54.98162841796875,26.170000076293945,28.68100004196167,0.9544674158658829
2022-07-12,72.05554962158203,54.70084762573242,27.290000915527344,28.65800008773804,0.8811059608048442
2022-07-13,72.3349380493164,54.80613327026367,26.81999969482422,28.298000049591064,0.9126068170818352
2022-07-14,72.21778106689453,54.23579025268555,26.399999618530273,27.98350009918213,0.9124969874422829
2022-07-15,70.93799591064453,54.928977966308594,24.229999542236328,27.714000034332276,0.7389389342527007
2022-07-18,69.85647583007812,53.43730545043945,25.299999237060547,27.33149995803833,0.6439870894408548
2022-07-19,71.13628387451172,54.50780487060547,24.5,27.0,0.773641076812899
2022-07-20,70.58650970458984,54.00764846801758,23.8799991607666,26.68449993133545,0.7189480695776008
2022-07-21,71.08219146728516,53.53382110595703,23.110000610351562,26.392499923706055,0.7912819813860118
2022-07-22,72.32592010498047,53.34955978393555,23.030000686645508,26.091499996185302,0.9477667378047594
2022-07-25,72.9838638305664,53.30567932128906,23.360000610351562,25.898000049591065,1.029214338007333
2022-07-26,72.0195083618164,53.191612243652344,24.690000534057617,25.785000038146972,0.914276516171452
2022-07-27,72.4430923461914,53.43730545043945,23.239999771118164,25.528999996185302,0.9598926564886291
2022-07-28,76.19233703613281,52.998573303222656,22.329999923706055,25.2375,1.4287131471454506
2022-07-29,76.14724731445312,52.428226470947266,21.329999923706055,24.86850004196167,1.4374050453115894
2022-08-01,76.88629150390625,52.296600341796875,22.84000015258789,24.675500011444093,1.530941932655205
2022-08-02,77.21075439453125,52.24395751953125,23.93000030517578,24.494999980926515,1.5718793870769692
2022-08-03,77.9227294921875,54.63941955566406,21.950000762939453,24.25600004196167,1.5991986307791024
2022-08-04,79.29265594482422,54.32353591918945,21.440000534057617,24.024000072479247,1.7743727562141627
2022-08-05,79.29265594482422,53.60401916503906,21.149999618530273,23.84950008392334,1.792285072763207
2022-08-08,78.8780746459961,54.0515251159668,21.290000915527344,23.60550012588501,1.7305112957868052
2022-08-09,80.13984680175781,54.402503967285156,21.770000457763672,23.329500102996825,1.8758749570044193
2022-08-10,80.9149169921875,55.40281677246094,19.739999771118164,22.975500106811523,1.9456321926642732
2022-08-11,80.59947204589844,54.79736328125,20.200000762939453,22.665500164031982,1.9221793662841706
2022-08-12,81.53677368164062,55.244873046875,19.530000686645508,22.43050022125244,2.0255120504801307
2022-08-15,82.01445007324219,58.096614837646484,19.950000762939453,22.163000297546386,2.012857152868894
2022-08-16,81.59086608886719,58.2019157409668,19.690000534057617,21.922500324249267,1.9585030400572208
2022-08-17,81.29345703125,57.92989730834961,19.899999618530273,21.723500347137453,1.9289521101456173
2022-08-18,81.3294906616211,57.19282913208008,19.559999465942383,21.546000289916993,1.9517021844739009
2022-08-19,80.85182189941406,57.333221435546875,20.600000381469727,21.424500274658204,1.8898690561847817
2022-08-22,79.79736328125,56.47331237792969,23.799999237060547,21.44650020599365,1.7824945449450205
2022-08-23,79.29265594482422,55.87664031982422,24.110000610351562,21.41750020980835,1.7357083366611625
2022-08-24,79.9505615234375,55.82398986816406,22.81999969482422,21.396500205993654,1.8173696061730513
2022-08-25,80.56343841552734,55.79766845703125,21.780000686645508,21.369000244140626,1.8928760262598812
2022-08-26,79.36475372314453,54.727176666259766,25.559999465942383,21.580500221252443,1.7731295095493704
2022-08-29,78.80779266357422,54.79736328125,26.209999084472656,21.74900016784668,1.703360114294151
2022-08-30,77.61235809326172,54.84123611450195,26.209999084472656,21.863000106811523,1.5562685124607976
2022-08-31,77.03276062011719,55.6923713684082,25.8700008392334,22.059000110626222,1.4642928549171914
2022-09-01,78.11951446533203,56.99101257324219,25.559999465942383,22.26500005722046,1.564689403895588
2022-09-02,77.07804870605469,55.999481201171875,25.469999313354492,22.48100004196167,1.462178448834291
2022-09-06,79.12477111816406,55.62217712402344,26.90999984741211,22.761999988555907,1.7215392695031946
2022-09-07,81.72390747070312,56.85062789916992,24.639999389648438,22.905499935150146,2.0083917028179314
2022-09-08,81.75106811523438,57.12263870239258,23.610000610351562,23.098999977111816,2.0049371654082466
2022-09-09,81.41600036621094,57.28057861328125,22.790000915527344,23.228499984741212,1.9600831677952002
2022-09-12,82.24011993408203,59.67604446411133,23.8700008392334,23.445499992370607,2.0010986113752827
2022-09-13,80.47415161132812,57.12263870239258,27.270000457763672,23.811499977111815,1.8489863200756331
2022-09-14,80.49225616455078,57.8414421081543,26.15999984741211,24.13499994277954,1.8333028860093357
2022-09-15,77.89310455322266,57.681705474853516,26.270000457763672,24.45349998474121,1.519843029354799
2022-09-16,76.78823852539062,58.21414566040039,26.299999237060547,24.79049997329712,1.3716497886458738
2022-09-19,78.64476776123047,58.40938186645508,25.760000228881836,25.048499965667723,1.5935288147371238
2022-09-20,77.60330963134766,57.30899429321289,27.15999984741211,25.216499996185302,1.4937287585628292
2022-09-21,76.04562377929688,56.3505859375,27.989999771118164,25.41049995422363,1.3273468310261036
2022-09-22,75.65619659423828,56.59019470214844,27.350000381469727,25.636999988555907,1.2738207314332972
2022-09-23,74.73246765136719,55.78264236450195,29.920000076293945,26.04399995803833,1.1811089244814021
2022-09-26,73.49176025390625,55.32119369506836,32.2599983215332,26.37899990081787,1.0410680572089783
2022-09-27,73.42835998535156,55.57853698730469,32.599998474121094,26.698499870300292,1.0269183888473221
2022-09-28,74.59661865234375,56.732177734375,30.18000030517578,26.89699993133545,1.1408789633327243
2022-09-29,72.42311096191406,55.96900177001953,31.84000015258789,27.195499897003174,0.8944259206372241
2022-09-30,71.01033782958984,54.74437713623047,31.6200008392334,27.498499965667726,0.7523697353755788
2022-10-03,73.52799987792969,55.30344772338867,30.100000381469727,27.730000019073486,1.0459358164565444
2022-10-04,75.00415802001953,57.9567985534668,29.06999969482422,27.83800001144409,1.1601652308982544
2022-10-05,74.05325317382812,58.08102798461914,28.549999237060547,28.033500003814698,1.0409377704555187
2022-10-06,71.46315002441406,57.63733673095703,30.520000457763672,28.378999996185303,0.7356520391121938
2022-10-07,69.48888397216797,57.051639556884766,31.360000610351562,28.807499980926515,0.5091142174257194
2022-10-10,69.4979476928711,57.2025032043457,32.45000076293945,29.236499977111816,0.5064654375842127
2022-10-11,68.85492706298828,58.276268005371094,33.630001068115234,29.554500007629393,0.4012015124520395
2022-10-12,65.88449096679688,58.02779006958008,33.56999969482422,29.925,0.04460558956671262
2022-10-13,66.1923828125,58.97732925415039,31.940000534057617,30.2085000038147,0.05856996169479269
2022-10-14,64.99696350097656,58.719970703125,32.02000045776367,30.494500064849852,-0.08102064346665881
2022-10-17,66.69955444335938,58.90632247924805,31.3700008392334,30.77500009536743,0.1222789515747227
2022-10-18,67.97648620605469,59.3411750793457,30.5,30.942000102996825,0.2674060370551521
2022-10-19,66.69049072265625,58.73772430419922,30.760000228881836,31.08050012588501,0.1253692311730731
2022-10-20,63.973602294921875,58.71110534667969,29.979999542236328,31.21200008392334,-0.20578387281383734
2022-10-21,64.88827514648438,60.1575813293457,29.690000534057617,31.200500106811525,-0.13008405065646916
2022-10-24,66.36445617675781,61.23134994506836,29.850000381469727,31.08000020980835,0.023471741911145722
2022-10-25,68.70098114013672,61.76378631591797,28.459999084472656,30.87300024032593,0.29557846116202835
2022-10-26,68.46551513671875,62.846431732177734,27.280000686645508,30.728000259399415,0.23986842990964283
2022-10-27,68.34778594970703,62.29623794555664,27.389999389648438,30.50550022125244,0.239187102841563
2022-10-28,71.57181549072266,70.34505462646484,25.75,30.212000179290772,0.43256574024896993
2022-10-31,70.18621063232422,69.62625122070312,25.8799991607666,30.001000118255615,0.28123525607365035
2022-11-01,70.37640380859375,70.40716552734375,25.809999465942383,29.838000106811524,0.2850228984189962
2022-11-02,69.98696899414062,69.1115493774414,25.860000610351562,29.703500175476073,0.26971517810714923
2022-11-03,70.80203247070312,70.51366424560547,25.299999237060547,29.442500114440918,0.3343539934114032
2022-11-04,71.36354064941406,71.2945785522461,24.549999237060547,29.102000045776368,0.3834906373071834
2022-11-07,69.99603271484375,72.28849029541016,24.350000381469727,28.69700002670288,0.19173242771035118
2022-11-08,70.883544921875,72.9718017578125,25.540000915527344,28.292500019073486,0.28311402285340853
2022-11-09,70.82013702392578,73.05165100097656,26.09000015258789,27.91850004196167,0.27338212397374095
2022-11-10,75.3482894897461,73.30014038085938,23.530000686645508,27.498000049591063,0.8202229219904091
2022-11-11,75.44790649414062,72.60794830322266,22.520000457763672,27.023000049591065,0.849621298044419
2022-11-14,73.95362854003906,73.52198791503906,23.729999542236328,26.64099998474121,0.6443689742579735
2022-11-15,75.08567810058594,73.65509796142578,24.540000915527344,26.34300003051758,0.7793133378450605
2022-11-16,76.36259460449219,73.5486068725586,24.110000610351562,26.010500049591066,0.9379152709840926
2022-11-17,74.57850646972656,74.20530700683594,23.93000030517578,25.708000087738036,0.7036746427694645
2022-11-18,75.3482894897461,74.20530700683594,23.1200008392334,25.379500102996825,0.7976888655690718
2022-11-21,75.7105484008789,74.85311126708984,22.360000610351562,25.005000114440918,0.8258048000634306
2022-11-22,76.17240905761719,75.634033203125,21.290000915527344,24.646500205993654,0.8627712215772061
2022-11-23,77.29654693603516,75.8026351928711,20.350000381469727,24.300000190734863,0.9958657557139597
2022-11-25,77.67882537841797,76.54804992675781,20.5,23.955500221252443,1.0239966862058745
2022-11-28,76.21337127685547,75.61626434326172,22.209999084472656,23.778500175476076,0.8682163249974181
2022-11-29,75.08468627929688,76.10435485839844,21.889999389648438,23.579000186920165,0.7182181360273489
2022-11-30,77.09629821777344,77.94129943847656,20.579999923706055,23.31750020980835,0.9181673290769955
2022-12-01,77.21463012695312,78.00340270996094,19.84000015258789,23.016500186920165,0.9310732444813296
2022-12-02,77.55140686035156,79.00617980957031,19.059999465942383,22.704500198364258,0.9472399973343949
2022-12-05,77.50590515136719,78.07440185546875,20.75,22.514500236511232,0.9648793802895922
2022-12-06,77.53321838378906,78.05665588378906,22.170000076293945,22.405500221252442,0.9686569521116101
2022-12-07,77.63334655761719,77.90579986572266,22.68000030517578,22.262500190734862,0.9846412364083188
2022-12-08,78.06114959716797,79.39664459228516,22.290000915527344,22.072500228881836,0.9997746980588186
2022-12-09,76.92335510253906,78.0655288696289,22.829999923706055,22.037500190734864,0.8939529640152224
2022-12-12,78.78023529052734,78.57134246826172,25.0,22.16150016784668,1.1081430508849182
2022-12-13,79.32636260986328,78.75769805908203,22.549999237060547,22.10250015258789,1.170202713383109
2022-12-14,79.23534393310547,79.09772491455078,21.139999389648438,21.932500076293945,1.1506215852802013
2022-12-15,78.10664367675781,77.46924591064453,22.829999923706055,21.86850004196167,1.0533133748768502
2022-12-16,76.58657836914062,77.63031005859375,22.6200008392334,21.803000068664552,0.8636568894106723
2022-12-19,76.02223205566406,77.32608032226562,22.420000076293945,21.768000030517577,0.8023065945856972
2022-12-20,76.02223205566406,75.8497085571289,21.479999542236328,21.723999977111816,0.839060760834997
2022-12-21,77.05079650878906,76.29710388183594,20.06999969482422,21.66299991607666,0.9535422957252501
2022-12-22,75.85839080810547,76.3060531616211,21.969999313354492,21.743999862670897,0.8076900314781412
2022-12-23,76.6138687133789,75.8318099975586,20.8700008392334,21.76249990463257,0.9117634076508128
2022-12-27,76.4591293334961,76.06444549560547,21.649999618530273,21.73449993133545,0.88707351846663
2022-12-28,75.69457244873047,75.67074584960938,22.139999389648438,21.74699993133545,0.8034986914542647
2022-12-29,76.5319595336914,76.28813934326172,21.440000534057617,21.789999961853027,0.8903994878723192
2022-12-30,76.09504699707031,76.8160629272461,21.670000076293945,21.88149995803833,0.8238963877175488
2023-01-03,76.30439758300781,76.40446472167969,22.899999618530273,22.073499965667725,0.8597112510740715
2023-01-04,76.90514373779297,76.50288391113281,22.010000228881836,22.136499977111818,0.9306307263478714
2023-01-05,75.21212005615234,76.8160629272461,22.459999084472656,22.15099992752075,0.7160638063530864
2023-01-06,76.14057159423828,78.81141662597656,21.1299991607666,22.073499870300292,0.7797821603630639
2023-01-09,76.5228500366211,76.14498138427734,21.969999313354492,22.05749979019165,0.8928508444625485
2023-01-10,76.95066833496094,77.97032165527344,20.579999923706055,21.944999790191652,0.8996589277629148
2023-01-11,77.3693618774414,78.01506042480469,21.09000015258789,21.749499797821045,0.9496805403567062
2023-01-12,77.43309020996094,76.69974517822266,18.829999923706055,21.56349983215332,0.9902084092414055
2023-01-13,77.07809448242188,77.19186401367188,18.350000381469727,21.423999881744386,0.9346012318054402
2023-01-17,78.04293823242188,76.42237091064453,19.360000610351562,21.25049991607666,1.0715948533834758
2023-01-18,76.277099609375,74.92809295654297,20.34000015258789,21.136499881744385,0.8931314937262675
2023-01-19,75.17572021484375,74.82072448730469,20.520000457763672,21.041499900817872,0.7612920676539264
2023-01-20,74.47484588623047,74.27491760253906,19.850000381469727,20.95999994277954,0.6892815412231686
2023-01-23,75.24854278564453,74.47178649902344,19.809999465942383,20.946999931335448,0.7788727326145433
2023-01-24,76.36812591552734,75.17864227294922,19.200000762939453,20.808500003814697,0.8980112033540077
2023-01-25,69.71435546875,75.2233657836914,19.079999923706055,20.71899995803833,0.08426744892698972
2023-01-26,69.54141235351562,74.82072448730469,18.729999542236328,20.572999954223633,0.07316949178437586
2023-01-27,68.79501342773438,74.91915130615234,18.510000228881836,20.391499996185303,-0.02043914107275533
2023-01-30,68.31260681152344,74.5791244506836,19.940000534057617,20.316499996185303,-0.07089090775976692
2023-01-31,67.93030548095703,75.10704803466797,19.399999618530273,20.202999973297118,-0.13072429715208062
2023-02-01,67.5753173828125,75.16073608398438,17.8700008392334,19.951500034332277,-0.17541584070594077
2023-02-02,68.81322479248047,72.82537841796875,18.729999542236328,19.7875,0.03390934932256557
2023-02-03,67.96671295166016,75.60811614990234,18.329999923706055,19.58100004196167,-0.13875187709854325
2023-02-06,68.73130798339844,77.27239990234375,19.43000030517578,19.49600009918213,-0.08680348882318681
2023-02-07,69.2501449584961,76.99500274658203,18.65999984741211,19.33050012588501,-0.016531727701443528
2023-02-08,68.29439544677734,76.65499877929688,19.6299991607666,19.28300008773804,-0.12479381483413642
2023-02-09,66.6924057006836,76.52973937988281,20.709999084472656,19.264000034332277,-0.31732779462538274
2023-02-10,68.03043365478516,77.57661437988281,20.530000686645508,19.34900007247925,-0.17997523440169108
2023-02-13,68.8314437866211,78.28348541259766,20.34000015258789,19.448500061035155,-0.09974472142711065
2023-02-14,69.20462036132812,76.66395568847656,18.90999984741211,19.426000022888182,-0.0138502914662604
2023-02-15,70.0329360961914,76.10025024414062,18.229999542236328,19.320499992370607,0.10134598461396539
2023-02-16,68.89515686035156,74.61491394042969,20.170000076293945,19.30299997329712,-0.0006345758657557496
2023-02-17,69.24102020263672,75.84075927734375,20.020000457763672,19.311499977111815,0.011088664557213542
2023-02-21,67.0473861694336,75.73339080810547,22.8700008392334,19.46450004577637,-0.2541487039007583
2023-02-22,67.06558227539062,74.71334075927734,22.290000915527344,19.619000053405763,-0.22653232800048237
2023-02-23,66.32830047607422,73.8543701171875,21.139999389648438,19.72200002670288,-0.29519313962192184
2023-02-24,66.37381744384766,72.17220306396484,21.670000076293945,19.869000053405763,-0.24775669076156753
2023-02-27,65.83146667480469,72.37800598144531,20.950000762939453,19.99100008010864,-0.3191178772709014
2023-02-28,65.07110595703125,72.05587768554688,20.700000762939453,20.029000091552735,-0.4039619864990144
2023-03-01,64.00843811035156,71.21479034423828,20.579999923706055,20.088000106811524,-0.512807662696523
2023-03-02,66.15211486816406,71.24163818359375,19.59000015258789,20.17400007247925,-0.2516670615404801
2023-03-03,67.6362075805664,72.53904724121094,18.489999771118164,20.16200008392334,-0.10271252114919588
2023-03-06,68.15839385986328,72.57484436035156,18.610000610351562,20.176000118255615,-0.03982865518065373
2023-03-07,67.56292724609375,71.83218383789062,19.59000015258789,20.184000110626222,-0.0940649953510766
2023-03-08,68.0209732055664,71.76060485839844,19.110000610351562,20.206500148773195,-0.036341518457079953
2023-03-09,67.57206726074219,70.64213562011719,22.610000610351562,20.35550022125244,-0.06332255532348627
2023-03-10,66.88500213623047,71.13426208496094,24.799999237060547,20.560000228881837,-0.15948582670718509
2023-03-13,67.14151763916016,71.1432113647461,26.520000457763672,20.859500217437745,-0.128380172537078
2023-03-14,68.29580688476562,72.05553436279297,23.729999542236328,21.029000186920165,-0.010118107212381764
2023-03-15,69.1844482421875,71.9471435546875,26.139999389648438,21.390500164031984,0.10111076163805667
2023-03-16,69.83486938476562,72.12779998779297,22.989999771118164,21.628500175476074,0.17604979322794656
2023-03-17,69.32183837890625,69.83344268798828,25.510000228881836,21.89550018310547,0.17051075739661287
2023-03-20,69.5966796875,71.7755126953125,24.149999618530273,22.102000141143797,0.15572965903850555
2023-03-21,69.03787231445312,71.48646545410156,21.3799991607666,22.027500057220458,0.09467787239121363
2023-03-22,67.91104888916016,70.28508758544922,22.260000228881836,22.026000022888184,-0.013033770392149804
2023-03-23,67.61788177490234,71.14322662353516,22.610000610351562,22.09950008392334,-0.07020181524420643
2023-03-24,69.34017944335938,72.26329040527344,21.739999771118164,22.10300006866455,0.11225988664753288
2023-03-27,69.11114501953125,71.8839111328125,20.600000381469727,22.085500049591065,0.09373234625166169
2023-03-28,68.92790985107422,73.13947296142578,19.969999313354492,22.048999977111816,0.04009656777743907
2023-03-29,69.72492980957031,73.42855072021484,19.1200008392334,21.976000022888183,0.13024069040802014
2023-03-30,70.16466522216797,73.57305908203125,19.020000457763672,21.947500038146973,0.18034840697236473
2023-03-31,70.61356353759766,74.94607543945312,18.700000762939453,21.958000087738036,0.20099158028982844
2023-04-03,70.23795318603516,75.18994903564453,18.549999237060547,21.955000019073488,0.14904676907946748
2023-04-04,70.68685150146484,74.17826843261719,19.0,21.925500011444093,0.2290567974183257
2023-04-05,71.75869750976562,75.56031036376953,19.079999923706055,21.923999977111816,0.32555638528457037
2023-04-06,72.34500885009766,75.30740356445312,18.399999618530273,21.71349992752075,0.4034591595843265
2023-04-10,71.8503189086914,74.61183166503906,18.969999313354492,21.42199993133545,0.36035848811390686
2023-04-11,71.76783752441406,74.55765533447266,19.100000381469727,21.050999927520753,0.3516336857003807
2023-04-12,71.99687957763672,74.21440124511719,19.09000015258789,20.81899995803833,0.3881520621474979
2023-04-13,72.23507690429688,75.21705627441406,17.799999237060547,20.401999950408936,0.39228227126061777
2023-04-14,71.47470092773438,74.97315979003906,17.06999969482422,20.10599994659424,0.3054887232839289
2023-04-17,71.9510726928711,75.54224395751953,16.950000762939453,19.67799997329712,0.34950108383299094
2023-04-18,71.73120880126953,75.67771911621094,16.829999923706055,19.311999988555907,0.3192762848481506
2023-04-19,72.31751251220703,75.97582244873047,16.459999084472656,19.06599998474121,0.38346077075430235
2023-04-20,72.1434555053711,76.49972534179688,17.170000076293945,18.811499977111815,0.3491605238414749
2023-04-21,72.36332702636719,78.19792175292969,16.770000457763672,18.51949996948242,0.33373713606495337
2023-04-24,72.40911865234375,78.31534576416016,16.889999389648438,18.276999950408936,0.3364064422769684
2023-04-25,71.29148864746094,77.31269073486328,18.760000228881836,18.18499994277954,0.22487040892836146
2023-04-26,67.85606384277344,75.64159393310547,18.84000015258789,18.12849998474121,-0.15309896919945074
2023-04-27,69.48674011230469,75.46998596191406,17.030000686645508,18.023999977111817,0.05032901020456448
2023-04-28,70.20130157470703,74.25956726074219,15.779999732971191,17.86199994087219,0.1677322638407372
2023-05-01,70.35704803466797,73.54596710205078,16.079999923706055,17.73099989891052,0.20451872829752984
2023-05-02,69.56920623779297,72.66075897216797,17.780000686645508,17.692499971389772,0.13033616360796726
2023-05-03,69.06534576416016,71.76648712158203,18.34000015258789,17.659499979019166,0.09106210825552227
2023-05-04,69.17528533935547,70.92642974853516,20.09000015258789,17.709999990463256,0.1254022838578858
2023-05-05,69.17528533935547,72.03746032714844,17.190000534057617,17.649500036239623,0.0977432595127358
2023-05-08,69.67912292480469,70.98965454101562,16.979999542236328,17.550000047683717,0.1853623991015233
2023-05-09,69.23939514160156,71.17935180664062,17.709999084472656,17.480499982833862,0.12693558986506664
2023-05-10,70.43949890136719,70.55609130859375,16.940000534057617,17.37300000190735,0.2890212567829464
2023-05-11,69.71578979492188,71.08901977539062,16.93000030517578,17.32950005531311,0.18736686341921052
2023-05-12,71.41973876953125,70.61026763916016,17.030000686645508,17.327500104904175,0.4073900288987689
2023-05-15,71.03498077392578,70.79996490478516,17.1200008392334,17.33600010871887,0.3556767242786166
2023-05-16,69.47758483886719,70.74575805664062,17.989999771118164,17.39400010108948,0.16682017466890062
2023-05-17,69.01953125,71.1883773803711,16.8700008392334,17.414500188827514,0.09985874397548146
2023-05-18,68.7996597290039,70.64640808105469,16.049999237060547,17.358500146865843,0.08649794304482265
2023-05-19,68.23168182373047,71.22450256347656,16.809999465942383,17.36050009727478,0.002738722599171007
2023-05-22,68.32329559326172,71.01676940917969,17.209999084472656,17.37650008201599,0.01909908792630615
2023-05-23,67.93853759765625,70.98062133789062,18.530000686645508,17.365000104904176,-0.026991813681554164
2023-05-24,68.0118179321289,71.40518188476562,20.030000686645508,17.424500131607054,-0.02861143068091422
2023-05-25,67.23311614990234,70.14057159423828,19.139999389648438,17.530000066757204,-0.09223252917117858
2023-05-26,68.15325927734375,69.63471984863281,17.950000762939453,17.638500118255614,0.03273843706562903
2023-05-30,67.01921844482422,68.94821166992188,17.459999084472656,17.707500076293947,-0.08867231647234436
2023-05-31,67.72914123535156,69.49922943115234,17.940000534057617,17.71550006866455,-0.015686418455474724
2023-06-01,67.26815795898438,68.8398208618164,15.649999618530273,17.58100004196167,-0.05557075110048982
2023-06-02,68.08871459960938,70.35734558105469,14.600000381469727,17.306500053405763,0.006865829039295468
2023-06-05,67.8489990234375,70.20379638671875,14.729999542236328,17.183500003814697,-0.018588232276599666
2023-06-06,67.6553955078125,68.8307876586914,13.960000038146973,17.03250002861023,-0.008052235156598348
2023-06-07,68.38375091552734,68.72239685058594,13.9399995803833,16.84400005340576,0.0836007810243162
2023-06-08,69.05680847167969,70.81804656982422,13.649999618530273,16.679500007629393,0.11363079943366071
2023-06-09,68.29154968261719,70.56510925292969,13.829999923706055,16.52449998855591,0.026465980476404208
2023-06-12,68.20858764648438,70.33026123046875,15.010000228881836,16.423499965667723,0.022180284112946404
2023-06-13,68.54972076416016,70.8631820678711,14.609999656677246,16.297999906539918,0.050576122709086006
2023-06-14,67.67383575439453,71.09119415283203,13.880000114440918,16.092499923706054,-0.06207276595373402
2023-06-15,68.55895233154297,72.04882049560547,14.5,15.973999881744385,0.022187200250967185
2023-06-16,69.69298553466797,71.92112731933594,13.539999961853027,15.84849991798401,0.16386650471101336
2023-06-20,68.92774200439453,70.872314453125,13.880000114440918,15.701999950408936,0.09651681244724608
2023-06-21,69.86815643310547,70.78111267089844,13.199999809265137,15.50149998664856,0.21364084883384943
2023-06-22,69.26885986328125,71.23711395263672,12.90999984741211,15.220499944686889,0.12909615578737482
2023-06-23,68.38375091552734,70.65343475341797,13.4399995803833,14.890999889373779,0.03552773479681966
2023-06-26,68.494384765625,69.82350158691406,14.25,14.646499919891358,0.06970066137901121
2023-06-27,68.14405059814453,69.32189178466797,13.739999771118164,14.435999870300293,0.03940160521699975
2023-06-28,67.71070861816406,69.4769287109375,13.430000305175781,14.23449993133545,-0.01738243411437129
2023-06-29,67.1298599243164,69.32189178466797,13.539999961853027,14.01449990272522,-0.08446232200776815
2023-06-30,68.41141510009766,70.28863525390625,13.59000015258789,13.9114999294281,0.04798804067782357
2023-07-03,68.57737731933594,69.96942138671875,13.569999694824219,13.859999895095825,0.07620394642586564
2023-07-05,69.10291290283203,70.44366455078125,14.180000305175781,13.832499933242797,0.12858178366061035
2023-07-06,67.3234634399414,69.53165435791016,15.4399995803833,13.906499910354615,-0.06603939186335263
2023-07-07,66.42916107177734,67.87178802490234,14.829999923706055,13.950999927520751,-0.13393901336876649
2023-07-10,66.11566925048828,69.03006744384766,15.069999694824219,14.021999931335449,-0.2010613037822216
2023-07-11,66.5582275390625,69.42222595214844,14.84000015258789,14.07249994277954,-0.15677405923086093
2023-07-12,67.73837280273438,69.65933990478516,13.539999961853027,13.9989999294281,-0.018544898102082458
2023-07-13,67.95964813232422,69.96029663085938,13.609999656677246,13.948999929428101,0.0009873413499609407
2023-07-14,67.48943328857422,70.3980712890625,13.34000015258789,13.92199993133545,-0.06733874564661549
2023-07-17,66.9915542602539,70.66256713867188,13.479999542236328,13.870999908447265,-0.13472971871310285
2023-07-18,66.42916107177734,71.33744812011719,13.300000190734863,13.858999919891357,-0.2202163659374106
2023-07-19,66.47525024414062,72.0123291015625,13.760000228881836,13.852999925613403,-0.23138857032018093
2023-07-20,68.31922149658203,72.9061050415039,13.989999771118164,13.892499923706055,-0.02843335607377969
2023-07-21,69.97879028320312,73.54450225830078,13.600000381469727,13.926999950408936,0.1583582703710546
2023-07-24,69.61000061035156,70.82672119140625,13.90999984741211,13.950499963760375,0.18097664866091243
2023-07-25,69.5546875,70.4345474243164,13.859999656677246,13.930999946594238,0.1839843507781613
2023-07-26,68.56815338134766,70.3980712890625,13.1899995803833,13.903499937057495,0.06440621170232934
2023-07-27,67.5539779663086,69.77790832519531,14.40999984741211,13.952499914169312,-0.04401694068950337
2023-07-28,67.166748046875,70.09711456298828,13.329999923706055,13.941999912261963,-0.0992562596801864
2023-07-31,67.58162689208984,69.44046783447266,13.630000114440918,13.943999910354615,-0.03223959888354148
2023-08-01,66.53977966308594,69.02093505859375,13.930000305175781,13.961999940872193,-0.1490370060333174
2023-08-02,66.30008697509766,69.02093505859375,16.09000015258789,14.057499933242799,-0.17831086786959863
2023-08-03,64.63127899169922,68.8841323852539,15.920000076293945,14.08149995803833,-0.37871804406897386
2023-08-04,63.77381896972656,71.75696563720703,17.100000381469727,14.194999980926514,-0.5549593020372963
2023-08-07,63.28517532348633,73.57185363769531,15.770000457763672,14.230000019073486,-0.6598192487164831
2023-08-08,63.349700927734375,73.03379821777344,15.989999771118164,14.2875,-0.6385438344729184
2023-08-09,63.54332733154297,73.11585235595703,15.960000038146973,14.408500003814698,-0.6169388169005015
2023-08-10,62.96247863769531,72.96082305908203,15.850000381469727,14.520500040054321,-0.6840188947271121
2023-08-11,63.54332733154297,72.96082305908203,14.84000015258789,14.595500040054322,-0.6130793739841514
2023-08-14,63.2114143371582,72.82400512695312,14.819999694824219,14.662500047683716,-0.6502101040905126
2023-08-15,62.09580612182617,72.63249206542969,16.459999084472656,14.820499992370605,-0.7816925341333826
2023-08-16,62.28944396972656,71.13679504394531,16.780000686645508,14.971500015258789,-0.7208081200826999
2023-08-17,62.24333572387695,69.7687759399414,17.889999389648438,15.166499996185303,-0.6923826226999407
2023-08-18,62.538368225097656,69.20333099365234,17.299999237060547,15.351499938964844,-0.6422733544662227
2023-08-21,61.84688186645508,69.258056640625,17.1299991607666,15.512499904632568,-0.7280875336359722
2023-08-22,62.25254821777344,69.63198852539062,16.969999313354492,15.667999887466431,-0.6878521807689777
2023-08-23,62.59368896484375,70.26126861572266,15.979999542236328,15.807499885559082,-0.6618542668864253
2023-08-24,61.975955963134766,69.61373901367188,17.200000762939453,15.94699993133545,-0.7211782962741056
2023-08-25,62.65822219848633,70.09711456298828,15.680000305175781,16.064499950408937,-0.6498861678294295
2023-08-28,62.71353530883789,70.26126861572266,15.079999923706055,16.136999940872194,-0.6472173359682848
2023-08-29,62.674560546875,71.32832336425781,14.449999809265137,16.16299991607666,-0.6785416044652046
2023-08-30,62.284629821777344,70.82672119140625,13.880000114440918,16.05249991416931,-0.7136768101660678
2023-08-31,62.01539611816406,69.75053405761719,13.569999694824219,15.934999895095824,-0.719766940776983
2023-09-01,62.08039855957031,69.90557861328125,13.09000015258789,15.734499883651733,-0.7156879628198727
2023-09-05,61.458370208740234,68.54669952392578,14.010000228881836,15.646499872207642,-0.7578275936265475
2023-09-06,60.98491668701172,67.7076416015625,14.449999809265137,15.56949987411499,-0.7947625700237171
2023-09-07,61.50479507446289,67.43404388427734,14.399999618530273,15.491499853134155,-0.7244582071097573
2023-09-08,62.04326629638672,69.31278228759766,13.84000015258789,15.390999841690064,-0.705465335328649
2023-09-11,62.6931266784668,70.26126861572266,13.800000190734863,15.338999843597412,-0.6497098585010553
2023-09-12,62.87880325317383,70.04238891601562,14.229999542236328,15.309499835968017,-0.6215840342779706
2023-09-13,63.528648376464844,70.50750732421875,13.479999542236328,15.160499858856202,-0.5537970122879037
2023-09-14,64.31777954101562,71.24427032470703,12.819999694824219,14.962499809265136,-0.475761445528984
2023-09-15,63.7236213684082,69.6878662109375,13.789999961853027,14.757499837875367,-0.5095798980087379
2023-09-18,63.35226821899414,69.64181518554688,14.0,14.59249987602234,-0.5537871215977525
2023-09-19,62.748817443847656,69.77996063232422,14.109999656677246,14.44149990081787,-0.630926173522159
2023-09-20,62.526004791259766,69.82600402832031,15.140000343322754,14.349999952316285,-0.659284709932032
2023-09-21,62.11753463745117,69.31950378417969,17.540000915527344,14.428000020980836,-0.6965622139315514
2023-09-22,62.850948333740234,69.08004760742188,17.200000762939453,14.428000020980836,-0.6010285621862
2023-09-25,62.63740539550781,68.9142837524414,16.899999618530273,14.48899998664856,-0.6229820549871061
2023-09-26,60.659976959228516,69.55892944335938,18.940000534057617,14.682000017166137,-0.8805353961114896
2023-09-27,55.66532897949219,69.57735443115234,18.219999313354492,14.870499992370606,-1.4909944820278864
2023-09-28,52.99161148071289,69.4576416015625,17.34000015258789,15.043499994277955,-1.814557520464924
2023-09-29,53.186561584472656,69.01558685302734,17.520000457763672,15.241000032424926,-1.779743186251374
2023-10-02,48.41472244262695,68.24198150634766,17.610000610351562,15.467000055313111,-2.3432729118135986
2023-10-03,48.99959182739258,67.47760009765625,19.780000686645508,15.755500078201294,-2.252813122020829
2023-10-04,46.99430465698242,68.83140563964844,18.579999923706055,15.96200008392334,-2.531423355085974
2023-10-05,45.908111572265625,68.79454040527344,18.489999771118164,16.166500091552734,-2.66316323769285
2023-10-06,46.64152526855469,68.83140563964844,17.450000762939453,16.347000122070312,-2.5745085871061777
2023-10-09,45.78742218017578,69.12609100341797,17.700000762939453,16.542000150680543,-2.686157058454365
2023-10-10,47.88554763793945,69.96415710449219,17.030000686645508,16.682000207901,-2.450774893232426
2023-10-11,49.705162048339844,70.87589263916016,16.09000015258789,16.81250023841858,-2.2512415025898407
2023-10-12,49.20383834838867,70.69171905517578,16.690000534057617,17.00600028038025,-2.307883583716807
2023-10-13,50.58711624145508,71.5113296508789,19.31999969482422,17.28250026702881,-2.1593468812611287
2023-10-16,50.48499298095703,72.93880462646484,17.209999084472656,17.44300022125244,-2.2073561619365796
2023-10-17,50.2900390625,74.11762237548828,17.8799991607666,17.63150019645691,-2.2605126226223584
2023-10-18,49.42665100097656,73.37164306640625,19.219999313354492,17.835500144958495,-2.347387804941086
2023-10-19,48.63753128051758,72.2388916015625,21.399999618530273,18.028500080108643,-2.4155638703974747
2023-10-20,48.23832702636719,71.64948272705078,21.709999084472656,18.253999996185303,-2.4496457183371625
2023-10-23,47.8298454284668,71.42845916748047,20.3700008392334,18.42750005722046,-2.4940315410288116
2023-10-24,51.171993255615234,71.97180938720703,18.969999313354492,18.428999996185304,-2.0993789875880435
2023-10-25,52.416015625,72.1928482055664,20.190000534057617,18.527500057220458,-1.952948274595011
2023-10-26,53.44650650024414,72.29413604736328,20.68000030517578,18.694500064849855,-1.8296151439426678
2023-10-27,52.21177291870117,70.5627670288086,21.270000457763672,18.882000064849855,-1.9373118507777052
2023-10-30,53.1030158996582,71.62184143066406,19.75,18.989000034332275,-1.8548292038728196
2023-10-31,54.12421798706055,72.33098602294922,18.139999389648438,18.90699996948242,-1.747763069381813
2023-11-01,54.244911193847656,73.85054016113281,16.8700008392334,18.82150001525879,-1.770851898668596
2023-11-02,55.6189079284668,74.80831909179688,15.65999984741211,18.680000019073486,-1.6268884021128052
2023-11-03,55.126869201660156,75.13985443115234,14.90999984741211,18.55299997329712,-1.695235037586885
2023-11-06,54.811222076416016,74.7254409790039,14.890000343322754,18.412499952316285,-1.7234684839345429
2023-11-07,54.272769927978516,74.23735046386719,14.8100004196167,18.301499938964845,-1.777079102907785
2023-11-08,53.38151931762695,71.74156951904297,14.449999809265137,18.219499921798707,-1.8237959781290944
2023-11-09,50.80064392089844,69.05241394042969,15.289999961853027,18.149499893188477,-2.0720540477485234
2023-11-10,51.19055938720703,69.91808319091797,14.170000076293945,17.891999912261962,-2.0459841286732567
2023-11-13,50.59640121459961,69.0063705444336,14.760000228881836,17.76949996948242,-2.095852127701952
2023-11-14,53.427940368652344,68.8129653930664,14.15999984741211,17.5835000038147,-1.7452191538159023
2023-11-15,52.91733169555664,69.10768127441406,14.180000305175781,17.33150005340576,-1.8149171341561399
2023-11-16,52.54598617553711,68.6287841796875,14.319999694824219,16.97750005722046,-1.84834775497598
2023-11-17,53.260833740234375,69.48526000976562,13.800000190734863,16.58200011253357,-1.7823647464112342
2023-11-20,53.23297882080078,69.99177551269531,13.40999984741211,16.234000062942506,-1.7983763563525919
2023-11-21,53.8271484375,68.78535461425781,13.350000381469727,15.953000116348267,-1.695776181203794
2023-11-22,53.78783416748047,69.71549224853516,12.850000381469727,15.586000108718872,-1.7237333726288557
2023-11-24,53.862701416015625,69.42078399658203,12.460000038146973,15.175000095367432,-1.707253034810764
2023-11-27,53.89078903198242,68.99716186523438,12.6899995803833,14.746000051498413,-1.6932766298279296
2023-11-28,54.43362808227539,68.61958312988281,12.6899995803833,14.393000030517578,-1.6175794628127036
2023-11-29,54.62080764770508,69.28265380859375,12.979999542236328,14.135000038146973,-1.6112261667670693
2023-11-30,54.76119613647461,70.54434967041016,12.920000076293945,13.9375,-1.6254902325568514
2023-12-01,55.37891387939453,71.5113296508789,12.630000114440918,13.78600001335144,-1.5741207603570304
2023-12-04,54.910945892333984,72.14678955078125,13.079999923706055,13.694500017166138,-1.6470937964469596
2023-12-05,54.49913787841797,72.77304077148438,12.850000381469727,13.592500019073487,-1.7129787202074143
2023-12-06,56.342918395996094,73.08615112304688,12.970000267028809,13.500500011444093,-1.4955911735503205
2023-12-07,56.015342712402344,71.87971496582031,13.0600004196167,13.43100004196167,-1.505564117524505
2023-12-08,55.87495803833008,72.77304077148438,12.350000381469727,13.284000062942505,-1.544948691378139
2023-12-11,55.884315490722656,73.7584457397461,12.630000114440918,13.207000064849854,-1.568337442186611
2023-12-12,55.70648193359375,74.43073272705078,12.069999694824219,13.072500038146973,-1.6067929333276358
2023-12-13,58.50490951538086,76.52127075195312,12.1899995803833,12.974000024795533,-1.3170624995336775
2023-12-14,58.75761032104492,76.00083923339844,12.479999542236328,12.88899998664856,-1.2732438414790797
2023-12-15,57.55963134765625,74.65331268310547,12.279999732971191,12.786999988555909,-1.3860074082438583
2023-12-18,57.0916633605957,73.8819808959961,12.5600004196167,12.725,-1.4239584689997002
2023-12-19,57.625144958496094,73.8726806640625,12.529999732971191,12.680999994277954,-1.3585724014047398
2023-12-20,56.005985260009766,73.0362777709961,13.670000076293945,12.696999979019164,-1.5354994965216946
2023-12-21,55.78136444091797,73.35225677490234,13.649999618530273,12.736999940872192,-1.5707988928272878
2023-12-22,55.921749114990234,74.0306625366211,13.029999732971191,12.765499925613403,-1.5705424604695803
2023-12-26,56.35227584838867,74.3001708984375,12.989999771118164,12.780499935150146,-1.5246712731279086
2023-12-27,56.69857406616211,74.69049072265625,12.430000305175781,12.767499971389771,-1.4920945749694372
2023-12-28,57.11037826538086,75.40608215332031,12.470000267028809,12.742000007629395,-1.459615190981054
2023-12-29,56.848323822021484,75.28527069091797,12.449999809265137,12.718499994277954,-1.4886125196361293
2024-01-02,57.625144958496094,77.357666015625,13.199999809265137,12.746999979019165,-1.4453308548054273
2024-01-03,58.01823425292969,77.5807113647461,14.039999961853027,12.794999980926514,-1.4028752388865684
2024-01-04,57.84040069580078,78.51004791259766,14.130000114440918,12.858999967575073,-1.4477299598867286
2024-01-05,58.10246276855469,77.42273712158203,13.350000381469727,12.877999973297118,-1.3886555850160869
2024-01-08,58.88864517211914,78.05467224121094,13.079999923706055,12.878999948501587,-1.3083704704555663
2024-01-09,58.03695297241211,79.9783935546875,12.760000228881836,12.899499940872193,-1.460279227889634
2024-01-10,58.289649963378906,78.52863311767578,12.6899995803833,12.902499914169312,-1.3933254608157946
2024-01-11,56.82960510253906,79.35574340820312,12.4399995803833,12.920999908447266,-1.592232770191328
2024-01-12,57.12909698486328,80.27577209472656,12.699999809265137,12.946499919891357,-1.5785596307109615
2024-01-16,56.48330307006836,79.91334533691406,13.84000015258789,13.014499950408936,-1.6484083763966249
2024-01-17,54.53657150268555,80.36872100830078,14.789999961853027,13.139999961853027,-1.8975008209139648
2024-01-18,53.956302642822266,80.29435729980469,14.130000114440918,13.218499946594239,-1.9665182470228377
2024-01-19,53.59128189086914,81.1214828491211,13.300000190734863,13.256999969482422,-2.0316897562420118
2024-01-22,53.207557678222656,72.88758087158203,13.1899995803833,13.23299994468689,-1.8735719219747216
2024-01-23,53.7036018371582,73.86338806152344,12.550000190734863,13.17799997329712,-1.8372822957198816
2024-01-24,53.35730743408203,73.90985107421875,13.140000343322754,13.183500003814697,-1.8807322045099626
2024-01-25,54.26515579223633,74.5604019165039,13.449999809265137,13.206500005722045,-1.786051365560737
2024-01-26,54.73311996459961,73.90054321289062,13.260000228881836,13.248000001907348,-1.7124713889432595
2024-01-29,55.7532844543457,73.48236083984375,13.600000381469727,13.304500007629395,-1.5774672554020894
2024-01-30,55.481868743896484,73.06415557861328,13.3100004196167,13.347500038146972,-1.600204286480987
2024-01-31,54.87350845336914,72.72959899902344,14.350000381469727,13.405000066757202,-1.6661750593924372
2024-02-01,55.921749114990234,72.63667297363281,13.880000114440918,13.397000074386597,-1.5358391930692343
2024-02-02,54.42426681518555,71.52146911621094,13.850000381469727,13.383000087738036,-1.6909649996248377
2024-02-05,52.383941650390625,71.28913116455078,13.670000076293945,13.399000072479248,-1.9343675259433855
2024-02-06,52.627281188964844,72.2277603149414,13.0600004196167,13.39800009727478,-1.9280153747952813
2024-02-07,52.767669677734375,69.16095733642578,12.829999923706055,13.40150008201599,-1.8345217810685024
2024-02-08,52.683433532714844,68.58477783203125,12.789999961853027,13.406500101089478,-1.8304656633022618
2024-02-09,52.95486068725586,68.46395874023438,12.930000305175781,13.431000137329102,-1.7943082630175013
2024-02-12,53.862701416015625,69.18883514404297,13.930000305175781,13.492500162124633,-1.7014786852269614
2024-02-13,51.71006774902344,68.33385467529297,15.850000381469727,13.593000173568726,-1.943096900189381
2024-02-14,52.4213752746582,67.87848663330078,14.380000114440918,13.57250018119812,-1.8448879829773186
2024-02-15,53.600643157958984,68.1851577758789,14.010000228881836,13.566500186920166,-1.708497598138415
2024-02-16,53.37602996826172,66.52165222167969,14.239999771118164,13.613500165939332,-1.6945169405210274
2024-02-20,52.98293685913086,66.94914245605469,15.420000076293945,13.725000190734864,-1.7531680577231104
2024-02-21,53.44153594970703,68.02716827392578,15.34000015258789,13.864500188827515,-1.7239963531571871
2024-02-22,53.03908920288086,67.63685607910156,14.539999961853027,13.934500169754028,-1.7634307065123958
2024-02-23,53.14204788208008,68.35244750976562,13.75,13.949500179290771,-1.7686708756638578
2024-02-26,52.088932037353516,67.79484558105469,13.739999771118164,13.973500156402588,-1.8834073065846053
2024-02-27,52.476173400878906,67.85989379882812,13.430000305175781,13.96500015258789,-1.837732576260352
2024-02-28,51.98503875732422,67.56249237060547,13.84000015258789,13.99150013923645,-1.89031146085446
2024-02-29,52.126708984375,67.0049057006836,13.399999618530273,13.944000101089477,-1.8591280824081915
2024-03-01,52.145599365234375,67.20006561279297,13.109999656677246,13.905500078201294,-1.8616794765402036
2024-03-04,51.91892623901367,67.14431762695312,13.489999771118164,13.887500047683716,-1.8879754067706678
2024-03-05,52.32505798339844,67.83200073242188,14.460000038146973,13.927000045776367,-1.855494028580547
2024-03-06,52.447837829589844,67.49744415283203,14.5,13.999000024795532,-1.8321700652824773
2024-03-07,53.12788009643555,68.45467376708984,14.4399995803833,14.079500007629395,-1.7729461139224443
2024-03-08,54.601287841796875,69.81149291992188,14.739999771118164,14.17699999809265,-1.626775547137817
2024-03-11,54.657955169677734,69.99735260009766,15.220000267028809,14.291499996185303,-1.624481683589523
2024-03-12,53.97792434692383,69.77432250976562,13.84000015258789,14.286999988555909,-1.7019820802935026
2024-03-13,56.235267639160156,70.57354736328125,13.75,14.181999969482423,-1.4461875621850098
2024-03-14,56.235267639160156,69.6722412109375,14.399999618530273,14.18299994468689,-1.4237496119701525
2024-03-15,56.74529266357422,69.18405151367188,14.40999984741211,14.202999925613403,-1.3493063967317849
2024-03-18,56.830291748046875,68.78034210205078,14.329999923706055,14.207499933242797,-1.3288750737625377
2024-03-19,57.869239807128906,68.9211654663086,13.819999694824219,14.127499914169311,-1.2054932943252517
2024-03-20,58.74761962890625,69.45631408691406,13.039999961853027,14.012499904632568,-1.1115385417557007
2024-03-21,57.95425033569336,68.6207275390625,12.920000076293945,13.931499910354614,-1.1876315096697658
2024-03-22,58.35093307495117,68.17008972167969,13.0600004196167,13.896999931335449,-1.1279657306647013
2024-03-25,59.13486862182617,68.14191436767578,13.1899995803833,13.869499921798706,-1.031521624953599
2024-03-26,58.02035903930664,67.9823226928711,13.239999771118164,13.859999895095825,-1.1636645586515522
2024-03-27,60.24937438964844,68.54562377929688,12.779999732971191,13.80699987411499,-0.9054564502084596
2024-03-28,60.36271286010742,68.77094268798828,13.010000228881836,13.787499904632568,-0.8972236287689316
2024-04-01,59.86212921142578,68.42357635498047,13.649999618530273,13.81449990272522,-0.9497126553800868
2024-04-02,59.38988494873047,67.68186950683594,14.609999656677246,13.870499897003175,-0.988923491809121
2024-04-03,59.07819747924805,66.55524444580078,14.329999923706055,13.863999891281129,-0.9989428866999464
2024-04-04,60.19270324707031,65.29719543457031,16.350000381469727,13.956499910354614,-0.8315083585291091
2024-04-05,60.61772537231445,65.32535552978516,16.030000686645508,14.035999965667724,-0.7803011061292637
2024-04-08,61.259986877441406,65.1751480102539,15.1899995803833,14.058499956130982,-0.6981217839520871
2024-04-09,61.75111389160156,65.66334533691406,14.979999542236328,14.046499919891357,-0.6502936809675014
2024-04-10,60.4571647644043,63.95463180541992,15.800000190734863,14.144499921798706,-0.7657864369641939
2024-04-11,60.391048431396484,64.45223236083984,14.90999984741211,14.202499914169312,-0.7862490073284073
2024-04-12,59.57878494262695,63.90769958496094,17.309999465942383,14.347999906539917,-0.8718953008222105
2024-04-15,59.267093658447266,63.60725021362305,19.229999542236328,14.588999891281128,-0.9024827444912773
2024-04-16,58.27537536621094,63.19416809082031,18.399999618530273,14.792499876022339,-1.0133184525844463
2024-04-17,60.24937438964844,62.837406158447266,18.209999084472656,15.01199984550476,-0.7633507933690631
2024-04-18,60.4571647644043,62.1144905090332,18.0,15.259999847412109,-0.7199762550529077
2024-04-19,60.7310676574707,62.67780685424805,18.709999084472656,15.549499797821046,-0.7005479920871021
2024-04-22,61.68499755859375,62.85617446899414,16.940000534057617,15.743499803543092,-0.5884842103880699
2024-04-23,62.52560806274414,62.93128967285156,15.6899995803833,15.868499803543092,-0.48768975713184287
2024-04-24,62.86562728881836,62.978233337402344,15.970000267028809,16.004999828338622,-0.4473315931278238
2024-04-25,63.18675231933594,61.27890396118164,15.369999885559082,16.13449983596802,-0.3658076538998101
2024-04-26,62.32726287841797,61.41973876953125,15.029999732971191,16.235499811172485,-0.47428386660509736
2024-04-29,63.67789840698242,61.907936096191406,14.670000076293945,16.28649983406067,-0.3214832936258956
2024-04-30,63.25286102294922,61.21318054199219,15.649999618530273,16.33849983215332,-0.356097564786543
2024-05-01,64.80184936523438,61.50423049926758,15.390000343322754,16.391499853134157,-0.17416403302274727
2024-05-02,65.02851867675781,61.33523941040039,14.680000305175781,16.307999849319458,-0.14227370598813932
2024-05-03,66.24691009521484,60.818870544433594,13.489999771118164,16.18099980354309,0.019384388175754372
2024-05-06,67.29530334472656,61.53239440917969,13.489999771118164,16.095999813079835,0.12966237962106505
2024-05-07,67.9564437866211,61.4572868347168,13.229999542236328,16.008499813079833,0.2122777940182495
2024-05-08,68.8064956665039,60.9503059387207,13.0,15.868499803543092,0.32871656961992146
2024-05-09,70.44048309326172,60.63109588623047,12.6899995803833,15.75749979019165,0.5362234862660706
2024-05-10,69.69432830810547,61.926727294921875,12.550000190734863,15.519499826431275,0.4128403504992653
2024-05-13,70.44048309326172,63.41010665893555,13.600000381469727,15.237999868392944,0.46704021795889034
2024-05-14,71.23384857177734,63.51336669921875,13.420000076293945,14.988999891281129,0.561363934396894
2024-05-15,72.77338409423828,62.91251754760742,12.449999809265137,14.700999927520751,0.7643467481920756
2024-05-16,72.1689224243164,63.710533142089844,12.420000076293945,14.42199993133545,0.6706568161922204
2024-05-17,71.86666870117188,63.5790901184082,11.989999771118164,14.085999965667725,0.6370145889199296
2024-05-20,71.65888214111328,63.74809265136719,12.149999618530273,13.846499919891357,0.6074301426933897
2024-05-21,72.6789321899414,63.17539596557617,11.859999656677246,13.654999923706054,0.7462669218970718
2024-05-22,72.08389282226562,63.654205322265625,12.289999961853027,13.470999908447265,0.6616743590476015
2024-05-23,71.139404296875,62.123870849609375,12.770000457763672,13.340999937057495,0.584420775458016
2024-05-24,72.3578109741211,61.66383361816406,11.930000305175781,13.185999965667724,0.7446783613017294
2024-05-28,73.22673797607422,60.030235290527344,12.920000076293945,13.098499965667724,0.8914694287293111
2024-05-29,72.4239273071289,59.61713409423828,14.279999732971191,13.02999997138977,0.8037056362813894
2024-05-30,73.85010528564453,60.16167068481445,14.470000267028809,12.983999967575073,0.9643297079466968
2024-05-31,75.57853698730469,60.34005355834961,12.920000076293945,12.895999956130982,1.1709836410598495
2024-06-03,73.87218475341797,59.551422119140625,13.109999656677246,12.876999950408935,0.9822183842553004
2024-06-04,73.33983612060547,60.236785888671875,13.15999984741211,12.860499954223632,0.9001401346763127
2024-06-05,73.24478149414062,59.97390365600586,12.630000114440918,12.830499982833862,0.8950754700719459
2024-06-06,72.91205596923828,59.94573211669922,12.579999923706055,12.809499979019165,0.8551407610168534
2024-06-07,71.66675567626953,60.74375534057617,12.220000267028809,12.78600001335144,0.683184499770665
2024-06-10,73.1687240600586,61.2601203918457,12.739999771118164,12.795499992370605,0.8537662433218889
2024-06-11,69.14764404296875,60.922149658203125,12.850000381469727,12.757999992370605,0.3710822452701731
2024-06-12,68.69134521484375,60.4057731628418,12.039999961853027,12.68899998664856,0.3282092551408137
2024-06-13,69.56590270996094,59.67346954345703,11.9399995803833,12.663499975204468,0.453250313937167
2024-06-14,69.45182800292969,61.83079528808594,12.65999984741211,12.675499963760377,0.3856118123429103
2024-06-17,68.7388687133789,61.08000564575195,12.75,12.713499975204467,0.3172283704966537
2024-06-18,66.96122741699219,60.015602111816406,12.300000190734863,12.721000003814698,0.12662184880095315
2024-06-20,68.88146209716797,65.0905532836914,13.279999732971191,12.792000007629394,0.23480112800811617
2024-06-21,69.21417236328125,67.162353515625,13.199999809265137,12.8375,0.22385798785614167
2024-06-24,70.20279693603516,67.21937561035156,13.329999923706055,12.86549997329712,0.3431799456357141
2024-06-25,69.37579345703125,66.15496826171875,12.84000015258789,12.910999965667724,0.26867568437513456
2024-06-26,69.74651336669922,65.8698501586914,12.550000190734863,12.892499971389771,0.3210500009187325
2024-06-27,70.0792236328125,65.4136734008789,12.239999771118164,12.79049997329712,0.37304066155434606
2024-06-28,67.31293487548828,65.20460510253906,12.4399995803833,12.688999938964844,0.04039631825080278
2024-07-01,66.44789123535156,65.23310852050781,12.220000267028809,12.653999948501587,-0.06596175161501701
2024-07-02,66.98973846435547,65.00502014160156,12.029999732971191,12.599999952316285,0.00589273206133243
2024-07-03,68.28257751464844,63.28485107421875,12.09000015258789,12.546499967575073,0.20661169297661544
2024-07-05,68.52972412109375,63.37989807128906,12.479999542236328,12.538999938964844,0.2344297199175985
2024-07-08,68.54875183105469,64.19721221923828,12.369999885559082,12.528499937057495,0.21640661406618494
2024-07-09,68.5582504272461,64.39678192138672,12.510000228881836,12.542999935150146,0.21259841227912046
2024-07-10,69.29973602294922,65.33765411376953,12.850000381469727,12.548499965667725,0.2797337038966566
2024-07-11,71.01083374023438,66.4970932006836,12.920000076293945,12.551999950408936,0.45984730137432384
2024-07-12,72.24663543701172,66.48759460449219,12.460000038146973,12.572999954223633,0.6110132289124567
2024-07-15,67.46504974365234,67.29540252685547,13.119999885559082,12.631999969482422,0.006923982386327348
2024-07-16,68.34912109375,68.0842056274414,13.1899995803833,12.658499956130981,0.09525913633394645
2024-07-17,67.39850616455078,69.66181182861328,14.479999542236328,12.744999933242799,-0.06011462385319949
2024-07-18,68.13047790527344,69.86138153076172,15.930000305175781,12.926499938964843,0.024313403803937754
2024-07-19,68.44418334960938,68.95854187011719,16.520000457763672,13.088499975204467,0.0851026302219749
2024-07-22,69.29973602294922,68.81599426269531,14.90999984741211,13.173999977111816,0.19314068232570167
2024-07-23,68.54875183105469,67.63752746582031,14.720000267028809,13.243499994277954,0.13076021963573586
2024-07-24,71.68577575683594,69.85187530517578,18.040000915527344,13.503500032424927,0.4587614625595588
2024-07-25,69.81306457519531,72.71248626708984,18.459999084472656,13.798999977111816,0.15883103238262555
2024-07-26,70.59255981445312,73.18766784667969,16.389999389648438,14.00649995803833,0.2422018059809101
2024-07-29,70.66861724853516,73.87193298339844,16.600000381469727,14.214499998092652,0.2344560317850881
2024-07-30,70.611572265625,74.1760482788086,17.690000534057617,14.488000011444091,0.2199181540282556
2024-07-31,72.61737060546875,72.28482055664062,16.360000610351562,14.70450005531311,0.5119699021843908
2024-08-01,74.51859283447266,72.6934814453125,18.59000015258789,15.029500055313111,0.7339941279371077
2024-08-02,75.2885971069336,72.9595718383789,23.389999389648438,15.575000047683716,0.8214110717581364
2024-08-05,72.89305114746094,71.11587524414062,38.56999969482422,16.885000038146973,0.574739797111032
2024-08-06,73.1687240600586,70.50763702392578,27.709999084472656,17.644999980926514,0.6235499985285826
2024-08-07,73.72958374023438,70.32707214355469,27.850000381469727,18.394999980926514,0.6965433942505193
2024-08-08,73.7105712890625,71.83815002441406,23.790000915527344,18.938500022888185,0.6566032157709663
2024-08-09,73.63452911376953,70.00394439697266,20.3700008392334,19.334000062942504,0.6929785372735622
2024-08-12,73.74859619140625,69.3671875,20.709999084472656,19.713500022888184,0.7227616577234484
2024-08-13,74.2619400024414,70.30805969238281,18.1200008392334,19.96000008583069,0.7620338086690451
2024-08-14,74.15736389160156,70.46012878417969,16.190000534057617,20.045500135421754,0.7454760948467241
2024-08-15,73.58699798583984,70.65019226074219,15.229999542236328,20.01050009727478,0.6710852292538734
2024-08-16,74.68970489501953,70.11798095703125,14.800000190734863,19.92450008392334,0.8190090770591608
2024-08-19,75.43118286132812,70.75472259521484,14.649999618530273,19.91150007247925,0.8937147446176948
2024-08-20,75.0794677734375,71.03984832763672,15.880000114440918,19.969500064849854,0.8436613123947633
2024-08-21,75.70686340332031,71.40097045898438,16.270000457763672,19.88100004196167,0.9112955392440953
2024-08-22,75.02241516113281,72.13276672363281,17.549999237060547,19.835500049591065,0.8094853078183039
2024-08-23,75.72587585449219,72.91205596923828,15.859999656677246,19.809000062942506,0.8759991829073385
2024-08-26,76.65747833251953,73.14015197753906,16.149999618530273,19.786500024795533,0.984098113674937
2024-08-27,75.67835235595703,73.17817687988281,15.430000305175781,19.67350001335144,0.8635700391454065
2024-08-28,75.48822784423828,74.66073608398438,17.110000610351562,19.71100001335144,0.8034417766791848
2024-08-29,76.07759857177734,75.50654602050781,15.649999618530273,19.56399998664856,0.8543657242756961
2024-08-30,77.02958679199219,75.07890319824219,15.0,19.144500017166138,0.9812789520670661
2024-09-03,76.47467041015625,75.74414825439453,20.719999313354492,18.25199999809265,0.8969453389344415
2024-09-04,77.57495880126953,75.20243835449219,21.31999969482422,17.932500028610228,1.0448102780242063
2024-09-05,76.85738372802734,74.86031341552734,19.899999618530273,17.534999990463255,0.9656894291206393
2024-09-06,76.52250671386719,74.81278991699219,22.3799991607666,17.46449990272522,0.9259737225407593
2024-09-09,77.68019104003906,75.2404556274414,19.450000762939453,17.41849989891052,1.0567159392447663
2024-09-10,78.7422103881836,77.39779663085938,19.079999923706055,17.336999940872193,1.1327143759127467
2024-09-11,79.82335662841797,76.92259979248047,17.690000534057617,17.315499925613402,1.2765856308713643
2024-09-12,79.85205841064453,79.03242492675781,17.06999969482422,17.359499883651733,1.2275670615739083
2024-09-13,80.9906234741211,79.435302734375,16.559999465942383,17.425999879837036,1.3565913202757132
2024-09-16,80.98104858398438,79.77104949951172,17.139999389648438,17.542999839782716,1.3470635402340483
2024-09-17,81.29678344726562,79.66552734375,17.610000610351562,17.690999889373778,1.3882514607264178
2024-09-18,80.6366195678711,80.4712905883789,18.229999542236328,17.80849986076355,1.2875656956551067
2024-09-19,78.73265075683594,80.48088073730469,16.329999923706055,17.81149983406067,1.05479369887168
2024-09-20,79.18232727050781,80.51925659179688,16.149999618530273,17.741499853134155,1.1087576910954593
2024-09-23,81.15327453613281,80.56720733642578,15.890000343322754,17.742999887466432,1.3482773444040879
2024-09-24,80.64618682861328,80.37535858154297,15.390000343322754,17.704999923706055,1.29112237318481
2024-09-25,80.96192169189453,78.85975646972656,15.40999984741211,17.70399990081787,1.367414130226668
2024-09-26,79.85205841064453,79.65593719482422,15.369999885559082,17.616999864578247,1.212044769628106
2024-09-27,80.88538360595703,80.20270538330078,16.959999084472656,17.682499837875366,1.324633857694591
2024-09-30,80.87580871582031,80.4233169555664,16.729999542236328,17.768999814987183,1.3179723597912447
2024-10-01,81.58381652832031,80.51925659179688,19.260000228881836,17.69599986076355,1.4020535163646628
2024-10-02,81.73690032958984,81.28666687011719,18.899999618530273,17.574999856948853,1.4016451425183918
2024-10-03,81.37332916259766,80.73987579345703,20.489999771118164,17.604499864578248,1.3708542253961478
2024-10-04,80.22520446777344,81.14276123046875,19.209999084472656,17.44599986076355,1.2206030246153854
2024-10-07,76.81910705566406,80.98928833007812,22.639999389648438,17.605499792099,0.8084342895222748
2024-10-08,77.02001953125,81.73748779296875,21.420000076293945,17.722499799728393,0.8143455221856971
2024-10-09,77.09656524658203,82.62960052490234,20.860000610351562,17.88099980354309,0.8014850316142835
2024-10-10,77.44100189208984,81.2195053100586,20.93000030517578,18.07399983406067,0.878655574110373
2024-10-11,78.32122802734375,81.48809051513672,20.459999084472656,18.268999814987183,0.9794718950155065
2024-10-14,79.32584381103516,81.58403015136719,19.700000762939453,18.396999883651734,1.099778022993232
2024-10-15,79.2110366821289,82.32263946533203,20.639999389648438,18.548499822616577,1.0673689110712092
2024-10-16,80.74185943603516,83.21475219726562,19.579999923706055,18.615999841690062,1.2321204513723405
2024-10-17,80.1582260131836,83.79988098144531,19.110000610351562,18.75499987602234,1.146274091479754
2024-10-18,80.73229217529297,83.18595123291016,18.030000686645508,18.8489999294281,1.2316689919646546
2024-10-21,80.39742279052734,82.77348327636719,18.3700008392334,18.97299995422363,1.2010394825459019
2024-10-22,80.08167266845703,84.5672836303711,18.200000762939453,19.11349997520447,1.1178201372063765
2024-10-23,81.28722381591797,83.67517852783203,19.239999771118164,19.30499997138977,1.2872639645976558
2024-10-24,79.23016357421875,85.1620101928711,19.079999923706055,19.49049997329712,0.9990189689382757
2024-10-25,77.90982055664062,85.37305450439453,20.329999923706055,19.65900001525879,0.8325104757931945
2024-10-28,79.2875747680664,85.14283752441406,19.799999237060547,19.8125,1.0065079466421418
2024-10-29,76.12065887451172,84.49054718017578,19.34000015258789,19.816499996185303,0.6359686673388345
2024-10-30,75.67096710205078,84.69197845458984,20.350000381469727,19.889000034332277,0.5760328307521847
2024-10-31,75.82406616210938,85.20038604736328,23.15999984741211,20.022500038146973,0.5820741732361825
2024-11-01,74.0062026977539,85.86225891113281,21.8799991607666,20.15600004196167,0.34357976198348006
2024-11-04,74.98210144042969,86.1788101196289,21.979999542236328,20.123000049591063,0.4548865456897402
2024-11-05,75.25000762939453,86.5433349609375,20.489999771118164,20.076500034332277,0.4785313261678429
2024-11-06,71.29853820800781,87.95343780517578,16.270000457763672,19.84700002670288,-0.03916923637951319
2024-11-07,71.39421844482422,93.91035461425781,15.199999809265137,19.56050000190735,-0.1757807364707965
2024-11-08,73.64262390136719,92.63455200195312,14.9399995803833,19.28450002670288,0.1305798523185899
2024-11-11,72.62845611572266,93.0758056640625,14.970000267028809,19.048000001907347,-0.004266256941109423
2024-11-12,71.04977416992188,90.50502014160156,14.710000038146973,18.751500034332274,-0.1330724436926086
2024-11-13,71.03063201904297,88.85511779785156,14.020000457763672,18.473500061035157,-0.09433609285019016
2024-11-14,72.02567291259766,88.35630798339844,14.3100004196167,18.233500051498414,0.039606889778975606
2024-11-15,73.04942321777344,84.79749298095703,16.139999389648438,18.13899998664856,0.2532347796279295
2024-11-18,73.08769989013672,84.85505676269531,15.579999923706055,17.99949994087219,0.25647649447749293
2024-11-19,73.74787139892578,84.17398834228516,16.350000381469727,17.906999921798707,0.3540589228769825
2024-11-20,73.55651092529297,85.01811981201172,17.15999984741211,17.802999925613403,0.3096733227625368
2024-11-21,74.01576232910156,86.1020736694336,16.8700008392334,17.692499971389772,0.33877711676351824
2024-11-22,73.20187377929688,86.5145492553711,15.239999771118164,17.437999963760376,0.22910770063811842
2024-11-25,73.81830596923828,86.80233001708984,14.600000381469727,17.178000020980836,0.2972287816905928
2024-11-26,74.63701629638672,87.62727355957031,14.100000381469727,16.916000032424925,0.37668162740792277
2024-11-27,75.62908935546875,88.64408874511719,14.100000381469727,16.603500032424925,0.47253077337537386
2024-11-29,75.77357482910156,88.8071517944336,13.510000228881836,16.121000051498413,0.486117458532165
2024-12-02,74.23248291015625,90.18846893310547,13.34000015258789,15.694000101089477,0.2635148677768212
2024-12-03,73.481201171875,88.72083282470703,13.300000190734863,15.260000133514405,0.20829691419771162
2024-12-04,72.95144653320312,87.85750579833984,13.449999809265137,14.908000135421753,0.16509001440949644
2024-12-05,73.39451599121094,89.58413696289062,13.539999961853027,14.77150011062622,0.17621809010228123
2024-12-06,72.46984100341797,88.37548828125,12.770000457763672,14.650000143051148,0.09337600583233659
2024-12-09,71.94974517822266,86.89825439453125,14.1899995803833,14.612500143051147,0.06663191077450076
2024-12-10,71.41036224365234,88.57693481445312,14.180000305175781,14.573000144958495,-0.04103398854755314
2024-12-11,71.25625610351562,88.61529541015625,13.579999923706055,14.51650013923645,-0.06081008027825218
2024-12-12,70.52423858642578,88.61529541015625,13.920000076293945,14.511500120162964,-0.15021197166207856
2024-12-13,70.90950775146484,88.85713195800781,13.8100004196167,14.486500120162964,-0.10917923997776513
2024-12-16,70.11006927490234,89.04092407226562,14.6899995803833,14.414000129699707,-0.21139079880350675
2024-12-17,69.60920715332031,89.76640319824219,15.869999885559082,14.428500127792358,-0.2906222441423433
2024-12-18,67.92363739013672,87.72537994384766,27.6200008392334,14.992000150680543,-0.44567111908410045
2024-12-19,67.20124816894531,88.11229705810547,24.09000015258789,15.338500165939331,-0.5435293719373713
2024-12-20,69.03129577636719,89.54391479492188,18.360000610351562,15.41300015449524,-0.35566419559944823
2024-12-23,69.82109069824219,90.34679412841797,16.780000686645508,15.490000200271606,-0.279193524857586
2024-12-24,70.22564697265625,90.8788070678711,14.270000457763672,15.473500204086303,-0.2430291627827953
2024-12-26,69.70552062988281,91.32378387451172,14.729999542236328,15.505000162124634,-0.3176302784755799
2024-12-27,69.45510864257812,91.03357696533203,15.949999809265137,15.597500133514405,-0.34098861739777936
2024-12-30,69.11798858642578,89.00222778320312,17.399999618530273,15.792000102996827,-0.33159107437239005
2024-12-31,69.0505599975586,89.35045623779297,17.350000381469727,15.992500114440919,-0.34849530416811847
2025-01-02,68.97349548339844,88.87647247314453,17.93000030517578,16.224000120162962,-0.3461074647316603
2025-01-03,69.33951568603516,88.42184448242188,16.1299991607666,16.358000087738038,-0.2900871910514352
2025-01-06,68.61712646484375,88.24771881103516,16.040000915527344,16.483000135421754,-0.3739783251183073
2025-01-07,67.83694458007812,87.66732788085938,17.81999969482422,16.73550009727478,-0.454813780261387
2025-01-08,68.05848693847656,86.22604370117188,17.700000762939453,16.911000156402586,-0.3918759694607212
2025-01-10,64.89923858642578,86.94184875488281,19.540000915527344,17.179000186920167,-0.7955374397897225
2025-01-13,64.49470520019531,86.9999008178711,19.190000534057617,17.459500217437743,-0.8463886312460673
2025-01-14,65.47715759277344,88.0252456665039,18.709999084472656,17.69900016784668,-0.7519268103931708
2025-01-15,66.73892211914062,89.36012268066406,16.1200008392334,17.814500188827516,-0.6310581531868893
2025-01-16,68.74234771728516,88.65399932861328,16.600000381469727,17.910000228881835,-0.3687992758170791
2025-01-17,68.15480041503906,88.83778381347656,15.970000267028809,17.915000247955323,-0.4451322042226384
2025-01-21,68.24148559570312,89.92117309570312,15.0600004196167,17.287000226974488,-0.4615161693106289
2025-01-22,65.9683837890625,89.99856567382812,15.100000381469727,16.837500238418578,-0.7410586138611703
2025-01-23,66.68113708496094,89.88247680664062,15.020000457763672,16.670500230789184,-0.6511194536013378
2025-01-24,70.14859008789062,90.02757263183594,14.850000381469727,16.574000215530397,-0.23124876391040375
2025-01-27,71.11177825927734,92.2330322265625,17.899999618530273,16.755500173568727,-0.16851856757304512
2025-01-28,67.9428939819336,90.7820816040039,16.40999984741211,16.839500188827515,-0.5194156584319565
2025-01-29,68.28001403808594,92.46519470214844,16.559999465942383,16.870000171661378,-0.5201438898198517
2025-01-30,68.67491912841797,93.78074645996094,15.84000015258789,16.792000198364256,-0.5046643757800032
2025-01-31,68.92533874511719,94.02257537841797,16.43000030517578,16.74600019454956,-0.4801007385612497
2025-02-03,68.43412017822266,95.16399383544922,18.6200008392334,16.780500221252442,-0.5685091877488115
2025-02-04,67.32645416259766,94.78675079345703,17.209999084472656,16.834500217437743,-0.6943978963471363
2025-02-05,66.6522216796875,96.3924789428711,15.770000457763672,16.821000194549562,-0.8167169386719926
2025-02-06,66.71965789794922,94.8351058959961,15.5,16.70500020980835,-0.7697102116099689
2025-02-07,65.7564697265625,92.9004898071289,16.540000915527344,16.647000217437743,-0.8391830370580768
2025-02-10,67.13382720947266,92.35879516601562,15.8100004196167,16.46050019264221,-0.6574798055730224
2025-02-11,67.74063110351562,92.9972152709961,16.020000457763672,16.302000188827513,-0.5992637766855665
2025-02-12,66.72928619384766,99.93283081054688,15.890000343322754,16.16100025177002,-0.8954417859689214
2025-02-13,66.0743179321289,102.4961929321289,15.100000381469727,16.110000228881837,-1.0392483005163466
2025-02-14,65.55420684814453,100.67767333984375,14.770000457763672,16.018500232696532,-1.057497976663244
2025-02-18,65.97799682617188,101.80941772460938,15.350000381469727,15.98750023841858,-1.0339148569273982
2025-02-19,66.51737976074219,104.1309585571289,15.270000457763672,15.998000240325927,-1.0258341707732486
2025-02-20,67.55762481689453,106.43315887451172,15.65999984741211,16.026000213623046,-0.9561013079378781
2025-02-21,68.94461059570312,106.35577392578125,18.209999084472656,16.185500144958496,-0.7847811204490129
2025-02-24,68.19332885742188,107.40047454833984,18.979999542236328,16.392000102996825,-0.9025435117262164
2025-02-25,68.65565490722656,107.8841323852539,19.43000030517578,16.4685001373291,-0.8581198835486814
2025-02-26,68.39559173583984,106.8490982055664,19.100000381469727,16.603000164031982,-0.8641145094004723
2025-02-27,66.82559967041016,108.32908630371094,21.1299991607666,16.831500148773195,-1.0927031046807152
2025-02-28,68.14341735839844,110.57324981689453,19.6299991607666,17.021000099182128,-0.9876252498695729
2025-03-03,69.5515365600586,112.19833374023438,22.780000686645508,17.338500118255617,-0.8561068574137863
2025-03-04,68.80377197265625,110.98918914794922,23.510000228881836,17.583000087738036,-0.9173303857482048
2025-03-05,68.44446563720703,111.66631317138672,21.93000030517578,17.819000148773192,-0.9780697117301331
2025-03-06,67.98804473876953,112.24669647216797,24.8700008392334,18.27400016784668,-1.0482613646731216
2025-03-07,70.72659301757812,113.57191467285156,23.3700008392334,18.66750020980835,-0.7467914579779006
2025-03-10,73.96041870117188,113.37845611572266,27.860000610351562,19.23350019454956,-0.34702557535591333
2025-03-11,71.89192962646484,110.68932342529297,26.920000076293945,19.78900017738342,-0.5327060588723309
2025-03-12,70.8139877319336,110.26370239257812,24.229999542236328,20.199500131607056,-0.6537601700095629
2025-03-13,70.62947845458984,109.64462280273438,24.65999984741211,20.638000106811525,-0.6608824965258149
2025-03-14,71.4258041381836,108.55364227294922,21.770000457763672,20.97150011062622,-0.5364667168996784
2025-03-17,70.02739715576172,109.35240936279297,20.510000228881836,21.25850009918213,-0.7271405404427329
2025-03-18,68.65811157226562,107.37498474121094,21.700000762939453,21.576000118255614,-0.8451446559984884
2025-03-19,68.46388244628906,104.72543334960938,19.899999618530273,21.807500076293945,-0.8029056296786199
2025-03-20,69.09510803222656,103.12791442871094,19.799999237060547,22.014500045776366,-0.6860434226016875
2025-03-21,68.83291625976562,104.30657196044922,19.280000686645508,22.06800012588501,-0.7474077081783045
2025-03-24,68.04630279541016,103.97537231445312,17.479999542236328,21.99300012588501,-0.8352322559865716
2025-03-25,66.60904693603516,105.09558868408203,17.149999618530273,21.879000091552733,-1.0386531804128523
2025-03-26,67.71612548828125,106.4398422241211,18.329999923706055,21.84050006866455,-0.9369098742492669
2025-03-27,68.00746154785156,108.28089141845703,18.690000534057617,21.7185001373291,-0.9471615496387199
2025-03-28,68.41532135009766,108.89456939697266,21.649999618530273,21.819500160217284,-0.9126267701648657
2025-03-31,68.84262084960938,109.1478500366211,22.280000686645508,21.794500160217286,-0.8667457395608131
2025-04-01,68.87174987792969,108.39778137207031,21.770000457763672,21.707500171661376,-0.8445152836677948
2025-04-02,68.44446563720703,108.99198150634766,21.510000228881836,21.68650016784668,-0.911492422090954
2025-04-03,70.0565185546875,109.4790267944336,30.020000457763672,21.944000148773192,-0.7267360520658687
2025-04-04,64.97757720947266,104.47215270996094,45.310001373291016,23.041000175476075,-1.2223855049609333
2025-04-07,63.180992126464844,102.78697204589844,46.97999954223633,23.99700012207031,-1.3998514457490763
2025-04-08,62.2584342956543,100.51732635498047,52.33000183105469,25.26750020980835,-1.4560215175993023
2025-04-09,65.62821960449219,102.52396392822266,33.619998931884766,25.73700017929077,-1.0944220069545203
2025-04-10,64.79306030273438,98.773681640625,40.720001220703125,26.540000247955323,-1.1030576868515365
2025-04-11,63.90933609008789,100.9459228515625,37.560001373291016,27.32950029373169,-1.2650654244573494
2025-04-14,65.73503875732422,103.74158477783203,30.889999389648438,27.84850025177002,-1.1116886787121483
2025-04-15,65.7059097290039,102.94283294677734,30.1200008392334,28.269500255584717,-1.0953613625520442
2025-04-16,63.7442512512207,102.16354370117188,32.63999938964844,28.906500244140624,-1.3155399506244763
2025-04-17,64.3948974609375,101.83235931396484,29.649999618530273,29.399000263214113,-1.2278311919161025
2025-04-21,62.811973571777344,101.62779998779297,33.81999969482422,30.126000213623048,-1.416062477350131
2025-04-22,64.71536254882812,102.77722930908203,30.56999969482422,30.780500221252442,-1.212215000423805
2025-04-23,65.32717895507812,103.62468719482422,28.450000762939453,31.3455002784729,-1.1585907695076165
2025-04-24,64.43374633789062,103.4006576538086,26.469999313354492,31.75250024795532,-1.2621292187041093
2025-04-25,64.18124389648438,100.49784088134766,24.84000015258789,32.06000022888183,-1.2207021365416082
2025-04-28,64.27836608886719,103.58572387695312,25.149999618530273,32.23500022888184,-1.285713144163037
2025-04-29,65.30774688720703,101.51091003417969,24.170000076293945,32.32950019836426,-1.1083416970939621
2025-04-30,64.94843292236328,103.78055572509766,24.700000762939453,32.476000213623045,-1.2087276643651483
2025-05-01,64.14241027832031,100.57577514648438,24.600000381469727,32.63050022125244,-1.227385085519772
2025-05-02,65.1523666381836,100.99462890625,22.68000030517578,32.26350021362305,-1.114465631953909
2025-05-05,64.19095611572266,100.14716339111328,23.639999389648438,31.18000011444092,-1.21078588508515
2025-05-06,64.61824798583984,95.3448486328125,24.760000228881836,30.069000148773192,-1.0390471115511222
2025-05-07,65.4145736694336,96.33843994140625,23.549999237060547,28.630000019073485,-0.9665265941588131
2025-05-08,66.34683990478516,95.61759185791016,22.479999542236328,28.073000049591066,-0.8347227049668997
2025-05-09,68.27937316894531,94.39997863769531,21.899999618530273,27.131999969482422,-0.5683884631220623
2025-05-12,67.67728424072266,101.13099670410156,18.389999389648438,26.173499870300294,-0.8094902693941174
2025-05-13,70.02739715576172,98.80290222167969,18.219999313354492,25.539999866485594,-0.46451133791477006
2025-05-14,70.1050796508789,95.83190155029297,18.6200008392334,24.964999866485595,-0.38106106927949784
2025-05-15,72.39691925048828,97.74114227294922,17.829999923706055,24.224499893188476,-0.14868725248016704
2025-05-16,72.83391571044922,99.8451919555664,17.239999771118164,23.603999900817872,-0.14769668313292925
2025-05-19,71.72684478759766,103.41040802001953,18.139999389648438,22.81999988555908,-0.3716599413713288
2025-05-20,72.2609634399414,106.28398895263672,18.09000015258789,22.195999908447266,-0.37796518385643774
2025-05-21,69.4738540649414,104.93000030517578,20.8700008392334,21.816999912261963,-0.6846496583520109
2025-05-22,65.00669860839844,103.97537231445312,20.280000686645508,21.507499980926514,-1.2064615736364837
2025-05-23,65.80302429199219,104.58905792236328,22.290000915527344,21.380000019073485,-1.124483331833759
2025-05-27,66.07493591308594,106.2645034790039,18.959999084472656,21.070499992370607,-1.132984639252444
2025-05-28,65.2688980102539,105.63134002685547,19.309999465942383,20.82749996185303,-1.2156641427491996
2025-05-29,66.99749755859375,108.23218536376953,19.18000030517578,20.551499938964845,-1.0692967348179214
2025-05-30,68.59984588623047,107.2288589477539,18.56999969482422,20.249999904632567,-0.8486229005013725
2025-06-02,68.67522430419922,106.08917236328125,18.360000610351562,20.033999919891357,-0.8110444598539098
2025-06-03,69.4583969116211,106.49828338623047,17.690000534057617,19.736499977111816,-0.72557974467107
2025-06-04,68.41089630126953,106.19631958007812,17.610000610351562,19.378999996185303,-0.845994474690734
2025-06-05,69.99684143066406,107.5990219116211,18.479999542236328,19.125500011444093,-0.687221884530467
2025-06-06,70.6429672241211,109.54722595214844,16.770000457763672,18.840000057220458,-0.6568104147790066
2025-06-09,70.38843536376953,110.07323455810547,17.15999984741211,18.60300006866455,-0.7009915422031783
2025-06-10,71.279296875,107.23860168457031,16.950000762939453,18.5310001373291,-0.5216219289426693
2025-06-11,71.46530151367188,106.46907043457031,17.260000228881836,18.483000183105467,-0.47974760825383195
2025-06-12,72.28764343261719,109.1478500366211,18.020000457763672,18.453000164031984,-0.44600234532439864
2025-06-13,73.2078857421875,107.89214324951172,20.81999969482422,18.60250015258789,-0.3023516799179186
2025-06-16,72.22891235351562,108.72600555419922,19.110000610351562,18.696000194549562,-0.44267343222412836
2025-06-17,70.34927368164062,105.94972229003906,21.600000381469727,18.869000244140626,-0.6031198562013217
2025-06-18,70.06536865234375,105.94972229003906,20.139999389648438,18.971500205993653,-0.6377934070385021
2025-06-20,70.02620697021484,106.44023132324219,20.6200008392334,18.959000205993654,-0.6547874411684363
2025-06-23,69.24303436279297,104.17408752441406,19.829999923706055,18.93650016784668,-0.6940214623033355
2025-06-24,69.8989486694336,105.16490936279297,17.479999542236328,18.69600009918213,-0.6385805541796654
2025-06-25,68.86122131347656,103.91902160644531,16.760000228881836,18.586000156402587,-0.7343027515855483
2025-06-26,69.49755859375,105.57694244384766,16.59000015258789,18.450000190734862,-0.6978601819246857
2025-06-27,69.39966583251953,108.56903839111328,16.31999969482422,18.307000160217285,-0.7843039120432741
2025-06-30,67.96056365966797,108.76525115966797,16.729999542236328,18.21500015258789,-0.9649473267000003
2025-07-01,71.5240478515625,109.60891723632812,16.829999923706055,18.138500118255614,-0.5507391251441851
2025-07-02,71.4848861694336,109.3930892944336,16.639999389648438,18.086000061035158,-0.5501489523529289
2025-07-03,72.32679748535156,109.62853240966797,16.3799991607666,18.02449998855591,-0.45318698143723457
2025-07-07,73.17851257324219,109.65796661376953,17.790000915527344,17.99000005722046,-0.34989909126679913
2025-07-08,70.93666076660156,108.9516372680664,16.809999465942383,17.992000007629393,-0.6061142485290767
2025-07-09,72.10163879394531,111.09024810791016,15.9399995803833,17.930999994277954,-0.5170750990609947
2025-07-10,73.0708236694336,112.36557006835938,15.779999732971191,17.87249994277954,-0.43045681256982987
2025-07-11,72.83586883544922,107.55858612060547,16.399999618530273,17.829499912261962,-0.3394825254747836
2025-07-14,73.46241760253906,109.96208190917969,17.200000762939453,17.788499927520753,-0.3227964682883109
2025-07-15,73.12957000732422,106.9896011352539,17.3799991607666,17.61649990081787,-0.2894477245592984
2025-07-16,73.19808959960938,107.76461029052734,17.15999984741211,17.5189998626709,-0.3003731671219494
2025-07-17,73.59947967529297,106.73454284667969,16.520000457763672,17.264999866485596,-0.22570761947905843
2025-07-18,74.35327911376953,106.1655502319336,16.40999984741211,17.07849988937378,-0.11948045522427905
2025-07-21,74.56866455078125,106.22441101074219,16.649999618530273,16.879999828338622,-0.09464059235733548
2025-07-22,75.90985870361328,108.07852935791016,16.5,16.71349983215332,0.02300239466330556
2025-07-23,71.28909301757812,111.40416717529297,15.369999885559082,16.60799984931946,-0.6241269639170455
2025-07-24,70.45695495605469,111.0510025024414,15.390000343322754,16.539499855041505,-0.7169646498713879
2025-07-25,70.3394775390625,113.99405670166016,14.930000305175781,16.4564998626709,-0.8045793791352304
2025-07-28,69.84020233154297,110.88423156738281,15.029999732971191,16.391999864578246,-0.7881373965704839
2025-07-29,70.4373779296875,112.06145477294922,15.979999542236328,16.354499864578248,-0.7445107427144806
2025-07-30,69.49755859375,112.58139038085938,15.479999542236328,16.28699984550476,-0.8722353969218752
2025-07-31,69.56609344482422,110.15828704833984,16.719999313354492,16.290999841690063,-0.8035422013097684
2025-08-01,68.91996765136719,111.03138732910156,20.3799991607666,16.490999841690062,-0.9041898341423652
2025-08-04,69.04723358154297,112.33614349365234,17.520000457763672,16.47749981880188,-0.9211285516881175
2025-08-05,69.6835708618164,110.32505798339844,17.850000381469727,16.52949986457825,-0.7933463394955461
2025-08-06,69.05702209472656,108.18644714355469,16.770000457763672,16.570999908447266,-0.8166266879523326
2025-08-07,71.05413818359375,108.18644714355469,16.56999969482422,16.610499906539918,-0.5727172848445888
2025-08-08,70.88771057128906,117.14311981201172,15.149999618530273,16.547999906539918,-0.8160189294952955
2025-08-11,70.92686462402344,118.18299865722656,16.25,16.500499868392943,-0.8371247205566474
2025-08-12,70.34927368164062,117.74153137207031,14.729999542236328,16.367999887466432,-0.8966760739611824
2025-08-13,70.78002166748047,117.8592529296875,14.489999771118164,16.234499883651733,-0.8469991435796675
2025-08-14,70.72128295898438,116.76051330566406,14.829999923706055,16.149999856948853,-0.8268199076166525
2025-08-15,73.82464599609375,116.12286376953125,15.09000015258789,16.08399987220764,-0.43192943184706617
2025-08-18,74.12812805175781,115.75006866455078,14.989999771118164,16.000999879837035,-0.3855842162920685
2025-08-19,74.9015121459961,115.74027252197266,15.569999694824219,15.954499864578247,-0.2908863171384716
2025-08-20,74.57845306396484,116.47603607177734,15.6899995803833,15.970499849319458,-0.3486585634311554
2025-08-21,74.48056030273438,113.93519592285156,16.600000381469727,16.030999851226806,-0.29736025734428995
2025-08-22,74.71550750732422,112.59120178222656,14.220000267028809,15.995499849319458,-0.23520733018691978
2025-08-25,73.73652648925781,111.98297882080078,14.789999961853027,15.98349986076355,-0.3396294078934102
2025-08-26,73.26661682128906,112.57157897949219,14.619999885559082,15.915499877929687,-0.4116730132402334
2025-08-27,72.33658599853516,111.75733947753906,14.850000381469727,15.883999919891357,-0.5049879974164724
2025-08-28,71.12017822265625,110.42315673828125,14.430000305175781,15.769499969482421,-0.6203344819257037
2025-08-29,71.08072662353516,110.82537078857422,15.359999656677246,15.518499994277954,-0.635165826762261
2025-09-02,71.67265319824219,110.57030487060547,17.170000076293945,15.500999975204468,-0.5565235082472747
2025-09-03,70.66636657714844,110.8449935913086,16.350000381469727,15.425999975204467,-0.6862604625699651
2025-09-04,69.91659545898438,110.62916564941406,15.300000190734863,15.352499961853027,-0.7724575949094682
2025-09-05,69.94619750976562,112.86589050292969,15.180000305175781,15.282999992370605,-0.8245253728351486
2025-09-08,68.83139038085938,113.68013000488281,15.109999656677246,15.280999994277954,-0.9809481014647758
2025-09-09,69.12735748291016,113.56240844726562,15.039999961853027,15.220499992370605,-0.9418707304289233
2025-09-10,70.08430480957031,113.06208801269531,15.350000381469727,15.251500034332276,-0.8125425391564393
2025-09-11,70.36054229736328,115.62254333496094,14.710000038146973,15.262500047683716,-0.8425477778455156
2025-09-12,70.67623138427734,112.37538146972656,14.760000228881836,15.259000062942505,-0.7231545591042774
2025-09-15,70.53812408447266,111.17022705078125,15.6899995803833,15.289000034332275,-0.7100194849131242
2025-09-16,68.89058685302734,109.51068115234375,16.360000610351562,15.357500076293945,-0.8699202666473256
2025-09-17,69.36412811279297,110.89363861083984,15.720000267028809,15.365000104904174,-0.8465149135863961
2025-09-18,69.83767700195312,112.2370834350586,15.699999809265137,15.365500116348267,-0.8221249646240301
2025-09-19,70.12377166748047,112.70136260986328,15.449999809265137,15.308000087738037,-0.7987421875714715
2025-09-22,71.37667846679688,111.12083435058594,16.100000381469727,15.402000093460083,-0.6063765323862295
2025-09-23,71.34709167480469,113.0075912475586,16.639999389648438,15.494500064849854,-0.6569606650718465
2025-09-24,72.83677673339844,112.2864761352539,16.18000030517578,15.572500085830688,-0.45707211652050167
2025-09-25,73.64574432373047,109.63909149169922,16.739999771118164,15.66700005531311,-0.29236580493201203
2025-09-26,74.82959747314453,110.73558044433594,15.289999961853027,15.710000038146973,-0.17507787398735955
2025-09-29,75.18475341796875,111.24925994873047,16.1200008392334,15.74800009727478,-0.14449040460388884
2025-09-30,74.47444152832031,109.64897155761719,16.280000686645508,15.703500127792358,-0.19140230863641708
2025-10-01,77.61166381835938,109.79714965820312,16.290000915527344,15.70050015449524,0.18806030399536483
2025-10-02,77.12825775146484,109.21432495117188,16.6299991607666,15.767000102996827,0.1435309082027176
2025-10-03,78.98295593261719,111.31840515136719,16.649999618530273,15.84050006866455,0.3176657755972681
2025-10-06,81.00538635253906,112.19757843017578,16.3700008392334,15.903500127792359,0.5427798844698516
2025-10-07,82.09058380126953,115.3586196899414,17.239999771118164,16.013500118255614,0.5966220374226101
2025-10-08,82.909423828125,116.81072998046875,16.299999237060547,16.061000061035156,0.6604774535145611
2025-10-09,82.58385467529297,115.31910705566406,16.43000030517578,16.147000074386597,0.6578492723188921
2025-10-10,82.22870635986328,115.75375366210938,21.65999984741211,16.49200005531311,0.6036542261044184
2025-10-13,83.16592407226562,116.7712173461914,19.030000686645508,16.65900011062622,0.692787699894209
2025-10-14,83.50135040283203,117.03793334960938,20.809999465942383,16.881500053405762,0.7271137136816984
2025-10-15,84.63587951660156,116.86012268066406,20.639999389648438,17.127500009536742,0.8701012553951412
2025-10-16,83.90583801269531,116.41559600830078,25.309999465942383,17.607999992370605,0.7920071548358103
2025-10-17,83.39282989501953,121.31523132324219,20.780000686645508,17.874500036239624,0.6073769985814217
2025-10-20,83.62960052490234,121.61157989501953,18.229999542236328,17.980999994277955,0.6289164112516116
2025-10-21,82.86009216308594,122.56977081298828,17.8700008392334,18.042500066757203,0.5110816404191536
2025-10-22,81.72555541992188,119.9816665649414,18.600000381469727,18.1635000705719,0.4369504148662704
2025-10-23,82.13005065917969,119.27042388916016,17.299999237060547,18.19150004386902,0.5040580795517619
2025-10-24,83.27444458007812,119.4679946899414,16.3700008392334,18.245500087738037,0.6389053241237708
2025-10-27,84.87265014648438,119.00371551513672,15.789999961853027,18.229000043869018,0.8456536583314493
2025-10-28,82.44574737548828,116.44522857666016,16.420000076293945,18.23600001335144,0.612947403855792
2025-10-29,80.66009521484375,117.05768585205078,16.920000076293945,18.26749997138977,0.3796171826058932
2025-10-30,80.54170227050781,116.99842071533203,16.90999984741211,18.281500005722044,0.3666331577728118
2025-10-31,80.30493927001953,118.33199310302734,17.440000534057617,18.321000051498412,0.30451791476468715
2025-11-03,80.67982482910156,120.56448364257812,17.170000076293945,18.36100001335144,0.2947253038909717
2025-11-04,80.59103393554688,121.50291442871094,19.0,18.44900002479553,0.2605190350151357
2025-11-05,81.03498077392578,121.08802795410156,18.010000228881836,18.534500074386596,0.3250671896282408
2025-11-06,80.89686584472656,121.8980484008789,19.5,18.68800005912781,0.2880337023195102
2025-11-07,82.80089569091797,117.39354705810547,19.079999923706055,18.559000062942506,0.6327136361647087
2025-11-10,83.62960052490234,116.71194458007812,17.600000381469727,18.487500047683717,0.7508924711972061
2025-11-11,84.60628509521484,121.06827545166016,17.280000686645508,18.311000108718872,0.7617252117837763
2025-11-12,84.73453521728516,121.8980484008789,17.510000228881836,18.15450015068054,0.7567313665181812
2025-11-13,82.86009216308594,123.67613983154297,20.0,17.889000177383423,0.48353866526799383
2025-11-14,82.75157165527344,123.49832916259766,19.829999923706055,17.84150013923645,0.4747115513770357
2025-11-17,84.5964126586914,122.57965087890625,22.3799991607666,18.049000120162965,0.7228939032898927
2025-11-18,83.50135040283203,125.63204193115234,24.690000534057617,18.390000104904175,0.5131640141347706
2025-11-19,83.13632202148438,126.51121520996094,23.65999984741211,18.643000078201293,0.44669584874292184
2025-11-20,83.16592407226562,123.46869659423828,26.420000076293945,19.099000120162962,0.5260544477778912
2025-11-21,82.91463470458984,125.09861755371094,23.43000030517578,19.452000093460082,0.45478751195046263
2025-11-24,83.65956115722656,123.74528503417969,20.520000457763672,19.688500118255615,0.5794570953736506
2025-11-25,84.2554931640625,125.5727767944336,18.559999465942383,19.795500087738038,0.6067434806887176
2025-11-26,84.96068572998047,125.95802307128906,17.190000534057617,19.809000110626222,0.6832785414306664
2025-11-28,85.70560455322266,124.308349609375,16.350000381469727,19.7810001373291,0.8153245789829614
2025-12-01,84.07671356201172,122.81672668457031,17.239999771118164,19.771000099182128,0.65352064760013
2025-12-02,84.00718688964844,122.40184020996094,16.59000015258789,19.742000102996826,0.6553578670728508
2025-12-03,84.37467956542969,123.47857666015625,16.079999923706055,19.596000099182127,0.6734347702304815
2025-12-04,82.82524108886719,121.12754821777344,15.779999732971191,19.484500074386595,0.5427292757205959
2025-12-05,82.56700134277344,119.74458312988281,15.40999984741211,19.280000066757204,0.5456190605834549
2025-12-08,80.00447845458984,119.71495056152344,16.65999984741211,19.159000062942503,0.23339376840521595
2025-12-09,79.10063934326172,117.9072265625,16.93000030517578,19.12550005912781,0.1680103224391275
2025-12-10,80.71959686279297,119.86312103271484,15.770000457763672,19.050000047683717,0.3170430649968806
2025-12-11,80.6600112915039,121.71036529541016,14.850000381469727,18.91700005531311,0.2637788212514333
2025-12-12,81.09703063964844,118.93456268310547,15.739999771118164,18.70400004386902,0.3862557490717325
2025-12-15,81.09703063964844,119.10359954833984,16.5,18.537500047683714,0.3820475887737669
2025-12-16,80.7692642211914,118.10924530029297,16.479999542236328,18.242500066757202,0.3667715867029343
2025-12-17,79.7462387084961,120.6746826171875,17.6200008392334,17.88900008201599,0.17796228059188196
2025-12-18,80.30244445800781,120.7840576171875,16.8700008392334,17.549500131607054,0.24316925605157405
2025-12-19,79.0013198852539,123.588134765625,14.90999984741211,16.974000120162962,0.014454565809188682
2025-12-22,79.49793243408203,123.45886993408203,14.079999923706055,16.50650010108948,0.07832429648601195
2025-12-23,79.24962615966797,124.4830551147461,14.0,16.180500078201295,0.022501435807502225
2025-12-24,79.9051513671875,124.96034240722656,13.470000267028809,15.926000118255615,0.09067922760123778
2025-12-26,79.86543273925781,123.99581909179688,13.600000381469727,15.74650011062622,0.10984009627888054
2025-12-29,79.72637176513672,124.20463562011719,14.199999809265137,15.639000082015992,0.08765799496565833
2025-12-30,79.98461151123047,122.48440551757812,14.329999923706055,15.493500089645385,0.1620220255891172
2025-12-31,79.7363052368164,122.04688262939453,14.949999809265137,15.411500072479248,0.1425882795218568
2026-01-02,80.38190460205078,120.91332244873047,14.510000228881836,15.333000087738037,0.24965574925583872
2026-01-05,80.7692642211914,117.63196563720703,14.899999618530273,15.289000082015992,0.37865342872857494
2026-01-06,80.5010986328125,120.6746826171875,14.75,15.256000089645386,0.27015393364416257
2026-01-07,77.83924865722656,123.64779663085938,15.380000114440918,15.192000102996825,-0.12895541083533624
2026-01-08,78.95165252685547,119.98857116699219,15.449999809265137,15.118000078201295,0.09799952157369907
2026-01-09,79.34894561767578,120.41614532470703,14.489999771118164,15.054000043869019,0.13587682093380815
2026-01-12,80.57061767578125,121.90767669677734,15.119999885559082,15.067500019073487,0.2479490538753523
2026-01-13,81.08709716796875,121.07242584228516,15.979999542236328,15.079500007629395,0.33182062040544064
2026-01-14,81.42479705810547,123.36937713623047,16.75,15.092000007629395,0.3158817479810409
2026-01-15,81.63337707519531,120.57524871826172,15.84000015258789,15.060000038146972,0.4109154151295068
2026-01-16,83.06361389160156,124.20463562011719,15.859999656677246,14.971999979019165,0.49523807487667115
2026-01-20,82.9444351196289,123.43898010253906,20.09000015258789,15.13299994468689,0.4997436127324676
2026-01-21,83.2821273803711,128.38092041015625,16.899999618530273,15.232499933242797,0.4179570020272973
2026-01-22,84.49386596679688,130.39944458007812,15.640000343322754,15.310499954223634,0.5156966051882836
2026-01-23,84.23562622070312,135.1623992919922,16.09000015258789,15.414999961853027,0.36558416973574054
2026-01-26,84.89115905761719,137.001953125,16.149999618530273,15.548999929428101,0.3998493682186757
2026-01-27,86.55978393554688,140.1739501953125,16.350000381469727,15.6864999294281,0.5246732408525812
2026-01-28,86.97693634033203,138.93099975585938,16.350000381469727,15.79399995803833,0.606563560977533
2026-01-29,87.58280181884766,138.761962890625,16.8799991607666,15.921499919891357,0.6847665621623666
2026-01-30,87.30470275878906,141.14840698242188,17.440000534057617,16.04599995613098,0.5913917493163657
2026-02-02,85.7453384399414,142.08309936523438,16.34000015258789,16.137499952316283,0.37767622595331574
2026-02-03,88.21846771240234,142.4709014892578,18.0,16.29249997138977,0.6700671988633312
2026-02-04,89.36067962646484,145.40423583984375,18.639999389648438,16.48699994087219,0.7365413212943346
2026-02-05,88.60582733154297,148.52650451660156,21.770000457763672,16.80649995803833,0.5666219515038925
2026-02-06,88.86406707763672,151.63882446289062,20.3700008392334,17.052500009536743,0.5206800049358654
2026-02-09,88.8740005493164,150.82345581054688,17.360000610351562,17.196000051498412,0.5421917303538337
2026-02-10,90.21485900878906,146.39859008789062,17.790000915527344,17.329500102996825,0.8161085643805316
2026-02-11,90.74127197265625,154.92019653320312,17.649999618530273,17.413000106811523,0.668255041185292
2026-02-12,91.30741119384766,150.95272827148438,20.81999969482422,17.616500091552734,0.8361679120149494
2026-02-13,93.16474914550781,154.10482788085938,20.600000381469727,17.854500102996827,0.9845348107890161
2026-02-17,92.08212280273438,154.3931884765625,20.290000915527344,18.07600016593933,0.8451340641973961
2026-02-18,90.60221862792969,151.8774871826172,19.6200008392334,18.052500200271606,0.7270203686966298
2026-02-19,91.01937103271484,150.26661682128906,20.229999542236328,18.21900019645691,0.8180700281521938
2026-02-20,91.55571746826172,150.5450439453125,19.09000015258789,18.391500186920165,0.8766430293716782
2026-02-23,93.42298126220703,148.98391723632812,21.010000228881836,18.637500190734862,1.1435576010100588
2026-02-24,95.03201293945312,146.8062744140625,19.549999237060547,18.807500171661378,1.3942821985780742
2026-02-25,94.46587371826172,146.28921508789062,17.93000030517578,18.88650016784668,1.3380113114324128
2026-02-26,91.36699676513672,142.9581298828125,18.6299991607666,19.000500106811522,1.0424700835201028
2026-02-27,93.7699966430664,148.10887145996094,19.860000610351562,19.149500179290772,1.2077230702152149
2026-03-02,92.70999908447266,149.1827850341797,21.440000534057617,19.34950017929077,1.051529711850392
2026-03-03,92.58999633789062,146.99520874023438,23.56999969482422,19.711000156402587,1.091333229918971
2026-03-04,92.5999984741211,147.38299560546875,21.149999618530273,19.8685001373291,1.0829008734851813
2026-03-05,91.12999725341797,144.3203887939453,23.75,20.12400016784668,0.9796118063180257
2026-03-06,91.0199966430664,143.11721801757812,29.489999771118164,20.510000133514403,0.9961301905877296
2026-03-09,92.01000213623047,145.80198669433594,25.5,20.766500091552736,1.0502032438616868
2026-03-10,91.54000091552734,147.72108459472656,24.93000030517578,21.145000076293947,0.9450258139151559
2026-03-11,91.66000366210938,145.175537109375,24.229999542236328,21.467000007629395,1.0230530633881683
2026-03-12,91.7300033569336,144.38999938964844,27.290000915527344,21.949000072479247,1.051158086349286
2026-03-13,92.77999877929688,144.99000549316406,27.190000534057617,22.267500114440917,1.1644577687575888
2026-03-16,92.81999969482422,145.2100067138672,23.510000228881836,22.413000106811523,1.163866198751747
2026-03-17,92.52999877929688,144.39999389648438,22.3700008392334,22.517000102996825,1.1486133617706706
2026-03-18,90.95999908447266,141.2899932861328,25.09000015258789,22.79050006866455,1.0342912652127747
2026-03-19,92.41000366210938,141.11000061035156,24.059999465942383,22.982000064849853,1.2158624013694803
2026-03-20,89.5,137.2100067138672,26.780000686645508,23.366500091552734,0.9575513611712532
2026-03-23,90.2300033569336,137.33999633789062,26.149999618530273,23.623500061035156,1.043471179439507
2026-03-24,91.62000274658203,138.11000061035156,26.950000762939453,23.9935001373291,1.1940637294687275
2026-03-25,91.16000366210938,138.25999450683594,25.329999923706055,24.363500118255615,1.1341495822614118
2026-03-26,91.16000366210938,136.8800048828125,27.440000534057617,24.804000186920167,1.1685043222133578
2026-03-27,91.4000015258789,134.25,31.049999237060547,25.363500118255615,1.2632892330782037
2026-03-30,92.05000305175781,136.33999633789062,30.610000610351562,25.822000122070314,1.2906441403754723
2026-03-31,92.87999725341797,139.3699951171875,25.25,25.9060001373291,1.3165804072573586
2026-04-01,92.8499984741211,140.3000030517578,24.540000915527344,26.075500202178954,1.289764153112836
2026-04-02,93.1500015258789,139.7100067138672,23.8700008392334,26.081500244140624,1.3410916837874978
2026-04-06,92.7300033569336,140.1300048828125,24.170000076293945,25.815500259399414,1.2793411442872462
2026-04-07,93.66999816894531,138.8000030517578,25.780000686645508,25.82950029373169,1.4272537684335027
2026-04-08,94.16999816894531,141.5399932861328,21.040000915527344,25.63500032424927,1.4201073179279973
2026-04-09,94.4800033569336,142.08999633789062,19.489999771118164,25.39800033569336,1.444276216829571
2026-04-10,94.08000183105469,138.99000549316406,19.229999542236328,24.995000267028807,1.4725977505076673
2026-04-13,92.30000305175781,139.02999877929688,19.1200008392334,24.591500282287598,1.2542094301022872
2026-04-14,91.30999755859375,140.4499969482422,18.360000610351562,24.334000301361083,1.0979485088236756
2026-04-15,91.23999786376953,139.77000427246094,18.170000076293945,24.12400026321411,1.106327757014214
2026-04-16,91.83000183105469,138.5500030517578,17.940000534057617,23.7665002822876,1.2087572591526987
2026-04-17,91.9800033569336,137.63999938964844,17.479999542236328,23.437500286102296,1.2497315409017913
2026-04-20,92.01000213623047,135.8699951171875,18.8700008392334,23.04200029373169,1.2974594419503562
2026-04-21,90.5999984741211,133.2899932861328,19.5,22.709500312805176,1.1894835097282013
2026-04-22,90.0,132.89999389648438,18.920000076293945,22.3080002784729,1.1259142168860456
2026-04-23,96.25,133.63999938964844,19.309999465942383,22.007000255584718,1.8708093893984117
2026-04-24,95.27999877929688,130.39999389648438,18.709999084472656,21.57050018310547,1.8330020537088803
2026-04-27,94.83000183105469,127.75,18.020000457763672,20.919000244140626,1.84401496516879
2026-04-28,96.51000213623047,129.25999450683594,17.829999923706055,20.28000020980835,2.011603559220735
2026-04-29,94.16999816894531,128.83999633789062,18.809999465942383,19.95800018310547,1.736272805662093
2026-04-30,97.87999725341797,130.83999633789062,16.889999389648438,19.575500106811525,2.1395881417707083
