Date,PEP,MNST,VIX,AvgVIX,zscore
2022-01-31,151.7125701904297,43.36000061035156,24.829999923706055,23.18100004196167,-0.2252260568307286
2022-02-01,150.6808624267578,43.23500061035156,21.959999084472656,23.448999977111818,-0.32198992084096667
2022-02-02,153.41749572753906,43.60499954223633,22.09000015258789,23.707999992370606,-0.06494778429741838
2022-02-03,153.33006286621094,43.040000915527344,24.350000381469727,23.939000034332274,-0.07853332036544726
2022-02-04,150.81199645996094,42.14500045776367,23.219999313354492,24.119499969482423,-0.3204328886014166
2022-02-07,150.21746826171875,42.27000045776367,22.860000610351562,24.324499988555907,-0.3742798163355373
2022-02-08,150.4010772705078,42.36000061035156,21.440000534057617,24.426500034332275,-0.35640099742162984
2022-02-09,150.3311309814453,43.14500045776367,19.959999084472656,24.503999996185303,-0.3552538574605783
2022-02-10,147.20977783203125,41.915000915527344,23.90999984741211,24.818499946594237,-0.6562797038479573
2022-02-11,147.39341735839844,41.400001525878906,27.360000610351562,25.171000003814697,-0.6442747125961701
2022-02-14,145.74966430664062,41.28499984741211,28.329999923706055,25.62799997329712,-0.7976248838240527
2022-02-15,145.10269165039062,41.38999938964844,25.700000762939453,25.773499965667725,-0.8565231307637846
2022-02-16,145.39993286132812,41.61000061035156,24.290000915527344,25.795499992370605,-0.8268577152675884
2022-02-17,145.79339599609375,41.06999969482422,28.110000610351562,25.92150001525879,-0.7956631562355897
2022-02-18,146.63272094726562,40.6349983215332,27.75,25.866499996185304,-0.7221560303211008
2022-02-22,147.1923065185547,40.82500076293945,28.809999465942383,25.811999988555907,-0.668485476911602
2022-02-23,145.74095153808594,39.70500183105469,31.020000457763672,25.805000019073486,-0.8137790875957772
2022-02-24,143.2053985595703,40.17499923706055,30.31999969482422,25.723000049591064,-1.044039255604584
2022-02-25,147.21852111816406,42.28499984741211,27.59000015258789,25.57800006866455,-0.6518759817287033
2022-02-28,143.16168212890625,42.20000076293945,30.149999618530273,25.70250005722046,-1.0284181488041
2022-03-01,141.87640380859375,41.6150016784668,33.31999969482422,26.127000045776366,-1.153134168271612
2022-03-02,143.84364318847656,41.875,30.739999771118164,26.566000080108644,-0.9684164951132697
2022-03-03,143.68966674804688,41.67499923706055,30.479999542236328,26.985500049591064,-0.9846194385991903
2022-03-04,145.8722381591797,40.65999984741211,31.979999542236328,27.367000007629393,-0.7923438646360282
2022-03-07,142.9679412841797,37.5,36.45000076293945,28.028500080108643,-1.0920144805582725
2022-03-08,138.93724060058594,36.244998931884766,35.130001068115234,28.642000102996825,-1.477500694247885
2022-03-09,138.5236053466797,38.34000015258789,32.45000076293945,29.192500114440918,-1.4954589840684536
2022-03-10,135.9801788330078,37.69499969482422,30.229999542236328,29.706000137329102,-1.7372788598064823
2022-03-11,135.2937469482422,36.61000061035156,30.75,30.048000144958497,-1.8113905829780343
2022-03-14,137.1947021484375,36.6150016784668,31.770000457763672,30.268500137329102,-1.6352886067306454
2022-03-15,139.93170166015625,37.540000915527344,29.829999923706055,30.3435001373291,-1.3728215670981976
2022-03-16,140.5477752685547,38.595001220703125,26.670000076293945,30.392000102996825,-1.3055173363481594
2022-03-17,141.63906860351562,39.13999938964844,25.670000076293945,30.461000061035158,-1.1991554205516874
2022-03-18,143.26719665527344,40.29499816894531,23.8700008392334,30.249000072479248,-1.0371503331169298
2022-03-21,143.0647735595703,39.5,23.530000686645508,30.038000106811523,-1.063619571053716
2022-03-22,144.63128662109375,40.650001525878906,22.940000534057617,29.744500160217285,-0.9073693810562392
2022-03-23,143.87445068359375,39.025001525878906,23.56999969482422,29.37200012207031,-0.9932467342518574
2022-03-24,144.7456817626953,39.279998779296875,21.670000076293945,28.9395001411438,-0.9100823908516007
2022-03-25,145.42337036132812,39.349998474121094,20.809999465942383,28.600500106811523,-0.8466395920833977
2022-03-28,145.8546142578125,40.0099983215332,19.6299991607666,28.07450008392334,-0.8002898492716479
2022-03-29,148.01962280273438,41.290000915527344,18.899999618530273,27.353500080108642,-0.5873483598153849
2022-03-30,147.81716918945312,40.029998779296875,19.329999923706055,26.78300008773804,-0.6183372331506529
2022-03-31,147.3067169189453,39.95000076293945,20.559999465942383,26.28700008392334,-0.6663888717792873
2022-04-01,149.40130615234375,41.07500076293945,19.6299991607666,25.669500064849853,-0.461474750082441
2022-04-04,149.01409912109375,41.29999923706055,18.56999969482422,24.77550001144409,-0.4951496833235509
2022-04-05,149.1724853515625,40.95000076293945,21.030000686645508,24.070499992370607,-0.48388074475872644
2022-04-06,151.7158966064453,40.40999984741211,22.100000381469727,23.55299997329712,-0.2535727752724233
2022-04-07,151.8567352294922,40.88999938964844,21.549999237060547,23.11899995803833,-0.23586680214019362
2022-04-08,152.36715698242188,40.810001373291016,21.15999984741211,22.639499950408936,-0.18937210890675096
2022-04-11,151.90072631835938,41.084999084472656,24.3700008392334,22.26949996948242,-0.2298985233859443
2022-04-12,152.5167694091797,41.345001220703125,24.260000228881836,21.99099998474121,-0.17031932176875544
2022-04-13,152.25274658203125,42.005001068115234,21.81999969482422,21.748499965667726,-0.18836040179712799
2022-04-14,151.28466796875,41.29499816894531,22.700000762939453,21.6,-0.2849137883507748
2022-04-18,149.98216247558594,41.220001220703125,22.170000076293945,21.51499996185303,-0.40627137199242486
2022-04-19,152.1647491455078,41.900001525878906,21.3700008392334,21.40699996948242,-0.19753003072133035
2022-04-20,154.42652893066406,42.67499923706055,20.31999969482422,21.27599992752075,0.019468388179933002
2022-04-21,153.87208557128906,43.439998626708984,22.68000030517578,21.23149995803833,-0.024449532943660632
2022-04-22,151.50469970703125,42.82500076293945,28.209999084472656,21.558499908447267,-0.2496743045547789
2022-04-25,152.90402221679688,43.34000015258789,27.020000457763672,21.86899995803833,-0.11507623748862203
2022-04-26,152.5167694091797,43.130001068115234,33.52000045776367,22.563500022888185,-0.1529807524910154
2022-04-27,153.88088989257812,43.375,31.600000381469727,23.198500061035155,-0.024265500436891616
2022-04-28,156.21307373046875,43.904998779296875,29.989999771118164,23.73150005340576,0.19687346423025037
2022-04-29,151.11744689941406,42.84000015258789,33.400001525878906,24.37350015640259,-0.28539330024937276
2022-05-02,147.64114379882812,42.375,32.34000015258789,25.00900020599365,-0.611861360138009
2022-05-03,147.84359741210938,41.959999084472656,29.25,25.54300022125244,-0.5971426038536932
2022-05-04,153.00961303710938,43.32500076293945,25.420000076293945,25.762500190734862,-0.1054428381685634
2022-05-05,149.9557647705078,41.52000045776367,31.200000762939453,26.21750020980835,-0.4058021078140383
2022-05-06,149.973388671875,43.334999084472656,30.190000534057617,26.6495002746582,-0.3865399412916849
2022-05-09,151.10862731933594,41.78499984741211,34.75,27.3290002822876,-0.29645783876703213
2022-05-10,150.92384338378906,42.06999969482422,32.9900016784668,27.76000032424927,-0.31080291443536223
2022-05-11,150.19337463378906,42.45500183105469,32.560001373291016,28.175000381469726,-0.37471419440298875
2022-05-12,149.96456909179688,42.84000015258789,31.770000457763672,28.6725004196167,-0.39216491485895105
2022-05-13,152.88641357421875,44.44499969482422,28.8700008392334,28.981000423431396,-0.10597363237569093
2022-05-16,154.42652893066406,44.55500030517578,27.469999313354492,29.246000385284425,0.03772975039181386
2022-05-17,153.53765869140625,44.6150016784668,26.100000381469727,29.48250036239624,-0.04400847628214875
2022-05-18,144.02403259277344,43.310001373291016,30.959999084472656,30.01450033187866,-0.9377712046187693
2022-05-19,141.86785888671875,43.380001068115234,29.350000381469727,30.34800033569336,-1.1367812450444101
2022-05-20,142.7567901611328,43.814998626708984,29.43000030517578,30.409000396728516,-1.0502292010044374
2022-05-23,145.74021911621094,43.525001525878906,28.479999542236328,30.48200035095215,-0.776741409662864
2022-05-24,147.69395446777344,43.744998931884766,29.450000762939453,30.278500366210938,-0.593662935038876
2022-05-25,148.7060089111328,43.8650016784668,28.3700008392334,30.117000389099122,-0.4987677671532784
2022-05-26,149.70936584472656,44.3650016784668,27.5,29.992500400543214,-0.40098700518393854
2022-05-27,151.17027282714844,44.834999084472656,25.719999313354492,29.608500289916993,-0.26112253384890743
2022-05-31,147.6323699951172,44.560001373291016,26.190000534057617,29.301000308990478,-0.5914499513962168
2022-06-01,146.52349853515625,44.025001525878906,25.690000534057617,29.12300033569336,-0.6993427137052235
2022-06-02,147.71096801757812,45.16999816894531,24.719999313354492,29.088000297546387,-0.5782455483100554
2022-06-03,146.08924865722656,44.415000915527344,24.790000915527344,28.76750030517578,-0.7357716979876403
2022-06-06,146.70069885253906,45.68000030517578,25.06999969482422,28.51150026321411,-0.6668558330029062
2022-06-07,147.60462951660156,45.42499923706055,24.020000457763672,27.975000286102294,-0.585616939963229
2022-06-08,146.8690948486328,45.119998931884766,23.959999084472656,27.523500156402587,-0.6566997187946534
2022-06-09,144.2548065185547,44.650001525878906,26.09000015258789,27.200000095367432,-0.9033824391550144
2022-06-10,144.0244140625,43.52000045776367,27.75,26.999000072479248,-0.9356960525547816
2022-06-13,141.560791015625,42.244998931884766,34.02000045776367,27.256500053405762,-1.1762445859156685
2022-06-14,138.35276794433594,44.029998779296875,32.689998626708984,27.517500019073488,-1.4560110530634773
2022-06-15,139.8326873779297,43.935001373291016,29.6200008392334,27.69350004196167,-1.3198738478853915
2022-06-16,139.15919494628906,43.94499969482422,32.95000076293945,27.79300012588501,-1.3821509669888512
2022-06-17,139.18582153320312,44.060001373291016,31.1299991607666,27.882000064849855,-1.3785679285294565
2022-06-21,142.42039489746094,45.41999816894531,30.190000534057617,27.920000076293945,-1.0657936780448656
2022-06-22,143.5901641845703,45.369998931884766,28.950000762939453,27.943500137329103,-0.957943357601613
2022-06-23,145.42459106445312,46.09000015258789,29.049999237060547,27.923500061035156,-0.7810576336187598
2022-06-24,147.22357177734375,47.290000915527344,27.229999542236328,27.866499996185304,-0.6027922215090935
2022-06-27,147.41851806640625,47.10499954223633,26.950000762939453,27.839000034332276,-0.5865346448606925
2022-06-28,145.34481811523438,45.404998779296875,28.360000610351562,27.971000099182127,-0.7950994061829468
2022-06-29,147.75526428222656,46.67499923706055,28.15999984741211,28.069500064849855,-0.559524327558474
2022-06-30,147.6932830810547,46.349998474121094,28.709999084472656,28.220499992370605,-0.5684214902304255
2022-07-01,150.11256408691406,47.29499816894531,26.700000762939453,28.319500064849855,-0.3351850796262855
2022-07-05,149.77578735351562,48.05500030517578,27.540000915527344,28.457000064849854,-0.3589927554143546
2022-07-06,151.2734832763672,48.69499969482422,26.729999542236328,28.54000005722046,-0.2140698336798202
2022-07-07,150.97215270996094,48.494998931884766,26.079999923706055,28.643000030517577,-0.24391970301161073
2022-07-08,152.3192138671875,48.7400016784668,24.639999389648438,28.677000045776367,-0.1167843313825838
2022-07-11,151.06967163085938,48.43000030517578,26.170000076293945,28.68100004196167,-0.2355195343478688
2022-07-12,150.2100372314453,48.375,27.290000915527344,28.65800008773804,-0.31566720566101736
2022-07-13,150.74179077148438,48.400001525878906,26.81999969482422,28.298000049591064,-0.2661769975160684
2022-07-14,151.52162170410156,48.875,26.399999618530273,27.98350009918213,-0.18934052859521158
2022-07-15,151.64566040039062,48.57500076293945,24.229999542236328,27.714000034332276,-0.18076695561011863
2022-07-18,149.1111602783203,47.5099983215332,25.299999237060547,27.33149995803833,-0.42583981331793364
2022-07-19,150.70632934570312,48.130001068115234,24.5,27.0,-0.2720838363180341
2022-07-20,149.1111602783203,48.20000076293945,23.8799991607666,26.68449993133545,-0.4191374849398797
2022-07-21,149.3326873779297,47.8849983215332,23.110000610351562,26.392499923706055,-0.4016809398331028
2022-07-22,150.3075408935547,47.53499984741211,23.030000686645508,26.091499996185302,-0.3147964158731448
2022-07-25,150.5201873779297,47.91999816894531,23.360000610351562,25.898000049591065,-0.2913628853560449
2022-07-26,152.27487182617188,47.94499969482422,24.690000534057617,25.785000038146972,-0.1286132261555832
2022-07-27,152.06219482421875,48.69499969482422,23.239999771118164,25.528999996185302,-0.14102479380748226
2022-07-28,154.94232177734375,49.45500183105469,22.329999923706055,25.2375,0.1330950283441631
2022-07-29,155.0486602783203,49.810001373291016,21.329999923706055,24.86850004196167,0.146391651787904
2022-08-01,156.81219482421875,49.244998931884766,22.84000015258789,24.675500011444093,0.3042299514766031
2022-08-02,155.51837158203125,48.45000076293945,23.93000030517578,24.494999980926515,0.17668273714428115
2022-08-03,156.70587158203125,48.025001525878906,21.950000762939453,24.25600004196167,0.2825325974053062
2022-08-04,155.85508728027344,48.18000030517578,21.440000534057617,24.024000072479247,0.20524438423924113
2022-08-05,154.68531799316406,45.689998626708984,21.149999618530273,23.84950008392334,0.0727218029533639
2022-08-08,154.06500244140625,44.71500015258789,21.290000915527344,23.60550012588501,0.0058018091672074725
2022-08-09,154.6410369873047,44.404998779296875,21.770000457763672,23.329500102996825,0.05613897392748077
2022-08-10,155.9171600341797,44.90999984741211,19.739999771118164,22.975500106811523,0.17923003539330148
2022-08-11,155.11956787109375,44.650001525878906,20.200000762939453,22.665500164031982,0.10283704420547603
2022-08-12,157.1489715576172,45.0099983215332,19.530000686645508,22.43050022125244,0.29428328164333284
2022-08-15,158.8770294189453,45.89500045776367,19.950000762939453,22.163000297546386,0.4629205725108664
2022-08-16,159.79867553710938,46.13999938964844,19.690000534057617,21.922500324249267,0.5506568915963084
2022-08-17,159.71005249023438,45.755001068115234,19.899999618530273,21.723500347137453,0.5387095589952545
2022-08-18,159.8695831298828,45.630001068115234,19.559999465942383,21.546000289916993,0.5522700041763998
2022-08-19,159.6657257080078,45.29499816894531,20.600000381469727,21.424500274658204,0.5301360859749553
2022-08-22,158.14146423339844,44.79499816894531,23.799999237060547,21.44650020599365,0.38411272749258807
2022-08-23,158.07058715820312,45.08000183105469,24.110000610351562,21.41750020980835,0.38031695898693174
2022-08-24,158.85931396484375,45.21500015258789,22.81999969482422,21.396500205993654,0.45467471619726163
2022-08-25,158.8682098388672,45.59000015258789,21.780000686645508,21.369000244140626,0.459141147757872
2022-08-26,155.11956787109375,44.57500076293945,25.559999465942383,21.580500221252443,0.10210852541820888
2022-08-29,154.6321563720703,44.29499816894531,26.209999084472656,21.74900016784668,0.05424802313252563
2022-08-30,153.30287170410156,44.26499938964844,26.209999084472656,21.863000106811523,-0.06915257448868704
2022-08-31,152.66482543945312,44.415000915527344,25.8700008392334,22.059000110626222,-0.12678699432795085
2022-09-01,154.20822143554688,44.5,25.559999465942383,22.26500005722046,0.016977366776905957
2022-09-02,152.25442504882812,44.19499969482422,25.469999313354492,22.48100004196167,-0.16693243489124301
2022-09-06,151.22840881347656,44.29499816894531,26.90999984741211,22.761999988555907,-0.26098366937927914
2022-09-07,154.56507873535156,45.224998474121094,24.639999389648438,22.905499935150146,0.05706929772126237
2022-09-08,154.04766845703125,45.709999084472656,23.610000610351562,23.098999977111816,0.013861361953392657
2022-09-09,154.53831481933594,46.21500015258789,22.790000915527344,23.228499984741212,0.06420697433897697
2022-09-12,155.14500427246094,46.779998779296875,23.8700008392334,23.445499992370607,0.12588248519575246
2022-09-13,149.35491943359375,44.76499938964844,27.270000457763672,23.811499977111815,-0.4299280226053434
2022-09-14,150.48794555664062,44.46500015258789,26.15999984741211,24.13499994277954,-0.32790897260273527
2022-09-15,147.9899444580078,43.685001373291016,26.270000457763672,24.45349998474121,-0.5668331629481952
2022-09-16,148.96237182617188,43.619998931884766,26.299999237060547,24.79049997329712,-0.4774050273879078
2022-09-19,150.53257751464844,43.92499923706055,25.760000228881836,25.048499965667723,-0.329020758373722
2022-09-20,150.70208740234375,43.849998474121094,27.15999984741211,25.216499996185302,-0.31405043702204666
2022-09-21,150.27383422851562,43.52000045776367,27.989999771118164,25.41049995422363,-0.35691773182513964
2022-09-22,150.4165802001953,43.3849983215332,27.350000381469727,25.636999988555907,-0.3450089227694859
2022-09-23,150.34523010253906,43.54499816894531,29.920000076293945,26.04399995803833,-0.3500627220441148
2022-09-26,150.2827606201172,43.95500183105469,32.2599983215332,26.37899990081787,-0.35186565149568616
2022-09-27,148.10589599609375,43.67499923706055,32.599998474121094,26.698499870300292,-0.556191684448731
2022-09-28,150.47901916503906,44.70000076293945,30.18000030517578,26.89699993133545,-0.3264529987010058
2022-09-29,148.64120483398438,44.005001068115234,31.84000015258789,27.195499897003174,-0.5034095931700096
2022-09-30,145.65249633789062,43.47999954223633,31.6200008392334,27.498499965667726,-0.7853028162464089
2022-10-03,147.4278564453125,44.53499984741211,30.100000381469727,27.730000019073486,-0.6106334419590466
2022-10-04,149.08726501464844,45.82500076293945,29.06999969482422,27.83800001144409,-0.4444200268633489
2022-10-05,148.0969696044922,46.09000015258789,28.549999237060547,28.033500003814698,-0.5335603102400593
2022-10-06,145.2421112060547,45.869998931884766,30.520000457763672,28.378999996185303,-0.8000946418159177
2022-10-07,144.18045043945312,45.14500045776367,31.360000610351562,28.807499980926515,-0.905460623171453
2022-10-10,144.36782836914062,45.5099983215332,32.45000076293945,29.236499977111816,-0.8845615665734888
2022-10-11,145.05477905273438,44.72999954223633,33.630001068115234,29.554500007629393,-0.8285174246332937
2022-10-12,151.1213836669922,44.78499984741211,33.56999969482422,29.925,-0.26613597850933535
2022-10-13,155.77841186523438,45.040000915527344,31.940000534057617,30.2085000038147,0.16764289753521405
2022-10-14,151.83509826660156,43.70000076293945,32.02000045776367,30.494500064849852,-0.21057576260901784
2022-10-17,154.10116577148438,44.689998626708984,31.3700008392334,30.77500009536743,0.008908156169553746
2022-10-18,156.17990112304688,45.2400016784668,30.5,30.942000102996825,0.2067687761092423
2022-10-19,154.66323852539062,44.119998931884766,30.760000228881836,31.08050012588501,0.05542678596448194
2022-10-20,152.96815490722656,43.505001068115234,29.979999542236328,31.21200008392334,-0.10753397479760957
2022-10-21,154.39559936523438,43.79499816894531,29.690000534057617,31.200500106811525,0.027482997368267315
2022-10-24,158.51731872558594,45.05500030517578,29.850000381469727,31.08000020980835,0.4214473127962388
2022-10-25,159.04371643066406,45.83000183105469,28.459999084472656,30.87300024032593,0.4777266141019489
2022-10-26,159.75741577148438,46.005001068115234,27.280000686645508,30.728000259399415,0.5455243916590247
2022-10-27,159.58790588378906,45.8650016784668,27.389999389648438,30.50550022125244,0.5284656695459843
2022-10-28,162.57656860351562,46.77000045776367,25.75,30.212000179290772,0.8140457507585914
2022-10-31,161.99667358398438,46.86000061035156,25.8799991607666,30.001000118255615,0.7612140769159709
2022-11-01,161.26513671875,47.17499923706055,25.809999465942383,29.838000106811524,0.6965238974193342
2022-11-02,159.0168914794922,45.85499954223633,25.860000610351562,29.703500175476073,0.47548508648317417
2022-11-03,158.60650634765625,45.54499816894531,25.299999237060547,29.442500114440918,0.43446684395007446
2022-11-04,159.4986572265625,48.970001220703125,24.549999237060547,29.102000045776368,0.5503604391842626
2022-11-07,160.77442932128906,49.45000076293945,24.350000381469727,28.69700002670288,0.6731761459283754
2022-11-08,161.22052001953125,48.93000030517578,25.540000915527344,28.292500019073486,0.7094389821353495
2022-11-09,159.29347229003906,48.1150016784668,26.09000015258789,27.91850004196167,0.5230525961022834
2022-11-10,162.10374450683594,49.650001525878906,23.530000686645508,27.498000049591063,0.7982308815992207
2022-11-11,158.84739685058594,49.060001373291016,22.520000457763672,27.023000049591065,0.4909193967819307
2022-11-14,157.6697540283203,48.459999084472656,23.729999542236328,26.64099998474121,0.3760261035717066
2022-11-15,158.0801544189453,49.06999969482422,24.540000915527344,26.34300003051758,0.4199597973639841
2022-11-16,159.09718322753906,49.595001220703125,24.110000610351562,26.010500049591066,0.5192496063262776
2022-11-17,160.61387634277344,49.47999954223633,23.93000030517578,25.708000087738036,0.6585982258174723
2022-11-18,161.77366638183594,49.849998474121094,23.1200008392334,25.379500102996825,0.7696039828526622
2022-11-21,164.88726806640625,50.54999923706055,22.360000610351562,25.005000114440918,1.0647638066672078
2022-11-22,164.90509033203125,51.58000183105469,21.290000915527344,24.646500205993654,1.0764192971188564
2022-11-23,165.1192169189453,51.96500015258789,20.350000381469727,24.300000190734863,1.0999899045549837
2022-11-25,164.25381469726562,51.685001373291016,20.5,23.955500221252443,1.0171225378990647
2022-11-28,164.0575408935547,50.939998626708984,22.209999084472656,23.778500175476076,0.9917084348862661
2022-11-29,162.8977508544922,49.89500045776367,21.889999389648438,23.579000186920165,0.8741460828736783
2022-11-30,165.50283813476562,51.43000030517578,20.579999923706055,23.31750020980835,1.1303215505338715
2022-12-01,166.8853302001953,51.625,19.84000015258789,23.016500186920165,1.2602525853406974
2022-12-02,166.69679260253906,52.02000045776367,19.059999465942383,22.704500198364258,1.2466283605811899
2022-12-05,164.3896942138672,51.084999084472656,20.75,22.514500236511232,1.0238786510873072
2022-12-06,163.0520782470703,50.720001220703125,22.170000076293945,22.405500221252442,0.8964524572714325
2022-12-07,163.54580688476562,50.6150016784668,22.68000030517578,22.262500190734862,0.9411582970174116
2022-12-08,164.98216247558594,50.77000045776367,22.290000915527344,22.072500228881836,1.0756892528518058
2022-12-09,164.37171936035156,50.02000045776367,22.829999923706055,22.037500190734864,1.011869095555004
2022-12-12,165.1527557373047,50.40999984741211,25.0,22.16150016784668,1.0879915671071403
2022-12-13,165.06300354003906,50.220001220703125,22.549999237060547,22.10250015258789,1.077833786976165
2022-12-14,164.60511779785156,50.95000076293945,21.139999389648438,21.932500076293945,1.042518397870454
2022-12-15,161.81321716308594,49.82500076293945,22.829999923706055,21.86850004196167,0.7730240893422514
2022-12-16,161.89402770996094,50.38999938964844,22.6200008392334,21.803000068664552,0.7859963121849404
2022-12-19,162.79173278808594,50.209999084472656,22.420000076293945,21.768000030517577,0.8673871530535006
2022-12-20,162.6929931640625,50.58000183105469,21.479999542236328,21.723999977111816,0.8618365842099546
2022-12-21,163.83309936523438,50.974998474121094,20.06999969482422,21.66299991607666,0.9712621744315749
2022-12-22,162.5673065185547,50.404998779296875,21.969999313354492,21.743999862670897,0.8484964618838945
2022-12-23,163.61764526367188,50.630001068115234,20.8700008392334,21.76249990463257,0.9479571700113014
2022-12-27,164.34481811523438,51.005001068115234,21.649999618530273,21.73449993133545,1.0189454758954732
2022-12-28,163.15982055664062,50.65999984741211,22.139999389648438,21.74699993133545,0.9058479866375594
2022-12-29,163.3662872314453,51.0099983215332,21.440000534057617,21.789999961853027,0.9283692151950911
2022-12-30,162.18130493164062,50.76499938964844,21.670000076293945,21.88149995803833,0.816244509835646
2023-01-03,161.05917358398438,50.65999984741211,22.899999618530273,22.073499965667725,0.7113005094345758
2023-01-04,160.66416931152344,51.07500076293945,22.010000228881836,22.136499977111818,0.6787490351996484
2023-01-05,158.98544311523438,50.189998626708984,22.459999084472656,22.15099992752075,0.5146805039116631
2023-01-06,162.5762939453125,51.21500015258789,21.1299991607666,22.073499870300292,0.857196751752134
2023-01-09,160.98733520507812,50.57500076293945,21.969999313354492,22.05749979019165,0.7038216954536384
2023-01-10,159.65872192382812,50.26499938964844,20.579999923706055,21.944999790191652,0.5777634760512304
2023-01-11,159.83827209472656,50.845001220703125,21.09000015258789,21.749499797821045,0.6000260172742402
2023-01-12,157.8004608154297,50.02000045776367,18.829999923706055,21.56349983215332,0.4032843173394878
2023-01-13,157.31565856933594,51.040000915527344,18.350000381469727,21.423999881744386,0.368293026285866
2023-01-17,158.05181884765625,51.084999084472656,19.360000610351562,21.25049991607666,0.4369082179906249
2023-01-18,154.06594848632812,50.369998931884766,20.34000015258789,21.136499881744385,0.060819171270542885
2023-01-19,152.2794952392578,49.93000030517578,20.520000457763672,21.041499900817872,-0.10890376373668528
2023-01-20,152.50392150878906,50.0,19.850000381469727,20.95999994277954,-0.08743900496553765
2023-01-23,151.8216552734375,50.05500030517578,19.809999465942383,20.946999931335448,-0.1500915673404029
2023-01-24,153.2310791015625,51.5099983215332,19.200000762939453,20.808500003814697,-0.005427323052048772
2023-01-25,154.34422302246094,51.7599983215332,19.079999923706055,20.71899995803833,0.10009278346038016
2023-01-26,152.80917358398438,51.95500183105469,18.729999542236328,20.572999954223633,-0.04017877587209259
2023-01-27,152.27053833007812,51.39500045776367,18.510000228881836,20.391499996185303,-0.09550303403561423
2023-01-30,152.1448516845703,51.185001373291016,19.940000534057617,20.316499996185303,-0.1091830898011948
2023-01-31,153.52732849121094,52.040000915527344,19.399999618530273,20.202999973297118,0.027157430472260977
2023-02-01,154.0120849609375,52.02000045776367,17.8700008392334,19.951500034332277,0.07185796705309155
2023-02-02,152.58473205566406,51.290000915527344,18.729999542236328,19.7875,-0.06742448325126965
2023-02-03,151.8216552734375,50.900001525878906,18.329999923706055,19.58100004196167,-0.14188366064159968
2023-02-06,154.24551391601562,51.40999984741211,19.43000030517578,19.49600009918213,0.08755131987369935
2023-02-07,154.0120849609375,51.255001068115234,18.65999984741211,19.33050012588501,0.06442715694177503
2023-02-08,153.6529998779297,51.04499816894531,19.6299991607666,19.28300008773804,0.02913130583924227
2023-02-09,155.1072998046875,51.42499923706055,20.709999084472656,19.264000034332277,0.1675096990331357
2023-02-10,158.17750549316406,51.400001525878906,20.530000686645508,19.34900007247925,0.45160822229078273
2023-02-13,159.58688354492188,52.11000061035156,20.34000015258789,19.448500061035155,0.5890316911223503
2023-02-14,157.79147338867188,52.125,18.90999984741211,19.426000022888182,0.4228988451962016
2023-02-15,158.00692749023438,52.54999923706055,18.229999542236328,19.320499992370607,0.4469809462039644
2023-02-16,157.55804443359375,52.02000045776367,20.170000076293945,19.30299997329712,0.40026034910445385
2023-02-17,158.2493438720703,52.09000015258789,20.020000457763672,19.311499977111815,0.46496369026206785
2023-02-21,158.15953063964844,51.189998626708984,22.8700008392334,19.46450004577637,0.44790365494971013
2023-02-22,158.10569763183594,51.165000915527344,22.290000915527344,19.619000053405763,0.4426751970635384
2023-02-23,158.27622985839844,51.345001220703125,21.139999389648438,19.72200002670288,0.46021714946593784
2023-02-24,157.96205139160156,50.6150016784668,21.670000076293945,19.869000053405763,0.4240292607473402
2023-02-27,157.9171600341797,51.15999984741211,20.950000762939453,19.99100008010864,0.4251655634746093
2023-02-28,155.78062438964844,50.880001068115234,20.700000762939453,20.029000091552735,0.2245745603280422
2023-03-01,153.8056182861328,49.595001220703125,20.579999923706055,20.088000106811524,0.029181249669187618
2023-03-02,156.64349365234375,51.07500076293945,19.59000015258789,20.17400007247925,0.30638170440738755
2023-03-03,156.48983764648438,51.005001068115234,18.489999771118164,20.16200008392334,0.2914712007955176
2023-03-06,156.80618286132812,51.9900016784668,18.610000610351562,20.176000118255615,0.3303367078733657
2023-03-07,156.02894592285156,51.61000061035156,19.59000015258789,20.184000110626222,0.2546632327319666
2023-03-08,156.4536895751953,51.560001373291016,19.110000610351562,20.206500148773195,0.2935144021603655
2023-03-09,155.26976013183594,51.0,22.610000610351562,20.35550022125244,0.1784274336290447
2023-03-10,155.47763061523438,50.084999084472656,24.799999237060547,20.560000228881837,0.18879112066394413
2023-03-13,156.99595642089844,50.15999984741211,26.520000457763672,20.859500217437745,0.3301365345835796
2023-03-14,156.83326721191406,50.81999969482422,23.729999542236328,21.029000186920165,0.32148027743419866
2023-03-15,159.635009765625,51.17499923706055,26.139999389648438,21.390500164031984,0.5844066889041929
2023-03-16,159.52658081054688,51.70000076293945,22.989999771118164,21.628500175476074,0.5794643391692053
2023-03-17,158.27932739257812,51.494998931884766,25.510000228881836,21.89550018310547,0.4619610223015459
2023-03-20,160.50265502929688,52.275001525878906,24.149999618530273,22.102000141143797,0.675446882490541
2023-03-21,160.88221740722656,51.89500045776367,21.3799991607666,22.027500057220458,0.7069082051359401
2023-03-22,159.52658081054688,51.17499923706055,22.260000228881836,22.026000022888184,0.5743647447123371
2023-03-23,158.74928283691406,51.19499969482422,22.610000610351562,22.09950008392334,0.5025710257439102
2023-03-24,161.85829162597656,52.040000915527344,21.739999771118164,22.10300006866455,0.7987139469345511
2023-03-27,162.21983337402344,52.334999084472656,20.600000381469727,22.085500049591065,0.8350629177390819
2023-03-28,162.16558837890625,51.599998474121094,19.969999313354492,22.048999977111816,0.8228997018969157
2023-03-29,163.28627014160156,52.150001525878906,19.1200008392334,21.976000022888183,0.9320319866305717
2023-03-30,163.43087768554688,52.4900016784668,19.020000457763672,21.947500038146973,0.9487271293247868
2023-03-31,164.75949096679688,54.0099983215332,18.700000762939453,21.958000087738036,1.0865386196538855
2023-04-03,164.94021606445312,53.58000183105469,18.549999237060547,21.955000019073488,1.0990993709476649
2023-04-04,164.35275268554688,53.15999984741211,19.0,21.925500011444093,1.0406128695944445
2023-04-05,165.97052001953125,52.79999923706055,19.079999923706055,21.923999977111816,1.1869424947200276
2023-04-06,166.62123107910156,52.560001373291016,18.399999618530273,21.71349992752075,1.2448756626937343
2023-04-10,165.5728302001953,52.349998474121094,18.969999313354492,21.42199993133545,1.1457401227554171
2023-04-11,165.31979370117188,52.279998779296875,19.100000381469727,21.050999927520753,1.1216256812711074
2023-04-12,164.9944610595703,52.470001220703125,19.09000015258789,20.81899995803833,1.093341195071478
2023-04-13,166.63934326171875,52.869998931884766,17.799999237060547,20.401999950408936,1.2495642451381788
2023-04-14,165.85302734375,52.560001373291016,17.06999969482422,20.10599994659424,1.173729915390191
2023-04-17,166.7025909423828,52.880001068115234,16.950000762939453,19.67799997329712,1.255518965989848
2023-04-18,167.04603576660156,52.68000030517578,16.829999923706055,19.311999988555907,1.2853837594459914
2023-04-19,166.9466094970703,52.4900016784668,16.459999084472656,19.06599998474121,1.2743300332669363
2023-04-20,167.49790954589844,52.900001525878906,17.170000076293945,18.811499977111815,1.3293701800702833
2023-04-21,167.5702362060547,53.06999969482422,16.770000457763672,18.51949996948242,1.3377198526365577
2023-04-24,167.6515655517578,53.70000076293945,16.889999389648438,18.276999950408936,1.3513715232999473
2023-04-25,171.4564971923828,54.209999084472656,18.760000228881836,18.18499994277954,1.7087119877450052
2023-04-26,170.39903259277344,54.2599983215332,18.84000015258789,18.12849998474121,1.6112625551784847
2023-04-27,171.4384307861328,55.279998779296875,17.030000686645508,18.023999977111817,1.7174322274410005
2023-04-28,172.52293395996094,56.0,15.779999732971191,17.86199994087219,1.8248651747285094
2023-05-01,173.23692321777344,56.84000015258789,16.079999923706055,17.73099989891052,1.8991492788347086
2023-05-02,173.75209045410156,57.540000915527344,17.780000686645508,17.692499971389772,1.9536599725654757
2023-05-03,173.6887969970703,58.36000061035156,18.34000015258789,17.659499979019166,1.955763222573617
2023-05-04,174.7733612060547,57.81999969482422,20.09000015258789,17.709999990463256,2.0509628106427016
2023-05-05,175.5777130126953,59.709999084472656,17.190000534057617,17.649500036239623,2.1438148244898807
2023-05-08,174.7462158203125,59.040000915527344,16.979999542236328,17.550000047683717,2.0602992552655905
2023-05-09,175.46023559570312,58.689998626708984,17.709999084472656,17.480499982833862,2.1230271148121855
2023-05-10,175.5777130126953,59.11000061035156,16.940000534057617,17.37300000190735,2.1379867482997525
2023-05-11,176.5447540283203,59.279998779296875,16.93000030517578,17.32950005531311,2.229198711836145
2023-05-12,177.2497100830078,59.540000915527344,17.030000686645508,17.327500104904175,2.2970124207437843
2023-05-15,175.5777130126953,59.720001220703125,17.1200008392334,17.33600010871887,2.14391198009032
2023-05-16,174.81854248046875,59.939998626708984,17.989999771118164,17.39400010108948,2.0757397674496563
2023-05-17,173.58035278320312,59.650001525878906,16.8700008392334,17.414500188827514,1.9582502697858322
2023-05-18,173.12844848632812,59.849998474121094,16.049999237060547,17.358500146865843,1.9183406687556013
2023-05-19,173.38153076171875,59.68000030517578,16.809999465942383,17.36050009727478,1.9401281340778036
2023-05-22,168.6818389892578,59.119998931884766,17.209999084472656,17.37650008201599,1.499435435276106
2023-05-23,168.16671752929688,57.939998626708984,18.530000686645508,17.365000104904176,1.4402665126747733
2023-05-24,167.10023498535156,57.56999969482422,20.030000686645508,17.424500131607054,1.3379022541947734
2023-05-25,166.1151123046875,57.33000183105469,19.139999389648438,17.530000066757204,1.2443357501966152
2023-05-26,165.91627502441406,57.61000061035156,17.950000762939453,17.638500118255614,1.2286405725793605
2023-05-30,164.13583374023438,57.75,17.459999084472656,17.707500076293947,1.065108226276182
2023-05-31,164.8046112060547,58.619998931884766,17.940000534057617,17.71550006866455,1.1354965178068337
2023-06-01,165.810302734375,59.36000061035156,15.649999618530273,17.58100004196167,1.235824746594023
2023-06-02,167.5121612548828,59.47999954223633,14.600000381469727,17.306500053405763,1.394604787513036
2023-06-05,167.63047790527344,59.2599983215332,14.729999542236328,17.183500003814697,1.4034254834889788
2023-06-06,165.23692321777344,58.33000183105469,13.960000038146973,17.03250002861023,1.17271740098117
2023-06-07,163.91729736328125,56.900001525878906,13.9399995803833,16.84400005340576,1.0366124423949465
2023-06-08,165.72837829589844,57.529998779296875,13.649999618530273,16.679500007629393,1.210461773095939
2023-06-09,165.9558868408203,57.25,13.829999923706055,16.52449998855591,1.2288122860828108
2023-06-12,165.54637145996094,57.90999984741211,15.010000228881836,16.423499965667723,1.1972966862304382
2023-06-13,165.21873474121094,58.18000030517578,14.609999656677246,16.297999906539918,1.1695758717831215
2023-06-14,166.70216369628906,58.47999954223633,13.880000114440918,16.092499923706054,1.3098748986825557
2023-06-15,169.0138397216797,58.79999923706055,14.5,15.973999881744385,1.5270747478197577
2023-06-16,169.31414794921875,58.45000076293945,13.539999961853027,15.84849991798401,1.5514875258059797
2023-06-20,168.64981079101562,58.36000061035156,13.880000114440918,15.701999950408936,1.4890869714903785
2023-06-21,168.75900268554688,58.40999984741211,13.199999809265137,15.50149998664856,1.4996852407280952
2023-06-22,170.50636291503906,59.689998626708984,12.90999984741211,15.220499944686889,1.6739469781746423
2023-06-23,169.3414764404297,59.11000061035156,13.4399995803833,14.890999889373779,1.5604294013643358
2023-06-26,168.2675323486328,57.709999084472656,14.25,14.646499919891358,1.4473691908658832
2023-06-27,169.47799682617188,58.130001068115234,13.739999771118164,14.435999870300293,1.5635537698168067
2023-06-28,167.18453979492188,57.150001525878906,13.430000305175781,14.23449993133545,1.3416303400006027
2023-06-29,167.34840393066406,57.41999816894531,13.539999961853027,14.01449990272522,1.3594289177652352
2023-06-30,168.56787109375,57.439998626708984,13.59000015258789,13.9114999294281,1.472561854713812
2023-07-03,168.91372680664062,56.95000076293945,13.569999694824219,13.859999895095825,1.4998330456052902
2023-07-05,169.8056182861328,56.970001220703125,14.180000305175781,13.832499933242797,1.5826281753612494
2023-07-06,169.82382202148438,56.61000061035156,15.4399995803833,13.906499910354615,1.5808172196131975
2023-07-07,166.62030029296875,55.869998931884766,14.829999923706055,13.950999927520751,1.2769410713829557
2023-07-10,167.7305908203125,56.380001068115234,15.069999694824219,14.021999931335449,1.384722443061449
2023-07-11,167.43934631347656,55.529998779296875,14.84000015258789,14.07249994277954,1.3494928951244936
2023-07-12,166.70216369628906,56.209999084472656,13.539999961853027,13.9989999294281,1.2878252832416894
2023-07-13,170.67019653320312,56.7400016784668,13.609999656677246,13.948999929428101,1.66046537009882
2023-07-14,171.28909301757812,57.310001373291016,13.34000015258789,13.92199993133545,1.723319990046764
2023-07-17,168.94102478027344,57.290000915527344,13.479999542236328,13.870999908447265,1.505663782593484
2023-07-18,167.86712646484375,56.54999923706055,13.300000190734863,13.858999919891357,1.3990187102181162
2023-07-19,169.51438903808594,57.25,13.760000228881836,13.852999925613403,1.5583762890356232
2023-07-20,172.2810821533203,57.58000183105469,13.989999771118164,13.892499923706055,1.8178138476433936
2023-07-21,173.06378173828125,58.099998474121094,13.600000381469727,13.926999950408936,1.8953530804575807
2023-07-24,173.7554168701172,58.380001068115234,13.90999984741211,13.950499963760375,1.962127371240843
2023-07-25,174.1558837890625,58.08000183105469,13.859999656677246,13.930999946594238,1.9963018253094793
2023-07-26,174.37428283691406,58.16999816894531,13.1899995803833,13.903499937057495,2.01740262134859
2023-07-27,171.580322265625,57.560001373291016,14.40999984741211,13.952499914169312,1.7527200115754733
2023-07-28,173.2002410888672,58.150001525878906,13.329999923706055,13.941999912261963,1.9084767110204595
2023-07-31,170.60650634765625,57.4900016784668,13.630000114440918,13.943999910354615,1.6618519368529552
2023-08-01,170.02407836914062,57.709999084472656,13.930000305175781,13.961999940872193,1.610048404141124
2023-08-02,171.38009643554688,57.630001068115234,16.09000015258789,14.057499933242799,1.7348564130627275
2023-08-03,170.29705810546875,57.97999954223633,15.920000076293945,14.08149995803833,1.6379525555367327
2023-08-04,168.00363159179688,55.11000061035156,17.100000381469727,14.194999980926514,1.3976734712904406
2023-08-07,170.08775329589844,58.4900016784668,15.770000457763672,14.230000019073486,1.62352208149951
2023-08-08,167.85801696777344,57.40999984741211,15.989999771118164,14.2875,1.4065286542877
2023-08-09,167.43934631347656,57.5099983215332,15.960000038146973,14.408500003814698,1.3687255910167249
2023-08-10,167.2300567626953,58.099998474121094,15.850000381469727,14.520500040054321,1.355073589677098
2023-08-11,167.49398803710938,58.18000030517578,14.84000015258789,14.595500040054322,1.380294185939019
2023-08-14,167.1117401123047,59.0099983215332,14.819999694824219,14.662500047683716,1.3529551850252073
2023-08-15,165.04580688476562,58.209999084472656,16.459999084472656,14.820499992370605,1.1538518755760188
2023-08-16,164.91839599609375,58.29999923706055,16.780000686645508,14.971500015258789,1.1429261703606584
2023-08-17,162.40650939941406,57.25,17.889999389648438,15.166499996185303,0.9000933552699827
2023-08-18,162.1608123779297,57.36000061035156,17.299999237060547,15.351499938964844,0.8784070759921934
2023-08-21,161.1324005126953,57.41999816894531,17.1299991607666,15.512499904632568,0.7837454264445665
2023-08-22,159.90379333496094,57.349998474121094,16.969999313354492,15.667999887466431,0.6692803373517148
2023-08-23,162.106201171875,57.90999984741211,15.979999542236328,15.807499885559082,0.8786917709792638
2023-08-24,161.25070190429688,57.029998779296875,17.200000762939453,15.94699993133545,0.790913434588992
2023-08-25,163.28933715820312,57.34000015258789,15.680000305175781,16.064499950408937,0.982729006529457
2023-08-28,164.04470825195312,57.709999084472656,15.079999923706055,16.136999940872194,1.0562802618955045
2023-08-29,164.66357421875,58.4900016784668,14.449999809265137,16.16299991607666,1.1211719155303712
2023-08-30,164.80007934570312,58.150001525878906,13.880000114440918,16.05249991416931,1.1305114953026014
2023-08-31,163.0633087158203,57.40999984741211,13.569999694824219,15.934999895095824,0.9624757475004676
2023-09-01,160.68045043945312,56.54999923706055,13.09000015258789,15.734499883651733,0.7334381969693988
2023-09-05,159.6173095703125,55.959999084472656,14.010000228881836,15.646499872207642,0.6292464428687142
2023-09-06,160.1396942138672,56.279998779296875,14.449999809265137,15.56949987411499,0.6807344285427068
2023-09-07,161.67022705078125,56.63999938964844,14.399999618530273,15.491499853134155,0.8259787155017041
2023-09-08,161.55108642578125,56.369998931884766,13.84000015258789,15.390999841690064,0.8123220847002793
2023-09-11,163.98898315429688,56.779998779296875,13.800000190734863,15.338999843597412,1.0420858425198167
2023-09-12,163.38414001464844,56.150001525878906,14.229999542236328,15.309499835968017,0.9799499613339666
2023-09-13,164.67636108398438,56.52000045776367,13.479999542236328,15.160499858856202,1.103220569711841
2023-09-14,166.096923828125,56.869998931884766,12.819999694824219,14.962499809265136,1.2381830273030636
2023-09-15,164.822998046875,56.13999938964844,13.789999961853027,14.757499837875367,1.113109942161817
2023-09-18,164.4014434814453,56.27000045776367,14.0,14.59249987602234,1.075331220620665
2023-09-19,163.429931640625,56.0099983215332,14.109999656677246,14.44149990081787,0.9828309478110372
2023-09-20,163.4849395751953,55.7599983215332,15.140000343322754,14.349999952316285,0.9854970331859892
2023-09-21,160.7354278564453,54.75,17.540000915527344,14.428000020980836,0.7210455616466195
2023-09-22,160.63462829589844,54.52000045776367,17.200000762939453,14.428000020980836,0.7094761024035905
2023-09-25,159.77310180664062,54.650001525878906,16.899999618530273,14.48899998664856,0.6309502068084015
2023-09-26,158.11424255371094,54.290000915527344,18.940000534057617,14.682000017166137,0.4738212096533041
2023-09-27,155.4105987548828,53.119998931884766,18.219999313354492,14.870499992370606,0.2120635162646997
2023-09-28,155.34640502929688,53.15999984741211,17.34000015258789,15.043499994277955,0.20650688313216553
2023-09-29,155.29141235351562,52.95000076293945,17.520000457763672,15.241000032424926,0.1993740167052942
2023-10-02,155.04397583007812,52.540000915527344,17.610000610351562,15.467000055313111,0.17247562006189873
2023-10-03,153.6967315673828,50.66999816894531,19.780000686645508,15.755500078201294,0.02953887730673637
2023-10-04,154.80569458007812,52.33000183105469,18.579999923706055,15.96200008392334,0.14836782630142598
2023-10-05,146.73133850097656,50.09000015258789,18.489999771118164,16.166500091552734,-0.6211817320085574
2023-10-06,146.9054718017578,49.970001220703125,17.450000762939453,16.347000122070312,-0.6062203109703921
2023-10-09,147.88612365722656,49.63999938964844,17.700000762939453,16.542000150680543,-0.5186045475543694
2023-10-10,150.67225646972656,50.400001525878906,17.030000686645508,16.682000207901,-0.2531898163430324
2023-10-11,149.0408935546875,49.599998474121094,16.09000015258789,16.81250023841858,-0.412046248888436
2023-10-12,144.88002014160156,47.540000915527344,16.690000534057617,17.00600028038025,-0.8174074869829613
2023-10-13,146.63970947265625,47.720001220703125,19.31999969482422,17.28250026702881,-0.6526887316324611
2023-10-16,147.62950134277344,48.66999816894531,17.209999084472656,17.44300022125244,-0.5517932339445947
2023-10-17,146.97877502441406,49.790000915527344,17.8799991607666,17.63150019645691,-0.6011799008360823
2023-10-18,148.50015258789062,49.84000015258789,19.219999313354492,17.835500144958495,-0.45979470604080014
2023-10-19,147.15292358398438,50.400001525878906,21.399999618530273,18.028500080108643,-0.5791262270160119
2023-10-20,146.63970947265625,49.97999954223633,21.709999084472656,18.253999996185303,-0.6307362717920367
2023-10-23,146.71298217773438,50.29999923706055,20.3700008392334,18.42750005722046,-0.6208419454761768
2023-10-24,148.6468048095703,50.04999923706055,18.969999313354492,18.428999996185304,-0.44417296278301704
2023-10-25,148.79344177246094,50.08000183105469,20.190000534057617,18.527500057220458,-0.43030102590318037
2023-10-26,147.93194580078125,50.060001373291016,20.68000030517578,18.694500064849855,-0.5102811327446736
2023-10-27,146.2913818359375,49.900001525878906,21.270000457763672,18.882000064849855,-0.6637730417127528
2023-10-30,148.7292938232422,50.68000030517578,19.75,18.989000034332275,-0.43041389164698735
2023-10-31,149.64578247070312,51.099998474121094,18.139999389648438,18.90699996948242,-0.341455369564351
2023-11-01,151.10301208496094,51.650001525878906,16.8700008392334,18.82150001525879,-0.20115433713922448
2023-11-02,152.89935302734375,52.65999984741211,15.65999984741211,18.680000019073486,-0.024978988289504955
2023-11-03,152.86268615722656,55.560001373291016,14.90999984741211,18.55299997329712,-0.00020570027638905513
2023-11-06,152.78021240234375,56.13999938964844,14.890000343322754,18.412499952316285,-0.0022100502676071178
2023-11-07,153.2201385498047,55.97999954223633,14.8100004196167,18.301499938964845,0.036978728173117516
2023-11-08,153.41261291503906,55.65999984741211,14.449999809265137,18.219499921798707,0.05169606806122308
2023-11-09,152.28529357910156,55.08000183105469,15.289999961853027,18.149499893188477,-0.058342298701187525
2023-11-10,152.98184204101562,55.279998779296875,14.170000076293945,17.891999912261962,0.008109897285190695
2023-11-13,153.7608642578125,55.540000915527344,14.760000228881836,17.76949996948242,0.08278310480066431
2023-11-14,154.07244873046875,55.68000030517578,14.15999984741211,17.5835000038147,0.11299979797623642
2023-11-15,153.28427124023438,55.41999816894531,14.180000305175781,17.33150005340576,0.03747869199255096
2023-11-16,153.70587158203125,55.099998474121094,14.319999694824219,16.97750005722046,0.07341610421177197
2023-11-17,152.835205078125,54.790000915527344,13.800000190734863,16.58200011253357,-0.010230196756674383
2023-11-20,152.615234375,54.81999969482422,13.40999984741211,16.234000062942506,-0.030310977926272402
2023-11-21,153.78836059570312,54.79999923706055,13.350000381469727,15.953000116348267,0.07814163131529676
2023-11-22,155.08978271484375,55.220001220703125,12.850000381469727,15.586000108718872,0.20275008154790525
2023-11-24,155.2272491455078,55.16999816894531,12.460000038146973,15.175000095367432,0.21499557315392517
2023-11-27,154.2649383544922,54.720001220703125,12.6899995803833,14.746000051498413,0.1215019265445829
2023-11-28,154.75985717773438,55.279998779296875,12.6899995803833,14.393000030517578,0.17277743246838836
2023-11-29,153.20181274414062,54.709999084472656,12.979999542236328,14.135000038146973,0.022945387651269102
2023-11-30,155.41355895996094,55.150001525878906,12.920000076293945,13.9375,0.23205606988917002
2023-12-01,155.78294372558594,55.220001220703125,12.630000114440918,13.78600001335144,0.2669458877403387
2023-12-04,156.1985321044922,55.16999816894531,13.079999923706055,13.694500017166138,0.3049491216465212
2023-12-05,155.09033203125,54.2599983215332,12.850000381469727,13.592500019073487,0.19347598167618554
2023-12-06,154.69322204589844,54.29999923706055,12.970000267028809,13.500500011444093,0.1570869339112382
2023-12-07,154.64706420898438,54.29999923706055,13.0600004196167,13.43100004196167,0.15281211246733675
2023-12-08,153.0032501220703,53.91999816894531,12.350000381469727,13.284000062942505,-0.0031177790185395043
2023-12-11,154.9795379638672,55.2599983215332,12.630000114440918,13.207000064849854,0.1929284820662609
2023-12-12,155.5797576904297,55.79999923706055,12.069999694824219,13.072500038146973,0.2537619964457473
2023-12-13,158.84890747070312,56.54999923706055,12.1899995803833,12.974000024795533,0.5638132820753892
2023-12-14,155.3766326904297,55.560001373291016,12.479999542236328,12.88899998664856,0.2326187401099052
2023-12-15,154.2222442626953,55.09000015258789,12.279999732971191,12.786999988555909,0.12114187243659992
2023-12-18,155.9861297607422,55.29999923706055,12.5600004196167,12.725,0.2865406406116694
2023-12-19,155.09957885742188,55.58000183105469,12.529999732971191,12.680999994277954,0.20715419344457167
2023-12-20,153.01246643066406,54.36000061035156,13.670000076293945,12.696999979019164,0.002009729229293542
2023-12-21,154.19454956054688,55.380001068115234,13.649999618530273,12.736999940872192,0.12139389911889119
2023-12-22,154.8502197265625,56.0099983215332,13.029999732971191,12.765499925613403,0.1882370299674308
2023-12-26,155.93994140625,56.790000915527344,12.989999771118164,12.780499935150146,0.29673610182243615
2023-12-27,156.43861389160156,57.34000015258789,12.430000305175781,12.767499971389771,0.3482621275717739
2023-12-28,156.4293670654297,57.41999816894531,12.470000267028809,12.742000007629395,0.3481828096523621
2023-12-29,156.84495544433594,57.61000061035156,12.449999809265137,12.718499994277954,0.3885173333210047
2024-01-02,159.68008422851562,58.59000015258789,13.199999809265137,12.746999979019165,0.6606066760089635
2024-01-03,159.71701049804688,57.47999954223633,14.039999961853027,12.794999980926514,0.6532445588637424
2024-01-04,158.35025024414062,57.709999084472656,14.130000114440918,12.858999967575073,0.528898719980638
2024-01-05,156.0138397216797,57.540000915527344,13.350000381469727,12.877999973297118,0.31086516938968195
2024-01-08,156.17080688476562,57.959999084472656,13.079999923706055,12.878999948501587,0.3294820345494651
2024-01-09,154.37925720214844,58.7400016784668,12.760000228881836,12.899499940872193,0.1711375663094001
2024-01-10,154.14837646484375,58.90999984741211,12.6899995803833,12.902499914169312,0.15140625477261413
2024-01-11,153.4188232421875,58.630001068115234,12.4399995803833,12.920999908447266,0.08112028822084545
2024-01-12,154.47158813476562,59.04999923706055,12.699999809265137,12.946499919891357,0.1826997790028153
2024-01-16,153.4557647705078,58.16999816894531,13.84000015258789,13.014499950408936,0.08007332727004285
2024-01-17,153.70510864257812,57.11000061035156,14.789999961853027,13.139999961853027,0.09286957164562916
2024-01-18,154.37925720214844,57.25,14.130000114440918,13.218499946594239,0.1566644573265072
2024-01-19,153.09559631347656,57.18000030517578,13.300000190734863,13.256999969482422,0.03710067211147228
2024-01-22,152.4768524169922,56.31999969482422,13.1899995803833,13.23299994468689,-0.02855673574396718
2024-01-23,154.8132781982422,55.56999969482422,12.550000190734863,13.17799997329712,0.18054183957903408
2024-01-24,152.9293975830078,55.06999969482422,13.140000343322754,13.183500003814697,0.0012130292653049941
2024-01-25,153.81593322753906,55.13999938964844,13.449999809265137,13.206500005722045,0.08399780525753422
2024-01-26,155.01644897460938,55.439998626708984,13.260000228881836,13.248000001907348,0.19809535632510825
2024-01-29,155.28428649902344,55.59000015258789,13.600000381469727,13.304500007629395,0.22435766358718046
2024-01-30,156.64178466796875,55.310001373291016,13.3100004196167,13.347500038146972,0.34736004501310075
2024-01-31,155.63519287109375,55.02000045776367,14.350000381469727,13.405000066757202,0.25131951521280216
2024-02-01,158.5626220703125,55.939998626708984,13.880000114440918,13.397000074386597,0.5313742651838371
2024-02-02,157.88848876953125,55.349998474121094,13.850000381469727,13.383000087738036,0.4632097169974744
2024-02-05,157.84231567382812,55.119998931884766,13.670000076293945,13.399000072479248,0.45669938528144277
2024-02-06,158.3040771484375,56.34000015258789,13.0600004196167,13.39800009727478,0.511315021270956
2024-02-07,158.35025024414062,56.459999084472656,12.829999923706055,13.40150008201599,0.5167568637061979
2024-02-08,160.54812622070312,56.4900016784668,12.789999961853027,13.406500101089478,0.7206004523888989
2024-02-09,154.8410186767578,55.65999984741211,12.930000305175781,13.431000137329102,0.18398518707163725
2024-02-12,157.55604553222656,55.93000030517578,13.930000305175781,13.492500162124633,0.43805494954984975
2024-02-13,155.95840454101562,56.15999984741211,15.850000381469727,13.593000173568726,0.29232652446255586
2024-02-14,154.70245361328125,55.869998931884766,14.380000114440918,13.57250018119812,0.1731920667163962
2024-02-15,155.01644897460938,56.16999816894531,14.010000228881836,13.566500186920166,0.20518619594289964
2024-02-16,153.59429931640625,55.02000045776367,14.239999771118164,13.613500165939332,0.062305988679014636
2024-02-20,155.74600219726562,55.400001525878906,15.420000076293945,13.725000190734864,0.2652730476889438
2024-02-21,155.91224670410156,55.13999938964844,15.34000015258789,13.864500188827515,0.27814394385223085
2024-02-22,155.3766326904297,55.11000061035156,14.539999961853027,13.934500169754028,0.2282476644403042
2024-02-23,156.62332153320312,55.290000915527344,13.75,13.949500179290771,0.3454558422886665
2024-02-26,155.38583374023438,55.720001220703125,13.739999771118164,13.973500156402588,0.23502503419142695
2024-02-27,155.2935028076172,56.11000061035156,13.430000305175781,13.96500015258789,0.23026223136849303
2024-02-28,154.24996948242188,55.849998474121094,13.84000015258789,13.99150013923645,0.13109182394226515
2024-02-29,153.8544921875,59.099998474121094,13.399999618530273,13.944000101089477,0.12603426275728527
2024-03-01,153.15660095214844,58.790000915527344,13.109999656677246,13.905500078201294,0.05838921904811036
2024-03-04,153.88238525390625,58.5,13.489999771118164,13.887500047683716,0.12278945056697593
2024-03-05,150.78372192382812,57.88999938964844,14.460000038146973,13.927000045776367,-0.17011267044634953
2024-03-06,151.6770477294922,58.310001373291016,14.5,13.999000024795532,-0.08329929443428465
2024-03-07,151.77938842773438,59.380001068115234,14.4399995803833,14.079500007629395,-0.06342777671718963
2024-03-08,151.7235565185547,59.18000030517578,14.739999771118164,14.17699999809265,-0.07054124862387917
2024-03-11,153.28683471679688,59.15999984741211,15.220000267028809,14.291499996185303,0.07404455384053835
2024-03-12,153.11004638671875,59.81999969482422,13.84000015258789,14.286999988555909,0.06408253305011115
2024-03-13,153.81727600097656,60.849998474121094,13.75,14.181999969482423,0.13958615426822163
2024-03-14,153.3333740234375,60.29999923706055,14.399999618530273,14.18299994468689,0.08942807138092967
2024-03-15,153.2217254638672,60.45000076293945,14.40999984741211,14.202999925613403,0.080544987135623
2024-03-18,159.36325073242188,60.790000915527344,14.329999923706055,14.207499933242797,0.6526334108061943
2024-03-19,159.86573791503906,60.540000915527344,13.819999694824219,14.127499914169311,0.6967419469791147
2024-03-20,159.9215850830078,60.13999938964844,13.039999961853027,14.012499904632568,0.6980287188057853
2024-03-21,160.47056579589844,59.880001068115234,12.920000076293945,13.931499910354614,0.7463460474866737
2024-03-22,160.07046508789062,59.5,13.0600004196167,13.896999931335449,0.705600336579151
2024-03-25,160.61016845703125,59.09000015258789,13.1899995803833,13.869499921798706,0.7516014239043838
2024-03-26,160.7311248779297,59.31999969482422,13.239999771118164,13.859999895095825,0.7650376729415925
2024-03-27,161.51280212402344,59.20000076293945,12.779999732971191,13.80699987411499,0.8362656363302942
2024-03-28,162.8527374267578,59.279998779296875,13.010000228881836,13.787499904632568,0.9611382893430366
2024-04-01,160.96376037597656,57.7400016784668,13.649999618530273,13.81449990272522,0.7712354859560463
2024-04-02,159.5307159423828,56.900001525878906,14.609999656677246,13.870499897003175,0.6303574361564851
2024-04-03,157.8929901123047,55.95000076293945,14.329999923706055,13.863999891281129,0.4694547136551472
2024-04-04,157.86509704589844,55.75,16.350000381469727,13.956499910354614,0.46492874524061484
2024-04-05,157.3905029296875,55.900001525878906,16.030000686645508,14.035999965667724,0.42243213938716273
2024-04-08,157.79994201660156,55.650001525878906,15.1899995803833,14.058499956130982,0.45792320079482063
2024-04-09,158.7583770751953,55.75,14.979999542236328,14.046499919891357,0.5476581987840459
2024-04-10,157.2136993408203,54.810001373291016,15.800000190734863,14.144499921798706,0.39547010664840426
2024-04-11,156.66470336914062,54.72999954223633,14.90999984741211,14.202499914169312,0.3438487784145935
2024-04-12,156.42276000976562,55.0099983215332,17.309999465942383,14.347999906539917,0.3241614121761745
2024-04-15,155.35264587402344,54.11000061035156,19.229999542236328,14.588999891281128,0.21631268543403923
2024-04-16,155.86444091796875,54.689998626708984,18.399999618530273,14.792499876022339,0.2693454250144529
2024-04-17,157.70689392089844,54.25,18.209999084472656,15.01199984550476,0.4357068321805865
2024-04-18,160.30308532714844,53.459999084472656,18.0,15.259999847412109,0.6684745650812435
2024-04-19,162.03387451171875,53.13999938964844,18.709999084472656,15.549499797821046,0.8256600450906466
2024-04-22,164.20201110839844,53.599998474121094,16.940000534057617,15.743499803543092,1.0309261413844955
2024-04-23,159.3260040283203,53.72999954223633,15.6899995803833,15.868499803543092,0.580606659627205
2024-04-24,165.08602905273438,54.33000183105469,15.970000267028809,16.004999828338622,1.1198886809827175
2024-04-25,164.40672302246094,53.150001525878906,15.369999885559082,16.13449983596802,1.0455141125181189
2024-04-26,163.3831329345703,53.369998931884766,15.029999732971191,16.235499811172485,0.9528531789513831
2024-04-29,163.9042510986328,54.130001068115234,14.670000076293945,16.28649983406067,1.0084978291271063
2024-04-30,163.6902313232422,53.45000076293945,15.649999618530273,16.33849983215332,0.9820716164909229
2024-05-01,162.9830322265625,53.540000915527344,15.390000343322754,16.391499853134157,0.9174499144478191
2024-05-02,163.26217651367188,53.38999938964844,14.680000305175781,16.307999849319458,0.9418453011690644
2024-05-03,163.91354370117188,55.0,13.489999771118164,16.18099980354309,1.0178091676642305
2024-05-06,163.6064910888672,54.220001220703125,13.489999771118164,16.095999813079835,0.9817955597465478
2024-05-07,165.65365600585938,54.66999816894531,13.229999542236328,16.008499813079833,1.175760935346657
2024-05-08,165.08602905273438,54.29999923706055,13.0,15.868499803543092,1.1195972512354073
2024-05-09,165.69088745117188,55.20000076293945,12.6899995803833,15.75749979019165,1.1843572280411367
2024-05-10,167.3007049560547,55.459999084472656,12.550000190734863,15.519499826431275,1.335972945000491
2024-05-13,168.33358764648438,54.720001220703125,13.600000381469727,15.237999868392944,1.4244434788558131
2024-05-14,167.37515258789062,54.47999954223633,13.420000076293945,14.988999891281129,1.3333485618384855
2024-05-15,166.99363708496094,54.2400016784668,12.449999809265137,14.700999927520751,1.2956840038495354
2024-05-16,170.39007568359375,54.09000015258789,12.420000076293945,14.42199993133545,1.6087817531763473
2024-05-17,169.53396606445312,54.11000061035156,11.989999771118164,14.085999965667725,1.5296890415607303
2024-05-20,167.78456115722656,53.58000183105469,12.149999618530273,13.846499919891357,1.3625230538876114
2024-05-21,168.5010986328125,53.380001068115234,11.859999656677246,13.654999923706054,1.4269411230875015
2024-05-22,169.44093322753906,53.099998474121094,12.289999961853027,13.470999908447265,1.5112623393395923
2024-05-23,166.8168182373047,52.63999938964844,12.770000457763672,13.340999937057495,1.2637666598364492
2024-05-24,165.625732421875,52.70000076293945,11.930000305175781,13.185999965667724,1.1540393047268158
2024-05-28,161.3359832763672,51.650001525878906,12.920000076293945,13.098499965667724,0.7465530860940793
2024-05-29,159.26089477539062,52.130001068115234,14.279999732971191,13.02999997138977,0.5590351271444244
2024-05-30,158.63743591308594,51.2400016784668,14.470000267028809,12.983999967575073,0.4926496588845503
2024-05-31,160.8893280029297,51.91999816894531,12.920000076293945,12.895999956130982,0.707809554506004
2024-06-03,159.33531188964844,51.88999938964844,13.109999656677246,12.876999950408935,0.5635958758184176
2024-06-04,161.810546875,52.189998626708984,13.15999984741211,12.860499954223632,0.795749156943356
2024-06-05,161.4383544921875,52.0,12.630000114440918,12.830499982833862,0.7594337090680422
2024-06-06,161.16847229003906,52.45000076293945,12.579999923706055,12.809499979019165,0.7388101510588713
2024-06-07,160.41348266601562,52.689998626708984,12.220000267028809,12.78600001335144,0.6712194195322287
2024-06-10,155.59283447265625,51.0,12.739999771118164,12.795499992370605,0.20834835740812752
2024-06-11,154.8144073486328,51.15999984741211,12.850000381469727,12.757999992370605,0.1378099462693831
2024-06-12,153.6514434814453,49.77000045776367,12.039999961853027,12.68899998664856,0.016602491932120243
2024-06-13,153.18252563476562,48.720001220703125,11.9399995803833,12.663499975204468,-0.037024606305303936
2024-06-14,153.6326904296875,48.029998779296875,12.65999984741211,12.675499963760377,-0.0020357670013834003
2024-06-17,155.8179473876953,49.130001068115234,12.75,12.713499975204467,0.21103256096590167
2024-06-18,156.1367950439453,48.41999816894531,12.300000190734863,12.721000003814698,0.2336654357605684
2024-06-20,156.32435607910156,48.68000030517578,13.279999732971191,12.792000007629394,0.25356157590132855
2024-06-21,156.88710021972656,49.09000015258789,13.199999809265137,12.8375,0.30966159578994046
2024-06-24,157.6374053955078,49.4900016784668,13.329999923706055,12.86549997329712,0.38303511041755145
2024-06-25,156.95277404785156,50.13999938964844,12.84000015258789,12.910999965667724,0.325943005994976
2024-06-26,156.3806610107422,50.459999084472656,12.550000190734863,12.892499971389771,0.276066142958352
2024-06-27,155.93048095703125,50.56999969482422,12.239999771118164,12.79049997329712,0.2354420513930535
2024-06-28,154.68310546875,49.95000076293945,12.4399995803833,12.688999938964844,0.11389636109041339
2024-07-01,152.7698516845703,49.900001525878906,12.220000267028809,12.653999948501587,-0.0637817144725637
2024-07-02,153.4169921875,49.34000015258789,12.029999732971191,12.599999952316285,-0.00928757619739911
2024-07-03,152.4978790283203,49.15999984741211,12.09000015258789,12.546499967575073,-0.09615794685314115
2024-07-05,154.17665100097656,49.75,12.479999542236328,12.538999938964844,0.06504932657833618
2024-07-08,152.0476837158203,50.18000030517578,12.369999885559082,12.528499937057495,-0.12794418169692207
2024-07-09,151.8413543701172,49.79999923706055,12.510000228881836,12.542999935150146,-0.15074412152474073
2024-07-10,153.42633056640625,49.849998474121094,12.850000381469727,12.548499965667725,-0.0034688587036135203
2024-07-11,153.76397705078125,50.279998779296875,12.920000076293945,12.551999950408936,0.03197843832676717
2024-07-12,156.04299926757812,50.83000183105469,12.460000038146973,12.572999954223633,0.24838825042270382
2024-07-15,153.67958068847656,49.86000061035156,13.119999885559082,12.631999969482422,0.02008258169167927
2024-07-16,154.52365112304688,50.4900016784668,13.1899995803833,12.658499956130981,0.1043740869059098
2024-07-17,159.33493041992188,50.720001220703125,14.479999542236328,12.744999933242799,0.5521957870286222
2024-07-18,159.78512573242188,51.0099983215332,15.930000305175781,12.926499938964843,0.5967066635334541
2024-07-19,158.83787536621094,50.88999938964844,16.520000457763672,13.088499975204467,0.5078132406926901
2024-07-22,157.24349975585938,50.36000061035156,14.90999984741211,13.173999977111816,0.35500500041462546
2024-07-23,155.94923400878906,50.310001373291016,14.720000267028809,13.243499994277954,0.2346533402874521
2024-07-24,157.72181701660156,49.59000015258789,18.040000915527344,13.503500032424927,0.39182406797481795
2024-07-25,160.3947296142578,50.099998474121094,18.459999084472656,13.798999977111816,0.6443247131537069
2024-07-26,162.0172576904297,51.0,16.389999389648438,14.00649995803833,0.8033342573576392
2024-07-29,162.44869995117188,51.27000045776367,16.600000381469727,14.214499998092652,0.8459141180738842
2024-07-30,162.42051696777344,51.56999969482422,17.690000534057617,14.488000011444091,0.8462180420509694
2024-07-31,161.94219970703125,51.45000076293945,16.360000610351562,14.70450005531311,0.8007539787520166
2024-08-01,164.0899658203125,51.380001068115234,18.59000015258789,15.029500055313111,0.9989853657510136
2024-08-02,166.9785919189453,51.61000061035156,23.389999389648438,15.575000047683716,1.2687441480568946
2024-08-05,163.22708129882812,50.470001220703125,38.56999969482422,16.885000038146973,0.9102316652364147
2024-08-06,161.77342224121094,50.79999923706055,27.709999084472656,17.644999980926514,0.7788091904062191
2024-08-07,161.11688232421875,50.529998779296875,27.850000381469727,18.394999980926514,0.7153823326848746
2024-08-08,161.6608428955078,45.0099983215332,23.790000915527344,18.938500022888185,0.7121417784192736
2024-08-09,161.67962646484375,46.060001373291016,20.3700008392334,19.334000062942504,0.7240805723569552
2024-08-12,160.76988220214844,45.88999938964844,20.709999084472656,19.713500022888184,0.6381750030134485
2024-08-13,161.6608428955078,46.5,18.1200008392334,19.96000008583069,0.7266148874021665
2024-08-14,162.91761779785156,46.2400016784668,16.190000534057617,20.045500135421754,0.8404832466605163
2024-08-15,161.8015594482422,46.9900016784668,15.229999542236328,20.01050009727478,0.7444067108219258
2024-08-16,161.8953399658203,46.7400016784668,14.800000190734863,19.92450008392334,0.7506636462097551
2024-08-19,163.0207977294922,46.599998474121094,14.649999618530273,19.91150007247925,0.8535358858789365
2024-08-20,164.92466735839844,46.709999084472656,15.880000114440918,19.969500064849854,1.0309276879526121
2024-08-21,164.3244171142578,47.0099983215332,16.270000457763672,19.88100004196167,0.9782506761434794
2024-08-22,164.82150268554688,46.47999954223633,17.549999237060547,19.835500049591065,1.0191391882719618
2024-08-23,164.94342041015625,46.650001525878906,15.859999656677246,19.809000062942506,1.0320816812617242
2024-08-26,165.03720092773438,47.279998779296875,16.149999618530273,19.786500024795533,1.0468864567878748
2024-08-27,164.4088134765625,47.59000015258789,15.430000305175781,19.67350001335144,0.9917007259535433
2024-08-28,163.11456298828125,47.04999923706055,17.110000610351562,19.71100001335144,0.8665908550271406
2024-08-29,161.3982696533203,47.0,15.649999618530273,19.56399998664856,0.707153901843628
2024-08-30,162.13914489746094,47.130001068115234,15.0,19.144500017166138,0.7770314356472222
2024-09-03,166.50967407226562,48.29999923706055,20.719999313354492,18.25199999809265,1.1931645529250388
2024-09-04,167.42877197265625,48.380001068115234,21.31999969482422,17.932500028610228,1.279062176736314
2024-09-05,168.1603240966797,48.220001220703125,19.899999618530273,17.534999990463255,1.3452593477178136
2024-09-06,167.5885772705078,48.650001525878906,22.3799991607666,17.46449990272522,1.2964848899007104
2024-09-09,168.391845703125,50.7400016784668,19.450000762939453,17.41849989891052,1.391179273510529
2024-09-10,168.03274536132812,50.33000183105469,19.079999923706055,17.336999940872193,1.3539393418831789
2024-09-11,166.11434936523438,49.650001525878906,17.690000534057617,17.315499925613402,1.1696655240764484
2024-09-12,167.50352478027344,49.90999984741211,17.06999969482422,17.359499883651733,1.3008468879518968
2024-09-13,167.6074676513672,50.83000183105469,16.559999465942383,17.425999879837036,1.3194097873803992
2024-09-16,167.46572875976562,50.75,17.139999389648438,17.542999839782716,1.3055058093408793
2024-09-17,167.1444091796875,51.06999969482422,17.610000610351562,17.690999889373778,1.2788557116768082
2024-09-18,165.57569885253906,52.349998474121094,18.229999542236328,17.80849986076355,1.14600579760879
2024-09-19,165.0559539794922,51.83000183105469,16.329999923706055,17.81149983406067,1.0928196219657615
2024-09-20,161.7672882080078,51.18000030517578,16.149999618530273,17.741499853134155,0.781932233115068
2024-09-23,162.64617919921875,52.33000183105469,15.890000343322754,17.742999887466432,0.8744995954933795
2024-09-24,160.5765838623047,52.45000076293945,15.390000343322754,17.704999923706055,0.6839935150889747
2024-09-25,160.08517456054688,51.66999816894531,15.40999984741211,17.70399990081787,0.6309060212957279
2024-09-26,160.35923767089844,52.0099983215332,15.369999885559082,17.616999864578247,0.6595904483304587
2024-09-27,160.65219116210938,52.459999084472656,16.959999084472656,17.682499837875366,0.6910928618187229
2024-09-30,160.6994171142578,52.16999816894531,16.729999542236328,17.768999814987183,0.6926496852019501
2024-10-01,161.95631408691406,51.59000015258789,19.260000228881836,17.69599986076355,0.8034210375312718
2024-10-02,160.2269287109375,50.939998626708984,18.899999618530273,17.574999856948853,0.6369434762940835
2024-10-03,159.26300048828125,50.310001373291016,20.489999771118164,17.604499864578248,0.541551604020848
2024-10-04,158.73382568359375,50.95000076293945,19.209999084472656,17.44599986076355,0.49875969704207535
2024-10-07,158.015625,49.2400016784668,22.639999389648438,17.605499792099,0.4156348380486095
2024-10-08,161.04910278320312,49.4900016784668,21.420000076293945,17.722499799728393,0.6990030614325868
2024-10-09,163.05250549316406,49.77000045776367,20.860000610351562,17.88099980354309,0.8872642076872398
2024-10-10,163.477783203125,50.77000045776367,20.93000030517578,18.07399983406067,0.9363639897193469
2024-10-11,165.19769287109375,51.310001373291016,20.459999084472656,18.268999814987183,1.1008954867611462
2024-10-14,166.416748046875,51.68000030517578,19.700000762939453,18.396999883651734,1.2173899732138969
2024-10-15,166.22775268554688,52.619998931884766,20.639999389648438,18.548499822616577,1.2090171850807134
2024-10-16,164.88583374023438,53.58000183105469,19.579999923706055,18.615999841690062,1.0940628540464865
2024-10-17,165.06539916992188,53.439998626708984,19.110000610351562,18.75499987602234,1.1093330503082486
2024-10-18,165.43394470214844,54.04999923706055,18.030000686645508,18.8489999294281,1.1493904349366841
2024-10-21,165.38668823242188,53.77000045776367,18.3700008392334,18.97299995422363,1.1422941017284043
2024-10-22,164.78189086914062,53.599998474121094,18.200000762939453,19.11349997520447,1.0846306171969209
2024-10-23,163.43997192382812,53.560001373291016,19.239999771118164,19.30499997138977,0.959962801143144
2024-10-24,162.6934051513672,53.439998626708984,19.079999923706055,19.49049997329712,0.8896552756715792
2024-10-25,162.34373474121094,53.369998931884766,20.329999923706055,19.65900001525879,0.8565912658552908
2024-10-28,160.50096130371094,53.099998474121094,19.799999237060547,19.8125,0.6833036167718494
2024-10-29,158.28965759277344,52.47999954223633,19.34000015258789,19.816499996185303,0.47248552307941005
2024-10-30,157.07057189941406,52.599998474121094,20.350000381469727,19.889000034332277,0.36074779720777317
2024-10-31,156.94772338867188,52.68000030517578,23.15999984741211,20.022500038146973,0.3501475095159704
2024-11-01,156.4846649169922,52.29999923706055,21.8799991607666,20.15600004196167,0.3035710834753749
2024-11-04,157.1934356689453,54.060001373291016,21.979999542236328,20.123000049591063,0.3863083109407663
2024-11-05,158.62039184570312,54.11000061035156,20.489999771118164,20.076500034332277,0.5189488462005568
2024-11-06,155.653076171875,54.439998626708984,16.270000457763672,19.84700002670288,0.247341904456781
2024-11-07,154.9821014404297,54.72999954223633,15.199999809265137,19.56050000190735,0.18801775843427707
2024-11-08,156.03106689453125,54.13999938964844,14.9399995803833,19.28450002670288,0.27943476778595455
2024-11-11,155.22779846191406,55.7400016784668,14.970000267028809,19.048000001907347,0.2205831676128476
2024-11-12,155.3033905029297,56.02000045776367,14.710000038146973,18.751500034332274,0.23030374658024322
2024-11-13,155.68142700195312,56.380001068115234,14.020000457763672,18.473500061035157,0.2688117480325043
2024-11-14,156.06886291503906,55.959999084472656,14.3100004196167,18.233500051498414,0.30061371506682105
2024-11-15,149.89793395996094,52.0,16.139999389648438,18.13899998664856,-0.3093606812464834
2024-11-18,149.62388610839844,53.27000045776367,15.579999923706055,17.99949994087219,-0.32240497830698067
2024-11-19,148.10240173339844,53.72999954223633,16.350000381469727,17.906999921798707,-0.45884620419484917
2024-11-20,150.0113525390625,53.70000076293945,17.15999984741211,17.802999925613403,-0.2823437004454112
2024-11-21,151.52334594726562,53.97999954223633,16.8700008392334,17.692499971389772,-0.1395935044720297
2024-11-22,153.09207153320312,54.060001373291016,15.239999771118164,17.437999963760376,0.006468168315331595
2024-11-25,154.08433532714844,54.97999954223633,14.600000381469727,17.178000020980836,0.10730120589631233
2024-11-26,153.24330139160156,54.83000183105469,14.100000381469727,16.916000032424925,0.027953425757611245
2024-11-27,153.77249145507812,55.13999938964844,14.100000381469727,16.603500032424925,0.07997452702586896
2024-11-29,154.46234130859375,55.130001068115234,13.510000228881836,16.121000051498413,0.14376655805920058
2024-12-02,154.08433532714844,54.97999954223633,13.34000015258789,15.694000101089477,0.10730120589631233
2024-12-03,152.80857849121094,54.189998626708984,13.300000190734863,15.260000133514405,-0.0185242813791925
2024-12-04,151.37216186523438,53.75,13.449999809265137,14.908000135421753,-0.1558292316184513
2024-12-05,151.66513061523438,53.099998474121094,13.539999961853027,14.77150011062622,-0.1350102607199837
2024-12-06,150.3832244873047,52.27000045776367,12.770000457763672,14.650000143051148,-0.26179376437303903
2024-12-09,151.98439025878906,53.209999084472656,14.1899995803833,14.612500143051147,-0.10437413868853025
2024-12-10,152.33702087402344,53.0099983215332,14.180000305175781,14.573000144958495,-0.07365862043594772
2024-12-11,149.4111328125,52.099998474121094,13.579999923706055,14.51650013923645,-0.35347352228506845
2024-12-12,151.44113159179688,52.91999816894531,13.920000076293945,14.511500120162964,-0.15750394017674038
2024-12-13,150.55477905273438,52.7599983215332,13.8100004196167,14.486500120162964,-0.24114597333352664
2024-12-16,148.6963348388672,52.25,14.6899995803833,14.414000129699707,-0.418216157616175
2024-12-17,148.81069946289062,51.95000076293945,15.869999885559082,14.428500127792358,-0.41053853067915924
2024-12-18,147.18096923828125,51.540000915527344,27.6200008392334,14.992000150680543,-0.5654554643814085
2024-12-19,144.35989379882812,50.900001525878906,24.09000015258789,15.338500165939331,-0.832940696531856
2024-12-20,145.61793518066406,51.720001220703125,18.360000610351562,15.41300015449524,-0.7084645000990382
2024-12-23,144.1883544921875,51.86000061035156,16.780000686645508,15.490000200271606,-0.8395025507721083
2024-12-24,145.6370086669922,52.5099983215332,14.270000457763672,15.473500204086303,-0.6990244199525276
2024-12-26,145.28436279296875,52.66999816894531,14.729999542236328,15.505000162124634,-0.7301298996629658
2024-12-27,145.71324157714844,52.54999923706055,15.949999809265137,15.597500133514405,-0.6915757037468055
2024-12-30,144.59817504882812,52.529998779296875,17.399999618530273,15.792000102996827,-0.7950397718295424
2024-12-31,144.92222595214844,52.560001373291016,17.350000381469727,15.992500114440919,-0.7647369757998737
2025-01-02,143.15907287597656,52.310001373291016,17.93000030517578,16.224000120162962,-0.9304564603912282
2025-01-03,142.62533569335938,52.38999938964844,16.1299991607666,16.358000087738038,-0.9791104683903837
2025-01-06,139.40399169921875,51.869998931884766,16.040000915527344,16.483000135421754,-1.2825002137438295
2025-01-07,138.57484436035156,51.54999923706055,17.81999969482422,16.73550009727478,-1.3623984507593716
2025-01-08,139.6613311767578,51.599998474121094,17.700000762939453,16.911000156402586,-1.2612898463682662
2025-01-10,135.9444122314453,49.7400016784668,19.540000915527344,17.179000186920167,-1.623592370160374
2025-01-13,137.71710205078125,49.9900016784668,19.190000534057617,17.459500217437743,-1.4569896579979655
2025-01-14,138.14596557617188,50.099998474121094,18.709999084472656,17.69900016784668,-1.4162028151919095
2025-01-15,137.98394775390625,49.2599983215332,16.1200008392334,17.814500188827516,-1.4393671206496157
2025-01-16,139.6613311767578,49.650001525878906,16.600000381469727,17.910000228881835,-1.2802311125131902
2025-01-17,141.29104614257812,49.41999816894531,15.970000267028809,17.915000247955323,-1.131532253512932
2025-01-21,141.57696533203125,49.220001220703125,15.0600004196167,17.287000226974488,-1.106995051711382
2025-01-22,141.13858032226562,49.209999084472656,15.100000381469727,16.837500238418578,-1.1476924122980323
2025-01-23,141.6436767578125,48.11000061035156,15.020000457763672,16.670500230789184,-1.1115986725066898
2025-01-24,142.12022399902344,48.279998779296875,14.850000381469727,16.574000215530397,-1.0658128694047453
2025-01-27,147.35252380371094,49.34000015258789,17.899999618530273,16.755500173568727,-0.5709369347050479
2025-01-28,143.19717407226562,48.650001525878906,16.40999984741211,16.839500188827515,-0.9624791432887545
2025-01-29,143.31153869628906,49.099998474121094,16.559999465942383,16.870000171661378,-0.9475164396410783
2025-01-30,144.76971435546875,49.36000061035156,15.84000015258789,16.792000198364256,-0.809944710589538
2025-01-31,143.61651611328125,48.709999084472656,16.43000030517578,16.74600019454956,-0.923059781729813
2025-02-03,143.2162628173828,47.5,18.6200008392334,16.780500221252442,-0.9718817975766196
2025-02-04,136.7545166015625,46.61000061035156,17.209999084472656,16.834500217437743,-1.5789692926869685
2025-02-05,138.82261657714844,46.15999984741211,15.770000457763672,16.821000194549562,-1.3918071702080765
2025-02-06,138.52719116210938,46.29999923706055,15.5,16.70500020980835,-1.4178075586390644
2025-02-07,137.7933349609375,46.56999969482422,16.540000915527344,16.647000217437743,-1.4831496281209384
2025-02-10,137.57412719726562,47.810001373291016,15.8100004196167,16.46050019264221,-1.4914064060501522
2025-02-11,138.8035888671875,48.060001373291016,16.020000457763672,16.302000188827513,-1.3751137494990944
2025-02-12,137.2310333251953,48.16999816894531,15.890000343322754,16.16100025177002,-1.5196845776647165
2025-02-13,137.7933349609375,49.52000045776367,15.100000381469727,16.110000228881837,-1.45449483990246
2025-02-14,136.6591796875,49.25,14.770000457763672,16.018500232696532,-1.5621551475463036
2025-02-18,137.3358612060547,51.04999923706055,15.350000381469727,15.98750023841858,-1.48200129297226
2025-02-19,138.96559143066406,51.689998626708984,15.270000457763672,15.998000240325927,-1.3248502621619942
2025-02-20,142.10116577148438,51.209999084472656,15.65999984741211,16.026000213623046,-1.0391173973111323
2025-02-21,146.29461669921875,53.0,18.209999084472656,16.185500144958496,-0.6333616621816405
2025-02-24,146.62818908691406,52.560001373291016,18.979999542236328,16.392000102996825,-0.6067424015615033
2025-02-25,149.0775604248047,52.130001068115234,19.43000030517578,16.4685001373291,-0.38407527322705737
2025-02-26,144.3980255126953,51.650001525878906,19.100000381469727,16.603000164031982,-0.8221240856470885
2025-02-27,144.88409423828125,51.91999816894531,21.1299991607666,16.831500148773195,-0.7744851344578534
2025-02-28,146.2660369873047,54.650001525878906,19.6299991607666,17.021000099182128,-0.6199812534627134
2025-03-03,148.667724609375,55.16999816894531,22.780000686645508,17.338500118255617,-0.39250248185816616
2025-03-04,146.95223999023438,54.81999969482422,23.510000228881836,17.583000087738036,-0.5547785754387174
2025-03-05,146.6567840576172,55.349998474121094,21.93000030517578,17.819000148773192,-0.5769935369689474
2025-03-06,147.35252380371094,55.689998626708984,24.8700008392334,18.27400016784668,-0.5092563196524921
2025-03-07,148.4918670654297,55.06999969482422,23.3700008392334,18.66750020980835,-0.40976053194875545
2025-03-10,150.23214721679688,55.77000045776367,27.860000610351562,19.23350019454956,-0.24178830469421586
2025-03-11,146.46315002441406,55.22999954223633,26.920000076293945,19.78900017738342,-0.5960921973988523
2025-03-12,142.46336364746094,54.400001525878906,24.229999542236328,20.199500131607056,-0.9745870798176237
2025-03-13,142.62680053710938,54.34000015258789,24.65999984741211,20.638000106811525,-0.9600335014365413
2025-03-14,142.8671875,55.09000015258789,21.770000457763672,20.97150011062622,-0.9304854002248629
2025-03-17,145.51126098632812,56.209999084472656,20.510000228881836,21.25850009918213,-0.6747304034302741
2025-03-18,143.2517852783203,56.79999923706055,21.700000762939453,21.576000118255614,-0.8782565482489235
2025-03-19,142.40567016601562,56.81999969482422,19.899999618530273,21.807500076293945,-0.9564236373700762
2025-03-20,141.48263549804688,56.869998931884766,19.799999237060547,22.014500045776366,-1.041423094095019
2025-03-21,139.84811401367188,57.310001373291016,19.280000686645508,22.06800012588501,-1.1885272768299457
2025-03-24,140.80958557128906,57.83000183105469,17.479999542236328,21.99300012588501,-1.0944313762058016
2025-03-25,139.93463134765625,57.84000015258789,17.149999618530273,21.879000091552733,-1.1753665011022605
2025-03-26,142.91525268554688,57.7599983215332,18.329999923706055,21.84050006866455,-0.9000989460504673
2025-03-27,143.90557861328125,58.58000183105469,18.690000534057617,21.7185001373291,-0.8004166769382733
2025-03-28,143.52099609375,57.86000061035156,21.649999618530273,21.819500160217284,-0.8430277863309856
2025-03-31,144.16519165039062,58.52000045776367,22.280000686645508,21.794500160217286,-0.7769559251486281
2025-04-01,143.90557861328125,59.040000915527344,21.770000457763672,21.707500171661376,-0.7959484827222404
2025-04-02,143.37677001953125,59.36000061035156,21.510000228881836,21.68650016784668,-0.8418147860042223
2025-04-03,145.54010009765625,59.650001525878906,30.020000457763672,21.944000148773192,-0.6386451110735827
2025-04-04,140.9634552001953,57.08000183105469,45.310001373291016,23.041000175476075,-1.0874661430480526
2025-04-07,137.67515563964844,57.11000061035156,46.97999954223633,23.99700012207031,-1.3917144431824002
2025-04-08,134.89646911621094,55.0099983215332,52.33000183105469,25.26750020980835,-1.6694556217146168
2025-04-09,139.9827117919922,58.25,33.619998931884766,25.73700017929077,-1.1669310936041783
2025-04-10,138.5885772705078,57.77000045776367,40.720001220703125,26.540000247955323,-1.3007087143781593
2025-04-11,138.8673858642578,58.150001525878906,37.560001373291016,27.32950029373169,-1.27119624501033
2025-04-14,141.09803771972656,58.58000183105469,30.889999389648438,27.84850025177002,-1.0604318080360082
2025-04-15,137.33863830566406,58.63999938964844,30.1200008392334,28.269500255584717,-1.4080187443230077
2025-04-16,134.69454956054688,57.95000076293945,32.63999938964844,28.906500244140624,-1.659598352758983
2025-04-17,137.33863830566406,58.40999984741211,29.649999618530273,29.399000263214113,-1.4102528414310243
2025-04-21,136.27139282226562,58.0099983215332,33.81999969482422,30.126000213623048,-1.512979187864016
2025-04-22,137.93475341796875,59.279998779296875,30.56999969482422,30.780500221252442,-1.3465940374097471
2025-04-23,136.7809600830078,59.09000015258789,28.450000762939453,31.3455002784729,-1.4552959906804184
2025-04-24,130.0986328125,58.59000015258789,26.469999313354492,31.75250024795532,-2.079023932989236
2025-04-25,128.2429962158203,58.66999816894531,24.84000015258789,32.06000022888183,-2.250103174485274
2025-04-28,128.6083221435547,58.4900016784668,25.149999618530273,32.23500022888184,-2.218017592489229
2025-04-29,129.1371612548828,59.25,24.170000076293945,32.32950019836426,-2.1616579183259876
2025-04-30,130.35824584960938,60.119998931884766,24.700000762939453,32.476000213623045,-2.040118738536342
2025-05-01,128.40643310546875,59.52000045776367,24.600000381469727,32.63050022125244,-2.226710289164556
2025-05-02,128.59873962402344,60.04999923706055,22.68000030517578,32.26350021362305,-2.2037520466366853
2025-05-05,126.90652465820312,60.90999984741211,23.639999389648438,31.18000011444092,-2.3521197569631696
2025-05-06,125.70467376708984,60.02000045776367,24.760000228881836,30.069000148773192,-2.4720719175343846
2025-05-07,126.83920288085938,60.560001373291016,23.549999237060547,28.630000019073485,-2.3617543419679947
2025-05-08,126.36808013916016,60.13999938964844,22.479999542236328,28.073000049591066,-2.409466173536413
2025-05-09,125.41621398925781,61.0,21.899999618530273,27.131999969482422,-2.489267867648888
2025-05-12,126.60843658447266,61.36000061035156,18.389999389648438,26.173499870300294,-2.37535554883649
2025-05-13,125.29121398925781,60.22999954223633,18.219999313354492,25.539999866485594,-2.5083238959797436
2025-05-14,123.50286102294922,61.0,18.6200008392334,24.964999866485595,-2.6664694619384277
2025-05-15,126.43537902832031,62.33000183105469,17.829999923706055,24.224499893188476,-2.3819608573056175
2025-05-16,126.89688873291016,62.86000061035156,17.239999771118164,23.603999900817872,-2.3340708669020342
2025-05-19,126.71421813964844,62.900001525878906,18.139999389648438,22.81999988555908,-2.3506000127952866
2025-05-20,126.72384643554688,62.9900016784668,18.09000015258789,22.195999908447266,-2.348834091105632
2025-05-21,125.13737487792969,63.099998474121094,20.8700008392334,21.816999912261963,-2.494693724942936
2025-05-22,125.10852813720703,62.869998931884766,20.280000686645508,21.507499980926514,-2.499599408807877
2025-05-23,124.35856628417969,63.36000061035156,22.290000915527344,21.380000019073485,-2.5642960944501647
2025-05-27,126.31037902832031,64.23999786376953,18.959999084472656,21.070499992370607,-2.3749847798737576
2025-05-28,125.63736724853516,63.77000045776367,19.309999465942383,20.82749996185303,-2.441879815616533
2025-05-29,126.83920288085938,63.63999938964844,19.18000030517578,20.551499938964845,-2.331836827375855
2025-05-30,126.38731384277344,63.95000076293945,18.56999969482422,20.249999904632567,-2.3706764889071756
2025-06-02,125.86811828613281,63.83000183105469,18.360000610351562,20.033999919891357,-2.4199264188666967
2025-06-03,126.77191925048828,63.9900016784668,17.690000534057617,19.736499977111816,-2.3346684325459104
2025-06-04,126.66614532470703,63.15999984741211,17.610000610351562,19.378999996185303,-2.3525266965341363
2025-06-05,126.06040954589844,63.0,18.479999542236328,19.125500011444093,-2.4101799350581694
2025-06-06,126.3938217163086,63.40999984741211,16.770000457763672,18.840000057220458,-2.3753190652162077
2025-06-09,126.32579040527344,63.0,17.15999984741211,18.60300006866455,-2.385602184792935
2025-06-10,128.1434783935547,63.040000915527344,16.950000762939453,18.5310001373291,-2.2168718746204106
2025-06-11,126.26744079589844,62.59000015258789,17.260000228881836,18.483000183105467,-2.3949886517395282
2025-06-12,128.600341796875,63.689998626708984,18.020000457763672,18.453000164031984,-2.168246584862218
2025-06-13,127.19088745117188,63.060001373291016,20.81999969482422,18.60250015258789,-2.30490002292687
2025-06-16,127.7352294921875,63.880001068115234,19.110000610351562,18.696000194549562,-2.2465217515835074
2025-06-17,125.67449951171875,62.779998779296875,21.600000381469727,18.869000244140626,-2.4480572472189976
2025-06-18,125.4606704711914,63.189998626708984,20.139999389648438,18.971500205993653,-2.463878095150286
2025-06-20,125.4606704711914,63.09000015258789,20.6200008392334,18.959000205993654,-2.4648494288306395
2025-06-23,125.48009490966797,63.209999084472656,19.829999923706055,18.93650016784668,-2.4618848630866923
2025-06-24,127.38529968261719,63.56999969482422,17.479999542236328,18.69600009918213,-2.2819410378981817
2025-06-25,124.44003295898438,62.20000076293945,16.760000228881836,18.586000156402587,-2.5680188523877145
2025-06-26,124.63442993164062,62.189998626708984,16.59000015258789,18.450000190734862,-2.5501122971797883
2025-06-27,127.37557220458984,61.709999084472656,16.31999969482422,18.307000160217285,-2.300909018085664
2025-06-30,128.3476104736328,62.63999938964844,16.729999542236328,18.21500015258789,-2.2018519739369355
2025-07-01,131.47756958007812,63.540000915527344,16.829999923706055,18.138500118255614,-1.903234533777807
2025-07-02,132.66343688964844,63.040000915527344,16.639999389648438,18.086000061035158,-1.7982644008642161
2025-07-03,131.59420776367188,63.08000183105469,16.3799991607666,18.02449998855591,-1.8969005015088207
2025-07-07,130.69020080566406,62.849998474121094,17.790000915527344,17.99000005722046,-1.9828575435861944
2025-07-08,131.2637176513672,61.59000015258789,16.809999465942383,17.992000007629393,-1.9419813320300507
2025-07-09,130.71937561035156,59.56999969482422,15.9399995803833,17.930999994277954,-2.0120157928076767
2025-07-10,132.27464294433594,59.16999816894531,15.779999732971191,17.87249994277954,-1.871863036185495
2025-07-11,131.47756958007812,58.83000183105469,16.399999618530273,17.829499912261962,-1.9489850393269375
2025-07-14,131.77890014648438,59.66999816894531,17.200000762939453,17.788499927520753,-1.9129185825652788
2025-07-15,130.06809997558594,58.939998626708984,17.3799991607666,17.61649990081787,-2.078451969445479
2025-07-16,131.5650634765625,58.650001525878906,17.15999984741211,17.5189998626709,-1.9426303865668992
2025-07-17,141.37289428710938,59.09000015258789,16.520000457763672,17.264999866485596,-1.030022621799965
2025-07-18,139.2344207763672,59.0,16.40999984741211,17.07849988937378,-1.2289475479746985
2025-07-21,137.7374725341797,59.43000030517578,16.649999618530273,16.879999828338622,-1.3634077986610647
2025-07-22,141.9561004638672,59.59000015258789,16.5,16.71349983215332,-0.971153333700981
2025-07-23,141.5867462158203,59.189998626708984,15.369999885559082,16.60799984931946,-1.0092457930662966
2025-07-24,140.46888732910156,60.18000030517578,15.390000343322754,16.539499855041505,-1.1031578295618465
2025-07-25,139.43853759765625,60.65999984741211,14.930000305175781,16.4564998626709,-1.1939192679756188
2025-07-28,137.61111450195312,60.209999084472656,15.029999732971191,16.391999864578246,-1.3675337042285314
2025-07-29,139.86624145507812,61.38999938964844,15.979999542236328,16.354499864578248,-1.1472174382511942
2025-07-30,138.8650360107422,61.040000915527344,15.479999542236328,16.28699984550476,-1.2433419065059725
2025-07-31,134.06317138671875,58.75,16.719999313354492,16.290999841690063,-1.7103014768502585
2025-08-01,135.3851318359375,59.02000045776367,20.3799991607666,16.490999841690062,-1.5852479452951622
2025-08-04,135.6573028564453,60.349998474121094,17.520000457763672,16.47749981880188,-1.5471224211914154
2025-08-05,135.55038452148438,59.040000915527344,17.850000381469727,16.52949986457825,-1.5697491037970646
2025-08-06,136.86264038085938,59.5,16.770000457763672,16.570999908447266,-1.4437487958039987
2025-08-07,139.8953857421875,60.79999923706055,16.56999969482422,16.610499906539918,-1.1502492524377492
2025-08-08,141.14932250976562,64.69000244140625,15.149999618530273,16.547999906539918,-0.9963327640518033
2025-08-11,140.81881713867188,63.65999984741211,16.25,16.500499868392943,-1.036946813521114
2025-08-12,142.7628936767578,64.02999877929688,14.729999542236328,16.367999887466432,-0.8533058342065553
2025-08-13,145.17355346679688,64.1500015258789,14.489999771118164,16.234499883651733,-0.6288814568245732
2025-08-14,144.46395874023438,64.19999694824219,14.829999923706055,16.149999856948853,-0.6941136109812749
2025-08-15,146.19418334960938,64.63999938964844,15.09000015258789,16.08399987220764,-0.5295981486789793
2025-08-18,145.3679656982422,64.12000274658203,14.989999771118164,16.000999879837035,-0.6111677255453999
2025-08-19,147.90496826171875,63.9900016784668,15.569999694824219,15.954499864578247,-0.37747075761098875
2025-08-20,146.5149383544922,64.38999938964844,15.6899995803833,15.970499849319458,-0.5023203971000643
2025-08-21,144.8138885498047,64.36000061035156,16.600000381469727,16.030999851226806,-0.6601513251871306
2025-08-22,145.45542907714844,62.84000015258789,14.220000267028809,15.995499849319458,-0.6155007548674993
2025-08-25,144.0557098388672,62.29999923706055,14.789999961853027,15.98349986076355,-0.7503784161477026
2025-08-26,142.88926696777344,62.119998931884766,14.619999885559082,15.915499877929687,-0.860154763922188
2025-08-27,143.51136779785156,61.72999954223633,14.850000381469727,15.883999919891357,-0.8063283162361776
2025-08-28,142.8698272705078,62.02000045776367,14.430000305175781,15.769499969482421,-0.8629264686833777
2025-08-29,144.49310302734375,62.40999984741211,15.359999656677246,15.518499994277954,-0.7088015775480888
2025-09-02,146.07752990722656,62.66999816894531,17.170000076293945,15.500999975204468,-0.5595373656739089
2025-09-03,144.4833984375,63.5099983215332,16.350000381469727,15.425999975204467,-0.6990155312244878
2025-09-04,142.78233337402344,63.45000076293945,15.300000190734863,15.352499961853027,-0.8571392651689759
2025-09-05,143.6883087158203,62.459999084472656,15.180000305175781,15.282999992370605,-0.7828504255560756
2025-09-08,139.0946807861328,63.02000045776367,15.109999656677246,15.280999994277954,-1.2028410907027578
2025-09-09,140.4590301513672,63.349998474121094,15.039999961853027,15.220499992370605,-1.0732790038532296
2025-09-10,140.02716064453125,62.83000183105469,15.350000381469727,15.251500034332276,-1.1183267673655406
2025-09-11,141.5681610107422,63.79999923706055,14.710000038146973,15.262500047683716,-0.9661878550879919
2025-09-12,140.88108825683594,64.69000244140625,14.760000228881836,15.259000062942505,-1.021174776006297
2025-09-15,138.04443359375,64.3499984741211,15.6899995803833,15.289000034332275,-1.287188847675759
2025-09-16,137.44569396972656,66.16000366210938,16.360000610351562,15.357500076293945,-1.3250585360538656
2025-09-17,138.62353515625,66.5199966430664,15.720000267028809,15.365000104904174,-1.2124781985266258
2025-09-18,138.1327667236328,64.63999938964844,15.699999809265137,15.365500116348267,-1.2761911210729986
2025-09-19,139.1437530517578,64.12999725341797,15.449999809265137,15.308000087738037,-1.1875144176668044
2025-09-22,138.42721557617188,63.97999954223633,16.100000381469727,15.402000093460083,-1.2553321918019353
2025-09-23,139.2811737060547,64.4800033569336,16.639999389648438,15.494500064849854,-1.1713876826156921
2025-09-24,139.5461883544922,64.93000030517578,16.18000030517578,15.572500085830688,-1.1424728096735923
2025-09-25,137.3377227783203,64.58999633789062,16.739999771118164,15.66700005531311,-1.3503083279466976
2025-09-26,137.84812927246094,65.33999633789062,15.289999961853027,15.710000038146973,-1.2957528745792215
2025-09-29,137.58309936523438,66.95999908447266,16.1200008392334,15.74800009727478,-1.3045622496592821
2025-09-30,137.84812927246094,67.30999755859375,16.280000686645508,15.703500127792358,-1.276617297233422
2025-10-01,140.498291015625,67.43000030517578,16.290000915527344,15.70050015449524,-1.0300118959230202
2025-10-02,139.68360900878906,67.58000183105469,16.6299991607666,15.767000102996827,-1.1040051035423155
2025-10-03,139.3596954345703,67.16999816894531,16.649999618530273,15.84050006866455,-1.1379863157775145
2025-10-06,137.12176513671875,67.08999633789062,16.3700008392334,15.903500127792359,-1.346025127098819
2025-10-07,138.191650390625,68.1500015258789,17.239999771118164,16.013500118255614,-1.236643367589411
2025-10-08,136.2776336669922,68.7300033569336,16.299999237060547,16.061000061035156,-1.4082725954206317
2025-10-09,142.03932189941406,69.02999877929688,16.43000030517578,16.147000074386597,-0.8717506513798032
2025-10-10,147.31021118164062,69.62000274658203,21.65999984741211,16.49200005531311,-0.3778661373990576
2025-10-13,146.1421661376953,67.1500015258789,19.030000686645508,16.65900011062622,-0.5100347569932173
2025-10-14,148.74325561523438,68.61000061035156,20.809999465942383,16.881500053405762,-0.2549580571180744
2025-10-15,148.3702850341797,68.6500015258789,20.639999389648438,17.127500009536742,-0.28911147925516717
2025-10-16,149.85240173339844,70.16000366210938,25.309999465942383,17.607999992370605,-0.13718063943481018
2025-10-17,150.8732147216797,70.22000122070312,20.780000686645508,17.874500036239624,-0.04205717484257946
2025-10-20,150.80450439453125,69.76000213623047,18.229999542236328,17.980999994277955,-0.05288884706254237
2025-10-21,150.35299682617188,68.9000015258789,17.8700008392334,18.042500066757203,-0.10305797623197854
2025-10-22,150.2057647705078,69.72000122070312,18.600000381469727,18.1635000705719,-0.10872854201322626
2025-10-23,148.7138214111328,69.88999938964844,17.299999237060547,18.19150004386902,-0.24525080172562996
2025-10-24,148.75306701660156,69.69000244140625,16.3700008392334,18.245500087738037,-0.2435588109859348
2025-10-27,149.8131561279297,69.68000030517578,15.789999961853027,18.229000043869018,-0.1454778029521228
2025-10-28,147.34945678710938,69.31999969482422,16.420000076293945,18.23600001335144,-0.37714555444772735
2025-10-29,143.46255493164062,66.55999755859375,16.920000076293945,18.26749997138977,-0.7639329148595059
2025-10-30,144.826904296875,66.56999969482422,16.90999984741211,18.281500005722044,-0.6374791031979082
2025-10-31,143.3938446044922,66.83000183105469,17.440000534057617,18.321000051498412,-0.7676737104076702
2025-11-03,140.94979858398438,66.51000213623047,17.170000076293945,18.36100001335144,-0.9971327582311046
2025-11-04,140.26271057128906,66.87000274658203,19.0,18.44900002479553,-1.0572692645706112
2025-11-05,140.22344970703125,67.87000274658203,18.010000228881836,18.534500074386596,-1.0511918508155738
2025-11-06,138.96707153320312,66.30999755859375,19.5,18.68800005912781,-1.1827020446322347
2025-11-07,140.31178283691406,69.7300033569336,19.079999923706055,18.559000062942506,-1.024943955696436
2025-11-10,139.98788452148438,70.02999877929688,17.600000381469727,18.487500047683717,-1.0520271892965956
2025-11-11,142.40248107910156,71.91000366210938,17.280000686645508,18.311000108718872,-0.8101424611886309
2025-11-12,141.7252197265625,70.4800033569336,17.510000228881836,18.15450015068054,-0.886756036916883
2025-11-13,142.34359741210938,71.08000183105469,20.0,17.889000177383423,-0.823658071855496
2025-11-14,143.1582794189453,71.30999755859375,19.829999923706055,17.84150013923645,-0.7459737666076545
2025-11-17,145.1017303466797,71.83999633789062,22.3799991607666,18.049000120162965,-0.5608365709007853
2025-11-18,146.02439880371094,72.9000015258789,24.690000534057617,18.390000104904175,-0.4650890187602241
2025-11-19,144.39501953125,72.30000305175781,23.65999984741211,18.643000078201293,-0.6218189985021304
2025-11-20,143.40365600585938,72.22000122070312,26.420000076293945,19.099000120162962,-0.7144093675558245
2025-11-21,143.62942504882812,72.04000091552734,23.43000030517578,19.452000093460082,-0.69524862159756
2025-11-24,142.81472778320312,73.23999786376953,20.520000457763672,19.688500118255615,-0.759044127575247
2025-11-25,143.41346740722656,74.81999969482422,18.559999465942383,19.795500087738038,-0.688245656801491
2025-11-26,145.24896240234375,75.04000091552734,17.190000534057617,19.809000110626222,-0.516117753840452
2025-11-28,145.99493408203125,74.98999786376953,16.350000381469727,19.7810001373291,-0.44751669054473353
2025-12-01,146.75071716308594,75.94999694824219,17.239999771118164,19.771000099182128,-0.3681963221039204
2025-12-02,145.86734008789062,74.70999908447266,16.59000015258789,19.742000102996826,-0.46205333281157246
2025-12-03,145.32748413085938,73.98999786376953,16.079999923706055,19.596000099182127,-0.5190448002251552
2025-12-04,144.19871520996094,73.26000213623047,15.779999732971191,19.484500074386595,-0.6306744180988985
2025-12-05,143.73585510253906,73.73999786376953,15.40999984741211,19.280000066757204,-0.6688789070145633
2025-12-08,144.3404541015625,73.94000244140625,16.65999984741211,19.159000062942503,-0.6109423638692477
2025-12-09,143.3592071533203,73.56999969482422,16.93000030517578,19.12550005912781,-0.7054127246641999
2025-12-10,148.37440490722656,73.86000061035156,15.770000457763672,19.050000047683717,-0.2381226768855664
2025-12-11,147.72024536132812,72.48999786376953,14.850000381469727,18.91700005531311,-0.31201393675908873
2025-12-12,149.3159942626953,73.97000122070312,15.739999771118164,18.70400004386902,-0.1498506564774145
2025-12-15,149.88095092773438,74.8499984741211,16.5,18.537500047683714,-0.08898041502985062
2025-12-16,149.03846740722656,75.33999633789062,16.479999542236328,18.242500066757202,-0.16224585832948105
2025-12-17,148.7510528564453,74.33999633789062,17.6200008392334,17.88900008201599,-0.19857770259443117
2025-12-18,148.04733276367188,75.45999908447266,16.8700008392334,17.549500131607054,-0.25287228845275445
2025-12-19,146.84805297851562,76.26000213623047,14.90999984741211,16.974000120162962,-0.35617051747320694
2025-12-22,145.7478790283203,77.66000366210938,14.079999923706055,16.50650010108948,-0.444462169385138
2025-12-23,142.40771484375,77.66999816894531,14.0,16.180500078201295,-0.7537081255427814
2025-12-24,142.46719360351562,77.41999816894531,13.470000267028809,15.926000118255615,-0.7506279830825219
2025-12-26,142.5068359375,77.30999755859375,13.600000381469727,15.74650011062622,-0.7480250719959541
2025-12-29,142.9627685546875,77.62999725341797,14.199999809265137,15.639000082015992,-0.7026914160370685
2025-12-30,142.8834686279297,77.41000366210938,14.329999923706055,15.493500089645385,-0.7121725343894697
2025-12-31,142.24913024902344,76.66999816894531,14.949999809265137,15.411500072479248,-0.778108625195877
2026-01-02,140.97055053710938,76.16000366210938,14.510000228881836,15.333000087738037,-0.901475709776209
2026-01-05,138.68101501464844,75.66999816894531,14.899999618530273,15.289000082015992,-1.1182764065598645
2026-01-06,137.72952270507812,75.72000122070312,14.75,15.256000089645386,-1.2059113773028283
2026-01-07,135.79676818847656,76.1500015258789,15.380000114440918,15.192000102996825,-1.3807330082401925
2026-01-08,138.13587951660156,76.5999984741211,15.449999809265137,15.118000078201295,-1.1597295636529237
2026-01-09,138.6710968017578,77.33999633789062,14.489999771118164,15.054000043869019,-1.1029734610370299
2026-01-12,140.10826110839844,77.5,15.119999885559082,15.067500019073487,-0.9683189926503889
2026-01-13,142.20948791503906,78.43000030517578,15.979999542236328,15.079500007629395,-0.7646842711785803
2026-01-14,144.6278839111328,77.7300033569336,16.75,15.092000007629395,-0.5475084743426745
2026-01-15,145.27212524414062,77.91000366210938,15.84000015258789,15.060000038146972,-0.48609484203087977
2026-01-16,145.02435302734375,78.16999816894531,15.859999656677246,14.971999979019165,-0.5065163481616025
2026-01-20,146.35247802734375,81.47000122070312,20.09000015258789,15.13299994468689,-0.35146001349860945
2026-01-21,145.4406280517578,81.5999984741211,16.899999618530273,15.232499933242797,-0.4346465613947381
2026-01-22,143.121337890625,80.88999938964844,15.640000343322754,15.310499954223634,-0.6563398326536549
2026-01-23,143.29974365234375,82.0,16.09000015258789,15.414999961853027,-0.629035143536091
2026-01-26,144.5783233642578,81.16000366210938,16.149999618530273,15.548999929428101,-0.518781174802543
2026-01-27,147.46255493164062,81.41000366210938,16.350000381469727,15.6864999294281,-0.24923510961453274
2026-01-28,147.18502807617188,80.91999816894531,16.350000381469727,15.79399995803833,-0.2796973995316091
2026-01-29,147.37335205078125,80.04000091552734,16.8799991607666,15.921499919891357,-0.27080396817881236
2026-01-30,152.2696075439453,80.76000213623047,17.440000534057617,16.04599995613098,0.18964726685636277
2026-02-02,153.82569885253906,81.0999984741211,16.34000015258789,16.137499952316283,0.33706429250490655
2026-02-03,161.40797424316406,81.97000122070312,18.0,16.29249997138977,1.0477332572109521
2026-02-04,164.70846557617188,81.44000244140625,18.639999389648438,16.48699994087219,1.3482539329623602
2026-02-05,166.04652404785156,81.75,21.770000457763672,16.80649995803833,1.4751868638971357
2026-02-06,168.98031616210938,82.54000091552734,20.3700008392334,17.052500009536743,1.754568176929919
2026-02-09,164.99591064453125,80.9000015258789,17.360000610351562,17.196000051498412,1.3696298277324657
2026-02-10,165.49148559570312,80.16999816894531,17.790000915527344,17.329500102996825,1.4084356951449775
2026-02-11,167.6521759033203,80.79000091552734,17.649999618530273,17.413000106811523,1.6145663605263236
2026-02-12,165.7194366455078,81.16999816894531,20.81999969482422,17.616500091552734,1.4392604388588917
2026-02-13,164.47061157226562,81.4800033569336,20.600000381469727,17.854500102996827,1.3266140790519607
2026-02-17,160.4862060546875,82.9000015258789,20.290000915527344,18.07600016593933,0.9713989702997734
2026-02-18,162.934326171875,83.18000030517578,19.6200008392334,18.052500200271606,1.2008467846478175
2026-02-19,163.13255310058594,81.98999786376953,20.229999542236328,18.21900019645691,1.2076461287608888
2026-02-20,163.47946166992188,83.76000213623047,19.09000015258789,18.391500186920165,1.2569673248706406
2026-02-23,166.82952880859375,84.69000244140625,21.010000228881836,18.637500190734862,1.5762610500630012
2026-02-24,168.03871154785156,85.54000091552734,19.549999237060547,18.807500171661378,1.6965036876971007
2026-02-25,167.6719970703125,85.41000366210938,17.93000030517578,18.88650016784668,1.661278388179216
2026-02-26,166.09608459472656,86.66000366210938,18.6299991607666,19.000500106811522,1.527470067956235
2026-02-27,168.23695373535156,85.30000305175781,19.860000610351562,19.149500179290772,1.7125323002076638
2026-03-02,165.79873657226562,81.05999755859375,21.440000534057617,19.34950017929077,1.4455361634769277
2026-03-03,163.44972229003906,78.98999786376953,23.56999969482422,19.711000156402587,1.2078797029693176
2026-03-04,162.46849060058594,78.61000061035156,21.149999618530273,19.8685001373291,1.1133136738460516
2026-03-05,159.27700805664062,76.69999694824219,23.75,20.12400016784668,0.7991877153605479
2026-03-06,159.42999267578125,75.61000061035156,29.489999771118164,20.510000133514403,0.8027684356649014
2026-03-09,161.52999877929688,75.7300033569336,25.5,20.766500091552736,0.9984222048563416
2026-03-10,160.77999877929688,76.69999694824219,24.93000030517578,21.145000076293947,0.9383843805586614
2026-03-11,160.14999389648438,77.5199966430664,24.229999542236328,21.467000007629395,0.8880027153844886
2026-03-12,158.86000061035156,76.98999786376953,27.290000915527344,21.949000072479247,0.7633842728462436
2026-03-13,159.8800048828125,77.11000061035156,27.190000534057617,22.267500114440917,0.8590156992350718
2026-03-16,157.72000122070312,77.05000305175781,23.510000228881836,22.413000106811523,0.6583882282432368
2026-03-17,156.5,77.58999633789062,22.3700008392334,22.517000102996825,0.5506453213930624
2026-03-18,153.5399932861328,74.08999633789062,25.09000015258789,22.79050006866455,0.2425126569029403
2026-03-19,152.74000549316406,73.73999786376953,24.059999465942383,22.982000064849853,0.16502358381534485
2026-03-20,150.0399932861328,73.69000244140625,26.780000686645508,23.366500091552734,-0.08551860955941376
2026-03-23,150.8800048828125,73.95999908447266,26.149999618530273,23.623500061035156,-0.005099903589105488
2026-03-24,150.58999633789062,73.0,26.950000762939453,23.9935001373291,-0.041283437459640276
2026-03-25,151.72999572753906,73.20999908447266,25.329999923706055,24.363500118255615,0.0663352895991321
2026-03-26,150.8300018310547,71.9800033569336,27.440000534057617,24.804000186920167,-0.028963501227885397
2026-03-27,153.0399932861328,71.83000183105469,31.049999237060547,25.363500118255615,0.17425367243924084
2026-03-30,156.82000732421875,71.31999969482422,30.610000610351562,25.822000122070314,0.5193786807202252
2026-03-31,155.2899932861328,72.45999908447266,25.25,25.9060001373291,0.38875266887042087
2026-04-01,154.64999389648438,72.7699966430664,24.540000915527344,26.075500202178954,0.3324914830915695
2026-04-02,157.00999450683594,72.37000274658203,23.8700008392334,26.081500244140624,0.5471731760134687
2026-04-06,156.72999572753906,74.16000366210938,24.170000076293945,25.815500259399414,0.5386287616052823
2026-04-07,153.2100067138672,72.44000244140625,25.780000686645508,25.82950029373169,0.19592437878450225
2026-04-08,154.8000030517578,75.13999938964844,21.040000915527344,25.63500032424927,0.36940528566844466
2026-04-09,157.49000549316406,76.19000244140625,19.489999771118164,25.39800033569336,0.6287340025121866
2026-04-10,157.05999755859375,75.72000122070312,19.229999542236328,24.995000267028807,0.5843442748079173
2026-04-13,155.8800048828125,75.16999816894531,19.1200008392334,24.591500282287598,0.4697190211643595
2026-04-14,155.72000122070312,75.06999969482422,18.360000610351562,24.334000301361083,0.4539292485878904
2026-04-15,154.85000610351562,74.93000030517578,18.170000076293945,24.12400026321411,0.3719964015078497
2026-04-16,158.3800048828125,75.36000061035156,17.940000534057617,23.7665002822876,0.7030974154190233
2026-04-17,157.6699981689453,76.72000122070312,17.479999542236328,23.437500286102296,0.6505518216003122
2026-04-20,156.99000549316406,77.2300033569336,18.8700008392334,23.04200029373169,0.5925294741482042
2026-04-21,154.9199981689453,75.2699966430664,19.5,22.709500312805176,0.38178113463213087
2026-04-22,153.7899932861328,75.94999694824219,18.920000076293945,22.3080002784729,0.283733025806586
2026-04-23,155.6999969482422,77.55999755859375,19.309999465942383,22.007000255584718,0.476263147383291
2026-04-24,155.44000244140625,78.2300033569336,18.709999084472656,21.57050018310547,0.4586923353353754
2026-04-27,154.10000610351562,76.86000061035156,18.020000457763672,20.919000244140626,0.32128358804398904
2026-04-28,156.2899932861328,77.19000244140625,17.829999923706055,20.28000020980835,0.5273106089749808
2026-04-29,155.2899932861328,76.88999938964844,18.809999465942383,19.95800018310547,0.43178341047135826
2026-04-30,158.49000549316406,77.06999969482422,16.889999389648438,19.575500106811525,0.7298949660050617
