Date,PEP,LRCX,VIX,AvgVIX,zscore
2020-01-30,118.7242202758789,28.930830001831055,15.489999771118164,13.696000051498412,-0.2574134937579696
2020-01-31,117.23019409179688,27.745500564575195,18.84000015258789,14.014500045776368,-0.2868799564348854
2020-02-03,117.63463592529297,28.69729995727539,17.969999313354492,14.211999988555908,-0.31056231233753734
2020-02-04,118.22073364257812,30.275257110595703,16.049999237060547,14.32199993133545,-0.3548499576081516
2020-02-05,119.1122055053711,30.295730590820312,15.149999618530273,14.389999914169312,-0.30280457096815594
2020-02-06,119.13697814941406,30.10034942626953,14.960000038146973,14.465499925613404,-0.2915257332298695
2020-02-07,119.99542999267578,29.344865798950195,15.470000267028809,14.611999940872192,-0.2025094180154501
2020-02-10,120.23480224609375,29.757030487060547,15.039999961853027,14.735999917984008,-0.20894067726730442
2020-02-11,120.58151245117188,30.300390243530273,15.180000305175781,14.878999948501587,-0.21556493303383373
2020-02-12,120.58151245117188,31.133100509643555,13.739999771118164,14.946499919891357,-0.2573494851212675
2020-02-13,120.90341186523438,31.780649185180664,14.149999618530273,15.032999897003174,-0.2706789157661293
2020-02-14,121.33265686035156,31.568525314331055,13.680000305175781,15.100999927520752,-0.2344801621406707
2020-02-18,120.18531799316406,30.269681930541992,14.829999923706055,15.237499904632568,-0.23761099056425405
2020-02-19,120.12751007080078,31.061450958251953,14.380000114440918,15.313999891281128,-0.2807826794718033
2020-02-20,119.82210540771484,30.56275177001953,15.5600004196167,15.446499919891357,-0.27394036879879335
2020-02-21,120.39163970947266,29.475114822387695,17.079999923706055,15.651499938964843,-0.18545730342551536
2020-02-24,117.74195098876953,27.954843521118164,25.030000686645508,16.174999952316284,-0.2669177297880858
2020-02-25,116.47077178955078,27.188196182250977,27.850000381469727,16.655999994277956,-0.3041263010751392
2020-02-26,117.19715881347656,27.5957088470459,27.559999465942383,17.219999933242796,-0.2813302770810349
2020-02-27,112.56639099121094,26.581565856933594,39.15999984741211,18.35849995613098,-0.5061289117493706
2020-02-28,108.98394775390625,27.30077362060547,40.11000061035156,19.589499998092652,-0.7554945531883204
2020-03-02,113.56519317626953,27.9427490234375,33.41999816894531,20.318499898910524,-0.514969186086698
2020-03-03,111.91427612304688,27.117483139038086,36.81999969482422,21.26099991798401,-0.5718435834005896
2020-03-04,117.53560638427734,28.492610931396484,31.989999771118164,22.05799994468689,-0.3061868325520861
2020-03-05,114.76416778564453,27.831096649169922,39.619998931884766,23.281499910354615,-0.43798704576709446
2020-03-06,114.06607055664062,27.391942977905273,41.939998626708984,24.630499839782715,-0.4575111567734128
2020-03-09,108.16583251953125,24.897544860839844,54.459999084472656,26.57999978065491,-0.6836085091795506
2020-03-10,111.47329711914062,26.75555419921875,47.29999923706055,28.192999744415282,-0.579935522676574
2020-03-11,107.82510375976562,25.73769187927246,53.900001525878906,30.12899980545044,-0.7460511144105844
2020-03-12,95.85008239746094,22.12959861755371,75.47000122070312,33.21549987792969,-1.2779194342381266
2020-03-13,105.91376495361328,24.356048583984375,57.83000183105469,35.39949998855591,-0.7905109621941947
2020-03-16,93.98027038574219,19.867788314819336,82.69000244140625,38.850000095367434,-1.2757411503573166
2020-03-17,106.13813018798828,21.334108352661133,75.91000366210938,41.9040002822876,-0.6255157633090243
2020-03-18,100.4871826171875,18.06281280517578,76.44999694824219,45.007500123977664,-0.7977879811801518
2020-03-19,97.51214599609375,18.143760681152344,72.0,47.829500102996825,-0.9789651563757295
2020-03-20,86.36813354492188,17.481313705444336,66.04000091552734,50.27750015258789,-1.6091698687822096
2020-03-23,87.40686798095703,17.94279670715332,61.59000015258789,52.10550012588501,-1.5704867867985997
2020-03-24,94.60353088378906,21.58751106262207,61.66999816894531,53.796500015258786,-1.3249300063255722
2020-03-25,93.48998260498047,21.859880447387695,63.95000076293945,55.61600008010864,-1.4048910066105291
2020-03-26,99.93871307373047,24.36737632751465,61.0,56.708000087738036,-1.1467970371569525
2020-03-27,100.10490417480469,22.577777862548828,65.54000091552734,57.97950010299682,-1.0471028199141807
2020-03-30,104.27664947509766,23.895647048950195,57.08000183105469,59.16250028610229,-0.864872220070381
2020-03-31,99.8057632446289,22.463590621948242,53.540000915527344,59.99850034713745,-1.0591820227642077
2020-04-01,98.16030883789062,20.90330696105957,57.060001373291016,61.252000427246095,-1.0788487652986642
2020-04-02,102.93038940429688,20.64497184753418,50.90999984741211,61.81650047302246,-0.7819046570926477
2020-04-03,103.53702545166016,20.418468475341797,46.79999923706055,62.059500503540036,-0.7344235878598068
2020-04-06,108.99684143066406,23.469772338867188,45.2400016784668,61.598500633239745,-0.5624912052941705
2020-04-07,108.43177032470703,23.981754302978516,46.70000076293945,61.568500709533694,-0.6218227794628642
2020-04-08,110.20182800292969,24.967344284057617,43.349998474121094,61.041000556945804,-0.565900385378916
2020-04-09,111.04945373535156,24.174562454223633,41.66999816894531,59.35100040435791,-0.4756570041221444
2020-04-13,108.77245330810547,24.22136878967285,41.16999816894531,58.51800022125244,-0.6135642308312043
2020-04-14,115.01343536376953,25.506467819213867,37.7599983215332,56.27150001525879,-0.30649969035586416
2020-04-15,112.21289825439453,24.598567962646484,40.84000015258789,54.51799983978272,-0.4276688721627896
2020-04-16,112.71981811523438,25.337993621826172,40.11000061035156,52.70100002288818,-0.43459362227608644
2020-04-17,114.30709838867188,26.115795135498047,38.150001525878906,51.00850009918213,-0.3791260517994006
2020-04-20,111.81400299072266,24.965473175048828,43.83000183105469,49.898000144958495,-0.4698275602509816
2020-04-21,108.81403350830078,22.80335235595703,45.40999984741211,49.089000129699706,-0.5399341839213132
2020-04-22,110.21012115478516,25.438146591186523,41.97999954223633,48.104500198364256,-0.5890310420950111
2020-04-23,108.24891662597656,24.706201553344727,41.380001068115234,46.976000213623045,-0.6690607829115373
2020-04-24,111.65611267089844,24.959854125976562,35.93000030517578,45.722500228881835,-0.47894541590504575
2020-04-27,111.73919677734375,24.74832534790039,33.290000915527344,44.11000022888184,-0.46338480330522197
2020-04-28,113.28492736816406,24.50871467590332,33.56999969482422,42.93450012207031,-0.3593381380543445
2020-04-29,110.82510375976562,26.206584930419922,31.229999542236328,41.81900005340576,-0.5909782310024951
2020-04-30,109.93590545654297,23.893775939941406,34.150001525878906,40.673500061035156,-0.5278612054137141
2020-05-01,108.14922332763672,21.997468948364258,37.189998626708984,39.9875,-0.5390744655628348
2020-05-04,108.79739379882812,21.950668334960938,35.970001220703125,39.44600009918213,-0.49813799464083086
2020-05-05,109.420654296875,22.726600646972656,33.61000061035156,38.86450004577637,-0.49996840886920035
2020-05-06,108.68106079101562,22.89039421081543,34.119998931884766,38.235499954223634,-0.5522182292008327
2020-05-07,109.3209457397461,23.177743911743164,31.440000534057617,37.64000005722046,-0.5285423491373209
2020-05-08,111.5480728149414,24.840986251831055,27.979999542236328,36.95550012588501,-0.47941277247044417
2020-05-11,111.6727294921875,24.54428482055664,27.56999969482422,36.275500202178954,-0.45710330905097096
2020-05-12,110.47606658935547,23.959293365478516,33.040000915527344,36.03950033187866,-0.49899094762096957
2020-05-13,110.49269104003906,23.230159759521484,35.279998779296875,35.76150026321411,-0.46141404968218913
2020-05-14,110.5924072265625,25.177936553955078,32.61000061035156,35.38650026321411,-0.5532150177389513
2020-05-15,112.97743225097656,23.571796417236328,31.889999389648438,35.07350015640259,-0.3306308939706087
2020-05-18,112.62010955810547,24.098751068115234,29.299999237060547,34.34700002670288,-0.37834572576071546
2020-05-19,109.47052001953125,24.490928649902344,30.530000686645508,33.60300006866455,-0.585531892140056
2020-05-20,109.07994842529297,25.381052017211914,27.989999771118164,32.90350008010864,-0.653449593912484
2020-05-21,108.2073974609375,24.40107536315918,29.530000686645508,32.31100006103516,-0.6562216562861937
2020-05-22,108.43177032470703,24.4422550201416,28.15999984741211,31.92250003814697,-0.644930235904364
2020-05-26,107.82510375976562,24.930843353271484,28.010000228881836,31.658500003814698,-0.7055642780722762
2020-05-27,108.70597076416016,25.843425750732422,27.6200008392334,31.361000061035156,-0.6989153549938357
2020-05-28,109.93590545654297,24.973896026611328,28.59000015258789,31.229000091552734,-0.5820605300273043
2020-05-29,109.3209457397461,25.61504364013672,27.510000228881836,30.89700002670288,-0.6508435643356145
2020-06-01,110.51761627197266,25.362329483032227,28.229999542236328,30.449000072479247,-0.5669202580988891
2020-06-02,110.21846008300781,25.408193588256836,26.84000015258789,29.992500019073486,-0.5870315827013887
2020-06-03,110.37635040283203,26.852415084838867,25.65999984741211,29.594999980926513,-0.6501013310042866
2020-06-04,109.34878540039062,27.31572723388672,25.809999465942383,29.179500007629393,-0.7345247316492497
2020-06-05,110.91486358642578,28.539989471435547,24.520000457763672,28.8335000038147,-0.7027223463119524
2020-06-08,110.72222137451172,27.853918075561523,25.809999465942383,28.725,-0.6797647098933621
2020-06-09,111.35871124267578,28.297571182250977,27.56999969482422,28.725,-0.6641340974712534
2020-06-10,112.3301773071289,28.2011661529541,27.56999969482422,28.451499938964844,-0.6014615060320122
2020-06-11,107.06248474121094,26.43496322631836,40.790000915527344,28.727000045776368,-0.826441102664699
2020-06-12,108.03392028808594,26.630586624145508,36.09000015258789,28.901000022888184,-0.7784240167621607
2020-06-15,109.27339935302734,27.250207901000977,34.400001525878906,29.026500129699706,-0.7357250576706411
2020-06-16,110.26997375488281,28.705793380737305,33.66999816894531,29.245000076293945,-0.7494349722726176
2020-06-17,110.34534454345703,29.485734939575195,33.470001220703125,29.392000102996825,-0.7840845335087896
2020-06-18,111.19959259033203,29.58159065246582,32.939998626708984,29.639500045776366,-0.738037826380453
2020-06-19,109.94337463378906,29.623876571655273,35.119998931884766,29.91899995803833,-0.8149471438131743
2020-06-22,109.75077819824219,29.346662521362305,31.770000457763672,30.09949998855591,-0.8125028268658501
2020-06-23,110.0103759765625,29.692472457885742,31.3700008392334,30.267500019073488,-0.8144003695915639
2020-06-24,108.50292205810547,28.73398208618164,33.84000015258789,30.57849998474121,-0.856048789598367
2020-06-25,110.05224609375,29.374858856201172,32.220001220703125,30.760000038146973,-0.7959701549104682
2020-06-26,107.97529602050781,28.427644729614258,34.72999954223633,31.121000003814697,-0.8720886867056595
2020-06-29,109.7759017944336,28.985822677612305,31.780000686645508,31.298500061035156,-0.7929005477920492
2020-06-30,110.76408386230469,30.395366668701172,30.43000030517578,31.47800006866455,-0.8047997751364405
2020-07-01,110.84784698486328,29.83342742919922,28.6200008392334,31.626000118255615,-0.7716154984526467
2020-07-02,111.25820922851562,30.417917251586914,27.68000030517578,31.719500160217287,-0.7765141700113527
2020-07-06,111.63509368896484,31.47600555419922,27.940000534057617,31.890500164031984,-0.8071705907106803
2020-07-07,111.8611831665039,30.8116512298584,29.43000030517578,32.07150020599365,-0.7603739979635642
2020-07-08,112.40553283691406,31.367008209228516,28.079999923706055,32.097000217437746,-0.7558340298798493
2020-07-09,111.14096069335938,31.551191329956055,29.260000228881836,32.18150024414062,-0.8403609608633811
2020-07-10,112.60651397705078,31.947734832763672,27.290000915527344,31.506500244140625,-0.7730091247884588
2020-07-13,112.98341369628906,31.68086814880371,32.189998626708984,31.31150016784668,-0.7371797468269808
2020-07-14,113.49425506591797,32.519073486328125,29.520000457763672,31.067500114440918,-0.7488276980831726
2020-07-15,111.96170806884766,32.252201080322266,27.760000228881836,30.772000217437743,-0.8266746892199771
2020-07-16,112.12079620361328,32.40818786621094,28.0,30.49850015640259,-0.8250308227795808
2020-07-17,112.77401733398438,32.5388069152832,25.68000030517578,30.13550024032593,-0.7926964045839638
2020-07-20,111.47595977783203,33.241695404052734,24.459999084472656,29.602500247955323,-0.9052449565529266
2020-07-21,112.58137512207031,33.54898452758789,24.84000015258789,29.256000232696532,-0.8548548138295207
2020-07-22,113.90460205078125,34.01318359375,24.31999969482422,28.903500175476076,-0.799371096472093
2020-07-23,114.80068969726562,33.34225082397461,26.079999923706055,28.515500164031984,-0.7123568539604499
2020-07-24,113.94652557373047,32.48712158203125,25.84000015258789,28.19650011062622,-0.7202989933109203
2020-07-27,115.29481506347656,33.648582458496094,24.739999771118164,27.697000122070314,-0.6983110926514423
2020-07-28,115.05196380615234,32.78877258300781,25.440000534057617,27.380000114440918,-0.6696245727253978
2020-07-29,115.51258087158203,33.9069938659668,24.100000381469727,27.063500118255615,-0.6983134832701355
2020-07-30,115.31159210205078,35.571197509765625,24.760000228881836,26.870500087738037,-0.7937871543587776
2020-07-31,115.28646850585938,35.44152069091797,24.459999084472656,26.70950002670288,-0.7887758074546826
2020-08-03,114.48247528076172,35.840904235839844,24.280000686645508,26.526500034332276,-0.8566812540828721
2020-08-04,115.12732696533203,36.17448043823242,23.760000228881836,26.243000030517578,-0.8350292839732167
2020-08-05,114.10560607910156,36.03446960449219,22.989999771118164,25.988500022888182,-0.8888306299553036
2020-08-06,113.77898406982422,35.502601623535156,22.649999618530273,25.657999992370605,-0.8815870927428758
2020-08-07,114.51597595214844,34.997989654541016,22.209999084472656,25.403999900817873,-0.8123902369394592
2020-08-10,113.8794937133789,35.30996322631836,22.1299991607666,24.90099992752075,-0.8659369714115457
2020-08-11,113.15927124023438,34.675682067871094,24.030000686645508,24.626499938964844,-0.8769869843630537
2020-08-12,115.40371704101562,35.85123062133789,22.280000686645508,24.352499961853027,-0.8023543808728155
2020-08-13,115.65496063232422,35.42836380004883,22.1299991607666,24.058999919891356,-0.7661778643283284
2020-08-14,115.20269012451172,35.110755920410156,22.049999237060547,23.877499866485596,-0.7771660155684352
2020-08-17,115.5041732788086,35.621944427490234,21.350000381469727,23.72199993133545,-0.7848684899231523
2020-08-18,115.66328430175781,35.19813919067383,21.510000228881836,23.555499935150145,-0.7541298883425608
2020-08-19,114.2730941772461,34.9744987487793,22.540000915527344,23.466499996185302,-0.8256711669965667
2020-08-20,114.49922943115234,33.688053131103516,22.719999313354492,23.298499965667723,-0.7476559422181576
2020-08-21,114.281494140625,33.21256637573242,22.540000915527344,23.133500003814696,-0.7367591151529159
2020-08-24,115.26968383789062,32.985164642333984,22.3700008392334,23.01500005722046,-0.6665176209336963
2020-08-25,114.9849624633789,33.12424087524414,22.030000686645508,22.844500064849854,-0.6904468754217764
2020-08-26,115.96480560302734,33.05845642089844,23.270000457763672,22.803000068664552,-0.6288120739286408
2020-08-27,115.90616607666016,32.08586883544922,24.469999313354492,22.788500022888183,-0.5834996555621742
2020-08-28,117.19589233398438,32.962608337402344,22.959999084472656,22.713500022888184,-0.550711219554013
2020-08-31,117.29635620117188,31.605688095092773,26.40999984741211,22.819999980926514,-0.4766413476282577
2020-09-01,116.56779479980469,32.00223159790039,26.1200008392334,22.938000011444093,-0.5399135392576437
2020-09-02,120.0014419555664,34.08272933959961,26.56999969482422,23.117000007629393,-0.43989266444809855
2020-09-03,117.55780792236328,32.09339141845703,33.599998474121094,23.664499950408935,-0.48554858352490715
2020-09-04,117.04328155517578,31.30310821533203,30.75,24.091499996185302,-0.4765246980891191
2020-09-08,114.33567810058594,28.446439743041992,31.459999084472656,24.557999992370604,-0.49437396237195336
2020-09-09,115.65149688720703,28.276350021362305,28.809999465942383,24.79699993133545,-0.4075033153822204
2020-09-10,113.66930389404297,27.956857681274414,29.709999084472656,25.168499851226805,-0.5094790354673608
2020-09-11,114.55498504638672,27.62608528137207,26.8700008392334,25.405499935150146,-0.44015323181842486
2020-09-14,115.28034973144531,28.70015525817871,25.850000381469727,25.595499992370605,-0.45086523782904764
2020-09-15,114.39470672607422,29.029987335205078,25.59000015258789,25.807499980926515,-0.5201415859998737
2020-09-16,113.85486602783203,28.811038970947266,26.040000915527344,26.03400001525879,-0.5412937590383177
2020-09-17,112.35344696044922,28.744319915771484,26.459999084472656,26.229999923706053,-0.6273310766864838
2020-09-18,110.89421081542969,28.86836051940918,25.829999923706055,26.385499954223633,-0.7204292090198731
2020-09-21,110.70021057128906,29.59662437438965,27.780000686645508,26.64749994277954,-0.7685223222194318
2020-09-22,111.4677734375,29.947132110595703,26.860000610351562,26.87199993133545,-0.7404144938694438
2020-09-23,110.4977798461914,29.790203094482422,28.579999923706055,27.199499893188477,-0.7902873792695063
2020-09-24,110.98699951171875,30.743989944458008,28.510000228881836,27.461499881744384,-0.8090223155988349
2020-09-25,112.64869689941406,31.035306930541992,26.3799991607666,27.55699987411499,-0.7247131125170035
2020-09-28,116.37692260742188,31.63106346130371,26.190000534057617,27.71849994659424,-0.5326520512777383
2020-09-29,115.69369506835938,31.85746955871582,26.270000457763672,27.711499977111817,-0.5846880234062009
2020-09-30,116.9083251953125,31.29523468017578,26.3700008392334,27.723999977111816,-0.4841640796966682
2020-10-01,118.76400756835938,31.991413116455078,26.700000762939453,27.73050003051758,-0.4086217442611548
2020-10-02,116.45280456542969,31.008460998535156,27.6299991607666,27.432000064849852,-0.49689295173328957
2020-10-05,116.34320068359375,32.28385925292969,27.959999084472656,27.292500019073486,-0.5674162734113365
2020-10-06,114.46218872070312,32.16593551635742,29.479999542236328,27.19350004196167,-0.6734828072962405
2020-10-07,115.567138671875,32.6177864074707,28.059999465942383,27.15600004196167,-0.6303743332955243
2020-10-08,116.27570343017578,33.5290641784668,26.360000610351562,26.988500118255615,-0.6339177562161388
2020-10-09,116.77338409423828,34.21580505371094,25.0,26.895000076293947,-0.6387488822647647
2020-10-12,119.8858642578125,34.91387939453125,25.06999969482422,26.85600004196167,-0.48847970852990674
2020-10-13,121.0751724243164,35.29875564575195,26.06999969482422,26.880000019073485,-0.43698834862145625
2020-10-14,120.21483612060547,35.30347442626953,26.399999618530273,26.897999954223632,-0.4884442384628345
2020-10-15,119.2953872680664,35.42139434814453,26.969999313354492,26.923499965667723,-0.5490996419672418
2020-10-16,119.54843139648438,34.42806625366211,27.40999984741211,27.002499961853026,-0.48419076754868723
2020-10-19,117.81930541992188,34.296932220458984,29.18000030517578,27.07249994277954,-0.5805520693181289
2020-10-20,117.8446044921875,34.296932220458984,29.350000381469727,27.196999931335448,-0.5790459189154074
2020-10-21,117.7518310546875,34.584659576416016,28.649999618530273,27.20049991607666,-0.5990069413444896
2020-10-22,117.76026916503906,33.77244567871094,28.110000610351562,27.180499935150145,-0.5577485231859216
2020-10-23,117.71806335449219,33.38662338256836,27.549999237060547,27.238999938964845,-0.5409010268745194
2020-10-26,116.45280456542969,32.79325866699219,32.459999084472656,27.552499866485597,-0.5864522788822936
2020-10-27,117.34691619873047,32.43478775024414,33.349998474121094,27.906499767303465,-0.5152346931686957
2020-10-28,113.17162322998047,31.969722747802734,40.279998779296875,28.60199966430664,-0.7404693436625773
2020-10-29,113.01984405517578,33.3243522644043,37.59000015258789,29.146499633789062,-0.8174792655712041
2020-10-30,112.42935943603516,32.26969528198242,38.02000045776367,29.665999698638917,-0.7997114583209767
2020-11-02,113.99826049804688,33.106441497802734,37.130001068115234,30.124499797821045,-0.7482958575518814
2020-11-03,115.59246063232422,34.95350646972656,35.54999923706055,30.427999782562257,-0.7460708713981818
2020-11-04,116.28414154052734,35.87891387939453,29.56999969482422,30.50349979400635,-0.7513284652649891
2020-11-05,116.44437408447266,37.70616149902344,27.579999923706055,30.56449975967407,-0.8334786323248217
2020-11-06,116.7227783203125,38.62214279174805,24.860000610351562,30.55749979019165,-0.8628671720861036
2020-11-09,116.78179931640625,39.26926803588867,25.75,30.59149980545044,-0.8918255116708272
2020-11-10,119.5400390625,38.47591781616211,24.799999237060547,30.527999782562254,-0.6878074592935177
2020-11-11,121.37883758544922,39.997528076171875,23.450000762939453,30.380499839782715,-0.6546896112128796
2020-11-12,121.32823944091797,39.47491455078125,25.350000381469727,30.299499893188475,-0.6314776981927769
2020-11-13,122.06206512451172,40.21543502807617,23.100000381469727,30.083999919891358,-0.6249488148589919
2020-11-16,122.94775390625,41.43989181518555,22.450000762939453,29.74749994277954,-0.6336623718307385
2020-11-17,122.50916290283203,40.74559020996094,22.709999084472656,29.415499877929687,-0.6249340228675987
2020-11-18,120.94023895263672,40.59465789794922,23.84000015258789,29.174999904632568,-0.7107644286663307
2020-11-19,120.88960266113281,41.28801727294922,23.110000610351562,28.924999904632568,-0.7485710669661122
2020-11-20,120.97398376464844,40.906890869140625,23.700000762939453,28.732499980926512,-0.7244230032463275
2020-11-23,120.63656616210938,42.33134460449219,22.65999984741211,28.242500019073486,-0.8159883979120595
2020-11-24,121.48849487304688,42.114383697509766,21.639999389648438,27.657000064849854,-0.7543829506865195
2020-11-25,121.5981674194336,42.146446228027344,21.25,26.70550012588501,-0.7494625901908196
2020-11-27,121.96931457519531,43.0671501159668,20.84000015258789,25.86800012588501,-0.7735667647066413
2020-11-30,121.6572036743164,42.70113754272461,20.56999969482422,24.995500087738037,-0.7737817810315725
2020-12-01,123.20921325683594,44.115203857421875,20.770000457763672,24.17750005722046,-0.7523411284562674
2020-12-02,121.98616790771484,45.206634521484375,21.170000076293945,23.458500099182128,-0.879920567411129
2020-12-03,122.71076965332031,45.66416931152344,21.280000686645508,23.044000148773193,-0.8597408870944748
2020-12-04,123.90007019042969,47.16501235961914,20.790000915527344,22.704500198364258,-0.8642480573739019
2020-12-07,123.49232482910156,47.9857177734375,21.299999237060547,22.526500129699706,-0.9297048569722839
2020-12-08,123.61978149414062,48.39049530029297,20.68000030517578,22.273000144958495,-0.942428198446581
2020-12-09,123.76417541503906,46.70420455932617,22.270000457763672,22.146500205993654,-0.8492155268482207
2020-12-10,122.89765930175781,46.35616683959961,22.520000457763672,22.100000190734864,-0.8833383628603269
2020-12-11,123.15252685546875,46.502769470214844,23.309999465942383,21.998000144958496,-0.8755214944339129
2020-12-14,122.5239028930664,46.51884841918945,24.719999313354492,22.079000091552736,-0.9137527052331443
2020-12-15,122.9826431274414,46.846065521240234,22.889999389648438,22.101000022888183,-0.9028615674420853
2020-12-16,123.08457946777344,46.6550407409668,22.5,22.09050006866455,-0.8872074790551855
2020-12-17,123.78115844726562,45.98637771606445,21.93000030517578,21.995000076293945,-0.8121846430037756
2020-12-18,124.8175277709961,45.487972259521484,21.56999969482422,21.91800003051758,-0.7254761410965366
2020-12-21,123.5177993774414,45.70170974731445,25.15999984741211,21.99099998474121,-0.8135790659276523
2020-12-22,122.34552001953125,45.1077766418457,24.229999542236328,22.069499969482422,-0.8535663760352717
2020-12-23,122.67678833007812,44.55734634399414,23.309999465942383,22.15299997329712,-0.80622467711227
2020-12-24,123.22897338867188,45.42839050292969,21.530000686645508,22.167000007629394,-0.8170590992252024
2020-12-28,124.80058288574219,45.02739334106445,21.700000762939453,22.210000038146973,-0.7033735543346301
2020-12-29,125.2337875366211,44.75501251220703,23.079999923706055,22.335500049591065,-0.6639154345652997
2020-12-30,125.140380859375,45.81709289550781,22.770000457763672,22.435500049591063,-0.7227704015246046
2020-12-31,125.98136901855469,44.66517639160156,22.75,22.514500045776366,-0.6149011685991504
2021-01-04,122.55786895751953,45.20897674560547,26.969999313354492,22.798999977111816,-0.8460025507009667
2021-01-05,122.92314147949219,46.77230453491211,25.34000015258789,23.026499938964843,-0.9027026767290972
2021-01-06,121.4195327758789,46.955780029296875,25.06999969482422,23.214999961853028,-1.001424859173607
2021-01-07,121.02874755859375,48.65530776977539,22.3700008392334,23.299499988555908,-1.1099703648851051
2021-01-08,122.48140716552734,47.44189453125,21.559999465942383,23.263999938964844,-0.9626001509344295
2021-01-11,120.70597076416016,48.846343994140625,24.079999923706055,23.34199991226196,-1.138772503265869
2021-01-12,120.145263671875,50.73408889770508,23.329999923706055,23.342999935150146,-1.2668786525486275
2021-01-13,121.1307144165039,49.79399490356445,22.209999084472656,23.217499923706054,-1.1610380476881252
2021-01-14,120.42562103271484,52.75325012207031,23.25,23.235499954223634,-1.3515073594400664
2021-01-15,120.11129760742188,51.78291320800781,24.34000015258789,23.32749996185303,-1.321529716566135
2021-01-19,120.68046569824219,54.855674743652344,23.239999771118164,23.392999935150147,-1.441833006903653
2021-01-20,120.06035614013672,53.245994567871094,21.579999923706055,23.39349994659424,-1.3979783875055931
2021-01-21,118.59919738769531,53.358543395996094,21.31999969482422,23.201499938964844,-1.490614334424544
2021-01-22,117.73271179199219,53.32638168334961,21.90999984741211,23.085499954223632,-1.540585689563584
2021-01-25,119.0833969116211,53.69618606567383,23.190000534057617,23.079500007629395,-1.4787306522370003
2021-01-26,120.4596176147461,52.26810073852539,23.020000457763672,23.153999996185302,-1.3251391116728035
2021-01-27,117.26549530029297,48.71016311645508,37.209999084472656,23.929499912261964,-1.336763731067518
2021-01-28,118.24241638183594,47.98286819458008,30.209999084472656,24.285999870300294,-1.242108970097364
2021-01-29,116.01670837402344,45.76980972290039,33.09000015258789,24.801999855041505,-1.2635648513949522
2021-02-01,116.36499786376953,47.424869537353516,30.239999771118164,25.176499843597412,-1.3258790616869038
2021-02-02,117.5543212890625,48.80757141113281,25.559999465942383,25.105999851226805,-1.3244566656798122
2021-02-03,117.24847412109375,47.69724655151367,22.90999984741211,24.984499835968016,-1.2869499464615068
2021-02-04,118.65866088867188,49.13480758666992,21.770000457763672,24.81949987411499,-1.2751314888736234
2021-02-05,119.74602508544922,48.21080017089844,20.8700008392334,24.74449987411499,-1.164030795044515
2021-02-08,119.2702865600586,50.38792419433594,21.239999771118164,24.72849988937378,-1.3015991901716406
2021-02-09,118.59070587158203,49.943424224853516,21.6299991607666,24.605999851226805,-1.3197526690024917
2021-02-10,116.97661590576172,50.3614501953125,21.989999771118164,24.538999843597413,-1.4368217267054346
2021-02-11,114.65746307373047,54.11704635620117,21.25,24.49099988937378,-1.7633417388777388
2021-02-12,113.72301483154297,55.43636703491211,19.969999313354492,24.326999855041503,-1.8851751783183337
2021-02-16,114.15629577636719,55.96881866455078,21.459999084472656,24.18299980163574,-1.8860981886056114
2021-02-17,114.22422790527344,55.41272735595703,21.5,24.095999813079835,-1.854149834651192
2021-02-18,114.9972915649414,54.642879486083984,22.489999771118164,24.14149980545044,-1.769496221104492
2021-02-19,112.56770324707031,56.59492492675781,22.049999237060547,24.177999782562257,-2.0120905433964764
2021-02-22,112.12596893310547,53.6999626159668,23.450000762939453,24.254999828338622,-1.8931224173963348
2021-02-23,112.79708862304688,53.212894439697266,23.110000610351562,24.25099983215332,-1.828727514437298
2021-02-24,112.21092987060547,56.45210266113281,21.34000015258789,24.16699981689453,-2.0261639495451083
2021-02-25,110.4354476928711,51.79426193237305,28.889999389648438,23.75099983215332,-1.8981394866655303
2021-02-26,109.74736022949219,53.642269134521484,27.950000762939453,23.63799991607666,-2.0318350786347357
2021-03-01,110.9621353149414,56.63275146484375,23.350000381469727,23.15099992752075,-2.10957423203427
2021-03-02,111.34443664550781,54.22580337524414,24.100000381469727,22.84399995803833,-1.9660361727000675
2021-03-03,109.70487213134766,52.132850646972656,26.670000076293945,22.89949998855591,-1.9586234767630197
2021-03-04,110.3154296875,50.0124626159668,28.56999969482422,23.182499980926515,-1.815875744038173
2021-03-05,113.91183471679688,51.79899215698242,24.65999984741211,23.326999950408936,-1.69141424678926
2021-03-08,113.14115905761719,47.534584045410156,25.469999313354492,23.55699987411499,-1.5233118615343524
2021-03-09,113.24391174316406,51.40272521972656,24.030000686645508,23.69649991989136,-1.711293981705103
2021-03-10,114.38279724121094,49.05630874633789,22.559999465942383,23.742999935150145,-1.525750991860281
2021-03-11,114.07451629638672,50.6347770690918,21.90999984741211,23.738999938964845,-1.6233100649598502
2021-03-12,113.92037200927734,49.635108947753906,20.690000534057617,23.710999965667725,-1.5823245361059077
2021-03-15,113.91183471679688,50.76339340209961,20.030000686645508,23.714000034332276,-1.6394489572089397
2021-03-16,114.75099182128906,51.875457763671875,19.790000915527344,23.63050012588501,-1.6452929853431746
2021-03-17,114.41702270507812,52.428157806396484,19.229999542236328,23.517000102996825,-1.692909367026588
2021-03-18,113.48367309570312,51.116065979003906,21.579999923706055,23.47150011062622,-1.6826358042012945
2021-03-19,115.17057037353516,51.41375732421875,20.950000762939453,23.416500186920167,-1.5971462142493285
2021-03-22,117.996337890625,53.09370803833008,18.8799991607666,23.188000106811522,-1.513215694718946
2021-03-23,119.41776275634766,51.612850189208984,20.299999237060547,23.04750003814697,-1.3542849063528057
2021-03-24,118.86117553710938,52.37507629394531,21.200000762939453,23.04050006866455,-1.4256683981578069
2021-03-25,119.56329345703125,51.95603942871094,19.809999465942383,22.586500072479247,-1.3628417939893192
2021-03-26,122.19212341308594,55.38798522949219,18.860000610351562,22.132000064849855,-1.3785490467195165
2021-03-29,123.9988784790039,54.06639099121094,20.739999771118164,22.001500034332274,-1.2046697653528171
2021-03-30,122.05509185791016,54.281612396240234,19.610000610351562,21.77700004577637,-1.331190397927579
2021-03-31,121.12175750732422,56.43177795410156,19.399999618530273,21.413500022888183,-1.494648472018246
2021-04-01,120.97618865966797,60.6088981628418,17.329999923706055,20.851500034332275,-1.7129183744333965
2021-04-05,122.5860366821289,62.647216796875,17.90999984741211,20.514000034332277,-1.7193587234828707
2021-04-06,123.02272033691406,61.85844039916992,18.1200008392334,20.14650011062622,-1.6537812822165088
2021-04-07,122.800048828125,62.45572280883789,17.15999984741211,19.803000068664552,-1.6970087899399173
2021-04-08,122.05509185791016,63.329803466796875,16.950000762939453,19.522500133514406,-1.785219399934978
2021-04-09,122.08081817626953,62.760982513427734,16.690000534057617,19.26150016784668,-1.7551449584939267
2021-04-12,122.46611785888672,61.64892578125,16.90999984741211,19.072500133514403,-1.6764047237999993
2021-04-13,122.49183654785156,61.14833068847656,16.649999618530273,18.903500080108643,-1.6497542406847032
2021-04-14,121.68689727783203,60.716033935546875,16.989999771118164,18.763500022888184,-1.6759831396502862
2021-04-15,121.85816192626953,61.5759162902832,16.56999969482422,18.630500030517577,-1.7089351207658405
2021-04-16,123.44229888916016,61.02698516845703,16.25,18.364000034332275,-1.587080592714661
2021-04-19,123.94747924804688,58.94318389892578,17.290000915527344,18.18100004196167,-1.452442253420574
2021-04-20,124.76954650878906,58.118370056152344,18.68000030517578,18.17100009918213,-1.362113131856304
2021-04-21,125.85699462890625,60.79376983642578,17.5,18.0310001373291,-1.4316220247420055
2021-04-22,125.07779693603516,58.26152801513672,18.709999084472656,17.90650005340576,-1.3509453269603635
2021-04-23,124.87229919433594,59.48925018310547,17.329999923706055,17.782500076293946,-1.4247852389819216
2021-04-26,122.75727844238281,60.975791931152344,17.639999389648438,17.72150001525879,-1.6252936519232408
2021-04-27,122.35478210449219,61.13791275024414,17.559999465942383,17.5625,-1.6573908536645001
2021-04-28,121.44713592529297,60.49040222167969,17.280000686645508,17.446000003814696,-1.6789350794060074
2021-04-29,123.25389862060547,60.76723098754883,17.610000610351562,17.35650005340576,-1.5852625803617917
2021-04-30,123.44229888916016,58.82182693481445,18.610000610351562,17.420500087738038,-1.4764280010218163
2021-05-03,124.8380355834961,58.51750183105469,18.309999465942383,17.44050006866455,-1.3780637411356116
2021-05-04,123.27104187011719,57.47938537597656,19.479999542236328,17.508500003814696,-1.419261236874947
2021-05-05,123.21107482910156,57.92591857910156,19.149999618530273,17.607999992370605,-1.4452378847018819
2021-05-06,124.64108276367188,58.53646469116211,18.389999389648438,17.679999923706056,-1.3907406317532462
2021-05-07,124.64108276367188,59.778411865234375,16.690000534057617,17.679999923706056,-1.4530602746070362
2021-05-10,125.63435363769531,55.59844970703125,19.65999984741211,17.817499923706055,-1.1841808266065024
2021-05-11,124.7181625366211,56.165382385253906,21.84000015258789,18.076999950408936,-1.2671732860044886
2021-05-12,123.50223541259766,52.869956970214844,27.59000015258789,18.606999969482423,-1.1742009848031358
2021-05-13,125.33467102050781,55.435386657714844,23.1299991607666,18.93499994277954,-1.1938397399077856
2021-05-14,125.5230712890625,57.16652297973633,18.809999465942383,19.06299991607666,-1.2694902078190973
2021-05-17,125.1634292602539,56.131256103515625,19.719999313354492,19.18449983596802,-1.2389524352127446
2021-05-18,124.5982437133789,55.44486618041992,21.34000015258789,19.317499828338622,-1.2381577430963238
2021-05-19,124.5297622680664,57.091636657714844,22.18000030517578,19.551499843597412,-1.3248679685379812
2021-05-20,126.07109069824219,59.41625213623047,20.670000076293945,19.649499893188477,-1.3497536343652452
2021-05-21,125.95976257324219,58.219810485839844,20.149999618530273,19.790499877929687,-1.29634520079364
2021-05-24,126.60200500488281,60.16712188720703,18.399999618530273,19.82849988937378,-1.3558241563298352
2021-05-25,126.98731231689453,60.71034240722656,18.84000015258789,19.892499923706055,-1.3601435921544203
2021-05-26,126.98731231689453,60.48944854736328,17.360000610351562,19.896499919891358,-1.3490593634990762
2021-05-27,125.45455932617188,61.21565628051758,16.739999771118164,19.852999877929687,-1.4767503670219173
2021-05-28,126.67903137207031,61.60910415649414,16.760000228881836,19.7604998588562,-1.423595682453626
2021-06-01,126.41361999511719,61.53230667114258,17.899999618530273,19.739999866485597,-1.4355430159632665
2021-06-02,126.91881561279297,61.5275764465332,17.479999542236328,19.639999866485596,-1.4052294333817827
2021-06-03,127.37165832519531,60.27519226074219,18.040000915527344,19.58449993133545,-1.315426615603038
2021-06-04,127.51825714111328,62.12672805786133,16.420000076293945,19.485999965667723,-1.3996072065480911
2021-06-07,127.4406509399414,61.58349609375,16.420000076293945,19.472499942779542,-1.3769685740664996
2021-06-08,126.25033569335938,60.442989349365234,17.06999969482422,19.342999935150146,-1.3906031216239847
2021-06-09,126.01748657226562,60.11497116088867,17.889999389648438,19.145499897003173,-1.3880059009418648
2021-06-10,127.31124877929688,60.74827194213867,16.100000381469727,18.570999908447266,-1.3427616826475768
2021-06-11,127.38893127441406,60.87529754638672,15.649999618530273,18.196999931335448,-1.3445109623026283
2021-06-14,128.14794921875,61.64606857299805,16.389999389648438,18.07599992752075,-1.3380002291840574
2021-06-15,128.15660095214844,61.12739944458008,17.020000457763672,17.94099998474121,-1.3114588704419003
2021-06-16,126.87998962402344,60.677120208740234,18.149999618530273,17.78149995803833,-1.3648658659387556
2021-06-17,128.10482788085938,60.77592086791992,17.75,17.55999994277954,-1.2969042825303274
2021-06-18,125.43093872070312,58.19964599609375,20.700000762939453,17.561499977111815,-1.3268162710627907
2021-06-21,126.41422271728516,58.76581573486328,17.889999389648438,17.448499965667725,-1.2966874392575765
2021-06-22,126.60398864746094,59.06695556640625,16.65999984741211,17.361499977111816,-1.3005008383082632
2021-06-23,124.93929290771484,59.297794342041016,16.31999969482422,17.235499954223634,-1.4111897884512417
2021-06-24,125.64657592773438,60.3237419128418,15.970000267028809,17.165999937057496,-1.4205635317794716
2021-06-25,126.28483581542969,59.8886604309082,15.619999885559082,17.10999994277954,-1.3607335376713579
2021-06-28,126.82823181152344,61.45798873901367,15.760000228881836,17.05999994277954,-1.407130392850761
2021-06-29,126.74201202392578,61.91680145263672,16.020000457763672,16.96599998474121,-1.4352861402711576
2021-06-30,127.8029556274414,61.813255310058594,15.829999923706055,16.883500003814696,-1.3669282753856564
2021-07-01,127.82881927490234,60.13850021362305,15.479999542236328,16.755499935150148,-1.2813510105761778
2021-07-02,128.44119262695312,59.98365783691406,15.069999694824219,16.68799991607666,-1.2371242533662565
2021-07-06,128.63095092773438,59.0774040222168,16.440000534057617,16.688999938964844,-1.1803523245645433
2021-07-07,129.20025634765625,58.28799819946289,16.200000762939453,16.645499992370606,-1.1068478191586586
2021-07-08,129.2606201171875,57.56983947753906,19.0,16.701000022888184,-1.0672176609952555
2021-07-09,128.93289184570312,58.21769332885742,16.18000030517578,16.705000019073488,-1.119237222447399
2021-07-12,128.95877075195312,59.41179275512695,16.170000076293945,16.73100004196167,-1.1776152439694991
2021-07-13,131.93450927734375,59.34054183959961,17.1200008392334,16.767500114440917,-0.996882865318096
2021-07-14,133.2972869873047,58.69552230834961,16.329999923706055,16.733000087738038,-0.8833850806745956
2021-07-15,133.9097137451172,58.01725387573242,17.010000228881836,16.676000118255615,-0.8128901582372662
2021-07-16,134.4013671875,55.90266799926758,18.450000762939453,16.711000156402587,-0.677512387762561
2021-07-19,134.38414001464844,56.19145584106445,22.5,16.801000118255615,-0.693029066603478
2021-07-20,134.4013671875,57.670536041259766,19.729999542236328,16.89300012588501,-0.766222203517713
2021-07-21,133.9010772705078,60.535579681396484,17.90999984741211,16.95550012588501,-0.9397713416962579
2021-07-22,133.8579864501953,60.41018295288086,17.690000534057617,17.02400016784668,-0.9360444228392766
2021-07-23,135.57444763183594,60.82245635986328,17.200000762939453,17.08550019264221,-0.8545443917999992
2021-07-26,135.4795684814453,60.83386993408203,17.579999923706055,17.18350019454956,-0.8607656315337435
2021-07-27,136.2299346923828,59.14295196533203,19.360000610351562,17.36350021362305,-0.7312449254035764
2021-07-28,134.9792938232422,60.32183837890625,18.309999465942383,17.478000164031982,-0.8648556714042841
2021-07-29,135.2553253173828,58.86176681518555,17.700000762939453,17.57150020599365,-0.7751575599278987
2021-07-30,135.3760528564453,60.55078125,18.239999771118164,17.709500217437743,-0.8527232105535758
2021-08-02,134.83267211914062,60.96780014038086,19.459999084472656,17.929000186920167,-0.905998324017743
2021-08-03,135.134521484375,61.321189880371094,18.040000915527344,18.00900020599365,-0.9057608152022323
2021-08-04,132.8747100830078,61.725852966308594,17.969999313354492,18.097500133514405,-1.060601600400424
2021-08-05,133.0989227294922,61.33448791503906,17.280000686645508,18.01150016784668,-1.0276150659460839
2021-08-06,133.1162109375,61.552974700927734,16.149999618530273,18.010000133514403,-1.037549277028076
2021-08-09,133.13343811035156,60.84431457519531,16.719999313354492,18.03750009536743,-1.0009638350985728
2021-08-10,133.20242309570312,58.628074645996094,16.790000915527344,18.021000099182128,-0.8856482355533558
2021-08-11,133.72860717773438,57.806373596191406,16.170000076293945,18.013000106811525,-0.8130903665318083
2021-08-12,133.75450134277344,55.4305534362793,15.59000015258789,17.942000102996825,-0.6923325548442771
2021-08-13,135.00515747070312,55.13606643676758,15.449999809265137,17.79200005531311,-0.6030991612566894
2021-08-16,136.32484436035156,55.93971633911133,16.1200008392334,17.47300009727478,-0.5648594927873226
2021-08-17,136.19549560546875,55.00117111206055,17.90999984741211,17.382000112533568,-0.5254648757043482
2021-08-18,134.79815673828125,54.10062026977539,21.56999969482422,17.565000104904176,-0.5634650726292172
2021-08-19,137.06663513183594,54.82542037963867,21.670000076293945,17.76400008201599,-0.4647836197996883
2021-08-20,136.58363342285156,53.76433563232422,18.559999465942383,17.832000017166138,-0.4402944056845883
2021-08-23,136.15232849121094,55.50559997558594,17.149999618530273,17.81050000190735,-0.5533465049295058
2021-08-24,134.46176147460938,55.62718200683594,17.219999313354492,17.703499937057494,-0.6600932789695025
2021-08-25,133.86659240722656,55.930213928222656,16.790000915527344,17.627500009536742,-0.7107317996524197
2021-08-26,133.3749542236328,55.60533905029297,18.84000015258789,17.684499979019165,-0.7236990084335796
2021-08-27,133.64236450195312,57.90801239013672,16.389999389648438,17.591999959945678,-0.8233248534732001
2021-08-30,134.55665588378906,57.75602340698242,16.190000534057617,17.428500032424928,-0.761266943142142
2021-08-31,134.89303588867188,57.45488357543945,16.479999542236328,17.350499963760377,-0.7261300669434211
2021-09-01,136.20408630371094,56.976112365722656,16.110000610351562,17.25750002861023,-0.6240539770017614
2021-09-02,136.303955078125,57.19649887084961,16.40999984741211,17.21399998664856,-0.6291671775203824
2021-09-03,136.425537109375,58.01441192626953,16.40999984741211,17.22699999809265,-0.6629709779556672
2021-09-07,134.20228576660156,56.350093841552734,18.139999389648438,17.298000001907347,-0.7118158376993604
2021-09-08,136.1042022705078,55.43340301513672,17.959999084472656,17.356499910354614,-0.5525888728075457
2021-09-09,135.2444610595703,56.38999557495117,18.799999237060547,17.487999868392944,-0.6517733901780394
2021-09-10,135.0099639892578,56.81747817993164,20.950000762939453,17.755999898910524,-0.687184537682858
2021-09-13,135.27052307128906,57.83012008666992,19.3700008392334,17.951999950408936,-0.7224857986626061
2021-09-14,134.74070739746094,57.32949447631836,19.459999084472656,18.118999862670897,-0.7289068667076141
2021-09-15,135.4962921142578,58.089454650878906,18.18000030517578,18.13249988555908,-0.7220580492050716
2021-09-16,135.09681701660156,58.502685546875,18.690000534057617,17.988499927520753,-0.7665758325921852
2021-09-17,133.8549041748047,57.85007095336914,20.809999465942383,17.945499897003174,-0.8077641127276578
2021-09-20,133.40330505371094,56.038509368896484,25.709999084472656,18.302999877929686,-0.7437472201409713
2021-09-21,133.34251403808594,55.68798828125,24.360000610351562,18.663499927520753,-0.7297775507225019
2021-09-22,133.75070190429688,57.10151290893555,20.8700008392334,18.846000003814698,-0.7764057924867787
2021-09-23,133.8549041748047,58.19015121459961,18.6299991607666,18.93799991607666,-0.8248289934761803
2021-09-24,133.9157257080078,58.18254470825195,17.75,18.883499908447266,-0.8208263685618717
2021-09-27,132.63040161132812,58.72440719604492,18.760000228881836,19.001999950408937,-0.92453672851233
2021-09-28,131.18006896972656,55.8008918762207,23.25,19.354999923706053,-0.8641815524558388
2021-09-29,132.2656707763672,54.0429801940918,22.559999465942383,19.658999919891357,-0.7113413146408506
2021-09-30,130.62428283691406,54.19914627075195,23.139999389648438,20.0104998588562,-0.8168956625122311
2021-10-01,131.0932159423828,54.25438690185547,21.100000381469727,20.244999885559082,-0.791750202179335
2021-10-04,130.44192504882812,52.38886642456055,22.959999084472656,20.57249984741211,-0.7369141213143279
2021-10-05,131.21481323242188,52.937374114990234,21.299999237060547,20.730499839782716,-0.7184246922942201
2021-10-06,134.5757293701172,52.540283203125,21.0,20.88249988555908,-0.49841090040590114
2021-10-07,135.81764221191406,52.92975997924805,19.540000915527344,20.919499969482423,-0.4440186329004561
2021-10-08,135.50498962402344,52.390769958496094,18.770000457763672,20.810499954223634,-0.43558606598117017
2021-10-11,135.6873779296875,52.60789108276367,20.0,20.84199991226196,-0.4356227101360521
2021-10-12,136.2865447998047,52.068904876708984,19.850000381469727,20.861499977111816,-0.3729062395707962
2021-10-13,137.2071533203125,51.84321212768555,18.639999389648438,20.884499931335448,-0.3067738660261764
2021-10-14,138.31007385253906,54.08297348022461,16.860000610351562,20.792999935150146,-0.35350173501295756
2021-10-15,137.91928100585938,53.753482818603516,16.299999237060547,20.567499923706055,-0.3602336203859146
2021-10-18,137.2940216064453,54.15629577636719,16.309999465942383,20.097499942779542,-0.41767044413028265
2021-10-19,139.03961181640625,54.359134674072266,15.699999809265137,19.66449990272522,-0.32392704064831607
2021-10-20,140.09043884277344,53.85157012939453,15.489999771118164,19.395499849319457,-0.2358982227777652
2021-10-21,138.24061584472656,52.89167785644531,15.010000228881836,19.21449990272522,-0.2978588358089621
2021-10-22,138.92669677734375,53.017372131347656,15.430000305175781,19.098499917984007,-0.2633210279300539
2021-10-25,138.275390625,52.56312942504883,15.239999771118164,18.922499895095825,-0.2793023350299285
2021-10-26,139.9688262939453,52.27458572387695,15.979999542236328,18.558999872207643,-0.16400681280338794
2021-10-27,139.4824981689453,52.72026824951172,16.979999542236328,18.279999876022337,-0.21532367833288119
2021-10-28,140.35960388183594,53.894432067871094,16.530000686645508,17.949499940872194,-0.22202456828541395
2021-10-29,140.34230041503906,53.667781829833984,16.260000228881836,17.707499933242797,-0.21168163191240555
2021-11-01,140.04701232910156,54.54292297363281,16.40999984741211,17.379999971389772,-0.27317494979751017
2021-11-02,141.3323211669922,54.683868408203125,16.030000686645508,17.116500043869017,-0.20372810358579027
2021-11-03,142.68711853027344,55.36570358276367,15.100000381469727,16.821500062942505,-0.15728563568251755
2021-11-04,142.69583129882812,57.0160026550293,15.4399995803833,16.616499996185304,-0.2395772560242123
2021-11-05,144.16343688964844,58.162559509277344,16.479999542236328,16.501999950408937,-0.20973814349741848
2021-11-08,141.0630645751953,58.00066375732422,17.219999313354492,16.36299991607666,-0.3861913856070114
2021-11-09,142.0010223388672,59.2234001159668,17.780000686645508,16.259499931335448,-0.391706841094685
2021-11-10,142.46131896972656,57.68737030029297,18.729999542236328,16.263999938964844,-0.2872272145890741
2021-11-11,141.28890991210938,58.44157409667969,17.65999984741211,16.30399990081787,-0.3948703813341198
2021-11-12,141.254150390625,59.46242141723633,16.290000915527344,16.30349998474121,-0.4481648260603833
2021-11-15,142.25289916992188,60.018550872802734,16.489999771118164,16.3125,-0.4166115054981999
2021-11-16,141.82733154296875,60.39945983886719,16.3700008392334,16.346000051498415,-0.4610607953285628
2021-11-17,141.8794708251953,60.053775787353516,17.110000610351562,16.427000093460084,-0.44061067147861144
2021-11-18,141.9228515625,60.54611587524414,17.59000015258789,16.556000089645387,-0.4627331740923769
2021-11-19,142.26156616210938,61.374595642089844,17.90999984741211,16.680000066757202,-0.4841404701923812
2021-11-22,142.5568389892578,61.58409881591797,19.170000076293945,16.87650008201599,-0.47707440663119044
2021-11-23,143.51214599609375,62.97633361816406,19.3799991607666,17.046500062942506,-0.4900622544795658
2021-11-24,142.20077514648438,62.92588424682617,18.579999923706055,17.12650008201599,-0.5656016719731695
2021-11-26,139.94277954101562,61.13462829589844,28.6200008392334,17.731000089645384,-0.6101453776867988
2021-11-29,142.5481414794922,64.80664825439453,22.959999084472656,18.066000032424927,-0.6392964475848922
2021-11-30,138.76170349121094,64.74092102050781,27.190000534057617,18.605000066757203,-0.8614194378900106
2021-12-01,139.09169006347656,66.04363250732422,31.1200008392334,19.359500074386595,-0.9071428109564955
2021-12-02,140.4337921142578,62.995384216308594,27.950000762939453,20.002000093460083,-0.6742843585426873
2021-12-03,144.009765625,62.9906120300293,30.670000076293945,20.763500118255614,-0.4611535334426005
2021-12-06,145.50485229492188,63.570552825927734,27.18000030517578,21.29850015640259,-0.40124615124927515
2021-12-07,145.3387451171875,67.24542999267578,21.889999389648438,21.532000160217287,-0.5955367351616863
2021-12-08,145.59230041503906,67.99581909179688,19.899999618530273,21.638000106811525,-0.6180953796825401
2021-12-09,145.40867614746094,66.6016845703125,21.579999923706055,21.78050012588501,-0.5590709849208362
2021-12-10,147.73434448242188,67.22732543945312,18.690000534057617,21.832000160217284,-0.452009086847718
2021-12-13,148.4688262939453,65.2284927368164,20.309999465942383,22.03300008773804,-0.30798319230199944
2021-12-14,148.10162353515625,64.8219223022461,21.889999389648438,22.303000068664552,-0.30944288522676777
2021-12-15,150.0076446533203,66.54933166503906,19.290000915527344,22.449000072479247,-0.2826498084300938
2021-12-16,150.22621154785156,64.06510162353516,20.56999969482422,22.62200002670288,-0.1449815559161869
2021-12-17,147.14859008789062,63.86372756958008,21.56999969482422,22.821000003814696,-0.31809937181939013
2021-12-20,148.12783813476562,63.091644287109375,22.8700008392334,23.069000053405762,-0.2210586434484785
2021-12-21,147.69065856933594,65.19031524658203,21.010000228881836,23.161000061035157,-0.3523947816560074
2021-12-22,148.60870361328125,65.96813201904297,18.6299991607666,23.123500061035156,-0.3367701062303555
2021-12-23,148.44259643554688,66.68391418457031,17.959999084472656,23.092500019073487,-0.3825763201982377
2021-12-27,149.92015075683594,69.039306640625,17.68000030517578,22.545499992370605,-0.4128030596665325
2021-12-28,150.69834899902344,68.34259796142578,17.540000915527344,22.27450008392334,-0.3315138148229587
2021-12-29,151.23167419433594,69.35903930664062,16.950000762939453,21.762500095367432,-0.35076691918743136
2021-12-30,150.9694061279297,68.5554428100586,17.329999923706055,21.073000049591066,-0.32605708610527534
2021-12-31,151.87867736816406,68.6336898803711,17.219999313354492,20.536499977111816,-0.2758510543830539
2022-01-03,151.2404022216797,69.23590087890625,16.600000381469727,19.832999992370606,-0.3440683456360002
2022-01-04,151.45896911621094,67.9513168334961,16.90999984741211,19.319499969482422,-0.26659710599696773
2022-01-05,151.97483825683594,66.0244369506836,19.729999542236328,19.211499977111817,-0.13919657788175593
2022-01-06,152.00979614257812,66.98834991455078,19.610000610351562,19.19700002670288,-0.1854835711015565
2022-01-07,152.20217895507812,63.87519454956055,18.760000228881836,19.05600004196167,-0.017815325548003424
2022-01-10,152.28086853027344,63.39800262451172,19.399999618530273,19.091499996185302,0.010814369655290944
2022-01-11,152.21090698242188,64.24931335449219,18.40999984741211,18.99650001525879,-0.03606861290753155
2022-01-12,152.0447998046875,65.50048828125,17.6200008392334,18.78300008773804,-0.1087402897251598
2022-01-13,152.28961181640625,65.5434341430664,20.309999465942383,18.834000015258788,-0.09632067515549954
2022-01-14,153.56613159179688,69.65200805664062,19.190000534057617,18.76500005722046,-0.22648862692143362
2022-01-18,152.09730529785156,64.80284118652344,22.790000915527344,18.826000118255614,-0.07060721730712347
2022-01-19,153.19017028808594,61.34038162231445,23.850000381469727,18.875000095367433,0.16819790026383966
2022-01-20,152.0797882080078,59.13958740234375,25.59000015258789,19.104000091552734,0.2125262238275915
2022-01-21,152.3245849609375,57.81492233276367,28.850000381469727,19.61500015258789,0.29357025204756676
2022-01-24,151.54647827148438,59.34477615356445,29.899999618530273,20.212000179290772,0.17048008399193978
2022-01-25,149.8065185546875,56.13904571533203,31.15999984741211,20.886000156402588,0.2277539209040657
2022-01-26,148.22402954101562,56.94453430175781,31.959999084472656,21.607000064849853,0.09312370958736839
2022-01-27,148.0841064453125,52.99629211425781,30.489999771118164,22.28400001525879,0.28291232043496806
2022-01-28,150.9694061279297,53.55364227294922,27.65999984741211,22.800500011444093,0.42671796838512543
2022-01-31,151.7125701904297,56.30033493041992,24.829999923706055,23.18100004196167,0.3331351266591235
2022-02-01,150.68084716796875,56.257389068603516,21.959999084472656,23.448999977111818,0.2738676939840629
2022-02-02,153.41749572753906,58.3856315612793,22.09000015258789,23.707999992370606,0.3299977972287686
2022-02-03,153.330078125,56.18962097167969,24.350000381469727,23.939000034332274,0.4349870656969161
2022-02-04,150.81202697753906,55.26484298706055,23.219999313354492,24.119499969482423,0.33148227942438235
2022-02-07,150.2174530029297,54.52998352050781,22.860000610351562,24.324499988555907,0.3329595184566859
2022-02-08,150.4010772705078,54.9995231628418,21.440000534057617,24.426500034332275,0.3203303519752326
2022-02-09,150.3311004638672,57.97239303588867,19.959999084472656,24.503999996185303,0.16698878642956366
2022-02-10,147.20977783203125,56.77275466918945,23.90999984741211,24.818499946594237,0.041361158187944676
2022-02-11,147.39340209960938,53.44390106201172,27.360000610351562,25.171000003814697,0.21933149196675208
2022-02-14,145.74966430664062,53.27783966064453,28.329999923706055,25.62799997329712,0.12980629463106524
2022-02-15,145.1026611328125,56.67253875732422,25.700000762939453,25.773499965667725,-0.0790548148541977
2022-02-16,145.39993286132812,56.448265075683594,24.290000915527344,25.795499992370605,-0.050103268749298484
2022-02-17,145.79339599609375,55.41181945800781,28.110000610351562,25.92150001525879,0.025328878802174083
2022-02-18,146.63272094726562,54.39826583862305,27.75,25.866499996185304,0.12615618613752075
2022-02-22,147.1923065185547,53.41813278198242,28.809999465942383,25.811999988555907,0.20865252995196057
2022-02-23,145.7409210205078,51.764198303222656,31.020000457763672,25.805000019073486,0.20523875335581943
2022-02-24,143.20538330078125,53.71971130371094,30.31999969482422,25.723000049591064,-0.04383714012212857
2022-02-25,147.21856689453125,54.704620361328125,27.59000015258789,25.57800006866455,0.14566127546117405
2022-02-28,143.16165161132812,53.57368469238281,30.149999618530273,25.70250005722046,-0.03911318816847037
2022-03-01,141.8764190673828,51.59050369262695,33.31999969482422,26.127000045776366,-0.016113990069454468
2022-03-02,143.84365844726562,52.874141693115234,30.739999771118164,26.566000080108644,0.03659163814542104
2022-03-03,143.6896514892578,51.871089935302734,30.479999542236328,26.985500049591064,0.07775513015351222
2022-03-04,145.8721923828125,50.178985595703125,31.979999542236328,27.367000007629393,0.2925981962639891
2022-03-07,142.96798706054688,46.68312454223633,36.45000076293945,28.028500080108643,0.2951185038462832
2022-03-08,138.93722534179688,46.799560546875,35.130001068115234,28.642000102996825,0.049309223094804976
2022-03-09,138.5236358642578,49.37063980102539,32.45000076293945,29.192500114440918,-0.10432747361709735
2022-03-10,135.9801788330078,47.438987731933594,30.229999542236328,29.706000137329102,-0.15882085428230194
2022-03-11,135.29371643066406,46.13340377807617,30.75,30.048000144958497,-0.13417571148584834
2022-03-14,137.19473266601562,44.760066986083984,31.770000457763672,30.268500137329102,0.04791168591762924
2022-03-15,139.9317169189453,46.40876770019531,29.829999923706055,30.3435001373291,0.12812469175776992
2022-03-16,140.54774475097656,49.25904846191406,26.670000076293945,30.392000102996825,0.021774999181981416
2022-03-17,141.63909912109375,50.391685485839844,25.670000076293945,30.461000061035158,0.029912922327098423
2022-03-18,143.2671661376953,52.14570999145508,23.8700008392334,30.249000072479248,0.038822809072801265
2022-03-21,143.06475830078125,51.40082931518555,23.530000686645508,30.038000106811523,0.06415005026082318
2022-03-22,144.63131713867188,52.34869384765625,22.940000534057617,29.744500160217285,0.10985040565313327
2022-03-23,143.8744354248047,50.83881378173828,23.56999969482422,29.37200012207031,0.14055458845977153
2022-03-24,144.7457275390625,53.25442123413086,21.670000076293945,28.9395001411438,0.07121321704730979
2022-03-25,145.42340087890625,53.12038040161133,20.809999465942383,28.600500106811523,0.11828373166897783
2022-03-28,145.85459899902344,53.35878372192383,19.6299991607666,28.07450008392334,0.1319917672095264
2022-03-29,148.01962280273438,54.47132873535156,18.899999618530273,27.353500080108642,0.20505752925701487
2022-03-30,147.81719970703125,52.521026611328125,19.329999923706055,26.78300008773804,0.29087068118133136
2022-03-31,147.30673217773438,51.47263717651367,20.559999465942383,26.28700008392334,0.313087712269925
2022-04-01,149.40130615234375,50.30839538574219,19.6299991607666,25.669500064849853,0.496206167233148
2022-04-04,149.01406860351562,51.27539825439453,18.56999969482422,24.77550001144409,0.4246292189306639
2022-04-05,149.17250061035156,48.22023391723633,21.030000686645508,24.070499992370607,0.5873663127001281
2022-04-06,151.71592712402344,47.696529388427734,22.100000381469727,23.55299997329712,0.7650651670359538
2022-04-07,151.85671997070312,48.19150161743164,21.549999237060547,23.11899995803833,0.7486099012052377
2022-04-08,152.36717224121094,47.07130813598633,21.15999984741211,22.639499950408936,0.8352092412629434
2022-04-11,151.90074157714844,45.5509033203125,24.3700008392334,22.26949996948242,0.8837332056643337
2022-04-12,152.5167999267578,44.712188720703125,24.260000228881836,21.99099998474121,0.9624953556943942
2022-04-13,152.2527313232422,45.24931716918945,21.81999969482422,21.748499965667726,0.919821785240774
2022-04-14,151.28466796875,43.67433547973633,22.700000762939453,21.6,0.941220251453525
2022-04-18,149.98214721679688,45.05208206176758,22.170000076293945,21.51499996185303,0.7945422973847953
2022-04-19,152.16473388671875,45.879302978515625,21.3700008392334,21.40699996948242,0.8829709161828749
2022-04-20,154.42652893066406,46.09568786621094,20.31999969482422,21.27599992752075,1.0067662411298712
2022-04-21,153.8720703125,44.952510833740234,22.68000030517578,21.23149995803833,1.0311206596735993
2022-04-22,151.5047149658203,44.341670989990234,28.209999084472656,21.558499908447267,0.9208342742054113
2022-04-25,152.90403747558594,45.61408615112305,27.020000457763672,21.86899995803833,0.9402927925981526
2022-04-26,152.5167999267578,43.77582550048828,33.52000045776367,22.563500022888185,1.009481107329767
2022-04-27,153.8809051513672,43.73369216918945,31.600000381469727,23.198500061035155,1.0928057092051544
2022-04-28,156.21310424804688,46.38674545288086,29.989999771118164,23.73150005340576,1.0985229207400071
2022-04-29,151.11746215820312,44.59347152709961,33.400001525878906,24.37350015640259,0.8851445412356215
2022-05-02,147.64114379882812,45.89173889160156,32.34000015258789,25.00900020599365,0.6130402987914255
2022-05-03,147.84356689453125,46.4729118347168,29.25,25.54300022125244,0.5959286531438455
2022-05-04,153.00961303710938,48.43852615356445,25.420000076293945,25.762500190734862,0.8048505896197933
2022-05-05,149.95578002929688,46.08323669433594,31.200000762939453,26.21750020980835,0.7412302699484714
2022-05-06,149.97337341308594,45.787391662597656,30.190000534057617,26.6495002746582,0.7571228733207078
2022-05-09,151.108642578125,42.81168746948242,34.75,27.3290002822876,0.97402758517672
2022-05-10,150.92385864257812,43.957733154296875,32.9900016784668,27.76000032424927,0.9055192877964964
2022-05-11,150.19337463378906,42.816471099853516,32.560001373291016,28.175000381469726,0.9192981508559618
2022-05-12,149.9645538330078,44.08314895629883,31.770000457763672,28.6725004196167,0.8421149713170492
2022-05-13,152.88638305664062,47.09811782836914,28.8700008392334,28.981000423431396,0.8647745612230343
2022-05-16,154.42652893066406,46.19333267211914,27.469999313354492,29.246000385284425,1.001866524332115
2022-05-17,153.53761291503906,49.04649353027344,26.100000381469727,29.48250036239624,0.8057772560137957
2022-05-18,144.02403259277344,45.715579986572266,30.959999084472656,30.01450033187866,0.40653932723940245
2022-05-19,141.86788940429688,45.2033576965332,29.350000381469727,30.34800033569336,0.30387867999110996
2022-05-20,142.75677490234375,45.39387893676758,29.43000030517578,30.409000396728516,0.3472372672495557
2022-05-23,145.740234375,46.2728157043457,28.479999542236328,30.48200035095215,0.48074985429490114
2022-05-24,147.6939697265625,45.092288970947266,29.450000762939453,30.278500366210938,0.6563008099059902
2022-05-25,148.70602416992188,46.68259048461914,28.3700008392334,30.117000389099122,0.63675256808054
2022-05-26,149.7093505859375,48.75352096557617,27.5,29.992500400543214,0.5925672419412704
2022-05-27,151.1702423095703,50.84169006347656,25.719999313354492,29.608500289916993,0.5747575100311829
2022-05-31,147.63233947753906,49.789466857910156,26.190000534057617,29.301000308990478,0.4169321288533487
2022-06-01,146.52349853515625,48.426082611083984,25.690000534057617,29.12300033569336,0.419331823636292
2022-06-02,147.71095275878906,50.10255813598633,24.719999313354492,29.088000297546387,0.4059016766595856
2022-06-03,146.0892333984375,49.21021270751953,24.790000915527344,28.76750030517578,0.3541315126481855
2022-06-06,146.70071411132812,49.42851257324219,25.06999969482422,28.51150026321411,0.3795812303856127
2022-06-07,147.60462951660156,50.11594772338867,24.020000457763672,27.975000286102294,0.39889997210331235
2022-06-08,146.86907958984375,49.03308868408203,23.959999084472656,27.523500156402587,0.409446637967226
2022-06-09,144.25482177734375,47.24460983276367,26.09000015258789,27.200000095367432,0.3435539302855029
2022-06-10,144.0244140625,45.42164611816406,27.75,26.999000072479248,0.42131133939875043
2022-06-13,141.56080627441406,42.80497360229492,34.02000045776367,27.256500053405762,0.4059453167101191
2022-06-14,138.35275268554688,43.20749282836914,32.689998626708984,27.517500019073488,0.19475962894566634
2022-06-15,139.8326873779297,43.57926940917969,29.6200008392334,27.69350004196167,0.26421042410274104
2022-06-16,139.15919494628906,40.18430709838867,32.95000076293945,27.79300012588501,0.3944705943280165
2022-06-17,139.18576049804688,40.29574203491211,31.1299991607666,27.882000064849855,0.39046045160123927
2022-06-21,142.42037963867188,41.60031509399414,30.190000534057617,27.920000076293945,0.5175675378833277
2022-06-22,143.59014892578125,40.88846969604492,28.950000762939453,27.943500137329103,0.6229280477641379
2022-06-23,145.4246063232422,40.739566802978516,29.049999237060547,27.923500061035156,0.7396120987598199
2022-06-24,147.22357177734375,43.24784469604492,27.229999542236328,27.866499996185304,0.7208485563287695
2022-06-27,147.41856384277344,43.20942306518555,26.950000762939453,27.839000034332276,0.734385137023482
2022-06-28,145.34481811523438,42.10177993774414,28.360000610351562,27.971000099182127,0.6665075358498913
2022-06-29,147.75527954101562,41.02488708496094,28.15999984741211,28.069500064849855,0.8640488966816315
2022-06-30,147.69326782226562,40.93842697143555,28.709999084472656,28.220499992370605,0.86469558254674
2022-07-01,150.11256408691406,37.92964553833008,26.700000762939453,28.319500064849855,1.1597031142076102
2022-07-05,149.77581787109375,37.34748077392578,27.540000915527344,28.457000064849854,1.1688677600434356
2022-07-06,151.27349853515625,37.62800216674805,26.729999542236328,28.54000005722046,1.2439541329616564
2022-07-07,150.97216796875,39.85575866699219,26.079999923706055,28.643000030517577,1.1142282237313947
2022-07-08,152.31919860839844,39.878822326660156,24.639999389648438,28.677000045776367,1.1932647918179022
2022-07-11,151.06964111328125,38.65782928466797,26.170000076293945,28.68100004196167,1.180142047273896
2022-07-12,150.21006774902344,38.99020767211914,27.290000915527344,28.65800008773804,1.1122899531517167
2022-07-13,150.7417449951172,39.58005142211914,26.81999969482422,28.298000049591064,1.1143449724270214
2022-07-14,151.5216064453125,40.28229522705078,26.399999618530273,27.98350009918213,1.125535225172621
2022-07-15,151.64569091796875,41.032562255859375,24.229999542236328,27.714000034332276,1.095274813273064
2022-07-18,149.11114501953125,40.65119171142578,25.299999237060547,27.33149995803833,0.9635204002049673
2022-07-19,150.706298828125,42.93562698364258,24.5,27.0,0.9438553665256223
2022-07-20,149.11114501953125,44.68018341064453,23.8799991607666,26.68449993133545,0.7613497048662089
2022-07-21,149.33267211914062,45.73979187011719,23.110000610351562,26.392499923706055,0.7213679871616205
2022-07-22,150.3075408935547,44.57355499267578,23.030000686645508,26.091499996185302,0.837926226216318
2022-07-25,150.52023315429688,43.94527816772461,23.360000610351562,25.898000049591065,0.882114899343099
2022-07-26,152.2748565673828,42.96348190307617,24.690000534057617,25.785000038146972,1.0358398684532149
2022-07-27,152.06219482421875,44.92611312866211,23.239999771118164,25.528999996185302,0.9246964688939898
2022-07-28,154.94232177734375,46.58612823486328,22.329999923706055,25.2375,1.012863561757191
2022-07-29,155.04867553710938,48.081871032714844,21.329999923706055,24.86850004196167,0.9441403588237586
2022-08-01,156.81219482421875,48.301856994628906,22.84000015258789,24.675500011444093,1.0380907265510053
2022-08-02,155.5183563232422,48.287452697753906,23.93000030517578,24.494999980926515,0.9617863716534862
2022-08-03,156.7058563232422,50.40474319458008,21.950000762939453,24.25600004196167,0.9262393041009633
2022-08-04,155.85511779785156,51.092567443847656,21.440000534057617,24.024000072479247,0.8410772707630273
2022-08-05,154.68533325195312,49.95131301879883,21.149999618530273,23.84950008392334,0.8287025120883673
2022-08-08,154.06503295898438,48.949344635009766,21.290000915527344,23.60550012588501,0.8420514182376287
2022-08-09,154.64100646972656,45.09326171875,21.770000457763672,23.329500102996825,1.0698356301992766
2022-08-10,155.91714477539062,47.54774856567383,19.739999771118164,22.975500106811523,1.0226453705118128
2022-08-11,155.1195526123047,47.78886795043945,20.200000762939453,22.665500164031982,0.9630625377381757
2022-08-12,157.14895629882812,49.81874084472656,19.530000686645508,22.43050022125244,0.9820237384876603
2022-08-15,158.87704467773438,49.69385528564453,19.950000762939453,22.163000297546386,1.0911700701980929
2022-08-16,159.79869079589844,49.02811813354492,19.690000534057617,21.922500324249267,1.1794451953530605
2022-08-17,159.71005249023438,47.79848098754883,19.899999618530273,21.723500347137453,1.2358701566563146
2022-08-18,159.86956787109375,48.33548355102539,19.559999465942383,21.546000289916993,1.218420475468777
2022-08-19,159.66574096679688,45.80319595336914,20.600000381469727,21.424500274658204,1.3333534909558322
2022-08-22,158.14149475097656,43.95680618286133,23.799999237060547,21.44650020599365,1.3352592478408847
2022-08-23,158.07058715820312,44.57162857055664,24.110000610351562,21.41750020980835,1.3001866874928985
2022-08-24,158.8592987060547,44.479400634765625,22.81999969482422,21.396500205993654,1.3517696022281804
2022-08-25,158.8681640625,45.93767547607422,21.780000686645508,21.369000244140626,1.2791226461399354
2022-08-26,155.1195526123047,43.54757308959961,25.559999465942383,21.580500221252443,1.17588638925392
2022-08-29,154.6321563720703,42.70507049560547,26.209999084472656,21.74900016784668,1.1891457505605016
2022-08-30,153.30287170410156,42.52638626098633,26.209999084472656,21.863000106811523,1.1189745497233046
2022-08-31,152.664794921875,42.06816101074219,25.8700008392334,22.059000110626222,1.1039806775509864
2022-09-01,154.20823669433594,41.504249572753906,25.559999465942383,22.26500005722046,1.2241641624695505
2022-09-02,152.25439453125,41.32845687866211,25.469999313354492,22.48100004196167,1.1166655738720832
2022-09-06,151.2283935546875,40.99702453613281,26.90999984741211,22.761999988555907,1.0722147538942441
2022-09-07,154.56504821777344,41.50040817260742,24.639999389648438,22.905499935150146,1.2455992728571885
2022-09-08,154.04763793945312,42.188236236572266,23.610000610351562,23.098999977111816,1.180281351809385
2022-09-09,154.53831481933594,43.30452346801758,22.790000915527344,23.228499984741212,1.1534790655665401
2022-09-12,155.1449737548828,42.97021484375,23.8700008392334,23.445499992370607,1.2063710550467737
2022-09-13,149.35491943359375,40.550106048583984,27.270000457763672,23.811499977111815,0.9831055976698044
2022-09-14,150.48794555664062,40.673553466796875,26.15999984741211,24.13499994277954,1.0443645048364827
2022-09-15,147.98992919921875,39.871192932128906,26.270000457763672,24.45349998474121,0.9359096833219912
2022-09-16,148.96237182617188,39.4642333984375,26.299999237060547,24.79049997329712,1.014223721633063
2022-09-19,150.53257751464844,39.4642333984375,25.760000228881836,25.048499965667723,1.1077040637271898
2022-09-20,150.70204162597656,38.902957916259766,27.15999984741211,25.216499996185302,1.145957140944818
2022-09-21,150.2738494873047,38.44487380981445,27.989999771118164,25.41049995422363,1.1434514208136148
2022-09-22,150.41659545898438,37.30497741699219,27.350000381469727,25.636999988555907,1.2091484724371624
2022-09-23,150.34521484375,36.70032501220703,29.920000076293945,26.04399995803833,1.2352397529146406
2022-09-26,150.28273010253906,35.82080078125,32.2599983215332,26.37899990081787,1.275653426717378
2022-09-27,148.1059112548828,36.328067779541016,32.599998474121094,26.698499870300292,1.1206049455320803
2022-09-28,150.4790496826172,36.805442810058594,30.18000030517578,26.89699993133545,1.2379327481458575
2022-09-29,148.64122009277344,35.73497772216797,31.84000015258789,27.195499897003174,1.182234579623367
2022-09-30,145.6525115966797,35.29619598388672,31.6200008392334,27.498499965667726,1.0263229675942616
2022-10-03,147.42788696289062,37.579830169677734,30.100000381469727,27.730000019073486,1.0174274093028455
2022-10-04,149.08726501464844,38.63582229614258,29.06999969482422,27.83800001144409,1.0632279146078933
2022-10-05,148.09698486328125,38.5663948059082,28.549999237060547,28.033500003814698,1.0077565554538745
2022-10-06,145.2421112060547,38.34361267089844,30.520000457763672,28.378999996185303,0.848974002719729
2022-10-07,144.18048095703125,36.14870071411133,31.360000610351562,28.807499980926515,0.8959095430268501
2022-10-10,144.36778259277344,33.82261657714844,32.45000076293945,29.236499977111816,1.0237808550285175
2022-10-11,145.05474853515625,31.539936065673828,33.630001068115234,29.554500007629393,1.1792211420200789
2022-10-12,151.12139892578125,31.24387550354004,33.56999969482422,29.925,1.5552480287033061
2022-10-13,155.77841186523438,32.84762954711914,31.940000534057617,30.2085000038147,1.752023053971083
2022-10-14,151.83509826660156,30.373044967651367,32.02000045776367,30.494500064849852,1.6414346648193023
2022-10-17,154.10116577148438,30.418367385864258,31.3700008392334,30.77500009536743,1.7740680859809275
2022-10-18,156.17984008789062,31.058717727661133,30.5,30.942000102996825,1.8656873803871323
2022-10-19,154.6632080078125,31.8321475982666,30.760000228881836,31.08050012588501,1.7365865575417403
2022-10-20,152.9681396484375,34.319271087646484,29.979999542236328,31.21200008392334,1.5108713430092044
2022-10-21,154.39553833007812,35.613468170166016,29.690000534057617,31.200500106811525,1.5309083485462194
2022-10-24,158.51730346679688,36.0638313293457,29.850000381469727,31.08000020980835,1.7536940062519926
2022-10-25,159.043701171875,36.632816314697266,28.459999084472656,30.87300024032593,1.756481385826826
2022-10-26,159.7574005126953,37.186363220214844,27.280000686645508,30.728000259399415,1.771194214287725
2022-10-27,159.58790588378906,37.52485656738281,27.389999389648438,30.50550022125244,1.7441183006189374
2022-10-28,162.57655334472656,39.114158630371094,25.75,30.212000179290772,1.842294342216793
2022-10-31,161.99673461914062,39.036033630371094,25.8799991607666,30.001000118255615,1.8116957516839314
2022-11-01,161.26512145996094,39.80078125,25.809999465942383,29.838000106811524,1.7297657701098523
2022-11-02,159.01693725585938,38.14302062988281,25.860000610351562,29.703500175476073,1.6791075150119599
2022-11-03,158.60650634765625,37.94049835205078,25.299999237060547,29.442500114440918,1.6648353567919325
2022-11-04,159.49867248535156,40.4594612121582,24.549999237060547,29.102000045776368,1.5915504267501708
2022-11-07,160.7744598388672,41.9474983215332,24.350000381469727,28.69700002670288,1.5928347359385602
2022-11-08,161.22055053710938,42.90126037597656,25.540000915527344,28.292500019073486,1.5715334116685733
2022-11-09,159.2935028076172,41.73244094848633,26.09000015258789,27.91850004196167,1.5154590669957235
2022-11-10,162.103759765625,46.81181335449219,23.530000686645508,27.498000049591063,1.4278866693937187
2022-11-11,158.84739685058594,48.29790496826172,22.520000457763672,27.023000049591065,1.1594523853640486
2022-11-14,157.6697540283203,46.35759353637695,23.729999542236328,26.64099998474121,1.1867056593334355
2022-11-15,158.0801544189453,47.325828552246094,24.540000915527344,26.34300003051758,1.1625533162834278
2022-11-16,159.0972137451172,43.91579055786133,24.110000610351562,26.010500049591066,1.3942149722076325
2022-11-17,160.61387634277344,44.47319793701172,23.93000030517578,25.708000087738036,1.4565375556654503
2022-11-18,161.7736358642578,44.0430793762207,23.1200008392334,25.379500102996825,1.5471653805377705
2022-11-21,164.88726806640625,43.41141128540039,22.360000610351562,25.005000114440918,1.7642282588880684
2022-11-22,164.90512084960938,43.93893051147461,21.290000915527344,24.646500205993654,1.7388207263777296
2022-11-23,165.11920166015625,44.496337890625,20.350000381469727,24.300000190734863,1.7235956407892696
2022-11-25,164.2538299560547,43.71037292480469,20.5,23.955500221252443,1.7115156785068362
2022-11-28,164.05755615234375,42.74407196044922,22.209999084472656,23.778500175476076,1.748318746407397
2022-11-29,162.89776611328125,42.63026809692383,21.889999389648438,23.579000186920165,1.684982577353286
2022-11-30,165.50283813476562,45.55522537231445,20.579999923706055,23.31750020980835,1.6933010912912507
2022-12-01,166.8853302001953,44.66413879394531,19.84000015258789,23.016500186920165,1.8203199403397305
2022-12-02,166.69680786132812,44.136627197265625,19.059999465942383,22.704500198364258,1.8355664794874245
2022-12-05,164.3896942138672,43.647682189941406,20.75,22.514500236511232,1.7227499538663587
2022-12-06,163.05210876464844,42.73056411743164,22.170000076293945,22.405500221252442,1.6891384328636063
2022-12-07,163.5458221435547,42.8453254699707,22.68000030517578,22.262500190734862,1.7127724684115893
2022-12-08,164.982177734375,43.8791389465332,22.290000915527344,22.072500228881836,1.746408496812255
2022-12-09,164.37173461914062,43.416236877441406,22.829999923706055,22.037500190734864,1.733294440384898
2022-12-12,165.15272521972656,44.77601623535156,25.0,22.16150016784668,1.7115574521683055
2022-12-13,165.06295776367188,46.0697021484375,22.549999237060547,22.10250015258789,1.6412974126167081
2022-12-14,164.6051483154297,45.324371337890625,21.139999389648438,21.932500076293945,1.6514422076454605
2022-12-15,161.81321716308594,43.177398681640625,22.829999923706055,21.86850004196167,1.5929607810091282
2022-12-16,161.89404296875,42.970252990722656,22.6200008392334,21.803000068664552,1.6081670094933591
2022-12-19,162.791748046875,42.46400451660156,22.420000076293945,21.768000030517577,1.6870138538514559
2022-12-20,162.69297790527344,42.335269927978516,21.479999542236328,21.723999977111816,1.6875934604596274
2022-12-21,163.83309936523438,43.35260009765625,20.06999969482422,21.66299991607666,1.704420655105346
2022-12-22,162.5673065185547,39.600738525390625,21.969999313354492,21.743999862670897,1.8173277603412654
2022-12-23,163.6176300048828,39.89210891723633,20.8700008392334,21.76249990463257,1.8652368600626503
2022-12-27,164.34478759765625,39.2474365234375,21.649999618530273,21.73449993133545,1.9408763323519205
2022-12-28,163.15982055664062,38.98994827270508,22.139999389648438,21.74699993133545,1.8832512162504973
2022-12-29,163.36630249023438,40.71390914916992,21.440000534057617,21.789999961853027,1.8090372754642017
2022-12-30,162.1813201904297,40.683902740478516,21.670000076293945,21.88149995803833,1.7399964440651425
2023-01-03,161.05917358398438,40.103118896484375,22.899999618530273,22.073499965667725,1.702333911602877
2023-01-04,160.66415405273438,40.89299011230469,22.010000228881836,22.136499977111818,1.6391819578915343
2023-01-05,158.9854278564453,40.37028121948242,22.459999084472656,22.15099992752075,1.565469974735233
2023-01-06,162.57632446289062,43.10093688964844,21.1299991607666,22.073499870300292,1.642228248041793
2023-01-09,160.98733520507812,43.79399490356445,21.969999313354492,22.05749979019165,1.5128527038531165
2023-01-10,159.65870666503906,44.3922119140625,20.579999923706055,21.944999790191652,1.4037364524986224
2023-01-11,159.8382568359375,44.9429931640625,21.09000015258789,21.749499797821045,1.3867881184453155
2023-01-12,157.80043029785156,45.498600006103516,18.829999923706055,21.56349983215332,1.2375887362649884
2023-01-13,157.31570434570312,45.849979400634766,18.350000381469727,21.423999881744386,1.1910992891682743
2023-01-17,158.0518341064453,45.59056091308594,19.360000610351562,21.25049991607666,1.2479412606915856
2023-01-18,154.06594848632812,45.19369125366211,20.34000015258789,21.136499881744385,1.030560780332434
2023-01-19,152.27951049804688,43.93532943725586,20.520000457763672,21.041499900817872,0.987350616392665
2023-01-20,152.5039520263672,45.736724853515625,19.850000381469727,20.95999994277954,0.910320292626362
2023-01-23,151.82167053222656,47.50617599487305,19.809999465942383,20.946999931335448,0.7809122152134845
2023-01-24,153.23109436035156,47.18868637084961,19.200000762939453,20.808500003814697,0.8807519046564062
2023-01-25,154.34425354003906,47.27580261230469,19.079999923706055,20.71899995803833,0.9426511182072941
2023-01-26,152.8091583251953,48.18085479736328,18.729999542236328,20.572999954223633,0.8058464408970193
2023-01-27,152.2705078125,46.74148178100586,18.510000228881836,20.391499996185303,0.8460047887966029
2023-01-30,152.14483642578125,46.3300895690918,19.940000534057617,20.316499996185303,0.8591663328598766
2023-01-31,153.52734375,48.408329010009766,19.399999618530273,20.202999973297118,0.8371883383232223
2023-02-01,154.0120391845703,51.327735900878906,17.8700008392334,19.951500034332277,0.7195512478207191
2023-02-02,152.58473205566406,52.371212005615234,18.729999542236328,19.7875,0.5822176358202881
2023-02-03,151.82167053222656,51.22996520996094,18.329999923706055,19.58100004196167,0.5940562693312251
2023-02-06,154.24549865722656,50.42654800415039,19.43000030517578,19.49600009918213,0.7786706717041545
2023-02-07,154.0120391845703,51.61619186401367,18.65999984741211,19.33050012588501,0.705076821712352
2023-02-08,153.65298461914062,50.132286071777344,19.6299991607666,19.28300008773804,0.7581618116121953
2023-02-09,155.10728454589844,49.900936126708984,20.709999084472656,19.264000034332277,0.8563507453543043
2023-02-10,158.17747497558594,48.88263702392578,20.530000686645508,19.34900007247925,1.090228119017721
2023-02-13,159.58688354492188,49.39468765258789,20.34000015258789,19.448500061035155,1.1484414160007412
2023-02-14,157.79150390625,49.96773147583008,18.90999984741211,19.426000022888182,1.0128008538402946
2023-02-15,158.00692749023438,50.36266326904297,18.229999542236328,19.320499992370607,1.0058085679187998
2023-02-16,157.5580291748047,48.52738952636719,20.170000076293945,19.30299997329712,1.0711761017032226
2023-02-17,158.24929809570312,47.978553771972656,20.020000457763672,19.311499977111815,1.1398699994313826
2023-02-21,158.15951538085938,46.29716873168945,22.8700008392334,19.46450004577637,1.2188950783993826
2023-02-22,158.10568237304688,46.19554138183594,22.290000915527344,19.619000053405763,1.2207897506192897
2023-02-23,158.27622985839844,46.98346710205078,21.139999389648438,19.72200002670288,1.1914057845962982
2023-02-24,157.9620361328125,46.328155517578125,21.670000076293945,19.869000053405763,1.2055834991633338
2023-02-27,157.9171600341797,46.72502136230469,20.950000762939453,19.99100008010864,1.1829975301783873
2023-02-28,155.7805938720703,47.04446029663086,20.700000762939453,20.029000091552735,1.0397704658427516
2023-03-01,153.8055877685547,47.51972961425781,20.579999923706055,20.088000106811524,0.8983422791369907
2023-03-02,156.64349365234375,47.42873764038086,19.59000015258789,20.17400007247925,1.0718595403561213
2023-03-03,156.48985290527344,47.590389251708984,18.489999771118164,20.16200008392334,1.0546012068167505
2023-03-06,156.80616760253906,46.96798324584961,18.610000610351562,20.176000118255615,1.1046643276636336
2023-03-07,156.02891540527344,46.429786682128906,19.59000015258789,20.184000110626222,1.0853976904165237
2023-03-08,156.45370483398438,47.75979232788086,19.110000610351562,20.206500148773195,1.0439487004321473
2023-03-09,155.26976013183594,47.4577751159668,22.610000610351562,20.35550022125244,0.9886188659368562
2023-03-10,155.4776153564453,46.348480224609375,24.799999237060547,20.560000228881837,1.0566565679335869
2023-03-13,156.9959716796875,46.17231369018555,26.520000457763672,20.859500217437745,1.1558899763453687
2023-03-14,156.83328247070312,47.989471435546875,23.729999542236328,21.029000186920165,1.0550213435246578
2023-03-15,159.63502502441406,47.31623458862305,26.139999389648438,21.390500164031984,1.255602117625378
2023-03-16,159.5265350341797,50.04999542236328,22.989999771118164,21.628500175476074,1.1119659629446885
2023-03-17,158.2793426513672,49.386474609375,25.510000228881836,21.89550018310547,1.0710106345403436
2023-03-20,160.5026397705078,49.865413665771484,24.149999618530273,22.102000141143797,1.1793393305052182
2023-03-21,160.88221740722656,49.2893180847168,21.3799991607666,22.027500057220458,1.2308449258762413
2023-03-22,159.5265350341797,49.18634796142578,22.260000228881836,22.026000022888184,1.1553029119235467
2023-03-23,158.74929809570312,50.86604690551758,22.610000610351562,22.09950008392334,1.0247454479671982
2023-03-24,161.8583221435547,48.77442932128906,21.739999771118164,22.10300006866455,1.314792762244992
2023-03-27,162.21983337402344,48.163368225097656,20.600000381469727,22.085500049591065,1.3669773293439036
2023-03-28,162.16558837890625,47.124847412109375,19.969999313354492,22.048999977111816,1.4158598330703986
2023-03-29,163.28628540039062,50.104400634765625,19.1200008392334,21.976000022888183,1.3330682646672738
2023-03-30,163.43089294433594,51.620887756347656,19.020000457763672,21.947500038146973,1.2655815266047954
2023-03-31,164.7594757080078,51.500431060791016,18.700000762939453,21.958000087738036,1.3507215272578965
2023-04-03,164.94021606445312,50.663978576660156,18.549999237060547,21.955000019073488,1.403454023793444
2023-04-04,164.3527374267578,48.99107360839844,19.0,21.925500011444093,1.452423842138571
2023-04-05,165.9705352783203,47.94090270996094,19.079999923706055,21.923999977111816,1.6014340323667733
2023-04-06,166.6212158203125,47.97102355957031,18.399999618530273,21.71349992752075,1.638660096809212
2023-04-10,165.57286071777344,49.29903030395508,18.969999313354492,21.42199993133545,1.5096094889815543
2023-04-11,165.3197784423828,49.30389404296875,19.100000381469727,21.050999927520753,1.494298477005937
2023-04-12,164.99441528320312,48.28966522216797,19.09000015258789,20.81899995803833,1.5258213334810249
2023-04-13,166.63929748535156,48.41401290893555,17.799999237060547,20.401999950408936,1.617507813531857
2023-04-14,165.85299682617188,48.65591049194336,17.06999969482422,20.10599994659424,1.5585581579197685
2023-04-17,166.70260620117188,47.861236572265625,16.950000762939453,19.67799997329712,1.6490145761349189
2023-04-18,167.0460205078125,48.124515533447266,16.829999923706055,19.311999988555907,1.6562482716710902
2023-04-19,166.9465789794922,47.70192337036133,16.459999084472656,19.06599998474121,1.6715333815206115
2023-04-20,167.49790954589844,51.15069580078125,17.170000076293945,18.811499977111815,1.5313003119202024
2023-04-21,167.57020568847656,50.244300842285156,16.770000457763672,18.51949996948242,1.5810863522449046
2023-04-24,167.6515655517578,49.971309661865234,16.889999389648438,18.276999950408936,1.5996284347433396
2023-04-25,171.4564971923828,48.547115325927734,18.760000228881836,18.18499994277954,1.8976151679972584
2023-04-26,170.3990478515625,48.32172393798828,18.84000015258789,18.12849998474121,1.8459710797994169
2023-04-27,171.4384002685547,50.409446716308594,17.030000686645508,18.023999977111817,1.8030878987413705
2023-04-28,172.52293395996094,50.91365051269531,15.779999732971191,17.86199994087219,1.84235389941216
2023-05-01,173.23690795898438,50.88935470581055,16.079999923706055,17.73099989891052,1.8860786374407703
2023-05-02,173.75205993652344,50.699920654296875,17.780000686645508,17.692499971389772,1.9262532098559302
2023-05-03,173.68882751464844,49.98781967163086,18.34000015258789,17.659499979019166,1.9582212434854291
2023-05-04,174.77337646484375,49.76340103149414,20.09000015258789,17.709999990463256,2.034049683501123
2023-05-05,175.57772827148438,51.4654541015625,17.190000534057617,17.649500036239623,1.9965285312304206
2023-05-08,174.74623107910156,51.17692184448242,16.979999542236328,17.550000047683717,1.961504581894124
2023-05-09,175.4602508544922,50.1063346862793,17.709999084472656,17.480499982833862,2.057733878331554
2023-05-10,175.57772827148438,51.22645950317383,16.940000534057617,17.37300000190735,2.008521036488702
2023-05-11,176.5447540283203,51.243953704833984,16.93000030517578,17.32950005531311,2.0652139321825547
2023-05-12,177.24972534179688,51.207035064697266,17.030000686645508,17.327500104904175,2.1090361068562813
2023-05-15,175.57772827148438,53.652259826660156,17.1200008392334,17.33600010871887,1.8867968497033785
2023-05-16,174.81851196289062,54.299278259277344,17.989999771118164,17.39400010108948,1.8091310777760807
2023-05-17,173.58038330078125,55.77399444580078,16.8700008392334,17.414500188827514,1.6614207948845707
2023-05-18,173.12847900390625,58.16676330566406,16.049999237060547,17.358500146865843,1.5144505044053305
2023-05-19,173.3815460205078,57.206939697265625,16.809999465942383,17.36050009727478,1.5776795204957537
2023-05-22,168.681884765625,56.8387451171875,17.209999084472656,17.37650008201599,1.3163663640631198
2023-05-23,168.16671752929688,55.7137565612793,18.530000686645508,17.365000104904176,1.342147269434261
2023-05-24,167.10025024414062,54.97349166870117,20.030000686645508,17.424500131607054,1.315802136041988
2023-05-25,166.1151123046875,58.49318313598633,19.139999389648438,17.530000066757204,1.0805385827311904
2023-05-26,165.91627502441406,61.033626556396484,17.950000762939453,17.638500118255614,0.9412241794760388
2023-05-30,164.1358642578125,61.199745178222656,17.459999084472656,17.707500076293947,0.8268938631332452
2023-05-31,164.80465698242188,59.91155242919922,17.940000534057617,17.71550006866455,0.9313498471588876
2023-06-01,165.81031799316406,60.21854019165039,15.649999618530273,17.58100004196167,0.9758163553857917
2023-06-02,167.51214599609375,59.617191314697266,14.600000381469727,17.306500053405763,1.1073077500807489
2023-06-05,167.63050842285156,58.83417510986328,14.729999542236328,17.183500003814697,1.1536452721979167
2023-06-06,165.2369384765625,59.474388122558594,13.960000038146973,17.03250002861023,0.9790216747766082
2023-06-07,163.91729736328125,59.336429595947266,13.9399995803833,16.84400005340576,0.9073810170816731
2023-06-08,165.72836303710938,59.701717376708984,13.649999618530273,16.679500007629393,0.9968709057015032
2023-06-09,165.9559326171875,58.92938232421875,13.829999923706055,16.52449998855591,1.0491739774429587
2023-06-12,165.5463409423828,60.96367263793945,15.010000228881836,16.423499965667723,0.9227108068959516
2023-06-13,165.21873474121094,60.93785095214844,14.609999656677246,16.297999906539918,0.9045028643002265
2023-06-14,166.7021942138672,61.37525177001953,13.880000114440918,16.092499923706054,0.9708705457875199
2023-06-15,169.01385498046875,60.495582580566406,14.5,15.973999881744385,1.1526334436770673
2023-06-16,169.31414794921875,59.682151794433594,13.539999961853027,15.84849991798401,1.2113281585271114
2023-06-20,168.6497802734375,59.84095001220703,13.880000114440918,15.701999950408936,1.1638074805601857
2023-06-21,168.75901794433594,59.014854431152344,13.199999809265137,15.50149998664856,1.211763450281926
2023-06-22,170.50637817382812,60.38550567626953,12.90999984741211,15.220499944686889,1.2470125969442976
2023-06-23,169.34146118164062,59.30320358276367,13.4399995803833,14.890999889373779,1.2319694544472841
2023-06-26,168.26756286621094,60.43031692504883,14.25,14.646499919891358,1.1114787876710575
2023-06-27,169.4779815673828,63.23883056640625,13.739999771118164,14.435999870300293,1.0426112853455087
2023-06-28,167.18453979492188,62.55886459350586,13.430000305175781,14.23449993133545,0.9401939359430936
2023-06-29,167.34837341308594,62.38157272338867,13.539999961853027,14.01449990272522,0.9588439022693009
2023-06-30,168.56788635253906,62.62510681152344,13.59000015258789,13.9114999294281,1.019225873304959
2023-07-03,168.9137420654297,63.41709899902344,13.569999694824219,13.859999895095825,1.000074624481645
2023-07-05,169.8056182861328,61.23400115966797,14.180000305175781,13.832499933242797,1.1627170460557643
2023-07-06,169.82383728027344,60.495582580566406,15.4399995803833,13.906499910354615,1.2008547837420063
2023-07-07,166.6202850341797,60.190670013427734,14.829999923706055,13.950999927520751,1.0254352841623526
2023-07-10,167.73057556152344,61.14242935180664,15.069999694824219,14.021999931335449,1.0437768069048317
2023-07-11,167.43936157226562,60.341670989990234,14.84000015258789,14.07249994277954,1.0666209639309465
2023-07-12,166.7021942138672,60.65144348144531,13.539999961853027,13.9989999294281,1.007190507683043
2023-07-13,170.6702117919922,62.18089294433594,13.609999656677246,13.948999929428101,1.1666755355424072
2023-07-14,171.28907775878906,62.206214904785156,13.34000015258789,13.92199993133545,1.2022483601714231
2023-07-17,168.94102478027344,64.3016357421875,13.479999542236328,13.870999908447265,0.9573137168422352
2023-07-18,167.8671417236328,63.899314880371094,13.300000190734863,13.858999919891357,0.9135694073668925
2023-07-19,169.51438903808594,62.357215881347656,13.760000228881836,13.852999925613403,1.0890172871012798
2023-07-20,172.28109741210938,59.96174240112305,13.989999771118164,13.892499923706055,1.3739324208655532
2023-07-21,173.06375122070312,60.75178146362305,13.600000381469727,13.926999950408936,1.3808834368670564
2023-07-24,173.75543212890625,62.25199890136719,13.90999984741211,13.950499963760375,1.3467824618916744
2023-07-25,174.15586853027344,63.34403610229492,13.859999656677246,13.930999946594238,1.315824657090953
2023-07-26,174.3743133544922,62.57737350463867,13.1899995803833,13.903499937057495,1.3672998592640577
2023-07-27,171.58030700683594,68.3814468383789,14.40999984741211,13.952499914169312,0.9097195077650091
2023-07-28,173.20030212402344,70.2625503540039,13.329999923706055,13.941999912261963,0.911772148360443
2023-07-31,170.6065216064453,69.9926986694336,13.630000114440918,13.943999910354615,0.7708953694874146
2023-08-01,170.0240478515625,69.74039459228516,13.930000305175781,13.961999940872193,0.7488788434105813
2023-08-02,171.3800506591797,66.81596374511719,16.09000015258789,14.057499933242799,0.9763518278904476
2023-08-03,170.29705810546875,67.54463958740234,15.920000076293945,14.08149995803833,0.8753129338600576
2023-08-04,168.00363159179688,67.26211547851562,17.100000381469727,14.194999980926514,0.7529532653837382
2023-08-07,170.0877227783203,68.7136459350586,15.770000457763672,14.230000019073486,0.8041908557130875
2023-08-08,167.85800170898438,67.80181121826172,15.989999771118164,14.2875,0.7172019802969829
2023-08-09,167.43936157226562,66.83253479003906,15.960000038146973,14.408500003814698,0.7409160368000451
2023-08-10,167.2300262451172,66.86564636230469,15.850000381469727,14.520500040054321,0.7267920002764705
2023-08-11,167.49395751953125,63.512577056884766,14.84000015258789,14.595500040054322,0.9107584359542817
2023-08-14,167.1117401123047,64.9962158203125,14.819999694824219,14.662500047683716,0.8135560934396407
2023-08-15,165.04580688476562,63.88859176635742,16.459999084472656,14.820499992370605,0.7461426431430885
2023-08-16,164.9183807373047,62.95924377441406,16.780000686645508,14.971500015258789,0.7851902125095526
2023-08-17,162.4065399169922,63.18037796020508,17.889999389648438,15.166499996185303,0.6245544464414189
2023-08-18,162.16079711914062,63.6070556640625,17.299999237060547,15.351499938964844,0.5885141869403692
2023-08-21,161.13238525390625,65.1949691772461,17.1299991607666,15.512499904632568,0.44760901955685733
2023-08-22,159.90374755859375,64.9592056274414,16.969999313354492,15.667999887466431,0.3862938992623071
2023-08-23,162.106201171875,66.05708312988281,15.979999542236328,15.807499885559082,0.4623240015837552
2023-08-24,161.250732421875,63.898338317871094,17.200000762939453,15.94699993133545,0.5197182929219678
2023-08-25,163.28933715820312,64.32112884521484,15.680000305175781,16.064499950408937,0.6198690218350611
2023-08-28,164.04470825195312,64.91050720214844,15.079999923706055,16.136999940872194,0.6352647432178647
2023-08-29,164.66355895996094,66.69612884521484,14.449999809265137,16.16299991607666,0.5825066162341579
2023-08-30,164.8000946044922,66.8792724609375,13.880000114440918,16.05249991416931,0.5814451447599921
2023-08-31,163.06333923339844,68.42527770996094,13.569999694824219,15.934999895095824,0.4004724968924071
2023-09-01,160.680419921875,68.38240814208984,13.09000015258789,15.734499883651733,0.2607593598325143
2023-09-05,159.6173095703125,68.26649475097656,14.010000228881836,15.646499872207642,0.20328475579034547
2023-09-06,160.13967895507812,67.8251953125,14.449999809265137,15.56949987411499,0.25652735633019946
2023-09-07,161.6702117919922,65.92166900634766,14.399999618530273,15.491499853134155,0.44316283116675875
2023-09-08,161.55108642578125,65.15987396240234,13.84000015258789,15.390999841690064,0.4742969416596128
2023-09-11,163.98899841308594,64.6533203125,13.800000190734863,15.338999843597412,0.6448534996083712
2023-09-12,163.3841094970703,63.775875091552734,14.229999542236328,15.309499835968017,0.6528714585495913
2023-09-13,164.6763458251953,64.35823059082031,13.479999542236328,15.160499858856202,0.7005812177483816
2023-09-14,166.09690856933594,64.14033508300781,12.819999694824219,14.962499809265136,0.7960865182060693
2023-09-15,164.82296752929688,60.88460159301758,13.789999961853027,14.757499837875367,0.8836133290732923
2023-09-18,164.4014129638672,62.10989761352539,14.0,14.59249987602234,0.7970324707037612
2023-09-19,163.429931640625,61.08394241333008,14.109999656677246,14.44149990081787,0.7906778627611246
2023-09-20,163.48492431640625,60.46934509277344,15.140000343322754,14.349999952316285,0.8247916536734172
2023-09-21,160.73541259765625,59.6417236328125,17.540000915527344,14.428000020980836,0.70263192017727
2023-09-22,160.6345977783203,60.49376678466797,17.200000762939453,14.428000020980836,0.6538753723348834
2023-09-25,159.77308654785156,60.63838195800781,16.899999618530273,14.48899998664856,0.5953296762683137
2023-09-26,158.11424255371094,59.21277618408203,18.940000534057617,14.682000017166137,0.5681078014091633
2023-09-27,155.4105682373047,59.98664474487305,18.219999313354492,14.870499992370606,0.3683158072569155
2023-09-28,155.34640502929688,61.31550598144531,17.34000015258789,15.043499994277955,0.2978150245216122
2023-09-29,155.2914276123047,61.24222946166992,17.520000457763672,15.241000032424926,0.29821894994630765
2023-10-02,155.04396057128906,61.643821716308594,17.610000610351562,15.467000055313111,0.26333480192751585
2023-10-03,153.69671630859375,60.396053314208984,19.780000686645508,15.755500078201294,0.24573995126025291
2023-10-04,154.8056640625,61.79038619995117,18.579999923706055,15.96200008392334,0.24179364423098945
2023-10-05,146.73135375976562,61.1503791809082,18.489999771118164,16.166500091552734,-0.20678598858204075
2023-10-06,146.9054718017578,61.373165130615234,17.450000762939453,16.347000122070312,-0.20759924828634724
2023-10-09,147.8861083984375,61.332122802734375,17.700000762939453,16.542000150680543,-0.14715874394340453
2023-10-10,150.6722412109375,61.98581314086914,17.030000686645508,16.682000207901,-0.01409113051487889
2023-10-11,149.0408935546875,62.703983306884766,16.09000015258789,16.81250023841858,-0.14724853413898004
2023-10-12,144.8800048828125,63.99669647216797,16.690000534057617,17.00600028038025,-0.45982915797460555
2023-10-13,146.63967895507812,63.03521728515625,19.31999969482422,17.28250026702881,-0.30682299407201324
2023-10-16,147.6295166015625,63.5804557800293,17.209999084472656,17.44300022125244,-0.27525368997984734
2023-10-17,146.978759765625,63.507171630859375,17.8799991607666,17.63150019645691,-0.31031840613141165
2023-10-18,148.5001678466797,62.75381088256836,19.219999313354492,17.835500144958495,-0.1819402978001961
2023-10-19,147.15289306640625,58.81705093383789,21.399999618530273,18.028500080108643,-0.0646061112934852
2023-10-20,146.63967895507812,58.66071319580078,21.709999084472656,18.253999996185303,-0.0873148392950432
2023-10-23,146.71302795410156,58.58546829223633,20.3700008392334,18.42750005722046,-0.07917238068592251
2023-10-24,148.6468048095703,59.01930236816406,18.969999313354492,18.428999996185304,0.014183390078135804
2023-10-25,148.79345703125,56.998653411865234,20.190000534057617,18.527500057220458,0.1243082612674429
2023-10-26,147.93194580078125,57.173545837402344,20.68000030517578,18.694500064849855,0.06424328355756344
2023-10-27,146.29141235351562,57.065093994140625,21.270000457763672,18.882000064849855,-0.027981935723921922
2023-10-30,148.72930908203125,57.014278411865234,19.75,18.989000034332275,0.11970524226687121
2023-10-31,149.64578247070312,57.47547912597656,18.139999389648438,18.90699996948242,0.1511238220241389
2023-11-01,151.10302734375,59.27726364135742,16.8700008392334,18.82150001525879,0.1474674655105501
2023-11-02,152.89938354492188,60.90121841430664,15.65999984741211,18.680000019073486,0.17292301676118663
2023-11-03,152.86270141601562,61.95649337768555,14.90999984741211,18.55299997329712,0.11778656785866924
2023-11-06,152.7801971435547,62.44211959838867,14.890000343322754,18.412499952316285,0.08850654480080128
2023-11-07,153.22012329101562,62.65806198120117,14.8100004196167,18.301499938964845,0.1038612600877902
2023-11-08,153.41258239746094,63.27558517456055,14.449999809265137,18.219499921798707,0.0843324016088456
2023-11-09,152.2853240966797,63.53746032714844,15.289999961853027,18.149499893188477,0.00408178122023893
2023-11-10,152.9818572998047,66.97395324707031,14.170000076293945,17.891999912261962,-0.1268906474933325
2023-11-13,153.76089477539062,65.80142211914062,14.760000228881836,17.76949996948242,-0.021675154571192897
2023-11-14,154.07247924804688,67.90121459960938,14.15999984741211,17.5835000038147,-0.10849078643936584
2023-11-15,153.28428649902344,68.1924057006836,14.180000305175781,17.33150005340576,-0.17002658386160419
2023-11-16,153.70587158203125,68.44059753417969,14.319999694824219,16.97750005722046,-0.1573820267483051
2023-11-17,152.83517456054688,68.4308090209961,13.800000190734863,16.58200011253357,-0.20872676848620095
2023-11-20,152.61524963378906,70.26876068115234,13.40999984741211,16.234000062942506,-0.3140462796419872
2023-11-21,153.7883758544922,69.11771392822266,13.350000381469727,15.953000116348267,-0.18644724251751374
2023-11-22,155.0897979736328,70.1036376953125,12.850000381469727,15.586000108718872,-0.15844126227837058
2023-11-24,155.2272491455078,70.1075439453125,12.460000038146973,15.175000095367432,-0.15045428065880487
2023-11-27,154.26495361328125,70.59120178222656,12.6899995803833,14.746000051498413,-0.23201286631452037
2023-11-28,154.75985717773438,69.4128189086914,12.6899995803833,14.393000030517578,-0.1434193157543757
2023-11-29,153.20181274414062,69.76457977294922,12.979999542236328,14.135000038146973,-0.2538266533933664
2023-11-30,155.4135284423828,69.95315551757812,12.920000076293945,13.9375,-0.13161730873229474
2023-12-01,155.782958984375,70.55504608154297,12.630000114440918,13.78600001335144,-0.13982595230080683
2023-12-04,156.19851684570312,69.38056182861328,13.079999923706055,13.694500017166138,-0.05615178331834898
2023-12-05,155.09033203125,68.1181411743164,12.850000381469727,13.592500019073487,-0.058779276860076016
2023-12-06,154.69320678710938,67.89632415771484,12.970000267028809,13.500500011444093,-0.07129110775924835
2023-12-07,154.6470489501953,69.18222045898438,13.0600004196167,13.43100004196167,-0.13856402533650478
2023-12-08,153.0032501220703,68.70733642578125,12.350000381469727,13.284000062942505,-0.2125964515510824
2023-12-11,154.97950744628906,71.8751220703125,12.630000114440918,13.207000064849854,-0.2538985582880401
2023-12-12,155.5797882080078,71.64488220214844,12.069999694824219,13.072500038146973,-0.20660834992589683
2023-12-13,158.84893798828125,71.97899627685547,12.1899995803833,12.974000024795533,-0.028748880459005994
2023-12-14,155.37661743164062,75.16912078857422,12.479999542236328,12.88899998664856,-0.3955465810675251
2023-12-15,154.2222442626953,75.78539276123047,12.279999732971191,12.786999988555909,-0.4951947241974335
2023-12-18,155.98611450195312,75.43463897705078,12.5600004196167,12.725,-0.37258432443938877
2023-12-19,155.0995635986328,76.52120208740234,12.529999732971191,12.680999994277954,-0.47988671490060525
2023-12-20,153.0124969482422,73.96595001220703,13.670000076293945,12.696999979019164,-0.4759178205355014
2023-12-21,154.19454956054688,76.12046813964844,13.649999618530273,12.736999940872192,-0.5136572364294533
2023-12-22,154.85020446777344,76.42127227783203,13.029999732971191,12.765499925613403,-0.48971764044551847
2023-12-26,155.93992614746094,77.96147155761719,12.989999771118164,12.780499935150146,-0.5021279760293451
2023-12-27,156.43861389160156,77.88504028320312,12.430000305175781,12.767499971389771,-0.4686039464466574
2023-12-28,156.4293975830078,77.36970520019531,12.470000267028809,12.742000007629395,-0.4432936394910978
2023-12-29,156.84495544433594,76.74164581298828,12.449999809265137,12.718499994277954,-0.38703851311301024
