Date,QCOM,KDP,VIX,AvgVIX,zscore
2015-01-30,45.39729690551758,9.527253150939941,20.969999313354492,19.119499969482423,0.3942466790997419
2015-02-02,47.628639221191406,9.678908348083496,19.43000030517578,19.201499938964844,0.687679205772699
2015-02-03,48.667991638183594,9.595064163208008,17.329999923706055,19.071999931335448,0.8507361164357227
2015-02-04,48.667991638183594,9.697400093078613,18.329999923706055,18.932499885559082,0.8332631348300512
2015-02-05,49.38754653930664,9.538348197937012,16.850000381469727,18.80949993133545,0.9633950443047938
2015-02-06,48.22461700439453,9.616023063659668,17.290000915527344,18.823499965667725,0.783706428680671
2015-02-09,48.77702331542969,9.602461814880371,18.549999237060547,18.873499965667726,0.8650765029858312
2015-02-10,51.066505432128906,9.71466064453125,17.229999542236328,18.754999923706055,1.1735662253197574
2015-02-11,51.0301628112793,9.800973892211914,16.959999084472656,18.57499990463257,1.1536280037794753
2015-02-12,51.16097640991211,9.654248237609863,15.34000015258789,18.267999935150147,1.1974008224593016
2015-02-13,51.517147064208984,9.487793922424316,14.6899995803833,17.88299994468689,1.276792882883021
2015-02-17,51.45899963378906,9.50259017944336,15.800000190734863,17.62549991607666,1.2659450975716544
2015-02-18,51.2700080871582,9.619723320007324,15.449999809265137,17.403499937057497,1.2188991278628287
2015-02-19,51.589820861816406,9.644387245178223,15.289999961853027,17.22549991607666,1.260456230182145
2015-02-20,51.9822998046875,9.718365669250488,14.300000190734863,17.12049994468689,1.3039925262863477
2015-02-23,51.56073760986328,9.722060203552246,14.5600004196167,17.015499973297118,1.243032148745509
2015-02-24,51.87327194213867,9.729458808898926,13.6899995803833,16.9239999294281,1.2864955417569353
2015-02-25,52.09858322143555,9.744255065917969,13.84000015258789,16.754999971389772,1.31621339913694
2015-02-26,52.338462829589844,9.64068603515625,13.90999984741211,16.428499937057495,1.3682259800888603
2015-02-27,52.701839447021484,9.71466064453125,13.34000015258789,16.157499933242796,1.4075981074074708
2015-03-02,53.11854553222656,9.765213966369629,13.039999961853027,15.760999965667725,1.4586011735943745
2015-03-03,52.20473098754883,9.739322662353516,13.859999656677246,15.482499933242797,1.332246321614915
2015-03-04,51.795345306396484,9.619723320007324,14.229999542236328,15.327499914169312,1.2940798903428026
2015-03-05,51.85383605957031,9.728226661682129,14.039999961853027,15.11299991607666,1.2839244603004414
2015-03-06,52.27785873413086,9.66041088104248,15.199999809265137,15.03049988746643,1.3561851083550505
2015-03-09,53.155120849609375,9.71466064453125,15.0600004196167,14.918999862670898,1.4724669958406214
2015-03-10,52.55564880371094,9.611096382141113,16.690000534057617,14.825999927520751,1.4043595420084443
2015-03-11,51.37131881713867,9.477930068969727,16.8700008392334,14.807999992370606,1.2576076393089375
2015-03-12,50.713375091552734,9.623096466064453,15.420000076293945,14.73100004196167,1.1386637058041205
2015-03-13,50.17970657348633,9.515154838562012,16.0,14.764000034332275,1.08072076142421
2015-03-16,51.1739501953125,9.587118148803711,15.609999656677246,14.810000038146972,1.2107193812287584
2015-03-17,51.04233169555664,9.397281646728516,15.65999984741211,14.803000020980836,1.2242964728355632
2015-03-18,51.34208297729492,9.510187149047852,13.970000267028809,14.729000043869018,1.2479160924742838
2015-03-19,51.04967498779297,9.443190574645996,14.069999694824219,14.668000030517579,1.2175088125613853
2015-03-20,51.20319366455078,9.557341575622559,13.020000457763672,14.604000043869018,1.2199884946417163
2015-03-23,51.225120544433594,9.603243827819824,13.40999984741211,14.54650001525879,1.215289024561691
2015-03-24,50.42096710205078,9.62929916381836,13.619999885559082,14.543000030517579,1.0957582784903699
2015-03-25,49.13429641723633,9.574705123901367,15.4399995803833,14.623000001907348,0.920944905358323
2015-03-26,49.09776306152344,9.81417179107666,15.800000190734863,14.717500019073487,0.8748297560839448
2015-03-27,49.002708435058594,9.791834831237793,15.069999694824219,14.803999996185302,0.8650403773354833
2015-03-30,50.35517883300781,9.8848876953125,14.510000228881836,14.877500009536742,1.0427038023749082
2015-03-31,50.69145202636719,9.737245559692383,15.289999961853027,14.949000024795533,1.1160363283349066
2015-04-01,50.757240295410156,9.739726066589355,15.109999656677246,14.993000030517578,1.1250277313292953
2015-04-02,49.689903259277344,9.69257926940918,14.670000076293945,15.024500036239624,0.9803315407770815
2015-04-06,49.536373138427734,9.76205825805664,14.739999771118164,15.001500034332276,0.9464969764324631
2015-04-07,49.2147216796875,9.842705726623535,14.779999732971191,14.9875,0.8866957243780076
2015-04-08,49.17084884643555,9.779431343078613,13.979999542236328,14.851999950408935,0.8912206616989932
2015-04-09,50.30398941040039,9.804242134094238,13.09000015258789,14.66299991607666,1.0491476455117663
2015-04-10,50.55986404418945,9.76701831817627,12.579999923706055,14.520999908447266,1.0921213911149683
2015-04-13,50.245506286621094,9.690095901489258,13.9399995803833,14.417999887466431,1.0602676425827018
2015-04-14,50.42096710205078,9.696298599243164,13.670000076293945,14.320999908447266,1.0843186999938605
2015-04-15,50.048118591308594,9.680169105529785,12.84000015258789,14.179999923706054,1.0337144975016155
2015-04-16,49.64603805541992,9.722352981567383,12.600000381469727,14.111499929428101,0.9689704062916827
2015-04-17,49.06120300292969,9.551136016845703,13.890000343322754,14.102499961853027,0.9145087639185807
2015-04-20,50.17970657348633,9.651636123657227,13.300000190734863,14.116499948501588,1.0574177535070255
2015-04-21,50.12853240966797,9.825334548950195,13.25,14.10849995613098,1.0204367278347466
2015-04-22,50.39903259277344,9.778186798095703,12.710000038146973,14.062999963760376,1.0671979556314788
2015-04-23,49.96040725708008,9.79555892944336,12.479999542236328,13.914999961853027,1.0014603477310215
2015-04-24,49.88729476928711,9.784390449523926,12.289999961853027,13.739499950408936,0.992904176053225
2015-04-27,50.61103439331055,9.583391189575195,13.119999885559082,13.641999959945679,1.1307971117326792
2015-04-28,50.9180908203125,9.460561752319336,12.40999984741211,13.536999940872192,1.1957118847330754
2015-04-29,50.20163345336914,9.342693328857422,13.390000343322754,13.44199995994568,1.113305029322437
2015-04-30,49.711830139160156,9.2533597946167,14.550000190734863,13.413999986648559,1.0584624414468151
2015-05-01,50.01887130737305,9.425821304321289,12.699999809265137,13.315499973297118,1.072956636261062
2015-05-04,50.48677062988281,9.45063304901123,12.850000381469727,13.221000003814698,1.1356810959127088
2015-05-05,49.98231887817383,9.373711585998535,14.3100004196167,13.197500038146973,1.0766229224119754
2015-05-06,49.57292556762695,9.369987487792969,15.149999618530273,13.25600004196167,1.0186706960007745
2015-05-07,50.02619934082031,9.39852523803711,15.130000114440918,13.358000040054321,1.0786659166998283
2015-05-08,50.74262619018555,9.492822647094727,12.859999656677246,13.372000026702882,1.1650929531374994
2015-05-11,50.47944259643555,9.47545051574707,13.850000381469727,13.367500066757202,1.1303950150712938
2015-05-12,50.28937911987305,9.399765968322754,13.859999656677246,13.377000045776366,1.116117607110921
2015-05-13,50.97655487060547,9.55485725402832,13.760000228881836,13.423000049591064,1.1879784999724807
2015-05-14,51.554080963134766,9.635501861572266,12.739999771118164,13.430000019073486,1.2568586130647805
2015-05-15,51.948848724365234,9.604485511779785,12.380000114440918,13.354500007629394,1.3186494172833836
2015-05-18,51.480995178222656,9.597041130065918,12.729999542236328,13.325999975204468,1.2529661805139927
2015-05-19,50.89613723754883,9.613173484802246,12.850000381469727,13.305999994277954,1.1665129744744218
2015-05-20,50.64756393432617,9.603243827819824,12.880000114440918,13.314499998092652,1.1326351696031869
2015-05-21,51.2397346496582,9.639223098754883,12.109999656677246,13.296000003814697,1.211237290612867
2015-05-22,50.81572341918945,9.561058044433594,12.130000114440918,13.288000011444092,1.1639032548324353
2015-05-26,50.706077575683594,9.484137535095215,14.0600004196167,13.335000038146973,1.161345406421542
2015-05-27,51.919620513916016,9.599522590637207,13.270000457763672,13.378000068664551,1.3153139580113373
2015-05-28,51.612579345703125,9.552374839782715,13.3100004196167,13.374000072479248,1.2794235145276946
2015-05-29,50.940006256103516,9.50894832611084,13.84000015258789,13.3385000705719,1.1905866003068797
2015-06-01,51.1019401550293,9.486616134643555,13.970000267028809,13.402000093460083,1.2175739144561966
2015-06-02,51.0504150390625,9.429543495178223,14.239999771118164,13.471500062942505,1.2199448426275088
2015-06-03,51.42585372924805,9.446910858154297,13.65999984741211,13.439000034332276,1.270708368931107
2015-06-04,50.71916961669922,9.337726593017578,14.710000038146973,13.41700005531311,1.1882174138704666
2015-06-05,50.248046875,9.164027214050293,14.210000038146973,13.371000051498413,1.1504529377617696
2015-06-08,49.526641845703125,9.114397048950195,15.289999961853027,13.492500066757202,1.055686927838321
2015-06-09,49.202735900878906,9.090824127197266,14.470000267028809,13.523500061035156,1.013357774391993
2015-06-10,49.54871368408203,9.186361312866211,13.220000267028809,13.491500091552734,1.0465583379077368
2015-06-11,49.76219940185547,9.262537002563477,12.850000381469727,13.446000099182129,1.0641038334695305
2015-06-12,49.34260940551758,9.18386459350586,13.779999732971191,13.49800009727478,1.0174891448933618
2015-06-15,49.04817581176758,9.085205078125,15.390000343322754,13.648500108718872,0.9921981570961242
2015-06-16,48.92303466796875,9.18386459350586,14.8100004196167,13.75250015258789,0.9574440014481795
2015-06-17,48.9892692565918,9.252549171447754,14.5,13.835000133514404,0.9551955001720519
2015-06-18,49.585540771484375,9.3374662399292,13.1899995803833,13.850500106811523,1.0260287758147826
2015-06-19,49.23219299316406,9.316239356994629,13.960000038146973,13.94300012588501,0.9790856494271013
2015-06-22,49.585540771484375,9.326227188110352,12.739999771118164,13.973500108718872,1.027947747440333
2015-06-23,49.305824279785156,9.272526741027832,12.109999656677246,13.8760000705719,0.9970865422016462
2015-06-24,48.105918884277344,9.2937593460083,13.260000228881836,13.875500059127807,0.8217433600892706
2015-06-25,48.03968048095703,9.327476501464844,14.010000228881836,13.910500049591064,0.8065070984526532
2015-06-26,47.605350494384766,9.349957466125488,14.020000457763672,13.919500064849853,0.7405119065100773
2015-06-29,46.09628677368164,9.157638549804688,18.850000381469727,14.1635000705719,0.5573873110192702
2015-06-30,46.10364532470703,9.103938102722168,18.229999542236328,14.363000059127808,0.567609280188636
2015-07-01,46.30241012573242,9.312494277954102,16.09000015258789,14.484500074386597,0.5604452406828309
2015-07-02,46.456993103027344,9.263785362243652,16.790000915527344,14.588500118255615,0.5908841671482203
2015-07-06,46.456993103027344,9.38492488861084,17.010000228881836,14.728500127792358,0.5702006328449709
2015-07-07,46.22879409790039,9.658413887023926,16.09000015258789,14.768500137329102,0.4908472815647335
2015-07-08,45.573631286621094,9.507307052612305,19.65999984741211,15.028000116348267,0.4228874345616188
2015-07-09,45.53683090209961,9.533534049987793,19.969999313354492,15.36550006866455,0.4131429141554124
2015-07-10,46.17726516723633,9.638431549072266,16.829999923706055,15.564500045776366,0.4868848132046436
2015-07-13,46.69255447387695,9.779549598693848,13.899999618530273,15.570500040054322,0.5365329279768513
2015-07-14,47.06797790527344,9.812021255493164,13.369999885559082,15.469500017166137,0.5847153420825533
2015-07-15,47.02381896972656,9.780801773071289,13.229999542236328,15.39049997329712,0.5837262362211335
2015-07-16,47.51700973510742,9.835750579833984,12.109999656677246,15.270999956130982,0.6449244977105815
2015-07-17,47.3624267578125,9.824507713317871,11.949999809265137,15.208999967575073,0.624721823452959
2015-07-20,46.95756530761719,9.884452819824219,12.25,15.123499965667724,0.5565471792582607
2015-07-21,47.951324462890625,9.838247299194336,12.220000267028809,15.097499990463257,0.7066527808290995
2015-07-22,47.252017974853516,9.830750465393066,12.119999885559082,15.098000001907348,0.6078553780967473
2015-07-23,45.477935791015625,9.648425102233887,12.640000343322754,15.067000007629394,0.38509780151321654
2015-07-24,45.3748893737793,9.73084831237793,13.739999771118164,15.053499984741212,0.35627782154852555
2015-07-27,45.625179290771484,9.695879936218262,15.600000381469727,15.132499980926514,0.3980672439776094
2015-07-28,46.44964599609375,9.8632230758667,13.4399995803833,14.861999940872192,0.48748388191430087
2015-07-29,46.50115966796875,9.928163528442383,12.5,14.575499963760375,0.4837679544306554
2015-07-30,47.41396713256836,9.968123435974121,12.130000114440918,14.377499961853028,0.6075765903637871
2015-07-31,47.39922332763672,10.018075942993164,12.119999885559082,14.143999910354614,0.5969376495744533
2015-08-03,47.428672790527344,10.066781997680664,12.5600004196167,13.921499919891357,0.5928360076040097
2015-08-04,46.7072868347168,10.18167495727539,13.0,13.766999912261962,0.46998181595181804
2015-08-05,47.02381896972656,10.395223617553711,12.510000228881836,13.40949993133545,0.4788189802814192
2015-08-06,46.25823211669922,10.276585578918457,13.770000457763672,13.099499988555909,0.389512632398175
2015-08-07,46.39073944091797,10.224135398864746,13.390000343322754,12.927500009536743,0.41743111130253974
2015-08-10,46.48643493652344,10.211647987365723,12.229999542236328,12.844000005722046,0.43325816701683184
2015-08-11,46.04475402832031,10.197905540466309,13.710000038146973,12.86100001335144,0.37239582472879335
2015-08-12,46.06684494018555,10.191661834716797,13.609999656677246,12.880000019073487,0.3766233039034178
2015-08-13,45.66197204589844,10.25535774230957,13.489999771118164,12.949000024795533,0.3078066048603226
2015-08-14,45.573631286621094,10.271585464477539,12.829999923706055,12.993000030517578,0.2923934560633673
2015-08-17,45.69141387939453,10.365250587463379,13.020000457763672,13.031500053405761,0.2932567517870355
2015-08-18,45.13932800292969,10.337776184082031,13.789999961853027,13.110000038146973,0.21893902009177274
2015-08-19,45.036258697509766,10.314050674438477,15.25,13.26650004386902,0.2082397473660851
2015-08-20,44.27805709838867,10.167939186096191,19.139999389648438,13.591499996185302,0.12468115541144206
2015-08-21,42.40829849243164,9.86571979522705,28.030000686645508,14.30600004196167,-0.09129775286480804
2015-08-24,40.693119049072266,9.584735870361328,40.7400016784668,15.563000106811524,-0.2887806833920665
2015-08-25,39.66253662109375,9.368687629699707,36.02000045776367,16.692000150680542,-0.39937846757285844
2015-08-26,41.7089729309082,9.568497657775879,30.31999969482422,17.583000135421752,-0.14062977650832903
2015-08-27,42.22425842285156,9.623446464538574,26.100000381469727,18.281500148773194,-0.07626954908742989
2015-08-28,42.2905158996582,9.629691123962402,26.049999237060547,18.978000116348266,-0.06785369472420716
2015-08-31,42.00101089477539,9.582239151000977,28.43000030517578,19.77150011062622,-0.10118260280416119
2015-09-01,40.84297561645508,9.417393684387207,31.399999618530273,20.691500091552733,-0.2387625386407789
2015-09-02,41.46652603149414,9.56725025177002,26.09000015258789,21.370500087738037,-0.17511325443909828
2015-09-03,41.236412048339844,9.609709739685059,25.610000610351562,21.96250009536743,-0.21529435149236972
2015-09-04,40.30107116699219,9.462347030639648,27.799999237060547,22.68300004005432,-0.32398962765689676
2015-09-08,40.97660446166992,9.699624061584473,24.899999618530273,23.31650004386902,-0.267827391750887
2015-09-09,40.32332992553711,9.493571281433105,26.229999542236328,23.942500019073485,-0.3261354599892967
2015-09-10,41.07310104370117,9.545099258422852,24.3700008392334,24.480500078201295,-0.22763402751312112
2015-09-11,40.575721740722656,9.60793685913086,23.200000762939453,24.96600012779236,-0.30954272668290755
2015-09-14,40.31591796875,9.576518058776855,24.25,25.537000131607055,-0.3413586318828349
2015-09-15,40.73161697387695,9.651921272277832,22.540000915527344,26.013000154495238,-0.2947425941501369
2015-09-16,40.97660446166992,9.709733963012695,21.350000381469727,26.391000175476073,-0.26955357063951263
2015-09-17,40.81328201293945,9.778854370117188,21.139999389648438,26.685500144958496,-0.30472828570319943
2015-09-18,40.41984176635742,9.705964088439941,22.280000686645508,26.84250020980835,-0.34858794450323183
2015-09-21,40.375301361083984,9.810275077819824,20.139999389648438,26.448000144958495,-0.372772307026699
2015-09-22,40.04125213623047,9.709733963012695,22.440000534057617,25.53300008773804,-0.40341140221656446
2015-09-23,39.759178161621094,9.756235122680664,22.1299991607666,24.838500022888184,-0.4517185499795278
2015-09-24,39.54389190673828,9.780112266540527,23.469999313354492,24.496000003814697,-0.48660488206813035
2015-09-25,39.506778717041016,9.829122543334961,23.6200008392334,24.37200002670288,-0.500284217272205
2015-09-28,39.001991271972656,9.700939178466797,27.6299991607666,24.451000022888184,-0.5506379019661569
2015-09-29,38.92033767700195,9.832895278930664,26.829999923706055,24.371000003814697,-0.5848536810405641
2015-09-30,39.88536834716797,9.934694290161133,24.5,24.026000022888184,-0.4641299028583317
2015-10-01,39.47707748413086,9.956058502197266,22.549999237060547,23.848999977111816,-0.5262079721482117
2015-10-02,40.880104064941406,10.000042915344238,20.940000534057617,23.61549997329712,-0.33293145873874846
2015-10-05,41.741180419921875,10.377073287963867,19.540000915527344,23.20250005722046,-0.2740779261899225
2015-10-06,41.8079948425293,10.30041217803955,19.399999618530273,22.92750005722046,-0.25142691909606985
2015-10-07,42.02326583862305,10.444942474365234,18.399999618530273,22.536000061035157,-0.2452968955402882
2015-10-08,42.8027229309082,10.50652027130127,17.420000076293945,22.188500022888185,-0.14426303775456228
2015-10-09,42.89181137084961,10.519086837768555,17.079999923706055,21.882499980926514,-0.13365926635253164
2015-10-12,42.89922332763672,10.560561180114746,16.170000076293945,21.478499984741212,-0.1396799326539296
2015-10-13,42.69136428833008,10.50652027130127,17.670000076293945,21.23499994277954,-0.16019952074333169
2015-10-14,43.52277755737305,10.405978202819824,18.030000686645508,21.06899995803833,-0.024049663493181363
2015-10-15,43.99045181274414,10.428601264953613,16.049999237060547,20.814499950408937,0.0390162856655503
2015-10-16,44.472957611083984,10.573123931884766,15.050000190734863,20.452999925613405,0.08339145879518622
2015-10-19,43.871673583984375,10.669898986816406,14.979999542236328,20.194999933242798,-0.01918152559728364
2015-10-20,43.79743194580078,10.64853572845459,15.75,19.860499906539918,-0.02615861854642381
2015-10-21,43.77516555786133,10.659844398498535,16.700000762939453,19.58899998664856,-0.03127600919673629
2015-10-22,44.85896301269531,11.260576248168945,14.449999809265137,19.138000011444092,0.02125592822651363
2015-10-23,45.0816650390625,11.297021865844727,14.460000038146973,18.67999997138977,0.04690393414560906
2015-10-26,43.95331573486328,11.295764923095703,15.289999961853027,18.063000011444093,-0.11435899214714254
2015-10-27,44.00529861450195,11.372428894042969,15.430000305175781,17.493000030517578,-0.12000946165922613
2015-10-28,44.740203857421875,11.42772388458252,14.329999923706055,16.984500026702882,-0.024278662829431877
2015-10-29,44.53977966308594,11.32089900970459,14.609999656677246,16.587500047683715,-0.03472184462586828
2015-10-30,44.109222412109375,11.231670379638672,15.069999694824219,16.294000005722047,-0.08110366773172792
2015-11-02,45.014869689941406,11.202766418457031,14.149999618530273,16.024499940872193,0.05343819171597503
2015-11-03,45.18560028076172,11.088400840759277,14.539999961853027,15.78149995803833,0.0973983070198661
2015-11-04,44.73277282714844,11.082115173339844,15.510000228881836,15.636999988555909,0.03366760676872496
2015-11-05,37.910770416259766,11.0217924118042,15.050000190734863,15.518499994277954,-0.9323263574353863
2015-11-06,39.655242919921875,10.840821266174316,14.329999923706055,15.380999994277953,-0.6517764478103603
2015-11-09,39.29892349243164,10.795575141906738,16.520000457763672,15.398500013351441,-0.6950437662298258
2015-11-10,38.80155944824219,10.951412200927734,15.289999961853027,15.279500007629395,-0.7928291409500535
2015-11-11,39.23210525512695,11.119818687438965,16.059999465942383,15.180999946594238,-0.7599678949527806
2015-11-12,39.03168487548828,10.911194801330566,18.3700008392334,15.29700002670288,-0.7530292234730739
2015-11-13,38.55660629272461,10.916223526000977,20.079999923706055,15.54850001335144,-0.8218761076866193
2015-11-16,39.172733306884766,11.062005043029785,18.15999984741211,15.70750002861023,-0.7585934030259349
2015-11-17,39.328609466552734,10.953927993774414,18.84000015258789,15.862000036239625,-0.7178328106338373
2015-11-18,35.63182067871094,11.15626335144043,16.850000381469727,15.869500017166137,-1.281425541709793
2015-11-19,35.92132568359375,11.225388526916504,16.989999771118164,15.996500015258789,-1.2517971469231983
2015-11-20,36.83437728881836,11.044413566589355,15.470000267028809,16.047000026702882,-1.090230839889153
2015-11-23,36.35188674926758,11.202766418457031,15.619999885559082,16.063500022888185,-1.1863172243864823
2015-11-24,36.67850112915039,11.240469932556152,15.930000305175781,16.088500022888184,-1.146013145422687
2015-11-25,36.4483757019043,11.284456253051758,15.1899995803833,16.131500005722046,-1.1864565737918324
2015-11-27,36.38840866088867,11.382478713989258,15.119999885559082,16.157000017166137,-1.2117749226514114
2015-11-30,36.57582473754883,11.279428482055664,16.1299991607666,16.209999990463256,-1.1673589534747877
2015-12-01,36.95815658569336,11.516956329345703,14.670000076293945,16.23600001335144,-1.153199463483822
2015-12-02,38.86976623535156,11.417671203613281,15.90999984741211,16.304500007629393,-0.8626778221979502
2015-12-03,38.532432556152344,11.284456253051758,18.110000610351562,16.43450002670288,-0.8882081771121435
2015-12-04,39.23711395263672,11.614984512329102,14.8100004196167,16.42250003814697,-0.8437964168576305
2015-12-07,39.3045768737793,11.539575576782227,15.84000015258789,16.498000049591063,-0.8212664014699501
2015-12-08,37.093074798583984,11.632575988769531,17.600000381469727,16.552000045776367,-1.1536324458666618
2015-12-09,36.42588806152344,11.428982734680176,19.610000610351562,16.768000078201293,-1.2143514256028864
2015-12-10,36.4109001159668,11.507314682006836,19.34000015258789,16.93200011253357,-1.229870851074544
2015-12-11,35.578773498535156,11.4264554977417,24.389999389648438,17.23300004005432,-1.3351500884625964
2015-12-14,35.10649108886719,11.602069854736328,22.729999542236328,17.365500020980836,-1.4327228461243655
2015-12-15,35.99858093261719,11.791584968566895,20.950000762939453,17.5050000667572,-1.3374143669117393
2015-12-16,36.03606033325195,11.886344909667969,17.860000610351562,17.456000089645386,-1.348230154059464
2015-12-17,35.63875961303711,11.753682136535645,18.940000534057617,17.56050009727478,-1.3824366435787356
2015-12-18,35.55629348754883,11.578067779541016,20.700000762939453,17.746000146865846,-1.364253687991466
2015-12-21,36.55332565307617,11.646289825439453,18.700000762939453,17.907500171661376,-1.2332172122359955
2015-12-22,36.785728454589844,11.81811809539795,16.600000381469727,17.956500196456908,-1.2292963587408698
2015-12-23,36.76323699951172,11.857285499572754,15.569999694824219,17.93850016593933,-1.2392025983657433
2015-12-24,37.145565032958984,11.866128921508789,15.739999771118164,17.966000175476076,-1.1859977516209628
2015-12-28,37.168052673339844,11.917928695678711,16.90999984741211,18.055500173568724,-1.1916239227840704
2015-12-29,38.142608642578125,12.001315116882324,16.079999923706055,18.0530002117157,-1.0663931918303744
2015-12-30,37.79026794433594,11.958359718322754,17.290000915527344,18.184000253677368,-1.109482237929351
2015-12-31,37.475406646728516,11.775161743164062,18.209999084472656,18.299000215530395,-1.1232624084671299
2016-01-04,37.572872161865234,11.652609825134277,20.700000762939453,18.42850022315979,-1.088389476359121
2016-01-05,36.83819580078125,11.79664421081543,19.34000015258789,18.65500020980835,-1.2181213000254043
2016-01-06,36.46337127685547,11.939407348632812,20.59000015258789,18.89250020980835,-1.2961378417844533
2016-01-07,34.58922576904297,11.786532402038574,24.989999771118164,19.262000179290773,-1.5382438394566886
2016-01-08,34.39432144165039,11.681669235229492,27.010000228881836,19.632000160217284,-1.548232020503859
2016-01-11,34.5367546081543,11.699358940124512,24.299999237060547,19.880000114440918,-1.5308688422723629
2016-01-12,34.874107360839844,11.714517593383789,22.469999313354492,19.78400011062622,-1.4851786583546192
2016-01-13,34.559226989746094,11.420137405395508,25.219999313354492,19.908500099182127,-1.4799781500028775
2016-01-14,35.78118133544922,11.398659706115723,23.950000762939453,20.05850009918213,-1.301437705245642
2016-01-15,34.349334716796875,11.264737129211426,27.020000457763672,20.516500091552736,-1.4834824712617245
2016-01-19,34.55175018310547,11.45930290222168,26.049999237060547,20.87200002670288,-1.4877353246849594
2016-01-20,34.431800842285156,11.398659706115723,27.59000015258789,21.216499996185302,-1.4945469132678189
2016-01-21,35.27141189575195,11.367074966430664,26.690000534057617,21.61599998474121,-1.368997746926378
2016-01-22,36.03606033325195,11.440353393554688,22.34000015258789,21.90299997329712,-1.2720809309353245
2016-01-25,35.668739318847656,11.498470306396484,24.149999618530273,22.33199996948242,-1.3345710326364513
2016-01-26,36.3734016418457,11.550267219543457,22.5,22.669999980926512,-1.2425710171708622
2016-01-27,35.63125228881836,11.444144248962402,23.110000610351562,22.980000019073486,-1.3306600758920715
2016-01-28,32.6776008605957,11.632392883300781,22.420000076293945,23.297000026702882,-1.785497581695581
2016-01-29,33.989501953125,11.856021881103516,20.200000762939453,23.442500019073485,-1.6359347648920635
2016-02-01,34.566734313964844,12.069541931152344,19.979999542236328,23.53100004196167,-1.5897840288500709
2016-02-02,32.347755432128906,11.970993995666504,21.979999542236328,23.594999980926513,-1.8905148393905051
2016-02-03,33.532196044921875,11.775161743164062,21.649999618530273,23.710499954223632,-1.6875734239569242
2016-02-04,34.22938919067383,11.399925231933594,21.84000015258789,23.772999954223632,-1.5237300272451064
2016-02-05,32.99995422363281,11.288740158081055,23.3799991607666,23.692499923706055,-1.68068999042887
2016-02-08,32.902496337890625,11.243261337280273,26.0,23.641999912261962,-1.686872024365998
2016-02-09,32.692596435546875,11.411293983459473,26.540000915527344,23.753999996185303,-1.7456008327100168
2016-02-10,32.20531463623047,11.367074966430664,26.290000915527344,23.945000076293944,-1.8077854843397216
2016-02-11,32.23530197143555,11.31906509399414,28.139999389648438,24.091000080108643,-1.7952967372790571
2016-02-12,33.40476989746094,11.61976146697998,25.399999618530273,24.163500022888183,-1.6792760567651264
2016-02-16,35.03152847290039,11.624812126159668,24.110000610351562,24.018000030517577,-1.4473337584878143
2016-02-17,36.29094314575195,11.286215782165527,22.309999465942383,23.83100004196167,-1.2092870973854197
2016-02-18,36.79322052001953,11.363282203674316,21.639999389648438,23.533500003814698,-1.1505648484370643
2016-02-19,37.04811096191406,11.439088821411133,20.530000686645508,23.22550001144409,-1.127030926401744
2016-02-22,38.442466735839844,11.538898468017578,19.3799991607666,23.07749996185303,-0.9445269675161405
2016-02-23,37.797760009765625,11.63492202758789,20.979999542236328,22.91899995803833,-1.0531858425631646
2016-02-24,38.62239456176758,11.708199501037598,20.719999313354492,22.829999923706055,-0.9476842790939836
2016-02-25,38.71235275268555,11.7764253616333,19.110000610351562,22.629999923706055,-0.9464593847489643
2016-02-26,38.69736099243164,11.646289825439453,19.809999465942383,22.499499893188478,-0.9263853227489476
2016-02-29,38.43251419067383,11.56417179107666,20.549999237060547,22.516999816894533,-0.9502664745500866
2016-03-01,39.43135452270508,11.713254928588867,17.700000762939453,22.402999877929688,-0.8327775702429123
2016-03-02,39.991294860839844,11.621023178100586,17.09000015258789,22.158499908447265,-0.7368969919775973
2016-03-03,39.63563919067383,11.617236137390137,16.700000762939453,21.910999965667724,-0.7871481030439572
2016-03-04,39.8475341796875,11.59575366973877,16.860000610351562,21.66199998855591,-0.7531559638270723
2016-03-07,40.33180618286133,11.397393226623535,17.350000381469727,21.360500049591064,-0.6499836821153051
2016-03-08,39.69618225097656,11.465621948242188,18.670000076293945,20.994000053405763,-0.7525969927577523
2016-03-09,39.31027603149414,11.62607479095459,18.34000015258789,20.584000015258788,-0.8352197960262279
2016-03-10,39.363250732421875,11.638712882995605,18.049999237060547,20.17199993133545,-0.829796457214849
2016-03-11,39.514583587646484,11.568819999694824,16.5,19.589999961853028,-0.7962056735615605
2016-03-14,39.41621398925781,11.531968116760254,16.920000076293945,19.165999984741212,-0.8039911578566324
2016-03-15,39.06813430786133,11.523075103759766,16.84000015258789,18.802499961853027,-0.8522862717912681
2016-03-16,38.81842803955078,11.462079048156738,14.989999771118164,18.436499977111815,-0.8776070655372004
2016-03-17,38.878963470458984,11.664128303527832,14.4399995803833,18.07649998664856,-0.903442044504881
2016-03-18,39.037864685058594,11.481138229370117,14.020000457763672,17.75099997520447,-0.849457781951606
2016-03-21,39.507015228271484,11.467162132263184,13.789999961853027,17.47150001525879,-0.7799315696492753
2016-03-22,39.363250732421875,11.356607437133789,14.170000076293945,17.13100004196167,-0.7816293738391868
2016-03-23,38.583839416503906,11.431577682495117,14.9399995803833,16.84200005531311,-0.9059710867269528
2016-03-24,38.485477447509766,11.211742401123047,14.739999771118164,16.62350001335144,-0.8825126345722314
2016-03-28,37.97848892211914,11.365500450134277,15.239999771118164,16.39500002861023,-0.9813203911590199
2016-03-29,38.35683822631836,11.43920612335205,13.819999694824219,16.058500051498413,-0.9397596111354983
2016-03-30,38.583839416503906,11.429035186767578,13.5600004196167,15.851500034332275,-0.905536977405466
2016-03-31,38.697364807128906,11.362957000732422,13.949999809265137,15.694500017166138,-0.8780081290513699
2016-04-01,38.500614166259766,11.601860046386719,13.100000381469727,15.514499998092651,-0.9469556651482772
2016-04-04,38.32656478881836,11.563737869262695,14.119999885559082,15.377499961853028,-0.9653547552168786
2016-04-05,37.8876953125,11.599316596984863,15.420000076293945,15.280999946594239,-1.0342359220186061
2016-04-06,38.30387496948242,11.594233512878418,14.09000015258789,15.051999950408936,-0.973808753977662
2016-04-07,37.857418060302734,11.432848930358887,16.15999984741211,14.942999935150146,-1.0101459601771723
2016-04-08,38.25847625732422,11.629816055297852,15.359999656677246,14.808499956130982,-0.9863811560209873
2016-04-11,38.5914192199707,11.531968116760254,16.260000228881836,14.796499967575073,-0.9220271495467113
2016-04-12,38.45520782470703,11.512907981872559,14.850000381469727,14.692999982833863,-0.9382659438630169
2016-04-13,39.28757858276367,11.355334281921387,13.84000015258789,14.542999982833862,-0.7922413992785409
2016-04-14,39.2119255065918,11.21428394317627,13.720000267028809,14.479500007629394,-0.7789849408358112
2016-04-15,38.636817932128906,11.237157821655273,13.619999885559082,14.438500022888183,-0.8651938338625822
2016-04-18,39.007606506347656,11.286714553833008,13.350000381469727,14.405000019073487,-0.8205918419566037
2016-04-19,39.219482421875,11.384564399719238,13.239999771118164,14.377500009536742,-0.8069774005625305
2016-04-20,39.41621398925781,11.163451194763184,13.279999732971191,14.332999992370606,-0.7410700566600614
2016-04-21,39.098411560058594,10.98173713684082,13.949999809265137,14.283500003814698,-0.7555244972879123
2016-04-22,39.832393646240234,11.00715446472168,13.220000267028809,14.20750002861023,-0.6548244565465245
2016-04-25,39.67348861694336,11.135498046875,14.079999923706055,14.149500036239624,-0.6994788455780409
2016-04-26,40.03670883178711,11.154561996459961,13.960000038146973,14.156500053405761,-0.6507535771371007
2016-04-27,40.02914047241211,11.484954833984375,13.770000457763672,14.16700005531311,-0.7082484225074381
2016-04-28,39.44647979736328,11.514178276062012,15.220000267028809,14.230500078201294,-0.7966223696900812
2016-04-29,38.22821807861328,11.552302360534668,15.699999809265137,14.360500049591064,-0.9774765917242874
2016-05-02,38.67464828491211,11.698437690734863,14.680000305175781,14.388500070571899,-0.9385395280228077
2016-05-03,38.387115478515625,11.697163581848145,15.600000381469727,14.39750008583069,-0.9794706696188894
2016-05-04,38.20551681518555,11.784847259521484,16.049999237060547,14.49550004005432,-1.0204304042704324
2016-05-05,38.68979263305664,11.81534481048584,15.90999984741211,14.483000040054321,-0.9563331146825139
2016-05-06,38.530879974365234,11.93860149383545,14.720000267028809,14.451000070571899,-1.0001200512467163
2016-05-09,38.74276351928711,12.058058738708496,14.569999694824219,14.366500043869019,-0.9901937959193965
2016-05-10,39.46161651611328,12.126675605773926,13.630000114440918,14.305500030517578,-0.8990348225477466
2016-05-11,39.46161651611328,12.042810440063477,14.6899995803833,14.348000001907348,-0.8847155653751374
2016-05-12,38.97732162475586,12.143194198608398,14.40999984741211,14.382499980926514,-0.9711624447150488
2016-05-13,38.83356475830078,12.060596466064453,15.039999961853027,14.45349998474121,-0.9776325684535053
2016-05-16,39.28001022338867,11.999597549438477,14.680000305175781,14.519999980926514,-0.9033269264041588
2016-05-17,39.34054946899414,11.74290943145752,15.569999694824219,14.636499977111816,-0.8508358906111143
2016-05-18,39.945899963378906,11.671751976013184,15.949999809265137,14.769999980926514,-0.7520549412161107
2016-05-19,39.92319869995117,11.716225624084473,16.329999923706055,14.88899998664856,-0.7628972020134441
2016-05-20,41.25498962402344,11.590424537658691,15.199999809265137,14.987999963760377,-0.550825773285122
2016-05-23,40.99769973754883,11.679372787475586,15.819999694824219,15.074999952316285,-0.6028335581366501
2016-05-24,42.064659118652344,11.778491973876953,14.420000076293945,15.097999954223633,-0.46706525296286355
2016-05-25,42.35976028442383,11.66158390045166,13.899999618530273,15.104499912261963,-0.4048724138238231
2016-05-26,42.178138732910156,11.713683128356934,13.430000305175781,15.014999914169312,-0.43975968464049237
2016-05-27,42.2239990234375,11.709871292114258,13.119999885559082,14.885999917984009,-0.4325458017035902
2016-05-31,41.95658874511719,11.614568710327148,14.1899995803833,14.861499881744384,-0.45454266312982167
2016-06-01,41.8572883605957,11.7352876663208,14.199999809265137,14.791499853134155,-0.48936521999880267
2016-06-02,41.926048278808594,11.69589900970459,13.630000114440918,14.670499897003173,-0.4727997454106787
2016-06-03,41.971885681152344,11.781033515930176,13.470000267028809,14.548499917984008,-0.4807759624797388
2016-06-06,41.93368148803711,11.731473922729492,13.649999618530273,14.494999885559082,-0.4777814714614527
2016-06-07,41.895484924316406,11.662854194641113,14.050000190734863,14.468999910354615,-0.47153153417828625
2016-06-08,41.971885681152344,11.673020362854004,14.079999923706055,14.491499900817871,-0.46233364374323105
2016-06-09,42.002437591552734,11.73782730102539,14.640000343322754,14.488999938964843,-0.46902660261872886
2016-06-10,41.1238899230957,11.786396980285645,17.030000686645508,14.619999980926513,-0.6030480022660447
2016-06-13,40.35993576049805,11.710990905761719,20.969999313354492,14.916499948501587,-0.6995021833717372
2016-06-14,40.26061248779297,11.722496032714844,20.5,15.207499933242797,-0.7156806919067195
2016-06-15,40.70372009277344,11.668813705444336,20.139999389648438,15.43599991798401,-0.6431019742773142
2016-06-16,40.8106575012207,11.810677528381348,19.3700008392334,15.606999969482422,-0.6520202420781983
2016-06-17,40.909976959228516,11.677762031555176,19.40999984741211,15.760999965667725,-0.6151125009557091
2016-06-20,41.169715881347656,11.754443168640137,18.3700008392334,15.919500017166138,-0.5910340318668482
2016-06-21,41.16209030151367,11.805564880371094,18.479999542236328,16.052500009536743,-0.6008539184772604
2016-06-22,41.284324645996094,11.772339820861816,21.170000076293945,16.39000000953674,-0.57768812518407
2016-06-23,42.43790054321289,11.831127166748047,17.25,16.557500028610228,-0.42263785553641936
2016-06-24,39.81751251220703,11.781281471252441,25.760000228881836,17.174000024795532,-0.7891296301423983
2016-06-27,39.068843841552734,12.250333786010742,23.850000381469727,17.710500049591065,-0.9763579081906885
2016-06-28,40.11546325683594,12.107192039489746,18.75,17.938500070571898,-0.8021364711593334
2016-06-29,40.909976959228516,12.02411937713623,16.639999389648438,18.060500049591063,-0.6742500446901449
2016-06-30,40.92524719238281,12.350025177001953,15.630000114440918,18.160500049591064,-0.7277103466553307
2016-07-01,40.489810943603516,12.224775314331055,14.770000457763672,18.225500059127807,-0.7686400845708196
2016-07-05,39.68000793457031,12.440768241882324,15.579999923706055,18.322000074386597,-0.9214095508621005
2016-07-06,40.008506774902344,12.491891860961914,14.960000038146973,18.367500066757202,-0.8831271553807325
2016-07-07,40.43632507324219,12.398591995239258,14.760000228881836,18.401500082015993,-0.8059721286109434
2016-07-08,41.39891052246094,12.413931846618652,13.199999809265137,18.32950005531311,-0.6708361254428717
2016-07-11,41.34543991088867,12.338522911071777,13.539999961853027,18.155000019073487,-0.6656128510701945
2016-07-12,41.727420806884766,12.373029708862305,13.550000190734863,17.784000062942503,-0.616839484143592
2016-07-13,41.887847900390625,12.424155235290527,13.039999961853027,17.411000061035157,-0.6026100830020557
2016-07-14,41.926048278808594,12.390924453735352,12.819999694824219,17.045000076293945,-0.5914693740970906
2016-07-15,41.826744079589844,12.398591995239258,12.670000076293945,16.710000038146973,-0.6069899182595948
2016-07-18,42.28511047363281,12.348748207092285,12.4399995803833,16.361500024795532,-0.5328829201072535
2016-07-19,42.12467575073242,12.507229804992676,11.970000267028809,16.0414999961853,-0.5829020303647239
2016-07-20,42.6441764831543,12.49828052520752,11.770000457763672,15.70600004196167,-0.5070285120637806
2016-07-21,45.78403091430664,12.470163345336914,12.739999771118164,15.284500026702881,-0.05288465337838398
2016-07-22,46.716060638427734,12.568577766418457,12.020000457763672,15.023000049591065,0.0636942646450297
2016-07-25,46.39519500732422,12.52767562866211,12.869999885559082,14.378500032424927,0.024759023949988992
2016-07-26,46.86886215209961,12.421600341796875,13.050000190734863,13.838500022888184,0.11065675107912222
2016-07-27,47.755043029785156,12.295068740844727,12.829999923706055,13.542500019073486,0.25908186463874594
2016-07-28,47.69391632080078,12.508506774902344,12.720000267028809,13.346500062942505,0.213891337822384
2016-07-29,47.80852508544922,12.590301513671875,11.869999885559082,13.158500051498413,0.2163271947083805
2016-08-01,47.250831604003906,12.525125503540039,12.4399995803833,13.042000007629394,0.1476441870343442
2016-08-02,46.2958869934082,12.398591995239258,13.369999885559082,12.931500005722047,0.03258702315722204
2016-08-03,46.60910415649414,12.353860855102539,12.859999656677246,12.82649998664856,0.08504884234074037
2016-08-04,46.586185455322266,12.421600341796875,12.420000076293945,12.709499979019165,0.07020302189188576
2016-08-05,47.36543273925781,12.369194030761719,11.390000343322754,12.619000005722047,0.1906686621353477
2016-08-08,47.04457473754883,12.260560989379883,11.5,12.517000007629395,0.1632989836924516
2016-08-09,47.357791900634766,12.25672721862793,11.65999984741211,12.422499990463256,0.2087779281037964
2016-08-10,47.143882751464844,12.401145935058594,12.050000190734863,12.373000001907348,0.1535072341412112
2016-08-11,47.16679763793945,12.394757270812988,11.680000305175781,12.316000032424927,0.1578773823537556
2016-08-12,47.143882751464844,12.426712989807129,11.550000190734863,12.260000038146973,0.14914187900252923
2016-08-15,47.69391632080078,12.39731502532959,11.8100004196167,12.228500080108642,0.232876374626601
2016-08-16,47.418907165527344,12.16854190826416,12.640000343322754,12.26200008392334,0.23258098972118718
2016-08-17,47.579345703125,12.255448341369629,12.1899995803833,12.283000040054322,0.24070274593833485
2016-08-18,48.159942626953125,12.223496437072754,11.430000305175781,12.217500066757202,0.3292472121576343
2016-08-19,47.9460334777832,12.135310173034668,11.34000015258789,12.183500051498413,0.313691822001416
2016-08-22,47.9995231628418,12.07396125793457,12.270000457763672,12.153500080108643,0.3318215063375947
2016-08-23,48.19813537597656,11.946155548095703,12.380000114440918,12.120000076293945,0.38206653470072327
2016-08-24,47.83143615722656,11.938488006591797,13.449999809265137,12.1510000705719,0.3308975487896428
2016-08-25,47.854366302490234,11.952544212341309,13.630000114440918,12.196500062942505,0.3317790946210442
2016-08-26,48.10647201538086,11.921873092651367,13.649999618530273,12.285500049591064,0.37309465509163814
2016-08-29,48.52250671386719,11.935928344726562,12.9399995803833,12.310500049591065,0.43023337156485086
2016-08-30,48.49169158935547,11.90781307220459,13.119999885559082,12.298000049591064,0.4306238750328027
2016-08-31,48.591854095458984,11.975550651550293,13.420000076293945,12.326000070571899,0.43339247395908
2016-09-01,48.90003204345703,11.926982879638672,13.479999542236328,12.379000043869018,0.4857882053834574
2016-09-02,48.80756759643555,12.072688102722168,11.979999542236328,12.408500003814698,0.4476777456852127
2016-09-06,48.607261657714844,12.01005744934082,12.020000457763672,12.434500026702882,0.42970570342316494
2016-09-07,48.09876251220703,11.956379890441895,11.9399995803833,12.44850001335144,0.36609961218959836
2016-09-08,48.29907989501953,11.884808540344238,12.510000228881836,12.471500015258789,0.40698713235610257
2016-09-09,46.627220153808594,11.5480318069458,17.5,12.7625,0.22522980718724714
2016-09-12,47.960086822509766,11.730560302734375,15.15999984741211,12.942999982833863,0.384810555665654
2016-09-13,47.22045135498047,11.575029373168945,17.850000381469727,13.244999980926513,0.3055172428103291
2016-09-14,47.45159912109375,11.604589462280273,18.139999389648438,13.519999933242797,0.3335495594732276
2016-09-15,48.18351745605469,11.596877098083496,16.299999237060547,13.72549991607666,0.4396108682949096
2016-09-16,48.53020477294922,11.665003776550293,15.369999885559082,13.922499895095825,0.4775930816651866
2016-09-19,48.4300651550293,11.667573928833008,15.529999732971191,14.13199987411499,0.4628233165802121
2016-09-20,48.30677795410156,11.670145034790039,15.920000076293945,14.314499855041504,0.44474074894115023
2016-09-21,48.97706604003906,11.748556137084961,13.300000190734863,14.360499858856201,0.527277339151502
2016-09-22,48.938541412353516,11.825678825378418,12.020000457763672,14.288999891281128,0.5085960607651752
2016-09-23,48.34531021118164,11.775547981262207,12.289999961853027,14.221999883651733,0.43225843377348555
2016-09-26,48.006309509277344,11.605875015258789,14.5,14.26449990272522,0.41271440521610836
2016-09-27,48.77675247192383,11.652151107788086,13.100000381469727,14.272499942779541,0.5150708898292464
2016-09-28,48.88462448120117,11.733128547668457,12.390000343322754,14.235999965667725,0.5166821995909728
2016-09-29,51.96638107299805,11.661149024963379,14.020000457763672,14.26599998474121,0.9700008223367691
2016-09-30,52.775360107421875,11.736987113952637,13.289999961853027,14.256500005722046,1.072824728921276
2016-10-03,51.704444885253906,11.666288375854492,13.569999694824219,14.336000013351441,0.9316377575969248
2016-10-04,51.37314987182617,11.164981842041016,13.630000114440918,14.416499996185303,0.9698200715592817
2016-10-05,51.496421813964844,11.198408126831055,12.989999771118164,14.469000005722046,0.9817542100405382
2016-10-06,52.03571701049805,11.316659927368164,12.84000015258789,14.485500001907349,1.0387420121843292
2016-10-07,52.53651428222656,11.245964050292969,13.479999542236328,14.284499979019165,1.1224815884918147
2016-10-10,51.81229019165039,11.284523010253906,13.380000114440918,14.195499992370605,1.012254607917748
2016-10-11,50.91857147216797,11.20097541809082,15.359999656677246,14.070999956130981,0.8986199763322654
2016-10-12,50.895469665527344,11.22796630859375,15.90999984741211,13.959499979019165,0.8907054247722872
2016-10-13,50.61811065673828,11.229253768920898,16.690000534057617,13.979000043869018,0.8507928846134646
2016-10-14,50.61811065673828,11.198408126831055,16.1200008392334,14.016500091552734,0.856059513230925
2016-10-17,50.22518539428711,11.269098281860352,16.209999084472656,14.050500059127808,0.7877584264498484
2016-10-18,50.926292419433594,11.267816543579102,15.279999732971191,14.01850004196167,0.8883123690320391
2016-10-19,50.68745040893555,11.314085960388184,14.40999984741211,14.074000024795533,0.846231695433303
2016-10-20,51.88163375854492,11.198408126831055,13.75,14.160500001907348,1.0368817103381855
2016-10-21,52.33620834350586,11.293525695800781,13.34000015258789,14.213000011444091,1.0856951570508
2016-10-24,52.43634796142578,11.352651596069336,13.020000457763672,14.139000034332275,1.0899308507423362
2016-10-25,52.16669845581055,11.352651596069336,13.460000038146973,14.157000017166137,1.051341436758123
2016-10-26,52.544219970703125,11.38992977142334,14.239999771118164,14.249499988555907,1.0990034348210698
2016-10-27,54.0003547668457,11.19454574584961,15.359999656677246,14.316499948501587,1.3407503462075732
2016-10-28,52.698307037353516,11.342369079589844,16.190000534057617,14.461499977111817,1.129175342376259
2016-10-31,52.94484329223633,11.284523010253906,17.059999465942383,14.635999965667725,1.1743337497203559
2016-11-01,52.65208053588867,11.158557891845703,18.559999465942383,14.882499933242798,1.1539440720124239
2016-11-02,51.689029693603516,11.18940544128418,19.31999969482422,15.198999929428101,1.0108553644300093
2016-11-03,51.58116912841797,11.139278411865234,22.079999923706055,15.66099991798401,1.003978249650902
2016-11-04,51.41166687011719,11.122564315795898,22.510000228881836,16.112499952316284,0.9825746495850874
2016-11-07,52.744544982910156,11.272956848144531,18.709999084472656,16.37899990081787,1.147643975734364
2016-11-08,52.59815216064453,11.382217407226562,18.739999771118164,16.547999906539918,1.1080384651556998
2016-11-09,52.29766845703125,11.045437812805176,14.380000114440918,16.471499919891357,1.1225386085277431
2016-11-10,51.08808517456055,10.699667930603027,14.739999771118164,16.373999881744385,1.0084729530131995
2016-11-11,51.52722930908203,10.589123725891113,14.170000076293945,16.276499843597414,1.0901931377369611
2016-11-14,50.795318603515625,10.596835136413574,14.479999542236328,16.189999866485596,0.9841330835860476
2016-11-15,51.44248580932617,10.702237129211426,13.369999885559082,16.09449987411499,1.0587523926387592
2016-11-16,51.08038330078125,10.650826454162598,13.720000267028809,16.059999895095824,1.0157100043395453
2016-11-17,51.36543655395508,10.673959732055664,13.350000381469727,16.03999991416931,1.0525540327640517
2016-11-18,51.858524322509766,10.73051929473877,12.850000381469727,16.015499925613405,1.1134625316789422
2016-11-21,51.69673538208008,10.958032608032227,12.420000076293945,15.985499906539918,1.0514630471308517
2016-11-22,52.62896728515625,11.247249603271484,12.40999984741211,15.932999897003175,1.1354929971418926
2016-11-23,52.490291595458984,11.216400146484375,12.430000305175781,15.842499923706054,1.12091446432614
2016-11-25,52.61355972290039,11.314085960388184,12.34000015258789,15.691499948501587,1.1218762938754612
2016-11-28,52.10108947753906,11.418208122253418,13.149999618530273,15.53949990272522,1.030758952591856
2016-11-29,51.8448371887207,11.497901916503906,12.899999618530273,15.331499910354614,0.9804797767037311
2016-11-30,52.90084457397461,11.149556159973145,13.329999923706055,15.069999933242798,1.1910815450061216
2016-12-01,49.818267822265625,10.951604843139648,14.069999694824219,14.807499933242799,0.7837339234098636
2016-12-02,51.12273025512695,10.942607879638672,14.119999885559082,14.40949993133545,0.9719510832291155
2016-12-05,51.52649688720703,11.048012733459473,12.140000343322754,13.890999937057495,1.0117369621047008
2016-12-06,52.37284469604492,11.22796630859375,11.789999961853027,13.544999980926514,1.1021318708638728
2016-12-07,53.06391143798828,11.382217407226562,12.220000267028809,13.219000005722046,1.1746930563792128
2016-12-08,53.226966857910156,11.276816368103027,12.640000343322754,13.132000017166138,1.2160241635712459
2016-12-09,53.20366668701172,11.618223190307617,11.75,12.982500028610229,1.1543974027059125
2016-12-12,53.164859771728516,11.68159008026123,12.640000343322754,12.90600004196167,1.1380244107652329
2016-12-13,53.84039306640625,11.645383834838867,12.720000267028809,12.818000078201294,1.2408815686157129
2016-12-14,52.4582633972168,11.606581687927246,13.1899995803833,12.809000062942506,1.049710774927812
2016-12-15,52.823204040527344,11.706158638000488,12.789999961853027,12.762500047683716,1.0849353493429825
2016-12-16,51.60415267944336,11.72297191619873,12.199999809265137,12.705000019073486,0.9076067592116125
2016-12-19,52.03896713256836,11.684174537658691,11.710000038146973,12.648000001907349,0.9764571705496922
2016-12-20,51.95356369018555,11.699690818786621,11.449999809265137,12.599499988555909,0.9615858522434558
2016-12-21,52.14768600463867,11.677706718444824,11.270000457763672,12.542500019073486,0.9931202018350889
2016-12-22,51.83708953857422,11.70486831665039,11.430000305175781,12.492500019073486,0.9440332778435754
2016-12-23,51.914730072021484,11.739784240722656,11.4399995803833,12.447499990463257,0.9491827837578526
2016-12-27,52.217552185058594,11.751423835754395,11.989999771118164,12.389499998092651,0.9905321530544912
2016-12-28,51.05284881591797,11.698400497436523,12.949999809265137,12.392000007629395,0.8329052813150811
2016-12-29,51.27804946899414,11.763059616088867,13.369999885559082,12.394000005722045,0.8540936514120284
2016-12-30,50.625789642333984,11.72555923461914,14.039999961853027,12.392500019073486,0.7671519224956064
2017-01-03,50.78109359741211,11.75013256072998,12.850000381469727,12.32900004386902,0.7851817139935575
2017-01-04,50.83544158935547,11.80573558807373,11.850000381469727,12.314500045776366,0.7834656899312629
2017-01-05,50.897560119628906,11.816083908081055,11.670000076293945,12.308500051498413,0.7905885567817812
2017-01-06,50.88202667236328,11.75918197631836,11.319999694824219,12.263500022888184,0.798081088866024
2017-01-09,50.9752197265625,11.708745002746582,11.5600004196167,12.20950002670288,0.8200295833437922
2017-01-10,50.95967483520508,11.649259567260742,11.489999771118164,12.196500015258788,0.8279615887541734
2017-01-11,51.32461166381836,11.641498565673828,11.260000228881836,12.127500009536742,0.8815126511402527
2017-01-12,51.34015655517578,11.572956085205078,11.539999961853027,12.068499994277953,0.8954403134273813
2017-01-13,51.93026351928711,11.579424858093262,11.229999542236328,11.970499992370605,0.9787857562026362
2017-01-17,49.84157943725586,11.672536849975586,11.869999885559082,11.924499988555908,0.663977085760607
2017-01-18,50.57145690917969,11.682881355285645,12.479999542236328,11.938499975204468,0.7666632721587232
2017-01-19,50.035682678222656,11.686761856079102,12.779999732971191,11.991999959945678,0.689326311636729
2017-01-20,48.82439422607422,11.729436874389648,11.539999961853027,11.996499967575073,0.5086929976186615
2017-01-23,42.61263656616211,11.795391082763672,11.770000457763672,12.021499967575073,-0.39152983584403245
2017-01-24,42.70581817626953,11.826427459716797,11.069999694824219,12.003499937057494,-0.3834938543851343
2017-01-25,44.18110275268555,11.782459259033203,10.8100004196167,11.971999979019165,-0.16485937933989497
2017-01-26,41.96816635131836,11.720385551452637,10.630000114440918,11.903999996185302,-0.4709531146724825
2017-01-27,42.115684509277344,11.642788887023926,10.579999923706055,11.785500001907348,-0.43659289605082086
2017-01-30,41.626522064208984,11.728144645690918,11.880000114440918,11.711000013351441,-0.5211704667305409
2017-01-31,41.48675537109375,11.794100761413574,11.989999771118164,11.608500003814697,-0.5524338530897226
2017-02-01,41.26934814453125,11.691936492919922,11.8100004196167,11.556500005722047,-0.5661032271791662
2017-02-02,40.88888168334961,11.843239784240723,11.930000305175781,11.560500001907348,-0.646385341831273
2017-02-03,41.1373405456543,11.861348152160645,10.970000267028809,11.525500011444091,-0.613920359235081
2017-02-06,41.059696197509766,11.79151439666748,11.369999885559082,11.528000020980835,-0.6131084910775564
2017-02-07,41.36252212524414,11.972561836242676,11.289999961853027,11.514499998092651,-0.6006835111730319
2017-02-08,41.067474365234375,11.99842643737793,11.449999809265137,11.5125,-0.6473238160338921
2017-02-09,41.059696197509766,12.050154685974121,10.880000114440918,11.493499994277954,-0.6572691003890146
2017-02-10,41.92934036254883,12.099294662475586,10.850000381469727,11.45900001525879,-0.5412049619423117
2017-02-13,42.65145492553711,12.090243339538574,11.069999694824219,11.451000022888184,-0.4363180506071147
2017-02-14,43.07851028442383,12.035927772521973,10.739999771118164,11.394500017166138,-0.3659284421187844
2017-02-15,43.86274719238281,12.003596305847168,11.970000267028809,11.369000053405761,-0.24817634648531228
2017-02-16,44.16558074951172,12.165252685546875,11.760000228881836,11.318000078201294,-0.23243941771479915
2017-02-17,43.83946990966797,12.153610229492188,11.489999771118164,11.315500068664551,-0.27712113726140813
2017-02-21,44.06462097167969,12.22990894317627,11.569999694824219,11.305500030517578,-0.2579272250593947
2017-02-22,44.33639907836914,12.189823150634766,11.739999771118164,11.339000034332276,-0.21218888298361357
2017-02-23,44.36744689941406,12.236376762390137,11.710000038146973,11.384000015258788,-0.21569427351523526
2017-02-24,44.429569244384766,12.258363723754883,11.470000267028809,11.426000022888184,-0.21055805885449302
2017-02-27,44.460933685302734,12.06437873840332,12.09000015258789,11.501500034332276,-0.1729482373172852
2017-02-28,44.264991760253906,12.083773612976074,12.920000076293945,11.553500032424926,-0.20430090245089955
2017-03-01,44.68037033081055,12.063088417053223,12.539999961853027,11.58100004196167,-0.14132445084276668
2017-03-02,44.17877960205078,12.236376762390137,11.8100004196167,11.58100004196167,-0.24269436174689318
2017-03-03,44.233638763427734,12.273881912231445,10.960000038146973,11.53250002861023,-0.24124717535485043
2017-03-06,44.24148178100586,12.21180248260498,11.239999771118164,11.546000003814697,-0.22952523505807126
2017-03-07,44.460933685302734,12.185943603515625,11.449999809265137,11.55,-0.19370439456028896
2017-03-08,45.275997161865234,12.202752113342285,11.859999656677246,11.57849998474121,-0.0799309523711618
2017-03-09,45.432743072509766,12.232500076293945,12.300000190734863,11.621000003814697,-0.06257832811307734
2017-03-10,45.95783996582031,12.32618236541748,11.65999984741211,11.659999990463257,-0.0034274052919080903
2017-03-13,45.816768646240234,12.323582649230957,11.350000381469727,11.684999990463258,-0.023172176294564945
2017-03-14,45.62868118286133,12.315773010253906,12.300000190734863,11.746500015258789,-0.0487558559374798
2017-03-15,45.86378860473633,12.508352279663086,11.630000114440918,11.791000032424927,-0.04799100052999946
2017-03-16,45.730560302734375,12.544782638549805,11.210000038146973,11.753000020980835,-0.07327741127087017
2017-03-17,45.103580474853516,12.438084602355957,11.279999732971191,11.728999996185303,-0.1447864258732782
2017-03-20,45.30735778808594,12.510952949523926,11.34000015258789,11.721500015258789,-0.12806559517367036
2017-03-21,44.51577377319336,12.566902160644531,12.470000267028809,11.76650004386902,-0.25090165896323735
2017-03-22,44.703887939453125,12.618947982788086,12.8100004196167,11.820000076293946,-0.2328671064496644
2017-03-23,44.523624420166016,12.579914093017578,13.119999885559082,11.89050006866455,-0.2519998323279574
2017-03-24,44.60982131958008,12.616351127624512,12.960000038146973,11.96500005722046,-0.2458855454696434
2017-03-27,44.40605163574219,12.651481628417969,12.5,11.985500049591064,-0.2810451605911411
2017-03-28,44.97035217285156,12.64367389678955,11.529999732971191,11.916000032424927,-0.1989552728511848
2017-03-29,44.954673767089844,12.63326358795166,11.420000076293945,11.860000038146973,-0.19942153125397769
2017-03-30,44.82927322387695,12.665790557861328,11.539999961853027,11.846500015258789,-0.22292124495208068
2017-03-31,44.93899154663086,12.741259574890137,12.369999885559082,11.917000007629394,-0.22010519421737096
2017-04-03,44.28065872192383,12.674903869628906,12.380000114440918,11.974000024795533,-0.30298922817702484
2017-04-04,44.42173385620117,12.693119049072266,11.789999961853027,11.991000032424926,-0.28591011756766926
2017-04-05,44.257144927978516,12.611145973205566,12.890000343322754,12.042500066757203,-0.2954681626381469
2017-04-06,44.30418014526367,12.522662162780762,12.390000343322754,12.047000074386597,-0.2736291236915205
2017-04-07,44.13959884643555,12.562996864318848,12.869999885559082,12.107500076293945,-0.3040690800629513
2017-04-10,44.29634475708008,12.63326358795166,14.050000190734863,12.242500066757202,-0.29363468639075696
2017-04-11,43.3793830871582,12.637167930603027,15.069999694824219,12.38100004196167,-0.4255272728963425
2017-04-12,41.8432731628418,12.657986640930176,15.770000457763672,12.588000059127808,-0.6489138581147746
2017-04-13,41.37303161621094,12.648879051208496,15.960000038146973,12.825500059127808,-0.7146548620205507
2017-04-17,41.45140838623047,12.771188735961914,14.65999984741211,12.994500064849854,-0.7243217281120247
2017-04-18,41.27898406982422,12.866178512573242,14.420000076293945,13.148500061035156,-0.7652159799686172
2017-04-19,41.23196792602539,12.806321144104004,14.930000305175781,13.271500062942504,-0.7617243063358805
2017-04-20,41.27115249633789,12.763381958007812,14.149999618530273,13.338500022888184,-0.7487851234501064
2017-04-21,41.145755767822266,12.747766494750977,14.630000114440918,13.414000034332275,-0.7640643840051411
2017-04-24,41.388702392578125,12.784202575683594,10.84000015258789,13.30800004005432,-0.7355175548107554
2017-04-25,41.53761672973633,12.805024147033691,10.760000228881836,13.221000051498413,-0.7177615986080115
2017-04-26,41.56897735595703,12.098477363586426,10.850000381469727,13.18700008392334,-0.5926367956362545
2017-04-27,41.70219802856445,11.993077278137207,10.359999656677246,13.134000062942505,-0.5555754879385439
2017-04-28,42.11758041381836,11.92541790008545,10.819999694824219,13.098000049591064,-0.4845780520241103
2017-05-01,42.007850646972656,11.825222969055176,10.109999656677246,12.985000038146973,-0.4831740029412087
2017-05-02,41.764896392822266,11.740649223327637,10.59000015258789,12.895500040054321,-0.5035028309096408
2017-05-03,42.705379486083984,11.818718910217285,10.680000305175781,12.84000005722046,-0.38224046647210147
2017-05-04,43.03453063964844,11.868162155151367,10.460000038146973,12.71850004196167,-0.34357780928916204
2017-05-05,43.05020523071289,11.868162155151367,10.569999694824219,12.627500009536742,-0.3413346259306784
2017-05-08,42.8072509765625,11.851248741149902,9.770000457763672,12.472500038146972,-0.37321587476613366
2017-05-09,43.22262954711914,11.777080535888672,9.960000038146973,12.268000030517578,-0.3011076583949597
2017-05-10,43.36370849609375,11.771872520446777,10.210000038146973,12.025000047683715,-0.28002869239682077
2017-05-11,42.85428237915039,11.827825546264648,10.600000381469727,11.76650004386902,-0.3624859233823671
2017-05-12,43.35586929321289,11.756260871887207,10.399999618530273,11.488500022888184,-0.2784850020498084
2017-05-15,43.41856002807617,11.852548599243164,10.420000076293945,11.276500034332276,-0.28595366339712014
2017-05-16,43.849613189697266,11.836934089660645,10.649999618530273,11.088000011444091,-0.22159980459792425
2017-05-17,43.38720703125,11.752360343933105,15.59000015258789,11.121000003814697,-0.27333429142419213
2017-05-18,43.982852935791016,11.766670227050781,14.65999984741211,11.14650001525879,-0.19053497575398287
2017-05-19,45.19761657714844,11.830427169799805,12.039999961853027,11.017000007629395,-0.027576672814065024
2017-05-22,46.459434509277344,11.901993751525879,10.930000305175781,11.02150001525879,0.14078211873773883
2017-05-23,46.41241455078125,11.957945823669434,10.720000267028809,11.019500017166138,0.12449977853846123
2017-05-24,45.95783996582031,12.13751220703125,10.020000457763672,10.978000020980835,0.02878640476669106
2017-05-25,45.80894088745117,12.14011001586914,9.989999771118164,10.95950002670288,0.0070339740996394565
2017-05-26,45.524017333984375,12.159632682800293,9.8100004196167,10.909000062942505,-0.03707462949416369
2017-05-30,45.38154983520508,12.04772663116455,10.380000114440918,10.922500085830688,-0.03835608851923568
2017-05-31,45.32615280151367,12.07635498046875,10.40999984741211,10.9135000705719,-0.05117197687508747
2017-06-01,46.39461135864258,12.09196949005127,9.890000343322754,10.874000072479248,0.09906858146361042
2017-06-02,46.362945556640625,12.0802583694458,9.75,10.8385000705719,0.09653647674423112
2017-06-05,46.58455276489258,12.085464477539062,10.069999694824219,10.8135000705719,0.12736168186853677
2017-06-06,46.06220626831055,12.00869369506836,10.449999809265137,10.847500038146972,0.06571687243233434
2017-06-07,45.53193283081055,12.166136741638184,10.390000343322754,10.869000053405761,-0.037052358682263566
2017-06-08,45.998878479003906,11.983969688415527,10.15999984741211,10.866500043869019,0.060875474188361846
2017-06-09,45.152034759521484,11.892888069152832,10.699999809265137,10.871500015258789,-0.044764527725914126
2017-06-12,45.500274658203125,12.133834838867188,11.460000038146973,10.924500036239625,-0.0360676722526727
2017-06-13,45.53984451293945,12.166574478149414,10.420000076293945,10.924500036239625,-0.03599486132403976
2017-06-14,45.12038040161133,12.275261878967285,10.640000343322754,10.924000072479249,-0.11458161385365304
2017-06-15,45.05706787109375,12.280499458312988,10.899999618530273,10.689500045776366,-0.12453651204782787
2017-06-16,44.97000503540039,12.212406158447266,10.380000114440918,10.475500059127807,-0.12536968707456742
2017-06-19,45.595245361328125,12.509662628173828,10.369999885559082,10.39200005531311,-0.086645828610413
2017-06-20,44.946258544921875,12.579062461853027,10.859999656677246,10.388500022888184,-0.19137145270660888
2017-06-21,44.58220291137695,12.542399406433105,10.75,10.390000009536744,-0.23721138126905725
2017-06-22,44.69298553466797,12.086691856384277,10.479999542236328,10.412999963760376,-0.14354917961044814
2017-06-23,45.041236877441406,12.166574478149414,10.020000457763672,10.414499998092651,-0.10735036564073903
2017-06-26,44.76423263549805,12.167879104614258,9.899999618530273,10.41899995803833,-0.14721506625371464
2017-06-27,43.8698844909668,11.998957633972168,11.0600004196167,10.45299997329712,-0.246362917634517
2017-06-28,44.44764709472656,12.07621955871582,10.029999732971191,10.433999967575073,-0.1768713934789565
2017-06-29,43.5928840637207,11.903363227844238,11.4399995803833,10.511499929428101,-0.269682394263846
2017-06-30,43.70368957519531,11.93086051940918,11.180000305175781,10.58299994468689,-0.25851999611380067
2017-07-03,43.48999786376953,11.981932640075684,11.220000267028809,10.64049997329712,-0.29782144269440197
2017-07-05,43.88571548461914,11.755387306213379,11.069999694824219,10.671499967575073,-0.20250980884219022
2017-07-06,43.36335754394531,11.663724899291992,12.539999961853027,10.778999948501587,-0.2616136389870995
2017-07-07,43.806583404541016,11.688604354858398,11.1899995803833,10.830499935150147,-0.2024317479217302
2017-07-10,44.03608322143555,11.682055473327637,11.109999656677246,10.850999927520752,-0.16846997170782904
2017-07-11,43.79075241088867,11.619200706481934,10.890000343322754,10.82249994277954,-0.1928472367600509
2017-07-12,44.479312896728516,11.691222190856934,10.300000190734863,10.816499948501587,-0.10660471957633803
2017-07-13,44.503047943115234,11.713483810424805,9.899999618530273,10.779499912261963,-0.10700898870037832
2017-07-14,44.96208953857422,11.827411651611328,9.510000228881836,10.709999942779541,-0.06076796273486778
2017-07-17,44.685081481933594,11.822171211242676,9.819999694824219,10.681999921798706,-0.09951569528637094
2017-07-18,44.550537109375,11.912528038024902,9.890000343322754,10.657999944686889,-0.13419792977106773
2017-07-19,44.9383430480957,11.96883773803711,9.789999961853027,10.604499959945679,-0.08831360212357864
2017-07-20,42.71437454223633,11.950504302978516,9.579999923706055,10.54599995613098,-0.4034544128240202
2017-07-21,42.611488342285156,11.966217041015625,9.359999656677246,10.489999961853027,-0.42086122367799855
2017-07-24,42.12080001831055,11.981932640075684,9.430000305175781,10.460499954223632,-0.4937667026872097
2017-07-25,42.16037368774414,12.033002853393555,9.430000305175781,10.436999988555907,-0.4968231340116949
2017-07-26,42.05747985839844,12.067048072814941,9.600000381469727,10.36399998664856,-0.5173611505407955
2017-07-27,41.54304122924805,12.051337242126465,10.109999656677246,10.367999982833862,-0.5882997314336228
2017-07-28,41.85169219970703,11.895505905151367,10.289999961853027,10.310500001907348,-0.5175219729696622
2017-07-31,42.0970573425293,11.937409400939941,10.260000228881836,10.264499998092651,-0.4895625449478267
2017-08-01,42.271175384521484,11.923006057739258,10.09000015258789,10.207999992370606,-0.46218534659489807
2017-08-02,42.081214904785156,11.915146827697754,10.279999732971191,10.168499994277955,-0.48802860547962207
2017-08-03,41.9071044921875,11.898128509521484,10.4399995803833,10.063499975204468,-0.5100397330271217
2017-08-04,41.64591979980469,11.871933937072754,10.029999732971191,10.005499982833863,-0.5429452531694455
2017-08-07,41.7092399597168,11.924314498901367,9.930000305175781,9.946500015258788,-0.5428270661655511
2017-08-08,41.384735107421875,11.82610034942627,10.960000038146973,9.95,-0.5724975800419406
2017-08-09,41.764652252197266,11.827411651611328,11.109999656677246,9.99049997329712,-0.5183517096475032
2017-08-10,41.42433166503906,11.835267066955566,16.040000915527344,10.297500038146973,-0.5683960736298829
2017-08-11,41.72507095336914,11.835267066955566,15.510000228881836,10.597500038146972,-0.5253574154569034
2017-08-14,42.3819694519043,11.954432487487793,12.329999923706055,10.723000049591064,-0.4516954528218004
2017-08-15,42.63523483276367,12.043477058410645,12.039999961853027,10.830500030517578,-0.43065435938331725
2017-08-16,42.19202423095703,12.105024337768555,11.739999771118164,10.928000020980836,-0.5045906898987219
2017-08-17,41.368919372558594,12.010744094848633,15.550000190734863,11.226500034332275,-0.6062872970296147
2017-08-18,41.091915130615234,11.926935195922852,14.260000228881836,11.471500062942505,-0.6316195937701212
2017-08-21,41.1393928527832,11.96883773803711,13.1899995803833,11.659500026702881,-0.6319795786579643
2017-08-22,41.43223571777344,12.038236618041992,11.350000381469727,11.755500030517577,-0.6019202369794511
2017-08-23,41.3372688293457,11.93348217010498,12.25,11.888000011444092,-0.5976249809319467
2017-08-24,41.54304122924805,11.780266761779785,12.229999542236328,11.994000005722047,-0.5420167736989646
2017-08-25,41.1789665222168,11.83003044128418,11.279999732971191,12.043499994277955,-0.6026160549872401
2017-08-28,41.45904541015625,11.83003044128418,11.319999694824219,12.096499967575074,-0.562534097001544
2017-08-29,41.45904541015625,11.83788776397705,11.699999809265137,12.176999950408936,-0.5638756674065424
2017-08-30,41.707115173339844,11.888959884643555,11.220000267028809,12.223999977111816,-0.5370946464335481
2017-08-31,41.82714080810547,11.923006057739258,10.59000015258789,12.231500005722046,-0.5257309260815982
2017-09-01,41.651100158691406,12.010744094848633,10.130000114440918,12.236500024795532,-0.5659045373815861
2017-09-05,40.03466033935547,12.023834228515625,12.229999542236328,12.351499986648559,-0.7994675079875113
2017-09-06,40.37076187133789,12.05788516998291,11.630000114440918,12.384999990463257,-0.7571820817223852
2017-09-07,40.31474304199219,12.059192657470703,11.550000190734863,12.407000017166137,-0.7654221523206254
2017-09-08,39.72257995605469,11.984552383422852,12.119999885559082,12.210999965667725,-0.8374221470637354
2017-09-11,40.46677780151367,12.061813354492188,10.729999542236328,11.97199993133545,-0.7441119908794311
2017-09-12,40.73085021972656,12.078835487365723,10.579999923706055,11.88449993133545,-0.709227094327006
2017-09-13,40.81887435913086,12.088058471679688,10.5,11.807499933242799,-0.698204746522093
2017-09-14,41.19498062133789,12.069609642028809,10.4399995803833,11.742499923706054,-0.6412303768443155
2017-09-15,41.76313018798828,12.06302261352539,10.170000076293945,11.47349991798401,-0.5587980808766626
2017-09-18,41.811134338378906,12.119688034057617,10.149999618530273,11.26799988746643,-0.5616033636389589
2017-09-19,41.85115432739258,12.097284317016602,10.180000305175781,11.117499923706054,-0.5520508794467007
2017-09-20,41.5950813293457,12.08147144317627,9.779999732971191,11.038999891281128,-0.5859974533397756
2017-09-21,41.63508605957031,11.794193267822266,9.670000076293945,10.909999895095826,-0.5312221126685196
2017-09-22,41.6831169128418,11.694038391113281,9.59000015258789,10.777999925613404,-0.507247854336719
2017-09-25,41.30699920654297,11.588618278503418,10.210000038146973,10.724499940872192,-0.5430743031344741
2017-09-26,40.91490936279297,11.690088272094727,10.170000076293945,10.666999959945679,-0.6165112267678827
2017-09-27,41.2509880065918,11.55040168762207,9.869999885559082,10.575499963760375,-0.5445648847744922
2017-09-28,41.411033630371094,11.643964767456055,9.550000190734863,10.491999959945678,-0.5376359235594906
2017-09-29,41.48305130004883,11.658461570739746,9.510000228881836,10.437999963760376,-0.5298047134326398
2017-10-02,41.51506042480469,11.553035736083984,9.449999809265137,10.403999948501587,-0.5072233463116161
2017-10-03,41.6270866394043,11.481880187988281,9.510000228881836,10.267999982833862,-0.47904212834439414
2017-10-04,41.57908248901367,11.554357528686523,9.630000114440918,10.167999982833862,-0.4982868635409791
2017-10-05,41.89116287231445,11.587301254272461,9.1899995803833,10.049999952316284,-0.45925004496340477
2017-10-06,42.00320053100586,11.63078784942627,9.649999618530273,9.926499938964843,-0.45064135114500536
2017-10-09,42.315269470214844,11.604432106018066,10.329999923706055,9.90649995803833,-0.40148129500344315
2017-10-10,43.107486724853516,11.676909446716309,10.079999923706055,9.88149995803833,-0.3004823399210694
2017-10-11,43.307533264160156,11.701950073242188,9.850000381469727,9.848999977111816,-0.2761292457627278
2017-10-12,42.41130447387695,11.736209869384766,9.90999984741211,9.822499990463257,-0.4102376927317847
2017-10-13,42.267269134521484,11.761246681213379,9.609999656677246,9.794499969482422,-0.4351253431463287
2017-10-16,41.915164947509766,11.811325073242188,9.90999984741211,9.782499980926513,-0.4940652634041957
2017-10-17,41.93917465209961,11.777060508728027,10.3100004196167,9.788999986648559,-0.48477886559304917
2017-10-18,41.779136657714844,11.748068809509277,10.069999694824219,9.803499984741212,-0.5027317439484253
2017-10-19,41.843135833740234,11.769155502319336,10.050000190734863,9.822499990463257,-0.4971732237496723
2017-10-20,41.6270866394043,11.732257843017578,9.970000267028809,9.841499996185302,-0.5217919637768736
2017-10-23,42.723388671875,11.903573036193848,11.069999694824219,9.884499979019164,-0.3941512940089328
2017-10-24,43.41156005859375,11.821866989135742,11.15999984741211,9.933999967575073,-0.28171680417454625
2017-10-25,43.08348083496094,11.269713401794434,11.229999542236328,10.001999950408935,-0.23439258211179245
2017-10-26,43.05146026611328,11.39358901977539,11.300000190734863,10.089499950408936,-0.2601257291269992
2017-10-27,43.66762924194336,11.30002212524414,9.800000190734863,10.103999948501587,-0.15597033256976287
2017-10-30,43.73965072631836,11.20777702331543,10.5,10.15649995803833,-0.12991331244761475
2017-10-31,40.81887435913086,11.288163185119629,10.180000305175781,10.189999961853028,-0.5616294923938548
2017-11-01,42.77939224243164,11.318471908569336,10.199999809265137,10.218499946594239,-0.2862356541381727
2017-11-02,43.883697509765625,11.245991706848145,9.930000305175781,10.255499982833863,-0.11582367417629325
2017-11-03,49.461181640625,11.282892227172852,9.140000343322754,10.230000019073486,0.6760670106683415
2017-11-06,50.029335021972656,11.131345748901367,9.399999618530273,10.183500003814697,0.7832504343166765
2017-11-07,51.29365921020508,11.13266658782959,9.890000343322754,10.174000024795532,0.9639617526164096
2017-11-08,52.40596389770508,11.281572341918945,9.779999732971191,10.170499992370605,1.0977187741910668
2017-11-09,51.693782806396484,11.292116165161133,10.5,10.2,0.9939986057021943
2017-11-10,51.66977310180664,11.375137329101562,11.289999961853027,10.284000015258789,0.9763874370504689
2017-11-13,53.206172943115234,11.468700408935547,11.5,10.363500022888184,1.1802858033009924
2017-11-14,52.81406021118164,11.572806358337402,11.59000015258789,10.427500009536743,1.1063955373219614
2017-11-15,52.50199890136719,11.508234977722168,13.130000114440918,10.580500030517578,1.0727615989563666
2017-11-16,52.90210723876953,11.480563163757324,11.760000228881836,10.666000032424927,1.1347456397361642
2017-11-17,53.390228271484375,11.499007225036621,11.430000305175781,10.739000034332275,1.2014512461130296
2017-11-20,53.190181732177734,11.49505615234375,10.649999618530273,10.718000030517578,1.1734972916638613
2017-11-21,53.3502082824707,11.468700408935547,9.729999542236328,10.64650001525879,1.200898633003992
2017-11-22,54.51852035522461,11.3856782913208,9.880000114440918,10.57900004386902,1.38227053844971
2017-11-24,55.1427001953125,11.406763076782227,9.670000076293945,10.497500038146972,1.4679965758004574
2017-11-27,54.526519775390625,11.452885627746582,9.869999885559082,10.501000022888183,1.3719402559012086
2017-11-28,55.18017578125,11.546446800231934,10.029999732971191,10.477500009536744,1.4495098925089196
2017-11-29,53.67921447753906,11.788921356201172,10.699999809265137,10.503499984741211,1.1933075768430135
2017-11-30,53.53396224975586,11.88512134552002,11.279999732971191,10.557499980926513,1.1560952763837287
2017-12-01,52.84804153442383,11.8943452835083,11.430000305175781,10.632499980926514,1.056358577033271
2017-12-04,52.097564697265625,12.268598556518555,11.680000305175781,10.759499979019164,0.8850576557796849
2017-12-05,52.20248031616211,12.321308135986328,11.329999923706055,10.855999994277955,0.8910723724267754
2017-12-06,52.43649673461914,12.512385368347168,11.020000457763672,10.9125,0.891937554780985
2017-12-07,52.638240814208984,12.400373458862305,10.15999984741211,10.931500005722047,0.9399341272387995
2017-12-08,51.83934020996094,12.406965255737305,9.579999923706055,10.88550000190735,0.8244783445999316
2017-12-11,52.5978889465332,12.455723762512207,9.34000015258789,10.788000011444092,0.9247088011869918
2017-12-12,52.33966064453125,12.408281326293945,9.920000076293945,10.70900001525879,0.8958542590358549
2017-12-13,52.3719367980957,12.432148933410645,10.180000305175781,10.638500022888184,0.8963980951561126
2017-12-14,52.210533142089844,12.328725814819336,10.489999771118164,10.506500005722046,0.8909583035699029
2017-12-15,52.25897216796875,12.453365325927734,9.420000076293945,10.389499998092651,0.876609263136828
2017-12-18,52.759273529052734,12.485186576843262,9.529999732971191,10.294499969482422,0.9427739502757725
2017-12-19,52.04914855957031,12.494467735290527,10.029999732971191,10.263499975204468,0.8395636215902567
2017-12-20,52.12984848022461,12.72651195526123,9.720000267028809,10.263000011444092,0.8114929905326979
2017-12-21,51.96037673950195,12.702643394470215,9.619999885559082,10.25,0.7913153212626732
2017-12-22,52.2347526550293,12.745077133178711,9.899999618530273,10.261499977111816,0.8233359329009996
2017-12-26,51.887760162353516,12.772920608520508,10.25,10.280499982833863,0.7689239659832119
2017-12-27,52.08142852783203,12.864409446716309,10.470000267028809,10.302500009536743,0.781018820911545
2017-12-28,51.95231246948242,12.847172737121582,10.180000305175781,10.276500034332276,0.7654841027083763
2017-12-29,51.661808013916016,12.869715690612793,11.039999961853027,10.264500045776368,0.7200611308337933
2018-01-02,52.6140251159668,12.632369041442871,9.770000457763672,10.181500053405761,0.8968573756995114
2018-01-03,53.2111930847168,12.638999938964844,9.149999618530273,10.055000019073486,0.9811856341395809
2018-01-04,53.28379440307617,12.698668479919434,9.220000267028809,9.949500036239623,0.981387683487698
2018-01-05,53.638885498046875,12.66286563873291,9.220000267028809,9.85950002670288,1.0383176309699662
2018-01-08,53.47747039794922,12.686729431152344,9.520000457763672,9.827500057220458,1.0111430541612563
2018-01-09,52.6705207824707,12.66551685333252,10.079999923706055,9.852500057220459,0.8992827396241533
2018-01-10,52.662445068359375,12.685405731201172,9.819999694824219,9.876500034332276,0.8947311727979969
2018-01-11,52.799617767333984,12.681428909301758,9.880000114440918,9.874500036239624,0.915040901465798
2018-01-12,52.759273529052734,12.628389358520508,10.15999984741211,9.87350001335144,0.9183233045124383
2018-01-16,55.07526397705078,12.584632873535156,11.65999984741211,9.932000017166137,1.2572346529790734
2018-01-17,54.8896598815918,12.715904235839844,11.90999984741211,10.056500005722047,1.2082594798108484
2018-01-18,54.91386413574219,12.638999938964844,12.220000267028809,10.191000032424927,1.2248540878125835
2018-01-19,54.90580368041992,12.775567054748535,11.270000457763672,10.253000068664551,1.2003828970701997
2018-01-22,55.41416549682617,12.829934120178223,11.029999732971191,10.31850004196167,1.2638516078789839
2018-01-23,55.14790344238281,12.825960159301758,11.100000381469727,10.392500066757203,1.2264254901479248
2018-01-24,54.85738754272461,12.723860740661621,11.470000267028809,10.47100009918213,1.2022824956648885
2018-01-25,54.40549087524414,12.688061714172363,11.579999923706055,10.537500095367431,1.143724152507339
2018-01-26,55.30120086669922,12.68275260925293,11.079999923706055,10.568000078201294,1.2728152723973556
2018-01-29,54.32480239868164,15.52294635772705,13.84000015258789,10.7510000705719,0.6481446434382414
2018-01-30,54.05849838256836,15.778857231140137,14.789999961853027,10.9385000705719,0.5663394159078224
2018-01-31,55.07526397705078,15.825268745422363,13.539999961853027,11.127000045776366,0.7039238944628734
2018-02-01,53.90517044067383,15.92471694946289,13.470000267028809,11.343000078201294,0.5194924313347459
2018-02-02,53.31608200073242,15.740406036376953,17.309999465942383,11.747500038146972,0.46665776797188246
2018-02-05,49.813865661621094,15.690020561218262,37.31999969482422,13.152500009536743,-0.025939878508377874
2018-02-06,51.968448638916016,15.692669868469238,29.979999542236328,14.175499963760377,0.2819491320133802
2018-02-07,52.48490905761719,15.646263122558594,27.729999542236328,15.05799994468689,0.3637830932647393
2018-02-08,50.37067413330078,15.504387855529785,33.459999084472656,16.23999991416931,0.08543991119660413
2018-02-09,51.637603759765625,15.47521686553955,29.059999465942383,17.198999881744385,0.2717303105924098
2018-02-12,52.9852294921875,15.479194641113281,25.610000610351562,17.971499919891357,0.4639092245944708
2018-02-13,53.01750564575195,15.374441146850586,24.969999313354492,18.636999893188477,0.4864140097318045
2018-02-14,53.73571014404297,15.236542701721191,19.260000228881836,19.004499912261963,0.6127408936771294
2018-02-15,52.6785774230957,15.316095352172852,19.1299991607666,19.349999856948852,0.4478721947394311
2018-02-16,52.33158493041992,15.264389038085938,19.459999084472656,19.7594997882843,0.40704267153599083
2018-02-20,51.637603759765625,15.389021873474121,20.600000381469727,20.237999820709227,0.2864473656166279
2018-02-21,51.1614990234375,15.298864364624023,20.020000457763672,20.683999824523926,0.23370586137353597
2018-02-22,50.1769905090332,15.22327995300293,18.719999313354492,21.04649977684021,0.10571870019370624
2018-02-23,51.096927642822266,15.29753589630127,16.489999771118164,21.291999769210815,0.2246919060121625
2018-02-26,54.0504264831543,15.375764846801758,15.800000190734863,21.527999782562254,0.6340088147836948
2018-02-27,53.993446350097656,15.420852661132812,18.59000015258789,21.765499782562255,0.618156057451495
2018-02-28,52.902835845947266,15.414225578308105,19.850000381469727,22.01849980354309,0.4632108184147342
2018-03-01,52.87028121948242,15.439414978027344,22.469999313354492,22.464999771118165,0.4542510673414382
2018-03-02,52.69122314453125,15.412896156311035,19.59000015258789,22.77099976539612,0.4331540115905623
2018-03-05,52.09708786010742,15.369140625,18.729999542236328,22.841999769210815,0.35559847173191644
2018-03-06,50.57511901855469,15.396985054016113,18.360000610351562,21.893999814987183,0.13303602906039716
2018-03-07,50.85997772216797,15.420852661132812,17.760000228881836,21.28299984931946,0.16972683517707124
2018-03-08,50.314666748046875,15.560074806213379,16.540000915527344,20.723499917984007,0.06791665179264507
2018-03-09,51.29947280883789,15.639632225036621,14.640000343322754,19.782499980926513,0.19526803781928836
2018-03-12,51.120418548583984,15.591899871826172,15.779999732971191,19.118499994277954,0.17779355640022462
2018-03-13,48.58921813964844,15.599854469299316,16.350000381469727,18.655499982833863,-0.1858035234237941
2018-03-14,48.9310417175293,15.62106704711914,17.229999542236328,18.268499994277953,-0.14050717746783167
2018-03-15,48.74385452270508,15.549468040466309,16.59000015258789,18.134999990463257,-0.15507053311852406
2018-03-16,49.33799362182617,15.593229293823242,15.800000190734863,17.96850004196167,-0.07751542433056709
2018-03-19,47.50674819946289,15.693999290466309,19.020000457763672,17.94650011062622,-0.35678970779045
2018-03-20,47.41720962524414,15.776610374450684,18.200000762939453,17.826500129699706,-0.3837086645366265
2018-03-21,46.2370719909668,15.723315238952637,17.860000610351562,17.7185001373291,-0.5434979196684876
2018-03-22,45.23600387573242,15.725974082946777,23.34000015258789,17.949500179290773,-0.6872142818188846
2018-03-23,43.67332458496094,15.716647148132324,24.8700008392334,18.368500232696533,-0.9092560864331279
2018-03-26,45.68362808227539,15.779274940490723,21.030000686645508,18.630000257492064,-0.6322556559599064
2018-03-27,44.63371276855469,15.760621070861816,22.5,18.82550024986267,-0.7793235548127818
2018-03-28,44.519771575927734,15.771281242370605,22.8700008392334,18.976500272750854,-0.797449758106497
2018-03-29,45.09762954711914,15.773941993713379,19.969999313354492,18.851500272750854,-0.7152070759576542
2018-04-02,43.79540252685547,15.736639022827148,23.6200008392334,19.05300030708313,-0.8951990105585342
2018-04-03,44.58488082885742,15.748629570007324,21.100000381469727,19.1715003490448,-0.7842644249069756
2018-04-04,44.75579833984375,15.779274940490723,20.059999465942383,19.25650029182434,-0.7650369342191364
2018-04-05,44.796485900878906,15.809921264648438,18.940000534057617,19.31550030708313,-0.7644467532783746
2018-04-06,43.23381805419922,15.803261756896973,21.489999771118164,19.56300024986267,-0.9869423604086632
2018-04-09,43.48613739013672,15.92318058013916,21.770000457763672,19.919500255584715,-0.9713081685827717
2018-04-10,44.576751708984375,16.035112380981445,20.469999313354492,20.15400023460388,-0.8343422603250933
2018-04-11,44.77208709716797,16.060426712036133,20.239999771118164,20.348500204086303,-0.8107101094881213
2018-04-12,44.92673110961914,16.089746475219727,18.489999771118164,20.411500215530396,-0.7935851754575048
2018-04-13,45.35807800292969,16.097736358642578,17.40999984741211,20.452500200271608,-0.7332195283472298
2018-04-16,44.576751708984375,16.128385543823242,16.559999465942383,20.49050016403198,-0.8502678522525641
2018-04-17,45.048797607421875,16.079082489013672,15.25,20.3020001411438,-0.7742955122330406
2018-04-18,44.95112609863281,15.984474182128906,15.600000381469727,20.172000122070312,-0.7721196796273405
2018-04-19,42.78617858886719,16.04844093322754,15.960000038146973,20.077000093460082,-1.0928660736702398
2018-04-20,41.86649703979492,16.032445907592773,16.8799991607666,19.75400004386902,-1.2217502544775207
2018-04-23,41.125858306884766,15.973820686340332,16.34000015258789,19.32750000953674,-1.3177329620558944
2018-04-24,40.64564895629883,15.82990837097168,18.020000457763672,19.17699999809265,-1.3618837039172769
2018-04-25,40.491024017333984,15.948505401611328,17.84000015258789,18.944000005722046,-1.4042614312238826
2018-04-26,41.077022552490234,15.964488983154297,16.239999771118164,18.612499952316284,-1.323128515690635
2018-04-27,41.5979118347168,15.984474182128906,15.40999984741211,18.384499979019164,-1.2519965965635917
2018-04-30,41.516517639160156,15.984474182128906,15.930000305175781,17.999999952316283,-1.263644881625642
2018-05-01,41.36187744140625,16.004465103149414,15.489999771118164,17.719499921798707,-1.2891886457970283
2018-05-02,40.90610122680664,15.907193183898926,15.970000267028809,17.51499996185303,-1.3378062203441685
2018-05-03,40.946800231933594,15.82990837097168,15.899999618530273,17.36299991607666,-1.318786086434802
2018-05-04,42.7210693359375,15.817916870117188,14.770000457763672,17.026999950408936,-1.0628238232192624
2018-05-07,43.14429473876953,15.86855411529541,14.75,16.675999927520753,-1.0109021097414554
2018-05-08,43.0222053527832,15.91784954071045,14.710000038146973,16.387999963760375,-1.0367910351278111
2018-05-09,43.27452087402344,15.979148864746094,13.420000076293945,16.046999979019166,-1.0111486129034502
2018-05-10,44.73952102661133,15.937840461730957,13.229999542236328,15.783999967575074,-0.7944400745384781
2018-05-11,44.95112609863281,15.904523849487305,12.649999618530273,15.54599995613098,-0.7584688465975302
2018-05-14,46.18010711669922,15.949834823608398,12.930000305175781,15.36449999809265,-0.590326410751719
2018-05-15,45.284828186035156,15.905865669250488,14.630000114440918,15.333500003814697,-0.7109420019521943
2018-05-16,46.147552490234375,15.860555648803711,13.420000076293945,15.224499988555909,-0.57974163528763
2018-05-17,46.35102844238281,15.907193183898926,13.430000305175781,15.098000001907348,-0.558585246226774
2018-05-18,46.806793212890625,15.919191360473633,13.420000076293945,14.925000047683715,-0.4954095498395767
2018-05-21,46.969581604003906,15.953831672668457,13.079999923706055,14.762000036239623,-0.47802751568109647
2018-05-22,46.709136962890625,15.976486206054688,13.220000267028809,14.52200002670288,-0.5191676929499587
2018-05-23,47.87300491333008,16.02178382873535,12.579999923706055,14.259000015258788,-0.3603412779582199
2018-05-24,48.0846061706543,16.039112091064453,12.529999732971191,14.07350001335144,-0.33301777355027923
2018-05-25,48.80083084106445,16.03777313232422,13.220000267028809,13.964000034332276,-0.23029058195912122
2018-05-29,47.88797378540039,15.975150108337402,17.020000457763672,14.01850004196167,-0.35023678224459864
2018-05-30,48.01955795288086,16.073755264282227,14.9399995803833,13.991000032424926,-0.34824181787688047
2018-05-31,47.797515869140625,15.896538734436035,15.430000305175781,13.964000034332276,-0.3497599547974255
2018-06-01,48.200477600097656,15.979148864746094,13.460000038146973,13.842000055313111,-0.3061972615665137
2018-06-04,48.2827262878418,16.017789840698242,12.739999771118164,13.740500020980836,-0.30102430549094583
2018-06-05,48.50476837158203,16.00579833984375,12.399999618530273,13.623000001907348,-0.2672005214310378
2018-06-06,49.21202850341797,16.02444839477539,11.640000343322754,13.469500017166137,-0.1691691932459434
2018-06-07,49.86994552612305,16.017789840698242,12.130000114440918,13.405000019073487,-0.07387810646493931
2018-06-08,49.557430267333984,16.059101104736328,12.180000305175781,13.352500057220459,-0.12565556196581165
2018-06-11,49.286041259765625,16.06842803955078,12.350000381469727,13.337500095367432,-0.16608640931684862
2018-06-12,49.1709098815918,16.095077514648438,12.34000015258789,13.308000087738037,-0.18711297584526035
2018-06-13,48.7021598815918,16.055097579956055,12.9399995803833,13.223500061035157,-0.24736933730872424
2018-06-14,48.89951705932617,16.073755264282227,12.119999885559082,13.158500051498413,-0.22231128382928608
2018-06-15,49.22848892211914,16.189680099487305,11.979999542236328,13.086000013351441,-0.19502544574588507
2018-06-18,48.68568420410156,16.22966194152832,12.3100004196167,13.030500030517578,-0.27953253010138285
2018-06-19,48.27449417114258,16.228322982788086,13.350000381469727,13.044000053405762,-0.33814912670273906
2018-06-20,48.348506927490234,16.256303787231445,12.789999961853027,13.022500038146973,-0.3323346781160102
2018-06-21,48.315608978271484,16.276287078857422,14.640000343322754,13.125500059127807,-0.34045466367790417
2018-06-22,48.11002731323242,16.305606842041016,13.770000457763672,13.187500095367431,-0.37488145700795117
2018-06-25,46.917545318603516,16.24564552307129,17.329999923706055,13.393000078201293,-0.5352991141391947
2018-06-26,46.42412567138672,16.02444839477539,15.920000076293945,13.338000059127808,-0.5681446569225787
2018-06-27,45.3714485168457,15.909860610961914,17.90999984741211,13.486500072479249,-0.6992279091366965
2018-06-28,45.9718017578125,15.9898042678833,16.850000381469727,13.557500076293945,-0.6269613322606714
2018-06-29,46.15271759033203,16.256303787231445,16.09000015258789,13.68900008201599,-0.6465730578986402
2018-07-02,46.202064514160156,16.480167388916016,15.600000381469727,13.832000112533569,-0.6777338312402191
2018-07-03,45.503028869628906,16.418869018554688,16.139999389648438,14.019000101089478,-0.7673063231337682
2018-07-05,47.18893814086914,16.497482299804688,14.970000267028809,14.18550009727478,-0.5394591828675004
2018-07-06,47.56724166870117,16.378890991210938,13.369999885559082,14.247500085830689,-0.46507189485142075
2018-07-09,47.73173522949219,16.477493286132812,12.6899995803833,14.273000049591065,-0.4583667941828889
2018-07-10,48.00310516357422,18.364421844482422,12.640000343322754,14.287500047683716,-0.7417080250209989
2018-07-11,47.123146057128906,19.86237335205078,13.630000114440918,14.352000045776368,-1.1234009210369125
2018-07-12,47.96199417114258,20.68996810913086,12.579999923706055,14.334000062942504,-1.1446584627455125
2018-07-13,48.01955795288086,20.06926918029785,12.180000305175781,14.33700008392334,-1.0304415227900992
2018-07-16,47.986663818359375,20.52444839477539,12.829999923706055,14.379500102996825,-1.1128669306731704
2018-07-17,48.447200775146484,20.656864166259766,12.0600004196167,14.367000102996826,-1.0695685596546993
2018-07-18,48.32383346557617,20.516178131103516,12.100000381469727,14.304500102996826,-1.0632026644335086
2018-07-19,48.77615737915039,20.21824073791504,12.869999885559082,14.30850009918213,-0.947600549317795
2018-07-20,48.200477600097656,20.334104537963867,12.859999656677246,14.219500064849854,-1.0497685611859568
2018-07-23,48.587005615234375,20.09410285949707,12.619999885559082,14.162000036239624,-0.9534744921510617
2018-07-24,48.39785385131836,20.118925094604492,12.40999984741211,13.916000032424927,-0.9847820957415908
2018-07-25,48.866615295410156,20.13547706604004,12.289999961853027,13.73450002670288,-0.9205239728917618
2018-07-26,52.287784576416016,20.2927188873291,12.140000343322754,13.446000051498412,-0.4577697366762885
2018-07-27,51.555850982666016,19.994787216186523,13.029999732971191,13.255000019073487,-0.5116471336950651
2018-07-30,51.02130126953125,19.854097366333008,14.260000228881836,13.163500022888183,-0.5641247076210419
2018-07-31,52.707191467285156,19.870647430419922,12.829999923706055,13.025,-0.32568353535315614
2018-08-01,52.92101287841797,20.027894973754883,13.149999618530273,12.875500011444093,-0.3219323219856212
2018-08-02,53.26641845703125,19.77133560180664,12.1899995803833,12.736499977111816,-0.2286961814737341
2018-08-03,53.78453826904297,19.895475387573242,11.640000343322754,12.65,-0.17574410159140144
2018-08-06,54.055931091308594,19.804441452026367,11.270000457763672,12.57900004386902,-0.1213619392932056
2018-08-07,53.81743240356445,19.74650764465332,10.930000305175781,12.49350004196167,-0.14560167405293675
2018-08-08,53.58716583251953,19.589263916015625,10.850000381469727,12.35450005531311,-0.15170699785130715
2018-08-09,53.52136993408203,19.75478172302246,11.270000457763672,12.289000082015992,-0.18938376273865823
2018-08-10,53.30755615234375,19.614093780517578,13.15999984741211,12.338000059127808,-0.19596129396641107
2018-08-13,53.32399368286133,19.663745880126953,14.779999732971191,12.435500049591065,-0.20208659651160366
2018-08-14,53.809207916259766,19.53961181640625,13.3100004196167,12.498000049591065,-0.11145298982084724
2018-08-15,54.014808654785156,19.324432373046875,14.640000343322754,12.625000047683717,-0.045289521864703884
2018-08-16,54.08059310913086,19.52305030822754,13.449999809265137,12.654000043869019,-0.0697874470867196
2018-08-17,54.32731246948242,19.55615997314453,12.640000343322754,12.643000078201293,-0.040132746493076236
2018-08-20,54.40956115722656,19.324432373046875,12.489999771118164,12.636500072479247,0.011203323183385917
2018-08-21,54.730281829833984,19.034770965576172,12.859999656677246,12.659000062942505,0.10655870682924717
2018-08-22,54.968780517578125,19.134082794189453,12.25,12.657000064849854,0.12373349963825014
2018-08-23,54.98522186279297,19.200294494628906,12.40999984741211,12.670500040054321,0.11478133331330624
2018-08-24,55.223731994628906,19.357532501220703,11.989999771118164,12.61850004196167,0.122067366211336
2018-08-27,55.379974365234375,19.117530822753906,12.15999984741211,12.513500022888184,0.18540536491648316
2018-08-28,57.3866081237793,18.98511505126953,12.5,12.497000026702882,0.49518263513254723
2018-08-29,56.90963363647461,18.86924934387207,12.25,12.452000045776368,0.44670611546687167
2018-08-30,56.037879943847656,19.034770965576172,13.529999732971191,12.519000053405762,0.2936884582134413
2018-08-31,56.50665283203125,18.86924934387207,12.859999656677246,12.580000019073486,0.38903572198747277
2018-09-04,58.07513427734375,18.745115280151367,13.15999984741211,12.674499988555908,0.6346951901226955
2018-09-05,58.830318450927734,18.993396759033203,13.90999984741211,12.823499965667725,0.7003773108379732
2018-09-06,58.390506744384766,19.026493072509766,14.649999618530273,13.013499927520751,0.6317851528359187
2018-09-07,58.40708541870117,18.935461044311523,14.880000114440918,13.193999910354615,0.6497006565478582
2018-09-10,60.01706314086914,19.117530822753906,14.15999984741211,13.243999910354614,0.8490169596651568
2018-09-11,60.174747467041016,19.18374252319336,13.220000267028809,13.165999937057496,0.8602780099455218
2018-09-12,59.54403305053711,19.870647430419922,13.140000343322754,13.157499933242798,0.6527336495722742
2018-09-13,61.91749572753906,19.969959259033203,12.369999885559082,13.043999910354614,0.9754421352203624
2018-09-14,62.31581497192383,20.2513427734375,12.069999694824219,12.974999904632568,0.9844015952550869
2018-09-17,60.780540466308594,19.481672286987305,13.680000305175781,13.026999902725219,0.8961038114510255
2018-09-18,62.00877380371094,19.489948272705078,12.789999961853027,13.041999912261963,1.0704626534415598
2018-09-19,61.46103286743164,19.498228073120117,11.75,12.986499929428101,0.9906620006983712
2018-09-20,61.9091911315918,19.572710037231445,11.800000190734863,12.963999938964843,1.0420805631575183
2018-09-21,61.162288665771484,19.69685173034668,11.680000305175781,12.927499961853027,0.9139955738929647
2018-09-24,61.062713623046875,19.481672286987305,12.199999809265137,12.937999963760376,0.9364854792599894
2018-09-25,60.3656120300293,19.473400115966797,12.420000076293945,12.950999975204468,0.838136000192276
2018-09-26,59.55231857299805,19.390644073486328,12.890000343322754,12.970499992370605,0.7358758397937329
2018-09-27,59.51082229614258,19.12580680847168,12.40999984741211,12.97849998474121,0.7751560168413689
2018-09-28,59.77638244628906,19.175466537475586,12.119999885559082,12.907999992370605,0.8046812326231105
2018-10-01,60.249412536621094,19.117530822753906,12.0,12.865000009536743,0.8822683724619147
2018-10-02,60.871829986572266,18.894081115722656,12.050000190734863,12.809500026702882,1.0094943605739461
2018-10-03,60.282615661621094,18.894081115722656,11.609999656677246,12.694500017166138,0.9251721755245375
2018-10-04,60.066856384277344,18.652488708496094,14.220000267028809,12.673000049591064,0.9355447965540232
2018-10-05,59.095890045166016,18.544193267822266,14.819999694824219,12.670000028610229,0.81508077714356
2018-10-08,58.86354064941406,18.794111251831055,15.6899995803833,12.746500015258789,0.739158013795401
2018-10-09,58.19961929321289,19.12734031677246,15.949999809265137,12.882999992370605,0.58724853811989
2018-10-10,55.37802505493164,19.593862533569336,22.959999084472656,13.3739999294281,0.10379684909669061
2018-10-11,53.35309600830078,18.985719680786133,24.979999542236328,14.004499912261963,-0.0821546228273757
2018-10-12,53.35309600830078,19.193984985351562,21.309999465942383,14.46649990081787,-0.11771413589744381
2018-10-15,53.253517150878906,19.41891860961914,21.299999237060547,14.84749984741211,-0.17037030495382124
2018-10-16,54.87180709838867,19.902097702026367,17.6200008392334,15.088999891281128,-0.021276273906473835
2018-10-17,54.85519027709961,19.9354190826416,17.399999618530273,15.371499872207641,-0.029343639109154225
2018-10-18,54.066810607910156,19.82712173461914,20.059999465942383,15.784499835968017,-0.12367744035914134
2018-10-19,54.2410774230957,20.060379028320312,19.889999389648438,16.194999790191652,-0.13856487905370632
2018-10-22,54.87180709838867,19.927091598510742,19.639999389648438,16.566999769210817,-0.025543767191361505
2018-10-23,55.08755874633789,19.77713966369629,20.709999084472656,16.98149971961975,0.03093535544896519
2018-10-24,51.96720886230469,19.9354190826416,25.229999542236328,17.59849967956543,-0.4426413017173586
2018-10-25,52.44853591918945,20.035385131835938,24.219999313354492,18.18899965286255,-0.3908271577047842
2018-10-26,51.85100555419922,20.077045440673828,24.15999984741211,18.7909996509552,-0.4834525874697065
2018-10-29,51.5937614440918,20.21866226196289,24.700000762939453,19.425999689102174,-0.5444465277751134
2018-10-30,52.43194580078125,20.48524284362793,23.350000381469727,19.990999698638916,-0.47001070460109606
2018-10-31,52.1912727355957,21.659875869750977,21.229999542236328,20.47199969291687,-0.7050118203441024
2018-11-01,52.87177658081055,22.09307861328125,19.34000015258789,20.727999687194824,-0.6815908849461217
2018-11-02,52.556427001953125,22.20137596130371,19.510000228881836,20.962499713897706,-0.7452112575122003
2018-11-05,52.672607421875,22.20137596130371,19.959999084472656,21.175999689102174,-0.7285847322345228
2018-11-06,52.805389404296875,22.66790008544922,19.90999984741211,21.373999691009523,-0.7892373548521301
2018-11-07,52.45683670043945,23.017789840698242,16.360000610351562,21.043999767303468,-0.8988592408078976
2018-11-08,48.174652099609375,23.717571258544922,16.719999313354492,20.630999755859374,-1.6311623363352379
2018-11-09,47.070884704589844,23.759225845336914,17.360000610351562,20.433499813079834,-1.7962341324913664
2018-11-12,45.22026062011719,23.750898361206055,20.450000762939453,20.39099988937378,-2.059654228792291
2018-11-13,44.94640350341797,23.267711639404297,20.020000457763672,20.510999870300292,-2.0163458067973092
2018-11-14,44.76382827758789,23.126089096069336,21.25,20.70349988937378,-2.0182932279051196
2018-11-15,45.96715545654297,22.942811965942383,19.979999542236328,20.699499893188477,-1.8147926442431614
2018-11-16,46.37379455566406,23.084434509277344,18.139999389648438,20.611999893188475,-1.7807795475628878
2018-11-19,45.560523986816406,22.859508514404297,20.100000381469727,20.63499994277954,-1.858762133415775
2018-11-20,45.57711410522461,21.918128967285156,22.479999542236328,20.723499965667724,-1.6956554522076286
2018-11-21,45.867576599121094,21.79317855834961,20.799999237060547,20.501999950408937,-1.6327532914644687
2018-11-23,45.850982666015625,22.109739303588867,21.520000457763672,20.367000007629393,-1.6891780714210587
2018-11-26,46.24931335449219,22.226367950439453,18.899999618530273,20.1039999961853,-1.6520864941973863
2018-11-27,46.11654281616211,21.743188858032227,19.020000457763672,19.819999980926514,-1.588588540951551
2018-11-28,47.012813568115234,22.20137596130371,18.489999771118164,19.576999950408936,-1.5385551699318512
2018-11-29,48.22444152832031,22.476289749145508,18.790000915527344,19.455000019073488,-1.4120988316425653
2018-11-30,48.34891128540039,22.492950439453125,18.06999969482422,19.391499996185303,-1.3971306930809126
2018-12-03,49.079219818115234,21.95145606994629,16.440000534057617,19.238000011444093,-1.200161066713603
2018-12-04,47.90908432006836,22.03476905822754,20.739999771118164,19.27700004577637,-1.381843585365353
2018-12-06,47.90908432006836,21.643217086791992,21.190000534057617,19.341000080108643,-1.3149894472028485
2018-12-07,46.96952438354492,21.90980339050293,23.229999542236328,19.68450002670288,-1.4949667510889777
2018-12-10,48.01814270019531,21.618228912353516,22.639999389648438,19.98050003051758,-1.2951156373974277
2018-12-11,48.11041259765625,21.901473999023438,21.760000228881836,20.200500011444092,-1.3302726030099323
2018-12-12,48.42080307006836,21.759845733642578,21.459999084472656,20.250999927520752,-1.261670957799189
2018-12-13,48.731197357177734,21.78484344482422,20.649999618530273,20.282499885559083,-1.2215187219014978
2018-12-14,48.336917877197266,21.593238830566406,21.6299991607666,20.301499843597412,-1.2452290297173576
2018-12-17,47.81680679321289,21.026750564575195,24.520000457763672,20.52849988937378,-1.2229388735787505
2018-12-18,48.471126556396484,20.526899337768555,25.579999923706055,20.90049991607666,-1.043954173460429
2018-12-19,47.55674743652344,20.91011619567871,25.579999923706055,21.174499893188475,-1.2402415285226052
2018-12-20,47.28831100463867,21.118383407592773,28.3799991607666,21.46949987411499,-1.3142171788290014
2018-12-21,46.013179779052734,20.926776885986328,30.110000610351562,21.93499994277954,-1.4639854401996217
2018-12-24,45.00651168823242,20.535234451293945,36.06999969482422,22.66249990463257,-1.5411967275887484
2018-12-26,46.9443473815918,21.334985733032227,30.40999984741211,23.23799991607666,-1.4004246390451154
2018-12-27,47.05341339111328,21.218347549438477,29.959999084472656,23.78499984741211,-1.3649012850324875
2018-12-28,47.65740966796875,21.168373107910156,28.34000015258789,24.277499866485595,-1.2699309548692415
2018-12-31,47.741302490234375,21.359970092773438,25.420000076293945,24.608999824523927,-1.290638633070082
2019-01-02,48.15235900878906,21.060068130493164,23.219999313354492,24.866499805450438,-1.1806068421463065
2019-01-03,46.72623825073242,20.98464584350586,25.450000762939453,25.31699981689453,-1.3718206052993769
2019-01-04,47.48124313354492,21.420419692993164,21.3799991607666,25.348999786376954,-1.3381768557069178
2019-01-07,47.347023010253906,21.688602447509766,21.399999618530273,25.359499740600587,-1.403174937789656
2019-01-08,46.93596649169922,21.69698143005371,20.469999313354492,25.221499729156495,-1.4634316822658726
2019-01-09,47.489627838134766,22.18305206298828,19.979999542236328,25.088499736785888,-1.4671898555528213
2019-01-10,47.64903259277344,22.023822784423828,19.5,24.9754997253418,-1.417190483513558
2019-01-11,48.23625564575195,22.627214431762695,18.190000534057617,24.811999797821045,-1.4361772129172714
2019-01-14,48.068458557128906,22.082483291625977,19.06999969482422,24.732999801635742,-1.36718240901139
2019-01-15,46.75141143798828,22.266855239868164,18.600000381469727,24.5814998626709,-1.5871443306482496
2019-01-16,46.36552429199219,22.015439987182617,19.040000915527344,24.307499885559082,-1.5994414623772566
2019-01-17,45.94609069824219,22.023822784423828,18.059999465942383,23.931499862670897,-1.6608976974733585
2019-01-18,46.36552429199219,22.350658416748047,17.799999237060547,23.542499828338624,-1.6566771318150082
2019-01-22,45.54340744018555,22.250091552734375,20.799999237060547,23.16349983215332,-1.757158959197657
2019-01-23,43.429405212402344,22.216569900512695,19.520000457763672,22.633999824523926,-2.0539692898289688
2019-01-24,42.62406539916992,22.099241256713867,18.889999389648438,21.774999809265136,-2.14918823308786
2019-01-25,43.035118103027344,22.04058265686035,17.420000076293945,21.12549982070923,-2.0803472214601344
2019-01-28,42.481449127197266,22.04058265686035,18.8700008392334,20.570999908447266,-2.1595825283069754
2019-01-29,41.44123077392578,22.18305206298828,19.1299991607666,20.1104998588562,-2.332773116012069
2019-01-30,42.087162017822266,22.27523422241211,17.65999984741211,19.72249984741211,-2.2560735118141584
2019-01-31,41.541900634765625,22.811580657958984,16.56999969482422,19.389999866485596,-2.425682162050621
2019-02-01,41.61739730834961,22.803203582763672,16.139999389648438,18.924499797821046,-2.413447554902209
2019-02-04,41.68450927734375,22.769681930541992,15.729999542236328,18.641999816894533,-2.398119658191895
2019-02-05,42.55695343017578,22.719396591186523,15.569999694824219,18.350499820709228,-2.2646787955617955
2019-02-06,42.867340087890625,22.727783203125,15.380000114440918,18.09599986076355,-2.221691448891899
2019-02-07,42.40595245361328,22.769681930541992,16.3700008392334,17.915499925613403,-2.294874264392154
2019-02-08,42.187843322753906,23.2808895111084,15.720000267028809,17.726499938964842,-2.413372065909732
2019-02-11,42.640846252441406,23.61610984802246,15.970000267028809,17.615499925613403,-2.405779024703603
2019-02-12,43.33712387084961,23.71666717529297,15.430000305175781,17.43349995613098,-2.3233043625375425
2019-02-13,43.27839660644531,23.81723403930664,15.649999618530273,17.285999917984007,-2.348879722533997
2019-02-14,43.26162338256836,23.406591415405273,16.219999313354492,17.144999837875368,-2.2811664275149695
2019-02-15,43.60556411743164,23.666383743286133,14.90999984741211,16.98749985694885,-2.276302540647234
2019-02-19,43.630733489990234,23.607728958129883,14.880000114440918,16.841499900817873,-2.262685762481665
2019-02-20,43.99984359741211,23.607728958129883,14.020000457763672,16.502499961853026,-2.209862588530126
2019-02-21,43.915958404541016,23.607728958129883,14.460000038146973,16.24949994087219,-2.22186735904681
2019-02-22,44.5619010925293,23.029470443725586,13.510000228881836,15.980499982833862,-2.030694126887985
2019-02-25,44.452842712402344,22.627214431762695,14.850000381469727,15.851999998092651,-1.9776196591963384
2019-02-26,44.48640823364258,22.250091552734375,15.170000076293945,15.666999959945679,-1.908425618742264
2019-02-27,44.49479675292969,22.576934814453125,14.699999809265137,15.445499992370605,-1.9630308231083584
2019-02-28,44.78840637207031,21.07682991027832,14.779999732971191,15.30149998664856,-1.664882452586583
2019-03-01,45.46791458129883,21.78916358947754,13.569999694824219,15.15149998664856,-1.6892632134790466
2019-03-04,45.11556625366211,21.831069946289062,14.630000114440918,15.076000022888184,-1.7468427677198375
2019-03-05,45.24979019165039,21.78916358947754,14.739999771118164,15.026500034332276,-1.7204788923396193
2019-03-06,46.50578689575195,22.216569900512695,15.739999771118164,15.035000038146972,-1.613709753356372
2019-03-07,45.852325439453125,22.241716384887695,16.59000015258789,15.095500040054322,-1.7115198615273
2019-03-08,45.42800521850586,22.1243839263916,16.049999237060547,15.079499959945679,-1.752210618727798
2019-03-11,46.1238899230957,22.52664566040039,14.329999923706055,15.00999994277954,-1.721305623987516
2019-03-12,46.53974533081055,22.819961547851562,13.770000457763672,14.899999952316284,-1.7118739221364963
2019-03-13,47.00648880004883,22.912151336669922,13.40999984741211,14.798999929428101,-1.660819098785947
2019-03-14,47.01498794555664,22.93729019165039,13.5,14.691499948501587,-1.6638950337716576
2019-03-15,48.033355712890625,23.19708251953125,12.880000114440918,14.524499988555908,-1.5625142113405663
2019-03-18,48.22854232788086,23.322792053222656,13.100000381469727,14.434000015258789,-1.55604497045444
2019-03-19,48.34736251831055,23.046234130859375,13.5600004196167,14.368000030517578,-1.491820777503866
2019-03-20,48.508583068847656,23.264127731323242,13.90999984741211,14.3625,-1.505952042256002
2019-03-21,49.026275634765625,23.498779296875,13.630000114440918,14.321000003814698,-1.471930043160927
2019-03-22,48.22005844116211,23.22222328186035,16.479999542236328,14.469499969482422,-1.5400878410352998
2019-03-25,48.06730270385742,23.306028366088867,16.329999923706055,14.543499946594238,-1.576257641564573
2019-03-26,49.22145080566406,23.590959548950195,14.680000305175781,14.51899995803833,-1.4597376030023357
2019-03-27,48.29643249511719,23.398216247558594,15.149999618530273,14.541499948501587,-1.5592072743020378
2019-03-28,47.99092483520508,23.44011688232422,14.430000305175781,14.523999977111817,-1.6100825056147097
2019-03-29,48.39826583862305,23.44011688232422,13.710000038146973,14.530999994277954,-1.5517881261098188
2019-04-01,49.06021499633789,23.213848114013672,13.399999618530273,14.469499969482422,-1.418423443368402
2019-04-02,49.29783248901367,22.93729019165039,13.359999656677246,14.400499963760376,-1.337198224340949
2019-04-03,48.949893951416016,23.130035400390625,13.739999771118164,14.300499963760377,-1.4199011348154509
2019-04-04,49.1026496887207,22.96994400024414,13.579999923706055,14.149999952316284,-1.3707061006611492
2019-04-05,49.212974548339844,23.012069702148438,12.819999694824219,13.988499975204467,-1.3621101638719104
2019-04-08,49.01778030395508,23.26485824584961,13.180000305175781,13.930999994277954,-1.4332057944023282
2019-04-09,48.7462043762207,23.323843002319336,14.279999732971191,13.95649995803833,-1.4821420386108213
2019-04-10,47.804222106933594,23.644039154052734,13.300000190734863,13.950999975204468,-1.671619422779606
2019-04-11,47.43930435180664,22.64132308959961,13.020000457763672,13.92699999809265,-1.5526374701619563
2019-04-12,48.33038330078125,22.337970733642578,12.010000228881836,13.883500003814698,-1.3733207697799565
2019-04-15,48.52557373046875,22.371675491333008,12.319999694824219,13.844499969482422,-1.3511419572124594
2019-04-16,59.78710174560547,22.262136459350586,12.180000305175781,13.775499963760376,0.2791928723616983
2019-04-17,67.11092376708984,22.1104679107666,12.600000381469727,13.709999990463256,1.3531977016643362
2019-04-18,67.79830169677734,22.42223358154297,12.09000015258789,13.632999992370605,1.3983367218543736
2019-04-22,69.56350708007812,22.624465942382812,12.420000076293945,13.430000019073486,1.6164249947075857
2019-04-23,73.59455871582031,23.045778274536133,12.279999732971191,13.227500009536744,2.1213714349677244
2019-04-24,73.68793487548828,23.17216682434082,13.140000343322754,13.150500011444091,2.1131546932817082
2019-04-25,72.19430541992188,23.306989669799805,13.25,13.055500030517578,1.8763822404778914
2019-04-26,73.52666473388672,24.040067672729492,12.729999542236328,12.970499992370605,1.941888779059566
2019-04-29,74.04435729980469,24.107481002807617,13.109999656677246,12.940499973297118,2.004465271340862
2019-04-30,73.0938720703125,24.495092391967773,13.119999885559082,12.92649998664856,1.8022604594152096
2019-05-01,73.29755401611328,23.989517211914062,14.800000190734863,12.99850001335144,1.917731909220616
2019-05-02,73.95099639892578,24.39397430419922,14.420000076293945,13.03250002861023,1.9421881646623977
2019-05-03,75.77558898925781,24.47823715209961,12.869999885559082,12.997000026702882,2.188917594516324
2019-05-06,74.89301300048828,24.806859970092773,15.4399995803833,13.128000020980835,2.0065030342930648
2019-05-07,72.30462646484375,24.486665725708008,19.31999969482422,13.434999990463258,1.6907506727792085
2019-05-08,71.74453735351562,24.52879524230957,19.399999618530273,13.690999984741211,1.6034033300263248
2019-05-09,71.09954071044922,23.829416275024414,19.100000381469727,13.980999994277955,1.63051111906797
2019-05-10,72.8477554321289,24.781579971313477,16.040000915527344,14.132000017166138,1.7181235279729825
2019-05-13,71.19290924072266,24.68046760559082,20.549999237060547,14.558999967575073,1.4985633360073314
2019-05-14,73.0938720703125,24.93325424194336,18.059999465942383,14.845999956130981,1.7274480845766675
2019-05-15,73.20417022705078,24.891124725341797,16.440000534057617,15.058999967575073,1.750426055268513
2019-05-16,70.2763900756836,24.099058151245117,15.289999961853027,15.193499946594239,1.4666713828535005
2019-05-17,69.16463470458984,24.65519142150879,15.960000038146973,15.386999940872192,1.2126136121185187
2019-05-20,65.02323913574219,24.562498092651367,16.309999465942383,15.581499910354614,0.6357670294155713
2019-05-21,65.98222351074219,24.495092391967773,14.949999809265137,15.714999914169312,0.7845157772978109
2019-05-22,58.81964874267578,24.53722381591797,14.75,15.795499897003173,-0.24771050957312793
2019-05-23,57.92856216430664,24.39397430419922,16.920000076293945,15.978999900817872,-0.35077486637982347
2019-05-24,56.1888427734375,24.613059997558594,15.850000381469727,16.13499994277954,-0.6371522921289337
2019-05-28,55.47597885131836,24.30128288269043,17.5,16.354499959945677,-0.6859366467342531
2019-05-29,55.80694580078125,23.955812454223633,17.899999618530273,16.59349994659424,-0.579586011936625
2019-05-30,56.511329650878906,23.90525245666504,17.299999237060547,16.718499898910522,-0.4701492846937504
2019-05-31,56.706512451171875,23.753582000732422,18.709999084472656,16.932999849319458,-0.41632033744225316
2019-06-03,56.570735931396484,23.753582000732422,18.860000610351562,17.232499885559083,-0.43575125135768444
2019-06-04,58.08980941772461,23.652462005615234,16.969999313354492,17.308999872207643,-0.20109198767409728
2019-06-05,57.3961181640625,23.89682960510254,16.09000015258789,17.147499895095827,-0.3420894869130192
2019-06-06,57.884273529052734,23.89682960510254,15.930000305175781,16.9739999294281,-0.27222980211499725
2019-06-07,58.826297760009766,23.879972457885742,16.299999237060547,16.83399987220764,-0.13453894408507186
2019-06-10,60.41067123413086,24.115907669067383,15.9399995803833,16.82899980545044,0.051916086854861196
2019-06-11,61.01014709472656,23.87154769897461,15.989999771118164,16.60099983215332,0.17942916282982926
2019-06-12,59.59706497192383,23.997940063476562,15.90999984741211,16.493499851226808,-0.04437676678932936
2019-06-13,59.88825607299805,24.115907669067383,15.819999694824219,16.462499809265136,-0.022846501263321703
2019-06-14,58.851993560791016,24.12433433532715,15.279999732971191,16.461999797821044,-0.1725843231619758
2019-06-17,59.186004638671875,25.312440872192383,15.350000381469727,16.431499814987184,-0.32764314766115904
2019-06-18,61.62675094604492,25.33771514892578,15.149999618530273,16.373499822616576,0.01733554316698015
2019-06-19,61.489715576171875,25.64105796813965,14.329999923706055,16.342499828338624,-0.05406870677466046
2019-06-20,62.294742584228516,26.045516967773438,14.75,16.342499828338624,-0.007919572538738519
2019-06-21,62.27760696411133,25.826431274414062,15.399999618530273,16.26649980545044,0.027035158499671606
2019-06-24,62.65444564819336,25.253450393676758,15.260000228881836,16.236999797821046,0.1787959325203362
2019-06-25,62.13202667236328,24.916400909423828,16.280000686645508,16.17599983215332,0.16158110479106097
2019-06-26,64.18739318847656,24.233877182006836,16.209999084472656,16.09149980545044,0.5722587085532898
2019-06-27,64.59847259521484,24.16646957397461,15.819999694824219,16.01749982833862,0.6425973596654977
2019-06-28,65.1465835571289,24.35184097290039,15.079999923706055,15.835999870300293,0.6893866865574337
2019-07-01,66.38834381103516,24.840566635131836,14.0600004196167,15.59599986076355,0.7836487009753359
2019-07-02,65.95159149169922,25.076501846313477,12.930000305175781,15.393999910354614,0.6808613697609882
2019-07-03,65.62617492675781,25.5761661529541,12.569999694824219,15.21799988746643,0.5489777667369724
2019-07-05,65.6518325805664,25.474538803100586,13.279999732971191,15.0854998588562,0.5700016191616355
2019-07-08,65.62617492675781,25.339035034179688,13.960000038146973,14.968499898910522,0.5894658698080695
2019-07-09,65.5576400756836,24.890182495117188,14.09000015258789,14.875999927520752,0.6562955977242079
2019-07-10,63.6821174621582,24.69540023803711,13.029999732971191,14.727999925613403,0.42114783664695143
2019-07-11,63.12546920776367,24.593772888183594,12.930000305175781,14.578999948501586,0.35883816429531706
2019-07-12,64.14457702636719,24.331235885620117,12.390000343322754,14.407499980926513,0.5495081447768432
2019-07-15,64.59847259521484,24.136449813842773,12.680000305175781,14.277500009536743,0.6477229760277419
2019-07-16,64.80398559570312,23.95860481262207,12.859999656677246,14.152999973297119,0.7074993523066797
2019-07-17,64.88107299804688,23.696063995361328,13.970000267028809,14.094000005722046,0.7633578851953956
2019-07-18,63.6906852722168,23.687602996826172,13.529999732971191,14.053999996185302,0.5944467002359207
2019-07-19,64.23020935058594,23.399654388427734,14.449999809265137,14.038999986648559,0.7208224906796595
2019-07-22,65.04377746582031,23.382715225219727,13.529999732971191,13.945499992370605,0.8401440579032589
2019-07-23,63.476585388183594,23.47587013244629,12.609999656677246,13.812999963760376,0.5999585356259254
2019-07-24,64.97528076171875,23.509750366210938,12.069999694824219,13.60249991416931,0.8086513668859483
2019-07-25,64.52994537353516,23.72147560119629,12.739999771118164,13.428999948501588,0.7087693623484065
2019-07-26,64.41862487792969,23.797697067260742,12.15999984741211,13.245999956130982,0.6798241774857703
2019-07-29,64.20452117919922,23.713008880615234,12.829999923706055,13.133499956130981,0.6636436787450245
2019-07-30,64.06748962402344,23.88237953186035,13.9399995803833,13.127499914169311,0.6151145724282353
2019-07-31,62.65444564819336,23.831571578979492,16.1200008392334,13.286999940872192,0.4215695351652072
2019-08-01,60.975887298583984,23.840038299560547,17.8700008392334,13.55199999809265,0.1799062189927537
2019-08-02,60.933074951171875,23.797697067260742,17.610000610351562,13.76850004196167,0.18100876605228017
2019-08-05,58.92051696777344,23.670663833618164,24.59000015258789,14.300000047683715,-0.0853176266015351
2019-08-06,58.3809814453125,23.58597183227539,20.170000076293945,14.604000043869018,-0.148069869321438
2019-08-07,59.43435287475586,23.382715225219727,19.489999771118164,14.927000045776367,0.03738194171126511
2019-08-08,61.02727508544922,24.585302352905273,16.90999984741211,15.126000022888183,0.060012861019025865
2019-08-09,61.23280334472656,24.63611602783203,17.969999313354492,15.40499997138977,0.08074991475874062
2019-08-12,59.77691650390625,24.23807716369629,21.09000015258789,15.825499963760375,-0.05963964719744138
2019-08-13,61.815155029296875,24.111045837402344,17.520000457763672,16.058500003814697,0.25374121854639325
2019-08-14,60.70183563232422,23.221805572509766,22.100000381469727,16.465000009536745,0.2462447452950267
2019-08-15,60.94162368774414,23.577499389648438,21.18000030517578,16.847500038146972,0.2198290350683574
2019-08-16,62.75719451904297,23.72147560119629,18.469999313354492,17.04850001335144,0.45507182094634524
2019-08-19,64.11888885498047,23.670663833618164,16.8799991607666,17.21599998474121,0.6586189303805781
2019-08-20,65.1465835571289,23.619844436645508,17.5,17.46050000190735,0.8143688118927777
2019-08-21,65.68608856201172,23.484342575073242,15.800000190734863,17.64700002670288,0.9147128992736588
2019-08-22,66.07147216796875,23.28108787536621,16.68000030517578,17.84400005340576,1.0045689612502307
2019-08-23,62.962738037109375,22.62897491455078,19.8700008392334,18.229500102996827,0.6710221717484318
2019-08-26,62.44033432006836,22.645917892456055,19.31999969482422,18.554000091552734,0.5933683533447633
2019-08-27,63.348121643066406,22.65438461303711,20.309999465942383,18.872500085830687,0.7218357505174303
2019-08-28,63.67356872558594,22.722137451171875,19.350000381469727,19.034000062942503,0.75684211395927
2019-08-29,65.47199249267578,23.06936264038086,17.8799991607666,19.034499979019166,0.954927973229535
2019-08-30,66.60245513916016,23.10323715209961,18.979999542236328,19.102999925613403,1.110924169020684
2019-09-03,64.3329849243164,22.52735137939453,19.65999984741211,18.856499910354614,0.8844689059358097
2019-09-04,66.02008819580078,22.86610984802246,17.329999923706055,18.71449990272522,1.0680693612761538
2019-09-05,67.64724731445312,22.993139266967773,16.270000457763672,18.553499937057495,1.2792421549020485
2019-09-06,67.51878356933594,22.74754524230957,15.0,18.45799994468689,1.302790840337967
2019-09-09,66.97928619384766,22.65438461303711,15.270000457763672,18.32300000190735,1.2414900023403184
2019-09-10,67.40746307373047,23.001611709594727,15.199999809265137,18.02849998474121,1.2434801480829683
2019-09-11,68.96987915039062,23.933198928833008,14.609999656677246,17.88299994468689,1.3080162570790141
2019-09-12,68.26203155517578,23.425060272216797,14.220000267028809,17.488999938964845,1.2934768344059444
2019-09-13,67.68370056152344,23.331899642944336,13.739999771118164,17.116999912261964,1.2266185355688304
2019-09-16,67.36429595947266,23.128646850585938,14.670000076293945,16.926999950408934,1.2156123627605544
2019-09-17,67.9253921508789,23.58597183227539,14.4399995803833,16.80499997138977,1.2178262598485745
2019-09-18,68.10665130615234,23.670663833618164,13.949999809265137,16.627499961853026,1.2293057400888514
2019-09-19,67.5283203125,23.382715225219727,14.050000190734863,16.539999961853027,1.1957058166881807
2019-09-20,65.98318481445312,23.137115478515625,15.319999694824219,16.47199993133545,1.0165162505412428
2019-09-23,66.67375183105469,22.984678268432617,14.90999984741211,16.223999881744383,1.1413703167941918
2019-09-24,64.938720703125,22.832237243652344,17.049999237060547,16.1104998588562,0.9190988242031211
2019-09-25,66.69099426269531,22.86610984802246,15.960000038146973,15.89299988746643,1.1640824131111371
2019-09-26,66.76868438720703,23.052427291870117,16.06999969482422,15.728999853134155,1.1433885060611555
2019-09-27,66.14722442626953,22.86610984802246,17.219999313354492,15.69599986076355,1.0862637674507807
2019-09-30,65.8450698852539,23.137115478515625,16.239999771118164,15.558999872207641,0.9967506879524725
2019-10-01,65.1458740234375,22.899988174438477,18.559999465942383,15.503999853134156,0.9371765486097621
2019-10-02,63.86832809448242,22.789894104003906,20.559999465942383,15.665499830245972,0.7731451688150391
2019-10-03,65.37030792236328,23.198678970336914,19.1200008392334,15.807999849319458,0.9182962888459262
2019-10-04,66.88954162597656,23.513782501220703,17.040000915527344,15.909999895095826,1.081911886818257
2019-10-07,65.89684295654297,23.403072357177734,17.860000610351562,16.03949990272522,0.9587500537051353
2019-10-08,62.88429641723633,22.934669494628906,20.280000686645508,16.29349994659424,0.6076017028431122
2019-10-09,64.1791000366211,23.07944679260254,18.639999389648438,16.4949999332428,0.7681809592099738
2019-10-10,64.71428680419922,23.539331436157227,17.56999969482422,16.66249990463257,0.7662499305420267
2019-10-11,66.2076187133789,23.684110641479492,15.579999923706055,16.754499912261963,0.9552401514682998
2019-10-14,65.8623275756836,23.33493995666504,14.569999694824219,16.749499893188478,0.965443596336553
2019-10-15,67.17439270019531,23.445653915405273,13.539999961853027,16.704499912261962,1.1343091613723733
2019-10-16,67.5283203125,23.513782501220703,13.680000305175781,16.690999937057494,1.1733272043516707
2019-10-17,68.16706085205078,23.505271911621094,13.789999961853027,16.677999925613403,1.2661901728116456
2019-10-18,67.05355834960938,23.49675178527832,14.25,16.62449994087219,1.108292091592582
2019-10-21,68.17572784423828,23.411584854125977,14.0,16.578999948501586,1.283426762875959
2019-10-22,67.73548889160156,23.437135696411133,14.460000038146973,16.449499988555907,1.2160617863242393
2019-10-23,66.67375183105469,23.53081703186035,14.010000228881836,16.35199999809265,1.048121810823874
2019-10-24,68.1843490600586,23.598949432373047,13.710000038146973,16.23400001525879,1.2526696475625716
2019-10-25,69.20294952392578,23.428619384765625,12.649999618530273,16.005500030517577,1.4275234746633156
2019-10-28,71.6889419555664,23.547849655151367,13.109999656677246,15.849000024795533,1.762935137637659
2019-10-29,70.4891128540039,23.539331436157227,13.199999809265137,15.58100004196167,1.592682571737791
2019-10-30,70.29917907714844,23.760759353637695,12.329999923706055,15.169500064849853,1.5276943219798453
2019-10-31,69.43599700927734,23.98218536376953,13.220000267028809,14.874500036239624,1.3663581514574514
2019-11-01,72.14645385742188,24.02476692199707,12.300000190734863,14.6375,1.746979921227508
2019-11-04,73.44988250732422,23.735210418701172,12.829999923706055,14.385999965667725,1.9829522700378042
2019-11-05,73.76927185058594,23.871479034423828,13.100000381469727,14.026999950408936,2.0053932323572043
2019-11-06,73.05281829833984,23.99070167541504,12.619999885559082,13.725999975204468,1.882505658726546
2019-11-07,77.67093658447266,25.40443229675293,12.729999542236328,13.483999967575073,2.3020200270704625
2019-11-08,81.16693115234375,24.867895126342773,12.069999694824219,13.308499956130982,2.893939282563214
2019-11-11,79.2765121459961,24.689050674438477,12.6899995803833,13.214499950408936,2.653938462283465
2019-11-12,78.52552795410156,24.867895126342773,12.680000305175781,13.171499967575073,2.5159293126074855
2019-11-13,78.09391021728516,25.123384475708008,13.0,13.137499952316285,2.4105380878354796
2019-11-14,78.10254669189453,25.549205780029297,13.050000190734863,13.100499963760376,2.339068717061283
2019-11-15,78.38741302490234,25.566238403320312,12.050000190734863,12.99049997329712,2.3769276298358855
2019-11-18,78.10254669189453,25.864307403564453,12.460000038146973,12.913499975204468,2.2852678195768057
2019-11-19,75.92728424072266,25.719533920288086,12.859999656677246,12.833499956130982,1.9986858623767962
2019-11-20,73.90738677978516,26.00057601928711,12.779999732971191,12.771999931335449,1.6616337602856586
2019-11-21,73.46715545654297,26.085735321044922,13.130000114440918,12.742999935150147,1.58409224277849
2019-11-22,73.2772445678711,25.80470085144043,12.34000015258789,12.727499961853027,1.6048984081519324
2019-11-25,73.62254333496094,26.145355224609375,11.869999885559082,12.66549997329712,1.5961501422348487
2019-11-26,73.05281829833984,26.392324447631836,11.539999961853027,12.582499980926514,1.4724491851520571
2019-11-27,73.19955444335938,26.579687118530273,11.75,12.553499984741212,1.4614579580908464
2019-11-29,72.12055969238281,26.349746704101562,12.619999885559082,12.523499965667725,1.3463038785494628
2019-12-02,71.17103576660156,25.99205780029297,14.90999984741211,12.653999948501587,1.2714902659449026
2019-12-03,69.55682373046875,25.549205780029297,15.960000038146973,12.810499954223634,1.1160943214641623
2019-12-04,71.40103149414062,25.583274841308594,14.800000190734863,12.89549994468689,1.3742010277712315
2019-12-05,71.84467315673828,24.859375,14.520000457763672,12.99049997329712,1.5612900617188699
2019-12-06,72.91463470458984,24.944543838500977,13.619999885559082,13.034999990463257,1.6998699077231791
2019-12-09,73.87152099609375,24.859375,15.859999656677246,13.224499988555909,1.8513513031716962
2019-12-10,73.17560577392578,24.833824157714844,15.680000305175781,13.374000024795532,1.7561217898822574
2019-12-11,75.6722183227539,24.55278205871582,14.989999771118164,13.48949999809265,2.1613963640938563
2019-12-12,77.4642105102539,24.510204315185547,13.9399995803833,13.536499977111816,2.4251173078508725
2019-12-13,76.40294647216797,24.49317169189453,12.630000114440918,13.51549997329712,2.276148484493292
2019-12-16,76.92485809326172,24.61240005493164,12.140000343322754,13.519999980926514,2.330481791663734
2019-12-17,76.8292007446289,24.6038818359375,12.289999961853027,13.511499977111816,2.318246726245686
2019-12-18,76.53343200683594,24.331363677978516,12.579999923706055,13.497499990463258,2.322449537483923
2019-12-19,76.97704315185547,24.297290802001953,12.5,13.483500003814697,2.3917521710045784
2019-12-20,77.29019927978516,24.586849212646484,12.510000228881836,13.452500009536744,2.387128184117019
2019-12-23,76.94223022460938,24.535755157470703,12.609999656677246,13.465999984741211,2.3460543675596575
2019-12-24,77.22061157226562,24.399490356445312,12.670000076293945,13.505999994277953,2.4091594364739453
2019-12-26,76.8987808227539,24.544267654418945,12.649999618530273,13.561499977111817,2.3383829083007406
2019-12-27,77.2467269897461,24.561304092407227,13.430000305175781,13.645499992370606,2.385268495135701
2019-12-30,76.92485809326172,24.586849212646484,14.819999694824219,13.755499982833863,2.3348443786634556
2019-12-31,76.75086975097656,24.654979705810547,13.779999732971191,13.698999977111816,2.298312291895495
