Date,SHEL,FDX,VIX,AvgVIX,zscore
2020-01-30,42.153472900390625,132.14723205566406,15.489999771118164,13.696000051498412,0.3510577213994492
2020-01-31,40.83030319213867,128.920654296875,18.84000015258789,14.014500045776368,0.24349553983270175
2020-02-03,40.117835998535156,128.20755004882812,17.969999313354492,14.211999988555908,0.1820908310948292
2020-02-04,40.438838958740234,131.47872924804688,16.049999237060547,14.32199993133545,0.19971324982605146
2020-02-05,41.4566535949707,133.653564453125,15.149999618530273,14.389999914169312,0.28349840530272824
2020-02-06,40.82247543334961,132.4770050048828,14.960000038146973,14.465499925613404,0.23068584218231017
2020-02-07,40.5484504699707,138.74298095703125,15.470000267028809,14.611999940872192,0.18480101483216574
2020-02-10,40.23527145385742,139.7412872314453,15.039999961853027,14.735999917984008,0.15334316932616607
2020-02-11,40.70502853393555,140.82867431640625,15.180000305175781,14.878999948501587,0.19172823314444723
2020-02-12,41.221771240234375,141.2832489013672,13.739999771118164,14.946499919891357,0.23647746634525174
2020-02-13,40.64780044555664,143.92156982421875,14.149999618530273,15.032999897003174,0.17607050850910408
2020-02-14,40.24923324584961,141.38125610351562,13.680000305175781,15.100999927520752,0.14901042387818741
2020-02-18,40.02602005004883,141.33677673339844,14.829999923706055,15.237499904632568,0.12916334967281765
2020-02-19,40.03398513793945,143.62742614746094,14.380000114440918,15.313999891281128,0.12207795164001957
2020-02-20,39.55568313598633,146.98770141601562,15.5600004196167,15.446499919891357,0.06778427004150554
2020-02-21,39.196956634521484,145.5081024169922,17.079999923706055,15.651499938964843,0.0406822273184114
2020-02-24,37.690303802490234,138.0210723876953,25.030000686645508,16.174999952316284,-0.0688132529486434
2020-02-25,36.5901985168457,129.77630615234375,27.850000381469727,16.655999994277956,-0.13930472190008805
2020-02-26,36.47063064575195,128.82260131835938,27.559999465942383,17.219999933242796,-0.14677016134113505
2020-02-27,35.027740478515625,123.6796646118164,39.15999984741211,18.35849995613098,-0.2585338853530393
2020-02-28,35.0994987487793,125.82778930664062,40.11000061035156,19.589499998092652,-0.25941855422931986
2020-03-02,35.73723602294922,124.56204986572266,33.41999816894531,20.318499898910524,-0.19797177236068605
2020-03-03,35.0436897277832,118.62590026855469,36.81999969482422,21.26099991798401,-0.23989827819417792
2020-03-04,36.111907958984375,121.58509826660156,31.989999771118164,22.05799994468689,-0.15426780996294498
2020-03-05,34.8603401184082,115.80931091308594,39.619998931884766,23.281499910354615,-0.24673556408975064
2020-03-06,33.37759780883789,114.37600708007812,41.939998626708984,24.630499839782715,-0.3747000542220427
2020-03-09,27.645931243896484,103.6443099975586,54.459999084472656,26.57999978065491,-0.8516833029670606
2020-03-10,29.463478088378906,108.09645080566406,47.29999923706055,28.192999744415282,-0.7040007041802575
2020-03-11,27.494474411010742,99.44300842285156,53.900001525878906,30.12899980545044,-0.8509486367682307
2020-03-12,23.381057739257812,86.89280700683594,75.47000122070312,33.21549987792969,-1.1767552617086152
2020-03-13,23.978939056396484,95.5193862915039,57.83000183105469,35.39949998855591,-1.1525599032410274
2020-03-16,20.18440055847168,81.0611343383789,82.69000244140625,38.850000095367434,-1.4433006489091609
2020-03-17,20.45543670654297,85.06537628173828,75.91000366210938,41.9040002822876,-1.4326508193089267
2020-03-18,17.234861373901367,89.29357147216797,76.44999694824219,45.007500123977664,-1.735590159617017
2020-03-19,19.164026260375977,100.04319763183594,72.0,47.829500102996825,-1.5993484541870189
2020-03-20,19.99308204650879,99.48778533935547,66.04000091552734,50.27750015258789,-1.523179188799684
2020-03-23,21.388134002685547,100.11485290527344,61.59000015258789,52.10550012588501,-1.4003262000032122
2020-03-24,25.597200393676758,107.53209686279297,61.66999816894531,53.796500015258786,-1.0484736711103133
2020-03-25,27.374893188476562,105.98234558105469,63.95000076293945,55.61600008010864,-0.883926983962836
2020-03-26,27.845226287841797,112.51276397705078,61.0,56.708000087738036,-0.8640223111382338
2020-03-27,25.22252655029297,108.01583862304688,65.54000091552734,57.97950010299682,-1.0836891224543723
2020-03-30,26.657445907592773,111.35717010498047,57.08000183105469,59.16250028610229,-0.9665055717075707
2020-03-31,27.81334114074707,108.6249771118164,53.540000915527344,59.99850034713745,-0.8536421954664222
2020-04-01,28.148147583007812,101.65563201904297,57.060001373291016,61.252000427246095,-0.7999169505212324
2020-04-02,31.057825088500977,104.48637390136719,50.90999984741211,61.81650047302246,-0.5488658275750089
2020-04-03,28.889522552490234,97.8395004272461,46.79999923706055,62.059500503540036,-0.7205015040380467
2020-04-06,29.758440017700195,106.61837768554688,45.2400016784668,61.598500633239745,-0.6725415244669338
2020-04-07,29.702632904052734,103.86827087402344,46.70000076293945,61.568500709533694,-0.66817815048768
2020-04-08,30.348339080810547,112.45901489257812,43.349998474121094,61.041000556945804,-0.6395759730013802
2020-04-09,30.220806121826172,109.54763793945312,41.66999816894531,59.35100040435791,-0.6410897089370028
2020-04-13,29.79032325744629,110.65846252441406,41.16999816894531,58.51800022125244,-0.6834403430149503
2020-04-14,29.503339767456055,112.04694366455078,37.7599983215332,56.27150001525879,-0.7138796685626199
2020-04-15,27.390838623046875,107.40669250488281,40.84000015258789,54.51799983978272,-0.8873478749674342
2020-04-16,25.987817764282227,106.67213439941406,40.11000061035156,52.70100002288818,-1.0105488526582889
2020-04-17,28.283672332763672,111.84089660644531,38.150001525878906,51.00850009918213,-0.822452752114149
2020-04-20,26.689327239990234,109.86119079589844,43.83000183105469,49.898000144958495,-0.9585558116224864
2020-04-21,26.250886917114258,107.92625427246094,45.40999984741211,49.089000129699706,-0.9912494200705568
2020-04-22,27.789424896240234,106.18839263916016,41.97999954223633,48.104500198364256,-0.8474890538102429
2020-04-23,28.028573989868164,108.2845687866211,41.380001068115234,46.976000213623045,-0.833199675770894
2020-04-24,27.924943923950195,110.23741912841797,35.93000030517578,45.722500228881835,-0.849133194162069
2020-04-27,28.554704666137695,114.02664947509766,33.290000915527344,44.11000022888184,-0.8056118177724643
2020-04-28,28.69819450378418,114.42977905273438,33.56999969482422,42.93450012207031,-0.7941285642111495
2020-04-29,30.30051040649414,115.98846435546875,31.229999542236328,41.81900005340576,-0.6558779126747013
2020-04-30,26.410320281982422,113.56082153320312,34.150001525878906,40.673500061035156,-0.9961493072713523
2020-05-01,24.943517684936523,105.88381958007812,37.189998626708984,39.9875,-1.1014276530923062
2020-05-04,26.10738754272461,103.7786636352539,35.970001220703125,39.44600009918213,-0.9899846857984981
2020-05-05,26.362483978271484,105.40904235839844,33.61000061035156,38.86450004577637,-0.9726806152045427
2020-05-06,25.557340621948242,103.12476348876953,34.119998931884766,38.235499954223634,-1.0370391217041612
2020-05-07,25.932010650634766,104.575927734375,31.440000534057617,37.64000005722046,-1.0084118257267891
2020-05-08,27.03211212158203,107.89041137695312,27.979999542236328,36.95550012588501,-0.9211344657359948
2020-05-11,26.115358352661133,105.3105239868164,27.56999969482422,36.275500202178954,-0.9944861067110631
2020-05-12,25.676916122436523,101.3510513305664,33.040000915527344,36.03950033187866,-1.0202869069470009
2020-05-13,24.74422836303711,97.94701385498047,35.279998779296875,35.76150026321411,-1.092260133907025
2020-05-14,24.30121421813965,97.7409896850586,32.61000061035156,35.38650026321411,-1.1312499912013494
2020-05-15,24.268993377685547,96.3166732788086,31.889999389648438,35.07350015640259,-1.1292873792389815
2020-05-18,26.43572235107422,106.77066802978516,29.299999237060547,34.34700002670288,-0.9707548669744855
2020-05-19,25.904109954833984,102.82913970947266,30.530000686645508,33.60300006866455,-1.0049642300346546
2020-05-20,26.943174362182617,104.81781005859375,27.989999771118164,32.90350008010864,-0.9186413879852933
2020-05-21,26.129642486572266,103.70703125,29.530000686645508,32.31100006103516,-0.987746893019515
2020-05-22,25.968549728393555,104.80885314941406,28.15999984741211,31.92250003814697,-1.005931197492442
2020-05-26,26.33101463317871,111.80508422851562,28.010000228881836,31.658500003814698,-0.997276805849102
2020-05-27,26.56459617614746,116.83946228027344,27.6200008392334,31.361000061035156,-0.9934900011413356
2020-05-28,26.26657485961914,117.48445129394531,28.59000015258789,31.229000091552734,-1.0223868646212664
2020-05-29,25.73495864868164,116.9559326171875,27.510000228881836,30.89700002670288,-1.0682169123842136
2020-06-01,26.725696563720703,116.19449615478516,28.229999542236328,30.449000072479247,-0.9768604792112342
2020-06-02,27.38619041442871,120.2166519165039,26.84000015258789,29.992500019073486,-0.9313786533194209
2020-06-03,28.71522331237793,123.69237518310547,25.65999984741211,29.594999980926513,-0.8241394371703952
2020-06-04,28.650781631469727,124.70463562011719,25.809999465942383,29.179500007629393,-0.8333594745427501
2020-06-05,30.422832489013672,127.39202117919922,24.520000457763672,28.8335000038147,-0.683744535340452
2020-06-08,31.64715576171875,133.8148956298828,25.809999465942383,28.725,-0.595920875561818
2020-06-09,30.012033462524414,129.61361694335938,27.56999969482422,28.725,-0.7281134850605131
2020-06-10,29.198503494262695,125.77061462402344,27.56999969482422,28.451499938964844,-0.7879163625874535
2020-06-11,26.733753204345703,115.3882827758789,40.790000915527344,28.727000045776368,-0.9733937233321419
2020-06-12,27.748653411865234,118.8908920288086,36.09000015258789,28.901000022888184,-0.8943903816835195
2020-06-15,27.805038452148438,119.75081634521484,34.400001525878906,29.026500129699706,-0.8922664344783642
2020-06-16,28.167499542236328,121.41703796386719,33.66999816894531,29.245000076293945,-0.8654651936485588
2020-06-17,27.539226531982422,121.52452087402344,33.470001220703125,29.392000102996825,-0.9221204969103703
2020-06-18,27.627824783325195,123.97005462646484,32.939998626708984,29.639500045776366,-0.9225090028530337
2020-06-19,27.337854385375977,123.2892837524414,35.119998931884766,29.91899995803833,-0.9461707126121491
2020-06-22,27.716434478759766,123.0653305053711,31.770000457763672,30.09949998855591,-0.9114897927665755
2020-06-23,28.07084083557129,124.5792236328125,31.3700008392334,30.267500019073488,-0.8848915700465501
2020-06-24,26.677366256713867,121.01394653320312,33.84000015258789,30.57849998474121,-0.9975994542489004
2020-06-25,27.297582626342773,121.92762756347656,32.220001220703125,30.760000038146973,-0.9451427533883664
2020-06-26,26.50821876525879,117.08509063720703,34.72999954223633,31.121000003814697,-0.9993773623365831
2020-06-29,26.93511962890625,121.1085205078125,31.780000686645508,31.298500061035156,-0.974828353182326
2020-06-30,26.33101463317871,126.21209716796875,30.43000030517578,31.47800006866455,-1.0463286540512347
2020-07-01,26.395448684692383,141.0098114013672,28.6200008392334,31.626000118255615,-1.090937840594486
2020-07-02,26.500164031982422,139.9476776123047,27.68000030517578,31.719500160217287,-1.0779397283960521
2020-07-06,26.943174362182617,140.6587677001953,27.940000534057617,31.890500164031984,-1.040669821016022
2020-07-07,26.282682418823242,142.70193481445312,29.43000030517578,32.07150020599365,-1.1068022034315617
2020-07-08,26.37934112548828,142.71994018554688,28.079999923706055,32.097000217437746,-1.0982034877572304
2020-07-09,25.195295333862305,140.18170166015625,29.260000228881836,32.18150024414062,-1.1956446342118838
2020-07-10,25.944385528564453,142.74700927734375,27.290000915527344,31.506500244140625,-1.1372649666154866
2020-07-13,26.105484008789062,140.62274169921875,32.189998626708984,31.31150016784668,-1.1155990080111222
2020-07-14,26.991498947143555,142.6659698486328,29.520000457763672,31.067500114440918,-1.0431742005015028
2020-07-15,27.37007713317871,145.14126586914062,27.760000228881836,30.772000217437743,-1.0176836400909135
2020-07-16,26.967342376708984,149.50674438476562,28.0,30.49850015640259,-1.06862940231878
2020-07-17,26.50821876525879,149.39871215820312,25.68000030517578,30.13550024032593,-1.1093962027700826
2020-07-20,26.105484008789062,147.73353576660156,24.459999084472656,29.602500247955323,-1.139809272321687
2020-07-21,26.92706871032715,148.96665954589844,24.84000015258789,29.256000232696532,-1.0703988345658502
2020-07-22,26.37934112548828,148.6426239013672,24.31999969482422,28.903500175476076,-1.1183685687354035
2020-07-23,26.089370727539062,149.40771484375,26.079999923706055,28.515500164031984,-1.1469530334498779
2020-07-24,26.00882339477539,148.55262756347656,25.84000015258789,28.19650011062622,-1.1512582405328415
2020-07-27,26.1377010345459,153.5931854248047,24.739999771118164,27.697000122070314,-1.1568732948432867
2020-07-28,25.85578727722168,150.25381469726562,25.440000534057617,27.380000114440918,-1.1707613910460049
2020-07-29,26.105484008789062,152.61209106445312,24.100000381469727,27.063500118255615,-1.1564193881674636
2020-07-30,24.840883255004883,155.45640563964844,24.760000228881836,26.870500087738037,-1.279403845554064
2020-07-31,24.01124382019043,151.5769500732422,24.459999084472656,26.70950002670288,-1.34052591798023
2020-08-03,24.405925750732422,152.31503295898438,24.280000686645508,26.526500034332276,-1.3076778375440772
2020-08-04,25.251676559448242,153.61119079589844,23.760000228881836,26.243000030517578,-1.2363168802222326
2020-08-05,25.388607025146484,154.54727172851562,22.989999771118164,25.988500022888182,-1.227235855842162
2020-08-06,25.171125411987305,155.03334045410156,22.649999618530273,25.657999992370605,-1.2483757837186078
2020-08-07,24.840883255004883,165.19549560546875,22.209999084472656,25.403999900817873,-1.3125627220427571
2020-08-10,25.33222198486328,180.0021514892578,22.1299991607666,24.90099992752075,-1.318954348459736
2020-08-11,25.654415130615234,176.8247528076172,24.030000686645508,24.626499938964844,-1.2792696930329817
2020-08-12,26.475996017456055,181.7843475341797,22.280000686645508,24.352499961853027,-1.222547188017493
2020-08-13,25.76021385192871,183.49449157714844,22.1299991607666,24.058999919891356,-1.2924993800654492
2020-08-14,25.304710388183594,187.76100158691406,22.049999237060547,23.877499866485596,-1.3478359301850047
2020-08-17,25.16643524169922,185.9967803955078,21.350000381469727,23.72199993133545,-1.3542178437194539
2020-08-18,24.84107780456543,186.29383850097656,21.510000228881836,23.555499935150145,-1.3843792461852966
2020-08-19,24.743471145629883,187.1128692626953,22.540000915527344,23.466499996185302,-1.3959127663296689
2020-08-20,24.49945068359375,187.9590606689453,22.719999313354492,23.298499965667723,-1.420656526971755
2020-08-21,24.10088348388672,189.4622039794922,22.540000915527344,23.133500003814696,-1.4614834514980928
2020-08-24,24.832942962646484,195.681884765625,22.3700008392334,23.01500005722046,-1.417071748327378
2020-08-25,24.45064926147461,192.90057373046875,22.030000686645508,22.844500064849854,-1.441853300278017
2020-08-26,24.42624855041504,194.21473693847656,23.270000457763672,22.803000068664552,-1.4485138102638782
2020-08-27,24.2228946685791,196.4109649658203,24.469999313354492,22.788500022888183,-1.4742105952312414
2020-08-28,24.556385040283203,199.73233032226562,22.959999084472656,22.713500022888184,-1.4556402519221996
2020-08-31,24.141557693481445,197.87814331054688,26.40999984741211,22.819999980926514,-1.4864932140755152
2020-09-01,23.75112533569336,202.9367218017578,26.1200008392334,22.938000011444093,-1.538696569397558
2020-09-02,23.62098503112793,205.14193725585938,26.56999969482422,23.117000007629393,-1.557864472884376
2020-09-03,23.539644241333008,199.464111328125,33.599998474121094,23.664499950408935,-1.5458206930144227
2020-09-04,23.515241622924805,204.1128692626953,30.75,24.091499996185302,-1.563834735963396
2020-09-08,22.799455642700195,199.536376953125,31.459999084472656,24.557999992370604,-1.6123830319065509
2020-09-09,23.198017120361328,203.7788848876953,28.809999465942383,24.79699993133545,-1.5911189549862788
2020-09-10,22.669313430786133,202.59642028808594,29.709999084472656,25.168499851226805,-1.6344615560468088
2020-09-11,22.840124130249023,210.13372802734375,26.8700008392334,25.405499935150146,-1.6448204038043093
2020-09-14,22.547304153442383,213.3382110595703,25.850000381469727,25.595499992370605,-1.6819656206229685
2020-09-15,22.64491081237793,213.63613891601562,25.59000015258789,25.807499980926515,-1.6742350320659072
2020-09-16,22.81572151184082,225.93963623046875,26.040000915527344,26.03400001525879,-1.7008214218217106
2020-09-17,22.449689865112305,220.32493591308594,26.459999084472656,26.229999923706053,-1.714499097071943
2020-09-18,21.945390701293945,219.15145874023438,25.829999923706055,26.385499954223633,-1.7556858040880041
2020-09-21,21.400415420532227,215.50465393066406,27.780000686645508,26.64749994277954,-1.7920958495826997
2020-09-22,21.66883659362793,219.72915649414062,26.860000610351562,26.87199993133545,-1.782430231261842
2020-09-23,21.245872497558594,217.92384338378906,28.579999923706055,27.199499893188477,-1.814178597501081
2020-09-24,21.58749771118164,220.45130920410156,28.510000228881836,27.461499881744384,-1.7921764171528238
2020-09-25,20.936782836914062,225.8222198486328,26.3799991607666,27.55699987411499,-1.8687628706585848
2020-09-28,21.22146987915039,229.67665100097656,26.190000534057617,27.71849994659424,-1.856379942017465
2020-09-29,20.86357879638672,228.82818603515625,26.270000457763672,27.711499977111817,-1.885555971222654
2020-09-30,20.473146438598633,227.0408477783203,26.3700008392334,27.723999977111816,-1.914450895397943
2020-10-01,19.716691970825195,229.35169982910156,26.700000762939453,27.73050003051758,-1.990092315453959
2020-10-02,20.009511947631836,230.36268615722656,27.6299991607666,27.432000064849852,-1.9672995923849554
2020-10-05,20.668365478515625,233.982421875,27.959999084472656,27.292500019073486,-1.9205946012882265
2020-10-06,20.578887939453125,234.03651428222656,29.479999542236328,27.19350004196167,-1.9287954017737077
2020-10-07,20.814769744873047,242.15164184570312,28.059999465942383,27.15600004196167,-1.93529159799926
2020-10-08,21.50615882873535,244.6791229248047,26.360000610351562,26.988500118255615,-1.8819528022693688
2020-10-09,21.68510627746582,245.12136840820312,25.0,26.895000076293947,-1.867425946007107
2020-10-12,21.392282485961914,246.8816375732422,25.06999969482422,26.85600004196167,-1.8996543604495748
2020-10-13,21.001853942871094,246.19558715820312,26.06999969482422,26.880000019073485,-1.9322985198299345
2020-10-14,20.97745132446289,249.3550262451172,26.399999618530273,26.897999954223632,-1.9452418487907392
2020-10-15,20.635828018188477,254.65370178222656,26.969999313354492,26.923499965667723,-1.9938896799425951
2020-10-16,20.554485321044922,256.242431640625,27.40999984741211,27.002499961853026,-2.0065866603424336
2020-10-19,20.367406845092773,254.52732849121094,29.18000030517578,27.07249994277954,-2.0175082818437597
2020-10-20,20.595155715942383,259.42889404296875,29.350000381469727,27.196999931335448,-2.0137918588765307
2020-10-21,20.196592330932617,254.80712890625,28.649999618530273,27.20049991607666,-2.0337648420202896
2020-10-22,20.700904846191406,249.09324645996094,28.110000610351562,27.180499935150145,-1.9691274062704476
2020-10-23,20.83104133605957,255.96258544921875,27.549999237060547,27.238999938964845,-1.9808561635181285
2020-10-26,20.196592330932617,250.60064697265625,32.459999084472656,27.552499866485597,-2.0194429479442033
2020-10-27,19.67601776123047,247.70310974121094,33.349998474121094,27.906499767303465,-2.056217887964185
2020-10-28,18.789419174194336,234.6864776611328,40.279998779296875,28.60199966430664,-2.091333616568278
2020-10-29,20.03391456604004,241.0323486328125,37.59000015258789,29.146499633789062,-2.001440485078315
2020-10-30,20.782236099243164,234.2171630859375,38.02000045776367,29.665999698638917,-1.911191730062877
2020-11-02,21.693241119384766,240.99618530273438,37.130001068115234,30.124499797821045,-1.852652020455301
2020-11-03,21.85591697692871,247.76626586914062,35.54999923706055,30.427999782562257,-1.8611275055867411
2020-11-04,21.88031578063965,242.9098663330078,29.56999969482422,30.50349979400635,-1.842406842852466
2020-11-05,21.831510543823242,251.90951538085938,27.579999923706055,30.56449975967407,-1.8774207755623973
2020-11-06,21.693241119384766,252.54144287109375,24.860000610351562,30.55749979019165,-1.8919603922932162
2020-11-09,24.588926315307617,238.1978759765625,25.75,30.59149980545044,-1.5836891769735542
2020-11-10,25.833417892456055,241.25796508789062,24.799999237060547,30.527999782562254,-1.4826092193325744
2020-11-11,25.53246307373047,241.7454071044922,23.450000762939453,30.380499839782715,-1.511232502917922
2020-11-12,25.181421279907227,241.15866088867188,25.350000381469727,30.299499893188475,-1.5406859575537768
2020-11-13,25.658245086669922,245.4463348388672,23.100000381469727,30.083999919891358,-1.5125638403637043
2020-11-16,27.29425811767578,252.59556579589844,22.450000762939453,29.74749994277954,-1.3903283795249946
2020-11-17,27.746427536010742,257.30755615234375,22.709999084472656,29.415499877929687,-1.365859820840385
2020-11-18,27.121614456176758,255.00570678710938,23.84000015258789,29.174999904632568,-1.4140020335521866
2020-11-19,27.277816772460938,252.61367797851562,23.110000610351562,28.924999904632568,-1.391863088709679
2020-11-20,27.67243194580078,249.7611846923828,23.700000762939453,28.732499980926512,-1.3467960820254012
2020-11-23,28.946712493896484,258.48095703125,22.65999984741211,28.242500019073486,-1.2623168557661582
2020-11-24,30.50873374938965,263.2922668457031,21.639999389648438,27.657000064849854,-1.1387506304271344
2020-11-25,29.875699996948242,260.2412414550781,21.25,26.70550012588501,-1.185078629515395
2020-11-27,29.818151473999023,259.43780517578125,20.84000015258789,25.86800012588501,-1.1874991434927555
2020-11-30,27.820411682128906,258.68865966796875,20.56999969482422,24.995500087738037,-1.3639335725698156
2020-12-01,28.823389053344727,259.7538757324219,20.770000457763672,24.17750005722046,-1.277699801034777
2020-12-02,29.91680145263672,263.3283386230469,21.170000076293945,23.458500099182128,-1.1919068968614925
2020-12-03,30.17987632751465,264.21295166015625,21.280000686645508,23.044000148773193,-1.171348884219899
2020-12-04,31.42950439453125,266.180908203125,20.790000915527344,22.704500198364258,-1.0660903232006904
2020-12-07,30.763578414916992,268.1305847167969,21.299999237060547,22.526500129699706,-1.1323912521285933
2020-12-08,30.738924026489258,272.1114807128906,20.68000030517578,22.273000144958495,-1.1481539690621763
2020-12-09,30.895122528076172,266.5779724121094,22.270000457763672,22.146500205993654,-1.115319507258707
2020-12-10,31.58570098876953,262.588134765625,22.520000457763672,22.100000190734864,-1.0398636915060318
2020-12-11,31.08421516418457,261.8825378417969,23.309999465942383,21.998000144958496,-1.0823913421673703
2020-12-14,29.941476821899414,258.32708740234375,24.719999313354492,22.079000091552736,-1.1726682761152174
2020-12-15,30.895122528076172,258.50799560546875,22.889999389648438,22.101000022888183,-1.0878434940852857
2020-12-16,31.10066032409668,261.2854309082031,22.5,22.09050006866455,-1.07888497607613
2020-12-17,31.3226318359375,264.4066162109375,21.93000030517578,21.995000076293945,-1.0696244719170245
2020-12-18,30.664936065673828,249.3072509765625,21.56999969482422,21.91800003051758,-1.0771408081797778
2020-12-21,29.218013763427734,246.02317810058594,25.15999984741211,21.99099998474121,-1.1955946976718066
2020-12-22,28.7247371673584,247.23550415039062,24.229999542236328,22.069499969482422,-1.2439168436377952
2020-12-23,29.546859741210938,244.910400390625,23.309999465942383,22.15299997329712,-1.1623434466338687
2020-12-24,29.4564266204834,243.2005157470703,21.530000686645508,22.167000007629394,-1.1646240129683259
2020-12-28,29.513978958129883,237.88092041015625,21.700000762939453,22.210000038146973,-1.14135594769302
2020-12-29,29.711280822753906,236.63243103027344,23.079999923706055,22.335500049591065,-1.1194281707580445
2020-12-30,29.620847702026367,235.20303344726562,22.770000457763672,22.435500049591063,-1.1226637170577742
2020-12-31,28.889162063598633,234.87734985351562,22.75,22.514500045776366,-1.1871093378518371
2021-01-04,29.620847702026367,229.0601348876953,26.969999313354492,22.798999977111816,-1.1017488661492987
2021-01-05,31.659685134887695,229.05105590820312,25.34000015258789,23.026499938964843,-0.919050801816087
2021-01-06,33.12306594848633,229.3948516845703,25.06999969482422,23.214999961853028,-0.7891115111938493
2021-01-07,33.164161682128906,222.58250427246094,22.3700008392334,23.299499988555908,-0.76223545211414
2021-01-08,33.08195495605469,221.614501953125,21.559999465942383,23.263999938964844,-0.7663048864005885
2021-01-11,33.0984001159668,221.93112182617188,24.079999923706055,23.34199991226196,-0.765909504439502
2021-01-12,33.86296463012695,225.30564880371094,23.329999923706055,23.342999935150146,-0.7088985995809785
2021-01-13,33.4272346496582,228.1825714111328,22.209999084472656,23.217499923706054,-0.757732412264695
2021-01-14,34.24113845825195,231.84657287597656,23.25,23.235499954223634,-0.6972865931412848
2021-01-15,33.04084777832031,228.4901885986328,24.34000015258789,23.32749996185303,-0.793397623168139
2021-01-19,33.41901779174805,225.73988342285156,23.239999771118164,23.392999935150147,-0.7501519224525013
2021-01-20,33.50946044921875,227.94735717773438,21.579999923706055,23.39349994659424,-0.7495646533916005
2021-01-21,32.67912292480469,229.73866271972656,21.31999969482422,23.201499938964844,-0.8300566252878601
2021-01-22,32.292720794677734,229.86529541015625,21.90999984741211,23.085499954223632,-0.8651070017080034
2021-01-25,31.421289443969727,229.32252502441406,23.190000534057617,23.079500007629395,-0.9413338493513101
2021-01-26,31.561038970947266,225.8756103515625,23.020000457763672,23.153999996185302,-0.9170773808713812
2021-01-27,31.22396469116211,219.6875,37.209999084472656,23.929499912261964,-0.9262083554155156
2021-01-28,31.437725067138672,219.65130615234375,30.209999084472656,24.285999870300294,-0.9069335253369109
2021-01-29,30.327863693237305,212.9113006591797,33.09000015258789,24.801999855041505,-0.9834223684344949
2021-02-01,30.105894088745117,216.43963623046875,30.239999771118164,25.176499843597412,-1.0153224598512216
2021-02-02,29.735942840576172,219.38893127441406,25.559999465942383,25.105999851226805,-1.0585093151450926
2021-02-03,30.327863693237305,218.2942352294922,22.90999984741211,24.984499835968016,-1.0017497545855758
2021-02-04,30.08945655822754,224.4733428955078,21.770000457763672,24.81949987411499,-1.0441476838375368
2021-02-05,30.812915802001953,230.70664978027344,20.8700008392334,24.74449987411499,-1.0005529012837702
2021-02-08,31.676137924194336,232.9141845703125,21.239999771118164,24.72849988937378,-0.930729606477816
2021-02-09,31.42950439453125,234.43397521972656,21.6299991607666,24.605999851226805,-0.9580008986871285
2021-02-10,31.51993179321289,232.9231719970703,21.989999771118164,24.538999843597413,-0.944755303925997
2021-02-11,30.68138313293457,230.1186065673828,21.25,24.49099988937378,-1.0103352877187632
2021-02-12,31.659685134887695,237.93521118164062,19.969999313354492,24.326999855041503,-0.949298864874561
2021-02-16,33.00796127319336,236.87669372558594,21.459999084472656,24.18299980163574,-0.82489775302646
2021-02-17,33.34503936767578,234.3978729248047,21.5,24.095999813079835,-0.7862579610071179
2021-02-18,32.39426040649414,231.26760864257812,22.489999771118164,24.14149980545044,-0.8607841682502159
2021-02-19,32.783851623535156,230.37193298339844,22.049999237060547,24.177999782562257,-0.8228296933354509
2021-02-22,33.5050163269043,230.39906311035156,23.450000762939453,24.254999828338622,-0.7583101918613141
2021-02-23,34.04380416870117,230.3628692626953,23.110000610351562,24.25099983215332,-0.709914922431132
2021-02-24,35.12969970703125,235.27540588378906,21.34000015258789,24.16699981689453,-0.6293512489272852
2021-02-25,35.00536346435547,229.99197387695312,28.889999389648438,23.75099983215332,-0.622502395170386
2021-02-26,34.01066207885742,230.24530029296875,27.950000762939453,23.63799991607666,-0.7124839580980303
2021-03-01,33.994075775146484,237.1119384765625,23.350000381469727,23.15099992752075,-0.7373489695853118
2021-03-02,34.42512130737305,234.85922241210938,24.100000381469727,22.84399995803833,-0.6910601029636396
2021-03-03,34.86445236206055,234.10830688476562,26.670000076293945,22.89949998855591,-0.6491421157118274
2021-03-04,35.17115020751953,226.44558715820312,28.56999969482422,23.182499980926515,-0.5955744795792638
2021-03-05,36.348209381103516,233.37545776367188,24.65999984741211,23.326999950408936,-0.5137115691689871
2021-03-08,35.933753967285156,227.9784698486328,25.469999313354492,23.55699987411499,-0.532468962584747
2021-03-09,35.809417724609375,233.9468994140625,24.030000686645508,23.69649991989136,-0.5639295493866712
2021-03-10,36.78755187988281,236.2145233154297,22.559999465942383,23.742999935150145,-0.48401543775155864
2021-03-11,36.41453552246094,243.534423828125,21.90999984741211,23.738999938964845,-0.5423575965644107
2021-03-12,36.76268005371094,245.08547973632812,20.690000534057617,23.710999965667725,-0.5164469233387086
2021-03-15,36.182437896728516,242.0740966796875,20.030000686645508,23.714000034332276,-0.5581800948796879
2021-03-16,35.47784423828125,236.55914306640625,19.790000915527344,23.63050012588501,-0.6025304302325574
2021-03-17,35.825992584228516,241.13075256347656,19.229999542236328,23.517000102996825,-0.5869035551001864
2021-03-18,34.52458953857422,239.01730346679688,21.579999923706055,23.47150011062622,-0.6963054707396452
2021-03-19,34.78154754638672,253.59365844726562,20.950000762939453,23.416500186920167,-0.7229120419238605
2021-03-22,34.3090705871582,248.5504150390625,18.8799991607666,23.188000106811522,-0.7480722060031171
2021-03-23,32.60150146484375,242.01058959960938,20.299999237060547,23.04750003814697,-0.8787935028481119
2021-03-24,33.44699478149414,243.35299682617188,21.200000762939453,23.04050006866455,-0.8076130814456943
2021-03-25,33.04911422729492,248.69552612304688,19.809999465942383,22.586500072479247,-0.8614505218886345
2021-03-26,33.81999969482422,255.19000244140625,18.860000610351562,22.132000064849855,-0.8144958535154191
2021-03-29,33.5879020690918,253.26707458496094,20.739999771118164,22.001500034332274,-0.8287433258483666
2021-03-30,33.2397575378418,259.3443908691406,19.610000610351562,21.77700004577637,-0.8806264720900009
2021-03-31,32.502017974853516,257.6390686035156,19.399999618530273,21.413500022888183,-0.9409172031944298
2021-04-01,33.31436538696289,257.1855163574219,17.329999923706055,20.851500034332275,-0.8665917091569739
2021-04-05,32.9993782043457,255.3986358642578,17.90999984741211,20.514000034332277,-0.8887287734434575
2021-04-06,33.04082489013672,255.94287109375,18.1200008392334,20.14650011062622,-0.8868683768720631
2021-04-07,33.48015213012695,253.16732788085938,17.15999984741211,19.803000068664552,-0.838057440583247
2021-04-08,32.39426040649414,258.00189208984375,16.950000762939453,19.522500133514406,-0.9518069235541219
2021-04-09,32.25334167480469,259.9429931640625,16.690000534057617,19.26150016784668,-0.9710412715038198
2021-04-12,32.08755874633789,263.7615966796875,16.90999984741211,19.072500133514403,-0.9988956673531539
2021-04-13,32.03782653808594,263.8524475097656,16.649999618530273,18.903500080108643,-1.0036606855489625
2021-04-14,33.11542510986328,261.0586853027344,16.989999771118164,18.763500022888184,-0.8976025772352946
2021-04-15,32.94963836669922,264.133544921875,16.56999969482422,18.630500030517577,-0.9229250749781484
2021-04-16,32.64293670654297,260.8591613769531,16.25,18.364000034332275,-0.9392552762747515
2021-04-19,32.68438720703125,256.92254638671875,17.290000915527344,18.18100004196167,-0.9221384966037914
2021-04-20,31.764284133911133,254.2830352783203,18.68000030517578,18.17100009918213,-0.9955872123244147
2021-04-21,32.029541015625,252.39630126953125,17.5,18.0310001373291,-0.9653980441300727
2021-04-22,31.308366775512695,250.83615112304688,18.709999084472656,17.90650005340576,-1.0246988957855818
2021-04-23,31.523897171020508,251.9246368408203,17.329999923706055,17.782500076293946,-1.0090947022185868
2021-04-26,31.755990982055664,250.12872314453125,17.639999389648438,17.72150001525879,-0.9821859566453822
2021-04-27,31.930063247680664,260.78656005859375,17.559999465942383,17.5625,-1.0028771171258397
2021-04-28,32.39426040649414,260.677734375,17.280000686645508,17.446000003814696,-0.9609174178762927
2021-04-29,32.03782653808594,268.5418701171875,17.610000610351562,17.35650005340576,-1.0196268575001923
2021-04-30,31.499027252197266,263.3263854980469,18.610000610351562,17.420500087738038,-1.0501426564078065
2021-05-03,32.245052337646484,276.2427062988281,18.309999465942383,17.44050006866455,-1.027279907374967
2021-05-04,32.03782653808594,275.9978332519531,19.479999542236328,17.508500003814696,-1.0450123259122932
2021-05-05,32.97450637817383,278.0386962890625,19.149999618530273,17.607999992370605,-0.9680402057841376
2021-05-06,33.26462173461914,282.0569763183594,18.389999389648438,17.679999923706056,-0.9557287935362635
2021-05-07,33.894615173339844,285.440185546875,16.690000534057617,17.679999923706056,-0.9108041806756001
2021-05-10,33.18172836303711,280.5240173339844,19.65999984741211,17.817499923706055,-0.9579362276110296
2021-05-11,32.526893615722656,277.23150634765625,21.84000015258789,18.076999950408936,-1.005395269353943
2021-05-12,32.825294494628906,268.4964294433594,27.59000015258789,18.606999969482423,-0.9489199136581074
2021-05-13,32.67226028442383,275.1995849609375,23.1299991607666,18.93499994277954,-0.9854531961590404
2021-05-14,33.784481048583984,280.66912841796875,18.809999465942383,19.06299991607666,-0.9044273985914191
2021-05-17,34.277862548828125,280.51495361328125,19.719999313354492,19.18449983596802,-0.8596985627993136
2021-05-18,33.67576217651367,277.6032409667969,21.34000015258789,19.317499828338622,-0.903729444342016
2021-05-19,32.84787368774414,279.3085021972656,22.18000030517578,19.551499843597412,-0.9837090410700015
2021-05-20,33.22418975830078,280.324462890625,20.670000076293945,19.649499893188477,-0.9534525236467609
2021-05-21,33.32453155517578,280.8233642578125,20.149999618530273,19.790499877929687,-0.9461611423170029
2021-05-24,33.7092170715332,282.8551330566406,18.399999618530273,19.82849988937378,-0.9186133169976924
2021-05-25,32.59700012207031,279.9071960449219,18.84000015258789,19.892499923706055,-1.0082241372324423
2021-05-26,32.72243881225586,281.866455078125,17.360000610351562,19.896499919891358,-1.0036563396257465
2021-05-27,32.4548454284668,286.2565612792969,16.739999771118164,19.852999877929687,-1.0425781257843034
2021-05-28,32.28759002685547,285.5491027832031,16.760000228881836,19.7604998588562,-1.0551544712403904
2021-06-01,33.10711669921875,281.9571533203125,17.899999618530273,19.739999866485597,-0.9695003956885297
2021-06-02,33.68412399291992,278.0749816894531,17.479999542236328,19.639999866485596,-0.9045864227753041
2021-06-03,33.617225646972656,277.8391418457031,18.040000915527344,19.58449993133545,-0.9097771297982724
2021-06-04,33.575416564941406,274.0386047363281,16.420000076293945,19.485999965667723,-0.9005831979800762
2021-06-07,33.182373046875,275.1451110839844,16.420000076293945,19.472499942779542,-0.9395647971014417
2021-06-08,33.23255157470703,274.455810546875,17.06999969482422,19.342999935150146,-0.9327222376316687
2021-06-09,33.29944610595703,265.8659973144531,17.889999389648438,19.145499897003173,-0.897482992937065
2021-06-10,33.54196548461914,265.62115478515625,16.100000381469727,18.570999908447266,-0.8749211447069671
2021-06-11,33.80119705200195,268.569091796875,15.649999618530273,18.196999931335448,-0.8617325093603618
2021-06-14,34.49529266357422,265.7572326660156,16.389999389648438,18.07599992752075,-0.7899722660304501
2021-06-15,35.42352294921875,271.4806823730469,17.020000457763672,17.94099998474121,-0.726295350707376
2021-06-16,34.84651184082031,267.29010009765625,18.149999618530273,17.78149995803833,-0.763724196973148
2021-06-17,34.49529266357422,260.8409423828125,17.75,17.55999994277954,-0.773233673117209
2021-06-18,32.68063735961914,258.8001403808594,20.700000762939453,17.561499977111815,-0.9288671418374846
2021-06-21,33.851375579833984,265.9114074707031,17.889999389648438,17.448499965667725,-0.848188153811804
2021-06-22,34.29458236694336,270.0202941894531,16.65999984741211,17.361499977111816,-0.822469191992387
2021-06-23,34.52037048339844,269.73004150390625,16.31999969482422,17.235499954223634,-0.801251751914979
2021-06-24,34.96359634399414,275.462646484375,15.970000267028809,17.165999937057496,-0.7810593876200184
2021-06-25,35.030487060546875,265.4695129394531,15.619999885559082,17.10999994277954,-0.741042571661558
2021-06-28,33.74266815185547,267.3244323730469,15.760000228881836,17.05999994277954,-0.8627386176771084
2021-06-29,33.525245666503906,270.8706970214844,16.020000457763672,16.96599998474121,-0.8942923589921431
2021-06-30,33.784481048583984,271.27081298828125,15.829999923706055,16.883500003814696,-0.8724287640548773
2021-07-01,34.6541748046875,271.9891357421875,15.479999542236328,16.755499935150148,-0.7969553007775423
2021-07-02,34.562191009521484,272.2255554199219,15.069999694824219,16.68799991607666,-0.8060014195654033
2021-07-06,34.0771598815918,267.88818359375,16.440000534057617,16.688999938964844,-0.8346896543216317
2021-07-07,33.74266815185547,266.9243469238281,16.200000762939453,16.645499992370606,-0.8613764386601646
2021-07-08,33.776119232177734,266.6424865722656,19.0,16.701000022888184,-0.857419774283314
2021-07-09,34.24441146850586,269.51580810546875,16.18000030517578,16.705000019073488,-0.825246558473849
2021-07-12,33.918270111083984,272.4892272949219,16.170000076293945,16.73100004196167,-0.8645904560087535
2021-07-13,33.73430633544922,271.95269775390625,17.1200008392334,16.767500114440917,-0.8792457331244141
2021-07-14,33.424888610839844,269.0248107910156,16.329999923706055,16.733000087738038,-0.8969990008203028
2021-07-15,32.64717483520508,269.2248229980469,17.010000228881836,16.676000118255615,-0.967358303545331
2021-07-16,32.095252990722656,265.96051025390625,18.450000762939453,16.711000156402587,-1.0056929964110854
2021-07-19,31.00813102722168,268.0791015625,22.5,16.801000118255615,-1.1103055733832514
2021-07-20,31.066669464111328,270.9888916015625,19.729999542236328,16.89300012588501,-1.1149679145010252
2021-07-21,32.17887878417969,271.2889404296875,17.90999984741211,16.95550012588501,-1.0163424593851018
2021-07-22,31.85274314880371,269.71588134765625,17.690000534057617,17.02400016784668,-1.0402063577793332
2021-07-23,31.668766021728516,270.12518310546875,17.200000762939453,17.08550019264221,-1.0580831220447313
2021-07-26,32.82278823852539,270.5160827636719,17.579999923706055,17.18350019454956,-0.956020813105003
2021-07-27,32.84787368774414,256.9948425292969,19.360000610351562,17.36350021362305,-0.9077372729132642
2021-07-28,33.04021453857422,256.2673645019531,18.309999465942383,17.478000164031982,-0.888027869842591
2021-07-29,34.24441146850586,256.3492431640625,17.700000762939453,17.57150020599365,-0.7804180886471331
2021-07-30,33.96845245361328,254.55787658691406,18.239999771118164,17.709500217437743,-0.7990431979896684
2021-08-02,33.92664337158203,251.11163330078125,19.459999084472656,17.929000186920167,-0.7910555375137456
2021-08-03,34.8046989440918,255.33985900878906,18.040000915527344,18.00900020599365,-0.7267831450375346
2021-08-04,34.0102653503418,250.1659698486328,17.969999313354492,18.097500133514405,-0.7803438088509979
2021-08-05,34.45347595214844,250.7843780517578,17.280000686645508,18.01150016784668,-0.7427404024939809
2021-08-06,34.578922271728516,251.2116241455078,16.149999618530273,18.010000133514403,-0.7329558459153898
2021-08-09,34.319671630859375,247.93821716308594,16.719999313354492,18.03750009536743,-0.7450380559388972
2021-08-10,34.70435333251953,246.6560821533203,16.790000915527344,18.021000099182128,-0.7062076571028859
2021-08-11,35.00539016723633,251.2116241455078,16.170000076293945,18.013000106811525,-0.6947469749967834
2021-08-12,34.768531799316406,251.0570831298828,15.59000015258789,17.942000102996825,-0.7154418426451942
2021-08-13,34.21866989135742,252.03915405273438,15.449999809265137,17.79200005531311,-0.768049726325143
2021-08-16,33.59266662597656,256.1127624511719,16.1200008392334,17.47300009727478,-0.8380052221913179
2021-08-17,33.660343170166016,252.65745544433594,17.90999984741211,17.382000112533568,-0.8201774711449047
2021-08-18,33.186607360839844,248.02001953125,21.56999969482422,17.565000104904176,-0.8468320813454817
2021-08-19,32.43372344970703,243.29164123535156,21.670000076293945,17.76400008201599,-0.8981869918704476
2021-08-20,32.29836654663086,242.37326049804688,18.559999465942383,17.832000017166138,-0.9071872990395302
2021-08-23,33.406558990478516,242.69155883789062,17.149999618530273,17.81050000190735,-0.8089838655305361
2021-08-24,33.60958480834961,243.51902770996094,17.219999313354492,17.703499937057494,-0.793611315013393
2021-08-25,33.58420944213867,245.8468475341797,16.790000915527344,17.627500009536742,-0.8038103652116604
2021-08-26,33.347328186035156,243.20074462890625,18.84000015258789,17.684499979019165,-0.8160242123647258
2021-08-27,34.091773986816406,243.6008758544922,16.389999389648438,17.591999959945678,-0.7506888337457835
2021-08-30,33.7872314453125,241.4548797607422,16.190000534057617,17.428500032424928,-0.7706674350063855
2021-08-31,33.63496017456055,241.59132385253906,16.479999542236328,17.350499963760377,-0.7847745477358851
2021-09-01,33.499603271484375,241.8094940185547,16.110000610351562,17.25750002861023,-0.7976444927416213
2021-09-02,34.10023880004883,243.55120849609375,16.40999984741211,17.21399998664856,-0.7497613356698882
2021-09-03,33.96488571166992,242.59376525878906,16.40999984741211,17.22699999809265,-0.7586283041823985
2021-09-07,33.91413116455078,240.4052734375,18.139999389648438,17.298000001907347,-0.7557243935785158
2021-09-08,33.440399169921875,238.01611328125,17.959999084472656,17.356499910354614,-0.7900334119256063
2021-09-09,33.28812789916992,236.37481689453125,18.799999237060547,17.487999868392944,-0.7980878157097191
2021-09-10,33.389644622802734,234.8519744873047,20.950000762939453,17.755999898910524,-0.78380769635058
2021-09-13,34.108699798583984,238.78213500976562,19.3700008392334,17.951999950408936,-0.7327659219175019
2021-09-14,33.93104553222656,232.7091064453125,19.459999084472656,18.118999862670897,-0.7280056760963708
2021-09-15,35.09846115112305,233.97654724121094,18.18000030517578,18.13249988555908,-0.627727778963342
2021-09-16,34.56550598144531,235.6088409423828,18.690000534057617,17.988499927520753,-0.6810347506868116
2021-09-17,34.14253234863281,232.72732543945312,20.809999465942383,17.945499897003174,-0.7091198033167766
2021-09-20,33.406558990478516,228.69683837890625,25.709999084472656,18.302999877929686,-0.7613357578714175
2021-09-21,34.65856170654297,229.85496520996094,24.360000610351562,18.663499927520753,-0.6531071994758276
2021-09-22,34.886966705322266,208.8910675048828,20.8700008392334,18.846000003814698,-0.5612673258892594
2021-09-23,35.775211334228516,208.74514770507812,18.6299991607666,18.93799991607666,-0.4811893156965348
2021-09-24,35.512969970703125,206.66607666015625,17.75,18.883499908447266,-0.49760585557921544
2021-09-27,37.365596771240234,206.54757690429688,18.760000228881836,19.001999950408937,-0.33121855859145916
2021-09-28,37.6193962097168,202.79977416992188,23.25,19.354999923706053,-0.2957194877361538
2021-09-29,37.7039794921875,201.605224609375,22.559999465942383,19.658999919891357,-0.28407424467530434
2021-09-30,37.7039794921875,199.96383666992188,23.139999389648438,20.0104998588562,-0.27848577797611934
2021-10-01,38.39765930175781,202.91831970214844,21.100000381469727,20.244999885559082,-0.22639556965243407
2021-10-04,38.64298629760742,198.6689910888672,22.959999084472656,20.57249984741211,-0.18994802166153857
2021-10-05,39.362037658691406,204.50497436523438,21.299999237060547,20.730499839782716,-0.14539538225928514
2021-10-06,38.45687484741211,204.44113159179688,21.0,20.88249988555908,-0.22627497349235554
2021-10-07,38.939064025878906,203.30130004882812,19.540000915527344,20.919499969482423,-0.17919301469566187
2021-10-08,39.39588165283203,203.74810791015625,18.770000457763672,20.810499954223634,-0.13978625236493264
2021-10-11,39.86115264892578,200.44717407226562,20.0,20.84199991226196,-0.08686210881057486
2021-10-12,39.768096923828125,201.81497192382812,19.850000381469727,20.861499977111816,-0.09985629199316745
2021-10-13,40.1572380065918,204.0125274658203,18.639999389648438,20.884499931335448,-0.07247373311225391
2021-10-14,40.68171310424805,207.40469360351562,16.860000610351562,20.792999935150146,-0.03703340308420519
2021-10-15,41.20621109008789,208.92750549316406,16.299999237060547,20.567499923706055,0.00477360578127706
2021-10-18,41.113155364990234,207.88800048828125,16.309999465942383,20.097499942779542,-2.4384700776623754e-05
2021-10-19,41.69686508178711,209.10995483398438,15.699999809265137,19.66449990272522,0.04811196273886079
2021-10-20,41.82375717163086,210.9154052734375,15.489999771118164,19.395499849319457,0.053333651143647055
2021-10-21,41.324642181396484,212.31968688964844,15.010000228881836,19.21449990272522,0.0038348663763072346
2021-10-22,41.18929672241211,212.44735717773438,15.430000305175781,19.098499917984007,-0.008725926546082096
2021-10-25,41.502296447753906,214.654052734375,15.239999771118164,18.922499895095825,0.011803721096537578
2021-10-26,41.333099365234375,216.869873046875,15.979999542236328,18.558999872207643,-0.01089953334778619
2021-10-27,42.2721061706543,214.55377197265625,16.979999542236328,18.279999876022337,0.0811153121897165
2021-10-28,40.13186264038086,215.1647186279297,16.530000686645508,17.949499940872194,-0.11271729879506769
2021-10-29,38.846012115478516,214.7726287841797,16.260000228881836,17.707499933242797,-0.22658655195461852
2021-11-01,39.04904556274414,214.8729248046875,16.40999984741211,17.379999971389772,-0.20873749778318956
2021-11-02,38.40612030029297,214.991455078125,16.030000686645508,17.116500043869017,-0.2667431648897889
2021-11-03,37.89009094238281,218.86691284179688,15.100000381469727,16.821500062942505,-0.32617103518363094
2021-11-04,37.957767486572266,223.4171600341797,15.4399995803833,16.616499996185304,-0.3355999563568045
2021-11-05,38.71065902709961,221.37457275390625,16.479999542236328,16.501999950408937,-0.26119111890885743
2021-11-08,38.73604202270508,226.6269073486328,17.219999313354492,16.36299991607666,-0.2767996901522487
2021-11-09,38.94752883911133,227.4931640625,17.780000686645508,16.259499931335448,-0.26080114854064357
2021-11-10,37.99863815307617,226.6177978515625,18.729999542236328,16.263999938964844,-0.34283547512274964
2021-11-11,37.82766342163086,228.8701171875,17.65999984741211,16.30399990081787,-0.3658222648172606
2021-11-12,37.7592658996582,231.50538635253906,16.290000915527344,16.30349998474121,-0.380922611571189
2021-11-15,38.708168029785156,230.0646514892578,16.489999771118164,16.3125,-0.2910015835207489
2021-11-16,38.97317123413086,230.8671112060547,16.3700008392334,16.346000051498415,-0.2699910954820974
2021-11-17,38.75946044921875,225.55091857910156,17.110000610351562,16.427000093460084,-0.27103810407767964
2021-11-18,38.52864074707031,223.1527099609375,17.59000015258789,16.556000089645387,-0.28355288438831805
2021-11-19,36.938594818115234,221.30160522460938,17.90999984741211,16.680000066757202,-0.41970861623535355
2021-11-22,36.87021255493164,226.13449096679688,19.170000076293945,16.87650008201599,-0.4422898654831594
2021-11-23,37.68233108520508,224.7119598388672,19.3799991607666,17.046500062942506,-0.3646857758470903
2021-11-24,37.81911087036133,222.10403442382812,18.579999923706055,17.12650008201599,-0.34355190145012066
2021-11-26,35.96405029296875,217.16168212890625,28.6200008392334,17.731000089645384,-0.492926464420946
2021-11-29,36.288902282714844,219.368408203125,22.959999084472656,18.066000032424927,-0.47133503150950484
2021-11-30,35.93840789794922,210.0673828125,27.190000534057617,18.605000066757203,-0.4710697592272357
2021-12-01,35.55372619628906,207.7056121826172,31.1200008392334,19.359500074386595,-0.4974936788680033
2021-12-02,37.5028076171875,214.56288146972656,27.950000762939453,20.002000093460083,-0.3462151896987344
2021-12-03,37.25490188598633,219.61465454101562,30.670000076293945,20.763500118255614,-0.3856258752061877
2021-12-06,38.03282928466797,223.45358276367188,27.18000030517578,21.29850015640259,-0.3289988953156148
2021-12-07,37.990074157714844,225.2864532470703,21.889999389648438,21.532000160217287,-0.3390698999523958
2021-12-08,38.12685775756836,223.18003845214844,19.899999618530273,21.638000106811525,-0.3196431871289551
2021-12-09,37.639591217041016,223.63600158691406,21.579999923706055,21.78050012588501,-0.36485166539215247
2021-12-10,37.74217224121094,225.26406860351562,18.690000534057617,21.832000160217284,-0.36120415633755953
2021-12-13,36.613746643066406,220.34315490722656,20.309999465942383,22.03300008773804,-0.4455497370776554
2021-12-14,36.48552322387695,219.55657958984375,21.889999389648438,22.303000068664552,-0.45435968903663493
2021-12-15,36.613746643066406,220.23338317871094,19.290000915527344,22.449000072479247,-0.44517599505447075
2021-12-16,36.63939666748047,218.166259765625,20.56999969482422,22.62200002670288,-0.4358399355306379
2021-12-17,35.99824523925781,228.9593505859375,21.56999969482422,22.821000003814696,-0.530030570210306
2021-12-20,35.8443717956543,224.5963897705078,22.8700008392334,23.069000053405762,-0.5289620128161658
2021-12-21,36.80181884765625,230.45025634765625,21.010000228881836,23.161000061035157,-0.463111489902271
2021-12-22,37.203609466552734,228.6300506591797,18.6299991607666,23.123500061035156,-0.4209162583776229
2021-12-23,37.4771614074707,232.16070556640625,17.959999084472656,23.092500019073487,-0.4084285980301082
2021-12-27,37.89604949951172,234.38330078125,17.68000030517578,22.545499992370605,-0.3784661452169219
2021-12-28,37.63103485107422,234.55709838867188,17.540000915527344,22.27450008392334,-0.4028015416224663
2021-12-29,37.34038162231445,235.51747131347656,16.950000762939453,21.762500095367432,-0.4321120642438413
2021-12-30,37.10102081298828,236.4961700439453,17.329999923706055,21.073000049591066,-0.45688949935042705
2021-12-31,37.10102081298828,236.56936645507812,17.219999313354492,20.536499977111816,-0.457138712651124
2022-01-03,38.161048889160156,236.4870147705078,16.600000381469727,19.832999992370606,-0.36188640567857167
2022-01-04,39.29801940917969,242.3042755126953,16.90999984741211,19.319499969482422,-0.2798270639930689
2022-01-05,39.31511688232422,239.7615203857422,19.729999542236328,19.211499977111817,-0.2696378669569423
2022-01-06,39.95626449584961,240.73109436035156,19.610000610351562,19.19700002670288,-0.21549615666764463
2022-01-07,40.409339904785156,241.4628143310547,18.760000228881836,19.05600004196167,-0.17739471981414542
2022-01-10,40.18707275390625,234.65769958496094,19.399999618530273,19.091499996185302,-0.17413896234342036
2022-01-11,41.452274322509766,233.73388671875,18.40999984741211,18.99650001525879,-0.057639446678694146
2022-01-12,42.14471435546875,234.34674072265625,17.6200008392334,18.78300008773804,0.002312277061985074
2022-01-13,42.093421936035156,235.68214416503906,20.309999465942383,18.834000015258788,-0.006829879790150237
2022-01-14,42.785858154296875,234.35586547851562,19.190000534057617,18.76500005722046,0.05972370644932041
2022-01-18,43.55522918701172,231.71249389648438,22.790000915527344,18.826000118255614,0.13765450635657298
2022-01-19,43.426998138427734,230.6697540283203,23.850000381469727,18.875000095367433,0.12971603947587487
2022-01-20,42.3071403503418,229.34352111816406,25.59000015258789,19.104000091552734,0.03389919888612298
2022-01-21,41.589046478271484,224.01101684570312,28.850000381469727,19.61500015258789,-0.012281860598593125
2022-01-24,41.033390045166016,224.7518768310547,29.899999618530273,20.212000179290772,-0.0645876419360919
2022-01-25,42.52084732055664,223.2152099609375,31.15999984741211,20.886000156402588,0.07391119910067191
2022-01-26,43.521034240722656,222.41033935546875,31.959999084472656,21.607000064849853,0.16626208546763105
2022-01-27,43.692012786865234,221.28524780273438,30.489999771118164,22.28400001525879,0.18541132171417318
2022-01-28,43.63217544555664,223.89207458496094,27.65999984741211,22.800500011444093,0.17117475226140044
2022-01-31,43.93992233276367,224.8799285888672,24.829999923706055,23.18100004196167,0.1953835927526986
2022-02-01,45.034149169921875,230.4959716796875,21.959999084472656,23.448999977111818,0.27429845611372294
2022-02-02,45.52141571044922,230.3313446044922,22.09000015258789,23.707999992370606,0.31851501660535264
2022-02-03,46.08562088012695,226.21536254882812,24.350000381469727,23.939000034332274,0.3830780579119081
2022-02-04,47.10291290283203,223.2792510986328,23.219999313354492,24.119499969482423,0.48421773386556394
2022-02-07,47.62437438964844,222.9316864013672,22.860000610351562,24.324499988555907,0.5321208002811275
2022-02-08,46.718223571777344,223.05059814453125,21.440000534057617,24.426500034332275,0.45053046180539963
2022-02-09,46.812255859375,223.39816284179688,19.959999084472656,24.503999996185303,0.45777180936686007
2022-02-10,46.60709762573242,219.89501953125,23.90999984741211,24.818499946594237,0.45131813051084857
2022-02-11,47.19694519042969,212.39471435546875,27.360000610351562,25.171000003814697,0.5297012442655215
2022-02-14,46.4874153137207,208.96473693847656,28.329999923706055,25.62799997329712,0.47780989385372896
2022-02-15,45.70949172973633,210.7391815185547,25.700000762939453,25.773499965667725,0.40207129187683766
2022-02-16,46.196754455566406,209.4677734375,24.290000915527344,25.795499992370605,0.45005579026026915
2022-02-17,45.84626388549805,205.22373962402344,28.110000610351562,25.92150001525879,0.433103762862582
2022-02-18,45.51287078857422,203.266357421875,27.75,25.866499996185304,0.40989815374958377
2022-02-22,45.02560043334961,199.20523071289062,28.809999465942383,25.811999988555907,0.38006876082017443
2022-02-23,44.99140167236328,196.50697326660156,31.020000457763672,25.805000019073486,0.38619157621757555
2022-02-24,44.102352142333984,197.4947967529297,30.31999969482422,25.723000049591064,0.30317500538936126
2022-02-25,46.34208679199219,201.88522338867188,27.59000015258789,25.57800006866455,0.4888931251123017
2022-02-28,44.78623962402344,203.3029327392578,30.149999618530273,25.70250005722046,0.34467199213935473
2022-03-01,44.256221771240234,196.57098388671875,33.31999969482422,26.127000045776366,0.3201060914515373
2022-03-02,46.69257736206055,200.5406494140625,30.739999771118164,26.566000080108644,0.5248727984234419
2022-03-03,43.897178649902344,202.42486572265625,30.479999542236328,26.985500049591064,0.2680072311072144
2022-03-04,42.22164535522461,196.89981079101562,31.979999542236328,27.367000007629393,0.136701135501793
2022-03-07,44.07670211791992,184.5557403564453,36.45000076293945,28.028500080108643,0.34493078962289836
2022-03-08,45.256404876708984,187.21730041503906,35.130001068115234,28.642000102996825,0.44156295203077145
2022-03-09,44.204925537109375,198.90057373046875,32.45000076293945,29.192500114440918,0.3075786662873916
2022-03-10,44.187828063964844,201.2501220703125,30.229999542236328,29.706000137329102,0.29804728430513744
2022-03-11,43.53813171386719,195.65164184570312,30.75,30.048000144958497,0.25889979107561095
2022-03-14,42.70891189575195,193.77020263671875,31.770000457763672,30.268500137329102,0.19101262701246896
2022-03-15,43.04231643676758,198.45089721679688,29.829999923706055,30.3435001373291,0.20494714473823686
2022-03-16,42.939727783203125,207.35328674316406,26.670000076293945,30.392000102996825,0.16544569386544475
2022-03-17,44.34170913696289,209.23472595214844,25.670000076293945,30.461000061035158,0.2846487290952207
2022-03-18,43.73475646972656,200.91053771972656,23.8700008392334,30.249000072479248,0.2586110771516958
2022-03-21,45.683841705322266,203.89329528808594,23.530000686645508,30.038000106811523,0.4230815364687264
2022-03-22,45.36753845214844,207.940673828125,22.940000534057617,29.744500160217285,0.3809625407722789
2022-03-23,46.795162200927734,203.26002502441406,23.56999969482422,29.37200012207031,0.5248050488205267
2022-03-24,47.034523010253906,206.6099090576172,21.670000076293945,28.9395001411438,0.5348448706865115
2022-03-25,47.521793365478516,207.93148803710938,20.809999465942383,28.600500106811523,0.5740016571522691
2022-03-28,46.14545822143555,211.1345672607422,19.6299991607666,28.07450008392334,0.4397850001060004
2022-03-29,45.69239044189453,218.95401000976562,18.899999618530273,27.353500080108642,0.3725699302196062
2022-03-30,47.53889083862305,215.90696716308594,19.329999923706055,26.78300008773804,0.5483792093944706
2022-03-31,46.957584381103516,212.36436462402344,20.559999465942383,26.28700008392334,0.508359336855788
2022-04-01,47.632930755615234,203.05810546875,19.6299991607666,25.669500064849853,0.6005513802120921
2022-04-04,47.718414306640625,200.06617736816406,18.56999969482422,24.77550001144409,0.6183968527864583
2022-04-05,46.940486907958984,193.67843627929688,21.030000686645508,24.070499992370607,0.5704478675873909
2022-04-06,47.273887634277344,187.2264404296875,22.100000381469727,23.55299997329712,0.6222857397005753
2022-04-07,47.37646484375,187.01536560058594,21.549999237060547,23.11899995803833,0.6321946704035388
2022-04-08,47.94922637939453,184.9503936767578,21.15999984741211,22.639499950408936,0.6905411932239869
2022-04-11,47.290985107421875,187.33660888671875,24.3700008392334,22.26949996948242,0.6234424741797275
2022-04-12,47.863739013671875,187.5752716064453,24.260000228881836,21.99099998474121,0.6739450820134895
2022-04-13,48.76134490966797,189.34654235839844,21.81999969482422,21.748499965667726,0.7483343060839991
2022-04-14,48.82118606567383,188.8234100341797,22.700000762939453,21.6,0.7554768206654972
2022-04-18,49.009254455566406,186.54733276367188,22.170000076293945,21.51499996185303,0.7800759849589072
2022-04-19,49.65894317626953,191.64097595214844,21.3700008392334,21.40699996948242,0.820941623504668
2022-04-20,49.47087478637695,191.98976135253906,20.31999969482422,21.27599992752075,0.8029043488029101
2022-04-21,48.4792366027832,189.851318359375,22.68000030517578,21.23149995803833,0.7213405353721897
2022-04-22,47.43630599975586,188.33700561523438,28.209999084472656,21.558499908447267,0.6330562513096173
2022-04-25,45.974491119384766,188.5113525390625,27.020000457763672,21.86899995803833,0.5014931276389235
2022-04-26,45.350440979003906,183.55535888671875,33.52000045776367,22.563500022888185,0.4624558882664196
2022-04-27,45.99159240722656,182.87619018554688,31.600000381469727,23.198500061035155,0.5222114478475081
2022-04-28,46.991783142089844,189.84214782714844,29.989999771118164,23.73150005340576,0.5881051799624469
2022-04-29,45.675289154052734,182.39898681640625,33.400001525878906,24.37350015640259,0.49549738764462326
2022-05-02,45.9317512512207,180.81118774414062,32.34000015258789,25.00900020599365,0.5238808080233686
2022-05-03,47.56453323364258,183.0414276123047,29.25,25.54300022125244,0.662574575406115
2022-05-04,48.70150375366211,192.26507568359375,25.420000076293945,25.762500190734862,0.7330361212898815
2022-05-05,48.675865173339844,190.20008850097656,31.200000762939453,26.21750020980835,0.7377697675639987
2022-05-06,49.32555389404297,192.9258575439453,30.190000534057617,26.6495002746582,0.7866973550810927
2022-05-09,46.46177291870117,191.14537048339844,34.75,27.3290002822876,0.5361824519487124
2022-05-10,46.96613311767578,190.9526824951172,32.9900016784668,27.76000032424927,0.5820260374771807
2022-05-11,47.76115417480469,190.16336059570312,32.560001373291016,28.175000381469726,0.6559423996002508
2022-05-12,47.20549011230469,191.0811004638672,31.770000457763672,28.6725004196167,0.6030337082037013
2022-05-13,48.47069549560547,193.9170684814453,28.8700008392334,28.981000423431396,0.7067325636601132
2022-05-16,49.63330078125,192.47616577148438,27.469999313354492,29.246000385284425,0.815800636738115
2022-05-17,50.043643951416016,203.28756713867188,26.100000381469727,29.48250036239624,0.8157550357632722
2022-05-18,49.9410514831543,186.831787109375,30.959999084472656,30.01450033187866,0.8625907156354603
2022-05-19,50.4842643737793,182.6834716796875,29.350000381469727,30.34800033569336,0.9253830653975604
2022-05-20,50.30319595336914,184.38134765625,29.43000030517578,30.409000396728516,0.9033796684660064
2022-05-23,51.743141174316406,187.85972595214844,28.479999542236328,30.48200035095215,1.020546899278064
2022-05-24,51.682777404785156,188.37371826171875,29.450000762939453,30.278500366210938,1.013388680967856
2022-05-25,52.044925689697266,187.51100158691406,28.3700008392334,30.117000389099122,1.0487722237313502
2022-05-26,51.837982177734375,194.83480834960938,27.5,29.992500400543214,1.0052958592535686
2022-05-27,51.75175857543945,201.60801696777344,25.719999313354492,29.608500289916993,0.9745098804691247
2022-05-31,51.06196975708008,206.1143341064453,26.190000534057617,29.301000308990478,0.8973663435901843
2022-06-01,51.50171661376953,200.6902618408203,25.690000534057617,29.12300033569336,0.9552323753329335
2022-06-02,51.07920837402344,203.30592346191406,24.719999313354492,29.088000297546387,0.9084726689439065
2022-06-03,51.44135665893555,200.7177734375,24.790000915527344,28.76750030517578,0.9497308295135779
2022-06-06,51.837982177734375,204.5265655517578,25.06999969482422,28.51150026321411,0.9722981375822125
2022-06-07,53.07099533081055,203.1682586669922,24.020000457763672,27.975000286102294,1.0873931019877776
2022-06-08,52.84680938720703,199.3135986328125,23.959999084472656,27.523500156402587,1.0804314747617438
2022-06-09,51.329261779785156,199.15756225585938,26.09000015258789,27.200000095367432,0.9449999080933861
2022-06-10,49.992794036865234,189.76869201660156,27.75,26.999000072479248,0.8572271871137094
2022-06-13,48.21656036376953,184.4547882080078,34.02000045776367,27.256500053405762,0.7161800534348874
2022-06-14,47.37157440185547,211.04275512695312,32.689998626708984,27.517500019073488,0.5499499783772651
2022-06-15,47.38882064819336,213.6400909423828,29.6200008392334,27.69350004196167,0.5426519330243603
2022-06-16,45.18147659301758,206.78428649902344,32.95000076293945,27.79300012588501,0.3682297307668258
2022-06-17,43.05174255371094,210.99688720703125,31.1299991607666,27.882000064849855,0.16307608044324465
2022-06-21,45.22459030151367,211.56591796875,30.190000534057617,27.920000076293945,0.3558123335632915
2022-06-22,43.8277587890625,210.18927001953125,28.950000762939453,27.943500137329103,0.235352019077288
2022-06-23,42.39643478393555,209.37240600585938,29.049999237060547,27.923500061035156,0.10989548410007417
2022-06-24,43.89673614501953,224.37110900878906,27.229999542236328,27.866499996185304,0.19324676724804085
2022-06-27,44.69862365722656,221.8159637451172,26.950000762939453,27.839000034332276,0.27379045554411574
2022-06-28,45.82815933227539,221.46546936035156,28.360000610351562,27.971000099182127,0.37618316192897205
2022-06-29,45.35392379760742,215.672607421875,28.15999984741211,28.069500064849855,0.3534176817922707
2022-06-30,45.08663558959961,209.12335205078125,28.709999084472656,28.220499992370605,0.3517687029770315
2022-07-01,44.75035095214844,206.2638702392578,26.700000762939453,28.319500064849855,0.33137542659398217
2022-07-05,41.90496063232422,211.79843139648438,27.540000915527344,28.457000064849854,0.05760251926537378
2022-07-06,41.396236419677734,210.05503845214844,26.729999542236328,28.54000005722046,0.017959759145352347
2022-07-07,42.20674133300781,213.40345764160156,26.079999923706055,28.643000030517577,0.07917552774610292
2022-07-08,42.292972564697266,212.6101531982422,24.639999389648438,28.677000045776367,0.08960228944521796
2022-07-11,41.68077850341797,206.79884338378906,26.170000076293945,28.68100004196167,0.05453939324640786
2022-07-12,41.12031936645508,205.68270874023438,27.290000915527344,28.65800008773804,0.008125866668243803
2022-07-13,41.19792175292969,199.36412048339844,26.81999969482422,28.298000049591064,0.03659158300223655
2022-07-14,39.783843994140625,197.66680908203125,26.399999618530273,27.98350009918213,-0.08432211855054374
2022-07-15,40.93062973022461,200.93222045898438,24.229999542236328,27.714000034332276,0.007304938567368932
2022-07-18,41.87047576904297,201.070556640625,25.299999237060547,27.33149995803833,0.09103830205448335
2022-07-19,42.70684051513672,207.94265747070312,24.5,27.0,0.14257380071409279
2022-07-20,42.50852584838867,209.99966430664062,23.8799991607666,26.68449993133545,0.11780250728083098
2022-07-21,42.23261260986328,209.99966430664062,23.110000610351562,26.392499923706055,0.09308239721721615
2022-07-22,42.06877899169922,209.6676025390625,23.030000686645508,26.091499996185302,0.07953450144493815
2022-07-25,43.27592086791992,210.4701385498047,23.360000610351562,25.898000049591065,0.18495449486765017
2022-07-26,43.16382598876953,207.4261016845703,24.690000534057617,25.785000038146972,0.18527558474889472
2022-07-27,44.33647918701172,209.97198486328125,23.239999771118164,25.528999996185302,0.28166999778961394
2022-07-28,44.39683532714844,211.98289489746094,22.329999923706055,25.2375,0.2802309465012093
2022-07-29,46.02647399902344,215.00843811035156,21.329999923706055,24.86850004196167,0.4159353074341593
2022-08-01,45.14699172973633,219.2608184814453,22.84000015258789,24.675500011444093,0.3226610008418715
2022-08-02,45.4573974609375,215.1744842529297,23.93000030517578,24.494999980926515,0.3643842484706856
2022-08-03,45.14699172973633,215.1007080078125,21.950000762939453,24.25600004196167,0.3368250130707992
2022-08-04,44.05194091796875,217.78497314453125,21.440000534057617,24.024000072479247,0.2295760994912275
2022-08-05,44.74173355102539,216.66880798339844,21.149999618530273,23.84950008392334,0.2951774591712527
2022-08-08,44.81071853637695,211.2541961669922,21.290000915527344,23.60550012588501,0.3197933231013993
2022-08-09,45.284942626953125,207.5183563232422,21.770000457763672,23.329500102996825,0.3750003415055321
2022-08-10,45.810916900634766,214.41810607910156,19.739999771118164,22.975500106811523,0.3986326475281156
2022-08-11,46.94247817993164,211.45709228515625,20.200000762939453,22.665500164031982,0.5100949236606565
2022-08-12,47.25584030151367,212.785400390625,19.530000686645508,22.43050022125244,0.5336477032645722
2022-08-15,46.159088134765625,215.11915588378906,19.950000762939453,22.163000297546386,0.4274397461299263
2022-08-16,45.90666580200195,219.740478515625,19.690000534057617,21.922500324249267,0.3890899645275974
2022-08-17,46.05462646484375,215.31285095214844,19.899999618530273,21.723500347137453,0.4174211527143067
2022-08-18,46.73358154296875,216.65037536621094,19.559999465942383,21.546000289916993,0.473697408379612
2022-08-19,46.0111083984375,213.75396728515625,20.600000381469727,21.424500274658204,0.41882976737017036
2022-08-22,46.00239944458008,206.22694396972656,23.799999237060547,21.44650020599365,0.4436769077176991
2022-08-23,47.91736602783203,207.78587341308594,24.110000610351562,21.41750020980835,0.6099382843946366
2022-08-24,47.38640213012695,208.52378845214844,22.81999969482422,21.396500205993654,0.5598548273660583
2022-08-25,47.64752960205078,210.34097290039062,21.780000686645508,21.369000244140626,0.5770632200792775
2022-08-26,47.7693977355957,201.23663330078125,25.559999465942383,21.580500221252443,0.6189795759419119
2022-08-29,48.448333740234375,199.91754150390625,26.209999084472656,21.74900016784668,0.6842991576600851
2022-08-30,47.35158157348633,196.91964721679688,26.209999084472656,21.863000106811523,0.5962439763151192
2022-08-31,46.115570068359375,194.456787109375,25.8700008392334,22.059000110626222,0.49389038272045765
2022-09-01,45.610721588134766,196.49725341796875,25.559999465942383,22.26500005722046,0.4417118820277575
2022-09-02,46.33317184448242,193.58493041992188,25.469999313354492,22.48100004196167,0.5163545765306179
2022-09-06,45.95887756347656,189.3648681640625,26.90999984741211,22.761999988555907,0.497188268238974
2022-09-07,45.427921295166016,186.9998016357422,24.639999389648438,22.905499935150146,0.45767027882796
2022-09-08,45.40181350708008,188.15916442871094,23.610000610351562,23.098999977111816,0.45138387746058434
2022-09-09,46.698753356933594,193.90956115722656,22.790000915527344,23.228499984741212,0.5480031293908215
2022-09-12,46.977291107177734,198.33367919921875,23.8700008392334,23.445499992370607,0.5578954952466523
2022-09-13,46.280948638916016,190.45005798339844,27.270000457763672,23.811499977111815,0.5223490656846882
2022-09-14,47.186195373535156,190.14398193359375,26.15999984741211,24.13499994277954,0.6044956460226706
2022-09-15,46.22002029418945,190.0141143798828,26.270000457763672,24.45349998474121,0.5183745309553487
2022-09-16,45.73257827758789,149.34385681152344,26.299999237060547,24.79049997329712,0.6131736061486588
2022-09-19,45.68906021118164,151.08753967285156,25.760000228881836,25.048499965667723,0.6033379057820105
2022-09-20,46.00239944458008,145.98635864257812,27.15999984741211,25.216499996185302,0.6487792463838187
2022-09-21,45.54978561401367,142.13726806640625,27.989999771118164,25.41049995422363,0.6213329388014194
2022-09-22,45.55849075317383,143.33372497558594,27.350000381469727,25.636999988555907,0.6180392641006364
2022-09-23,41.87656021118164,138.5015411376953,29.920000076293945,26.04399995803833,0.30461342218280624
2022-09-26,40.73628616333008,132.53781127929688,32.2599983215332,26.37899990081787,0.2227567913115664
2022-09-27,41.841739654541016,134.4391326904297,32.599998474121094,26.698499870300292,0.3153250810472173
2022-09-28,43.18220901489258,139.11367797851562,30.18000030517578,26.89699993133545,0.41950727952416683
2022-09-29,43.591312408447266,141.26544189453125,31.84000015258789,27.195499897003174,0.44883424496626745
2022-09-30,43.31277084350586,137.7039031982422,31.6200008392334,27.498499965667726,0.4360046960013676
2022-10-03,45.54978561401367,140.47705078125,30.100000381469727,27.730000019073486,0.6269855141545677
2022-10-04,46.72486877441406,147.58163452148438,29.06999969482422,27.83800001144409,0.708076536732004
2022-10-05,47.02081298828125,145.49478149414062,28.549999237060547,28.033500003814698,0.7416964482881044
2022-10-06,44.97529602050781,143.93661499023438,30.520000457763672,28.378999996185303,0.5637359715519477
2022-10-07,45.23643112182617,143.21316528320312,31.360000610351562,28.807499980926515,0.5895951962805026
2022-10-10,44.531368255615234,142.10018920898438,32.45000076293945,29.236499977111816,0.5302153209142604
2022-10-11,43.6783561706543,141.05213928222656,33.630001068115234,29.554500007629393,0.4573590603867223
2022-10-12,43.80021286010742,141.80335998535156,33.56999969482422,29.925,0.4657189655306027
2022-10-13,45.427921295166016,144.9197540283203,31.940000534057617,30.2085000038147,0.6009410675925954
2022-10-14,43.983001708984375,145.57826232910156,32.02000045776367,30.494500064849852,0.4692432231692098
2022-10-17,44.74897384643555,145.5968017578125,31.3700008392334,30.77500009536743,0.5378064409705349
2022-10-18,44.77509689331055,144.96612548828125,30.5,30.942000102996825,0.5422941797364136
2022-10-19,45.03622817993164,141.86831665039062,30.760000228881836,31.08050012588501,0.5762370912238775
2022-10-20,45.27994918823242,139.25279235839844,29.979999542236328,31.21200008392334,0.606978106118107
2022-10-21,46.12427520751953,142.11875915527344,29.690000534057617,31.200500106811525,0.6728666508682642
2022-10-24,46.080745697021484,143.53778076171875,29.850000381469727,31.08000020980835,0.6641353059199092
2022-10-25,45.96759033203125,144.50234985351562,28.459999084472656,30.87300024032593,0.6507132011273575
2022-10-26,46.40281295776367,146.50575256347656,27.280000686645508,30.728000259399415,0.6828854157152559
2022-10-27,48.75297927856445,145.53189086914062,27.389999389648438,30.50550022125244,0.8967614272364367
2022-10-28,48.90094757080078,148.74098205566406,25.75,30.212000179290772,0.8990924082600612
2022-10-31,48.42221450805664,148.65750122070312,25.8799991607666,30.001000118255615,0.856485132319176
2022-11-01,48.605003356933594,146.7190704345703,25.809999465942383,29.838000106811524,0.8794616907638562
2022-11-02,47.795501708984375,143.35231018066406,25.860000610351562,29.703500175476073,0.8183982546941029
2022-11-03,48.509254455566406,143.6862030029297,25.299999237060547,29.442500114440918,0.8812092497904108
2022-11-04,49.666934967041016,145.3000030517578,24.549999237060547,29.102000045776368,0.979435685497936
2022-11-07,49.49284744262695,147.69293212890625,24.350000381469727,28.69700002670288,0.9556912720857655
2022-11-08,48.927066802978516,147.9711456298828,25.540000915527344,28.292500019073486,0.904053606649989
2022-11-09,46.64362716674805,146.57994079589844,26.09000015258789,27.91850004196167,0.7042082808640995
2022-11-10,47.319881439208984,153.9627227783203,23.530000686645508,27.498000049591063,0.7396601504883874
2022-11-11,48.979759216308594,162.87588500976562,22.520000457763672,27.023000049591065,0.858028051675591
2022-11-14,48.004913330078125,162.0874786376953,23.729999542236328,26.64099998474121,0.7733722266692085
2022-11-15,49.427669525146484,163.47872924804688,24.540000915527344,26.34300003051758,0.8961055134973972
2022-11-16,49.023677825927734,158.38685607910156,24.110000610351562,26.010500049591066,0.8772467734840717
2022-11-17,49.78775405883789,159.1010284423828,23.93000030517578,25.708000087738036,0.9432716945155464
2022-11-18,49.12906265258789,162.05043029785156,23.1200008392334,25.379500102996825,0.8742151532826082
2022-11-21,48.031253814697266,161.04873657226562,22.360000610351562,25.005000114440918,0.7792687963691682
2022-11-22,49.901912689208984,162.93153381347656,21.290000915527344,24.646500205993654,0.9404577986868091
2022-11-23,49.91070556640625,163.57147216796875,20.350000381469727,24.300000190734863,0.9390667747419741
2022-11-25,49.901912689208984,163.88682556152344,20.5,23.955500221252443,0.9372052975603873
2022-11-28,49.612098693847656,160.64993286132812,22.209999084472656,23.778500175476076,0.9222604801556037
2022-11-29,50.60450744628906,164.92562866210938,21.889999389648438,23.579000186920165,0.9966165839222815
2022-11-30,51.35102081298828,169.00656127929688,20.579999923706055,23.31750020980835,1.0496051046799635
2022-12-01,50.98215866088867,167.36489868164062,19.84000015258789,23.016500186920165,1.0221467519115797
2022-12-02,50.692344665527344,168.25527954101562,19.059999465942383,22.704500198364258,0.9931497227829963
2022-12-05,50.41130828857422,163.7940673828125,20.75,22.514500236511232,0.9831597906021906
2022-12-06,49.77896499633789,160.5015411376953,22.170000076293945,22.405500221252442,0.9377158952952103
2022-12-07,49.489139556884766,159.78733825683594,22.68000030517578,22.262500190734862,0.9141809995452649
2022-12-08,49.69992446899414,159.4441680908203,22.290000915527344,22.072500228881836,0.9342344150448221
2022-12-09,48.8392333984375,160.91014099121094,22.829999923706055,22.037500190734864,0.8521306208269877
2022-12-12,49.497928619384766,165.6161651611328,25.0,22.16150016784668,0.89512292008499
2022-12-13,50.393741607666016,165.15859985351562,22.549999237060547,22.10250015258789,0.9769400739650635
2022-12-14,49.84921646118164,166.26976013183594,21.139999389648438,21.932500076293945,0.9243708177817872
2022-12-15,49.31349182128906,161.69448852539062,22.829999923706055,21.86850004196167,0.89195074184528
2022-12-16,48.26837921142578,160.34054565429688,22.6200008392334,21.803000068664552,0.8029249489929756
2022-12-19,48.76019287109375,157.5953826904297,22.420000076293945,21.768000030517577,0.8563349057850922
2022-12-20,49.29592514038086,153.45896911621094,21.479999542236328,21.723999977111816,0.918416515914909
2022-12-21,50.586952209472656,158.72520446777344,20.06999969482422,21.66299991607666,1.0161544534925981
2022-12-22,49.83165740966797,164.04747009277344,21.969999313354492,21.743999862670897,0.9303639117999158
2022-12-23,50.74503707885742,164.2715606689453,20.8700008392334,21.76249990463257,1.011434083461543
2022-12-27,50.82406997680664,165.31735229492188,21.649999618530273,21.73449993133545,1.0149543116634925
2022-12-28,49.67357635498047,161.5824432373047,22.139999389648438,21.74699993133545,0.9245935592897189
2022-12-29,49.77017593383789,163.91677856445312,21.440000534057617,21.789999961853027,0.9253005220527449
2022-12-30,50.01609420776367,161.7224884033203,21.670000076293945,21.88149995803833,0.9548042139196962
2023-01-03,49.16419219970703,165.5227813720703,22.899999618530273,22.073499965667725,0.8655401583096405
2023-01-04,48.681156158447266,169.42579650878906,22.010000228881836,22.136499977111818,0.8089744588327603
2023-01-05,48.725067138671875,169.26707458496094,22.459999084472656,22.15099992752075,0.8134490132887857
2023-01-06,50.279563903808594,173.45948791503906,21.1299991607666,22.073499870300292,0.9384482604639846
2023-01-09,50.99972152709961,177.1664276123047,21.969999313354492,22.05749979019165,0.9903488117930994
2023-01-10,51.26319885253906,176.23269653320312,20.579999923706055,21.944999790191652,1.0171338344733454
2023-01-11,51.75502014160156,179.4634246826172,21.09000015258789,21.749499797821045,1.050198237531828
2023-01-12,52.36100387573242,179.1739501953125,18.829999923706055,21.56349983215332,1.1054761906882844
2023-01-13,52.35221862792969,176.12997436523438,18.350000381469727,21.423999881744386,1.115052973171732
2023-01-17,52.16779327392578,175.66311645507812,19.360000610351562,21.25049991607666,1.1001191290950487
2023-01-18,51.280765533447266,175.23358154296875,20.34000015258789,21.136499881744385,1.0221094068275676
2023-01-19,51.930667877197266,172.02154541015625,20.520000457763672,21.041499900817872,1.091272698959574
2023-01-20,51.72867202758789,174.4959259033203,19.850000381469727,20.95999994277954,1.064750553909693
2023-01-23,51.491546630859375,178.4829864501953,19.809999465942383,20.946999931335448,1.029930767575857
2023-01-24,50.929466247558594,176.70892333984375,19.200000762939453,20.808500003814697,0.9856120497609038
2023-01-25,50.79773712158203,175.3643035888672,19.079999923706055,20.71899995803833,0.9783879934426692
2023-01-26,51.39493942260742,177.53990173339844,18.729999542236328,20.572999954223633,1.0244863021884307
2023-01-27,51.38615417480469,177.93206787109375,18.510000228881836,20.391499996185303,1.0223639826503457
2023-01-30,51.29832077026367,171.88148498535156,19.940000534057617,20.316499996185303,1.0350951977718714
2023-01-31,51.64963150024414,181.01341247558594,19.399999618530273,20.202999973297118,1.035478795983283
2023-02-01,51.21928405761719,188.71670532226562,17.8700008392334,19.951500034332277,0.9706947848903846
2023-02-02,50.6132926940918,200.28562927246094,18.729999542236328,19.7875,0.8770127785798889
2023-02-03,51.20172882080078,200.44439697265625,18.329999923706055,19.58100004196167,0.9291924360155898
2023-02-06,50.8065071105957,196.6347198486328,19.43000030517578,19.49600009918213,0.9067539136762724
2023-02-07,52.35221862792969,195.99978637695312,18.65999984741211,19.33050012588501,1.047401822534206
2023-02-08,52.22926712036133,195.59828186035156,19.6299991607666,19.28300008773804,1.0377531427266857
2023-02-09,52.51030731201172,194.79525756835938,20.709999084472656,19.264000034332277,1.0656666689425982
2023-02-10,54.240447998046875,195.49559020996094,20.530000686645508,19.34900007247925,1.2182920766857448
2023-02-13,54.30192565917969,197.6337890625,20.34000015258789,19.448500061035155,1.2165201238899281
2023-02-14,54.960609436035156,198.576904296875,18.90999984741211,19.426000022888182,1.2723230499510023
2023-02-15,54.855224609375,198.92237854003906,18.229999542236328,19.320499992370607,1.2617049818086543
2023-02-16,54.868526458740234,197.64317321777344,20.170000076293945,19.30299997329712,1.2672520809984402
2023-02-17,53.769378662109375,196.36395263671875,20.020000457763672,19.311499977111815,1.1731306630050498
2023-02-21,53.24639892578125,192.02210998535156,22.8700008392334,19.46450004577637,1.1410576908756735
2023-02-22,52.253623962402344,189.3889923095703,22.290000915527344,19.619000053405763,1.0610762579387552
2023-02-23,53.41481018066406,191.58323669433594,21.139999389648438,19.72200002670288,1.1576405326051977
2023-02-24,53.74278259277344,189.80917358398438,21.670000076293945,19.869000053405763,1.193065009363137
2023-02-27,54.2480354309082,190.53746032714844,20.950000762939453,19.99100008010864,1.2358529085221153
2023-02-28,53.866878509521484,189.75314331054688,20.700000762939453,20.029000091552735,1.2043739990642417
2023-03-01,54.90397644042969,190.7895965576172,20.579999923706055,20.088000106811524,1.2937626898725525
2023-03-02,55.32944869995117,193.21726989746094,19.59000015258789,20.17400007247925,1.3236168095022118
2023-03-03,55.22308349609375,195.2248077392578,18.489999771118164,20.16200008392334,1.3072520441267121
2023-03-06,55.46240997314453,196.2052459716797,18.610000610351562,20.176000118255615,1.325356090052174
2023-03-07,54.602596282958984,192.64773559570312,19.59000015258789,20.184000110626222,1.260434458722555
2023-03-08,54.398719787597656,195.65432739257812,19.110000610351562,20.206500148773195,1.2319317889256802
2023-03-09,53.769378662109375,194.05764770507812,22.610000610351562,20.35550022125244,1.180982986029267
2023-03-10,53.503456115722656,188.90293884277344,24.799999237060547,20.560000228881837,1.1747083213110774
2023-03-13,52.38658142089844,185.33499145507812,26.520000457763672,20.859500217437745,1.0867911579229137
2023-03-14,52.652503967285156,185.80447387695312,23.729999542236328,21.029000186920165,1.1090177078177468
2023-03-15,49.239837646484375,183.37265014648438,26.139999389648438,21.390500164031984,0.8115437107829709
2023-03-16,48.43320846557617,191.58828735351562,22.989999771118164,21.628500175476074,0.7113028071131151
2023-03-17,47.821598052978516,206.85523986816406,25.510000228881836,21.89550018310547,0.6045266163433054
2023-03-20,48.96505355834961,203.0338134765625,24.149999618530273,22.102000141143797,0.7199840053181612
2023-03-21,50.631492614746094,206.40455627441406,21.3799991607666,22.027500057220458,0.8578101438101067
2023-03-22,50.39216613769531,203.80372619628906,22.260000228881836,22.026000022888184,0.8452230787589898
2023-03-23,49.612125396728516,203.6722869873047,22.610000610351562,22.09950008392334,0.7757837937499433
2023-03-24,48.37116241455078,204.31076049804688,21.739999771118164,22.10300006866455,0.662427405343178
2023-03-27,49.49689865112305,206.39517211914062,20.600000381469727,22.085500049591065,0.7561895319706844
2023-03-28,49.78941345214844,206.977294921875,19.969999313354492,22.048999977111816,0.7804150735024553
2023-03-29,50.631492614746094,209.9912567138672,19.1200008392334,21.976000022888183,0.8455984323164089
2023-03-30,51.35835266113281,210.69546508789062,19.020000457763672,21.947500038146973,0.9083229391059956
2023-03-31,51.003787994384766,214.53565979003906,18.700000762939453,21.958000087738036,0.8634813617305177
2023-04-03,53.636417388916016,214.8643035888672,18.549999237060547,21.955000019073488,1.0982296410278494
2023-04-04,52.74114990234375,212.65780639648438,19.0,21.925500011444093,1.0255317481575366
2023-04-05,53.06911087036133,215.88772583007812,19.079999923706055,21.923999977111816,1.0439180390698843
2023-04-06,53.689598083496094,217.92520141601562,18.399999618530273,21.71349992752075,1.0925727997820573
2023-04-10,53.893463134765625,217.45574951171875,18.969999313354492,21.42199993133545,1.1124361927772854
2023-04-11,53.87575149536133,217.39002990722656,19.100000381469727,21.050999927520753,1.1110730969144096
2023-04-12,54.40758514404297,215.455810546875,19.09000015258789,20.81899995803833,1.1653075597276297
2023-04-13,55.01921463012695,216.95811462402344,17.799999237060547,20.401999950408936,1.2149908324436165
2023-04-14,55.01034927368164,216.60130310058594,17.06999969482422,20.10599994659424,1.2154113950533434
2023-04-17,54.50509262084961,215.30555725097656,16.950000762939453,19.67799997329712,1.1745551936124874
2023-04-18,54.87738800048828,215.21170043945312,16.829999923706055,19.311999988555907,1.2082301002316849
2023-04-19,54.513954162597656,215.474609375,16.459999084472656,19.06599998474121,1.1747735574524762
2023-04-20,54.646915435791016,215.37130737304688,17.170000076293945,18.811499977111815,1.1870377749605858
2023-04-21,54.47850036621094,216.3665771484375,16.770000457763672,18.51949996948242,1.1685602170996432
2023-04-24,54.9571647644043,217.98155212402344,16.889999389648438,18.276999950408936,1.2059470320631132
2023-04-25,53.813690185546875,211.7001190185547,18.760000228881836,18.18499994277954,1.124885344188094
2023-04-26,53.618690490722656,209.1650390625,18.84000015258789,18.12849998474121,1.1160458223536776
2023-04-27,53.78710174560547,212.1414031982422,17.030000686645508,18.023999977111817,1.1210007361750638
2023-04-28,54.93943786621094,213.86903381347656,15.779999732971191,17.86199994087219,1.2183607864708264
2023-05-01,54.40758514404297,216.49801635742188,16.079999923706055,17.73099989891052,1.1617591405355896
2023-05-02,52.51954650878906,214.45115661621094,17.780000686645508,17.692499971389772,0.9995716066634004
2023-05-03,51.87247085571289,214.56382751464844,18.34000015258789,17.659499979019166,0.9412140399036604
2023-05-04,52.59931945800781,212.545166015625,20.09000015258789,17.709999990463256,1.013208131475157
2023-05-05,54.18598175048828,215.2961883544922,17.190000534057617,17.649500036239623,1.145996742885616
2023-05-08,53.94666290283203,216.63882446289062,16.979999542236328,17.550000047683717,1.1199839623357948
2023-05-09,53.92893600463867,214.6671142578125,17.709999084472656,17.480499982833862,1.1251088641089844
2023-05-10,54.07075119018555,212.50758361816406,16.940000534057617,17.37300000190735,1.1451672203057142
2023-05-11,53.48572540283203,211.1085968017578,16.93000030517578,17.32950005531311,1.0975157071616464
2023-05-12,53.503456115722656,209.31521606445312,17.030000686645508,17.327500104904175,1.1052102284069083
2023-05-15,53.999839782714844,208.8363800048828,17.1200008392334,17.33600010871887,1.1513134204046847
2023-05-16,53.10456848144531,207.75660705566406,17.989999771118164,17.39400010108948,1.0747790049530561
2023-05-17,53.884605407714844,212.0944366455078,16.8700008392334,17.414500188827514,1.1298963658243129
2023-05-18,53.74589920043945,216.357177734375,16.049999237060547,17.358500146865843,1.1029557116094486
2023-05-19,54.068058013916016,215.08966064453125,16.809999465942383,17.36050009727478,1.1361346786127704
2023-05-22,53.719058990478516,214.7140655517578,17.209999084472656,17.37650008201599,1.106145333000785
2023-05-23,54.014366149902344,212.7986297607422,18.530000686645508,17.365000104904176,1.139124540711235
2023-05-24,53.28056335449219,209.89736938476562,20.030000686645508,17.424500131607054,1.083258354157124
2023-05-25,52.251468658447266,211.3339080810547,19.139999389648438,17.530000066757204,0.9861668577518301
2023-05-26,52.600467681884766,210.46072387695312,17.950000762939453,17.638500118255614,1.0204079474807755
2023-05-30,51.44609451293945,212.32920837402344,17.459999084472656,17.707500076293947,0.9106216245029913
2023-05-31,50.11273193359375,204.6675262451172,17.940000534057617,17.71550006866455,0.8172465145907087
2023-06-01,51.088134765625,204.0196533203125,15.649999618530273,17.58100004196167,0.9068423676341785
2023-06-02,52.135135650634766,208.19790649414062,14.600000381469727,17.306500053405763,0.9864213518120328
2023-06-05,51.6429557800293,207.57821655273438,14.729999542236328,17.183500003814697,0.9444349675069362
2023-06-06,51.63400650024414,206.0947265625,13.960000038146973,17.03250002861023,0.9486840360598385
2023-06-07,52.081443786621094,210.88323974609375,13.9399995803833,16.84400005340576,0.972468086337084
2023-06-08,52.65416717529297,211.2681884765625,13.649999618530273,16.679500007629393,1.0224698970476163
2023-06-09,52.28726577758789,211.27761840820312,13.829999923706055,16.52449998855591,0.9895657075651909
2023-06-12,51.74139404296875,212.0235595703125,15.010000228881836,16.423499965667723,0.9381192743685728
2023-06-13,52.251468658447266,216.10260009765625,14.609999656677246,16.297999906539918,0.969930795640683
2023-06-14,53.1194953918457,216.85794067382812,13.880000114440918,16.092499923706054,1.0451288687242815
2023-06-15,54.30072021484375,223.25025939941406,14.5,15.973999881744385,1.1291952091652069
2023-06-16,54.005409240722656,220.43655395507812,13.539999961853027,15.84849991798401,1.1123170624482879
2023-06-20,53.987525939941406,218.72747802734375,13.880000114440918,15.701999950408936,1.1165337552889902
2023-06-21,54.363365173339844,213.24159240722656,13.199999809265137,15.50149998664856,1.168884518651222
2023-06-22,53.772743225097656,219.9360809326172,12.90999984741211,15.220499944686889,1.0931756051870827
2023-06-23,53.33425521850586,219.37901306152344,13.4399995803833,14.890999889373779,1.0557864673195048
2023-06-26,53.871185302734375,221.82449340820312,14.25,14.646499919891358,1.0955658869282088
2023-06-27,53.63851547241211,232.99459838867188,13.739999771118164,14.435999870300293,1.0366890350389228
2023-06-28,53.370052337646484,234.5808563232422,13.430000305175781,14.23449993133545,1.007235643477412
2023-06-29,53.557979583740234,236.0349578857422,13.539999961853027,14.01449990272522,1.019121946883582
2023-06-30,54.03226089477539,234.0709991455078,13.59000015258789,13.9114999294281,1.06830133247207
2023-07-03,54.4618034362793,233.74053955078125,13.569999694824219,13.859999895095825,1.1079107950110532
2023-07-05,53.566925048828125,234.4675750732422,14.180000305175781,13.832499933242797,1.025259904864387
2023-07-06,52.376747131347656,233.85385131835938,15.4399995803833,13.906499910354615,0.9207169237289208
2023-07-07,53.37900161743164,237.23410034179688,14.829999923706055,13.950999927520751,0.9990038897369463
2023-07-10,53.62061309814453,237.6495819091797,15.069999694824219,14.021999931335449,1.0192361771568337
2023-07-11,54.47074890136719,243.98524475097656,14.84000015258789,14.07249994277954,1.0738318981459607
2023-07-12,55.294029235839844,247.01617431640625,13.539999961853027,13.9989999294281,1.1372732283624765
2023-07-13,55.58039093017578,244.04190063476562,13.609999656677246,13.948999929428101,1.1730560248108175
2023-07-14,54.30072021484375,243.08824157714844,13.34000015258789,13.92199993133545,1.0616524302069084
2023-07-17,54.41706085205078,240.5199737548828,13.479999542236328,13.870999908447265,1.0808200610659684
2023-07-18,54.62287139892578,247.3561248779297,13.300000190734863,13.858999919891357,1.0759842240522375
2023-07-19,55.240333557128906,245.74148559570312,13.760000228881836,13.852999925613403,1.1368023879791125
2023-07-20,56.018863677978516,248.83859252929688,13.989999771118164,13.892499923706055,1.196009061966434
2023-07-21,56.3499755859375,245.18441772460938,13.600000381469727,13.926999950408936,1.2381160723190463
2023-07-24,56.71687316894531,244.33462524414062,13.90999984741211,13.950499963760375,1.2738811193867954
2023-07-25,56.403663635253906,245.1749725341797,13.859999656677246,13.930999946594238,1.242958345842952
2023-07-26,56.036766052246094,253.17250061035156,13.1899995803833,13.903499937057495,1.182857258896369
2023-07-27,54.408103942871094,250.56642150878906,14.40999984741211,13.952499914169312,1.0458122339498757
2023-07-28,54.53339385986328,253.85231018066406,13.329999923706055,13.941999912261963,1.0458498996543057
2023-07-31,55.15084457397461,254.8909912109375,13.630000114440918,13.943999910354615,1.097633224955163
2023-08-01,54.60497283935547,253.20077514648438,13.930000305175781,13.961999940872193,1.0544812255163318
2023-08-02,53.62061309814453,250.6420135498047,16.09000015258789,14.057499933242799,0.9750005824995062
2023-08-03,54.220184326171875,248.81964111328125,15.920000076293945,14.08149995803833,1.0349231036294388
2023-08-04,54.7213134765625,248.32861328125,17.100000381469727,14.194999980926514,1.0814929709982104
2023-08-07,54.98081970214844,249.61279296875,15.770000457763672,14.230000019073486,1.100370842207222
2023-08-08,55.19559860229492,253.29519653320312,15.989999771118164,14.2875,1.1070761419336135
2023-08-09,55.94728469848633,250.6702880859375,15.960000038146973,14.408500003814698,1.18335961971587
2023-08-10,56.36513900756836,251.6617431640625,15.850000381469727,14.520500040054321,1.2174211397175798
2023-08-11,56.45558547973633,250.94406127929688,14.84000015258789,14.595500040054322,1.2279680870918714
2023-08-14,55.677757263183594,252.0489044189453,14.819999694824219,14.662500047683716,1.1545178350043561
2023-08-15,55.10795593261719,250.7364044189453,16.459999084472656,14.820499992370605,1.1079358750840644
2023-08-16,54.8818473815918,250.283203125,16.780000686645508,14.971500015258789,1.0892209788555607
2023-08-17,55.162227630615234,250.13209533691406,17.889999389648438,15.166499996185303,1.114855785017001
2023-08-18,55.35215377807617,247.9981689453125,17.299999237060547,15.351499938964844,1.1391374088626838
2023-08-21,55.5511360168457,245.4393768310547,17.1299991607666,15.512499904632568,1.1656769510779612
2023-08-22,55.10795593261719,244.53292846679688,16.969999313354492,15.667999887466431,1.1290569750656618
2023-08-23,54.92706298828125,245.9208984375,15.979999542236328,15.807499885559082,1.1081244429420443
2023-08-24,54.682861328125,244.3440399169922,17.200000762939453,15.94699993133545,1.0916142551445696
2023-08-25,55.198394775390625,244.29685974121094,15.680000305175781,16.064499950408937,1.1379634808344732
2023-08-28,55.5511360168457,243.9380645751953,15.079999923706055,16.136999940872194,1.1707884992654938
2023-08-29,56.08475875854492,246.04364013671875,14.449999809265137,16.16299991607666,1.211428882247797
2023-08-30,56.29278564453125,249.16903686523438,13.880000114440918,16.05249991416931,1.2194256959357763
2023-08-31,56.15711212158203,246.45913696289062,13.569999694824219,15.934999895095824,1.2164966431132995
2023-09-01,56.8444938659668,246.4119110107422,13.09000015258789,15.734499883651733,1.2782425632292893
2023-09-05,56.8444938659668,242.30453491210938,14.010000228881836,15.646499872207642,1.2922270296655944
2023-09-06,57.33289337158203,243.10716247558594,14.449999809265137,15.56949987411499,1.3332518653603824
2023-09-07,57.00728988647461,241.8701934814453,14.399999618530273,15.491499853134155,1.3082913516038563
2023-09-08,57.16105270385742,240.3614959716797,13.84000015258789,15.390999841690064,1.3272042365876078
2023-09-11,57.450469970703125,241.68043518066406,13.800000190734863,15.338999843597412,1.3486436046091477
2023-09-12,57.94791793823242,238.61557006835938,14.229999542236328,15.309499835968017,1.4036468567094886
2023-09-13,57.821292877197266,239.27027893066406,13.479999542236328,15.160499858856202,1.3900729383166808
2023-09-14,59.096561431884766,243.891357421875,12.819999694824219,14.962499809265136,1.4885955896222947
2023-09-15,58.47249984741211,241.09214782714844,13.789999961853027,14.757499837875367,1.4422140786485769
2023-09-18,58.9970817565918,236.55650329589844,14.0,14.59249987602234,1.5046559555752144
2023-09-19,58.94281005859375,237.21121215820312,14.109999656677246,14.44149990081787,1.4975644484915158
2023-09-20,58.72574234008789,237.714111328125,15.140000343322754,14.349999952316285,1.4764043000476221
2023-09-21,58.300655364990234,248.4649658203125,17.540000915527344,14.428000020980836,1.4017154993837055
2023-09-22,58.35491943359375,247.74375915527344,17.200000762939453,14.428000020980836,1.4090327293343725
2023-09-25,58.52676773071289,252.81080627441406,16.899999618530273,14.48899998664856,1.407177390144531
2023-09-26,57.80320739746094,248.0284881591797,18.940000534057617,14.682000017166137,1.358633339806018
2023-09-27,58.71669387817383,249.2809600830078,18.219999313354492,14.870499992370606,1.4362117303520399
2023-09-28,59.53069305419922,252.82032775878906,17.34000015258789,15.043499994277955,1.4970904369853384
2023-09-29,58.228294372558594,251.3780059814453,17.520000457763672,15.241000032424926,1.3853143178026806
2023-10-02,57.305763244628906,251.5583038330078,17.610000610351562,15.467000055313111,1.3020474029027274
2023-10-03,57.314796447753906,246.88983154296875,19.780000686645508,15.755500078201294,1.3187515637006766
2023-10-04,56.11189270019531,246.75694274902344,18.579999923706055,15.96200008392334,1.2114313188296524
2023-10-05,56.67264938354492,245.91249084472656,18.489999771118164,16.166500091552734,1.2645467523674128
2023-10-06,58.36396789550781,244.71688842773438,17.450000762939453,16.347000122070312,1.420149063199025
2023-10-09,59.80204391479492,242.64830017089844,17.700000762939453,16.542000150680543,1.5560346943259251
2023-10-10,60.12763977050781,243.66360473632812,17.030000686645508,16.682000207901,1.581749229897677
2023-10-11,60.01006317138672,242.40159606933594,16.09000015258789,16.81250023841858,1.5755118843329943
2023-10-12,60.18190383911133,239.15640258789062,16.690000534057617,17.00600028038025,1.6019567152070424
2023-10-13,60.941627502441406,230.4266815185547,19.31999969482422,17.28250026702881,1.6997454879604936
2023-10-16,61.60188293457031,234.90541076660156,17.209999084472656,17.44300022125244,1.7436514480516883
2023-10-17,61.93653106689453,235.3513946533203,17.8799991607666,17.63150019645691,1.7721153889290167
2023-10-18,61.94556427001953,231.15736389160156,19.219999313354492,17.835500144958495,1.7872042090643483
2023-10-19,61.59284210205078,230.8536834716797,21.399999618530273,18.028500080108643,1.7566364435188884
2023-10-20,60.6431770324707,228.32015991210938,21.709999084472656,18.253999996185303,1.680178298833245
2023-10-23,60.661258697509766,225.80564880371094,20.3700008392334,18.42750005722046,1.690359510360761
2023-10-24,60.29948043823242,229.3259735107422,18.969999313354492,18.428999996185304,1.6459607078000753
2023-10-25,60.4713249206543,223.18670654296875,20.190000534057617,18.527500057220458,1.682259390951759
2023-10-26,59.89248275756836,216.2788543701172,20.68000030517578,18.694500064849855,1.65391803732594
2023-10-27,60.019107818603516,217.14231872558594,21.270000457763672,18.882000064849855,1.6623230006733312
2023-10-30,59.77490234375,224.71444702148438,19.75,18.989000034332275,1.6146627307361459
2023-10-31,58.91567611694336,227.8267822265625,18.139999389648438,18.90699996948242,1.5270847743863065
2023-11-01,59.14179611206055,230.7967529296875,16.8700008392334,18.82150001525879,1.5372318002486847
2023-11-02,61.99985122680664,234.61126708984375,15.65999984741211,18.680000019073486,1.7803084086998202
2023-11-03,59.820125579833984,234.5069122314453,14.90999984741211,18.55299997329712,1.5853738471511232
2023-11-06,60.4442024230957,232.78941345214844,14.890000343322754,18.412499952316285,1.6471348535266825
2023-11-07,59.23222732543945,231.71719360351562,14.8100004196167,18.301499938964845,1.542200031539421
2023-11-08,58.26447677612305,232.82737731933594,14.449999809265137,18.219499921798707,1.4517157365359163
2023-11-09,58.61720275878906,228.86102294921875,15.289999961853027,18.149499893188477,1.4968221176257126
2023-11-10,59.33171844482422,233.45359802246094,14.170000076293945,17.891999912261962,1.5452018457997936
2023-11-13,59.729679107666016,232.84634399414062,14.760000228881836,17.76949996948242,1.582924176045323
2023-11-14,60.02815246582031,241.18702697753906,14.15999984741211,17.5835000038147,1.5812678405437073
2023-11-15,59.64828109741211,244.2614288330078,14.180000305175781,17.33150005340576,1.5367662504866446
2023-11-16,59.019710540771484,241.90818786621094,14.319999694824219,16.97750005722046,1.4884623652482465
2023-11-17,60.18000411987305,242.8665313720703,13.800000190734863,16.58200011253357,1.5891545617048768
2023-11-20,60.92003631591797,242.47747802734375,13.40999984741211,16.234000062942506,1.656781461451337
2023-11-21,60.77384948730469,242.78115844726562,13.350000381469727,15.953000116348267,1.6426500839866627
2023-11-22,59.76887130737305,243.3504638671875,12.850000381469727,15.586000108718872,1.5506719640944235
2023-11-24,60.28964614868164,244.44168090820312,12.460000038146973,15.175000095367432,1.593614862073004
2023-11-27,60.12518310546875,240.6366729736328,12.6899995803833,14.746000051498413,1.5918349837538435
2023-11-28,60.29877471923828,240.45639038085938,12.6899995803833,14.393000030517578,1.608001524441253
2023-11-29,60.1617317199707,240.9497833251953,12.979999542236328,14.135000038146973,1.5940434591466894
2023-11-30,60.11605453491211,245.59930419921875,12.920000076293945,13.9375,1.5741207497527083
2023-12-01,59.778011322021484,250.90359497070312,12.630000114440918,13.78600001335144,1.5257745543988022
2023-12-04,59.28466033935547,252.0232696533203,13.079999923706055,13.694500017166138,1.4777611958392878
2023-12-05,58.61772918701172,252.47874450683594,12.850000381469727,13.592500019073487,1.4164575482853303
2023-12-06,57.60360336303711,253.55091857910156,12.970000267028809,13.500500011444093,1.321947729316344
2023-12-07,57.804595947265625,253.94952392578125,13.0600004196167,13.43100004196167,1.3385982750599477
2023-12-08,58.599449157714844,259.5171813964844,12.350000381469727,13.284000062942505,1.390855862992552
2023-12-11,58.36190414428711,258.7258605957031,12.630000114440918,13.207000064849854,1.372267533184838
2023-12-12,58.197452545166016,260.27984619140625,12.069999694824219,13.072500038146973,1.3522428065770469
2023-12-13,58.67253875732422,261.06158447265625,12.1899995803833,12.974000024795533,1.392145976144778
2023-12-14,59.83282470703125,266.4290771484375,12.479999542236328,12.88899998664856,1.4778255697424483
2023-12-15,58.54463577270508,268.17376708984375,12.279999732971191,12.786999988555909,1.3564716723118975
2023-12-18,59.120208740234375,268.7744140625,12.5600004196167,12.725,1.4059943953987617
2023-12-19,59.84196472167969,266.9439392089844,12.529999732971191,12.680999994277954,1.4768914969406284
2023-12-20,59.439971923828125,234.7676544189453,13.670000076293945,12.696999979019164,1.550426689832567
2023-12-21,59.97901153564453,235.82591247558594,13.649999618530273,12.736999940872192,1.595118213766935
2023-12-22,60.12518310546875,236.4646759033203,13.029999732971191,12.765499925613403,1.6060394665187818
2023-12-26,60.39927291870117,240.24002075195312,12.989999771118164,12.780499935150146,1.6177422160901738
2023-12-27,60.417545318603516,239.23898315429688,12.430000305175781,12.767499971389771,1.622787562417239
2023-12-28,59.79628372192383,241.75587463378906,12.470000267028809,12.742000007629395,1.558557076138731
2023-12-29,60.11605453491211,241.17433166503906,12.449999809265137,12.718499994277954,1.5891865431935397
