Date,TXN,ADI,VIX,AvgVIX,zscore
2015-01-30,39.32466506958008,41.48538589477539,20.969999313354492,19.119499969482423,0.6531775383982681
2015-02-02,39.354095458984375,41.636653900146484,19.43000030517578,19.201499938964844,0.624811598702488
2015-02-03,40.05302810668945,42.966148376464844,17.329999923706055,19.071999931335448,0.46410276723236205
2015-02-04,40.18547821044922,42.814884185791016,18.329999923706055,18.932499885559082,0.5250445560424652
2015-02-05,40.69313049316406,43.746334075927734,16.850000381469727,18.80949993133545,0.4160688713430409
2015-02-06,39.99418258666992,43.79410171508789,17.290000915527344,18.823499965667725,0.26458542707919475
2015-02-09,39.927974700927734,43.43585968017578,18.549999237060547,18.873499965667726,0.3324658748424411
2015-02-10,41.0683479309082,44.21604537963867,17.229999542236328,18.754999923706055,0.3851061230449578
2015-02-11,41.200775146484375,44.27973556518555,16.959999084472656,18.57499990463257,0.39731878560155187
2015-02-12,42.26021194458008,45.15544891357422,15.34000015258789,18.267999935150147,0.41201783161739736
2015-02-13,42.6501579284668,45.41816329956055,14.6899995803833,17.88299994468689,0.43093981841541756
2015-02-17,42.81937789916992,46.81934356689453,15.800000190734863,17.62549991607666,0.14738270051697044
2015-02-18,42.62807846069336,46.47700500488281,15.449999809265137,17.403499937057497,0.18648491407576306
2015-02-19,42.7016487121582,46.69197082519531,15.289999961853027,17.22549991607666,0.15256302414424947
2015-02-20,43.05481719970703,47.0740852355957,14.300000190734863,17.12049994468689,0.1370190796196019
2015-02-23,42.870880126953125,46.95466613769531,14.5600004196167,17.015499973297118,0.12707289354673612
2015-02-24,43.37853240966797,47.45621871948242,13.6899995803833,16.9239999294281,0.11554365527567254
2015-02-25,43.48152160644531,47.27989196777344,13.84000015258789,16.754999971389772,0.17623777775260394
2015-02-26,43.71696472167969,47.19173812866211,13.90999984741211,16.428499937057495,0.24360034425287555
2015-02-27,43.26081085205078,46.91921615600586,13.34000015258789,16.157499933242796,0.2135778529419011
2015-03-02,44.099544525146484,47.91305923461914,13.039999961853027,15.760999965667725,0.15708584902655814
2015-03-03,43.091590881347656,47.079532623291016,13.859999656677246,15.482499933242797,0.14318460887534695
2015-03-04,42.907657623291016,46.80701446533203,14.229999542236328,15.327499914169312,0.16794273260487097
2015-03-05,42.92238235473633,46.84708786010742,14.039999961853027,15.11299991607666,0.1618223392170427
2015-03-06,42.40737533569336,46.430301666259766,15.199999809265137,15.03049988746643,0.15265719836676367
2015-03-09,42.981231689453125,46.855106353759766,15.0600004196167,14.918999862670898,0.17184755469459415
2015-03-10,42.010074615478516,45.84523010253906,16.690000534057617,14.825999927520751,0.2053250686164116
2015-03-11,42.06157684326172,45.91736602783203,16.8700008392334,14.807999992370606,0.19933801721332123
2015-03-12,42.098365783691406,46.09368133544922,15.420000076293945,14.73100004196167,0.1667753404304582
2015-03-13,42.0247802734375,46.10972595214844,16.0,14.764000034332275,0.14833015150570453
2015-03-16,42.9150276184082,47.127601623535156,15.609999656677246,14.810000038146972,0.09675716323670015
2015-03-17,42.6501579284668,47.09554672241211,15.65999984741211,14.803000020980836,0.050720983172568145
2015-03-18,42.89295196533203,47.82489776611328,13.970000267028809,14.729000043869018,-0.06574407532039725
2015-03-19,43.062164306640625,48.089393615722656,14.069999694824219,14.668000030517579,-0.09164617879902412
2015-03-20,43.61396026611328,48.94697952270508,13.020000457763672,14.604000043869018,-0.17499539377874773
2015-03-23,43.157806396484375,48.410011291503906,13.40999984741211,14.54650001525879,-0.14507485296094028
2015-03-24,42.99593734741211,48.37793731689453,13.619999885559082,14.543000030517579,-0.17037893481143745
2015-03-25,41.00212097167969,46.133758544921875,15.4399995803833,14.623000001907348,-0.06291662809842717
2015-03-26,41.05362319946289,46.02155303955078,15.800000190734863,14.717500019073487,-0.02711831123137078
2015-03-27,41.759925842285156,47.159671783447266,15.069999694824219,14.803999996185302,-0.142964150179101
2015-03-30,42.67222213745117,51.944549560546875,14.510000228881836,14.877500009536742,-1.043980617312114
2015-03-31,42.076290130615234,50.49386978149414,15.289999961853027,14.949000024795533,-0.8350744808498445
2015-04-01,41.59806823730469,50.14923095703125,15.109999656677246,14.993000030517578,-0.8531909261914502
2015-04-02,41.730499267578125,49.884727478027344,14.670000076293945,15.024500036239624,-0.7665845985721457
2015-04-06,41.79671096801758,50.31753921508789,14.739999771118164,15.001500034332276,-0.8513672746734451
2015-04-07,41.8923454284668,50.68622970581055,14.779999732971191,14.9875,-0.9156943306831741
2015-04-08,41.914432525634766,51.03086853027344,13.979999542236328,14.851999950408935,-0.9893701230629359
2015-04-09,42.510353088378906,51.31938934326172,13.09000015258789,14.66299991607666,-0.9348476006932658
2015-04-10,42.451507568359375,51.487709045410156,12.579999923706055,14.520999908447266,-0.9848432933026577
2015-04-13,42.09099578857422,51.09497833251953,13.9399995803833,14.417999887466431,-0.9683706702378023
2015-04-14,41.75257110595703,50.14923095703125,13.670000076293945,14.320999908447266,-0.8220988802263006
2015-04-15,43.04008865356445,51.2392463684082,12.84000015258789,14.179999923706054,-0.8100776864635425
2015-04-16,42.973876953125,51.38352584838867,12.600000381469727,14.111499929428101,-0.8561064559643433
2015-04-17,42.17929458618164,50.83049011230469,13.890000343322754,14.102499961853027,-0.8906489400893814
2015-04-20,42.797298431396484,51.0709342956543,13.300000190734863,14.116499948501588,-0.8207846826609685
2015-04-21,42.78994369506836,51.59190368652344,13.25,14.10849995613098,-0.9403548438151456
2015-04-22,43.20930480957031,51.6880989074707,12.710000038146973,14.062999963760376,-0.8777678493127298
2015-04-23,40.259037017822266,50.96674346923828,12.479999542236328,13.914999961853027,-1.307965252550376
2015-04-24,40.266395568847656,50.117164611816406,12.289999961853027,13.739499950408936,-1.113907174923393
2015-04-27,40.877052307128906,50.229373931884766,13.119999885559082,13.641999959945679,-1.0164539632504288
2015-04-28,40.78080368041992,50.67020034790039,12.40999984741211,13.536999940872192,-1.1357467560780048
2015-04-29,40.729000091552734,50.3495979309082,13.390000343322754,13.44199995994568,-1.0734995123334377
2015-04-30,40.12939453125,49.564144134521484,14.550000190734863,13.413999986648559,-1.0161219248989206
2015-05-01,40.94367980957031,50.71027755737305,12.699999809265137,13.315499973297118,-1.1120541336295828
2015-05-04,40.936275482177734,50.694244384765625,12.850000381469727,13.221000003814698,-1.109909875353496
2015-05-05,39.98133850097656,49.50804138183594,14.3100004196167,13.197500038146973,-1.033199590925595
2015-05-06,39.75185775756836,49.40383529663086,15.149999618530273,13.25600004196167,-1.0557593435067125
2015-05-07,40.01834487915039,49.72444152832031,15.130000114440918,13.358000040054321,-1.0748046925034171
2015-05-08,40.49211120605469,50.269447326660156,12.859999656677246,13.372000026702882,-1.1030028208071554
2015-05-11,40.29964828491211,50.20533752441406,13.850000381469727,13.367500066757202,-1.1272019093930599
2015-05-12,40.099769592285156,49.756492614746094,13.859999656677246,13.377000045776366,-1.0656839827041933
2015-05-13,40.484710693359375,49.884727478027344,13.760000228881836,13.423000049591064,-1.0172861936320117
2015-05-14,41.165748596191406,50.8144645690918,12.739999771118164,13.430000019073486,-1.0909816344326604
2015-05-15,41.165748596191406,50.63813781738281,12.380000114440918,13.354500007629394,-1.0510129837093967
2015-05-18,41.29899597167969,50.78240966796875,12.729999542236328,13.325999975204468,-1.056901023101136
2015-05-19,41.291595458984375,50.85454177856445,12.850000381469727,13.305999994277954,-1.0747407548656691
2015-05-20,41.1805534362793,53.0426025390625,12.880000114440918,13.314499998092652,-1.5930627674915838
2015-05-21,41.08432388305664,52.48958206176758,12.109999656677246,13.296000003814697,-1.4870726933281657
2015-05-22,40.98808670043945,53.77996826171875,12.130000114440918,13.288000011444092,-1.798936107816393
2015-05-26,40.38848114013672,53.5796012878418,14.0600004196167,13.335000038146973,-1.8741823600716812
2015-05-27,41.432247161865234,55.0632209777832,13.270000457763672,13.378000068664551,-2.0004333160520416
2015-05-28,41.38784408569336,55.079349517822266,13.3100004196167,13.374000072479248,-2.0130248761890486
2015-05-29,41.395225524902344,54.79713439941406,13.84000015258789,13.3385000705719,-1.947568673981463
2015-06-01,41.23977279663086,55.43413543701172,13.970000267028809,13.402000093460083,-2.123243299894324
2015-06-02,40.89926528930664,54.595550537109375,14.239999771118164,13.471500062942505,-2.0016815790756652
2015-06-03,40.63277816772461,54.25690841674805,13.65999984741211,13.439000034332276,-1.9785479670795978
2015-06-04,39.959129333496094,53.974693298339844,14.710000038146973,13.41700005531311,-2.050141806402461
2015-06-05,39.818477630615234,54.321407318115234,14.210000038146973,13.371000051498413,-2.1570374300060866
2015-06-08,39.10043716430664,53.176448822021484,15.289999961853027,13.492500066757202,-2.0420033097379293
2015-06-09,39.17445755004883,52.966800689697266,14.470000267028809,13.523500061035156,-1.9795857667359347
2015-06-10,40.11459732055664,54.603614807128906,13.220000267028809,13.491500091552734,-2.1614155542784896
2015-06-11,39.70743179321289,54.200469970703125,12.850000381469727,13.446000099182129,-2.151970889045794
2015-06-12,39.241085052490234,53.42640686035156,13.779999732971191,13.49800009727478,-2.070358362596171
2015-06-15,39.270687103271484,53.781185150146484,15.390000343322754,13.648500108718872,-2.14482020202486
2015-06-16,39.3003044128418,53.72472381591797,14.8100004196167,13.75250015258789,-2.126061732126063
2015-06-17,39.4483528137207,54.20853042602539,14.5,13.835000133514404,-2.205934850056058
2015-06-18,40.13679504394531,55.07126998901367,13.1899995803833,13.850500106811523,-2.262953666636146
2015-06-19,40.351478576660156,54.756832122802734,13.960000038146973,13.94300012588501,-2.148476088560333
2015-06-22,41.08432388305664,54.84550094604492,12.739999771118164,13.973500108718872,-2.021097724160866
2015-06-23,40.58835220336914,54.45042419433594,12.109999656677246,13.8760000705719,-2.0313531682717776
2015-06-24,39.9665412902832,53.89406967163086,13.260000228881836,13.875500059127807,-2.0303749676107907
2015-06-25,39.82586669921875,53.69248962402344,14.010000228881836,13.910500049591064,-2.0129913102818664
2015-06-26,39.15965270996094,53.05549621582031,14.020000457763672,13.919500064849853,-2.002670031960751
2015-06-29,38.138092041015625,51.5960578918457,18.850000381469727,14.1635000705719,-1.8774317683324429
2015-06-30,38.13069534301758,51.75733184814453,18.229999542236328,14.363000059127808,-1.9154768512475444
2015-07-01,38.42679214477539,52.06372833251953,16.09000015258789,14.484500074386597,-1.9253425924519292
2015-07-02,38.47121810913086,51.91053771972656,16.790000915527344,14.588500118255615,-1.8816780486553233
2015-07-06,38.04185485839844,51.27354431152344,17.010000228881836,14.728500127792358,-1.8236930983691155
2015-07-07,37.90860366821289,51.10421371459961,16.09000015258789,14.768500137329102,-1.8121256659753506
2015-07-08,36.66498565673828,49.94312286376953,19.65999984741211,15.028000116348267,-1.7992016104337991
2015-07-09,35.61381530761719,49.09648895263672,19.969999313354492,15.36550006866455,-1.818828668077959
2015-07-10,36.2800407409668,49.596405029296875,16.829999923706055,15.564500045776366,-1.7980758069729204
2015-07-13,36.51692199707031,49.88668441772461,13.899999618530273,15.570500040054322,-1.8162047189127875
2015-07-14,36.835243225097656,50.49140930175781,13.369999885559082,15.469500017166137,-1.8892212576016396
2015-07-15,36.63538360595703,50.733306884765625,13.229999542236328,15.39049997329712,-1.9842727020423359
2015-07-16,36.539146423339844,50.660743713378906,12.109999656677246,15.270999956130982,-1.9871912352319923
2015-07-17,36.539146423339844,50.362403869628906,11.949999809265137,15.208999967575073,-1.9195654161426878
2015-07-20,37.07952880859375,49.98344039916992,12.25,15.123499965667724,-1.7249181732530485
2015-07-21,37.18317794799805,50.056007385253906,12.220000267028809,15.097499990463257,-1.7205089279118562
2015-07-22,36.49471664428711,47.290348052978516,12.119999885559082,15.098000001907348,-1.2321519390192957
2015-07-23,37.39044189453125,48.41919708251953,12.640000343322754,15.067000007629394,-1.3077773077714343
2015-07-24,36.29486083984375,47.161346435546875,13.739999771118164,15.053499984741212,-1.2431294932962076
2015-07-27,36.29486083984375,46.677547454833984,15.600000381469727,15.132499980926514,-1.1334649512288866
2015-07-28,37.07211685180664,47.56449508666992,13.4399995803833,14.861999940872192,-1.1780982807536788
2015-07-29,37.236083984375,47.403236389160156,12.5,14.575499963760375,-1.1085485351651616
2015-07-30,37.44477081298828,47.427425384521484,12.130000114440918,14.377499961853028,-1.0720355590685209
2015-07-31,37.25100326538086,47.03233337402344,12.119999885559082,14.143999910354614,-1.0214722026164964
2015-08-03,37.33298110961914,47.30647659301758,12.5600004196167,13.921499919891357,-1.0671161190839085
2015-08-04,37.14665222167969,47.15326690673828,13.0,13.766999912261962,-1.0698841920404072
2015-08-05,37.90687561035156,48.94329833984375,12.510000228881836,13.40949993133545,-1.3226505702125944
2015-08-06,37.45223617553711,47.46773910522461,13.770000457763672,13.099499988555909,-1.0796712982082062
2015-08-07,37.50440216064453,48.06441879272461,13.390000343322754,12.927500009536743,-1.2044250911304482
2015-08-10,38.81617736816406,49.257755279541016,12.229999542236328,12.844000005722046,-1.210942481736045
2015-08-11,37.742916107177734,47.87895584106445,13.710000038146973,12.86100001335144,-1.1143871287143867
2015-08-12,38.09320831298828,48.16923522949219,13.609999656677246,12.880000019073487,-1.1096933028500986
2015-08-13,37.73545837402344,47.57255935668945,13.489999771118164,12.949000024795533,-1.0464358693145277
2015-08-14,37.742916107177734,47.44355010986328,12.829999923706055,12.993000030517578,-1.0156920672752219
2015-08-17,37.93668746948242,47.975711822509766,13.020000457763672,13.031500053405761,-1.097324763102013
2015-08-18,37.19883346557617,46.68561935424805,13.789999961853027,13.110000038146973,-0.95337983928151
2015-08-19,36.66966247558594,47.0726432800293,15.25,13.26650004386902,-1.1475980029152355
2015-08-20,35.35043716430664,43.39585494995117,19.139999389648438,13.591499996185302,-0.5796464575372511
2015-08-21,34.25481033325195,43.36360549926758,28.030000686645508,14.30600004196167,-0.7928195068180423
2015-08-24,33.45732116699219,41.66227340698242,40.7400016784668,15.563000106811524,-0.5676582814414445
2015-08-25,32.436248779296875,40.807579040527344,36.02000045776367,16.692000150680542,-0.57940135316556
2015-08-26,33.84490203857422,44.06665802001953,30.31999969482422,17.583000135421752,-1.0346727267098856
2015-08-27,35.07466506958008,45.9034309387207,26.100000381469727,18.281500148773194,-1.2035443546348938
2015-08-28,35.767818450927734,45.879066467285156,26.049999237060547,18.978000116348266,-1.0585318808486994
2015-08-31,35.6560173034668,45.399559020996094,28.43000030517578,19.77150011062622,-0.9723388994566288
2015-09-01,34.53803253173828,43.522125244140625,31.399999618530273,20.691500091552733,-0.7717563448960306
2015-09-02,35.29082107543945,44.367374420166016,26.09000015258789,21.370500087738037,-0.8118615436480641
2015-09-03,35.37281036376953,44.83876419067383,25.610000610351562,21.96250009536743,-0.9022137778651327
2015-09-04,34.67964553833008,43.8553466796875,27.799999237060547,22.68300004005432,-0.8187908067198209
2015-09-08,36.28952407836914,46.951873779296875,24.899999618530273,23.31650004386902,-1.196721501246133
2015-09-09,35.48460388183594,45.732791900634766,26.229999542236328,23.942500019073485,-1.0823691682295684
2015-09-10,35.335533142089844,45.52145767211914,24.3700008392334,24.480500078201295,-1.064464128787764
2015-09-11,35.45478439331055,45.797794342041016,23.200000762939453,24.96600012779236,-1.1031043694958267
2015-09-14,35.648563385009766,46.78120040893555,24.25,25.537000131607055,-1.2870207919299033
2015-09-15,35.99885940551758,47.38262939453125,22.540000915527344,26.013000154495238,-1.3528556526723954
2015-09-16,36.29698944091797,47.504547119140625,21.350000381469727,26.391000175476073,-1.320495730227302
2015-09-17,35.88707733154297,47.081905364990234,21.139999389648438,26.685500144958496,-1.3071843452111567
2015-09-18,35.6262092590332,46.0578727722168,22.280000686645508,26.84250020980835,-1.1275599130097547
2015-09-21,35.365352630615234,46.02536392211914,20.139999389648438,26.448000144958495,-1.1726856091359505
2015-09-22,34.73928451538086,44.846893310546875,22.440000534057617,25.53300008773804,-1.0315467214286123
2015-09-23,34.716922760009766,44.8631477355957,22.1299991607666,24.838500022888184,-1.0397312368794676
2015-09-24,34.84361267089844,43.887847900390625,23.469999313354492,24.496000003814697,-0.7931613535438842
2015-09-25,35.15666580200195,44.24545669555664,23.6200008392334,24.37200002670288,-0.8112233031428846
2015-09-28,34.99269485473633,43.45711135864258,27.6299991607666,24.451000022888184,-0.6655234836528584
2015-09-29,35.42497634887695,43.928497314453125,26.829999923706055,24.371000003814697,-0.6853823020734106
2015-09-30,36.90815734863281,45.8465576171875,24.5,24.026000022888184,-0.8216819988876669
2015-10-01,36.103206634521484,44.65182876586914,22.549999237060547,23.848999977111816,-0.7128559998858792
2015-10-02,36.34916687011719,45.261383056640625,20.940000534057617,23.61549997329712,-0.8015291124181548
2015-10-05,37.36280822753906,46.67555236816406,19.540000915527344,23.20250005722046,-0.9180997545767279
2015-10-06,37.60875701904297,46.236663818359375,19.399999618530273,22.92750005722046,-0.7691206719003774
2015-10-07,38.041038513183594,47.03315353393555,18.399999618530273,22.536000061035157,-0.8626719873297644
2015-10-08,38.39879608154297,46.91123580932617,17.420000076293945,22.188500022888185,-0.7630415609745536
2015-10-09,37.91434097290039,46.07411575317383,17.079999923706055,21.882499980926514,-0.6707797933929602
2015-10-12,38.26462936401367,45.98472595214844,16.170000076293945,21.478499984741212,-0.580025686168388
2015-10-13,37.944149017333984,45.553977966308594,17.670000076293945,21.23499994277954,-0.5468796475138941
2015-10-14,39.240997314453125,49.56889343261719,18.030000686645508,21.06899995803833,-1.1959788820344168
2015-10-15,39.077022552490234,49.80458450317383,16.049999237060547,20.814499950408937,-1.282402030055688
2015-10-16,39.181373596191406,48.918701171875,15.050000190734863,20.452999925613405,-1.0605959808869811
2015-10-19,39.23353958129883,48.94309997558594,14.979999542236328,20.194999933242798,-1.0556287046119863
2015-10-20,39.077022552490234,49.08939743041992,15.75,19.860499906539918,-1.1202878753080787
2015-10-21,38.6820182800293,50.18657302856445,16.700000762939453,19.58899998664856,-1.4484791869004854
2015-10-22,43.29552459716797,51.52759552001953,14.449999809265137,19.138000011444092,-0.8240351323910557
2015-10-23,43.95886993408203,51.706390380859375,14.460000038146973,18.67999997138977,-0.7310721010852121
2015-10-26,43.83216094970703,50.00776672363281,15.289999961853027,18.063000011444093,-0.37153748642021445
2015-10-27,43.54148483276367,49.89399719238281,15.430000305175781,17.493000030517578,-0.40424436944684733
2015-10-28,44.014102935791016,50.27598190307617,14.329999923706055,16.984500026702882,-0.3957209598960526
2015-10-29,42.43870162963867,48.74803161621094,14.609999656677246,16.587500047683715,-0.3664073216760511
2015-10-30,42.551231384277344,48.86180877685547,15.069999694824219,16.294000005722047,-0.3695522136252184
2015-11-02,42.7537727355957,49.040618896484375,14.149999618530273,16.024499940872193,-0.36932450312938786
2015-11-03,42.873802185058594,49.30067443847656,14.539999961853027,15.78149995803833,-0.40411763502897713
2015-11-04,42.7237663269043,49.16253662109375,15.510000228881836,15.636999988555909,-0.40299852226436944
2015-11-05,43.061363220214844,49.05687713623047,15.050000190734863,15.518499994277954,-0.311110532233721
2015-11-06,43.23391342163086,50.14594268798828,14.329999923706055,15.380999994277953,-0.5232492555948534
2015-11-09,42.9188232421875,49.54451370239258,16.520000457763672,15.398500013351441,-0.4503295967630726
2015-11-10,42.78378677368164,48.73989486694336,15.289999961853027,15.279500007629395,-0.29511824824405697
2015-11-11,43.211395263671875,48.68301010131836,16.059999465942383,15.180999946594238,-0.19617233916449817
2015-11-12,42.51371383666992,48.325401306152344,18.3700008392334,15.29700002670288,-0.2555127106996156
2015-11-13,42.10861587524414,47.244468688964844,20.079999923706055,15.54850001335144,-0.09201525400126473
2015-11-16,42.671241760253906,47.5289192199707,18.15999984741211,15.70750002861023,-0.04327030240063903
2015-11-17,42.81378936767578,48.195369720458984,18.84000015258789,15.862000036239625,-0.16565097644573737
2015-11-18,43.481468200683594,49.365699768066406,16.850000381469727,15.869500017166137,-0.29657090091225086
2015-11-19,43.473968505859375,48.577362060546875,16.989999771118164,15.996500015258789,-0.11938464870529658
2015-11-20,43.60151290893555,48.29289245605469,15.470000267028809,16.047000026702882,-0.029235905354008336
2015-11-23,43.02383041381836,46.16352462768555,15.619999885559082,16.063500022888185,0.33718353296067965
2015-11-24,43.398948669433594,49.10563659667969,15.930000305175781,16.088500022888184,-0.25422757071448504
2015-11-25,42.96384048461914,48.96746826171875,15.1899995803833,16.131500005722046,-0.3104692900318929
2015-11-27,43.17387771606445,49.1300163269043,15.119999885559082,16.157000017166137,-0.30504693272450145
2015-11-30,43.60151290893555,50.089054107666016,16.1299991607666,16.209999990463256,-0.43637865028619605
2015-12-01,43.744056701660156,50.040283203125,14.670000076293945,16.23600001335144,-0.39663815502409205
2015-12-02,43.17387771606445,49.68851852416992,15.90999984741211,16.304500007629393,-0.4316447350110574
2015-12-03,43.27892303466797,48.306007385253906,18.110000610351562,16.43450002670288,-0.09712646975033772
2015-12-04,44.17165756225586,48.4369010925293,14.8100004196167,16.42250003814697,0.0528566123884932
2015-12-07,43.7740364074707,47.85609436035156,15.84000015258789,16.498000049591063,0.1044932731437374
2015-12-08,43.263919830322266,47.46341323852539,17.600000381469727,16.552000045776367,0.09084829358662938
2015-12-09,42.581233978271484,46.34267807006836,19.610000610351562,16.768000078201293,0.20750635779738372
2015-12-10,42.708778381347656,46.75173568725586,19.34000015258789,16.93200011253357,0.14045066664437555
2015-12-11,42.168617248535156,46.571746826171875,24.389999389648438,17.23300004005432,0.07254778435980151
2015-12-14,42.176124572753906,46.48175048828125,22.729999542236328,17.365500020980836,0.0944583626651063
2015-12-15,43.17387771606445,46.26087188720703,20.950000762939453,17.5050000667572,0.3453128729963938
2015-12-16,43.5639762878418,47.06257629394531,17.860000610351562,17.456000089645386,0.2420906629248193
2015-12-17,42.408687591552734,45.90911865234375,18.940000534057617,17.56050009727478,0.27105979784793977
2015-12-18,41.215858459472656,45.131961822509766,20.700000762939453,17.746000146865846,0.20717679638486297
2015-12-21,41.87605285644531,45.6718864440918,18.700000762939453,17.907500171661376,0.21764708810168001
2015-12-22,41.71849060058594,45.82732009887695,16.600000381469727,17.956500196456908,0.15070663972040588
2015-12-23,42.536216735839844,46.203617095947266,15.569999694824219,17.93850016593933,0.22996859654622656
2015-12-24,42.57373809814453,46.465396881103516,15.739999771118164,17.966000175476076,0.17818075592591717
2015-12-28,42.326168060302734,46.179080963134766,16.90999984741211,18.055500173568724,0.19326025031292487
2015-12-29,42.776283264160156,46.882598876953125,16.079999923706055,18.0530002117157,0.12437204719797582
2015-12-30,42.13111114501953,46.26087188720703,17.290000915527344,18.184000253677368,0.13546727957376106
2015-12-31,41.118343353271484,45.25467300415039,18.209999084472656,18.299000215530395,0.1597375197025666
2016-01-04,40.7657470703125,44.53479766845703,20.700000762939453,18.42850022315979,0.2519581587863984
2016-01-05,40.338138580322266,44.207557678222656,19.34000015258789,18.65500020980835,0.24008325879819362
2016-01-06,40.075565338134766,42.326045989990234,20.59000015258789,18.89250020980835,0.613732568794686
2016-01-07,38.78522491455078,41.246219635009766,24.989999771118164,19.262000179290773,0.5988337096110908
2016-01-08,37.77995681762695,40.886287689208984,27.010000228881836,19.632000160217284,0.4781214155712885
2016-01-11,38.417633056640625,41.85976791381836,24.299999237060547,19.880000114440918,0.3857844835063967
2016-01-12,38.657691955566406,42.25242233276367,22.469999313354492,19.78400011062622,0.3450893033228578
2016-01-13,37.3748664855957,40.984432220458984,25.219999313354492,19.908500099182127,0.37435453747927644
2016-01-14,37.532405853271484,41.31166076660156,23.950000762939453,20.05850009918213,0.331883515958704
2016-01-15,36.03199768066406,40.75539016723633,27.020000457763672,20.516500091552736,0.15603441394033257
2016-01-19,36.1745491027832,40.40362548828125,26.049999237060547,20.87200002670288,0.2644571876651979
2016-01-20,36.76719284057617,41.377113342285156,27.59000015258789,21.216499996185302,0.16305621811781087
2016-01-21,37.38236999511719,41.336204528808594,26.690000534057617,21.61599998474121,0.2961269806964791
2016-01-22,37.73495101928711,42.031551361083984,22.34000015258789,21.90299997329712,0.20946323944871853
2016-01-25,37.56990432739258,41.761600494384766,24.149999618530273,22.33199996948242,0.2374401445391001
2016-01-26,38.0350341796875,41.95793533325195,22.5,22.669999980926512,0.2865385814777438
2016-01-27,38.01251983642578,41.949745178222656,23.110000610351562,22.980000019073486,0.2838643046331222
2016-01-28,38.64747619628906,42.3424072265625,22.420000076293945,23.297000026702882,0.32263627557335
2016-01-29,40.00801086425781,44.06032180786133,20.200000762939453,23.442500019073485,0.20702310586502684
2016-02-01,39.93242263793945,43.49586486816406,19.979999542236328,23.53100004196167,0.31975937190571
2016-02-02,38.277076721191406,41.99882507324219,21.979999542236328,23.594999980926513,0.32597841634617025
2016-02-03,37.98230743408203,42.031551361083984,21.649999618530273,23.710499954223632,0.25924106613673875
2016-02-04,38.745704650878906,42.26877975463867,21.84000015258789,23.772999954223632,0.35909311612097466
2016-02-05,37.70261764526367,40.75539016723633,23.3799991607666,23.692499923706055,0.4922287719008163
2016-02-08,38.473602294921875,40.2154655456543,26.0,23.641999912261962,0.7697679203344857
2016-02-09,38.30730438232422,40.33817672729492,26.540000915527344,23.753999996185303,0.7084868412523668
2016-02-10,38.360233306884766,40.05186080932617,26.290000915527344,23.945000076293944,0.7840385303176313
2016-02-11,38.080535888671875,39.95369338989258,28.139999389648438,24.091000080108643,0.750004403104978
2016-02-12,38.65501022338867,40.6081428527832,25.399999618530273,24.163500022888183,0.7172646729639773
2016-02-16,39.71323013305664,42.59600830078125,24.110000610351562,24.018000030517577,0.4796231166713644
2016-02-17,40.582462310791016,43.13592529296875,22.309999465942383,23.83100004196167,0.5321617501563844
2016-02-18,40.10627746582031,42.57147216796875,21.639999389648438,23.533500003814698,0.5642813766056155
2016-02-19,39.879520416259766,42.62055969238281,20.530000686645508,23.22550001144409,0.5075220967928394
2016-02-22,40.28768539428711,43.03773880004883,19.3799991607666,23.07749996185303,0.49509735903190955
2016-02-23,39.48646926879883,42.09699249267578,20.979999542236328,22.91899995803833,0.5471037215339968
2016-02-24,39.65275573730469,42.7320671081543,20.719999313354492,22.829999923706055,0.4366123291380435
2016-02-25,40.144073486328125,43.705326080322266,19.110000610351562,22.629999923706055,0.31487247212824787
2016-02-26,40.28768539428711,44.07648468017578,19.809999465942383,22.499499893188478,0.25964090746893964
2016-02-29,40.0760383605957,43.705326080322266,20.549999237060547,22.516999816894533,0.3011811324465422
2016-03-01,40.98308563232422,45.11570739746094,17.700000762939453,22.402999877929688,0.16401821227912508
2016-03-02,41.134246826171875,45.7012939453125,17.09000015258789,22.158499908447265,0.06170066769403581
2016-03-03,41.47439193725586,45.75078582763672,16.700000762939453,21.910999965667724,0.11893271289028164
2016-03-04,41.48952102661133,46.00647735595703,16.860000610351562,21.66199998855591,0.06401871556559417
2016-03-07,41.94303512573242,46.592063903808594,17.350000381469727,21.360500049591064,0.022546451786335648
2016-03-08,41.21739959716797,45.643577575683594,18.670000076293945,20.994000053405763,0.09151705889073206
2016-03-09,41.383689880371094,45.3054084777832,18.34000015258789,20.584000015258788,0.20163526221324202
2016-03-10,41.94303512573242,45.46210861206055,18.049999237060547,20.17199993133545,0.2786776851417746
2016-03-11,42.373870849609375,46.138427734375,16.5,19.589999961853028,0.21207494615561445
2016-03-14,42.033729553222656,45.915740966796875,16.920000076293945,19.165999984741212,0.19410240735242043
2016-03-15,42.12445068359375,46.27865982055664,16.84000015258789,18.802499961853027,0.13009487508539347
2016-03-16,42.43434524536133,46.8972282409668,14.989999771118164,18.436499977111815,0.05224459347812099
2016-03-17,42.78205108642578,47.73027038574219,14.4399995803833,18.07649998664856,-0.06661214260787227
2016-03-18,43.15242385864258,48.67051696777344,14.020000457763672,17.75099997520447,-0.2052078364604626
2016-03-21,43.09950637817383,48.53855514526367,13.789999961853027,17.47150001525879,-0.1859446274282325
2016-03-22,43.00880813598633,48.26637649536133,14.170000076293945,17.13100004196167,-0.14250091385630237
2016-03-23,42.78205108642578,48.10966491699219,14.9399995803833,16.84200005531311,-0.15261093382291221
2016-03-24,42.85762023925781,48.365352630615234,14.739999771118164,16.62350001335144,-0.19536115163003295
2016-03-28,42.72157287597656,48.1014289855957,15.239999771118164,16.39500002861023,-0.16291465564458082
2016-03-29,43.39429473876953,48.497318267822266,13.819999694824219,16.058500051498413,-0.1172743113986275
2016-03-30,44.11993408203125,48.753013610839844,13.5600004196167,15.851500034332275,-0.02920660185609385
2016-03-31,43.401851654052734,48.81897735595703,13.949999809265137,15.694500017166138,-0.1886652434931091
2016-04-01,43.794918060302734,48.64578628540039,13.100000381469727,15.514499998092651,-0.07030696907738489
2016-04-04,43.62861633300781,48.464324951171875,14.119999885559082,15.377499961853028,-0.06264088292028461
2016-04-05,43.621055603027344,48.2333869934082,15.420000076293945,15.280999946594239,-0.011814819730224455
2016-04-06,44.112369537353516,48.79423522949219,14.09000015258789,15.051999950408936,-0.040072745353605756
2016-04-07,43.19776916503906,48.134422302246094,16.15999984741211,14.942999935150146,-0.07456397723000893
2016-04-08,43.75711441040039,48.497318267822266,15.359999656677246,14.808499956130982,-0.04426074209855975
2016-04-11,43.704193115234375,48.33235549926758,16.260000228881836,14.796499967575073,-0.017517851662299504
2016-04-12,44.17283630371094,48.497318267822266,14.850000381469727,14.692999982833863,0.03939883217520546
2016-04-13,44.72462463378906,49.32209396362305,13.84000015258789,14.542999982833862,-0.03651470365920289
2016-04-14,44.762428283691406,49.025184631347656,13.720000267028809,14.479500007629394,0.03839443525975242
2016-04-15,44.54320526123047,48.38184356689453,13.619999885559082,14.438500022888183,0.14010670088768576
2016-04-18,44.558326721191406,48.41484069824219,13.350000381469727,14.405000019073487,0.1356701482157825
2016-04-19,44.15771484375,48.027191162109375,13.239999771118164,14.377500009536742,0.14292128699602585
2016-04-20,44.6339225769043,48.810726165771484,13.279999732971191,14.332999992370606,0.061146149730168686
2016-04-21,44.490299224853516,48.50557327270508,13.949999809265137,14.283500003814698,0.10141364855493541
2016-04-22,44.354244232177734,48.2333869934082,13.220000267028809,14.20750002861023,0.1357315317227339
2016-04-25,44.611244201660156,48.192142486572266,14.079999923706055,14.149500036239624,0.19679906853567733
2016-04-26,44.89847946166992,48.93445587158203,13.960000038146973,14.156500053405761,0.08633910690968231
2016-04-27,45.29151916503906,49.19013214111328,13.770000457763672,14.16700005531311,0.10747902802419133
2016-04-28,44.644935607910156,47.722015380859375,15.220000267028809,14.230500078201294,0.310144589382126
2016-04-29,43.389793395996094,46.45185852050781,15.699999809265137,14.360500049591064,0.34547192740621513
2016-05-02,44.005958557128906,47.02095031738281,14.680000305175781,14.388500070571899,0.34047037365053506
2016-05-03,43.51150131225586,46.37762451171875,15.600000381469727,14.39750008583069,0.3867912439047479
2016-05-04,42.92576599121094,46.047706604003906,16.049999237060547,14.49550004005432,0.3437020280373708
2016-05-05,43.08551788330078,45.93224334716797,15.90999984741211,14.483000040054321,0.4020228761811374
2016-05-06,43.51150131225586,45.75078582763672,14.720000267028809,14.451000070571899,0.5288791357366924
2016-05-09,43.29090881347656,45.552833557128906,14.569999694824219,14.366500043869019,0.5293578489637681
2016-05-10,43.83860397338867,46.27040100097656,13.630000114440918,14.305500030517578,0.4769219058659096
2016-05-11,43.83860397338867,45.981719970703125,14.6899995803833,14.348000001907348,0.542358325227128
2016-05-12,43.481075286865234,45.28066635131836,14.40999984741211,14.382499980926514,0.6293199814540213
2016-05-13,43.45064926147461,45.13220977783203,15.039999961853027,14.45349998474121,0.6568482821983493
2016-05-16,44.13527297973633,45.71780014038086,14.680000305175781,14.519999980926514,0.6618834869639506
2016-05-17,43.68646240234375,45.66830062866211,15.569999694824219,14.636499977111816,0.5827854110071061
2016-05-18,44.12767028808594,46.03946304321289,15.949999809265137,14.769999980926514,0.5874409818011198
2016-05-19,43.53432846069336,45.940486907958984,16.329999923706055,14.88899998664856,0.49047259434147655
2016-05-20,44.523223876953125,46.63330841064453,15.199999809265137,14.987999963760377,0.5324327288757181
2016-05-23,44.67536926269531,46.814754486083984,15.819999694824219,15.074999952316285,0.5219212895118208
2016-05-24,45.709896087646484,48.01894760131836,14.420000076293945,15.097999954223633,0.4571497211967393
2016-05-25,45.976139068603516,48.40938949584961,13.899999618530273,15.104499912261963,0.42222532807973356
2016-05-26,46.227169036865234,48.4260139465332,13.430000305175781,15.014999914169312,0.46897409100040116
2016-05-27,46.4173469543457,48.550628662109375,13.119999885559082,14.885999917984009,0.4789984698891122
2016-05-31,46.09783935546875,48.600486755371094,14.1899995803833,14.861499881744384,0.4033994686097351
2016-06-01,46.455379486083984,48.725101470947266,14.199999809265137,14.791499853134155,0.44710369868182
2016-06-02,46.219566345214844,48.41771697998047,13.630000114440918,14.670499897003173,0.46932483555329846
2016-06-03,46.04460525512695,48.2764892578125,13.470000267028809,14.548499917984008,0.466128412989671
2016-06-06,46.622718811035156,47.4290885925293,13.649999618530273,14.494999885559082,0.7745510775205162
2016-06-07,46.828128814697266,48.01063919067383,14.050000190734863,14.468999910354615,0.6840653682973309
2016-06-08,47.22368240356445,48.00232696533203,14.079999923706055,14.491499900817871,0.7655504510266564
2016-06-09,47.269325256347656,47.819557189941406,14.640000343322754,14.488999938964843,0.8161647010679702
2016-06-10,47.09436798095703,47.32108688354492,17.030000686645508,14.619999980926513,0.89394657189619
2016-06-13,46.805294036865234,47.24631118774414,20.969999313354492,14.916499948501587,0.852723229034904
2016-06-14,47.08675003051758,47.4124755859375,20.5,15.207499933242797,0.8716981187298948
2016-06-15,46.9270133972168,47.24631118774414,20.139999389648438,15.43599991798401,0.8772179454107866
2016-06-16,47.208457946777344,47.271244049072266,19.3700008392334,15.606999969482422,0.9282040179394736
2016-06-17,46.873756408691406,46.51524353027344,19.40999984741211,15.760999965667725,1.0322144142724592
2016-06-20,47.17042922973633,47.17985916137695,18.3700008392334,15.919500017166138,0.9412657039395129
2016-06-21,47.19324493408203,47.4041633605957,18.479999542236328,16.052500009536743,0.8950132399015389
2016-06-22,47.208457946777344,47.229698181152344,21.170000076293945,16.39000000953674,0.937621376722483
2016-06-23,48.15169906616211,48.2764892578125,17.25,16.557500028610228,0.8901584533185921
2016-06-24,46.05221939086914,45.72600173950195,25.760000228881836,17.174000024795532,1.0457893140947458
2016-06-27,44.93400192260742,43.65735626220703,23.850000381469727,17.710500049591065,1.289667719238973
2016-06-28,45.84682083129883,45.119529724121094,18.75,17.938500070571898,1.141926358081587
2016-06-29,46.59230422973633,46.20784378051758,16.639999389648438,18.060500049591063,1.0452546427707183
2016-06-30,47.657264709472656,47.05524444580078,15.630000114440918,18.160500049591064,1.0674830133048354
2016-07-01,47.24650573730469,47.04694747924805,14.770000457763672,18.225500059127807,0.9867028784486459
2016-07-05,46.59230422973633,45.991851806640625,15.579999923706055,18.322000074386597,1.0942143592019715
2016-07-06,46.44776916503906,46.07492446899414,14.960000038146973,18.367500066757202,1.0462978328158963
2016-07-07,46.98786163330078,46.48200225830078,14.760000228881836,18.401500082015993,1.0627117921143332
2016-07-08,48.1288948059082,47.9691047668457,13.199999809265137,18.32950005531311,0.9552453438478635
2016-07-11,48.22779083251953,48.39278793334961,13.539999961853027,18.155000019073487,0.8791092455585905
2016-07-12,48.97325897216797,49.007572174072266,13.550000190734863,17.784000062942503,0.8897712512255237
2016-07-13,49.09498977661133,49.447879791259766,13.039999961853027,17.411000061035157,0.8144620801541071
2016-07-14,49.300357818603516,49.8632698059082,12.819999694824219,17.045000076293945,0.761632173575725
2016-07-15,49.3307991027832,49.97126007080078,12.670000076293945,16.710000038146973,0.7432795944926096
2016-07-18,49.58943557739258,50.20388412475586,12.4399995803833,16.361500024795532,0.7425976394551121
2016-07-19,49.39925003051758,50.07096481323242,11.970000267028809,16.0414999961853,0.734454159358942
2016-07-20,49.78720474243164,50.419883728027344,11.770000457763672,15.70600004196167,0.7334351179159564
2016-07-21,49.376434326171875,49.805110931396484,12.739999771118164,15.284500026702881,0.7901248468717608
2016-07-22,49.817626953125,50.17897033691406,12.020000457763672,15.023000049591065,0.7941660098701916
2016-07-25,50.37294387817383,50.28696823120117,12.869999885559082,14.378500032424927,0.8814372971883734
2016-07-26,54.328521728515625,52.23097229003906,13.050000190734863,13.838500022888184,1.2368001919991483
2016-07-27,54.21442413330078,52.61314010620117,12.829999923706055,13.542500019073486,1.1272118519681211
2016-07-28,53.709678649902344,53.352542877197266,12.720000267028809,13.346500062942505,0.8580340160475036
2016-07-29,53.342586517333984,53.028541564941406,11.869999885559082,13.158500051498413,0.8576032608550744
2016-08-01,53.4420051574707,53.15314865112305,12.4399995803833,13.042000007629394,0.8493650375486985
2016-08-02,52.654300689697266,52.20607376098633,13.369999885559082,12.931500005722047,0.9055250000693849
2016-08-03,52.677242279052734,52.23097229003906,12.859999656677246,12.82649998664856,0.9044979053695446
2016-08-04,53.23553466796875,52.621456146240234,12.420000076293945,12.709499979019165,0.9283358130724961
2016-08-05,53.64849853515625,52.91222381591797,11.390000343322754,12.619000005722047,0.9455309583611049
2016-08-08,53.64086151123047,52.704524993896484,11.5,12.517000007629395,0.9910739655492741
2016-08-09,53.7249641418457,53.020233154296875,11.65999984741211,12.422499990463256,0.9364359573192194
2016-08-10,53.449668884277344,52.99528884887695,12.050000190734863,12.373000001907348,0.8866899579558581
2016-08-11,53.53379440307617,53.28608322143555,11.680000305175781,12.316000032424927,0.8377038581065761
2016-08-12,53.41141891479492,53.369144439697266,11.550000190734863,12.260000038146973,0.7942493029875421
2016-08-15,53.78615188598633,54.224849700927734,11.8100004196167,12.228500080108642,0.6756943528985897
2016-08-16,53.396121978759766,53.900848388671875,12.640000343322754,12.26200008392334,0.6706476164610752
2016-08-17,53.396121978759766,53.335914611816406,12.1899995803833,12.283000040054322,0.7987032891826839
2016-08-18,53.63320541381836,53.277767181396484,11.430000305175781,12.217500066757202,0.8595942864825912
2016-08-19,53.74026107788086,53.28608322143555,11.34000015258789,12.183500051498413,0.8792530629808479
2016-08-22,53.53379440307617,53.036834716796875,12.270000457763672,12.153500080108643,0.8942019579617838
2016-08-23,53.518489837646484,53.00361251831055,12.380000114440918,12.120000076293945,0.8986526794393951
2016-08-24,53.457298278808594,52.4349365234375,13.449999809265137,12.1510000705719,1.015242469641081
2016-08-25,53.396121978759766,52.45166015625,13.630000114440918,12.196500062942505,0.9991405860901487
2016-08-26,53.342586517333984,52.65237045288086,13.649999618530273,12.285500049591064,0.9428713874689165
2016-08-29,53.518489837646484,52.59383010864258,12.9399995803833,12.310500049591065,0.9915396058179143
2016-08-30,53.00608825683594,52.602195739746094,13.119999885559082,12.298000049591064,0.8865280116955528
2016-08-31,53.181983947753906,52.317867279052734,13.420000076293945,12.326000070571899,0.9863749397761181
2016-09-01,53.30434036254883,52.73600387573242,13.479999542236328,12.379000043869018,0.9162172550303881
2016-09-02,53.28904724121094,52.81127166748047,11.979999542236328,12.408500003814698,0.8960784437004319
2016-09-06,53.373172760009766,52.460018157958984,12.020000457763672,12.434500026702882,0.9926277620321775
2016-09-07,53.14374542236328,51.55684280395508,11.9399995803833,12.44850001335144,1.1511841383239652
2016-09-08,52.761356353759766,51.35614013671875,12.510000228881836,12.471500015258789,1.1197264692308877
2016-09-09,50.98711395263672,49.859188079833984,17.5,12.7625,1.1019989829108268
2016-09-12,51.95834732055664,50.69546890258789,15.15999984741211,12.942999982833863,1.1078863536964676
2016-09-13,51.58361053466797,50.55330276489258,17.850000381469727,13.244999980926513,1.06469992824392
2016-09-14,51.84364318847656,50.94633865356445,18.139999389648438,13.519999933242797,1.027937782917929
2016-09-15,52.937255859375,52.39311599731445,16.299999237060547,13.72549991607666,0.9200691244505497
2016-09-16,53.04432678222656,51.8913459777832,15.369999885559082,13.922499895095825,1.0553541051239066
2016-09-19,53.181983947753906,52.23422622680664,15.529999732971191,14.13199987411499,1.0053341729664835
2016-09-20,52.906673431396484,52.13386917114258,15.920000076293945,14.314499855041504,0.9726791958360872
2016-09-21,53.19725799560547,52.93671798706055,13.300000190734863,14.360499858856201,0.8491714510325938
2016-09-22,53.35023880004883,53.25449752807617,12.020000457763672,14.288999891281128,0.8079249092087853
2016-09-23,52.75370407104492,52.878170013427734,12.289999961853027,14.221999883651733,0.7731822691385093
2016-09-26,52.325443267822266,52.08370590209961,14.5,14.26449990272522,0.8670835541464618
2016-09-27,53.113162994384766,53.36320877075195,13.100000381469727,14.272499942779541,0.7355739569600442
2016-09-28,53.33492660522461,53.463558197021484,12.390000343322754,14.235999965667725,0.7574549227893859
2016-09-29,53.41141891479492,53.3046760559082,14.020000457763672,14.26599998474121,0.8088625950114943
2016-09-30,53.67143249511719,53.8984375,13.289999961853027,14.256500005722046,0.7265973916462231
2016-10-03,53.27376174926758,53.731170654296875,13.569999694824219,14.336000013351441,0.6844854248946673
2016-10-04,53.2202262878418,53.72281265258789,13.630000114440918,14.416499996185303,0.6756065270228263
2016-10-05,53.992645263671875,54.090782165527344,12.989999771118164,14.469000005722046,0.7476385260083365
2016-10-06,54.2679557800293,54.14094543457031,12.84000015258789,14.485500001907349,0.7916711183133579
2016-10-07,54.19912338256836,53.87334442138672,13.479999542236328,14.284499979019165,0.838477468520394
2016-10-10,53.480247497558594,52.97852325439453,13.380000114440918,14.195499992370605,0.8966438966781295
2016-10-11,52.5854606628418,51.933170318603516,15.359999656677246,14.070999956130981,0.9535317365942367
2016-10-12,52.356040954589844,51.172142028808594,15.90999984741211,13.959499979019165,1.0798686363448222
2016-10-13,51.828330993652344,50.77072525024414,16.690000534057617,13.979000043869018,1.06466332121423
2016-10-14,52.378971099853516,51.89971160888672,16.1200008392334,14.016500091552734,0.9195621378096376
2016-10-17,52.325443267822266,51.598663330078125,16.209999084472656,14.050500059127808,0.9770299857522347
2016-10-18,52.960208892822266,51.966617584228516,15.279999732971191,14.01850004196167,1.0213641823660717
2016-10-19,53.14374542236328,51.77427291870117,14.40999984741211,14.074000024795533,1.1018984330706376
2016-10-20,53.342586517333984,53.078880310058594,13.75,14.160500001907348,0.8461927873906905
2016-10-21,53.51084899902344,52.61056137084961,13.34000015258789,14.213000011444091,0.9862094305672506
2016-10-24,54.81859588623047,53.53882598876953,13.020000457763672,14.139000034332275,1.0389662252742968
2016-10-25,54.45149612426758,53.572288513183594,13.460000038146973,14.157000017166137,0.9575062568966198
2016-10-26,54.84153747558594,53.05378723144531,14.239999771118164,14.249499988555907,1.1535285411002472
2016-10-27,54.09206008911133,52.91162109375,15.359999656677246,14.316499948501587,1.034929587193983
2016-10-28,54.14558410644531,53.12904739379883,16.190000534057617,14.461499977111817,0.9964158813156425
2016-10-31,54.183834075927734,53.60573959350586,17.059999465942383,14.635999965667725,0.8960596564370631
2016-11-01,53.10551452636719,53.187591552734375,18.559999465942383,14.882499933242798,0.7738426028088786
2016-11-02,52.64664077758789,53.23777389526367,19.31999969482422,15.198999929428101,0.6701241591332507
2016-11-03,52.30768966674805,53.39665985107422,22.079999923706055,15.66099991798401,0.5658986021587119
2016-11-04,52.076568603515625,53.04542922973633,22.510000228881836,16.112499952316284,0.5990027373130251
2016-11-07,53.16281509399414,53.82316589355469,18.709999084472656,16.37899990081787,0.6413056916161246
2016-11-08,53.794490814208984,54.23293685913086,18.739999771118164,16.547999906539918,0.6755393261139885
2016-11-09,53.763675689697266,54.33330154418945,14.380000114440918,16.471499919891357,0.6465880704619364
2016-11-10,53.262939453125,53.731170654296875,14.739999771118164,16.373999881744385,0.6823075538166186
2016-11-11,53.80990982055664,54.625999450683594,14.170000076293945,16.276499843597414,0.5895452537791983
2016-11-14,53.94085693359375,55.57935333251953,14.479999542236328,16.189999866485596,0.3997966316367355
2016-11-15,54.71894454956055,57.0428581237793,13.369999885559082,16.09449987411499,0.224640264757404
2016-11-16,54.849884033203125,56.76689147949219,13.720000267028809,16.059999895095824,0.31354483357379304
2016-11-17,55.527801513671875,57.0428581237793,13.350000381469727,16.03999991416931,0.3874140574173326
2016-11-18,55.92838668823242,57.260284423828125,12.850000381469727,16.015499925613405,0.4187426887546682
2016-11-21,56.76038360595703,58.38926696777344,12.420000076293945,15.985499906539918,0.3302624120696043
2016-11-22,57.3150634765625,60.956661224365234,12.40999984741211,15.932999897003175,-0.1400751625582818
2016-11-23,57.05312728881836,61.542049407958984,12.430000305175781,15.842499923706054,-0.32547916259440823
2016-11-25,57.33818054199219,62.05217742919922,12.34000015258789,15.691499948501587,-0.3837478964299309
2016-11-28,57.415184020996094,62.01875305175781,13.149999618530273,15.53949990272522,-0.36067534193302675
2016-11-29,57.3150634765625,62.32816696166992,12.899999618530273,15.331499910354614,-0.4509595476444102
2016-11-30,56.952980041503906,62.43749237060547,13.329999923706055,15.069999933242798,-0.5486061605475294
2016-12-01,54.24130630493164,58.038963317871094,14.069999694824219,14.807499933242799,-0.09727023766678748
2016-12-02,54.48012161254883,58.96408462524414,14.119999885559082,14.40949993133545,-0.2589119577768853
2016-12-05,54.318336486816406,59.376163482666016,12.140000343322754,13.890999937057495,-0.3848769507734504
2016-12-06,54.98085403442383,59.71257400512695,11.789999961853027,13.544999980926514,-0.3278078404602116
2016-12-07,55.620243072509766,61.344181060791016,12.220000267028809,13.219000005722046,-0.5689801843425663
2016-12-08,55.56631851196289,62.13473892211914,12.640000343322754,13.132000017166138,-0.7590306600913783
2016-12-09,55.458473205566406,61.51237106323242,11.75,12.982500028610229,-0.6396588988454142
2016-12-12,55.258174896240234,61.310516357421875,12.640000343322754,12.90600004196167,-0.6342116178072089
2016-12-13,56.39060592651367,61.478736877441406,12.720000267028809,12.818000078201294,-0.4444531937868121
2016-12-14,55.851356506347656,61.00776672363281,13.1899995803833,12.809000062942506,-0.4462147751371462
2016-12-15,56.58320236206055,61.90765380859375,12.789999961853027,12.762500047683716,-0.5029194464935701
2016-12-16,56.151790618896484,60.62930679321289,12.199999809265137,12.705000019073486,-0.2999686890814016
2016-12-19,56.67565155029297,61.234840393066406,11.710000038146973,12.648000001907349,-0.3318058806289468
2016-12-20,57.037723541259766,61.731040954589844,11.449999809265137,12.599499988555909,-0.3714184292722974
2016-12-21,57.13787078857422,61.899253845214844,11.270000457763672,12.542500019073486,-0.3893943205695098
2016-12-22,57.16098403930664,61.773101806640625,11.430000305175781,12.492500019073486,-0.35614766763786476
2016-12-23,57.29963684082031,62.1010856628418,11.4399995803833,12.447499990463257,-0.4025906171082229
2016-12-27,57.67713165283203,62.49637222290039,11.989999771118164,12.389499998092651,-0.4162249305343666
2016-12-28,57.0454216003418,61.8656120300293,12.949999809265137,12.392000007629395,-0.40037301129852454
2016-12-29,57.122459411621094,61.882415771484375,13.369999885559082,12.394000005722045,-0.3886789452004026
2016-12-30,56.21343994140625,61.07504653930664,14.039999961853027,12.392500019073486,-0.3885999354612993
2017-01-03,56.683345794677734,60.98252487182617,12.850000381469727,12.32900004386902,-0.27306418434167484
2017-01-04,56.614009857177734,60.85636901855469,11.850000381469727,12.314500045776366,-0.2584210747465748
2017-01-05,56.17489242553711,59.981719970703125,11.670000076293945,12.308500051498413,-0.14852874743184616
2017-01-06,57.122459411621094,60.217185974121094,11.319999694824219,12.263500022888184,-0.011215018146210747
2017-01-09,57.26881408691406,60.50315475463867,11.5600004196167,12.20950002670288,-0.04658433220777557
2017-01-10,57.4691276550293,60.84796905517578,11.489999771118164,12.196500015258788,-0.0844337338143355
2017-01-11,57.93134689331055,61.07504653930664,11.260000228881836,12.127500009536742,-0.04288957824685289
2017-01-12,57.661720275878906,60.73863983154297,11.539999961853027,12.068499994277953,-0.02089446554923182
2017-01-13,57.77728271484375,61.117095947265625,11.229999542236328,11.970499992370605,-0.08342484062047434
2017-01-17,57.3843879699707,60.78910827636719,11.869999885559082,11.924499988555908,-0.08814449195344734
2017-01-18,57.29963684082031,61.403045654296875,12.479999542236328,11.938499975204468,-0.24436325216224983
2017-01-19,56.91444778442383,60.923683166503906,12.779999732971191,11.991999959945678,-0.21321951487259716
2017-01-20,57.58469009399414,61.293704986572266,11.539999961853027,11.996499967575073,-0.16221467879246948
2017-01-23,58.339637756347656,61.209598541259766,11.770000457763672,12.021499967575073,0.008775170418784301
2017-01-24,59.37963104248047,61.82352828979492,11.069999694824219,12.003499937057494,0.07890089532410162
2017-01-25,60.5351676940918,62.68980026245117,10.8100004196167,11.971999979019165,0.11507911891298662
2017-01-26,61.059017181396484,62.40385437011719,10.630000114440918,11.903999996185302,0.2853146476090072
2017-01-27,60.49308776855469,64.6998291015625,10.579999923706055,11.785500001907348,-0.3490098429935969
2017-01-30,60.39231872558594,64.15316772460938,11.880000114440918,11.711000013351441,-0.24537473376606111
2017-01-31,58.562713623046875,63.02622604370117,11.989999771118164,11.608500003814697,-0.35811501952826147
2017-02-01,59.12864303588867,64.06068420410156,11.8100004196167,11.556500005722047,-0.47871233019119225
2017-02-02,58.83403015136719,63.27010726928711,11.930000305175781,11.560500001907348,-0.35879695530046596
2017-02-03,59.30695343017578,63.51401901245117,10.970000267028809,11.525500011444091,-0.31891461140084104
2017-02-06,59.08987808227539,63.52241897583008,11.369999885559082,11.528000020980835,-0.3645027494274224
2017-02-07,59.05885696411133,64.17842102050781,11.289999961853027,11.514499998092651,-0.5194438778115655
2017-02-08,58.880550384521484,65.16239929199219,11.449999809265137,11.5125,-0.7783682362920183
2017-02-09,58.376644134521484,64.34661865234375,10.880000114440918,11.493499994277954,-0.6948578885113634
2017-02-10,58.268123626708984,64.36345672607422,10.850000381469727,11.45900001525879,-0.7205132270752704
2017-02-13,58.54719161987305,65.53246307373047,11.069999694824219,11.451000022888184,-0.9293368688829546
2017-02-14,58.640220642089844,65.46514892578125,10.739999771118164,11.394500017166138,-0.8953574233479284
2017-02-15,58.663490295410156,68.62742614746094,11.970000267028809,11.369000053405761,-1.607479975534426
2017-02-16,59.11313247680664,68.9385986328125,11.760000228881836,11.318000078201294,-1.5875289493512248
2017-02-17,59.26043701171875,69.36750793457031,11.489999771118164,11.315500068664551,-1.6551079821243202
2017-02-21,59.756595611572266,69.65347290039062,11.569999694824219,11.305500030517578,-1.6200821417563005
2017-02-22,59.872894287109375,69.39131164550781,11.739999771118164,11.339000034332276,-1.5372531983675883
2017-02-23,59.803131103515625,69.0107650756836,11.710000038146973,11.384000015258788,-1.4650323630187734
2017-02-24,59.88063430786133,69.06997680664062,11.470000267028809,11.426000022888184,-1.4628574206931784
2017-02-27,59.84186935424805,69.57735443115234,12.09000015258789,11.501500034332276,-1.5856676543313917
2017-02-28,59.39996337890625,69.28138732910156,12.920000076293945,11.553500032424926,-1.6075085136394873
2017-03-01,60.586124420166016,70.82888793945312,12.539999961853027,11.58100004196167,-1.7195841279691242
2017-03-02,60.5318603515625,70.73584747314453,11.8100004196167,11.58100004196167,-1.709414356162915
2017-03-03,60.361297607421875,70.33840942382812,10.960000038146973,11.53250002861023,-1.6536494963017847
2017-03-06,60.71013259887695,70.90498352050781,11.239999771118164,11.546000003814697,-1.7118776841750205
2017-03-07,61.3381233215332,70.53291320800781,11.449999809265137,11.55,-1.5011627007372927
2017-03-08,61.508663177490234,70.59210968017578,11.859999656677246,11.57849998474121,-1.4802616709088856
2017-03-09,61.34585952758789,70.32996368408203,12.300000190734863,11.621000003814697,-1.4536025371600714
2017-03-10,62.27616882324219,69.50970458984375,11.65999984741211,11.659999990463257,-1.0804565381381568
2017-03-13,62.81110382080078,69.98324584960938,11.350000381469727,11.684999990463258,-1.0801459903819983
2017-03-14,62.8653450012207,70.76123046875,12.300000190734863,11.746500015258789,-1.2455792460636725
2017-03-15,63.43128967285156,70.61747741699219,11.630000114440918,11.791000032424927,-1.0991039009813754
2017-03-16,63.346004486083984,69.94943237304688,11.210000038146973,11.753000020980835,-0.9648383374752032
2017-03-17,63.72590637207031,70.40608215332031,11.279999732971191,11.728999996185303,-0.9918976859387063
2017-03-20,63.25297546386719,70.10164642333984,11.34000015258789,11.721500015258789,-1.0180623645063867
2017-03-21,61.826515197753906,69.17147827148438,12.470000267028809,11.76650004386902,-1.0942774728231006
2017-03-22,62.555259704589844,69.44205474853516,12.8100004196167,11.820000076293946,-1.0089580452514324
2017-03-23,62.539764404296875,68.95160675048828,13.119999885559082,11.89050006866455,-0.9009046083807016
2017-03-24,62.47773742675781,69.03617095947266,12.960000038146973,11.96500005722046,-0.932555361263581
2017-03-27,62.43120193481445,68.83320617675781,12.5,11.985500049591064,-0.8959133363202869
2017-03-28,62.493247985839844,69.50970458984375,11.529999732971191,11.916000032424927,-1.0367716838669405
2017-03-29,62.40021514892578,69.2645034790039,11.420000076293945,11.860000038146973,-0.9999128831179921
2017-03-30,62.826622009277344,69.50970458984375,11.539999961853027,11.846500015258789,-0.9696837355931182
2017-03-31,62.4544677734375,69.29830169677734,12.369999885559082,11.917000007629394,-0.9966562937159953
2017-04-03,62.2994270324707,68.69792175292969,12.380000114440918,11.974000024795533,-0.8917661914588831
2017-04-04,62.4854736328125,68.69792175292969,11.789999961853027,11.991000032424926,-0.8543263076564459
2017-04-05,62.08235168457031,67.68318176269531,12.890000343322754,12.042500066757203,-0.7054353322224919
2017-04-06,62.097869873046875,67.91996002197266,12.390000343322754,12.047000074386597,-0.7559838853988216
2017-04-07,62.43120193481445,67.65780639648438,12.869999885559082,12.107500076293945,-0.6294810291257165
2017-04-10,62.12110137939453,67.08283233642578,14.050000190734863,12.242500066757202,-0.5615538998314177
2017-04-11,61.562957763671875,66.02577209472656,15.069999694824219,12.38100004196167,-0.43426648183931466
2017-04-12,60.84196090698242,65.00260162353516,15.770000457763672,12.588000059127808,-0.34743345498899786
2017-04-13,60.345794677734375,64.6981430053711,15.960000038146973,12.825500059127808,-0.3782688046712236
2017-04-17,61.02800369262695,64.59668731689453,14.65999984741211,12.994500064849854,-0.21798420999640714
2017-04-18,61.71797561645508,65.4592056274414,14.420000076293945,13.148500061035156,-0.2746450400114261
2017-04-19,61.53192138671875,65.10403442382812,14.930000305175781,13.271500062942504,-0.23157846108960783
2017-04-20,62.609519958496094,66.5162353515625,14.149999618530273,13.338500022888184,-0.3348322185265141
2017-04-21,61.87303924560547,65.64524841308594,14.630000114440918,13.414000034332275,-0.28561116783657153
2017-04-24,62.857635498046875,66.98977661132812,10.84000015258789,13.30800004005432,-0.3922410118406156
2017-04-25,63.84992218017578,67.09968566894531,10.760000228881836,13.221000051498413,-0.21746745606290865
2017-04-26,62.8808708190918,65.94122314453125,10.850000381469727,13.18700008392334,-0.14988557830240667
2017-04-27,63.02909469604492,65.83126068115234,10.359999656677246,13.134000062942505,-0.0951315052457168
2017-04-28,61.76536560058594,64.43600463867188,10.819999694824219,13.098000049591064,-0.03317548141803225
2017-05-01,61.8511848449707,64.45293426513672,10.109999656677246,12.985000038146973,-0.019742780879545445
2017-05-02,61.81999969482422,63.85253143310547,10.59000015258789,12.895500040054321,0.11007711938479524
2017-05-03,62.225608825683594,63.92863464355469,10.680000305175781,12.84000005722046,0.17445100650638962
2017-05-04,61.858970642089844,63.979373931884766,10.460000038146973,12.71850004196167,0.08916773650308717
2017-05-05,62.11640548706055,64.08928680419922,10.569999694824219,12.627500009536742,0.11605937335488477
2017-05-08,61.98379898071289,64.58821868896484,9.770000457763672,12.472500038146972,-0.02372103901653242
2017-05-09,61.97597885131836,66.38091278076172,9.960000038146973,12.268000030517578,-0.43165149627482835
2017-05-10,62.78726577758789,66.8291244506836,10.210000038146973,12.025000047683715,-0.36998653171275325
2017-05-11,62.71706008911133,66.3302001953125,10.600000381469727,11.76650004386902,-0.27102162868113594
2017-05-12,62.943275451660156,66.4908676147461,10.399999618530273,11.488500022888184,-0.2619173028521259
2017-05-15,63.61414337158203,67.82694244384766,10.420000076293945,11.276500034332276,-0.42976545333678695
2017-05-16,64.17578887939453,68.53726196289062,10.649999618530273,11.088000011444091,-0.4777511239867772
2017-05-17,61.375335693359375,66.31329345703125,15.59000015258789,11.121000003814697,-0.5371969651266536
2017-05-18,61.804378509521484,68.05525970458984,14.65999984741211,11.14650001525879,-0.8457147659581095
2017-05-19,62.63906478881836,68.69792175292969,12.039999961853027,11.017000007629395,-0.8234177340873674
2017-05-22,62.69363784790039,69.41669464111328,10.930000305175781,11.02150001525879,-0.9753624560718961
2017-05-23,62.163204193115234,69.30675506591797,10.720000267028809,11.019500017166138,-1.0571861238667304
2017-05-24,62.44403076171875,69.44205474853516,10.020000457763672,10.978000020980835,-1.0313416775721036
2017-05-25,63.021270751953125,69.62808990478516,9.989999771118164,10.95950002670288,-0.9573476092956643
2017-05-26,63.278709411621094,70.02552032470703,9.8100004196167,10.909000062942505,-0.9956278931282592
2017-05-30,63.94175720214844,71.70831298828125,10.380000114440918,10.922500085830688,-1.2436416017678302
2017-05-31,64.34738159179688,72.5201187133789,10.40999984741211,10.9135000705719,-1.3460291114187222
2017-06-01,63.56732940673828,69.51814270019531,9.890000343322754,10.874000072479248,-0.8225370109634208
2017-06-02,63.67653274536133,68.41886901855469,9.75,10.8385000705719,-0.5513844928615291
2017-06-05,63.879337310791016,66.59233856201172,10.069999694824219,10.8135000705719,-0.09654569160277096
2017-06-06,64.13675689697266,67.73392486572266,10.449999809265137,10.847500038146972,-0.30351043831820657
2017-06-07,64.65940856933594,68.7374038696289,10.390000343322754,10.869000053405761,-0.4257947678945244
2017-06-08,65.79051971435547,70.10652160644531,10.15999984741211,10.866500043869019,-0.5085138640562552
2017-06-09,63.107112884521484,66.84099578857422,10.699999809265137,10.871500015258789,-0.30831165136257027
2017-06-12,63.22409439086914,67.81045532226562,11.460000038146973,10.924500036239625,-0.5045214310631977
2017-06-13,63.17727279663086,69.07752227783203,10.420000076293945,10.924500036239625,-0.8011546269591283
2017-06-14,62.52985763549805,68.8309326171875,10.640000343322754,10.924000072479249,-0.8755445778640506
2017-06-15,62.46743392944336,67.81895446777344,10.899999618530273,10.689500045776366,-0.6587177705413465
2017-06-16,62.171016693115234,68.06558990478516,10.380000114440918,10.475500059127807,-0.7742743475531199
2017-06-19,63.51271438598633,68.3462142944336,10.369999885559082,10.39200005531311,-0.5678822607642635
2017-06-20,62.06959915161133,67.35122680664062,10.859999656677246,10.388500022888184,-0.6327561592208812
2017-06-21,62.14760208129883,68.0145492553711,10.75,10.390000009536744,-0.7674167104021941
2017-06-22,61.66395950317383,69.15408325195312,10.479999542236328,10.412999963760376,-1.1230470689047611
2017-06-23,62.07740783691406,69.34967803955078,10.020000457763672,10.414499998092651,-1.0841812333063505
2017-06-26,61.08670425415039,68.51628875732422,9.899999618530273,10.41899995803833,-1.094642212509952
2017-06-27,60.025848388671875,66.44981384277344,11.0600004196167,10.45299997329712,-0.8397124094063634
2017-06-28,60.8917121887207,67.35122680664062,10.029999732971191,10.433999967575073,-0.8697932829415626
2017-06-29,59.98683166503906,66.10967254638672,11.4399995803833,10.511499929428101,-0.7704629945325829
2017-06-30,60.01023864746094,66.16070556640625,11.180000305175781,10.58299994468689,-0.7773204376336964
2017-07-03,59.6046028137207,64.72351837158203,11.220000267028809,10.64049997329712,-0.5331776514328984
2017-07-05,59.99464416503906,66.10967254638672,11.069999694824219,10.671499967575073,-0.7688908126616475
2017-07-06,59.95563507080078,65.76100158691406,12.539999961853027,10.778999948501587,-0.6977064115092987
2017-07-07,61.21935272216797,66.73047637939453,11.1899995803833,10.830499935150147,-0.6631512944001723
2017-07-10,61.45333480834961,66.9515609741211,11.109999656677246,10.850999927520752,-0.666178987997776
2017-07-11,61.65618133544922,67.91249084472656,10.890000343322754,10.82249994277954,-0.8431759018450579
2017-07-12,62.81067657470703,68.3462142944336,10.300000190734863,10.816499948501587,-0.7091598440736385
2017-07-13,62.82627868652344,68.26116943359375,9.899999618530273,10.779499912261963,-0.6867426465474252
2017-07-14,63.96515655517578,69.34967803955078,9.510000228881836,10.709999942779541,-0.7042920414045712
2017-07-17,63.699974060058594,68.95848083496094,9.819999694824219,10.681999921798706,-0.6689830278977804
2017-07-18,64.08995056152344,69.00099182128906,9.890000343322754,10.657999944686889,-0.6001405635464205
2017-07-19,64.08995056152344,68.3462142944336,9.789999961853027,10.604499959945679,-0.45171966870953845
2017-07-20,64.50340270996094,68.75437927246094,9.579999923706055,10.54599995613098,-0.4610371532987946
2017-07-21,63.73114013671875,67.14713287353516,9.359999656677246,10.489999961853027,-0.2521261059562273
2017-07-24,63.1226921081543,66.96855926513672,9.430000305175781,10.460499954223632,-0.3340917946108901
2017-07-25,63.48932647705078,67.62333679199219,9.430000305175781,10.436999988555907,-0.40873145321853677
2017-07-26,64.37859344482422,68.64384460449219,9.600000381469727,10.36399998664856,-0.46109836925499403
2017-07-27,63.54666519165039,67.64885711669922,10.109999656677246,10.367999982833862,-0.4029774399872944
2017-07-28,63.34261703491211,67.38525390625,10.289999961853027,10.310500001907348,-0.3842880087953886
2017-07-31,63.86845397949219,67.1896743774414,10.260000228881836,10.264499998092651,-0.2341362105260427
2017-08-01,64.12744140625,67.13863372802734,10.09000015258789,10.207999992370606,-0.1704481906088331
2017-08-02,63.81350326538086,67.028076171875,10.279999732971191,10.168499994277955,-0.20856437709521947
2017-08-03,63.852760314941406,66.27973175048828,10.4399995803833,10.063499975204468,-0.031034260543321607
2017-08-04,63.90771484375,66.14366912841797,10.029999732971191,10.005499982833863,0.010866577635327616
2017-08-07,64.48846435546875,67.07061004638672,9.930000305175781,9.946500015258788,-0.08237700761754424
2017-08-08,64.7082290649414,67.1556396484375,10.960000038146973,9.95,-0.05742569684676702
2017-08-09,64.57479095458984,66.31377410888672,11.109999656677246,9.99049997329712,0.10655015519970468
2017-08-10,63.06793212890625,65.33580017089844,16.040000915527344,10.297500038146973,0.024992016769310094
2017-08-11,63.48390197753906,66.36478424072266,15.510000228881836,10.597500038146972,-0.12454221576184986
2017-08-14,64.39429473876953,67.94651794433594,12.329999923706055,10.723000049591064,-0.2998729846018488
2017-08-15,64.3157958984375,67.99754333496094,12.039999961853027,10.830500030517578,-0.32723615266507716
2017-08-16,64.71605682373047,68.08258056640625,11.739999771118164,10.928000020980836,-0.26596364285747526
2017-08-17,62.90311813354492,65.95658874511719,15.550000190734863,11.226500034332275,-0.14889152348584866
2017-08-18,62.761863708496094,66.10967254638672,14.260000228881836,11.471500062942505,-0.21201754557411673
2017-08-21,62.699066162109375,66.07566833496094,13.1899995803833,11.659500026702881,-0.21694701553831772
2017-08-22,63.37403869628906,67.32574462890625,11.350000381469727,11.755500030517577,-0.3644755436623412
2017-08-23,63.48390197753906,67.24069213867188,12.25,11.888000011444092,-0.3230875669327238
2017-08-24,63.76644515991211,67.4107666015625,12.229999542236328,11.994000005722047,-0.3047802012945513
2017-08-25,63.55451583862305,67.1556396484375,11.279999732971191,12.043499994277955,-0.2895981152373127
2017-08-28,63.38187026977539,67.55533599853516,11.319999694824219,12.096499967575074,-0.4149418662824143
2017-08-29,63.59375762939453,67.64885711669922,11.699999809265137,12.176999950408936,-0.39350059174671936
2017-08-30,64.59834289550781,71.19503021240234,11.220000267028809,12.223999977111816,-0.9951630246537571
2017-08-31,64.99860382080078,71.15251159667969,10.59000015258789,12.231500005722046,-0.9049769492427852
2017-09-01,64.77881622314453,71.75630950927734,10.130000114440918,12.236500024795532,-1.0860720001778068
2017-09-05,64.23731994628906,70.58273315429688,12.229999542236328,12.351499986648559,-0.9290233362760689
2017-09-06,64.40998840332031,70.16606140136719,11.630000114440918,12.384999990463257,-0.7998271005603639
2017-09-07,64.35503387451172,69.3451919555664,11.550000190734863,12.407000017166137,-0.6248165329770906
2017-09-08,63.86845397949219,68.78086853027344,12.119999885559082,12.210999965667725,-0.5948181984322546
2017-09-11,64.52770233154297,70.3028793334961,10.729999542236328,11.97199993133545,-0.8071514718406421
2017-09-12,65.05352020263672,70.24298095703125,10.579999923706055,11.88449993133545,-0.6877588711194301
2017-09-13,64.90440368652344,70.16604614257812,10.5,11.807499933242799,-0.7003278664374543
2017-09-14,65.36747741699219,70.40543365478516,10.4399995803833,11.742499923706054,-0.6614021140317604
2017-09-15,66.58390808105469,71.68802642822266,10.170000076293945,11.47349991798401,-0.7073386314375419
2017-09-18,67.60419464111328,72.82524108886719,10.149999618530273,11.26799988746643,-0.7597936411473399
2017-09-19,68.1300048828125,72.88511657714844,10.180000305175781,11.117499923706054,-0.6675521700184506
2017-09-20,67.36090087890625,71.5597915649414,9.779999732971191,11.038999891281128,-0.5219096798868242
2017-09-21,67.53357696533203,72.03004455566406,9.670000076293945,10.909999895095826,-0.59375449002974
2017-09-22,69.27584075927734,72.61151123046875,9.59000015258789,10.777999925613404,-0.37494582661024684
2017-09-25,68.67154693603516,71.72224426269531,10.210000038146973,10.724499940872192,-0.29497997821393546
2017-09-26,68.82852172851562,71.74791717529297,10.170000076293945,10.666999959945679,-0.26920986013319315
2017-09-27,69.69966125488281,72.61151123046875,9.869999885559082,10.575499963760375,-0.2896564954458586
2017-09-28,70.35891723632812,73.2271499633789,9.550000190734863,10.491999959945678,-0.2965374533493234
2017-09-29,70.35105895996094,73.68032836914062,9.510000228881836,10.437999963760376,-0.4008425079252703
2017-10-02,70.35891723632812,73.38105010986328,9.449999809265137,10.403999948501587,-0.3314225807702875
2017-10-03,70.58648681640625,73.44945526123047,9.510000228881836,10.267999982833862,-0.30113229644229345
2017-10-04,71.01813507080078,74.3900146484375,9.630000114440918,10.167999982833862,-0.42746786114219426
2017-10-05,71.52828216552734,75.15103912353516,9.1899995803833,10.049999952316284,-0.4973105192165637
2017-10-06,71.69308471679688,75.13394927978516,9.649999618530273,9.926499938964843,-0.4602719531185612
2017-10-09,71.87361145019531,74.99713134765625,10.329999923706055,9.90649995803833,-0.39292984598209213
2017-10-10,72.50144958496094,75.23654174804688,10.079999923706055,9.88149995803833,-0.3208522117227997
2017-10-11,72.885986328125,75.73245239257812,9.850000381469727,9.848999977111816,-0.3558782532407672
2017-10-12,72.68981170654297,75.95478057861328,9.90999984741211,9.822499990463257,-0.44575226231055703
2017-10-13,73.45105743408203,76.15144348144531,9.609999656677246,9.794499969482422,-0.3371380434931484
2017-10-16,73.95338439941406,75.95478057861328,9.90999984741211,9.782499980926513,-0.19147180402691122
2017-10-17,73.98474884033203,76.0488510131836,10.3100004196167,9.788999986648559,-0.20648334720456518
2017-10-18,73.32553100585938,76.10013580322266,10.069999694824219,9.803499984741212,-0.3507687862736777
2017-10-19,73.3412094116211,75.92913818359375,10.050000190734863,9.822499990463257,-0.30885299896606067
2017-10-20,74.69895935058594,76.04027557373047,9.970000267028809,9.841499996185302,-0.06081231147747896
2017-10-23,75.5073013305664,75.90347290039062,11.069999694824219,9.884499979019164,0.13286742476020522
2017-10-24,75.68781280517578,77.20317840576172,11.15999984741211,9.933999967575073,-0.12541573150547092
2017-10-25,75.20121002197266,76.8354721069336,11.229999542236328,10.001999950408935,-0.13998994955975808
2017-10-26,75.460205078125,77.43403625488281,11.300000190734863,10.089499950408936,-0.22354876701630977
2017-10-27,76.51972198486328,77.98982238769531,9.800000190734863,10.103999948501587,-0.13631448980721478
2017-10-30,75.87203979492188,78.0838394165039,10.5,10.15649995803833,-0.28796478202644676
2017-10-31,76.36964416503906,78.06678771972656,10.180000305175781,10.189999961853028,-0.1839620646123533
2017-11-01,76.1010971069336,77.80168914794922,10.199999809265137,10.218499946594239,-0.1779133866592059
2017-11-02,76.44863891601562,77.63068389892578,9.930000305175781,10.255499982833863,-0.06921191779804618
2017-11-03,77.38854217529297,78.50287628173828,9.140000343322754,10.230000019073486,-0.0777696044432841
2017-11-06,77.83084106445312,78.90475463867188,9.399999618530273,10.183500003814697,-0.07985697956888296
2017-11-07,77.72027587890625,78.57979583740234,9.890000343322754,10.174000024795532,-0.028447399124803138
2017-11-08,77.75187683105469,78.6653060913086,9.779999732971191,10.170499992370605,-0.041470978473452984
2017-11-09,76.65399932861328,76.69867706298828,10.5,10.2,0.1833761729739859
2017-11-10,76.56710052490234,76.6046371459961,11.289999961853027,10.284000015258789,0.1872051034621311
2017-11-13,76.63819122314453,76.98085021972656,11.5,10.363500022888184,0.11623370613006205
2017-11-14,76.58289337158203,77.33143615722656,11.59000015258789,10.427500009536743,0.0256369678532931
2017-11-15,76.43281555175781,76.2369613647461,13.130000114440918,10.580500030517578,0.24352415011722744
2017-11-16,77.6570816040039,77.36565399169922,11.760000228881836,10.666000032424927,0.23404954800492053
2017-11-17,77.19898986816406,77.31432342529297,11.430000305175781,10.739000034332275,0.15349879049056442
2017-11-20,77.62549591064453,79.58023071289062,10.649999618530273,10.718000030517578,-0.2742932031035678
2017-11-21,78.34424591064453,77.11766815185547,9.729999542236328,10.64650001525879,0.4285458848150498
2017-11-22,77.467529296875,75.8008804321289,9.880000114440918,10.57900004386902,0.5505973105464749
2017-11-24,78.43111419677734,76.22840881347656,9.670000076293945,10.497500038146972,0.6475989687220084
2017-11-27,77.9019546508789,74.7748031616211,9.869999885559082,10.501000022888183,0.8706055657504389
2017-11-28,78.57331848144531,74.44988250732422,10.029999732971191,10.477500009536744,1.0793613310830963
2017-11-29,76.51972198486328,73.24424743652344,10.699999809265137,10.503499984741211,0.939382906453443
2017-11-30,76.84355163574219,74.01787567138672,11.279999732971191,10.557499980926513,0.8291889183993888
2017-12-01,76.75666809082031,73.40755462646484,11.430000305175781,10.632499980926514,0.95004831260387
2017-12-04,75.80096435546875,72.88322448730469,11.680000305175781,10.759499979019164,0.8765750743276591
2017-12-05,76.53551483154297,72.91763305664062,11.329999923706055,10.855999994277955,1.0165959625159837
2017-12-06,76.63031005859375,73.41617584228516,11.020000457763672,10.9125,0.9226659096933556
2017-12-07,77.2305679321289,74.01787567138672,10.15999984741211,10.931500005722047,0.9070717990311672
2017-12-08,77.42012023925781,73.51072692871094,9.579999923706055,10.88550000190735,1.0601744895353773
2017-12-11,78.0599136352539,73.75141906738281,9.34000015258789,10.788000011444092,1.1343674554938716
2017-12-12,77.74395751953125,73.4763412475586,9.920000076293945,10.70900001525879,1.1331376026936122
2017-12-13,78.08361053466797,73.21846008300781,10.180000305175781,10.638500022888184,1.2599440282123238
2017-12-14,79.18148803710938,73.44194793701172,10.489999771118164,10.506500005722046,1.4302212698721652
2017-12-15,79.94762420654297,74.51644134521484,9.420000076293945,10.389499998092651,1.3408384818366859
2017-12-18,81.56678771972656,75.71981811523438,9.529999732971191,10.294499969482422,1.393903823471761
2017-12-19,82.22238159179688,75.59947967529297,10.029999732971191,10.263499975204468,1.5531126305686744
2017-12-20,82.77525329589844,76.20118713378906,9.720000267028809,10.263000011444092,1.5279808319286945
2017-12-21,82.19868469238281,76.20118713378906,9.619999885559082,10.25,1.4119525815865737
2017-12-22,82.24605560302734,76.37310791015625,9.899999618530273,10.261499977111816,1.38251553785999
2017-12-26,82.2618637084961,76.1839828491211,10.25,10.280499982833863,1.4285664414466208
2017-12-27,82.56198120117188,76.58797454833984,10.470000267028809,10.302500009536743,1.3973875452600897
2017-12-28,82.79103088378906,76.82868194580078,10.180000305175781,10.276500034332276,1.3889192835200384
2017-12-29,82.49090576171875,76.52781677246094,11.039999961853027,10.264500045776368,1.3967205652854044
2018-01-02,83.38343048095703,77.60228729248047,9.770000457763672,10.181500053405761,1.3327773060981236
2018-01-03,85.64237976074219,78.56501770019531,9.149999618530273,10.055000019073486,1.569140894191108
2018-01-04,85.53179168701172,78.47906494140625,9.220000267028809,9.949500036239623,1.5663694663573602
2018-01-05,86.18736267089844,78.7970962524414,9.220000267028809,9.85950002670288,1.626206740457165
2018-01-08,86.59808349609375,78.93462371826172,9.520000457763672,9.827500057220458,1.6776860333248058
2018-01-09,87.19046783447266,78.77130126953125,10.079999923706055,9.852500057220459,1.8339179470104918
2018-01-10,86.64546966552734,77.4561538696289,9.819999694824219,9.876500034332276,2.022352336079117
2018-01-11,87.41161346435547,78.38450622558594,9.880000114440918,9.874500036239624,1.9660974276045722
2018-01-12,89.03080749511719,79.0979232788086,10.15999984741211,9.87350001335144,2.130229929957118
2018-01-16,89.18876647949219,80.02627563476562,11.65999984741211,9.932000017166137,1.9515843476315105
2018-01-17,94.11737060546875,82.14944458007812,11.90999984741211,10.056500005722047,2.462146367616824
2018-01-18,91.9453125,83.58492279052734,12.220000267028809,10.191000032424927,1.699657692312741
2018-01-19,92.27701568603516,82.639404296875,11.270000457763672,10.253000068664551,1.9807336502609867
2018-01-22,94.3385238647461,83.07776641845703,11.029999732971191,10.31850004196167,2.296224873174494
2018-01-23,94.69393920898438,82.92302703857422,11.100000381469727,10.392500066757203,2.4028237605898752
2018-01-24,86.64546966552734,81.95173645019531,11.470000267028809,10.47100009918213,1.0033216545816375
2018-01-25,87.00090026855469,79.0635757446289,11.579999923706055,10.537500095367431,1.7295185475619512
2018-01-26,89.79695129394531,80.6623764038086,11.079999923706055,10.568000078201294,1.9297876578734594
2018-01-29,88.97549438476562,80.61080169677734,13.84000015258789,10.7510000705719,1.7761688949656522
2018-01-30,87.27587890625,78.6939468383789,14.789999961853027,10.9385000705719,1.8686402305996275
2018-01-31,87.10115814208984,78.97761535644531,13.539999961853027,11.127000045776366,1.7691793356208303
2018-02-01,87.4267807006836,78.77992248535156,13.470000267028809,11.343000078201294,1.8795191743898074
2018-02-02,85.50480651855469,76.59660339355469,17.309999465942383,11.747500038146972,1.9876436588324882
2018-02-05,82.76475524902344,73.40755462646484,37.31999969482422,13.152500009536743,2.159111443372108
2018-02-06,84.08317565917969,76.10662841796875,29.979999542236328,14.175499963760377,1.812620167155087
2018-02-07,80.99366760253906,73.36458587646484,27.729999542236328,15.05799994468689,1.8124389303358748
2018-02-08,77.56271362304688,71.06953430175781,33.459999084472656,16.23999991416931,1.6422242314764264
2018-02-09,79.81031036376953,72.14401245117188,29.059999465942383,17.198999881744385,1.8509729601521339
2018-02-12,80.9619140625,73.10670471191406,25.610000610351562,17.971499919891357,1.864503768296965
2018-02-13,80.199462890625,72.49642181396484,24.969999313354492,18.636999893188477,1.8494037730952066
2018-02-14,81.54964447021484,73.17549133300781,19.260000228881836,19.004499912261963,1.9671860888918224
2018-02-15,83.05068969726562,73.40755462646484,19.1299991607666,19.349999856948852,2.2166526857148012
2018-02-16,82.97126770019531,74.00067901611328,19.459999084472656,19.7594997882843,2.06622411486183
2018-02-20,83.62250518798828,75.99488067626953,20.600000381469727,20.237999820709227,1.7452454560910127
2018-02-21,82.32794952392578,75.99488067626953,20.020000457763672,20.683999824523926,1.4847300070086669
2018-02-22,82.5423812866211,76.12382507324219,18.719999313354492,21.04649977684021,1.4986537869994658
2018-02-23,85.01237487792969,77.67964935302734,16.489999771118164,21.291999769210815,1.6430489524287084
2018-02-26,87.06940460205078,79.39018249511719,15.800000190734863,21.527999782562254,1.6692711246838288
2018-02-27,86.04484558105469,79.30424499511719,18.59000015258789,21.765499782562255,1.4825693831895925
2018-02-28,86.05279541015625,77.49053192138672,19.850000381469727,22.01849980354309,1.8952903931383895
2018-03-01,84.60733032226562,75.90892791748047,22.469999313354492,22.464999771118165,1.9629141929693408
2018-03-02,85.94956970214844,76.95762634277344,19.59000015258789,22.77099976539612,1.995313046103874
2018-03-05,86.57698822021484,78.3415298461914,18.729999542236328,22.841999769210815,1.8078796630595262
2018-03-06,87.1170425415039,79.02058410644531,18.360000610351562,21.893999814987183,1.762636011876145
2018-03-07,86.21959686279297,79.71682739257812,17.760000228881836,21.28299984931946,1.424214595028813
2018-03-08,86.95820617675781,80.11430358886719,16.540000915527344,20.723499917984007,1.4827543706716866
2018-03-09,88.57838439941406,81.8510513305664,14.640000343322754,19.782499980926513,1.4151226992372008
2018-03-12,88.65782165527344,82.54228210449219,15.779999732971191,19.118499994277954,1.2744247053510045
2018-03-13,87.83184051513672,81.79055786132812,16.350000381469727,18.655499982833863,1.2786010289963379
2018-03-14,87.33941650390625,81.29801940917969,17.229999542236328,18.268499994277953,1.2911515268407932
2018-03-15,87.13291931152344,81.16844177246094,16.59000015258789,18.134999990463257,1.2789680329073985
2018-03-16,87.33941650390625,81.34989166259766,15.800000190734863,17.96850004196167,1.2793934472584454
2018-03-19,85.66365051269531,80.78824615478516,19.020000457763672,17.94650011062622,1.0694738149697174
2018-03-20,86.93437194824219,80.10564422607422,18.200000762939453,17.826500129699706,1.4799208381653701
2018-03-21,86.2831039428711,80.18343353271484,17.860000610351562,17.7185001373291,1.3312273381019417
2018-03-22,82.5185775756836,78.23066711425781,23.34000015258789,17.949500179290773,1.016297703251358
2018-03-23,80.50128173828125,75.77678680419922,24.8700008392334,18.368500232696533,1.1665688596094679
2018-03-26,84.6629409790039,80.45128631591797,21.030000686645508,18.630000257492064,0.9444717086754613
2018-03-27,81.45431518554688,78.67134094238281,22.5,18.82550024986267,0.7022371058185503
2018-03-28,80.93806457519531,77.68633270263672,22.8700008392334,18.976500272750854,0.8216227426333742
2018-03-29,82.51061248779297,78.74047088623047,19.969999313354492,18.851500272750854,0.8991356683917179
2018-04-02,79.93737030029297,76.68404388427734,23.6200008392334,19.05300030708313,0.8474363394613673
2018-04-03,81.15251922607422,77.34935760498047,21.100000381469727,19.1715003490448,0.9411628600589702
2018-04-04,82.76475524902344,78.83551025390625,20.059999465942383,19.25650029182434,0.9287362421511796
2018-04-05,81.20016479492188,78.5763168334961,18.940000534057617,19.31550030708313,0.672631537957886
2018-04-06,78.99226379394531,76.30386352539062,21.489999771118164,19.56300024986267,0.7434207048255572
2018-04-09,79.27023315429688,76.02734375,21.770000457763672,19.919500255584715,0.8620388404090397
2018-04-10,81.29547882080078,77.79000854492188,20.469999313354492,20.15400023460388,0.8700479331831552
2018-04-11,81.27957153320312,78.455322265625,20.239999771118164,20.348500204086303,0.7160375884013404
2018-04-12,82.78860473632812,80.37352752685547,18.489999771118164,20.411500215530396,0.5849075120762961
2018-04-13,81.13662719726562,80.16614532470703,17.40999984741211,20.452500200271608,0.29947284935665
2018-04-16,82.20088195800781,80.47720336914062,16.559999465942383,20.49050016403198,0.4431340089216329
2018-04-17,83.70195007324219,82.23125457763672,15.25,20.3020001411438,0.347610463123913
2018-04-18,83.67015838623047,81.71277618408203,15.600000381469727,20.172000122070312,0.45873818248223514
2018-04-19,80.44566345214844,77.63448333740234,15.960000038146973,20.077000093460082,0.7342851868477449
2018-04-20,79.38936614990234,77.55674743652344,16.8799991607666,19.75400004386902,0.539337369056
2018-04-23,77.90419006347656,76.03601837158203,16.34000015258789,19.32750000953674,0.585171003839624
2018-04-24,78.16626739501953,75.73358917236328,18.020000457763672,19.17699999809265,0.7064640259445188
2018-04-25,81.80377197265625,75.83726501464844,17.84000015258789,18.944000005722046,1.4149722315407092
2018-04-26,81.58139038085938,76.64083099365234,16.239999771118164,18.612499952316284,1.1880729850399891
2018-04-27,81.41461181640625,75.7594985961914,15.40999984741211,18.384499979019164,1.3542855298580698
2018-04-30,80.55686950683594,75.47437286376953,15.930000305175781,17.999999952316283,1.2463046120711687
2018-05-01,82.12145233154297,76.77909088134766,15.489999771118164,17.719499921798707,1.2654147719755322
2018-05-02,81.77198028564453,76.29521179199219,15.970000267028809,17.51499996185303,1.3047699698564938
2018-05-03,82.2802963256836,75.95823669433594,15.899999618530273,17.36299991607666,1.4834465415035933
2018-05-04,83.6465835571289,77.99736785888672,14.770000457763672,17.026999950408936,1.2961796374962364
2018-05-07,83.50273895263672,78.19612121582031,14.75,16.675999927520753,1.2221802789056209
2018-05-08,84.26178741455078,78.99105072021484,14.710000038146973,16.387999963760375,1.1947409715895547
2018-05-09,85.92369079589844,80.02789306640625,13.420000076293945,16.046999979019166,1.2941562402799538
2018-05-10,87.8652572631836,80.65001678466797,13.229999542236328,15.783999967575074,1.5438565444954546
2018-05-11,87.28998565673828,80.0105972290039,12.649999618530273,15.54599995613098,1.5730289464154557
2018-05-14,88.40057373046875,81.10794067382812,12.930000305175781,15.36449999809265,1.547783907320039
2018-05-15,87.2580337524414,80.84009552001953,14.630000114440918,15.333500003814697,1.3785734579194495
2018-05-16,89.00780487060547,81.8855972290039,13.420000076293945,15.224499988555909,1.4937083161891738
2018-05-17,88.15291595458984,82.11888885498047,13.430000305175781,15.098000001907348,1.2687899927886586
2018-05-18,88.32067108154297,81.98064422607422,13.420000076293945,14.925000047683715,1.3338853457928384
2018-05-21,88.2168197631836,82.3435287475586,13.079999923706055,14.762000036239623,1.2307299763632054
2018-05-22,88.57637023925781,82.69779205322266,13.220000267028809,14.52200002670288,1.2227834537037685
2018-05-23,88.74415588378906,81.5572738647461,12.579999923706055,14.259000015258788,1.5150740809648728
2018-05-24,88.48847198486328,82.11888885498047,12.529999732971191,14.07350001335144,1.336317046545965
2018-05-25,89.1356430053711,82.47315216064453,13.220000267028809,13.964000034332276,1.3862510750119132
2018-05-29,88.64027404785156,81.5572738647461,17.020000457763672,14.01850004196167,1.4941689751497784
2018-05-30,89.36737060546875,82.0670394897461,14.9399995803833,13.991000032424926,1.524938863123674
2018-05-31,89.4153060913086,83.96795654296875,15.430000305175781,13.964000034332276,1.1036973183222392
2018-06-01,91.72439575195312,85.02210235595703,13.460000038146973,13.842000055313111,1.329429645380609
2018-06-04,92.47544860839844,86.38727569580078,12.739999771118164,13.740500020980836,1.171121984424055
2018-06-05,94.00950622558594,86.95753479003906,12.399999618530273,13.623000001907348,1.3505718514629657
2018-06-06,94.36904907226562,88.21904754638672,11.640000343322754,13.469500017166137,1.1369741341763857
2018-06-07,93.67394256591797,88.51419830322266,12.130000114440918,13.405000019073487,0.9301884649626809
2018-06-08,92.47544860839844,87.73287963867188,12.180000305175781,13.352500057220459,0.8661088569025781
2018-06-11,92.10789489746094,88.01937103271484,12.350000381469727,13.337500095367432,0.7272025266959061
2018-06-12,92.21178436279297,88.56629180908203,12.34000015258789,13.308000087738037,0.6241365699716005
2018-06-13,91.085205078125,87.72420501708984,12.9399995803833,13.223500061035157,0.5883035598034547
2018-06-14,91.66047668457031,88.28851318359375,12.119999885559082,13.158500051498413,0.5761569401291116
2018-06-15,92.59530639648438,88.1148681640625,11.979999542236328,13.086000013351441,0.8036421701536849
2018-06-18,91.39680480957031,87.75892639160156,12.3100004196167,13.030500030517578,0.6431392401567116
2018-06-19,90.81355285644531,86.86477661132812,13.350000381469727,13.044000053405762,0.7284463448840569
2018-06-20,91.27696228027344,87.68079376220703,12.789999961853027,13.022500038146973,0.636732834089541
2018-06-21,89.57510375976562,86.08346557617188,14.640000343322754,13.125500059127807,0.6563244640241811
2018-06-22,89.79084014892578,86.02265167236328,13.770000457763672,13.187500095367431,0.7135240167816451
2018-06-25,88.0410385131836,85.20665740966797,17.329999923706055,13.393000078201293,0.5463596975712193
2018-06-26,89.09571075439453,85.69280242919922,15.920000076293945,13.338000059127808,0.6484048519334845
2018-06-27,86.91445922851562,83.77422332763672,17.90999984741211,13.486500072479249,0.6443429371343612
2018-06-28,87.17012023925781,83.2967529296875,16.850000381469727,13.557500076293945,0.8040219930390147
2018-06-29,88.08897399902344,83.27070617675781,16.09000015258789,13.68900008201599,0.9948355774559022
2018-07-02,88.08098602294922,83.60928344726562,15.600000381469727,13.832000112533569,0.9164814943335683
2018-07-03,87.01832580566406,82.04667663574219,16.139999389648438,14.019000101089478,1.0568345051645278
2018-07-05,89.09571075439453,83.68743133544922,14.970000267028809,14.18550009727478,1.1029698912129866
2018-07-06,90.05449676513672,84.38190460205078,13.369999885559082,14.247500085830689,1.1384964191104328
2018-07-09,89.55912017822266,84.36457824707031,12.6899995803833,14.273000049591065,1.0427346220066342
2018-07-10,90.86944580078125,85.54519653320312,12.640000343322754,14.287500047683716,1.0388084005482994
2018-07-11,89.29546356201172,83.53118133544922,13.630000114440918,14.352000045776368,1.1785857798837016
2018-07-12,92.55533599853516,85.42369842529297,12.579999923706055,14.334000062942504,1.4056161641944607
2018-07-13,91.99605560302734,85.18058013916016,12.180000305175781,14.33700008392334,1.3481755204505064
2018-07-16,91.53263092041016,84.76388549804688,12.829999923706055,14.379500102996825,1.349370019212373
2018-07-17,92.52339172363281,85.3021469116211,12.0600004196167,14.367000102996826,1.4267402619835274
2018-07-18,92.42749786376953,86.02265167236328,12.100000381469727,14.304500102996826,1.2441231155514827
2018-07-19,91.55660247802734,85.3021469116211,12.869999885559082,14.30850009918213,1.2321842907891276
2018-07-20,91.88420104980469,84.91148376464844,12.859999656677246,14.219500064849854,1.3866630822299966
2018-07-23,91.62054443359375,84.89410400390625,12.619999885559082,14.162000036239624,1.3375445507572605
2018-07-24,90.9253921508789,84.59894561767578,12.40999984741211,13.916000032424927,1.2645572723533343
2018-07-25,90.46197509765625,83.81764221191406,12.289999961853027,13.73450002670288,1.3484005521087863
2018-07-26,90.52589416503906,84.81598663330078,12.140000343322754,13.446000051498412,1.1349650788432382
2018-07-27,89.96658325195312,84.19093322753906,13.029999732971191,13.255000019073487,1.1640929697414917
2018-07-30,89.10694122314453,82.74115753173828,14.260000228881836,13.163500022888183,1.31972535942533
2018-07-31,89.43635559082031,83.46170806884766,12.829999923706055,13.025,1.222686557958022
2018-08-01,89.17928314208984,83.37492370605469,13.149999618530273,12.875500011444093,1.1906252228644225
2018-08-02,90.15140533447266,83.50511169433594,12.1899995803833,12.736499977111816,1.3567441894557735
2018-08-03,90.65753936767578,83.8263168334961,11.640000343322754,12.65,1.3857894556650294
2018-08-06,90.87445831298828,84.53820037841797,11.270000457763672,12.57900004386902,1.2680767363073602
2018-08-07,93.00353240966797,85.58861541748047,10.930000305175781,12.49350004196167,1.4584285295936552
2018-08-08,93.32490539550781,85.50180053710938,10.850000381469727,12.35450005531311,1.5427800545060155
2018-08-09,91.86268615722656,84.85072326660156,11.270000457763672,12.289000082015992,1.396106252309108
2018-08-10,88.44815826416016,82.41995239257812,13.15999984741211,12.338000059127808,1.2599611333784972
2018-08-13,88.32765197753906,82.58491516113281,14.779999732971191,12.435500049591065,1.198317801341488
2018-08-14,88.64899444580078,82.34184265136719,13.3100004196167,12.498000049591065,1.3180826918938668
2018-08-15,88.05447387695312,81.39558410644531,14.640000343322754,12.625000047683717,1.4129337989886124
2018-08-16,87.89380645751953,81.82963562011719,13.449999809265137,12.654000043869019,1.2822131074284513
2018-08-17,88.08661651611328,82.1074447631836,12.640000343322754,12.643000078201293,1.2580420170669337
2018-08-20,87.59652709960938,81.37821197509766,12.489999771118164,12.636500072479247,1.3247147260958372
2018-08-21,89.5890121459961,83.27070617675781,12.859999656677246,12.659000062942505,1.2967021733447945
2018-08-22,90.13533020019531,85.0069580078125,12.25,12.657000064849854,1.0130800652866763
2018-08-23,90.30403137207031,84.54685974121094,12.40999984741211,12.670500040054321,1.1513215792540763
2018-08-24,91.30027770996094,85.75358581542969,11.989999771118164,12.61850004196167,1.078272317925869
2018-08-27,92.59378814697266,86.87345886230469,12.15999984741211,12.513500022888184,1.084731573436036
2018-08-28,92.40899658203125,87.17729187011719,12.5,12.497000026702882,0.9786732767205293
2018-08-29,92.7705307006836,86.96026611328125,12.25,12.452000045776368,1.1006221901842073
2018-08-30,90.44866943359375,85.98326873779297,13.529999732971191,12.519000053405762,0.8548321865610443
2018-08-31,90.30403137207031,86.2275161743164,12.859999656677246,12.580000019073486,0.7703608384161653
2018-09-04,90.41651916503906,85.5820083618164,13.15999984741211,12.674499988555908,0.9393174944995031
2018-09-05,89.28369140625,85.37267303466797,13.90999984741211,12.823499965667725,0.7587988817240442
2018-09-06,89.09088134765625,84.6922607421875,14.649999618530273,13.013499927520751,0.8742295484292236
2018-09-07,87.1385726928711,81.96195220947266,14.880000114440918,13.193999910354615,1.1002377077774659
2018-09-10,87.02610778808594,82.5114974975586,14.15999984741211,13.243999910354614,0.9530378455154983
2018-09-11,85.20235443115234,81.34259796142578,13.220000267028809,13.165999937057496,0.8509859063239105
2018-09-12,83.98918914794922,79.39737701416016,13.140000343322754,13.157499933242798,1.0477799772558893
2018-09-13,84.93721008300781,80.60111236572266,12.369999885559082,13.043999910354614,0.9657037890083618
2018-09-14,84.64798736572266,80.71455383300781,12.069999694824219,12.974999904632568,0.881786611961583
2018-09-17,83.31431579589844,79.65033721923828,13.680000305175781,13.026999902725219,0.8546295051377394
2018-09-18,84.28645324707031,80.13011169433594,12.789999961853027,13.041999912261963,0.9415094531862127
2018-09-19,86.26285552978516,80.75813293457031,11.75,12.986499929428101,1.1968832782208239
2018-09-20,87.16268157958984,82.95638275146484,11.800000190734863,12.963999938964843,0.8796780362625887
2018-09-21,88.41602325439453,82.48533630371094,11.680000305175781,12.927499961853027,1.2386734891026612
2018-09-24,88.21515655517578,82.86912536621094,12.199999809265137,12.937999963760376,1.111256303070598
2018-09-25,86.407470703125,80.74072265625,12.420000076293945,12.950999975204468,1.229931985043874
2018-09-26,85.33893585205078,80.53134155273438,12.890000343322754,12.970499992370605,1.0623620069946371
2018-09-27,86.19860076904297,80.40924072265625,12.40999984741211,12.97849998474121,1.2630374117624137
2018-09-28,86.19860076904297,80.65348815917969,12.119999885559082,12.907999992370605,1.2076729229038565
2018-10-01,86.56010437011719,80.5924301147461,12.0,12.865000009536743,1.294261904636164
2018-10-02,87.1385726928711,80.50518798828125,12.050000190734863,12.809500026702882,1.4304479553923108
2018-10-03,86.91363525390625,80.10392761230469,11.609999656677246,12.694500017166138,1.476136912064496
2018-10-04,85.05772399902344,78.49886322021484,14.220000267028809,12.673000049591064,1.4664806757745015
2018-10-05,82.97689819335938,76.02154541015625,14.819999694824219,12.670000028610229,1.6092797737330151
2018-10-08,81.89226531982422,75.43706512451172,15.6899995803833,12.746500015258789,1.5234953894506913
2018-10-09,82.64750671386719,75.68134307861328,15.949999809265137,12.882999992370605,1.6201082170279253
2018-10-10,79.73108673095703,73.18653869628906,22.959999084472656,13.3739999294281,1.598716692194993
2018-10-11,79.96403503417969,72.98590087890625,24.979999542236328,14.004499912261963,1.691074372683961
2018-10-12,81.2174072265625,73.42206573486328,21.309999465942383,14.46649990081787,1.8444349544845358
2018-10-15,79.88372802734375,73.18653869628906,21.299999237060547,14.84749984741211,1.6294341166987087
2018-10-16,82.06903839111328,74.80901336669922,17.6200008392334,15.088999891281128,1.7014319387840298
2018-10-17,81.5789566040039,74.36414337158203,17.399999618530273,15.371499872207641,1.7036485949436286
2018-10-18,79.97210693359375,72.54975128173828,20.059999465942383,15.784499835968017,1.7915624322532124
2018-10-19,78.9437255859375,71.82574462890625,19.889999389648438,16.194999790191652,1.7487250330923063
2018-10-22,80.1167221069336,72.0089111328125,19.639999389648438,16.566999769210817,1.943258964625055
2018-10-23,80.54254150390625,72.09614562988281,20.709999084472656,16.98149971961975,2.009176780360697
2018-10-24,73.92237854003906,67.88292694091797,25.229999542236328,17.59849967956543,1.631966147289885
2018-10-25,73.72956085205078,68.9820327758789,24.219999313354492,18.18899965286255,1.344025184208342
2018-10-26,72.7574234008789,68.93841552734375,24.15999984741211,18.7909996509552,1.1582798304290625
2018-10-29,72.4521255493164,70.14218139648438,24.700000762939453,19.425999689102174,0.8239797550688065
2018-10-30,75.3531265258789,72.22700500488281,23.350000381469727,19.990999698638916,0.9352002605280186
2018-10-31,75.22346496582031,73.02078247070312,21.229999542236328,20.47199969291687,0.7291787256581503
2018-11-01,79.08878326416016,76.76300048828125,19.34000015258789,20.727999687194824,0.6587699041180762
2018-11-02,77.03050994873047,76.0477066040039,19.510000228881836,20.962499713897706,0.4067028312676518
2018-11-05,77.51670837402344,75.34986114501953,19.959999084472656,21.175999689102174,0.662728317720142
2018-11-06,78.71600341796875,76.72809600830078,19.90999984741211,21.373999691009523,0.5916638867629415
2018-11-07,78.7646255493164,77.03341674804688,16.360000610351562,21.043999767303468,0.5322403642934119
2018-11-08,79.80187225341797,78.44654846191406,16.719999313354492,20.630999755859374,0.42065524127184895
2018-11-09,77.87327575683594,76.40534210205078,17.360000610351562,20.433499813079834,0.495233826276955
2018-11-12,75.7420883178711,73.44823455810547,20.450000762939453,20.39099988937378,0.7366539363845609
2018-11-13,76.5605239868164,74.40775299072266,20.020000457763672,20.510999870300292,0.6838576738770757
2018-11-14,76.7387924194336,75.13179779052734,21.25,20.70349988937378,0.5556103156207514
2018-11-15,79.38050079345703,78.3505859375,19.979999542236328,20.699499893188477,0.3576109400957816
2018-11-16,79.2913589477539,78.05400848388672,18.139999389648438,20.611999893188475,0.4068984307561855
2018-11-19,76.67398834228516,74.59966278076172,20.100000381469727,20.63499994277954,0.6631902421459933
2018-11-20,78.47290802001953,77.65274810791016,22.479999542236328,20.723499965667724,0.33314916058688426
2018-11-21,77.89757537841797,78.22846984863281,20.799999237060547,20.501999950408937,0.0868686130967433
2018-11-23,77.06291961669922,77.3212661743164,21.520000457763672,20.367000007629393,0.1245423719861114
2018-11-26,78.10017395019531,78.56867980957031,18.899999618530273,20.1039999961853,0.05052272702648686
2018-11-27,78.01912689208984,78.14122772216797,19.020000457763672,19.819999980926514,0.13110505441104317
2018-11-28,79.62361907958984,79.56200408935547,18.489999771118164,19.576999950408936,0.13193916131789885
2018-11-29,78.95100402832031,78.50958251953125,18.790000915527344,19.455000019073488,0.23513896482728072
2018-11-30,80.91202545166016,80.61439514160156,18.06999969482422,19.391499996185303,0.1526676770510254
2018-12-03,81.98168182373047,82.00883483886719,16.440000534057617,19.238000011444093,0.05184164225478398
2018-12-04,77.88136291503906,79.31643676757812,20.739999771118164,19.27700004577637,-0.16300754167170195
2018-12-06,78.86188507080078,78.51836395263672,21.190000534057617,19.341000080108643,0.2152142094221996
2018-12-07,74.85881805419922,75.79085540771484,23.229999542236328,19.68450002670288,0.02789454984403586
2018-12-10,76.00948333740234,77.59750366210938,22.639999389648438,19.98050003051758,-0.15006618043044803
2018-12-11,76.60916137695312,77.73782348632812,21.760000228881836,20.200500011444092,-0.06119422831717489
2018-12-12,77.63825225830078,78.12371063232422,21.459999084472656,20.250999927520752,0.058428782444929106
2018-12-13,77.66256713867188,77.5799560546875,20.649999618530273,20.282499885559083,0.18657679510103892
2018-12-14,76.38226318359375,76.53630828857422,21.6299991607666,20.301499843597412,0.16549693023795803
2018-12-17,74.48607635498047,76.5714111328125,24.520000457763672,20.52849988937378,-0.22404723518359068
2018-12-18,76.60916137695312,77.22038269042969,25.579999923706055,20.90049991607666,0.05609603104951162
2018-12-19,73.35971069335938,73.39665222167969,25.579999923706055,21.174499893188475,0.2689183427820158
2018-12-20,73.0031509399414,72.5634765625,28.3799991607666,21.46949987411499,0.3860235881396636
2018-12-21,73.262451171875,72.19512939453125,30.110000610351562,21.93499994277954,0.521699623641654
2018-12-24,71.14747619628906,70.52882385253906,36.06999969482422,22.66249990463257,0.4737913535889425
2018-12-26,75.34501647949219,73.96669006347656,30.40999984741211,23.23799991607666,0.5392272183325059
2018-12-27,76.01759338378906,74.8612289428711,29.959999084472656,23.78499984741211,0.4718076038513061
2018-12-28,76.01759338378906,74.94894409179688,28.34000015258789,24.277499866485595,0.4519248797803742
2018-12-31,76.57672882080078,75.2734375,25.420000076293945,24.608999824523927,0.490890745941083
2019-01-02,76.53621673583984,75.35236358642578,23.219999313354492,24.866499805450438,0.46484764907192666
2019-01-03,72.02262878417969,70.80069732666016,25.450000762939453,25.31699981689453,0.5882798426779127
2019-01-04,75.28020477294922,72.51963806152344,21.3799991607666,25.348999786376954,0.8541932994070082
2019-01-07,76.57672882080078,72.97566986083984,21.399999618530273,25.359499740600587,1.0117344144298122
2019-01-08,76.47948455810547,74.7559814453125,20.469999313354492,25.221499729156495,0.5886150987167682
2019-01-09,77.9867172241211,76.65032958984375,19.979999542236328,25.088499736785888,0.4625304663418529
2019-01-10,79.18600463867188,77.71151733398438,19.5,24.9754997253418,0.46333076790255406
2019-01-11,79.89100646972656,78.983154296875,18.190000534057617,24.811999797821045,0.31695807558935346
2019-01-14,78.05966186523438,76.738037109375,19.06999969482422,24.732999801635742,0.45732879867413617
2019-01-15,79.11308288574219,76.83451843261719,18.600000381469727,24.5814998626709,0.6474486999204809
2019-01-16,78.74034118652344,76.29951477050781,19.040000915527344,24.307499885559082,0.693709729516063
2019-01-17,79.0401611328125,77.88690948486328,18.059999465942383,23.931499862670897,0.39422452464311053
2019-01-18,80.56358337402344,80.12327575683594,17.799999237060547,23.542499828338624,0.19387133010709226
2019-01-22,78.29462432861328,78.16754913330078,20.799999237060547,23.16349983215332,0.18057958636894855
2019-01-23,77.37896728515625,77.93077087402344,19.520000457763672,22.633999824523926,0.04998484493729602
2019-01-24,82.7271957397461,83.09632873535156,18.889999389648438,21.774999809265136,-0.044638022975968354
2019-01-25,84.6071548461914,85.65718078613281,17.420000076293945,21.12549982070923,-0.24679441257570298
2019-01-28,83.20529174804688,85.36775970458984,18.8700008392334,20.570999908447266,-0.4633001627981851
2019-01-29,82.12752532958984,85.07836151123047,19.1299991607666,20.1104998588562,-0.6145901188695927
2019-01-30,83.40135192871094,86.83235168457031,17.65999984741211,19.72249984741211,-0.7558297485684604
2019-01-31,82.20919036865234,86.70082092285156,16.56999969482422,19.389999866485596,-0.9659249074418811
2019-02-01,83.27886199951172,88.17417907714844,16.139999389648438,18.924499797821046,-1.0846366162681307
2019-02-04,83.12371063232422,87.4375228881836,15.729999542236328,18.641999816894533,-0.9488785252121027
2019-02-05,83.54833221435547,88.0514144897461,15.569999694824219,18.350499820709228,-1.0025811117340435
2019-02-06,86.94511413574219,89.81417083740234,15.380000114440918,18.09599986076355,-0.718585803851035
2019-02-07,84.8057861328125,88.25312042236328,16.3700008392334,17.915499925613403,-0.7952534367112042
2019-02-08,85.36919403076172,88.3408203125,15.720000267028809,17.726499938964842,-0.7017529025782997
2019-02-11,85.54067993164062,89.23536682128906,15.970000267028809,17.615499925613403,-0.870013438924779
2019-02-12,86.91246032714844,91.26126861572266,15.430000305175781,17.43349995613098,-1.0531761512677986
2019-02-13,87.4921875,91.57697296142578,15.649999618530273,17.285999917984007,-1.0080741690339063
2019-02-14,87.34520721435547,91.63835906982422,16.219999313354492,17.144999837875368,-1.0515669968354135
2019-02-15,87.83512878417969,92.73463439941406,14.90999984741211,16.98749985694885,-1.2014724022601249
2019-02-19,87.59835815429688,91.40158081054688,14.880000114440918,16.841499900817873,-0.946951661837804
2019-02-20,88.13727569580078,93.6817855834961,14.020000457763672,16.502499961853026,-1.3553629113635632
2019-02-21,87.07574462890625,92.33120727539062,14.460000038146973,16.24949994087219,-1.2628439727354959
2019-02-22,87.62284851074219,92.88372039794922,13.510000228881836,15.980499982833862,-1.2779854178587151
2019-02-25,88.34139251708984,94.62896728515625,14.850000381469727,15.851999998092651,-1.5289878427474384
2019-02-26,87.59017944335938,93.99751281738281,15.170000076293945,15.666999959945679,-1.5370272514875285
2019-02-27,86.31636810302734,92.90123748779297,14.699999809265137,15.445499992370605,-1.5448712586713433
2019-02-28,86.37353515625,94.28521728515625,14.779999732971191,15.30149998664856,-1.8470789294598255
2019-03-01,87.17376708984375,95.58983612060547,13.569999694824219,15.15149998664856,-1.9817637101650638
2019-03-04,87.69631958007812,95.78374481201172,14.630000114440918,15.076000022888184,-1.920559638934132
2019-03-05,87.01860809326172,95.40469360351562,14.739999771118164,15.026500034332276,-1.9710208412863799
2019-03-06,86.07959747314453,94.13534545898438,15.739999771118164,15.035000038146972,-1.872258724177482
2019-03-07,85.69579315185547,93.15689086914062,16.59000015258789,15.095500040054322,-1.7277052321557527
2019-03-08,85.62232971191406,92.91888427734375,16.049999237060547,15.079499959945679,-1.6885391088623711
2019-03-11,86.92062377929688,94.9198989868164,14.329999923706055,15.00999994277954,-1.8808489073925327
2019-03-12,86.9777603149414,95.12261199951172,13.770000457763672,14.899999952316284,-1.9153005162785115
2019-03-13,87.84329986572266,95.2724838256836,13.40999984741211,14.798999929428101,-1.7750919735605077
2019-03-14,87.4513931274414,95.4223403930664,13.5,14.691499948501587,-1.8879275572705652
2019-03-15,90.4235610961914,96.42725372314453,12.880000114440918,14.524499988555908,-1.5175981164183914
2019-03-18,89.6641845703125,96.21568298339844,13.100000381469727,14.434000015258789,-1.6224569627464525
2019-03-19,89.83564758300781,96.92088317871094,13.5600004196167,14.368000030517578,-1.7478022611358741
2019-03-20,89.5172119140625,95.73969268798828,13.90999984741211,14.3625,-1.5441391163138571
2019-03-21,91.6320571899414,97.12364196777344,13.630000114440918,14.321000003814698,-1.432254186639168
2019-03-22,89.55805206298828,94.67306518554688,16.479999542236328,14.469499969482422,-1.294143989979815
2019-03-25,87.45953369140625,92.77782440185547,16.329999923706055,14.543499946594238,-1.2868469290701876
2019-03-26,88.45571899414062,94.40861511230469,14.680000305175781,14.51899995803833,-1.4560328056807839
2019-03-27,86.5286865234375,92.5221939086914,15.149999618530273,14.541499948501587,-1.4162252131615742
2019-03-28,85.66316223144531,91.73765563964844,14.430000305175781,14.523999977111817,-1.4125684457329855
2019-03-29,86.6103515625,92.79547882080078,13.710000038146973,14.530999994277954,-1.4617375226541387
2019-04-01,88.70884704589844,95.44879150390625,13.399999618530273,14.469499969482422,-1.640874209930305
2019-04-02,90.04795837402344,95.29895782470703,13.359999656677246,14.400499963760376,-1.3374290451912096
2019-04-03,92.06482696533203,96.82393646240234,13.739999771118164,14.300499963760377,-1.2772285300924537
2019-04-04,92.46492004394531,97.44097900390625,13.579999923706055,14.149999952316284,-1.3365814504252618
2019-04-05,92.78337860107422,98.25194549560547,12.819999694824219,13.988499975204467,-1.4563199172037744
2019-04-08,94.0816650390625,98.49877166748047,13.180000305175781,13.930999994277954,-1.2510027104042174
2019-04-09,93.0364990234375,97.39691162109375,14.279999732971191,13.95649995803833,-1.2115683883400599
2019-04-10,93.83670806884766,98.78966522216797,13.300000190734863,13.950999975204468,-1.3662356152197384
2019-04-11,93.8040542602539,98.56929779052734,13.020000457763672,13.92699999809265,-1.3228553261665679
2019-04-12,95.33914947509766,100.67609405517578,12.010000228881836,13.883500003814698,-1.491489337006696
2019-04-15,93.97551727294922,99.55658721923828,12.319999694824219,13.844499969482422,-1.5121428564250563
2019-04-16,95.02069091796875,101.0198745727539,12.180000305175781,13.775499963760376,-1.6335017358240747
2019-04-17,94.39197540283203,100.84355926513672,12.600000381469727,13.709999990463256,-1.720057936440163
2019-04-18,94.31847381591797,101.18733978271484,12.09000015258789,13.632999992370605,-1.812775371067968
2019-04-22,93.86119842529297,100.14718627929688,12.420000076293945,13.430000019073486,-1.6690216183507995
2019-04-23,95.02884674072266,100.58792877197266,12.279999732971191,13.227500009536744,-1.533949677985364
2019-04-24,96.70277404785156,103.39110565185547,13.140000343322754,13.150500011444091,-1.8324964426027897
2019-04-25,95.67391967773438,101.39010620117188,13.25,13.055500030517578,-1.585968252299003
2019-04-26,95.70659637451172,100.87881469726562,12.729999542236328,12.970499992370605,-1.4634960412562736
2019-04-29,95.29015350341797,100.3851547241211,13.109999656677246,12.940499973297118,-1.4354009341169514
2019-04-30,96.21285247802734,102.46551513671875,13.119999885559082,12.92649998664856,-1.7212808086762865
2019-05-01,94.95537567138672,101.1080093383789,14.800000190734863,12.99850001335144,-1.6666235691581492
2019-05-02,95.91070556640625,103.10018920898438,14.420000076293945,13.03250002861023,-1.9259486043304916
2019-05-03,96.55182647705078,103.09140014648438,12.869999885559082,12.997000026702882,-1.7949376442234564
2019-05-06,95.228515625,101.31075286865234,15.4399995803833,13.128000020980835,-1.6576137233816253
2019-05-07,93.6421890258789,100.2088851928711,19.31999969482422,13.434999990463258,-1.7270804378393805
2019-05-08,92.51616668701172,97.44979858398438,19.399999618530273,13.690999984741211,-1.3282677804230452
2019-05-09,92.1791763305664,97.44979858398438,19.100000381469727,13.980999994277955,-1.3960834769457184
2019-05-10,92.54902648925781,97.4938735961914,16.040000915527344,14.132000017166138,-1.331645746965298
2019-05-13,88.0366439819336,91.87873077392578,20.549999237060547,14.558999967575073,-0.966908721875644
2019-05-14,89.62297058105469,94.10009002685547,18.059999465942383,14.845999956130981,-1.1512013910678986
2019-05-15,90.65039825439453,95.10499572753906,16.440000534057617,15.058999967575073,-1.1722283566555987
2019-05-16,89.7626724243164,92.29301452636719,15.289999961853027,15.193499946594239,-0.7134712645136909
2019-05-17,87.77363586425781,88.8816146850586,15.960000038146973,15.386999940872192,-0.3404686632396816
2019-05-20,86.08047485351562,85.94622802734375,16.309999465942383,15.581499910354614,-0.015823985636150978
2019-05-21,87.94623565673828,88.04419708251953,14.949999809265137,15.714999914169312,-0.1159141948142704
2019-05-22,87.76544189453125,89.4193115234375,14.75,15.795499897003173,-0.463999384817981
2019-05-23,86.98460388183594,87.03047180175781,16.920000076293945,15.978999900817872,-0.0796473425080643
2019-05-24,86.3517074584961,86.75718688964844,15.850000381469727,16.13499994277954,-0.14506443961408874
2019-05-28,84.83113861083984,85.60242462158203,17.5,16.354499959945677,-0.18930829455252898
2019-05-29,85.60375213623047,86.48393249511719,17.899999618530273,16.59349994659424,-0.2336428241723574
2019-05-30,86.6640396118164,86.91826629638672,17.299999237060547,16.718499898910522,-0.11872341957737811
2019-05-31,85.73526763916016,85.6418685913086,18.709999084472656,16.932999849319458,-0.01630293391815423
2019-06-03,86.44210815429688,85.15436553955078,18.860000610351562,17.232499885559083,0.23644529989486493
2019-06-04,89.68872833251953,89.49762725830078,16.969999313354492,17.308999872207643,-0.09471073119175337
2019-06-05,89.984619140625,88.52259826660156,16.09000015258789,17.147499895095827,0.1858476256667263
2019-06-06,90.56819915771484,88.61124420166016,15.930000305175781,16.9739999294281,0.28319313894580445
2019-06-07,91.37369537353516,89.24945068359375,16.299999237060547,16.83399987220764,0.30062594353869626
2019-06-10,92.57369995117188,94.443603515625,15.9399995803833,16.82899980545044,-0.6352642384939265
2019-06-11,92.82028198242188,93.22040557861328,15.989999771118164,16.60099983215332,-0.30837535229617574
2019-06-12,90.69146728515625,92.51128387451172,15.90999984741211,16.493499851226808,-0.5760371933909885
2019-06-13,91.38189697265625,93.7611083984375,15.819999694824219,16.462499809265136,-0.7203980654568661
2019-06-14,88.20104217529297,92.20105743408203,15.279999732971191,16.461999797821044,-1.0068883492486513
2019-06-17,87.71611022949219,93.15837097167969,15.350000381469727,16.431499814987184,-1.3214735795638026
2019-06-18,91.2668228149414,97.44842529296875,15.149999618530273,16.373499822616576,-1.579373552000032
2019-06-19,91.48053741455078,98.4234390258789,14.329999923706055,16.342499828338624,-1.7573758250236562
2019-06-20,92.63944244384766,99.77074432373047,14.75,16.342499828338624,-1.8295573920227277
2019-06-21,92.31891632080078,100.75463104248047,15.399999618530273,16.26649980545044,-2.1170811563523535
2019-06-24,92.6558837890625,100.07209777832031,15.260000228881836,16.236999797821046,-1.8945576731975533
2019-06-25,91.62847137451172,97.74978637695312,16.280000686645508,16.17599983215332,-1.5749063114704276
2019-06-26,94.05314636230469,98.27276611328125,16.209999084472656,16.09149980545044,-1.2055122558666116
2019-06-27,95.228515625,100.0189208984375,15.819999694824219,16.01749982833862,-1.364789291976694
2019-06-28,94.32439422607422,100.0455322265625,15.079999923706055,15.835999870300293,-1.5527661211048267
2019-07-01,96.32168579101562,101.93351745605469,14.0600004196167,15.59599986076355,-1.5787893477752766
2019-07-02,95.39291381835938,100.61282348632812,12.930000305175781,15.393999910354614,-1.4663280605194766
2019-07-03,95.2942886352539,100.31141662597656,12.569999694824219,15.21799988746643,-1.4178542899809419
2019-07-05,95.13809967041016,100.03665161132812,13.279999732971191,15.0854998588562,-1.38700362118433
2019-07-08,94.46411895751953,99.1236801147461,13.960000038146973,14.968499898910522,-1.3156883171827858
2019-07-09,95.16280364990234,100.41778564453125,14.09000015258789,14.875999927520752,-1.4684253008431793
2019-07-10,95.86962890625,101.05599212646484,13.029999732971191,14.727999925613403,-1.470848969040139
2019-07-11,95.93537902832031,100.97622680664062,12.930000305175781,14.578999948501586,-1.439536755563748
2019-07-12,97.25047302246094,102.99716186523438,12.390000343322754,14.407499980926513,-1.6329811697040713
2019-07-15,98.49979400634766,103.72396087646484,12.680000305175781,14.277500009536743,-1.546314991763388
2019-07-16,97.5463638305664,102.34121704101562,12.859999656677246,14.152999973297119,-1.4247508261376334
2019-07-17,96.31346893310547,100.99394226074219,13.970000267028809,14.094000005722046,-1.367465844431384
2019-07-18,97.45594024658203,102.82874298095703,13.529999732971191,14.053999996185302,-1.5534569490174583
2019-07-19,96.37921905517578,102.6248779296875,14.449999809265137,14.038999986648559,-1.7239246846911667
2019-07-22,97.13539123535156,104.33558654785156,13.529999732971191,13.945499992370605,-1.9595259231098203
2019-07-23,98.6888427734375,106.29450225830078,12.609999656677246,13.812999963760376,-2.090945276982621
2019-07-24,106.02864074707031,110.47820281982422,12.069999694824219,13.60249991416931,-1.5622248276332522
2019-07-25,104.6724624633789,108.2977066040039,12.739999771118164,13.428999948501588,-1.3408798562148658
2019-07-26,105.33822631835938,107.96088409423828,12.15999984741211,13.245999956130982,-1.1305531874067274
2019-07-29,106.825927734375,107.43791198730469,12.829999923706055,13.133499956130981,-0.7126251638382607
2019-07-30,106.28022003173828,107.21631622314453,13.9399995803833,13.127499914169311,-0.7722130399854625
2019-07-31,103.36152648925781,104.114013671875,16.1200008392334,13.286999940872192,-0.6563581900834198
2019-08-01,102.0716781616211,101.4548568725586,17.8700008392334,13.55199999809265,-0.3131652239360805
2019-08-02,100.72395324707031,99.87711334228516,17.610000610351562,13.76850004196167,-0.22674733018376209
2019-08-05,96.6807632446289,95.40087890625,24.59000015258789,14.300000047683715,-0.025751008568111636
2019-08-06,98.39230346679688,96.86339569091797,20.170000076293945,14.604000043869018,-0.012836090361582866
2019-08-07,99.81443786621094,97.34207153320312,19.489999771118164,14.927000045776367,0.16484995056791762
2019-08-08,102.78274536132812,99.56688690185547,16.90999984741211,15.126000022888183,0.25788271033749866
2019-08-09,99.72348022460938,98.08660888671875,17.969999313354492,15.40499997138977,-0.022221393422923136
2019-08-12,99.2852783203125,96.57978820800781,21.09000015258789,15.825499963760375,0.23115190497311
2019-08-13,101.98070526123047,100.17847442626953,17.520000457763672,16.058500003814697,-0.04215011539267705
2019-08-14,99.7152099609375,97.7763900756836,22.100000381469727,16.465000009536745,0.046432774140428554
2019-08-15,99.0951156616211,96.12772369384766,21.18000030517578,16.847500038146972,0.29535487923992787
2019-08-16,101.55076599121094,97.96251678466797,18.469999313354492,17.04850001335144,0.3736287030680667
2019-08-19,103.02252960205078,98.53868103027344,16.8799991607666,17.21599998474121,0.5392040261919492
2019-08-20,102.78274536132812,97.7586669921875,17.5,17.46050000190735,0.6677587461624503
2019-08-21,104.2131576538086,96.25181579589844,15.800000190734863,17.64700002670288,1.2971775366782432
2019-08-22,103.52688598632812,96.28730010986328,16.68000030517578,17.84400005340576,1.1510293573310961
2019-08-23,99.4588851928711,92.33402252197266,19.8700008392334,18.229500102996827,1.2284921694782787
2019-08-26,100.59992218017578,93.9826889038086,19.31999969482422,18.554000091552734,1.084404195559777
2019-08-27,101.02159118652344,94.88679504394531,20.309999465942383,18.872500085830687,0.9643234093554754
2019-08-28,101.48462677001953,95.75546264648438,19.350000381469727,19.034000062942503,0.8606001904850634
2019-08-29,102.17088317871094,97.11843872070312,17.8799991607666,19.034499979019166,0.6897510015670507
2019-08-30,102.3197250366211,97.84001922607422,18.979999542236328,19.102999925613403,0.5561404515450098
2019-09-03,100.65779876708984,94.7666244506836,19.65999984741211,18.856499910354614,0.9183536071978529
2019-09-04,103.01425170898438,97.2698745727539,17.329999923706055,18.71449990272522,0.8251433404400782
2019-09-05,104.84980010986328,100.6817398071289,16.270000457763672,18.553499937057495,0.42114740020012037
2019-09-06,105.0813217163086,100.36994171142578,15.0,18.45799994468689,0.5384150933509477
2019-09-09,105.08956909179688,100.54811096191406,15.270000457763672,18.32300000190735,0.49968849237188523
2019-09-10,105.03998565673828,101.53694152832031,15.199999809265137,18.02849998474121,0.26556839873421034
2019-09-11,106.31330108642578,102.4812240600586,14.609999656677246,17.88299994468689,0.3077653907203287
2019-09-12,107.6692886352539,103.52352905273438,14.220000267028809,17.488999938964845,0.34438013898428016
2019-09-13,107.1649169921875,103.7996597290039,13.739999771118164,17.116999912261964,0.18028916972194056
2019-09-16,106.13139343261719,102.67718505859375,14.670000076293945,16.926999950408934,0.22673920593424077
2019-09-17,107.12357330322266,102.69499969482422,14.4399995803833,16.80499997138977,0.42236665733628825
2019-09-18,106.91687774658203,103.83528137207031,13.949999809265137,16.627499961853026,0.12229943829149068
2019-09-19,106.5199966430664,103.2295150756836,14.050000190734863,16.539999961853027,0.17974270511221793
2019-09-20,104.73405456542969,102.73957824707031,15.319999694824219,16.47199993133545,-0.06860316055291174
2019-09-23,105.64356231689453,101.81310272216797,14.90999984741211,16.223999881744383,0.32443323017850606
2019-09-24,104.0229721069336,98.84661865234375,17.049999237060547,16.1104998588562,0.6707309712874487
2019-09-25,105.61873626708984,100.37884521484375,15.960000038146973,15.89299988746643,0.6445458195874831
2019-09-26,105.9246826171875,100.78864288330078,16.06999969482422,15.728999853134155,0.6132238574947251
2019-09-27,105.12265014648438,98.91790008544922,17.219999313354492,15.69599986076355,0.8758717559837549
2019-09-30,106.8589859008789,99.53258514404297,16.239999771118164,15.558999872207641,1.0859577284897248
2019-10-01,106.32156372070312,97.79544830322266,18.559999465942383,15.503999853134156,1.371570644332553
2019-10-02,104.87461853027344,97.07388305664062,20.559999465942383,15.665499830245972,1.243948356260778
2019-10-03,106.41252899169922,98.76647186279297,19.1200008392334,15.807999849319458,1.1697708525223514
2019-10-04,107.60313415527344,100.6906509399414,17.040000915527344,15.909999895095826,0.9732064395371992
2019-10-07,106.53654479980469,98.73973083496094,17.860000610351562,16.03949990272522,1.2007891941581084
2019-10-08,103.33672332763672,94.5439224243164,20.280000686645508,16.29349994659424,1.5079391649131817
2019-10-09,105.37071228027344,96.27215576171875,18.639999389648438,16.4949999332428,1.525512458798314
2019-10-10,105.61048126220703,96.60175323486328,17.56999969482422,16.66249990463257,1.4990522919728864
2019-10-11,107.5617904663086,99.07826232910156,15.579999923706055,16.754499912261963,1.330372681104444
2019-10-14,107.28067016601562,98.29430389404297,14.569999694824219,16.749499893188478,1.4515030535886346
2019-10-15,108.88473510742188,100.9222640991211,13.539999961853027,16.704499912261962,1.178614262229494
2019-10-16,107.07396697998047,98.51702117919922,13.680000305175781,16.690999937057494,1.359422085227097
2019-10-17,107.59486389160156,97.9914321899414,13.789999961853027,16.677999925613403,1.5833842455327611
2019-10-18,107.0409164428711,97.5281982421875,14.25,16.62449994087219,1.5769112484614707
2019-10-21,108.25633239746094,98.98025512695312,14.0,16.578999948501586,1.4923574615417552
2019-10-22,106.30502319335938,98.77535247802734,14.460000038146973,16.449499988555907,1.1461234605309516
2019-10-23,98.35096740722656,94.04505920410156,14.010000228881836,16.35199999809265,0.6176884459546731
2019-10-24,97.90446472167969,93.82234191894531,13.710000038146973,16.23400001525879,0.5783187353671112
2019-10-25,99.64080047607422,95.16749572753906,12.649999618530273,16.005500030517577,0.6228265976315088
2019-10-28,99.21912384033203,96.94915008544922,13.109999656677246,15.849000024795533,0.13411437340043084
2019-10-29,99.4588851928711,96.25431823730469,13.199999809265137,15.58100004196167,0.33986393434459766
2019-10-30,98.12601470947266,96.4324722290039,12.329999923706055,15.169500064849853,0.03125520051311006
2019-10-31,98.29259490966797,94.98932647705078,13.220000267028809,14.874500036239624,0.3919009777372716
2019-11-01,98.33428192138672,97.43021392822266,12.300000190734863,14.6375,-0.15299513484268593
2019-11-04,100.77513122558594,99.22970581054688,12.829999923706055,14.385999965667725,-0.06969800045181215
2019-11-05,99.85044860839844,101.06482696533203,13.100000381469727,14.026999950408936,-0.671754306732625
2019-11-06,100.26695251464844,99.79981231689453,12.619999885559082,13.725999975204468,-0.30119171293868
2019-11-07,99.90043640136719,100.03146362304688,12.729999542236328,13.483999967575073,-0.4274584279100652
2019-11-08,100.0587158203125,100.6817398071289,12.069999694824219,13.308499956130982,-0.5430069501557511
2019-11-11,98.36759185791016,100.2630615234375,12.6899995803833,13.214499950408936,-0.7884241301210532
2019-11-12,99.15066528320312,100.89554595947266,12.680000305175781,13.171499967575073,-0.7742066339842056
2019-11-13,98.65083312988281,101.70619201660156,13.0,13.137499952316285,-1.0585446996242753
2019-11-14,97.9427490234375,100.94898223876953,13.050000190734863,13.100499963760376,-1.029399435006296
2019-11-15,98.30097198486328,101.02025604248047,12.050000190734863,12.99049997329712,-0.9734668066147812
2019-11-18,98.20929718017578,99.74639129638672,12.460000038146973,12.913499975204468,-0.7031636453979311
2019-11-19,98.16765594482422,99.51477813720703,12.859999656677246,12.833499956130982,-0.6590428680981278
2019-11-20,96.82643127441406,96.72644805908203,12.779999732971191,12.771999931335449,-0.29690864521110055
2019-11-21,96.7181625366211,96.90462493896484,13.130000114440918,12.742999935150147,-0.35908459425833145
2019-11-22,97.47623443603516,98.57046508789062,12.34000015258789,12.727499961853027,-0.5841330291743247
2019-11-25,99.14234924316406,100.6015853881836,11.869999885559082,12.66549997329712,-0.7092469950279108
2019-11-26,99.24229431152344,102.34760284423828,11.539999961853027,12.582499980926514,-1.0849104922351436
2019-11-27,101.40824890136719,101.28750610351562,11.75,12.553499984741212,-0.4087392194215767
2019-11-29,100.14201354980469,100.61940002441406,12.619999885559082,12.523499965667725,-0.5121133811108363
2019-12-02,98.95907592773438,99.11387634277344,14.90999984741211,12.653999948501587,-0.40890415718650014
2019-12-03,98.09268188476562,98.21414947509766,15.960000038146973,12.810499954223634,-0.3793121831458512
2019-12-04,100.20032501220703,101.90218353271484,14.800000190734863,12.89549994468689,-0.7911522068021393
2019-12-05,100.58352661132812,101.52627563476562,14.520000457763672,12.99049997329712,-0.6288285302223523
2019-12-06,101.9414291381836,103.72811126708984,13.619999885559082,13.034999990463257,-0.8546636023178673
2019-12-09,101.6331787109375,102.59139251708984,15.859999656677246,13.224499988555909,-0.6590313642159918
2019-12-10,101.10835266113281,102.40342712402344,15.680000305175781,13.374000024795532,-0.7220401548167864
2019-12-11,103.06604766845703,103.69231414794922,14.989999771118164,13.48949999809265,-0.6202319114095292
2019-12-12,105.02371978759766,105.44660186767578,13.9399995803833,13.536499977111816,-0.6239224073474079
2019-12-13,105.49857330322266,106.30586242675781,12.630000114440918,13.51549997329712,-0.7231350640043337
2019-12-16,105.8567886352539,106.38642120361328,12.140000343322754,13.519999980926514,-0.6693086308748623
2019-12-17,105.87345886230469,106.35062408447266,12.289999961853027,13.511499977111816,-0.6578396582078451
2019-12-18,105.25698852539062,104.72160339355469,12.579999923706055,13.497499990463258,-0.4126414324796794
2019-12-19,105.29864501953125,106.24320983886719,12.5,13.483500003814697,-0.7491667890518704
2019-12-20,107.42295837402344,107.24568939208984,12.510000228881836,13.452500009536744,-0.548907326485306
2019-12-23,107.08971405029297,106.66387939453125,12.609999656677246,13.465999984741211,-0.48408810468062985
2019-12-24,107.07307434082031,107.15616607666016,12.670000076293945,13.505999994277953,-0.599025149227496
2019-12-26,107.03141021728516,107.16511535644531,12.649999618530273,13.561499977111817,-0.6094381744745032
2019-12-27,107.10638427734375,106.91448974609375,13.430000305175781,13.645499992370606,-0.5375401950407336
2019-12-30,106.34831237792969,106.38642120361328,14.819999694824219,13.755499982833863,-0.570394747051606
2019-12-31,106.87313079833984,106.3685073852539,13.779999732971191,13.698999977111816,-0.46072007340995413
