Date,XOM,XLU,VIX,AvgVIX,zscore
2015-01-30,54.18047332763672,16.817550659179688,20.969999313354492,19.119499969482423,0.1658799193918642
2015-02-02,55.519168853759766,16.890634536743164,19.43000030517578,19.201499938964844,0.6208363790459683
2015-02-03,57.1739616394043,16.953289031982422,17.329999923706055,19.071999931335448,1.1911523182845942
2015-02-04,56.684326171875,16.747943878173828,18.329999923706055,18.932499885559082,1.0759323958884393
2015-02-05,57.242130279541016,16.901079177856445,16.850000381469727,18.80949993133545,1.2303469437617682
2015-02-06,57.135982513427734,16.204992294311523,17.290000915527344,18.823499965667725,1.392079760849798
2015-02-09,57.1734504699707,16.062292098999023,18.549999237060547,18.873499965667726,1.446290995989255
2015-02-10,56.83000946044922,16.392934799194336,17.229999542236328,18.754999923706055,1.229451956189062
2015-02-11,56.57398986816406,16.037933349609375,16.959999084472656,18.57499990463257,1.2401661124694714
2015-02-12,57.67924880981445,15.964838981628418,15.34000015258789,18.267999935150147,1.654025352857357
2015-02-13,58.303688049316406,15.721208572387695,14.6899995803833,17.88299994468689,1.9458238728068364
2015-02-17,58.10386657714844,15.707291603088379,15.800000190734863,17.62549991607666,1.8787764012664872
2015-02-18,56.83000946044922,16.079696655273438,15.449999809265137,17.403499937057497,1.3192121830673331
2015-02-19,55.84963607788086,15.898711204528809,15.289999961853027,17.22549991607666,1.0225571504437607
2015-02-20,56.14936065673828,15.902193069458008,14.300000190734863,17.12049994468689,1.1281098804700689
2015-02-23,55.58114242553711,16.01008415222168,14.5600004196167,17.015499973297118,0.8951945271107586
2015-02-24,55.837154388427734,16.128419876098633,13.6899995803833,16.9239999294281,0.9522956100624362
2015-02-25,55.94954299926758,15.863914489746094,13.84000015258789,16.754999971389772,1.0680447273472757
2015-02-26,55.35633087158203,15.759492874145508,13.90999984741211,16.428499937057495,0.8870836266134345
2015-02-27,55.28764724731445,15.742085456848145,13.34000015258789,16.157499933242796,0.8676551643840851
2015-03-02,54.97541046142578,15.439294815063477,13.039999961853027,15.760999965667725,0.8434230969925893
2015-03-03,54.71316909790039,15.533265113830566,13.859999656677246,15.482499933242797,0.7232699598655049
2015-03-04,54.43839645385742,15.446246147155762,14.229999542236328,15.327499914169312,0.6505255550643311
2015-03-05,54.163658142089844,15.568065643310547,14.039999961853027,15.11299991607666,0.5179494691106926
2015-03-06,53.47052764892578,15.101690292358398,15.199999809265137,15.03049988746643,0.40518789107582237
2015-03-09,53.177059173583984,15.129531860351562,15.0600004196167,14.918999862670898,0.292883258890617
2015-03-10,52.615055084228516,15.101690292358398,16.690000534057617,14.825999927520751,0.10107198657076284
2015-03-11,52.465187072753906,15.00423526763916,16.8700008392334,14.807999992370606,0.07572102177628415
2015-03-12,52.590087890625,15.289626121520996,15.420000076293945,14.73100004196167,0.03834216942279224
2015-03-13,52.37152099609375,15.13300895690918,16.0,14.764000034332275,0.005522378578620398
2015-03-16,52.92728805541992,15.394052505493164,15.609999656677246,14.810000038146972,0.12829102523677252
2015-03-17,52.50266647338867,15.369678497314453,15.65999984741211,14.803000020980836,-0.015675152807154747
2015-03-18,53.74527359008789,15.783854484558105,13.970000267028809,14.729000043869018,0.3073804490128304
2015-03-19,52.7087287902832,15.637682914733887,14.069999694824219,14.668000030517579,-0.019219342621874535
2015-03-20,52.78989791870117,15.778340339660645,13.020000457763672,14.604000043869018,-0.03067036307878496
2015-03-23,53.345638275146484,15.788865089416504,13.40999984741211,14.54650001525879,0.16387642162243038
2015-03-24,52.77741622924805,15.61346435546875,13.619999885559082,14.543000030517579,0.01213864337852815
2015-03-25,52.98971176147461,15.431062698364258,15.4399995803833,14.623000001907348,0.13987682985952896
2015-03-26,52.65251541137695,15.301277160644531,15.800000190734863,14.717500019073487,0.05719614435504275
2015-03-27,52.19042205810547,15.392478942871094,15.069999694824219,14.803999996185302,-0.13320996765692164
2015-03-30,53.47052764892578,15.581904411315918,14.510000228881836,14.877500009536742,0.267579719452058
2015-03-31,53.0771369934082,15.585406303405762,15.289999961853027,14.949000024795533,0.1267279654554856
2015-04-01,52.73994064331055,15.599443435668945,15.109999656677246,14.993000030517578,0.0028340505329211506
2015-04-02,52.64004135131836,15.627506256103516,14.670000076293945,15.024500036239624,-0.04072117725072598
2015-04-06,53.1583137512207,15.844992637634277,14.739999771118164,15.001500034332276,0.0811998808822818
2015-04-07,53.54547119140625,15.662578582763672,14.779999732971191,14.9875,0.2711040896226377
2015-04-08,52.49016571044922,15.616978645324707,13.979999542236328,14.851999950408935,-0.0909844144358095
2015-04-09,52.85858154296875,15.550335884094238,13.09000015258789,14.66299991607666,0.059082310343809036
2015-04-10,53.42681121826172,15.666088104248047,12.579999923706055,14.520999908447266,0.22791543218577243
2015-04-13,53.289459228515625,15.511744499206543,13.9399995803833,14.417999887466431,0.2233156021982844
2015-04-14,54.094974517822266,15.588918685913086,13.670000076293945,14.320999908447266,0.487557247748771
2015-04-15,55.00040817260742,15.627506256103516,12.84000015258789,14.179999923706054,0.7983765570805662
2015-04-16,54.78185272216797,15.525778770446777,12.600000381469727,14.111499929428101,0.7498318751878411
2015-04-17,54.28231430053711,15.469651222229004,13.890000343322754,14.102499961853027,0.5883323259175639
2015-04-20,54.475868225097656,15.701170921325684,13.300000190734863,14.116499948501588,0.5907963797453621
2015-04-21,54.2510871887207,15.560856819152832,13.25,14.10849995613098,0.5510957566947318
2015-04-22,54.6132698059082,15.592425346374512,12.710000038146973,14.062999963760376,0.6708035862956999
2015-04-23,54.6632080078125,15.680118560791016,12.479999542236328,13.914999961853027,0.6634273442017791
2015-04-24,54.30726623535156,15.837971687316895,12.289999961853027,13.739499950408936,0.49165821580468155
2015-04-27,54.33226013183594,15.648554801940918,13.119999885559082,13.641999959945679,0.5548219310258844
2015-04-28,54.825565338134766,15.760805130004883,12.40999984741211,13.536999940872192,0.698023294053368
2015-04-29,54.86927032470703,15.694151878356934,13.390000343322754,13.44199995994568,0.7326600622630415
2015-04-30,54.55707550048828,15.511744499206543,14.550000190734863,13.413999986648559,0.6739463822195202
2015-05-01,55.4812126159668,15.599443435668945,12.699999809265137,13.315499973297118,0.977341521446078
2015-05-04,55.643585205078125,15.715202331542969,12.850000381469727,13.221000003814698,1.0018927148568384
2015-05-05,55.33136749267578,15.364413261413574,14.3100004196167,13.197500038146973,0.9914216590784074
2015-05-06,55.069095611572266,15.280230522155762,15.149999618530273,13.25600004196167,0.9223084707999631
2015-05-07,54.70065689086914,15.336359024047852,15.130000114440918,13.358000040054321,0.7752465320599268
2015-05-08,55.568626403808594,15.44509220123291,12.859999656677246,13.372000026702882,1.0526469050782392
2015-05-11,54.63684844970703,15.339859008789062,13.850000381469727,13.367500066757202,0.751560032605096
2015-05-12,54.78794860839844,15.322324752807617,13.859999656677246,13.377000045776366,0.810299871769495
2015-05-13,54.49831771850586,15.171479225158691,13.760000228881836,13.423000049591064,0.750563315636631
2015-05-14,54.756439208984375,15.346877098083496,12.739999771118164,13.430000019073486,0.7920628309161155
2015-05-15,54.995697021484375,15.546825408935547,12.380000114440918,13.354500007629394,0.8198213379912554
2015-05-18,54.68089294433594,15.606456756591797,12.729999542236328,13.325999975204468,0.6908224661264823
2015-05-19,54.76903533935547,15.641538619995117,12.850000381469727,13.305999994277954,0.7121037007324257
2015-05-20,54.85719299316406,15.666088104248047,12.880000114440918,13.314499998092652,0.7364084747603371
2015-05-21,54.90755844116211,15.659071922302246,12.109999656677246,13.296000003814697,0.7563236492353385
2015-05-22,54.473148345947266,15.634516716003418,12.130000114440918,13.288000011444092,0.6089296306839743
2015-05-26,53.73649597167969,15.53630256652832,14.0600004196167,13.335000038146973,0.3751975064718389
2015-05-27,53.58539581298828,15.599443435668945,13.270000457763672,13.378000068664551,0.3033888248827111
2015-05-28,53.58539581298828,15.634516716003418,13.3100004196167,13.374000072479248,0.2933383707433127
2015-05-29,53.642051696777344,15.60996150970459,13.84000015258789,13.3385000705719,0.3205156716465757
2015-06-01,53.59798049926758,15.631011962890625,13.970000267028809,13.402000093460083,0.29881646671533235
2015-06-02,53.604286193847656,15.424051284790039,14.239999771118164,13.471500062942505,0.3603639031562688
2015-06-03,53.48465347290039,15.196038246154785,13.65999984741211,13.439000034332276,0.383173586280823
2015-06-04,53.025054931640625,15.174991607666016,14.710000038146973,13.41700005531311,0.2258198096948759
2015-06-05,53.06282424926758,14.985569953918457,14.210000038146973,13.371000051498413,0.29352648495762296
2015-06-08,53.42169952392578,14.897871017456055,15.289999961853027,13.492500066757202,0.4462353631120374
2015-06-09,53.25171661376953,14.86279296875,14.470000267028809,13.523500061035156,0.39585917157751815
2015-06-10,53.64835739135742,14.936456680297852,13.220000267028809,13.491500091552734,0.5157540703240434
2015-06-11,53.57279586791992,15.055720329284668,12.850000381469727,13.446000099182129,0.4547166564176252
2015-06-12,52.899131774902344,14.9224214553833,13.779999732971191,13.49800009727478,0.25343026157476606
2015-06-15,52.71024703979492,14.897871017456055,15.390000343322754,13.648500108718872,0.19331782413707957
2015-06-16,53.31467056274414,14.96802806854248,14.8100004196167,13.75250015258789,0.3880832275825058
2015-06-17,53.346126556396484,15.094307899475098,14.5,13.835000133514404,0.3630794384455479
2015-06-18,53.818363189697266,15.29426097869873,13.1899995803833,13.850500106811523,0.4736592992616738
2015-06-19,53.64835739135742,15.146646499633789,13.960000038146973,13.94300012588501,0.4555229451011193
2015-06-22,53.623172760009766,15.125409126281738,12.739999771118164,13.973500108718872,0.45265563771396744
2015-06-23,53.560218811035156,14.9201021194458,12.109999656677246,13.8760000705719,0.48910777346495604
2015-06-24,53.31467056274414,14.803293228149414,13.260000228881836,13.875500059127807,0.4352889620545239
2015-06-25,52.842464447021484,14.704178810119629,14.010000228881836,13.910500049591064,0.2958240404198041
2015-06-26,52.79838943481445,14.792669296264648,14.020000457763672,13.919500064849853,0.2547981424909459
2015-06-29,52.14360809326172,14.714797973632812,18.850000381469727,14.1635000705719,0.04434137460233699
2015-06-30,52.382843017578125,14.675859451293945,18.229999542236328,14.363000059127808,0.14054616786512303
2015-07-01,51.86028289794922,14.76435375213623,16.09000015258789,14.484500074386597,-0.07057971032993939
2015-07-02,52.345069885253906,14.948421478271484,16.790000915527344,14.588500118255615,0.04901377503785828
2015-07-06,51.961021423339844,15.008602142333984,17.010000228881836,14.728500127792358,-0.10475851373896794
2015-07-07,52.17508316040039,15.38027572631836,16.09000015258789,14.768500137329102,-0.13516596019134167
2015-07-08,51.60845184326172,15.298855781555176,19.65999984741211,15.028000116348267,-0.31326898911726797
2015-07-09,51.3754997253418,15.128950119018555,19.969999313354492,15.36550006866455,-0.34739475265483216
2015-07-10,51.76585006713867,15.210369110107422,16.829999923706055,15.564500045776366,-0.23195839089164194
2015-07-13,51.89176940917969,15.217443466186523,13.899999618530273,15.570500040054322,-0.18922193895755265
2015-07-14,52.32619094848633,15.196205139160156,13.369999885559082,15.469500017166137,-0.028701446598639678
2015-07-15,52.10582733154297,15.27054214477539,13.229999542236328,15.39049997329712,-0.1283412343422805
2015-07-16,52.200279235839844,15.497084617614746,12.109999656677246,15.270999956130982,-0.15968116336163465
2015-07-17,52.01139450073242,15.344874382019043,11.949999809265137,15.208999967575073,-0.1832119372173521
2015-07-20,51.47623825073242,15.267007827758789,12.25,15.123499965667724,-0.3511439936208147
2015-07-21,51.413265228271484,15.128950119018555,12.220000267028809,15.097499990463257,-0.3339693190915539
2015-07-22,51.495121002197266,15.196205139160156,12.119999885559082,15.098000001907348,-0.3241423512547809
2015-07-23,51.08588790893555,14.969663619995117,12.640000343322754,15.067000007629394,-0.40470571842291747
2015-07-24,50.33035659790039,14.9838228225708,13.739999771118164,15.053499984741212,-0.6773504462672255
2015-07-27,49.90223693847656,15.174966812133789,15.600000381469727,15.132499980926514,-0.8843181180342488
2015-07-28,51.929542541503906,15.245763778686523,13.4399995803833,14.861999940872192,-0.18390914479445628
2015-07-29,52.345069885253906,15.302393913269043,12.5,14.575499963760375,-0.052419101802512275
2015-07-30,52.26324462890625,15.41567611694336,12.130000114440918,14.377499961853028,-0.1139692209065163
2015-07-31,49.87073516845703,15.571419715881348,12.119999885559082,14.143999910354614,-1.0091227324260288
2015-08-03,49.14669418334961,15.65283489227295,12.5600004196167,13.921499919891357,-1.2898454121121044
2015-08-04,48.58635330200195,15.401512145996094,13.0,13.766999912261962,-1.4170255808473307
2015-08-05,48.58635330200195,15.440454483032227,12.510000228881836,13.40949993133545,-1.4281847358716164
2015-08-06,49.16558074951172,15.521869659423828,13.770000457763672,13.099499988555909,-1.2456024838109614
2015-08-07,48.3723030090332,15.713013648986816,13.390000343322754,12.927500009536743,-1.5823818931952798
2015-08-10,49.58113098144531,15.6492919921875,12.229999542236328,12.844000005722046,-1.134390223686366
2015-08-11,49.244327545166016,15.727168083190918,13.710000038146973,12.86100001335144,-1.2764378878158722
2015-08-12,50.07045364379883,16.006811141967773,13.609999656677246,12.880000019073487,-1.062887852700957
2015-08-13,49.98149490356445,16.010351181030273,13.489999771118164,12.949000024795533,-1.095526626267803
2015-08-14,49.79719924926758,16.130704879760742,12.829999923706055,12.993000030517578,-1.1955308001470424
2015-08-17,50.05775451660156,16.208580017089844,13.020000457763672,13.031500053405761,-1.1252203785301236
2015-08-18,49.50486755371094,16.169641494750977,13.789999961853027,13.110000038146973,-1.3106106639961004
2015-08-19,48.44359588623047,16.236900329589844,15.25,13.26650004386902,-1.707160458304026
2015-08-20,47.388675689697266,16.141321182250977,19.139999389648438,13.591499996185302,-2.0547901601576144
2015-08-21,45.83807373046875,15.946637153625488,28.030000686645508,14.30600004196167,-2.5502329829352335
2015-08-24,43.671043395996094,15.34841251373291,40.7400016784668,15.563000106811524,-3.1491758556717273
2015-08-25,43.66468048095703,14.8776273727417,36.02000045776367,16.692000150680542,-3.0165315951127574
2015-08-26,46.07320022583008,15.143107414245605,30.31999969482422,17.583000135421752,-2.236390617527089
2015-08-27,47.566619873046875,15.320093154907227,26.100000381469727,18.281500148773194,-1.7562042515167546
2015-08-28,47.70643997192383,15.27408504486084,26.049999237060547,18.978000116348266,-1.6933150632193947
2015-08-31,47.814449310302734,15.029837608337402,28.43000030517578,19.77150011062622,-1.5849277880964145
2015-09-01,45.80630111694336,14.622760772705078,31.399999618530273,20.691500091552733,-2.1821634367052463
2015-09-02,46.5371208190918,14.63338851928711,26.09000015258789,21.370500087738037,-1.925406398790917
2015-09-03,46.89299774169922,14.700640678405762,25.610000610351562,21.96250009536743,-1.8181655637222518
2015-09-04,46.047794342041016,14.498870849609375,27.799999237060547,22.68300004005432,-2.0608125076201897
2015-09-08,46.708702087402344,14.806833267211914,24.899999618530273,23.31650004386902,-1.9141117885160326
2015-09-09,45.755470275878906,14.622760772705078,26.229999542236328,23.942500019073485,-2.2002335278396585
2015-09-10,46.08590316772461,14.597990989685059,24.3700008392334,24.480500078201295,-2.0756684820113556
2015-09-11,46.19395446777344,14.707721710205078,23.200000762939453,24.96600012779236,-2.068700806266146
2015-09-14,46.06684494018555,14.743117332458496,24.25,25.537000131607055,-2.124030384095972
2015-09-15,46.30198669433594,14.820988655090332,22.540000915527344,26.013000154495238,-2.0627532368701926
2015-09-16,47.21710205078125,14.969663619995117,21.350000381469727,26.391000175476073,-1.7800383230463483
2015-09-17,47.31877136230469,15.174966812133789,21.139999389648438,26.685500144958496,-1.802726262114507
2015-09-18,46.1876220703125,15.089569091796875,22.280000686645508,26.84250020980835,-2.180372545808259
2015-09-21,46.638797760009766,15.15031909942627,20.139999389648438,26.448000144958495,-2.037390280974545
2015-09-22,46.2257194519043,14.960932731628418,22.440000534057617,25.53300008773804,-2.129967627869528
2015-09-23,45.94610595703125,15.000237464904785,22.1299991607666,24.838500022888184,-2.2406317261013116
2015-09-24,46.219364166259766,15.12172794342041,23.469999313354492,24.496000003814697,-2.178303708596017
2015-09-25,46.5371208190918,15.268227577209473,23.6200008392334,24.37200002670288,-2.1073232533509048
2015-09-28,46.13676452636719,15.193195343017578,27.6299991607666,24.451000022888184,-2.2281468395950843
2015-09-29,46.371891021728516,15.196764945983887,26.829999923706055,24.371000003814697,-2.1455835233329883
2015-09-30,47.24887466430664,15.46832275390625,24.5,24.026000022888184,-1.911637028310937
2015-10-01,47.064571380615234,15.286094665527344,22.549999237060547,23.848999977111816,-1.9249373290508374
2015-10-02,48.22117233276367,15.489761352539062,20.940000534057617,23.61549997329712,-1.5721337826937007
2015-10-05,48.81217956542969,15.689863204956055,19.540000915527344,23.20250005722046,-1.4193742432041843
2015-10-06,49.498497009277344,15.582664489746094,19.399999618530273,22.92750005722046,-1.1446736556973804
2015-10-07,50.33100891113281,15.529073715209961,18.399999618530273,22.536000061035157,-0.8333633928938082
2015-10-08,50.858463287353516,15.722023963928223,17.420000076293945,22.188500022888185,-0.7011472187390045
2015-10-09,50.36914825439453,15.646987915039062,17.079999923706055,21.882499980926514,-0.8535940664750372
2015-10-12,50.39455032348633,15.78633975982666,16.170000076293945,21.478499984741212,-0.8844958555159677
2015-10-13,50.30557632446289,15.75061321258545,17.670000076293945,21.23499994277954,-0.9058879829472004
2015-10-14,50.94109344482422,15.74703598022461,18.030000686645508,21.06899995803833,-0.6789399812563818
2015-10-15,51.7799186706543,15.979292869567871,16.049999237060547,20.814499950408937,-0.44729668988279814
2015-10-16,52.4154167175293,16.0007266998291,15.050000190734863,20.452999925613405,-0.22752253536596012
2015-10-19,51.468528747558594,16.011451721191406,14.979999542236328,20.194999933242798,-0.5672094434803422
2015-10-20,51.36686325073242,16.065048217773438,15.75,19.860499906539918,-0.6187093722234769
2015-10-21,50.97285079956055,16.03289031982422,16.700000762939453,19.58899998664856,-0.749563649302934
2015-10-22,52.67596435546875,16.218698501586914,14.449999809265137,19.138000011444092,-0.19736034663614835
2015-10-23,52.733184814453125,15.932841300964355,14.460000038146973,18.67999997138977,-0.09510472360896928
2015-10-26,51.614715576171875,15.875665664672852,15.289999961853027,18.063000011444093,-0.47633051994535924
2015-10-27,51.5320930480957,15.818501472473145,15.430000305175781,17.493000030517578,-0.4893216506830399
2015-10-28,52.2883186340332,15.650561332702637,14.329999923706055,16.984500026702882,-0.17236328255782632
2015-10-29,52.25654602050781,15.561234474182129,14.609999656677246,16.587500047683715,-0.15806114101230992
2015-10-30,52.580657958984375,15.632695198059082,15.069999694824219,16.294000005722047,-0.06331857619450251
2015-11-02,54.19481658935547,15.650561332702637,14.149999618530273,16.024499940872193,0.5053865063264678
2015-11-03,55.19252014160156,15.697009086608887,14.539999961853027,15.78149995803833,0.8467548871598625
2015-11-04,54.63965606689453,15.779193878173828,15.510000228881836,15.636999988555909,0.6266641424891276
2015-11-05,53.89611053466797,15.643415451049805,15.050000190734863,15.518499994277954,0.40124580165193874
2015-11-06,53.680057525634766,15.096712112426758,14.329999923706055,15.380999994277953,0.48110116412282683
2015-11-09,52.532615661621094,15.136019706726074,16.520000457763672,15.398500013351441,0.06192791939040817
2015-11-10,52.78901672363281,15.271799087524414,15.289999961853027,15.279500007629395,0.1141687428155443
2015-11-11,52.321067810058594,15.404009819030762,16.059999465942383,15.180999946594238,-0.09007034433165156
2015-11-12,50.90439987182617,15.257508277893066,18.3700008392334,15.29700002670288,-0.5517073159314209
2015-11-13,50.064640045166016,15.20034122467041,20.079999923706055,15.54850001335144,-0.8338558720995244
2015-11-16,51.859527587890625,15.457606315612793,18.15999984741211,15.70750002861023,-0.26950380609762775
2015-11-17,51.256954193115234,15.178900718688965,18.84000015258789,15.862000036239625,-0.40385069023092635
2015-11-18,51.75696563720703,15.275376319885254,16.850000381469727,15.869500017166137,-0.25374495518529805
2015-11-19,51.47490310668945,15.439737319946289,16.989999771118164,15.996500015258789,-0.4011152789829648
2015-11-20,51.14799118041992,15.504057884216309,15.470000267028809,16.047000026702882,-0.5357621487312733
2015-11-23,51.46208190917969,15.361129760742188,15.619999885559082,16.063500022888185,-0.38314768885058675
2015-11-24,52.48774719238281,15.33968734741211,15.930000305175781,16.088500022888184,-0.012384737252917562
2015-11-25,52.083892822265625,15.246790885925293,15.1899995803833,16.131500005722046,-0.12933277215018588
2015-11-27,52.071075439453125,15.275376319885254,15.119999885559082,16.157000017166137,-0.14208060665323166
2015-11-30,52.34670639038086,15.300386428833008,16.1299991607666,16.209999990463256,-0.05126207657831832
2015-12-01,52.494144439697266,15.421869277954102,14.670000076293945,16.23600001335144,-0.033660264261404955
2015-12-02,50.99413299560547,15.07884693145752,15.90999984741211,16.304500007629393,-0.46861121568294434
2015-12-03,50.26334762573242,14.964510917663574,18.110000610351562,16.43450002670288,-0.6956378365728616
2015-12-04,50.551815032958984,15.175324440002441,14.8100004196167,16.42250003814697,-0.6534990727954498
2015-12-07,49.2313117980957,15.24321460723877,15.84000015258789,16.498000049591063,-1.1423852097327212
2015-12-08,47.84024429321289,15.221774101257324,17.600000381469727,16.552000045776367,-1.630758337647574
2015-12-09,48.481292724609375,15.225347518920898,19.610000610351562,16.768000078201293,-1.4038930452701108
2015-12-10,48.51974868774414,14.97523021697998,19.34000015258789,16.93200011253357,-1.318549577323796
2015-12-11,47.654354095458984,14.932347297668457,24.389999389648438,17.23300004005432,-1.6139043573923844
2015-12-14,48.737701416015625,15.00738525390625,22.729999542236328,17.365500020980836,-1.2502827667899212
2015-12-15,50.91719436645508,15.1253023147583,20.950000762939453,17.5050000667572,-0.5092745478189726
2015-12-16,50.73771286010742,15.507635116577148,17.860000610351562,17.456000089645386,-0.6826389661045399
2015-12-17,49.974884033203125,15.539787292480469,18.940000534057617,17.56050009727478,-0.9630339136792988
2015-12-18,49.53898239135742,15.346648216247559,20.700000762939453,17.746000146865846,-1.0626494725946016
2015-12-21,49.526161193847656,15.33581829071045,18.700000762939453,17.907500171661376,-1.0641039608179113
2015-12-22,49.77616500854492,15.465782165527344,16.600000381469727,17.956500196456908,-1.0124708571327035
2015-12-23,51.404396057128906,15.70405101776123,15.569999694824219,17.93850016593933,-0.5019207965821144
2015-12-24,50.85310745239258,15.69322395324707,15.739999771118164,17.966000175476076,-0.6947983773814667
2015-12-28,50.47489547729492,15.722099304199219,16.90999984741211,18.055500173568724,-0.8375251053887286
2015-12-29,50.7441291809082,15.808747291564941,16.079999923706055,18.0530002117157,-0.7666434578805029
2015-12-30,50.071044921875,15.794310569763184,17.290000915527344,18.184000253677368,-1.001784371511882
2015-12-31,49.968482971191406,15.62462329864502,18.209999084472656,18.299000215530395,-0.9896197118832715
2016-01-04,49.65437316894531,15.592135429382324,20.700000762939453,18.42850022315979,-1.0919744709786579
2016-01-05,50.077457427978516,15.70405101776123,19.34000015258789,18.65500020980835,-0.9736403561328997
2016-01-06,49.66078186035156,15.675164222717285,20.59000015258789,18.89250020980835,-1.113488603173028
2016-01-07,48.865901947021484,15.570478439331055,24.989999771118164,19.262000179290773,-1.3660658203067955
2016-01-08,47.87871551513672,15.563257217407227,27.010000228881836,19.632000160217284,-1.7149360140610623
2016-01-11,47.23768615722656,15.64628791809082,24.299999237060547,19.880000114440918,-1.9666114438503657
2016-01-12,48.205631256103516,15.584915161132812,22.469999313354492,19.78400011062622,-1.6049254338275587
2016-01-13,48.494110107421875,15.577699661254883,25.219999313354492,19.908500099182127,-1.500305106961695
2016-01-14,50.718482971191406,15.812357902526855,23.950000762939453,20.05850009918213,-0.7767951895066434
2016-01-15,49.731300354003906,15.671554565429688,27.020000457763672,20.516500091552736,-1.0873852887667608
2016-01-19,48.974884033203125,15.906217575073242,26.049999237060547,20.87200002670288,-1.4235312917176952
2016-01-20,46.91074752807617,15.548818588256836,27.59000015258789,21.216499996185302,-2.054905963484904
2016-01-21,47.50051498413086,15.53437328338623,26.690000534057617,21.61599998474121,-1.841107411962354
2016-01-22,49.08384323120117,15.812357902526855,22.34000015258789,21.90299997329712,-1.3579008421969387
2016-01-25,47.423580169677734,15.678778648376465,24.149999618530273,22.33199996948242,-1.9098375295974124
2016-01-26,49.16719055175781,15.78708553314209,22.5,22.669999980926512,-1.3210293715170458
2016-01-27,48.263336181640625,15.82318115234375,23.110000610351562,22.980000019073486,-1.6526881594679939
2016-01-28,49.35307693481445,16.07589340209961,22.420000076293945,23.297000026702882,-1.3377073485287692
2016-01-29,49.90437698364258,16.39719009399414,20.200000762939453,23.442500019073485,-1.2337925916460188
2016-02-01,48.904361724853516,16.552431106567383,19.979999542236328,23.53100004196167,-1.6337778704252173
2016-02-02,47.814613342285156,16.624629974365234,21.979999542236328,23.594999980926513,-2.041866579492934
2016-02-03,50.308231353759766,16.83040428161621,21.649999618530273,23.710499954223632,-1.2143645966973724
2016-02-04,51.17361068725586,16.758207321166992,21.84000015258789,23.772999954223632,-0.8860384267058667
2016-02-05,51.333885192871094,16.81236457824707,23.3799991607666,23.692499923706055,-0.8445807799047186
2016-02-08,52.02620315551758,16.754592895507812,26.0,23.641999912261962,-0.5819106461564737
2016-02-09,51.79979705810547,16.81236457824707,26.540000915527344,23.753999996185303,-0.6789516128658749
2016-02-10,51.32760238647461,16.7943115234375,26.290000915527344,23.945000076293944,-0.8416410751384951
2016-02-11,51.48930358886719,16.498279571533203,28.139999389648438,24.091000080108643,-0.6993274740490701
2016-02-12,52.4142951965332,16.447742462158203,25.399999618530273,24.163500022888183,-0.35601621792600124
2016-02-16,52.537208557128906,16.552431106567383,24.110000610351562,24.018000030517577,-0.34232032296226717
2016-02-17,53.04174041748047,16.519943237304688,22.309999465942383,23.83100004196167,-0.15365236553779107
2016-02-18,53.332820892333984,16.79069709777832,21.639999389648438,23.533500003814698,-0.12776092561145055
2016-02-19,53.36518096923828,16.678783416748047,20.530000686645508,23.22550001144409,-0.08418757045480835
2016-02-22,53.29402160644531,16.873733520507812,19.3799991607666,23.07749996185303,-0.16534843730188345
2016-02-23,52.5436897277832,16.888174057006836,20.979999542236328,22.91899995803833,-0.43622541273393367
2016-02-24,52.73124313354492,16.96759605407715,20.719999313354492,22.829999923706055,-0.39231002275533444
2016-02-25,53.04822540283203,17.140878677368164,19.110000610351562,22.629999923706055,-0.32927967939296693
2016-02-26,52.88003158569336,16.667959213256836,19.809999465942383,22.499499893188478,-0.2535538330041225
2016-02-29,51.845088958740234,16.714889526367188,20.549999237060547,22.516999816894533,-0.6349185376390931
2016-03-01,52.576019287109375,16.631847381591797,17.700000762939453,22.402999877929688,-0.35128051607557575
2016-03-02,53.49454116821289,16.718502044677734,17.09000015258789,22.158499908447265,-0.04958231986696085
2016-03-03,53.300479888916016,16.819581985473633,16.700000762939453,21.910999965667724,-0.1475351126591621
2016-03-04,53.22935485839844,17.007308959960938,16.860000610351562,21.66199998855591,-0.22661394451927105
2016-03-07,54.632999420166016,17.101167678833008,17.350000381469727,21.360500049591064,0.24547839606024047
2016-03-08,53.44926452636719,17.270843505859375,18.670000076293945,20.994000053405763,-0.2239546074664171
2016-03-09,53.300479888916016,17.350278854370117,18.34000015258789,20.584000015258788,-0.29960941229415855
2016-03-10,53.158164978027344,17.36470603942871,18.049999237060547,20.17199993133545,-0.35433579363268747
2016-03-11,53.164642333984375,17.382761001586914,16.5,19.589999961853028,-0.3572068836364262
2016-03-14,53.30696105957031,17.404422760009766,16.920000076293945,19.165999984741212,-0.31282064456321573
2016-03-15,53.572147369384766,17.436906814575195,16.84000015258789,18.802499961853027,-0.227856831278207
2016-03-16,53.6044921875,17.70406150817871,14.989999771118164,18.436499977111815,-0.2929131660376194
2016-03-17,54.40013885498047,17.801536560058594,14.4399995803833,18.07649998664856,-0.03799709452460343
2016-03-18,54.46481704711914,17.68804931640625,14.020000457763672,17.75099997520447,0.017516090707913847
2016-03-21,54.08964920043945,17.669862747192383,13.789999961853027,17.47150001525879,-0.11064259680684621
2016-03-22,54.4130859375,17.61166763305664,14.170000076293945,17.13100004196167,0.021013578178918448
2016-03-23,54.17372512817383,17.742616653442383,14.9399995803833,16.84200005531311,-0.10160211426731737
2016-03-24,54.32250213623047,17.789901733398438,14.739999771118164,16.62350001335144,-0.062262503477419594
2016-03-28,54.47773742675781,17.724424362182617,15.239999771118164,16.39500002861023,0.011685733651885313
2016-03-29,54.678279876708984,17.986310958862305,13.819999694824219,16.058500051498413,0.007932358175987518
2016-03-30,54.67180633544922,17.942655563354492,13.5600004196167,15.851500034332275,0.01814075857398208
2016-03-31,54.07023239135742,18.048141479492188,13.949999809265137,15.694500017166138,-0.22594315706194953
2016-04-01,53.66272735595703,18.117246627807617,13.100000381469727,15.514499998092651,-0.3906114950896785
2016-04-04,53.79209899902344,18.040864944458008,14.119999885559082,15.377499961853028,-0.32273295121295326
2016-04-05,53.177581787109375,17.702600479125977,15.420000076293945,15.280999946594239,-0.44425885524536723
2016-04-06,53.88911819458008,17.68077278137207,14.09000015258789,15.051999950408936,-0.18505662719092264
2016-04-07,53.28107452392578,17.673503875732422,16.15999984741211,14.942999935150146,-0.39912994054790524
2016-04-08,53.82442855834961,17.76807403564453,15.359999656677246,14.808499956130982,-0.233070131932778
2016-04-11,53.89558792114258,17.691686630249023,16.260000228881836,14.796499967575073,-0.18588410151929952
2016-04-12,54.561851501464844,17.81535530090332,14.850000381469727,14.692999982833863,0.01553104199608654
2016-04-13,54.872344970703125,17.706233978271484,13.84000015258789,14.542999982833862,0.157179158412615
2016-04-14,55.26043701171875,17.684412002563477,13.720000267028809,14.479500007629394,0.30139701078157916
2016-04-15,54.96289825439453,17.782625198364258,13.619999885559082,14.438500022888183,0.16748001261410736
2016-04-18,55.486839294433594,17.851728439331055,13.350000381469727,14.405000019073487,0.33393630089036486
2016-04-19,55.76496887207031,17.880828857421875,13.239999771118164,14.377500009536742,0.42447097727816047
2016-04-20,56.146644592285156,17.43343734741211,13.279999732971191,14.332999992370606,0.6883573075164061
2016-04-21,56.14016342163086,17.06971549987793,13.949999809265137,14.283500003814698,0.7902799143107152
2016-04-22,56.61882400512695,17.222484588623047,13.220000267028809,14.20750002861023,0.9166643040818688
2016-04-25,56.489471435546875,17.255216598510742,14.079999923706055,14.149500036239624,0.8613006106066979
2016-04-26,56.68351745605469,17.280681610107422,13.960000038146973,14.156500053405761,0.9229857808502614
2016-04-27,57.22040557861328,17.53165054321289,13.770000457763672,14.16700005531311,1.0419300069711703
2016-04-28,56.9422721862793,17.506189346313477,15.220000267028809,14.230500078201294,0.9503511343072385
2016-04-29,57.181575775146484,17.61166763305664,15.699999809265137,14.360500049591064,1.005196853988438
2016-05-02,57.653778076171875,17.753520965576172,14.680000305175781,14.388500070571899,1.132413332963104
2016-05-03,56.99401092529297,17.73897361755371,15.600000381469727,14.39750008583069,0.9020382803855059
2016-05-04,56.8840446472168,17.94630241394043,16.049999237060547,14.49550004005432,0.8035345765165417
2016-05-05,56.94872283935547,17.8771915435791,15.90999984741211,14.483000040054321,0.8463314517723178
2016-05-06,57.25275421142578,17.76079559326172,14.720000267028809,14.451000070571899,0.9877669145542904
2016-05-09,57.29156494140625,17.862638473510742,14.569999694824219,14.366500043869019,0.9723802462107553
2016-05-10,58.21009063720703,17.880828857421875,13.630000114440918,14.305500030517578,1.29369863917601
2016-05-11,57.92961120605469,17.94630241394043,14.6899995803833,14.348000001907348,1.1752278754989023
2016-05-12,58.490562438964844,18.051782608032227,14.40999984741211,14.382499980926514,1.3444170594452878
2016-05-13,57.831748962402344,17.9644832611084,15.039999961853027,14.45349998474121,1.1352285448496047
2016-05-16,58.425331115722656,17.986310958862305,14.680000305175781,14.519999980926514,1.3399889591760512
2016-05-17,58.39924621582031,17.68077278137207,15.569999694824219,14.636499977111816,1.41826967363378
2016-05-18,58.28185272216797,17.34978485107422,15.949999809265137,14.769999980926514,1.471383449062182
2016-05-19,58.777587890625,17.524370193481445,16.329999923706055,14.88899998664856,1.5975861867181484
2016-05-20,58.53623580932617,17.56438636779785,15.199999809265137,14.987999963760377,1.5003199480199771
2016-05-23,58.44491195678711,17.40798568725586,15.819999694824219,15.074999952316285,1.5126723407736438
2016-05-24,58.490562438964844,17.582571029663086,14.420000076293945,15.097999954223633,1.4788723885477406
2016-05-25,58.87541580200195,17.53165054321289,13.899999618530273,15.104499912261963,1.6302772571592339
2016-05-26,58.57536315917969,17.73169708251953,13.430000305175781,15.014999914169312,1.4662856444891128
2016-05-27,58.712345123291016,17.76079559326172,13.119999885559082,14.885999917984009,1.5066436485221906
2016-05-31,58.06657409667969,17.8771915435791,14.1899995803833,14.861499881744384,1.2437215730365532
2016-06-01,58.210079193115234,17.924470901489258,14.199999809265137,14.791499853134155,1.2811886872309972
2016-06-02,57.7469596862793,17.931747436523438,13.630000114440918,14.670499897003173,1.1144670548316562
2016-06-03,57.64262008666992,18.215456008911133,13.470000267028809,14.548499917984008,0.9960765322712224
2016-06-06,58.275306701660156,18.189992904663086,13.649999618530273,14.494999885559082,1.2282898294186866
2016-06-07,59.16895294189453,18.175447463989258,14.050000190734863,14.468999910354615,1.5501443519731957
2016-06-08,59.22111892700195,18.284570693969727,14.079999923706055,14.491499900817871,1.537419178229811
2016-06-09,59.142860412597656,18.44096565246582,14.640000343322754,14.488999938964843,1.46478280404523
2016-06-10,58.692787170410156,18.3936824798584,17.030000686645508,14.619999980926513,1.318333452842046
2016-06-13,59.09066390991211,18.371854782104492,20.969999313354492,14.916499948501587,1.4660313526836608
2016-06-14,58.986289978027344,18.470062255859375,20.5,15.207499933242797,1.400785052721563
2016-06-15,58.8101921081543,18.35367202758789,20.139999389648438,15.43599991798401,1.371535507678854
2016-06-16,59.501609802246094,18.470062255859375,19.3700008392334,15.606999969482422,1.5839784839534954
2016-06-17,59.175472259521484,18.536802291870117,19.40999984741211,15.760999965667725,1.4489135895840695
2016-06-20,59.436405181884766,18.46712875366211,18.3700008392334,15.919500017166138,1.5616392036944686
2016-06-21,59.70381546020508,18.492794036865234,18.479999542236328,16.052500009536743,1.649347584762039
2016-06-22,59.468990325927734,18.4047908782959,21.170000076293945,16.39000000953674,1.5910863311995285
2016-06-23,59.87994384765625,18.456130981445312,17.25,16.557500028610228,1.7224662945418439
2016-06-24,58.30792999267578,18.485462188720703,25.760000228881836,17.174000024795532,1.1552187783573171
2016-06-27,57.962215423583984,18.71282196044922,23.850000381469727,17.710500049591065,0.9671678291078606
2016-06-28,59.299415588378906,18.78249740600586,18.75,17.938500070571898,1.422569402014653
2016-06-29,60.31044006347656,18.83383560180664,16.639999389648438,18.060500049591063,1.7672719146129925
2016-06-30,61.145362854003906,19.240867614746094,15.630000114440918,18.160500049591064,1.9474450746878518
2016-07-01,61.21061706542969,19.244535446166992,14.770000457763672,18.225500059127807,1.9695915579591585
2016-07-05,60.67572021484375,19.387556076049805,15.579999923706055,18.322000074386597,1.7384551988202628
2016-07-06,61.37364959716797,19.427892684936523,14.960000038146973,18.367500066757202,1.9750066558973667
2016-07-07,60.63657760620117,19.068525314331055,14.760000228881836,18.401500082015993,1.8159603470429426
2016-07-08,61.01490783691406,19.26654815673828,13.199999809265137,18.32950005531311,1.8937101065142083
2016-07-11,61.24321746826172,19.25187110900879,13.539999961853027,18.155000019073487,1.9790787489628683
2016-07-12,61.93464660644531,18.987842559814453,13.550000190734863,17.784000062942503,2.3005370248990547
2016-07-13,61.88898849487305,19.138200759887695,13.039999961853027,17.411000061035157,2.241219787443575
2016-07-14,61.93464660644531,19.013521194458008,12.819999694824219,17.045000076293945,2.29317866156987
2016-07-15,62.04555130004883,19.068525314331055,12.670000076293945,16.710000038146973,2.316842931722849
2016-07-18,61.84986114501953,19.1235294342041,12.4399995803833,16.361500024795532,2.2315143790124137
2016-07-19,61.62154769897461,19.090524673461914,11.970000267028809,16.0414999961853,2.1598078822692264
2016-07-20,61.26930618286133,18.980512619018555,11.770000457763672,15.70600004196167,2.066112513431013
2016-07-21,61.21712875366211,19.094194412231445,12.739999771118164,15.284500026702881,2.014987533001026
2016-07-22,61.321475982666016,19.347219467163086,12.020000457763672,15.023000049591065,1.979576599611395
2016-07-25,60.14085388183594,19.31421661376953,12.869999885559082,14.378500032424927,1.5693289415988079
2016-07-26,59.70381546020508,19.14552879333496,13.050000190734863,13.838500022888184,1.462302612848109
2016-07-27,59.299415588378906,18.92551040649414,12.829999923706055,13.542500019073486,1.3815881881379302
2016-07-28,58.836273193359375,18.99884605407715,12.720000267028809,13.346500062942505,1.195928793059822
2016-07-29,58.02091598510742,19.112531661987305,11.869999885559082,13.158500051498413,0.8734964048625149
2016-08-01,56.00536346435547,19.1235294342041,12.4399995803833,13.042000007629394,0.1538268272650806
2016-08-02,56.77503967285156,18.99884605407715,13.369999885559082,12.931500005722047,0.46317134138489596
2016-08-03,57.06858825683594,18.885169982910156,12.859999656677246,12.82649998664856,0.6001008319556317
2016-08-04,57.06205749511719,18.874174118041992,12.420000076293945,12.709499979019165,0.6009301107768014
2016-08-05,57.11424255371094,18.60280990600586,11.390000343322754,12.619000005722047,0.697242625133418
2016-08-08,57.786094665527344,18.59547996520996,11.5,12.517000007629395,0.9381828818442519
2016-08-09,57.85784149169922,18.591812133789062,11.65999984741211,12.422499990463256,0.96473953200644
2016-08-10,56.84476089477539,18.59547996520996,12.050000190734863,12.373000001907348,0.6035437794965393
2016-08-11,57.04872131347656,18.639480590820312,11.680000305175781,12.316000032424927,0.6634419761934733
2016-08-12,57.79207229614258,18.665145874023438,11.550000190734863,12.260000038146973,0.9203447227683604
2016-08-15,57.76573944091797,18.379121780395508,11.8100004196167,12.228500080108642,0.9929454152843887
2016-08-16,57.83811569213867,18.16276741027832,12.640000343322754,12.26200008392334,1.0806723974683032
2016-08-17,57.96310043334961,18.434123992919922,12.1899995803833,12.283000040054322,1.0473449821284069
2016-08-18,58.489376068115234,18.661481857299805,11.430000305175781,12.217500066757202,1.1692824159993809
2016-08-19,57.7591667175293,18.434123992919922,11.34000015258789,12.183500051498413,0.9748476408867045
2016-08-22,57.88416290283203,18.481796264648438,12.270000457763672,12.153500080108643,1.0056223447721573
2016-08-23,57.70656204223633,18.401124954223633,12.380000114440918,12.120000076293945,0.9656030292413633
2016-08-24,57.90388870239258,18.39379119873047,13.449999809265137,12.1510000705719,1.0378531283012777
2016-08-25,57.535518646240234,18.4047908782959,13.630000114440918,12.196500062942505,0.9037475281004929
2016-08-26,57.41050720214844,18.023422241210938,13.649999618530273,12.285500049591064,0.9685900499891502
2016-08-29,57.785484313964844,18.170106887817383,12.9399995803833,12.310500049591065,1.0598590547315478
2016-08-30,57.57496643066406,17.979415893554688,13.119999885559082,12.298000049591064,1.0396646998576007
2016-08-31,57.32500076293945,18.05274772644043,13.420000076293945,12.326000070571899,0.9297895801070665
2016-09-01,57.127628326416016,17.961078643798828,13.479999542236328,12.379000043869018,0.8858930515858299
2016-09-02,57.50918960571289,18.199438095092773,11.979999542236328,12.408500003814698,0.9532327396854964
2016-09-06,58.265716552734375,18.397459030151367,12.020000457763672,12.434500026702882,1.1654299481763262
2016-09-07,58.04863739013672,18.401124954223633,11.9399995803833,12.44850001335144,1.0872089791322572
2016-09-08,58.58147048950195,18.46346092224121,12.510000228881836,12.471500015258789,1.2587655485106157
2016-09-09,57.127628326416016,17.770395278930664,17.5,12.7625,0.9405344879008183
2016-09-12,57.423683166503906,18.085765838623047,15.15999984741211,12.942999982833863,0.9554091111846589
2016-09-13,56.05533981323242,17.83639907836914,17.850000381469727,13.244999980926513,0.5404279018378814
2016-09-14,55.654056549072266,17.90607452392578,18.139999389648438,13.519999933242797,0.3778079480685644
2016-09-15,55.96982192993164,18.041757583618164,16.299999237060547,13.72549991607666,0.45118006954936263
2016-09-16,55.27909469604492,18.217796325683594,15.369999885559082,13.922499895095825,0.1551853120023661
2016-09-19,55.14750671386719,18.39901351928711,15.529999732971191,14.13199987411499,0.05647764128072817
2016-09-20,54.29890060424805,18.365726470947266,15.920000076293945,14.314499855041504,-0.2356586764163442
2016-09-21,54.79886245727539,18.7392520904541,13.300000190734863,14.360499858856201,-0.16496087801586035
2016-09-22,54.95674133300781,18.853897094726562,12.020000457763672,14.288999891281128,-0.14168798341872346
2016-09-23,54.89752960205078,18.839111328125,12.289999961853027,14.221999883651733,-0.15850048780153164
2016-09-26,54.64096450805664,18.791030883789062,14.5,14.26449990272522,-0.23593026820034418
2016-09-27,54.759376525878906,18.546945571899414,13.100000381469727,14.272499942779541,-0.12389135414212249
2016-09-28,57.16710662841797,18.52105712890625,12.390000343322754,14.235999965667725,0.7394622575657026
2016-09-29,56.87765884399414,18.243684768676758,14.020000457763672,14.26599998474121,0.7160478002367084
2016-09-30,57.41709899902344,18.11794662475586,13.289999961853027,14.256500005722046,0.9438468820245217
2016-10-03,57.265777587890625,17.862764358520508,13.569999694824219,14.336000013351441,0.963176907376815
2016-10-04,56.7394905090332,17.489234924316406,13.630000114440918,14.416499996185303,0.8831217256335152
2016-10-05,57.232887268066406,17.452247619628906,12.989999771118164,14.469000005722046,1.0691205539177866
2016-10-06,57.259193420410156,17.44855308532715,12.84000015258789,14.485500001907349,1.0795309403303197
2016-10-07,57.06185531616211,17.426355361938477,13.479999542236328,14.284499979019165,1.0157391913948308
2016-10-10,58.180213928222656,17.570594787597656,13.380000114440918,14.195499992370605,1.3719770213434637
2016-10-11,57.719696044921875,17.370882034301758,15.359999656677246,14.070999956130981,1.2654942464413619
2016-10-12,57.31840896606445,17.541006088256836,15.90999984741211,13.959499979019165,1.0740887988295293
2016-10-13,56.94343185424805,17.759201049804688,16.690000534057617,13.979000043869018,0.8782614028221926
2016-10-14,56.93028259277344,17.659353256225586,16.1200008392334,14.016500091552734,0.9021988816828821
2016-10-17,56.93028259277344,17.75550651550293,16.209999084472656,14.050500059127808,0.8746456014221007
2016-10-18,57.081573486328125,17.907135009765625,15.279999732971191,14.01850004196167,0.8849786678026904
2016-10-19,57.344722747802734,17.866456985473633,14.40999984741211,14.074000024795533,0.9901833440357529
2016-10-20,57.37106704711914,17.855363845825195,13.75,14.160500001907348,1.0027274052376591
2016-10-21,56.982906341552734,17.751806259155273,13.34000015258789,14.213000011444091,0.8944133917783196
2016-10-24,57.17368698120117,17.818378448486328,13.020000457763672,14.139000034332275,0.9431582338348328
2016-10-25,57.04872131347656,17.9293270111084,13.460000038146973,14.157000017166137,0.8669406485947989
2016-10-26,57.292091369628906,17.97370719909668,14.239999771118164,14.249499988555907,0.9407399940265169
2016-10-27,57.180267333984375,17.866456985473633,15.359999656677246,14.316499948501587,0.9317203272330774
2016-10-28,55.7724723815918,17.92192840576172,16.190000534057617,14.461499977111817,0.41536111806098347
2016-10-31,54.81199264526367,18.280664443969727,17.059999465942383,14.635999965667725,-0.028882187544705774
2016-11-01,55.02909469604492,17.947818756103516,18.559999465942383,14.882499933242798,0.14367530965569833
2016-11-02,54.89752960205078,17.72222328186035,19.31999969482422,15.198999929428101,0.16155033096356894
2016-11-03,55.035667419433594,17.788795471191406,22.079999923706055,15.66099991798401,0.1915809322955099
2016-11-04,54.97645568847656,17.73331642150879,22.510000228881836,16.112499952316284,0.1864293267932009
2016-11-07,56.21323013305664,18.043975830078125,18.709999084472656,16.37899990081787,0.5370747275954368
2016-11-08,56.618064880371094,18.18450927734375,18.739999771118164,16.547999906539918,0.6407206237191868
2016-11-09,57.24190902709961,17.515121459960938,14.380000114440918,16.471499919891357,1.054310873203441
2016-11-10,57.772857666015625,17.09351348876953,14.739999771118164,16.373999881744385,1.363874500495439
2016-11-11,56.856998443603516,17.023242950439453,14.170000076293945,16.276499843597414,1.0584278981377038
2016-11-14,56.59815979003906,17.012149810791016,14.479999542236328,16.189999866485596,0.969590950475252
2016-11-15,57.62019729614258,17.285825729370117,13.369999885559082,16.09449987411499,1.2544963582912205
2016-11-16,56.910091400146484,17.167478561401367,13.720000267028809,16.059999895095824,1.0359705991045327
2016-11-17,56.56498718261719,17.17117691040039,13.350000381469727,16.03999991416931,0.9122281187280596
2016-11-18,56.59815979003906,17.11939811706543,12.850000381469727,16.015499925613405,0.9388583194393167
2016-11-21,57.401214599609375,17.30061912536621,12.420000076293945,15.985499906539918,1.1724100508233415
2016-11-22,57.52729415893555,17.3671875,12.40999984741211,15.932999897003175,1.1981550992697074
2016-11-23,57.686588287353516,17.19336700439453,12.430000305175781,15.842499923706054,1.3045925890675154
2016-11-25,57.8193473815918,17.441158294677734,12.34000015258789,15.691499948501587,1.280781687200842
2016-11-28,57.38792037963867,17.777700424194336,13.149999618530273,15.53949990272522,1.0309735833424516
2016-11-29,57.009647369384766,17.851667404174805,12.899999618530273,15.331499910354614,0.8753038869624675
2016-11-30,57.93879699707031,17.289520263671875,13.329999923706055,15.069999933242798,1.3666981512346295
2016-12-01,57.898956298828125,17.15268325805664,14.069999694824219,14.807499933242799,1.3917464432091786
2016-12-02,57.76620864868164,17.308019638061523,14.119999885559082,14.40949993133545,1.3000428156441206
2016-12-05,58.05823516845703,17.3302059173584,12.140000343322754,13.890999937057495,1.3974990673762366
2016-12-06,58.11133575439453,17.29692268371582,11.789999961853027,13.544999980926514,1.4259135463923653
2016-12-07,58.44981002807617,17.52251625061035,12.220000267028809,13.219000005722046,1.4815941743203926
2016-12-08,58.61572265625,17.55210304260254,12.640000343322754,13.132000017166138,1.5320969542702572
2016-12-09,59.06703567504883,17.737014770507812,11.75,12.982500028610229,1.6395487698689684
2016-12-12,60.381103515625,17.92192840576172,12.640000343322754,12.90600004196167,2.0537047467110368
2016-12-13,61.44297790527344,18.106849670410156,12.720000267028809,12.818000078201294,2.378205119295075
2016-12-14,60.115631103515625,17.73331642150879,13.1899995803833,12.809000062942506,2.0133785993369084
2016-12-15,60.321372985839844,17.85906410217285,12.789999961853027,12.762500047683716,2.0504849988221077
2016-12-16,60.513824462890625,18.07676124572754,12.199999809265137,12.705000019073486,2.056518072820232
2016-12-19,60.00945281982422,18.14396858215332,11.710000038146973,12.648000001907349,1.8579580048800877
2016-12-20,60.01606750488281,18.166378021240234,11.449999809265137,12.599499988555909,1.8538879337374492
2016-12-21,59.916526794433594,18.091697692871094,11.270000457763672,12.542500019073486,1.8399018315131976
2016-12-22,60.30812454223633,18.15517234802246,11.430000305175781,12.492500019073486,1.9609236940985748
2016-12-23,60.20191955566406,18.15143585205078,11.4399995803833,12.447499990463257,1.9242391063193691
2016-12-27,60.22846984863281,18.166378021240234,11.989999771118164,12.389499998092651,1.9293958267478868
2016-12-28,59.9298210144043,17.994606018066406,12.949999809265137,12.392000007629395,1.8724500440810907
2016-12-29,59.963008880615234,18.23732566833496,13.369999885559082,12.394000005722045,1.8146954133417985
2016-12-30,59.90325164794922,18.136503219604492,14.039999961853027,12.392500019073486,1.8223433017879598
2017-01-03,60.321372985839844,18.091697692871094,12.850000381469727,12.32900004386902,1.9838224793115404
2017-01-04,59.65768814086914,18.158903121948242,11.850000381469727,12.314500045776366,1.728627969862304
2017-01-05,58.76838684082031,18.177581787109375,11.670000076293945,12.308500051498413,1.4071336505069023
2017-01-06,58.735164642333984,18.233585357666016,11.319999694824219,12.263500022888184,1.3792751857527004
2017-01-09,57.76620864868164,17.994606018066406,11.5600004196167,12.20950002670288,1.1032974625100778
2017-01-10,57.029541015625,17.938596725463867,11.489999771118164,12.196500015258788,0.8574658646664557
2017-01-11,57.61357116699219,18.125301361083984,11.260000228881836,12.127500009536742,1.011584140238308
2017-01-12,57.30165481567383,18.14023780822754,11.539999961853027,12.068499994277953,0.8964194252244462
2017-01-13,57.30827713012695,18.114093780517578,11.229999542236328,11.970499992370605,0.9062653469047175
2017-01-17,57.97859191894531,18.312013626098633,11.869999885559082,11.924499988555908,1.0878435637306105
2017-01-18,57.26181411743164,18.28960418701172,12.479999542236328,11.938499975204468,0.8394544591856056
2017-01-19,56.23313522338867,18.129039764404297,12.779999732971191,11.991999959945678,0.5197753111849283
2017-01-20,57.00300598144531,18.162635803222656,11.539999961853027,11.996499967575073,0.7838330910257194
2017-01-23,56.392425537109375,18.06928825378418,11.770000457763672,12.021499967575073,0.5935243083632998
2017-01-24,56.4720573425293,18.065553665161133,11.069999694824219,12.003499937057494,0.6229031559886936
2017-01-25,56.637969970703125,18.065553665161133,10.8100004196167,11.971999979019165,0.6818842046722957
2017-01-26,56.810550689697266,18.07302474975586,10.630000114440918,11.903999996185302,0.7410948407487818
2017-01-27,56.750797271728516,18.06928825378418,10.579999923706055,11.785500001907348,0.7209235362524083
2017-01-30,56.31942367553711,18.084226608276367,11.880000114440918,11.711000013351441,0.563291865380245
2017-01-31,55.6756591796875,18.364282608032227,11.989999771118164,11.608500003814697,0.25418535398746445
2017-02-01,55.045169830322266,18.046884536743164,11.8100004196167,11.556500005722047,0.1210020532633623
2017-02-02,55.38363265991211,18.23732566833496,11.930000305175781,11.560500001907348,0.18675174933788455
2017-02-03,55.44337463378906,18.259729385375977,10.970000267028809,11.525500011444091,0.20156978386446164
2017-02-06,55.29072189331055,18.222389221191406,11.369999885559082,11.528000020980835,0.15800259707540265
2017-02-07,54.932334899902344,18.267187118530273,11.289999961853027,11.514499998092651,0.017760844604348163
2017-02-08,54.57067108154297,18.446435928344727,11.449999809265137,11.5125,-0.16217349889767288
2017-02-09,54.8117790222168,18.28960418701172,10.880000114440918,11.493499994277954,-0.03151986517987031
2017-02-10,55.2672119140625,18.405357360839844,10.850000381469727,11.45900001525879,0.09721433236773315
2017-02-13,55.58870315551758,18.494976043701172,11.069999694824219,11.451000022888184,0.18582198384253074
2017-02-14,55.46812057495117,18.360549926757812,10.739999771118164,11.394500017166138,0.18147611579399325
2017-02-15,55.69585418701172,18.31574058532715,11.970000267028809,11.369000053405761,0.2752745719253165
2017-02-16,55.1198616027832,18.49871063232422,11.760000228881836,11.318000078201294,0.018081160355754
2017-02-17,54.75822067260742,18.509918212890625,11.489999771118164,11.315500068664551,-0.11369184693374908
2017-02-21,54.845272064208984,18.70409393310547,11.569999694824219,11.305500030517578,-0.1383877357359295
2017-02-22,54.20233154296875,18.782499313354492,11.739999771118164,11.339000034332276,-0.38941716113773506
2017-02-23,54.77161407470703,18.976675033569336,11.710000038146973,11.384000015258788,-0.2426824682764578
2017-02-24,54.30277633666992,19.264202117919922,11.470000267028809,11.426000022888184,-0.4917443393865486
2017-02-27,54.61085891723633,19.155912399291992,12.09000015258789,11.501500034332276,-0.3511915819546313
2017-02-28,54.46351623535156,19.331417083740234,12.920000076293945,11.553500032424926,-0.45386301085469377
2017-03-01,55.602088928222656,19.159648895263672,12.539999961853027,11.58100004196167,0.00011465111899923459
2017-03-02,55.789608001708984,19.297801971435547,11.8100004196167,11.58100004196167,0.02718810105940676
2017-03-03,55.22702407836914,19.238061904907227,10.960000038146973,11.53250002861023,-0.15568859733049428
2017-03-06,55.47483444213867,19.20072364807129,11.239999771118164,11.546000003814697,-0.05689384683912307
2017-03-07,55.2672119140625,19.18951416015625,11.449999809265137,11.55,-0.12749039654470043
2017-03-08,54.269287109375,18.91319465637207,11.859999656677246,11.57849998474121,-0.40306633360444305
2017-03-09,54.69792938232422,18.872119903564453,12.300000190734863,11.621000003814697,-0.23891609528935873
2017-03-10,54.65774917602539,19.028953552246094,11.65999984741211,11.659999990463257,-0.29814154459485687
2017-03-13,54.5305061340332,19.084962844848633,11.350000381469727,11.684999990463258,-0.3594255541898268
2017-03-14,54.24250411987305,19.066293716430664,12.300000190734863,11.746500015258789,-0.4564589759874969
2017-03-15,54.918941497802734,19.37248420715332,11.630000114440918,11.791000032424927,-0.3037297998320954
2017-03-16,54.965816497802734,19.159648895263672,11.210000038146973,11.753000020980835,-0.22607678233423256
2017-03-17,54.918941497802734,19.2751522064209,11.279999732971191,11.728999996185303,-0.2758387442955633
2017-03-20,54.918941497802734,19.147228240966797,11.34000015258789,11.721500015258789,-0.23918138188561217
2017-03-21,54.80508804321289,19.418127059936523,12.470000267028809,11.76650004386902,-0.3572833188658723
2017-03-22,54.75822067260742,19.512189865112305,12.8100004196167,11.820000076293946,-0.4008986659085035
2017-03-23,54.82517623901367,19.451993942260742,13.119999885559082,11.89050006866455,-0.3598468268093207
2017-03-24,54.40324401855469,19.523481369018555,12.960000038146973,11.96500005722046,-0.5303266075357608
2017-03-27,54.416629791259766,19.44822883605957,12.5,11.985500049591064,-0.5040039826165471
2017-03-28,54.8117790222168,19.433177947998047,11.529999732971191,11.916000032424927,-0.3592176319757688
2017-03-29,54.932334899902344,19.380502700805664,11.420000076293945,11.860000038146973,-0.3012662636567353
2017-03-30,56.05748748779297,19.230003356933594,11.539999961853027,11.846500015258789,0.1418459109008311
2017-03-31,54.925636291503906,19.305253982543945,12.369999885559082,11.917000007629394,-0.2820846215291367
2017-04-03,54.965816497802734,19.301494598388672,12.380000114440918,11.974000024795533,-0.26672350030681513
2017-04-04,55.166751861572266,19.361690521240234,11.789999961853027,11.991000032424926,-0.21254155178834355
2017-04-05,55.273902893066406,19.470800399780273,12.890000343322754,12.042500066757203,-0.20571601077181068
2017-04-06,55.59537124633789,19.421886444091797,12.390000343322754,12.047000074386597,-0.07741915603170532
2017-04-07,55.427947998046875,19.339111328125,12.869999885559082,12.107500076293945,-0.11321752720825254
2017-04-10,55.67573928833008,19.37297821044922,14.050000190734863,12.242500066757202,-0.03483380739153509
2017-04-11,55.481510162353516,19.365455627441406,15.069999694824219,12.38100004196167,-0.10172557876765846
2017-04-12,55.568603515625,19.508426666259766,15.770000457763672,12.588000059127808,-0.111733548717855
2017-04-13,54.7113151550293,19.4444580078125,15.960000038146973,12.825500059127808,-0.3981643647457254
2017-04-17,54.63764953613281,19.531002044677734,14.65999984741211,12.994500064849854,-0.4491517980534153
2017-04-18,54.28268814086914,19.57615089416504,14.420000076293945,13.148500061035156,-0.5882763361689904
2017-04-19,53.90762710571289,19.440698623657227,14.930000305175781,13.271500062942504,-0.682793878442656
2017-04-20,54.25589370727539,19.365455627441406,14.149999618530273,13.338500022888184,-0.5374256493412484
2017-04-21,54.04158401489258,19.46327781677246,14.630000114440918,13.414000034332275,-0.6416431165056456
2017-04-24,54.32286834716797,19.564861297607422,10.84000015258789,13.30800004005432,-0.5707573884277911
2017-04-25,54.738101959228516,19.53852653503418,10.760000228881836,13.221000051498413,-0.41559768771256683
2017-04-26,54.517093658447266,19.478330612182617,10.850000381469727,13.18700008392334,-0.47691545758558085
2017-04-27,54.42332458496094,19.546052932739258,10.359999656677246,13.134000062942505,-0.5296560879096971
2017-04-28,54.684539794921875,19.451993942260742,10.819999694824219,13.098000049591064,-0.40984232773632867
2017-05-01,54.95912170410156,19.335351943969727,10.109999656677246,12.985000038146973,-0.2788054844353154
2017-05-02,54.95243835449219,19.357933044433594,10.59000015258789,12.895500040054321,-0.287652126091648
2017-05-03,55.38776779174805,19.290205001831055,10.680000305175781,12.84000005722046,-0.11348698028487861
2017-05-04,54.67783737182617,19.357933044433594,10.460000038146973,12.71850004196167,-0.38527130134948473
2017-05-05,54.932334899902344,19.46327781677246,10.569999694824219,12.627500009536742,-0.32498595850632384
2017-05-08,55.515010833740234,19.45574951171875,9.770000457763672,12.472500038146972,-0.11569051192080394
2017-05-09,55.1265754699707,19.31277847290039,9.960000038146973,12.268000030517578,-0.2128080090747655
2017-05-10,55.3767204284668,19.342884063720703,10.210000038146973,12.025000047683715,-0.13250975270747536
2017-05-11,55.84996032714844,19.369216918945312,10.600000381469727,11.76650004386902,0.028178656811556575
2017-05-12,55.80939865112305,19.46327781677246,10.399999618530273,11.488500022888184,-0.013194503095390088
2017-05-15,55.978416442871094,19.546052932739258,10.420000076293945,11.276500034332276,0.023170719720493022
2017-05-16,55.80939865112305,19.403078079223633,10.649999618530273,11.088000011444091,0.004056084693049818
2017-05-17,55.4307861328125,19.451993942260742,15.59000015258789,11.121000003814697,-0.14455576052595054
2017-05-18,55.2685546875,19.519710540771484,14.65999984741211,11.14650001525879,-0.22163275683700337
2017-05-19,55.39024353027344,19.594961166381836,12.039999961853027,11.017000007629395,-0.19993653448295734
2017-05-22,55.63363265991211,19.764270782470703,10.930000305175781,11.02150001525879,-0.16192966870143816
2017-05-23,55.829673767089844,19.81694984436035,10.720000267028809,11.019500017166138,-0.10733360154325854
2017-05-24,55.63363265991211,19.929824829101562,10.020000457763672,10.978000020980835,-0.2093701515244844
2017-05-25,55.2685546875,20.091609954833984,9.989999771118164,10.95950002670288,-0.385513887389112
2017-05-26,55.13331985473633,20.091609954833984,9.8100004196167,10.909000062942505,-0.43358914448525115
2017-05-30,54.82909393310547,20.155574798583984,10.380000114440918,10.922500085830688,-0.560069327563937
2017-05-31,54.4234619140625,20.257160186767578,10.40999984741211,10.9135000705719,-0.7333792215200451
2017-06-01,54.55866241455078,20.40013313293457,9.890000343322754,10.874000072479248,-0.7262859054396028
2017-06-02,53.74739074707031,20.42270851135254,9.75,10.8385000705719,-1.021157735319174
2017-06-05,54.16654586791992,20.358745574951172,10.069999694824219,10.8135000705719,-0.8538213854292438
2017-06-06,54.903465270996094,20.31359100341797,10.449999809265137,10.847500038146972,-0.5789111862315088
2017-06-07,54.70063400268555,20.381319046020508,10.390000343322754,10.869000053405761,-0.6704244810468987
2017-06-08,54.504581451416016,20.21200942993164,10.15999984741211,10.866500043869019,-0.6916034473247087
2017-06-09,55.52544021606445,20.193193435668945,10.699999809265137,10.871500015258789,-0.32330180305577544
2017-06-12,56.0662956237793,20.155574798583984,11.460000038146973,10.924500036239625,-0.12025076792654142
2017-06-13,56.08656692504883,20.204484939575195,10.420000076293945,10.924500036239625,-0.12705991683911022
2017-06-14,55.48488998413086,20.31359100341797,10.640000343322754,10.924000072479249,-0.3722178218462381
2017-06-15,55.61333465576172,20.43023109436035,10.899999618530273,10.689500045776366,-0.3599803325859345
2017-06-16,56.44489288330078,20.52391242980957,10.380000114440918,10.475500059127807,-0.09121078255973947
2017-06-19,55.95137405395508,20.455646514892578,10.369999885559082,10.39200005531311,-0.24709207893276436
2017-06-20,55.64712142944336,20.46702003479004,10.859999656677246,10.388500022888184,-0.3585114025120193
2017-06-21,55.058956146240234,20.34564971923828,10.75,10.390000009536744,-0.5328216277709444
2017-06-22,54.81557846069336,20.250825881958008,10.479999542236328,10.412999963760376,-0.5921687619198968
2017-06-23,55.173885345458984,20.18254852294922,10.020000457763672,10.414499998092651,-0.44522731022297113
2017-06-26,54.92372131347656,20.319101333618164,9.899999618530273,10.41899995803833,-0.5732892892955975
2017-06-27,54.835853576660156,20.09151840209961,11.0600004196167,10.45299997329712,-0.539310574545799
2017-06-28,55.11979293823242,19.898069381713867,10.029999732971191,10.433999967575073,-0.38293770459539805
2017-06-29,54.55866241455078,19.738771438598633,11.4399995803833,10.511499929428101,-0.536768833894245
2017-06-30,54.57895278930664,19.70842170715332,11.180000305175781,10.58299994468689,-0.520858821081195
2017-07-03,55.505165100097656,19.617393493652344,11.220000267028809,10.64049997329712,-0.1655106482346145
2017-07-05,54.66007614135742,19.522565841674805,11.069999694824219,10.671499967575073,-0.4387618168459293
2017-07-06,54.16654586791992,19.514982223510742,12.539999961853027,10.778999948501587,-0.612036049490116
2017-07-07,54.234153747558594,19.530155181884766,11.1899995803833,10.830499935150147,-0.5923497113949571
2017-07-10,54.193603515625,19.514982223510742,11.109999656677246,10.850999927520752,-0.6024172009785673
2017-07-11,54.49106216430664,19.50360107421875,10.890000343322754,10.82249994277954,-0.4934109130885637
2017-07-12,54.73445129394531,19.67049217224121,10.300000190734863,10.816499948501587,-0.4547110067736257
2017-07-13,54.741214752197266,19.602222442626953,9.899999618530273,10.779499912261963,-0.4327435423369568
2017-07-14,54.95077133178711,19.69325065612793,9.510000228881836,10.709999942779541,-0.384331971550944
2017-07-17,54.66684341430664,19.784286499023438,9.819999694824219,10.681999921798706,-0.5113536766571118
2017-07-18,54.49106216430664,19.841176986694336,9.890000343322754,10.657999944686889,-0.5901452702558069
2017-07-19,54.66007614135742,19.92462730407715,9.789999961853027,10.604499959945679,-0.5539748864692655
2017-07-20,54.66684341430664,20.06875991821289,9.579999923706055,10.54599995613098,-0.5928712029955739
2017-07-21,54.16654586791992,20.212892532348633,9.359999656677246,10.489999961853027,-0.8120263408314958
2017-07-24,53.99752426147461,20.023237228393555,9.430000305175781,10.460499954223632,-0.8177657751692785
2017-07-25,54.26795959472656,19.909452438354492,9.430000305175781,10.436999988555907,-0.6890217671298614
2017-07-26,54.335567474365234,20.09910011291504,9.600000381469727,10.36399998664856,-0.7193321820271437
2017-07-27,54.64655303955078,20.148412704467773,10.109999656677246,10.367999982833862,-0.6229092952631369
2017-07-28,53.814979553222656,20.11806869506836,10.289999961853027,10.310500001907348,-0.9098339518782369
2017-07-31,54.11247634887695,20.186344146728516,10.260000228881836,10.264499998092651,-0.8236401690303008
2017-08-01,54.200355529785156,20.300132751464844,10.09000015258789,10.207999992370606,-0.8250063838704834
2017-08-02,54.49106216430664,20.387371063232422,10.279999732971191,10.168499994277955,-0.7466603856116389
2017-08-03,54.41669464111328,20.489782333374023,10.4399995803833,10.063499975204468,-0.802444190865192
2017-08-04,54.227386474609375,20.39875030517578,10.029999732971191,10.005499982833863,-0.8436564663703754
2017-08-07,54.193603515625,20.463228225708008,9.930000305175781,9.946500015258788,-0.8741426531480652
2017-08-08,54.05836868286133,20.546674728393555,10.960000038146973,9.95,-0.9461299948948676
2017-08-09,54.227386474609375,20.440471649169922,11.109999656677246,9.99049997329712,-0.8556119621337712
2017-08-10,53.90656280517578,20.504955291748047,16.040000915527344,10.297500038146973,-0.988141220304584
2017-08-11,53.387760162353516,20.38357925415039,15.510000228881836,10.597500038146972,-1.1377917595664868
2017-08-14,53.401432037353516,20.50116729736328,12.329999923706055,10.723000049591064,-1.1666270246805766
2017-08-15,53.27173614501953,20.614952087402344,12.039999961853027,10.830500030517578,-1.2453389169741742
2017-08-16,52.88262939453125,20.69839859008789,11.739999771118164,10.928000020980836,-1.407576362667414
2017-08-17,52.05665969848633,20.550466537475586,15.550000190734863,11.226500034332275,-1.6588133586335536
2017-08-18,52.3160514831543,20.67184829711914,14.260000228881836,11.471500062942505,-1.6013836265931727
2017-08-21,52.138580322265625,20.747703552246094,13.1899995803833,11.659500026702881,-1.6862104397596513
2017-08-22,52.38431167602539,20.79322052001953,11.350000381469727,11.755500030517577,-1.6118974166173126
2017-08-23,52.295589447021484,20.861499786376953,12.25,11.888000011444092,-1.6630035169047714
2017-08-24,52.10445022583008,20.84632110595703,12.229999542236328,11.994000005722047,-1.7266029441100474
2017-08-25,52.37066650390625,20.91459846496582,11.279999732971191,12.043499994277955,-1.6515297639067636
2017-08-28,52.20001220703125,20.952533721923828,11.319999694824219,12.096499967575074,-1.7230670206826524
2017-08-29,52.18635559082031,20.907011032104492,11.699999809265137,12.176999950408936,-1.7148770807362395
2017-08-30,51.94744110107422,20.84632110595703,11.220000267028809,12.223999977111816,-1.7824188451232765
2017-08-31,52.10445022583008,20.850116729736328,10.59000015258789,12.231500005722046,-1.7276906023604437
2017-09-01,52.26826858520508,20.78563690185547,10.130000114440918,12.236500024795532,-1.6509769822223315
2017-09-05,52.68468475341797,20.838743209838867,12.229999542236328,12.351499986648559,-1.5181611937304347
2017-09-06,53.776851654052734,20.74390983581543,11.630000114440918,12.384999990463257,-1.1027266639917765
2017-09-07,53.9475212097168,20.89942741394043,11.550000190734863,12.407000017166137,-1.0866190270427118
2017-09-08,53.80418014526367,20.998044967651367,12.119999885559082,12.210999965667725,-1.165835444270188
2017-09-11,54.09770202636719,21.176315307617188,10.729999542236328,11.97199993133545,-1.1125744024295485
2017-09-12,54.26835632324219,20.823566436767578,10.579999923706055,11.88449993133545,-0.9508254586171846
2017-09-13,54.45265197753906,20.721158981323242,10.5,11.807499933242799,-0.8559638859831584
2017-09-14,54.67109298706055,20.89563751220703,10.4399995803833,11.742499923706054,-0.8283071258233095
2017-09-15,54.657447814941406,20.925064086914062,10.170000076293945,11.47349991798401,-0.8415902687945045
2017-09-18,54.67109298706055,20.71103286743164,10.149999618530273,11.26799988746643,-0.7754075823947589
2017-09-19,54.75983810424805,20.66899299621582,10.180000305175781,11.117499923706054,-0.7318123980189375
2017-09-20,54.985103607177734,20.516117095947266,9.779999732971191,11.038999891281128,-0.6079242353286336
2017-09-21,54.53457260131836,20.512298583984375,9.670000076293945,10.909999895095826,-0.7669913724317253
2017-09-22,54.555057525634766,20.344125747680664,9.59000015258789,10.777999925613404,-0.7115181794423258
2017-09-25,55.27862548828125,20.53140640258789,10.210000038146973,10.724499940872192,-0.5079600227150902
2017-09-26,55.21718978881836,20.49318504333496,10.170000076293945,10.666999959945679,-0.5188475294695168
2017-09-27,55.58579635620117,20.21800994873047,9.869999885559082,10.575499963760375,-0.3089568365683601
2017-09-28,56.1046028137207,20.29062271118164,9.550000190734863,10.491999959945678,-0.1453315387751133
2017-09-29,55.96125030517578,20.27533721923828,9.510000228881836,10.437999963760376,-0.1919124386890904
2017-10-02,55.72233581542969,20.309734344482422,9.449999809265137,10.403999948501587,-0.28670195521531777
2017-10-03,55.81108093261719,20.252405166625977,9.510000228881836,10.267999982833862,-0.23872553036955796
2017-10-04,55.83154296875,20.454965591430664,9.630000114440918,10.167999982833862,-0.289496263849616
2017-10-05,55.98854446411133,20.435855865478516,9.1899995803833,10.049999952316284,-0.2282070710197029
2017-10-06,55.77695083618164,20.42056655883789,9.649999618530273,9.926499938964843,-0.29904622942733444
2017-10-09,55.99536895751953,20.44731903076172,10.329999923706055,9.90649995803833,-0.22906583747609127
2017-10-10,56.15238571166992,20.646060943603516,10.079999923706055,9.88149995803833,-0.23019788474388658
2017-10-11,56.38447570800781,20.733963012695312,9.850000381469727,9.848999977111816,-0.17287999025386416
2017-10-12,56.2684326171875,20.840980529785156,9.90999984741211,9.822499990463257,-0.24479918315375246
2017-10-13,56.25477600097656,20.69574546813965,9.609999656677246,9.794499969482422,-0.20803607837608568
2017-10-16,56.5278205871582,20.649879455566406,9.90999984741211,9.782499980926513,-0.097827018865711
2017-10-17,56.63020706176758,20.772186279296875,10.3100004196167,9.788999986648559,-0.0964769142725718
2017-10-18,56.49370193481445,20.733963012695312,10.069999694824219,9.803499984741212,-0.13405065295918275
2017-10-19,56.48004150390625,20.951812744140625,10.050000190734863,9.822499990463257,-0.20133298077014122
2017-10-20,56.732601165771484,20.96710205078125,9.970000267028809,9.841499996185302,-0.11593061720735358
2017-10-23,56.82133865356445,20.978567123413086,11.069999694824219,9.884499979019164,-0.08767030043736862
2017-10-24,56.97834396362305,20.997676849365234,11.15999984741211,9.933999967575073,-0.03733175955402686
2017-10-25,56.77357482910156,20.905954360961914,11.229999542236328,10.001999950408935,-0.08384247077332643
2017-10-26,56.97834396362305,20.909772872924805,11.300000190734863,10.089499950408936,-0.012142359661565518
2017-10-27,57.142173767089844,21.03972625732422,9.800000190734863,10.103999948501587,0.008859351710800966
2017-10-30,57.02614974975586,21.043542861938477,10.5,10.15649995803833,-0.033480234056950046
2017-10-31,56.89644241333008,21.06647491455078,10.180000305175781,10.189999961853028,-0.08616181001997725
2017-11-01,57.251407623291016,20.947996139526367,10.199999809265137,10.218499946594239,0.07397720434809692
2017-11-02,57.019317626953125,21.02442741394043,9.930000305175781,10.255499982833863,-0.030431373326652175
2017-11-03,56.7803840637207,21.100872039794922,9.140000343322754,10.230000019073486,-0.1372766282291401
2017-11-06,57.16948699951172,21.020614624023438,9.399999618530273,10.183500003814697,0.024045609804591094
2017-11-07,57.05344772338867,21.272855758666992,9.890000343322754,10.174000024795532,-0.08948690615013642
2017-11-08,56.97834396362305,21.288145065307617,9.779999732971191,10.170499992370605,-0.12056713005379169
2017-11-09,57.31964874267578,21.31490135192871,10.5,10.2,-0.006902284074153028
2017-11-10,57.14055633544922,21.215526580810547,11.289999961853027,10.284000015258789,-0.04209225009211864
2017-11-13,57.10609817504883,21.467775344848633,11.5,10.363500022888184,-0.1266253035891029
2017-11-14,56.658287048339844,21.735313415527344,11.59000015258789,10.427500009536743,-0.3624843581671068
2017-11-15,55.94867706298828,21.548036575317383,13.130000114440918,10.580500030517578,-0.5610816220173999
2017-11-16,55.5008659362793,21.4792423248291,11.760000228881836,10.666000032424927,-0.700562677809698
2017-11-17,55.280391693115234,21.330188751220703,11.430000305175781,10.739000034332275,-0.7362279122067725
2017-11-20,55.49397659301758,21.265213012695312,10.649999618530273,10.718000030517578,-0.6416804479588721
2017-11-21,55.71444320678711,21.322542190551758,9.729999542236328,10.64650001525879,-0.5797337623225908
2017-11-22,55.87289810180664,21.322542190551758,9.880000114440918,10.57900004386902,-0.5234038977416361
2017-11-24,56.09334945678711,21.356945037841797,9.670000076293945,10.497500038146972,-0.4548929620657919
2017-11-27,55.879783630371094,21.44866943359375,9.869999885559082,10.501000022888183,-0.5570986303663381
2017-11-28,56.26558303833008,21.548036575317383,10.029999732971191,10.477500009536744,-0.4484232489598908
2017-11-29,56.678955078125,21.559507369995117,10.699999809265137,10.503499984741211,-0.30475873130312964
2017-11-30,57.38167190551758,21.63212013244629,11.279999732971191,10.557499980926513,-0.07575428426551849
2017-12-01,57.49879455566406,21.559507369995117,11.430000305175781,10.632499980926514,-0.013310198001563288
2017-12-04,57.57456588745117,21.437196731567383,11.680000305175781,10.759499979019164,0.04867493433783428
2017-12-05,57.10609817504883,21.165851593017578,11.329999923706055,10.855999994277955,-0.04010728210849571
2017-12-06,56.685848236083984,21.24610710144043,11.020000457763672,10.9125,-0.21250156600899603
2017-12-07,56.871864318847656,21.284324645996094,10.15999984741211,10.931500005722047,-0.1573253086246834
2017-12-08,56.94762420654297,21.353118896484375,9.579999923706055,10.88550000190735,-0.15010647110108383
2017-12-11,57.20254135131836,21.483062744140625,9.34000015258789,10.788000011444092,-0.09672096604793239
2017-12-12,57.01653289794922,21.116159439086914,9.920000076293945,10.70900001525879,-0.057707679234642394
2017-12-13,57.264556884765625,21.17348861694336,10.180000305175781,10.638500022888184,0.014035504589631093
2017-12-14,57.11298370361328,21.1467342376709,10.489999771118164,10.506500005722046,-0.03218132339267247
2017-12-15,57.20254135131836,21.22426986694336,9.420000076293945,10.389499998092651,-0.0225623496005918
2017-12-18,57.14055633544922,20.988962173461914,9.529999732971191,10.294499969482422,0.022831109341688728
2017-12-19,56.79607009887695,20.607065200805664,10.029999732971191,10.263499975204468,0.009802918317653543
2017-12-20,57.09230422973633,20.445045471191406,9.720000267028809,10.263000011444092,0.16154026518749454
2017-12-21,57.7674560546875,20.202016830444336,9.619999885559082,10.25,0.4711943967445234
2017-12-22,57.85013961791992,20.232881546020508,9.899999618530273,10.261499977111816,0.49174349439159776
2017-12-26,57.857032775878906,20.113292694091797,10.25,10.280499982833863,0.5284628617975548
2017-12-27,57.801918029785156,20.19816017150879,10.470000267028809,10.302500009536743,0.4845505921294262
2017-12-28,57.88459014892578,20.310029983520508,10.180000305175781,10.276500034332276,0.4818831360892754
2017-12-29,57.6227912902832,20.321598052978516,11.039999961853027,10.264500045776368,0.3855001490639481
2018-01-02,58.58041000366211,20.132579803466797,9.770000457763672,10.181500053405761,0.7800927488425194
2018-01-03,59.73094177246094,19.974422454833984,9.149999618530273,10.055000019073486,1.2344215321440004
2018-01-04,59.81362533569336,19.808549880981445,9.220000267028809,9.949500036239623,1.311346853687346
2018-01-05,59.76540756225586,19.800838470458984,9.220000267028809,9.85950002670288,1.2964154439698485
2018-01-08,60.03407669067383,19.985990524291992,9.520000457763672,9.827500057220458,1.3388694701813149
2018-01-09,59.77915954589844,19.789260864257812,10.079999923706055,9.852500057220459,1.3046218312777171
2018-01-10,59.303810119628906,19.573238372802734,9.819999694824219,9.876500034332276,1.1975401735722193
2018-01-11,59.889400482177734,19.499942779541016,9.880000114440918,9.874500036239624,1.426717685995925
2018-01-12,60.29588317871094,19.388071060180664,10.15999984741211,9.87350001335144,1.603277599748074
2018-01-16,59.91696548461914,19.345638275146484,11.65999984741211,9.932000017166137,1.4807337569238868
2018-01-17,60.626556396484375,19.46522331237793,11.90999984741211,10.056500005722047,1.6987217233207936
2018-01-18,60.233863830566406,19.34178352355957,12.220000267028809,10.191000032424927,1.594494019442972
2018-01-19,60.04098129272461,19.283920288085938,11.270000457763672,10.253000068664551,1.542506362067248
2018-01-22,60.798805236816406,19.31092643737793,11.029999732971191,10.31850004196167,1.8041699356967764
2018-01-23,60.833255767822266,19.496082305908203,11.100000381469727,10.392500066757203,1.7633594147084395
2018-01-24,60.99169921875,19.37649917602539,11.470000267028809,10.47100009918213,1.8539524580449456
2018-01-25,60.8814697265625,19.677385330200195,11.579999923706055,10.537500095367431,1.728545773504937
2018-01-26,61.315521240234375,19.688962936401367,11.079999923706055,10.568000078201294,1.87953112564754
2018-01-29,60.63346481323242,19.43821907043457,13.84000015258789,10.7510000705719,1.7089158522637158
2018-01-30,59.78607177734375,19.472938537597656,14.789999961853027,10.9385000705719,1.397723109978078
2018-01-31,60.144309997558594,19.688962936401367,13.539999961853027,11.127000045776366,1.4631718160314728
2018-02-01,61.36371994018555,19.380361557006836,13.470000267028809,11.343000078201294,1.9850970395603211
2018-02-02,58.23593521118164,19.241483688354492,17.309999465942383,11.747500038146972,0.9129826261987345
2018-02-05,54.922149658203125,18.9251651763916,37.31999969482422,13.152500009536743,-0.17440742481742788
2018-02-06,53.97832489013672,18.643569946289062,29.979999542236328,14.175499963760377,-0.4292392989598192
2018-02-07,53.00690841674805,18.554841995239258,27.729999542236328,15.05799994468689,-0.7491471259602185
2018-02-08,52.40753173828125,18.34653091430664,33.459999084472656,16.23999991416931,-0.9025295559363705
2018-02-09,52.741607666015625,18.732284545898438,29.059999465942383,17.198999881744385,-0.8943073220531528
2018-02-12,53.187042236328125,18.87502098083496,25.610000610351562,17.971499919891357,-0.7768596858314515
2018-02-13,53.103515625,18.959888458251953,24.969999313354492,18.636999893188477,-0.8308722210732463
2018-02-14,53.21487045288086,18.74772071838379,19.260000228881836,19.004499912261963,-0.7304882675737918
2018-02-15,53.04086685180664,19.16433334350586,19.1299991607666,19.349999856948852,-0.9117284043149748
2018-02-16,53.27054977416992,19.33407211303711,19.459999084472656,19.7594997882843,-0.8787169980791923
2018-02-20,52.72071838378906,19.08332633972168,20.600000381469727,20.237999820709227,-1.0023264341768041
2018-02-21,52.1221809387207,18.832590103149414,20.020000457763672,20.683999824523926,-1.1432533440675194
2018-02-22,52.79729080200195,18.92902183532715,18.719999313354492,21.04649977684021,-0.9308884900177906
2018-02-23,53.959571838378906,19.422792434692383,16.489999771118164,21.291999769210815,-0.6591966813787654
2018-02-26,54.871315002441406,19.364931106567383,15.800000190734863,21.527999782562254,-0.31849637800813674
2018-02-27,53.9387092590332,19.056324005126953,18.59000015258789,21.765499782562255,-0.5615995389874907
2018-02-28,52.71376419067383,18.9251651763916,19.850000381469727,22.01849980354309,-0.9594766037351273
2018-03-01,52.33793640136719,18.92902183532715,22.469999313354492,22.464999771118165,-1.0941865135924649
2018-03-02,52.58153533935547,18.87887191772461,19.59000015258789,22.77099976539612,-0.9932176458425201
2018-03-05,53.08264923095703,19.264633178710938,18.729999542236328,22.841999769210815,-0.9256164987253411
2018-03-06,53.01998519897461,19.00617790222168,18.360000610351562,21.893999814987183,-0.8738313507247133
2018-03-07,51.683712005615234,18.863449096679688,17.760000228881836,21.28299984931946,-1.30796952159468
2018-03-08,51.586265563964844,19.0023193359375,16.540000915527344,20.723499917984007,-1.3824052898553194
2018-03-09,51.89250946044922,19.056324005126953,14.640000343322754,19.782499980926513,-1.2890125832207115
2018-03-12,52.36577606201172,19.137332916259766,15.779999732971191,19.118499994277954,-1.1439824253959254
2018-03-13,51.87163543701172,19.179763793945312,16.350000381469727,18.655499982833863,-1.331805581800387
2018-03-14,51.224361419677734,19.37649917602539,17.229999542236328,18.268499994277953,-1.6182836976785107
2018-03-15,51.79507064819336,19.364931106567383,16.59000015258789,18.134999990463257,-1.4120847324187709
2018-03-16,52.282257080078125,19.534812927246094,15.800000190734863,17.96850004196167,-1.2875732029925515
2018-03-19,51.60715866088867,19.414302825927734,19.020000457763672,17.94650011062622,-1.4930341908632514
2018-03-20,51.49579620361328,19.32488441467285,18.200000762939453,17.826500129699706,-1.5069995765533701
2018-03-21,52.22657775878906,19.25880241394043,17.860000610351562,17.7185001373291,-1.2282744717863487
2018-03-22,51.15475845336914,19.344327926635742,23.34000015258789,17.949500179290773,-1.6338083184114627
2018-03-23,50.7302131652832,19.07219696044922,24.8700008392334,18.368500232696533,-1.7067511652752112
2018-03-26,51.50276565551758,19.270463943481445,21.030000686645508,18.630000257492064,-1.4889274686881897
2018-03-27,51.29396057128906,19.546472549438477,22.5,18.82550024986267,-1.6422484397206139
2018-03-28,50.67453384399414,19.53870391845703,22.8700008392334,18.976500272750854,-1.860225169381247
2018-03-29,51.92731475830078,19.643665313720703,19.969999313354492,18.851500272750854,-1.444945582648921
2018-04-02,50.95989227294922,19.492048263549805,23.6200008392334,19.05300030708313,-1.7454123282255654
2018-04-03,52.212642669677734,19.558137893676758,21.100000381469727,19.1715003490448,-1.3190046580957466
2018-04-04,52.10826873779297,19.600900650024414,20.059999465942383,19.25650029182434,-1.368362949173044
2018-04-05,52.90863800048828,19.75640106201172,18.940000534057617,19.31550030708313,-1.128395527595099
2018-04-06,52.10826873779297,19.600900650024414,21.489999771118164,19.56300024986267,-1.368362949173044
2018-04-09,52.10826873779297,19.639774322509766,21.770000457763672,19.919500255584715,-1.3795024279676764
2018-04-10,53.63942337036133,19.488161087036133,20.469999313354492,20.15400023460388,-0.7917395138085005
2018-04-11,53.88998794555664,19.460952758789062,20.239999771118164,20.348500204086303,-0.6948684463761945
2018-04-12,53.74382400512695,19.204374313354492,18.489999771118164,20.411500215530396,-0.6733048845383274
2018-04-13,54.175323486328125,19.35598373413086,17.40999984741211,20.452500200271608,-0.5633537038120655
2018-04-16,54.662540435791016,19.620338439941406,16.559999465942383,20.49050016403198,-0.4659030847468021
2018-04-17,54.51636505126953,19.818599700927734,15.25,20.3020001411438,-0.5746805761453246
2018-04-18,55.13578796386719,19.7447452545166,15.600000381469727,20.172000122070312,-0.3333156311481669
2018-04-19,55.27497863769531,19.73307991027832,15.960000038146973,20.077000093460082,-0.2804913209952051
2018-04-20,54.98268127441406,19.554250717163086,16.8799991607666,19.75400004386902,-0.3331569106764227
2018-04-23,55.3793830871582,19.56591796875,16.34000015258789,19.32750000953674,-0.19547486512840087
2018-04-24,54.53028106689453,19.698089599609375,18.020000457763672,19.17699999809265,-0.5352006311238171
2018-04-25,55.33065414428711,19.70197868347168,17.84000015258789,18.944000005722046,-0.25178673836234516
2018-04-26,56.27720642089844,19.900245666503906,16.239999771118164,18.612499952316284,0.02789294823698044
2018-04-27,54.140533447265625,20.10239028930664,15.40999984741211,18.384499979019164,-0.7896085510405286
2018-04-30,54.1126823425293,20.044078826904297,15.930000305175781,17.999999952316283,-0.7827999777944289
2018-05-01,53.55589294433594,19.981882095336914,15.489999771118164,17.719499921798707,-0.9629127818281135
2018-05-02,53.45151901245117,19.962440490722656,15.970000267028809,17.51499996185303,-0.9944460485234197
2018-05-03,53.27054977416992,19.935232162475586,15.899999618530273,17.36299991607666,-1.050982935274173
2018-05-04,53.52110290527344,20.024635314941406,14.770000457763672,17.026999950408936,-0.987531639729295
2018-05-07,54.10573196411133,19.9196834564209,14.75,16.675999927520753,-0.7496245771813972
2018-05-08,54.349327087402344,19.422075271606445,14.710000038146973,16.387999963760375,-0.5204352753006197
2018-05-09,55.62994384765625,19.286008834838867,13.420000076293945,16.046999979019166,-0.02619225617313731
2018-05-10,56.87575149536133,19.558137893676758,13.229999542236328,15.783999967575074,0.33870549749543566
2018-05-11,57.14290237426758,19.58534812927246,12.649999618530273,15.54599995613098,0.425878948296538
2018-05-14,57.52956008911133,19.51148796081543,12.930000305175781,15.36449999809265,0.5844987546800968
2018-05-15,57.501441955566406,19.348217010498047,14.630000114440918,15.333500003814697,0.6212891573322582
2018-05-16,57.66314697265625,19.196605682373047,13.420000076293945,15.224499988555909,0.7222195379414241
2018-05-17,57.564727783203125,19.041091918945312,13.430000305175781,15.098000001907348,0.7317954252107569
2018-05-18,57.156959533691406,19.044984817504883,13.420000076293945,14.925000047683715,0.5857204685326866
2018-05-21,57.845947265625,19.142175674438477,13.079999923706055,14.762000036239623,0.8028012987407432
2018-05-22,57.39598846435547,19.212148666381836,13.220000267028809,14.52200002670288,0.6227921891613596
2018-05-23,57.754520416259766,19.387086868286133,12.579999923706055,14.259000015258788,0.700118805892666
2018-05-24,56.432830810546875,19.546472549438477,12.529999732971191,14.07350001335144,0.18459234447106718
2018-05-25,55.33607864379883,19.632003784179688,13.220000267028809,13.964000034332276,-0.22980664020041477
2018-05-29,55.1322135925293,19.632003784179688,17.020000457763672,14.01850004196167,-0.30227957156291135
2018-05-30,57.29757308959961,19.791385650634766,14.9399995803833,13.991000032424926,0.4218222974216558
2018-05-31,57.11478042602539,19.822494506835938,15.430000305175781,13.964000034332276,0.34792606160882045
2018-06-01,57.52956008911133,19.51926040649414,13.460000038146973,13.842000055313111,0.5822715147954914
2018-06-04,56.92497634887695,19.3637638092041,12.739999771118164,13.740500020980836,0.41190370233627494
2018-06-05,56.721107482910156,19.262685775756836,12.399999618530273,13.623000001907348,0.36839391804599914
2018-06-06,57.69127655029297,18.80396270751953,11.640000343322754,13.469500017166137,0.8447335985784045
2018-06-07,58.26774597167969,18.93613624572754,12.130000114440918,13.405000019073487,1.0117902809468007
2018-06-08,58.77396011352539,18.928361892700195,12.180000305175781,13.352500057220459,1.1939744774216827
2018-06-11,58.42241287231445,18.889484405517578,12.350000381469727,13.337500095367432,1.0801418922232684
2018-06-12,57.944366455078125,19.107189178466797,12.34000015258789,13.308000087738037,0.8478143778406491
2018-06-13,57.304603576660156,19.05664825439453,12.9399995803833,13.223500061035157,0.6348649070113581
2018-06-14,57.57174301147461,19.29378890991211,12.119999885559082,13.158500051498413,0.6618774966994772
2018-06-15,56.70702362060547,19.431072235107422,11.979999542236328,13.086000013351441,0.31513505330364644
2018-06-18,56.81949996948242,19.49382209777832,12.3100004196167,13.030500030517578,0.33713845045204827
2018-06-19,56.735145568847656,19.68601417541504,13.350000381469727,13.044000053405762,0.2520771470420544
2018-06-20,56.55939865112305,19.701704025268555,12.789999961853027,13.022500038146973,0.18510404273813746
2018-06-21,56.02507019042969,19.768386840820312,14.640000343322754,13.125500059127807,-0.023955208525714918
2018-06-22,57.213199615478516,19.90566635131836,13.770000457763672,13.187500095367431,0.3590801754053216
2018-06-25,56.060218811035156,20.235139846801758,17.329999923706055,13.393000078201293,-0.14521087334946597
2018-06-26,56.69296646118164,20.25867462158203,15.920000076293945,13.338000059127808,0.07298349192347055
2018-06-27,57.445194244384766,20.35672950744629,17.90999984741211,13.486500072479249,0.31229822832371906
2018-06-28,57.62799072265625,20.34888458251953,16.850000381469727,13.557500076293945,0.3795294043213148
2018-06-29,58.16230392456055,20.380260467529297,16.09000015258789,13.68900008201599,0.5604839355338479
2018-07-02,57.4803581237793,20.525388717651367,15.600000381469727,13.832000112533569,0.2764685130329522
2018-07-03,57.81782150268555,20.584218978881836,16.139999389648438,14.019000101089478,0.37957677638464493
2018-07-05,57.867027282714844,20.694049835205078,14.970000267028809,14.18550009727478,0.3655964911487658
2018-07-06,57.881103515625,20.854862213134766,13.369999885559082,14.247500085830689,0.32451878653303623
2018-07-09,58.28181457519531,20.21160125732422,12.6899995803833,14.273000049591065,0.6512996159448387
2018-07-10,58.81614303588867,20.4038028717041,12.640000343322754,14.287500047683716,0.7861740157884768
2018-07-11,58.063865661621094,20.58814811706543,13.630000114440918,14.352000045776368,0.46591823651576897
2018-07-12,58.13419723510742,20.60383415222168,12.579999923706055,14.334000062942504,0.48642580799228213
2018-07-13,58.570068359375,20.607757568359375,12.180000305175781,14.33700008392334,0.6402513749784854
2018-07-16,57.99357986450195,20.58814811706543,12.829999923706055,14.379500102996825,0.44093201293966783
2018-07-17,57.867027282714844,20.572458267211914,12.0600004196167,14.367000102996826,0.40043926793494106
2018-07-18,57.80376052856445,20.466552734375,12.100000381469727,14.304500102996826,0.4082961278892324
2018-07-19,57.65610885620117,20.654823303222656,12.869999885559082,14.30850009918213,0.3018567155026421
2018-07-20,57.22727966308594,20.509702682495117,12.859999656677246,14.219500064849854,0.19099540415417568
2018-07-23,57.22727966308594,20.36457633972168,12.619999885559082,14.162000036239624,0.2325822086547377
2018-07-24,58.35916519165039,20.4351806640625,12.40999984741211,13.916000032424927,0.6147293548646234
2018-07-25,58.766929626464844,20.49400520324707,12.289999961853027,13.73450002670288,0.742830905895825
2018-07-26,59.223880767822266,20.713659286499023,12.140000343322754,13.446000051498412,0.8423314181545283
2018-07-27,57.59283447265625,20.6469783782959,13.029999732971191,13.255000019073487,0.28161102105248015
2018-07-30,57.466304779052734,20.521467208862305,14.260000228881836,13.163500022888183,0.27259635576023283
2018-07-31,57.304603576660156,20.705814361572266,12.829999923706055,13.025,0.162286688767253
2018-08-01,56.517181396484375,20.572458267211914,13.149999618530273,12.875500011444093,-0.07942369853983265
2018-08-02,56.17973327636719,20.674436569213867,12.1899995803833,12.736499977111816,-0.22860717420300636
2018-08-03,56.38361358642578,20.905851364135742,11.640000343322754,12.65,-0.22244208485709324
2018-08-06,56.369564056396484,20.921545028686523,11.270000457763672,12.57900004386902,-0.23193372896364323
2018-08-07,57.13584518432617,20.89016342163086,10.930000305175781,12.49350004196167,0.0494676820717285
2018-08-08,56.756221771240234,20.78034019470215,10.850000381469727,12.35450005531311,-0.05401591378361277
2018-08-09,56.46798324584961,20.87447738647461,11.270000457763672,12.289000082015992,-0.18345872656825596
2018-08-10,56.411170959472656,20.784263610839844,13.15999984741211,12.338000059127808,-0.1778039030067976
2018-08-13,55.80032730102539,20.811716079711914,14.779999732971191,12.435500049591065,-0.4028222104560401
2018-08-14,55.62273406982422,20.854862213134766,13.3100004196167,12.498000049591065,-0.47831942834220215
2018-08-15,54.64963150024414,21.04705810546875,14.640000343322754,12.625000047683717,-0.8793270280652131
2018-08-16,55.40253829956055,21.274545669555664,13.449999809265137,12.654000043869019,-0.6768605979821398
2018-08-17,55.58723068237305,21.384376525878906,12.640000343322754,12.643000078201293,-0.6426761232314581
2018-08-20,55.97788619995117,21.309850692749023,12.489999771118164,12.636500072479247,-0.4824443693210812
2018-08-21,55.99208450317383,21.156879425048828,12.859999656677246,12.659000062942505,-0.4335621350043586
2018-08-22,56.79471206665039,20.999988555908203,12.25,12.657000064849854,-0.1032743462422303
2018-08-23,56.169654846191406,20.984298706054688,12.40999984741211,12.670500040054321,-0.32098281428222986
2018-08-24,56.553218841552734,21.074508666992188,11.989999771118164,12.61850004196167,-0.21047806620505272
2018-08-27,57.10725784301758,20.94507598876953,12.15999984741211,12.513500022888184,0.023569517590672377
2018-08-28,57.022010803222656,20.90192985534668,12.5,12.497000026702882,0.005628430085218468
2018-08-29,57.43397521972656,21.054899215698242,12.25,12.452000045776368,0.10824530151782112
2018-08-30,57.18537902832031,21.062742233276367,13.529999732971191,12.519000053405762,0.01762322728084819
2018-08-31,56.943885803222656,20.972532272338867,12.859999656677246,12.580000019073486,-0.04237612461479394
2018-09-04,57.029117584228516,21.066661834716797,13.15999984741211,12.674499988555908,-0.03905006204607699
2018-09-05,57.78913116455078,21.360841751098633,13.90999984741211,12.823499965667725,0.14683170592006528
2018-09-06,57.14985275268555,21.48242950439453,14.649999618530273,13.013499927520751,-0.11527002146293097
2018-09-07,58.12295150756836,21.219635009765625,14.880000114440918,13.193999910354615,0.3059666656130463
2018-09-10,58.0377197265625,21.325536727905273,14.15999984741211,13.243999910354614,0.24532046668653118
2018-09-11,58.85453414916992,21.2706241607666,13.220000267028809,13.165999937057496,0.5514291273036095
2018-09-12,59.04633712768555,21.251014709472656,13.140000343322754,13.157499933242798,0.6252332598046786
2018-09-13,58.47097396850586,21.411828994750977,12.369999885559082,13.043999910354614,0.37461246889664795
2018-09-14,58.89717483520508,21.29808235168457,12.069999694824219,12.974999904632568,0.5587193566760891
2018-09-17,59.24522018432617,21.368682861328125,13.680000305175781,13.026999902725219,0.6622166199342026
2018-09-18,59.40148162841797,21.3294620513916,12.789999961853027,13.041999912261963,0.7290056775517482
2018-09-19,60.11177062988281,20.86663055419922,11.75,12.986499929428101,1.1141366841149065
2018-09-20,60.24671936035156,20.909772872924805,11.800000190734863,12.963999938964843,1.1497475489761466
2018-09-21,60.49531173706055,20.998815536499023,11.680000305175781,12.927499961853027,1.2126051070649455
2018-09-24,61.511024475097656,20.81281852722168,12.199999809265137,12.937999963760376,1.626984066651322
2018-09-25,61.44002151489258,20.527870178222656,12.420000076293945,12.950999975204468,1.6833965157082034
2018-09-26,60.9286003112793,20.326030731201172,12.890000343322754,12.970499992370605,1.5594273002454666
2018-09-27,60.92150115966797,20.53578758239746,12.40999984741211,12.97849998474121,1.4967965342927398
2018-09-28,60.388771057128906,20.836557388305664,12.119999885559082,12.907999992370605,1.2212264910676847
2018-10-01,60.94989776611328,20.765317916870117,12.0,12.865000009536743,1.4411181122062735
2018-10-02,61.41160202026367,21.046308517456055,12.050000190734863,12.809500026702882,1.5247319918461677
2018-10-03,61.1914176940918,20.79302978515625,11.609999656677246,12.694500017166138,1.519036151752679
2018-10-04,60.78654098510742,20.90383529663086,14.220000267028809,12.673000049591064,1.343352686074663
2018-10-05,60.61606216430664,21.224403381347656,14.819999694824219,12.670000028610229,1.1908877160298796
2018-10-08,61.17719268798828,21.402490615844727,15.6899995803833,12.746500015258789,1.3393346637082961
2018-10-09,61.44710922241211,21.489559173583984,15.949999809265137,12.882999992370605,1.4103385369975412
2018-10-10,60.033626556396484,21.370826721191406,22.959999084472656,13.3739999294281,0.9418765173622452
2018-10-11,57.9595832824707,20.979032516479492,24.979999542236328,14.004499912261963,0.31683619383892747
2018-10-12,57.80331802368164,20.95528793334961,21.309999465942383,14.46649990081787,0.2680888827109891
2018-10-15,57.405574798583984,21.05422592163086,21.299999237060547,14.84749984741211,0.09834204062036771
2018-10-16,57.67547607421875,21.271888732910156,17.6200008392334,15.088999891281128,0.13191794037324053
2018-10-17,57.888580322265625,21.23232078552246,17.399999618530273,15.371499872207641,0.21901378393226414
2018-10-18,58.13716506958008,21.263973236083984,20.059999465942383,15.784499835968017,0.29831413187063616
2018-10-19,58.2224006652832,21.59640884399414,19.889999389648438,16.194999790191652,0.23335355583887493
2018-10-22,57.639957427978516,21.45789909362793,19.639999389648438,16.566999769210817,0.06598889272720775
2018-10-23,56.70946502685547,21.33916664123535,20.709999084472656,16.98149971961975,-0.2307726804689646
2018-10-24,55.13264465332031,21.857606887817383,25.229999542236328,17.59849967956543,-0.9398859514049493
2018-10-25,55.62273406982422,21.51725959777832,24.219999313354492,18.18899965286255,-0.668133283018195
2018-10-26,55.0687141418457,21.121503829956055,24.15999984741211,18.7909996509552,-0.7516782575248344
2018-10-29,54.72776412963867,21.418315887451172,24.700000762939453,19.425999689102174,-0.9579373921127841
2018-10-30,55.95655822753906,21.50142478942871,23.350000381469727,19.990999698638916,-0.5449230297619058
2018-10-31,56.595829010009766,21.24814224243164,21.229999542236328,20.47199969291687,-0.24508609923251765
2018-11-01,57.29902648925781,21.153167724609375,19.34000015258789,20.727999687194824,0.03211233480515438
2018-11-02,58.20819854736328,21.034439086914062,19.510000228881836,20.962499713897706,0.38934050827560285
2018-11-05,57.98800277709961,21.331256866455078,19.959999084472656,21.175999689102174,0.22600721879433397
2018-11-06,58.236595153808594,21.473724365234375,19.90999984741211,21.373999691009523,0.2735555770873631
2018-11-07,58.97530746459961,21.719093322753906,16.360000610351562,21.043999767303468,0.4658519245573752
2018-11-08,58.0377197265625,21.6834716796875,16.719999313354492,20.630999755859374,0.1427521074264648
2018-11-09,58.02338790893555,21.715131759643555,17.360000610351562,20.433499813079834,0.12858484163747333
2018-11-12,57.277198791503906,21.703264236450195,20.450000762939453,20.39099988937378,-0.13328067564812446
2018-11-13,55.964176177978516,21.794288635253906,20.020000457763672,20.510999870300292,-0.6261367415644103
2018-11-14,55.526519775390625,21.568710327148438,21.25,20.70349988937378,-0.7170804563965266
2018-11-15,56.100502014160156,21.3906192779541,19.979999542236328,20.699499893188477,-0.4619998172753427
2018-11-16,56.65298080444336,21.719093322753906,18.139999389648438,20.611999893188475,-0.359722736693815
2018-11-19,56.83952331542969,21.814077377319336,20.100000381469727,20.63499994277954,-0.32062611320792594
2018-11-20,55.22516632080078,21.723052978515625,22.479999542236328,20.723499965667724,-0.8684377835837495
2018-11-21,55.64848327636719,21.402490615844727,20.799999237060547,20.501999950408937,-0.6260918535708249
2018-11-23,54.16327667236328,21.41436004638672,21.520000457763672,20.367000007629393,-1.157476083507656
2018-11-26,55.232357025146484,21.54100227355957,18.899999618530273,20.1039999961853,-0.8137138297913709
2018-11-27,55.28255844116211,21.703264236450195,19.020000457763672,19.819999980926514,-0.8423646128064697
2018-11-28,56.28704071044922,21.68743324279785,18.489999771118164,19.576999950408936,-0.4807400941562331
2018-11-29,56.72472381591797,21.679521560668945,18.790000915527344,19.455000019073488,-0.32287896077399053
2018-11-30,57.0404052734375,22.000080108642578,18.06999969482422,19.391499996185303,-0.30251382881329947
2018-12-03,58.274505615234375,22.221702575683594,16.440000534057617,19.238000011444093,0.07269500048607573
2018-12-04,56.99018859863281,22.237533569335938,20.739999771118164,19.27700004577637,-0.38840926865924946
2018-12-06,56.24399185180664,22.26127815246582,21.190000534057617,19.341000080108643,-0.6604823560396496
2018-12-07,55.70589065551758,22.344390869140625,23.229999542236328,19.68450002670288,-0.8755908790624163
2018-12-10,54.91664505004883,22.387922286987305,22.639999389648438,19.98050003051758,-1.1686376381129189
2018-12-11,55.0171012878418,22.478946685791016,21.760000228881836,20.200500011444092,-1.1590095600525074
2018-12-12,54.54354476928711,22.336471557617188,21.459999084472656,20.250999927520752,-1.2865292768985261
2018-12-13,55.232357025146484,22.5303955078125,20.649999618530273,20.282499885559083,-1.0972302625818673
2018-12-14,54.22785949707031,22.486862182617188,21.6299991607666,20.301499843597412,-1.4418490119887388
2018-12-17,53.122920989990234,21.76262664794922,24.520000457763672,20.52849988937378,-1.6271147806913668
2018-12-18,51.65924072265625,21.61620330810547,25.579999923706055,20.90049991607666,-2.105486791960146
2018-12-19,50.78389358520508,21.580585479736328,25.579999923706055,21.174499893188475,-2.406461502819125
2018-12-20,49.241302490234375,21.568710327148438,28.3799991607666,21.46949987411499,-2.9514414617229163
2018-12-21,48.875389099121094,21.476512908935547,30.110000610351562,21.93499994277954,-3.055101997203623
2018-12-24,47.00273895263672,20.578500747680664,36.06999969482422,22.66249990463257,-3.4634884212530115
2018-12-26,49.24847412109375,20.857879638671875,30.40999984741211,23.23799991607666,-2.7451992835620898
2018-12-27,49.463722229003906,21.033489227294922,29.959999084472656,23.78499984741211,-2.719001694012696
2018-12-28,48.91126251220703,21.085372924804688,28.34000015258789,24.277499866485595,-2.9302657354386485
2018-12-31,48.92559814453125,21.121299743652344,25.420000076293945,24.608999824523927,-2.9354645357074585
