Date,XOM,BP,VIX,AvgVIX,zscore
2020-01-30,48.712589263916016,26.357297897338867,15.489999771118164,13.696000051498412,-3.028090737216253
2020-01-31,46.70513153076172,25.716697692871094,18.84000015258789,14.014500045776368,-2.9472920838919223
2020-02-03,45.660057067871094,25.076093673706055,17.969999313354492,14.211999988555908,-2.774448996776948
2020-02-04,45.088645935058594,25.980052947998047,16.049999237060547,14.32199993133545,-3.2140406428776833
2020-02-05,47.16376876831055,26.81283950805664,15.149999618530273,14.389999914169312,-3.370208322589885
2020-02-06,46.52470016479492,26.250530242919922,14.960000038146973,14.465499925613404,-3.1918756376577178
2020-02-07,46.21642303466797,25.88752555847168,15.470000267028809,14.611999940872192,-3.066777665069067
2020-02-10,45.72833251953125,25.7593994140625,15.039999961853027,14.735999917984008,-3.0588977032297913
2020-02-11,46.16304016113281,26.015634536743164,15.180000305175781,14.878999948501587,-3.126437098118707
2020-02-12,46.72740173339844,26.45694351196289,13.739999771118164,14.946499919891357,-3.260388092099815
2020-02-13,46.468101501464844,26.1962890625,14.149999618530273,15.032999897003174,-3.174190722173973
2020-02-14,46.25456237792969,26.06595802307129,13.680000305175781,15.100999927520752,-3.139113598708978
2020-02-18,45.66731643676758,26.13112449645996,14.829999923706055,15.237499904632568,-3.2230285506238006
2020-02-19,46.01814651489258,26.246976852416992,14.380000114440918,15.313999891281128,-3.2388095037081746
2020-02-20,45.65208053588867,26.051475524902344,15.5600004196167,15.446499919891357,-3.190568038026022
2020-02-21,45.09535217285156,25.602563858032227,17.079999923706055,15.651499938964843,-3.0526494734213965
2020-02-24,42.98281478881836,24.661293029785156,25.030000686645508,16.174999952316284,-2.853863248556411
2020-02-25,41.33549118041992,23.843114852905273,27.850000381469727,16.655999994277956,-2.66300146777228
2020-02-26,40.42793273925781,23.66209602355957,27.559999465942383,17.219999933242796,-2.672715827920737
2020-02-27,37.995094299316406,22.82943344116211,39.15999984741211,18.35849995613098,-2.550813039374769
2020-02-28,39.23057556152344,22.65566635131836,40.11000061035156,19.589499998092652,-2.3586541056179864
2020-03-02,41.09143829345703,23.33626937866211,33.41999816894531,20.318499898910524,-2.470507960779672
2020-03-03,39.123817443847656,23.111814498901367,36.81999969482422,21.26099991798401,-2.563110423231404
2020-03-04,39.97797393798828,23.995161056518555,31.989999771118164,22.05799994468689,-2.8575823704374788
2020-03-05,38.21625900268555,23.604171752929688,39.619998931884766,23.281499910354615,-2.8595749470205916
2020-03-06,36.37064743041992,22.626697540283203,41.939998626708984,24.630499839782715,-2.619842973554338
2020-03-09,31.92442512512207,18.30409812927246,54.459999084472656,26.57999978065491,-1.2043481038782142
2020-03-10,33.10651397705078,19.397415161132812,47.29999923706055,28.192999744415282,-1.5568701698876612
2020-03-11,32.015933990478516,17.855180740356445,53.900001525878906,30.12899980545044,-1.0044293752239808
2020-03-12,28.355226516723633,15.617856979370117,75.47000122070312,33.21549987792969,-0.40180031060993443
2020-03-13,29.07211685180664,16.05228614807129,57.83000183105469,35.39949998855591,-0.5182336850257864
2020-03-16,26.3037109375,13.641183853149414,82.69000244140625,38.850000095367434,0.24373731111799313
2020-03-17,28.073055267333984,13.641183853149414,75.91000366210938,41.9040002822876,0.41295827312215544
2020-03-18,25.25888442993164,11.66451644897461,76.44999694824219,45.007500123977664,0.9855527341522852
2020-03-19,26.25794792175293,12.308924674987793,72.0,47.829500102996825,0.8066891534266682
2020-03-20,24.969072341918945,12.59130859375,66.04000091552734,50.27750015258789,0.5631702200751151
2020-03-23,23.985261917114258,13.170550346374512,61.59000015258789,52.10550012588501,0.2224140638839888
2020-03-24,27.028223037719727,16.016082763671875,61.66999816894531,53.796500015258786,-0.6982958620790383
2020-03-25,28.439115524291992,17.587282180786133,63.95000076293945,55.61600008010864,-1.2324362524933357
2020-03-26,29.605972290039062,17.68140983581543,61.0,56.708000087738036,-1.160920775073377
2020-03-27,28.179819107055664,16.182619094848633,65.54000091552734,57.97950010299682,-0.6590744027332708
2020-03-30,28.599275588989258,17.319377899169922,57.08000183105469,59.16250028610229,-1.1030342282637522
2020-03-31,28.957727432250977,17.659683227539062,53.540000915527344,59.99850034713745,-1.2136671831883161
2020-04-01,28.622154235839844,17.645206451416016,57.060001373291016,61.252000427246095,-1.2395967850246477
2020-04-02,30.81095314025879,18.847135543823242,50.90999984741211,61.81650047302246,-1.542087916669289
2020-04-03,29.90340232849121,17.89862632751465,46.79999923706055,62.059500503540036,-1.2249737914637848
2020-04-06,30.864337921142578,18.137561798095703,45.2400016784668,61.598500633239745,-1.234817610330234
2020-04-07,31.45157241821289,17.95655059814453,46.70000076293945,61.568500709533694,-1.1015724875105521
2020-04-08,33.44208908081055,18.38374137878418,43.349998474121094,61.041000556945804,-1.09311322163159
2020-04-09,32.89298629760742,18.028955459594727,41.66999816894531,59.35100040435791,-0.9945478082018031
2020-04-13,32.61079788208008,18.036191940307617,41.16999816894531,58.51800022125244,-1.0246180267047038
2020-04-14,32.359127044677734,17.695892333984375,37.7599983215332,56.27150001525879,-0.9037749205300948
2020-04-15,30.871965408325195,16.537403106689453,40.84000015258789,54.51799983978272,-0.5526772677580379
2020-04-16,29.857650756835938,15.820587158203125,40.11000061035156,52.70100002288818,-0.3444382439939331
2020-04-17,32.96162033081055,16.9645938873291,38.150001525878906,51.00850009918213,-0.5347363699396394
2020-04-20,31.405813217163086,16.182619094848633,43.83000183105469,49.898000144958495,-0.35053873925200746
2020-04-21,31.238035202026367,15.668534278869629,45.40999984741211,49.089000129699706,-0.14766746802340056
2020-04-22,32.13033676147461,16.89218521118164,41.97999954223633,48.104500198364256,-0.5834062618367019
2020-04-23,33.137027740478516,16.928390502929688,41.380001068115234,46.976000213623045,-0.5025434863309264
2020-04-24,33.35056686401367,16.935632705688477,35.93000030517578,45.722500228881835,-0.4852045158345881
2020-04-27,33.510711669921875,17.60176658630371,33.290000915527344,44.11000022888184,-0.7535543351533625
2020-04-28,34.2962532043457,17.49315643310547,33.56999969482422,42.93450012207031,-0.6321742584037968
2020-04-29,36.19523620605469,18.412700653076172,31.229999542236328,41.81900005340576,-0.8421328804963415
2020-04-30,35.44022750854492,17.232494354248047,34.150001525878906,40.673500061035156,-0.41176377270660836
2020-05-01,32.900604248046875,16.53015899658203,37.189998626708984,39.9875,-0.35557242274944434
2020-05-04,34.22761535644531,16.83426284790039,35.970001220703125,39.44600009918213,-0.35815587270000104
2020-05-05,34.18947219848633,17.283174514770508,33.61000061035156,38.86450004577637,-0.552968242175996
2020-05-06,33.548858642578125,17.073196411132812,34.119998931884766,38.235499954223634,-0.5248198580634751
2020-05-07,33.73952102661133,17.420751571655273,31.440000534057617,37.64000005722046,-0.6545875446116562
2020-05-08,35.219051361083984,17.866863250732422,27.979999542236328,36.95550012588501,-0.7030565292413262
2020-05-11,34.88349533081055,17.472795486450195,27.56999969482422,36.275500202178954,-0.5673396363584908
2020-05-12,34.3004150390625,17.145641326904297,33.040000915527344,36.03950033187866,-0.48379054445879127
2020-05-13,32.59782791137695,16.528518676757812,35.279998779296875,35.76150026321411,-0.38383158747271967
2020-05-14,32.88548278808594,16.461606979370117,32.61000061035156,35.38650026321411,-0.32782648693373473
2020-05-15,32.652259826660156,16.223676681518555,31.889999389648438,35.07350015640259,-0.2488119163679586
2020-05-18,35.24888229370117,17.4802303314209,29.299999237060547,34.34700002670288,-0.5355598984873108
2020-05-19,34.16047286987305,17.034114837646484,30.530000686645508,33.60300006866455,-0.449682293131485
2020-05-20,35.27220916748047,17.56201934814453,27.989999771118164,32.90350008010864,-0.5681579023127248
2020-05-21,34.64249038696289,17.383573532104492,29.530000686645508,32.31100006103516,-0.5523952314646787
2020-05-22,34.673583984375,17.086166381835938,28.15999984741211,31.92250003814697,-0.4227736995456051
2020-05-26,35.69202423095703,17.294347763061523,28.010000228881836,31.658500003814698,-0.41402143766707394
2020-05-27,35.948577880859375,17.792509078979492,27.6200008392334,31.361000061035156,-0.6016213075303989
2020-05-28,35.015647888183594,17.294347763061523,28.59000015258789,31.229000091552734,-0.4787104037835322
2020-05-29,35.34995651245117,17.205129623413086,27.510000228881836,30.89700002670288,-0.4087443507009123
2020-06-01,35.97967529296875,17.7255916595459,28.229999542236328,30.449000072479247,-0.5701510524268906
2020-06-02,36.780426025390625,18.550907135009766,26.84000015258789,29.992500019073486,-0.8450188234462673
2020-06-03,38.280879974365234,19.257253646850586,25.65999984741211,29.594999980926513,-1.0023049455613413
2020-06-04,38.17203903198242,19.101112365722656,25.809999465942383,29.179500007629393,-0.9462234150213151
2020-06-05,41.266231536865234,20.603029251098633,24.520000457763672,28.8335000038147,-1.2898689220523643
2020-06-08,42.55677032470703,21.10118865966797,25.809999465942383,28.725,-1.3785771325057332
2020-06-09,41.60830307006836,20.327922821044922,27.56999969482422,28.725,-1.14000183589735
2020-06-10,39.3770637512207,19.614145278930664,27.56999969482422,28.451499938964844,-1.049443959477075
2020-06-11,35.90193557739258,17.89659881591797,40.790000915527344,28.727000045776368,-0.6504077263896633
2020-06-12,36.67158508300781,18.402202606201172,36.09000015258789,28.901000022888184,-0.7921041561156381
2020-06-15,36.648258209228516,18.112228393554688,34.400001525878906,29.026500129699706,-0.6708526635899175
2020-06-16,37.47234344482422,18.253494262695312,33.66999816894531,29.245000076293945,-0.6521933394719617
2020-06-17,36.25177764892578,17.621503829956055,33.470001220703125,29.392000102996825,-0.4998023354734361
2020-06-18,36.47722625732422,17.614063262939453,32.939998626708984,29.639500045776366,-0.4750718320150079
2020-06-19,35.74644088745117,17.59919548034668,35.119998931884766,29.91899995803833,-0.5386332145004085
2020-06-22,36.08851623535156,17.747896194458008,31.770000457763672,30.09949998855591,-0.5692396041158801
2020-06-23,36.30619430541992,17.9709529876709,31.3700008392334,30.267500019073488,-0.6434071693184523
2020-06-24,34.59583282470703,17.205129623413086,33.84000015258789,30.57849998474121,-0.48086911113245806
2020-06-25,35.11671829223633,17.472795486450195,32.220001220703125,30.760000038146973,-0.5450340776108425
2020-06-26,33.91169738769531,16.922588348388672,34.72999954223633,31.121000003814697,-0.4259829133909249
2020-06-29,34.45591354370117,17.457927703857422,31.780000686645508,31.298500061035156,-0.6019024790496678
2020-06-30,34.76687240600586,17.338958740234375,30.43000030517578,31.47800006866455,-0.5215005313998483
2020-07-01,33.9816780090332,17.257169723510742,28.6200008392334,31.626000118255615,-0.5617679122373523
2020-07-02,34.26932144165039,17.40587615966797,27.68000030517578,31.719500160217287,-0.5975826336776989
2020-07-06,34.51032638549805,17.57689094543457,27.940000534057617,31.890500164031984,-0.6473576605280608
2020-07-07,33.616268157958984,17.115907669067383,29.43000030517578,32.07150020599365,-0.536560921416986
2020-07-08,33.538536071777344,17.219999313354492,28.079999923706055,32.097000217437746,-0.5883215946118995
2020-07-09,32.15468978881836,16.394681930541992,29.260000228881836,32.18150024414062,-0.36922055663240155
2020-07-10,33.1575927734375,16.69952964782715,27.290000915527344,31.506500244140625,-0.4031186345057558
2020-07-13,33.16535949707031,16.69952964782715,32.189998626708984,31.31150016784668,-0.402375821237245
2020-07-14,34.261539459228516,17.309223175048828,29.520000457763672,31.067500114440918,-0.557168243500251
2020-07-15,34.6969108581543,17.70328712463379,27.760000228881836,30.772000217437743,-0.6833371209794031
2020-07-16,34.424800872802734,17.636367797851562,28.0,30.49850015640259,-0.6808649582851724
2020-07-17,33.83395004272461,17.286914825439453,25.68000030517578,30.13550024032593,-0.5885633282121359
2020-07-20,33.04096984863281,17.056419372558594,24.459999084472656,29.602500247955323,-0.5662502656948748
2020-07-21,34.71246337890625,17.911474227905273,24.84000015258789,29.256000232696532,-0.7705039711695443
2020-07-22,33.90392303466797,17.43562126159668,24.31999969482422,28.903500175476076,-0.6451961576654949
2020-07-23,33.97389602661133,17.26460838317871,26.079999923706055,28.515500164031984,-0.5656798602978219
2020-07-24,33.76397705078125,17.048992156982422,25.84000015258789,28.19650011062622,-0.4939386991641224
2020-07-27,34.261539459228516,17.205129623413086,24.739999771118164,27.697000122070314,-0.5128410930378632
2020-07-28,33.85727310180664,16.96719741821289,25.440000534057617,27.380000114440918,-0.45018438477290473
2020-07-29,34.230438232421875,17.26460838317871,24.100000381469727,27.063500118255615,-0.541144037547027
2020-07-30,32.55118942260742,16.68465805053711,24.760000228881836,26.870500087738037,-0.45478243506035926
2020-07-31,32.714454650878906,16.387250900268555,24.459999084472656,26.70950002670288,-0.3125199433537814
2020-08-03,32.84661102294922,16.42443084716797,24.280000686645508,26.526500034332276,-0.3157131345224118
2020-08-04,33.795082092285156,17.6512393951416,23.760000228881836,26.243000030517578,-0.747424486392047
2020-08-05,34.09050750732422,17.80738067626953,22.989999771118164,25.988500022888182,-0.7856609861907194
2020-08-06,33.927242279052734,17.294347763061523,22.649999618530273,25.657999992370605,-0.5828060516019146
2020-08-07,33.77175521850586,17.086166381835938,22.209999084472656,25.403999900817873,-0.509025046301678
2020-08-10,34.603599548339844,17.472795486450195,22.1299991607666,24.90099992752075,-0.5941090066681379
2020-08-11,34.961246490478516,17.70328712463379,24.030000686645508,24.626499938964844,-0.6580559310834376
2020-08-12,34.95329666137695,18.03787612915039,22.280000686645508,24.352499961853027,-0.8012974854399304
2020-08-13,34.097110748291016,17.66498565673828,22.1299991607666,24.058999919891356,-0.724392018927752
2020-08-14,34.24774169921875,17.31846809387207,22.049999237060547,23.877499866485596,-0.5624247200615464
2020-08-17,33.803794860839844,17.13767433166504,21.350000381469727,23.72199993133545,-0.5278948809676658
2020-08-18,33.637298583984375,16.843889236450195,21.510000228881836,23.555499935150145,-0.4187133560823071
2020-08-19,33.26470184326172,16.753490447998047,22.540000915527344,23.466499996185302,-0.4158533128703994
2020-08-20,32.75733947753906,16.542564392089844,22.719999313354492,23.298499965667723,-0.3745570438237069
2020-08-21,32.51157760620117,16.165910720825195,22.540000915527344,23.133500003814696,-0.2376678028257742
2020-08-24,33.4708251953125,16.504898071289062,22.3700008392334,23.01500005722046,-0.2902791099910681
2020-08-25,32.408512115478516,16.286441802978516,22.030000686645508,22.844500064849854,-0.2988519380007438
2020-08-26,31.718793869018555,16.105648040771484,23.270000457763672,22.803000068664552,-0.28782779726490737
2020-08-27,31.504749298095703,15.92485523223877,24.469999313354492,22.788500022888183,-0.23131039834025016
2020-08-28,32.25788497924805,16.105648040771484,22.959999084472656,22.713500022888184,-0.23626885831632738
2020-08-31,31.663297653198242,15.766661643981934,26.40999984741211,22.819999980926514,-0.1487816703362616
2020-09-01,31.258987426757812,15.646129608154297,26.1200008392334,22.938000011444093,-0.13612279220471096
2020-09-02,31.068721771240234,15.49547004699707,26.56999969482422,23.117000007629393,-0.09016309440721264
2020-09-03,31.00530433654785,15.525605201721191,33.599998474121094,23.664499950408935,-0.10906110957201445
2020-09-04,30.981521606445312,15.472872734069824,30.75,24.091499996185302,-0.08888013164894744
2020-09-08,30.268022537231445,15.179084777832031,31.459999084472656,24.557999992370604,-0.032013004545841404
2020-09-09,30.0856876373291,15.307145118713379,28.809999465942383,24.79699993133545,-0.10398476110171673
2020-09-10,29.332563400268555,14.99828815460205,29.709999084472656,25.168499851226805,-0.04449042511516173
2020-09-11,29.25328254699707,15.111284255981445,26.8700008392334,25.405499935150146,-0.10019109309558465
2020-09-14,29.063011169433594,14.945556640625,25.850000381469727,25.595499992370605,-0.04781536924261341
2020-09-15,28.75383949279785,14.809964179992676,25.59000015258789,25.807499980926515,-0.019644068994452715
2020-09-16,29.974700927734375,15.035951614379883,26.040000915527344,26.03400001525879,0.0008853333627609902
2020-09-17,29.96677017211914,14.734635353088379,26.459999084472656,26.229999923706053,0.12843921101485806
2020-09-18,29.48318099975586,14.222387313842773,25.829999923706055,26.385499954223633,0.30032397566141666
2020-09-21,28.88067626953125,13.800532341003418,27.780000686645508,26.64749994277954,0.42234265576957214
2020-09-22,28.167179107666016,13.921065330505371,26.860000610351562,26.87199993133545,0.30277572308508227
2020-09-23,27.26342010498047,13.536877632141113,28.579999923706055,27.199499893188477,0.3799420814449993
2020-09-24,27.207923889160156,13.506746292114258,28.510000228881836,27.461499881744384,0.3874655121350005
2020-09-25,27.46161651611328,13.454015731811523,26.3799991607666,27.55699987411499,0.4341835574659989
2020-09-28,27.992767333984375,13.695073127746582,26.190000534057617,27.71849994659424,0.38233131161542494
2020-09-29,27.17621612548828,13.31088638305664,26.270000457763672,27.711499977111817,0.46783786019484797
2020-09-30,27.215856552124023,13.152693748474121,26.3700008392334,27.723999977111816,0.5389937693200243
2020-10-01,26.264530181884766,12.678112030029297,26.700000762939453,27.73050003051758,0.6501041094548513
2020-10-02,26.145610809326172,12.693180084228516,27.6299991607666,27.432000064849852,0.6323140288549491
2020-10-05,26.74811553955078,12.949300765991211,27.959999084472656,27.292500019073486,0.5808715635255945
2020-10-06,26.47064781188965,12.753442764282227,29.479999542236328,27.19350004196167,0.6377384955214959
2020-10-07,26.55785369873047,12.82877254486084,28.059999465942383,27.15600004196167,0.6140005100942765
2020-10-08,27.9531307220459,13.175292015075684,26.360000610351562,26.988500118255615,0.5998837980559721
2020-10-09,27.540895462036133,13.077363014221191,25.0,26.895000076293947,0.6021594559944438
2020-10-12,27.453691482543945,12.986968994140625,25.06999969482422,26.85600004196167,0.6323125727072411
2020-10-13,27.128650665283203,12.565118789672852,26.06999969482422,26.880000019073485,0.7808660073680552
2020-10-14,27.073156356811523,12.497320175170898,26.399999618530273,26.897999954223632,0.8044298354280046
2020-10-15,27.310985565185547,12.384322166442871,26.969999313354492,26.923499965667723,0.8752949583011089
2020-10-16,27.03351402282715,12.241195678710938,27.40999984741211,27.002499961853026,0.9097063616414842
2020-10-19,26.494428634643555,12.075468063354492,29.18000030517578,27.07249994277954,0.9287213419453431
2020-10-20,26.71640968322754,12.16586685180664,29.350000381469727,27.196999931335448,0.9114563398529781
2020-10-21,26.288307189941406,11.92480754852295,28.649999618530273,27.20049991607666,0.9731649903783747
2020-10-22,27.63602638244629,12.128199577331543,28.110000610351562,27.180499935150145,1.015449148254261
2020-10-23,27.08108139038086,12.090535163879395,27.549999237060547,27.238999938964845,0.9784129328622225
2020-10-26,26.43893814086914,11.90220832824707,32.459999084472656,27.552499866485597,0.997195050252353
2020-10-27,26.01876449584961,11.585821151733398,33.349998474121094,27.906499767303465,1.0917396068407093
2020-10-28,25.027807235717773,11.224234580993652,40.279998779296875,28.60199966430664,1.1509418271077918
2020-10-29,26.13768768310547,11.495427131652832,37.59000015258789,29.146499633789062,1.1416068271703925
2020-10-30,25.860210418701172,11.661150932312012,38.02000045776367,29.665999698638917,1.0444970175740147
2020-11-02,26.946311950683594,12.128199577331543,37.130001068115234,30.124499797821045,0.9494845207461781
2020-11-03,26.48650550842285,12.188465118408203,35.54999923706055,30.427999782562257,0.8798449559670092
2020-11-04,26.34380340576172,12.150800704956055,29.56999969482422,30.50349979400635,0.8822358532901742
2020-11-05,26.29623794555664,12.162322044372559,27.579999923706055,30.56449975967407,0.8727804273674514
2020-11-06,25.98705291748047,12.016345977783203,24.860000610351562,30.55749979019165,0.9053722006931737
2020-11-09,29.277069091796875,13.891019821166992,25.75,30.59149980545044,0.4217207130633015
2020-11-10,29.926576614379883,14.67469310760498,24.799999237060547,30.527999782562254,0.15012085780809037
2020-11-11,29.618059158325195,14.50566577911377,23.450000762939453,30.380499839782715,0.19259261688518298
2020-11-12,28.603193283081055,14.044683456420898,25.350000381469727,30.299499893188475,0.29183484703506984
2020-11-13,29.293302536010742,14.444198608398438,23.100000381469727,30.083999919891358,0.18770788567651053
2020-11-16,30.98204803466797,15.181775093078613,22.450000762939453,29.74749994277954,0.0351311026260787
2020-11-17,31.3961181640625,15.404583930969238,22.709999084472656,29.415499877929687,-0.02014784024077612
2020-11-18,30.210739135742188,15.028116226196289,23.84000015258789,29.174999904632568,0.02679676180194182
2020-11-19,30.364999771118164,15.00506591796875,23.110000610351562,28.924999904632568,0.05136605756911491
2020-11-20,29.991527557373047,14.974332809448242,23.700000762939453,28.732499980926512,0.028734364233031637
2020-11-23,31.956323623657227,15.681177139282227,22.65999984741211,28.242500019073486,-0.0843538399703214
2020-11-24,34.0835075378418,16.79522705078125,21.639999389648438,27.657000064849854,-0.3553154293469137
2020-11-25,33.133583068847656,16.44948959350586,21.25,26.70550012588501,-0.29893799198767196
2020-11-27,32.63019561767578,16.21131134033203,20.84000015258789,25.86800012588501,-0.2456564969276376
2020-11-30,30.957691192626953,15.028116226196289,20.56999969482422,24.995500087738037,0.09823562393054049
2020-12-01,31.258094787597656,15.550562858581543,20.770000457763672,24.17750005722046,-0.09551206368479782
2020-12-02,32.42722702026367,16.188261032104492,21.170000076293945,23.458500099182128,-0.25525278069697044
2020-12-03,32.64643478393555,16.411069869995117,21.280000686645508,23.044000148773193,-0.3291684560697537
2020-12-04,33.83993148803711,17.110231399536133,20.790000915527344,22.704500198364258,-0.5127524704902034
2020-12-07,33.2066535949707,16.65692710876465,21.299999237060547,22.526500129699706,-0.38028458763556966
2020-12-08,34.294593811035156,16.741443634033203,20.68000030517578,22.273000144958495,-0.31222392873899885
2020-12-09,34.74925994873047,16.825956344604492,22.270000457763672,22.146500205993654,-0.3047282897413304
2020-12-10,35.73165512084961,17.217790603637695,22.520000457763672,22.100000190734864,-0.377630054078458
2020-12-11,35.5611572265625,16.925838470458984,23.309999465942383,21.998000144958496,-0.2696117935684454
2020-12-14,34.27836227416992,16.411069869995117,24.719999313354492,22.079000091552736,-0.17309010819700776
2020-12-15,34.944122314453125,16.856691360473633,22.889999389648438,22.101000022888183,-0.29917974234856687
2020-12-16,35.47997283935547,16.77217674255371,22.5,22.09050006866455,-0.21194106829908874
2020-12-17,35.30134582519531,16.825956344604492,21.93000030517578,21.995000076293945,-0.2519265249581817
2020-12-18,34.69242477416992,16.703025817871094,21.56999969482422,21.91800003051758,-0.2578153544618808
2020-12-21,34.059139251708984,15.888623237609863,25.15999984741211,21.99099998474121,0.028421729303977822
2020-12-22,33.48269271850586,15.73495864868164,24.229999542236328,22.069499969482422,0.038726557659180386
2020-12-23,33.91299819946289,16.295822143554688,23.309999465942383,22.15299997329712,-0.15895666885173007
2020-12-24,33.77497863769531,16.180578231811523,21.530000686645508,22.167000007629394,-0.12308151291244765
2020-12-28,33.88864517211914,16.12679672241211,21.700000762939453,22.210000038146973,-0.08930809626339815
2020-12-29,33.507049560546875,16.188261032104492,23.079999923706055,22.335500049591065,-0.15197802180498746
2020-12-30,33.77497863769531,16.157529830932617,22.770000457763672,22.435500049591063,-0.1132665924142798
2020-12-31,33.46645736694336,15.765693664550781,22.75,22.514500045776366,0.02408561553679059
2021-01-04,33.69378662109375,16.003864288330078,26.969999313354492,22.798999977111816,-0.055594972375026815
2021-01-05,35.31759262084961,17.194746017456055,25.34000015258789,23.026499938964843,-0.40741789919683097
2021-01-06,36.21879959106445,17.986099243164062,25.06999969482422,23.214999961853028,-0.6582155173048495
2021-01-07,36.50295639038086,18.37026023864746,22.3700008392334,23.299499988555908,-0.7946295640201507
2021-01-08,36.90890884399414,18.746728897094727,21.559999465942383,23.263999938964844,-0.9161193131616758
2021-01-11,38.029327392578125,18.731359481811523,24.079999923706055,23.34199991226196,-0.8024170272865327
2021-01-12,38.87369918823242,19.215396881103516,23.329999923706055,23.342999935150146,-0.9277831583542306
2021-01-13,39.31212615966797,19.038686752319336,22.209999084472656,23.217499923706054,-0.81060162666153
2021-01-14,40.846614837646484,19.568817138671875,23.25,23.235499954223634,-0.88959285619888
2021-01-15,38.8818244934082,18.6391658782959,24.34000015258789,23.32749996185303,-0.6816241032472109
2021-01-19,39.65312576293945,18.93880271911621,23.239999771118164,23.392999935150147,-0.735453685818357
2021-01-20,40.21332931518555,19.061729431152344,21.579999923706055,23.39349994659424,-0.7342225974119604
2021-01-21,39.06044006347656,18.45477294921875,21.31999969482422,23.201499938964844,-0.5860194216103263
2021-01-22,38.50834655761719,18.339523315429688,21.90999984741211,23.085499954223632,-0.5897440646838015
2021-01-25,38.078041076660156,17.724872589111328,23.190000534057617,23.079500007629395,-0.36915610811261895
2021-01-26,37.241783142089844,17.69414520263672,23.020000457763672,23.153999996185302,-0.43605129209524085
2021-01-27,36.819602966308594,17.463653564453125,37.209999084472656,23.929499912261964,-0.3782763578878964
2021-01-28,37.396053314208984,17.563535690307617,30.209999084472656,24.285999870300294,-0.3656781219044792
2021-01-29,36.40553283691406,17.071813583374023,33.09000015258789,24.801999855041505,-0.2510172702454613
2021-02-01,36.47047805786133,17.064132690429688,30.239999771118164,25.176499843597412,-0.24153504942745285
2021-02-02,37.04692840576172,15.942401885986328,25.559999465942383,25.105999851226805,0.2912742785706034
2021-02-03,38.50022888183594,16.341922760009766,22.90999984741211,24.984499835968016,0.26013686451598017
2021-02-04,39.23906326293945,16.12679672241211,21.770000457763672,24.81949987411499,0.42240852168741067
2021-02-05,40.55434036254883,15.988499641418457,20.8700008392334,24.74449987411499,0.607094636222557
2021-02-08,42.2999153137207,16.925838470458984,21.239999771118164,24.72849988937378,0.3748863445238934
2021-02-09,41.804508209228516,16.695343017578125,21.6299991607666,24.605999851226805,0.42565944369966
2021-02-10,42.20908737182617,16.580097198486328,21.989999771118164,24.538999843597413,0.5134298207532481
2021-02-11,41.15220260620117,16.41874885559082,21.25,24.49099988937378,0.4810573465216524
2021-02-12,41.71367263793945,16.833635330200195,19.969999313354492,24.326999855041503,0.35808154976821804
2021-02-16,42.968719482421875,17.809391021728516,21.459999084472656,24.18299980163574,0.06259948949955702
2021-02-17,43.63752365112305,18.11671257019043,21.5,24.095999813079835,-0.004305418601416402
2021-02-18,42.952205657958984,17.489850997924805,22.489999771118164,24.14149980545044,0.19709287692599478
2021-02-19,43.2411994934082,17.809123992919922,22.049999237060547,24.177999782562257,0.08877332320262657
2021-02-22,44.834774017333984,18.40094566345215,23.450000762939453,24.254999828338622,-0.01083749523026308
2021-02-23,45.45404052734375,18.8681697845459,23.110000610351562,24.25099983215332,-0.150573047835987
2021-02-24,46.8164176940918,19.701391220092773,21.34000015258789,24.16699981689453,-0.37509326085465344
2021-02-25,46.04026794433594,19.927217483520508,28.889999389648438,23.75099983215332,-0.5454903575164949
2021-02-26,44.89256286621094,19.008338928222656,27.950000762939453,23.63799991607666,-0.263962611616553
2021-03-01,46.5687141418457,19.14072036743164,23.350000381469727,23.15099992752075,-0.16002793073573124
2021-03-02,46.296226501464844,19.288673400878906,24.100000381469727,22.84399995803833,-0.24909303484716694
2021-03-03,46.66779708862305,19.919435501098633,26.670000076293945,22.89949998855591,-0.4821592856515496
2021-03-04,48.476051330566406,20.269853591918945,28.56999969482422,23.182499980926515,-0.4584388401836371
2021-03-05,50.3090705871582,20.846099853515625,24.65999984741211,23.326999950408936,-0.5285164215832838
2021-03-08,50.259525299072266,20.666994094848633,25.469999313354492,23.55699987411499,-0.45698464287868873
2021-03-09,49.4833869934082,20.332149505615234,24.030000686645508,23.69649991989136,-0.3886248253266732
2021-03-10,51.00265121459961,20.752649307250977,22.559999465942383,23.742999935150145,-0.42238709130025087
2021-03-11,50.622833251953125,20.752649307250977,21.90999984741211,23.738999938964845,-0.45871306807127865
2021-03-12,51.167789459228516,20.99405288696289,20.690000534057617,23.710999965667725,-0.5093923784300252
2021-03-15,49.863189697265625,20.62805938720703,20.030000686645508,23.714000034332276,-0.4783104366729816
2021-03-16,48.80632400512695,20.30878448486328,19.790000915527344,23.63050012588501,-0.4434297127970193
2021-03-17,49.02100372314453,20.61248207092285,19.229999542236328,23.517000102996825,-0.5522240802410794
2021-03-18,46.90724563598633,19.78704833984375,21.579999923706055,23.47150011062622,-0.40288262054895163
2021-03-19,46.64301681518555,19.81041145324707,20.950000762939453,23.416500186920167,-0.43810253247403264
2021-03-22,46.164119720458984,19.740327835083008,18.8799991607666,23.188000106811522,-0.4540601102380397
2021-03-23,45.59440612792969,18.735788345336914,20.299999237060547,23.04750003814697,-0.08077516117315511
2021-03-24,46.5191764831543,19.273099899291992,21.200000762939453,23.04050006866455,-0.22113817613517256
2021-03-25,46.387054443359375,19.132932662963867,19.809999465942383,22.586500072479247,-0.17408564114117667
2021-03-26,47.650360107421875,19.646879196166992,18.860000610351562,22.132000064849855,-0.2721212228881594
2021-03-29,47.39440155029297,19.60794448852539,20.739999771118164,22.001500034332274,-0.2800212870813102
2021-03-30,46.80815505981445,19.374332427978516,19.610000610351562,21.77700004577637,-0.2366089366786878
2021-03-31,46.09806442260742,18.96161460876465,19.399999618530273,21.413500022888183,-0.1287707869579067
2021-04-01,47.386138916015625,19.14072036743164,17.329999923706055,20.851500034332275,-0.08184902326210895
2021-04-05,46.65128707885742,18.89153480529785,17.90999984741211,20.514000034332277,-0.04601754851203812
2021-04-06,46.5191764831543,19.545650482177734,18.1200008392334,20.14650011062622,-0.337200991807603
2021-04-07,46.72559356689453,19.755903244018555,17.15999984741211,19.803000068664552,-0.4069931004130073
2021-04-08,46.23843765258789,19.249736785888672,16.950000762939453,19.522500133514406,-0.23803923844361302
2021-04-09,46.13109588623047,18.99276351928711,16.690000534057617,19.26150016784668,-0.1388760793528015
2021-04-12,45.82559585571289,19.171871185302734,16.90999984741211,19.072500133514403,-0.24436537919154316
2021-04-13,45.99898147583008,19.171871185302734,16.649999618530273,18.903500080108643,-0.22778269319922886
2021-04-14,47.328346252441406,19.88828468322754,16.989999771118164,18.763500022888184,-0.4057187886676989
2021-04-15,47.047607421875,19.623519897460938,16.56999969482422,18.630500030517577,-0.3198214731269116
2021-04-16,46.783390045166016,19.60794448852539,16.25,18.364000034332275,-0.33845872797383314
2021-04-19,46.63477325439453,19.709178924560547,17.290000915527344,18.18100004196167,-0.3957821369258447
2021-04-20,45.65220260620117,19.296464920043945,18.68000030517578,18.17100009918213,-0.31400573393124215
2021-04-21,46.23843765258789,19.436628341674805,17.5,18.0310001373291,-0.31762505315835604
2021-04-22,45.63568878173828,18.95383071899414,18.709999084472656,17.90650005340576,-0.1696779326193513
2021-04-23,45.883384704589844,19.093997955322266,17.329999923706055,17.782500076293946,-0.20567692458973663
2021-04-26,45.97421646118164,19.405479431152344,17.639999389648438,17.72150001525879,-0.32963086004543357
2021-04-27,46.576969146728516,19.421058654785156,17.559999465942383,17.5625,-0.2786175461926448
2021-04-28,47.98063278198242,19.966154098510742,17.280000686645508,17.446000003814696,-0.37649366035930226
2021-04-29,48.66595458984375,19.857133865356445,17.610000610351562,17.35650005340576,-0.2645240192928022
2021-04-30,47.26228332519531,19.592374801635742,18.610000610351562,17.420500087738038,-0.2860269507650698
2021-05-03,48.56687545776367,20.00508689880371,18.309999465942383,17.44050006866455,-0.33700424837478654
2021-05-04,48.87236785888672,20.1841983795166,19.479999542236328,17.508500003814696,-0.3840595559675601
2021-05-05,50.342098236083984,20.853883743286133,19.149999618530273,17.607999992370605,-0.528672329057476
2021-05-06,50.82099533081055,20.881465911865234,18.389999389648438,17.679999923706056,-0.49461595342350273
2021-05-07,51.547603607177734,21.06269645690918,16.690000534057617,17.679999923706056,-0.5022979129573547
2021-05-10,51.67146301269531,20.976024627685547,19.65999984741211,17.817499923706055,-0.45354364633874955
2021-05-11,50.02833557128906,20.46383285522461,21.84000015258789,18.076999950408936,-0.3925816527149218
2021-05-12,50.29640579223633,20.637191772460938,27.59000015258789,18.606999969482423,-0.4407663670246059
2021-05-13,49.676490783691406,20.400794982910156,23.1299991607666,18.93499994277954,-0.3993882425240821
2021-05-14,50.9079475402832,20.999658584594727,18.809999465942383,19.06299991607666,-0.5366309150860638
2021-05-17,52.097496032714844,21.338491439819336,19.719999313354492,19.18449983596802,-0.5671503403961206
2021-05-18,50.62312316894531,21.16514015197754,21.34000015258789,19.317499828338622,-0.6343402530957214
2021-05-19,49.40843200683594,20.62931251525879,22.18000030517578,19.551499843597412,-0.5223373173472202
2021-05-20,49.29115295410156,20.8972225189209,20.670000076293945,19.649499893188477,-0.6476406171739219
2021-05-21,49.3581657409668,20.8972225189209,20.149999618530273,19.790499877929687,-0.6412314812761178
2021-05-24,49.936195373535156,21.291215896606445,18.399999618530273,19.82849988937378,-0.7537264028140688
2021-05-25,48.805274963378906,20.70810890197754,18.84000015258789,19.892499923706055,-0.613578170976035
2021-05-26,49.37491989135742,20.731746673583984,17.360000610351562,19.896499919891358,-0.5691629477287011
2021-05-27,49.05659103393555,20.70810890197754,16.739999771118164,19.852999877929687,-0.5895421783715367
2021-05-28,48.897422790527344,20.668710708618164,16.760000228881836,19.7604998588562,-0.5879877988052967
2021-06-01,50.648250579833984,21.291215896606445,17.899999618530273,19.739999866485597,-0.6856250926404488
2021-06-02,51.050357818603516,21.771881103515625,17.479999542236328,19.639999866485596,-0.8518536106047812
2021-06-03,51.25141143798828,21.87432098388672,18.040000915527344,19.58449993133545,-0.8762476953999822
2021-06-04,51.47758865356445,21.622167587280273,16.420000076293945,19.485999965667723,-0.7472391080631554
2021-06-07,51.14249801635742,21.480327606201172,16.420000076293945,19.472499942779542,-0.7188862687007451
2021-06-08,52.0472297668457,21.850675582885742,17.06999969482422,19.342999935150146,-0.7900660922264027
2021-06-09,52.48284149169922,21.74036407470703,17.889999389648438,19.145499897003173,-0.7014289703589429
2021-06-10,52.566619873046875,21.677324295043945,16.100000381469727,18.570999908447266,-0.6665715337929174
2021-06-11,52.08074188232422,21.70096206665039,15.649999618530273,18.196999931335448,-0.7231070416770491
2021-06-14,51.99696731567383,22.09494972229004,16.389999389648438,18.07599992752075,-0.8988948056807824
2021-06-15,53.89020538330078,22.36286735534668,17.020000457763672,17.94099998474121,-0.8319145080879474
2021-06-16,53.6975212097168,22.008270263671875,18.149999618530273,17.78149995803833,-0.699341453742811
2021-06-17,51.929962158203125,21.41728973388672,17.75,17.55999994277954,-0.61672879209869
2021-06-18,50.597984313964844,20.56627082824707,20.700000762939453,17.561499977111815,-0.3817223063908337
2021-06-21,52.432586669921875,21.22817611694336,17.889999389648438,17.448499965667725,-0.4881254803461874
2021-06-22,53.43783950805664,21.393646240234375,16.65999984741211,17.361499977111816,-0.4624463261364381
2021-06-23,53.83156967163086,21.45669174194336,16.31999969482422,17.235499954223634,-0.4516370472643285
2021-06-24,54.04935836791992,21.527606964111328,15.970000267028809,17.165999937057496,-0.46100613502897697
2021-06-25,54.16665267944336,21.527606964111328,15.619999885559082,17.10999994277954,-0.4497880493805637
2021-06-28,52.784423828125,20.849945068359375,15.760000228881836,17.05999994277954,-0.2934098645811777
2021-06-29,52.45771408081055,20.70022964477539,16.020000457763672,16.96599998474121,-0.2609017979495309
2021-06-30,52.84306716918945,20.818424224853516,15.829999923706055,16.883500003814696,-0.27437836500159807
2021-07-01,52.99384689331055,21.338491439819336,15.479999542236328,16.755499935150148,-0.48142290319485187
2021-07-02,52.91844940185547,21.25969696044922,15.069999694824219,16.68799991607666,-0.45508015127450974
2021-07-06,51.41057205200195,20.46383285522461,16.440000534057617,16.688999938964844,-0.26038387580994254
2021-07-07,50.60635757446289,20.274717330932617,16.200000762939453,16.645499992370606,-0.25676647556893334
2021-07-08,50.38018035888672,20.156526565551758,19.0,16.701000022888184,-0.22806787419608582
2021-07-09,51.29328536987305,20.4953556060791,16.18000030517578,16.705000019073488,-0.2850248655986749
2021-07-12,51.24302291870117,20.392915725708008,16.170000076293945,16.73100004196167,-0.2462090393049657
2021-07-13,51.00008773803711,20.156526565551758,17.1200008392334,16.767500114440917,-0.16877962753629017
2021-07-14,49.86917495727539,19.880725860595703,16.329999923706055,16.733000087738038,-0.15949383598803535
2021-07-15,49.383296966552734,19.4237003326416,17.010000228881836,16.676000118255615,-0.011343904029298559
2021-07-16,48.017826080322266,18.809078216552734,18.450000762939453,16.711000156402587,0.119792189828622
2021-07-19,46.367515563964844,18.1944522857666,22.5,16.801000118255615,0.22368770580422878
2021-07-20,46.87852478027344,18.21021270751953,19.729999542236328,16.89300012588501,0.265849467807944
2021-07-21,48.38641357421875,18.84059715270996,17.90999984741211,16.95550012588501,0.14162206967397098
2021-07-22,47.84189987182617,18.619962692260742,17.690000534057617,17.02400016784668,0.18349938916111552
2021-07-23,47.78325271606445,18.549047470092773,17.200000762939453,17.08550019264221,0.20808885213977804
2021-07-26,48.98957824707031,19.171546936035156,17.579999923706055,17.18350019454956,0.05837753116630247
2021-07-27,48.44506072998047,19.10850715637207,19.360000610351562,17.36350021362305,0.033144438961797966
2021-07-28,48.771766662597656,19.226707458496094,18.309999465942383,17.478000164031982,0.014056392412113167
2021-07-29,49.36654281616211,19.40793800354004,17.700000762939453,17.57150020599365,-0.0062340561917126796
2021-07-30,48.22725296020508,19.05335235595703,18.239999771118164,17.709500217437743,0.0358002917313836
2021-08-02,48.23563766479492,18.974550247192383,19.459999084472656,17.929000186920167,0.07015926298983408
2021-08-03,48.7550163269043,20.24319839477539,18.040000915527344,18.00900020599365,-0.4204076537462061
2021-08-04,47.61572265625,19.746768951416016,17.969999313354492,18.097500133514405,-0.3179709734856034
2021-08-05,47.91728973388672,19.9674072265625,17.280000686645508,18.01150016784668,-0.3830854521130654
2021-08-06,48.47018814086914,20.14076042175293,16.149999618530273,18.010000133514403,-0.40402662193665534
2021-08-09,47.91728973388672,19.920129776000977,16.719999313354492,18.03750009536743,-0.36295284416966295
2021-08-10,48.73825454711914,20.392915725708008,16.790000915527344,18.021000099182128,-0.4857663183996916
2021-08-11,48.88066864013672,20.542631149291992,16.170000076293945,18.013000106811525,-0.535900512058987
2021-08-12,48.77011489868164,20.48517608642578,15.59000015258789,17.942000102996825,-0.5220072885540245
2021-08-13,48.27688980102539,20.126062393188477,15.449999809265137,17.79200005531311,-0.41625476847068194
2021-08-16,47.57106399536133,19.735034942626953,16.1200008392334,17.47300009727478,-0.31724534483873207
2021-08-17,47.24791717529297,19.766958236694336,17.90999984741211,17.382000112533568,-0.36174546661649815
2021-08-18,46.25294494628906,19.431787490844727,21.56999969482422,17.565000104904176,-0.31417614274755473
2021-08-19,44.84130096435547,18.80135154724121,21.670000076293945,17.76400008201599,-0.1807219133915278
2021-08-20,44.84980773925781,18.86519432067871,18.559999465942383,17.832000017166138,-0.20709509872286916
2021-08-23,46.695159912109375,19.463714599609375,17.149999618530273,17.81050000190735,-0.2854783113084181
2021-08-24,47.07783889770508,19.67119789123535,17.219999313354492,17.703499937057494,-0.3372332949905206
2021-08-25,47.16286849975586,19.655231475830078,16.790000915527344,17.627500009536742,-0.3223018909860912
2021-08-26,46.52507781982422,19.391887664794922,18.84000015258789,17.684499979019165,-0.27115829717431406
2021-08-27,47.42649841308594,19.90262222290039,16.389999389648438,17.591999959945678,-0.40243695908757965
2021-08-30,46.907752990722656,19.71109962463379,16.190000534057617,17.428500032424928,-0.370492130712628
2021-08-31,46.36349868774414,19.51957130432129,16.479999542236328,17.350499963760377,-0.3409845475535231
2021-09-01,45.7257080078125,19.39986801147461,16.110000610351562,17.25750002861023,-0.35100876636972406
2021-09-02,46.839725494384766,19.82282066345215,16.40999984741211,17.21399998664856,-0.4245735500423157
2021-09-03,46.6611328125,19.774934768676758,16.40999984741211,17.22699999809265,-0.42126253443390765
2021-09-07,46.389015197753906,19.623313903808594,18.139999389648438,17.298000001907347,-0.3827218371450865
2021-09-08,45.96382141113281,19.487648010253906,17.959999084472656,17.356499910354614,-0.3656156779223661
2021-09-09,45.99783706665039,19.39986801147461,18.799999237060547,17.487999868392944,-0.32498220932858785
2021-09-10,45.904293060302734,19.551490783691406,20.950000762939453,17.755999898910524,-0.3984957761436337
2021-09-13,47.086334228515625,19.982421875,19.3700008392334,17.951999950408936,-0.468952276403808
2021-09-14,46.41452407836914,19.67119789123535,19.459999084472656,18.118999862670897,-0.40067305058076036
2021-09-15,47.9792594909668,20.564973831176758,18.18000030517578,18.13249988555908,-0.6316261239117326
2021-09-16,47.46900939941406,20.22182846069336,18.690000534057617,17.988499927520753,-0.5343018258835464
2021-09-17,46.907752990722656,20.14202308654785,20.809999465942383,17.945499897003174,-0.5539963808210355
2021-09-20,45.657676696777344,19.814836502075195,25.709999084472656,18.302999877929686,-0.534225306835126
2021-09-21,45.61515426635742,20.134044647216797,24.360000610351562,18.663499927520753,-0.6742236236592817
2021-09-22,46.95026779174805,20.46921157836914,20.8700008392334,18.846000003814698,-0.6892600421853604
2021-09-23,48.5405158996582,20.876203536987305,18.6299991607666,18.93799991607666,-0.7104812006197374
2021-09-24,48.97420883178711,20.940044403076172,17.75,18.883499908447266,-0.696188560510396
2021-09-27,50.42839050292969,21.610382080078125,18.760000228881836,19.001999950408937,-0.8425662002642407
2021-09-28,50.95563507080078,21.738067626953125,23.25,19.354999923706053,-0.8465138253884226
2021-09-29,50.921607971191406,21.634326934814453,22.559999465942383,19.658999919891357,-0.8055913049967948
2021-09-30,50.02019500732422,21.809886932373047,23.139999389648438,20.0104998588562,-0.9665632733820295
2021-10-01,51.81452941894531,22.025352478027344,21.100000381469727,20.244999885559082,-0.8867059971668594
2021-10-04,52.48634719848633,22.352540969848633,22.959999084472656,20.57249984741211,-0.9617828121266233
2021-10-05,52.40130615234375,22.679729461669922,21.299999237060547,20.730499839782716,-1.109245977455811
2021-10-06,51.44035339355469,22.432344436645508,21.0,20.88249988555908,-1.0958056459641292
2021-10-07,51.58492660522461,22.52810287475586,19.540000915527344,20.919499969482423,-1.1227563224153727
2021-10-08,52.877525329589844,23.038841247558594,18.770000457763672,20.810499954223634,-1.2166241399075226
2021-10-11,52.35028076171875,23.222381591796875,20.0,20.84199991226196,-1.345208806038471
2021-10-12,52.078147888183594,23.222381591796875,19.850000381469727,20.861499977111816,-1.37123572791913
2021-10-13,51.93358612060547,23.294206619262695,18.639999389648438,20.884499931335448,-1.415647623352
2021-10-14,52.724456787109375,23.501686096191406,16.860000610351562,20.792999935150146,-1.428361329443219
2021-10-15,53.22618103027344,23.88473892211914,16.299999237060547,20.567499923706055,-1.5434952163954263
2021-10-18,53.200679779052734,23.70917510986328,16.309999465942383,20.097499942779542,-1.4711721550195471
2021-10-19,54.00004196166992,23.82887840270996,15.699999809265137,19.66449990272522,-1.4456951582132802
2021-10-20,54.29768753051758,24.044343948364258,15.489999771118164,19.395499849319457,-1.5089819391069836
2021-10-21,53.311222076416016,23.493711471557617,15.010000228881836,19.21449990272522,-1.368846898047894
2021-10-22,53.67689514160156,23.549571990966797,15.430000305175781,19.098499917984007,-1.3576613642869753
2021-10-25,54.722877502441406,23.70917510986328,15.239999771118164,18.922499895095825,-1.3255884160214144
2021-10-26,55.989967346191406,23.6533145904541,15.979999542236328,18.558999872207643,-1.1806157020540842
2021-10-27,54.53579330444336,23.342084884643555,16.979999542236328,18.279999876022337,-1.1871597069767867
2021-10-28,54.68885040283203,23.31814956665039,16.530000686645508,17.949499940872194,-1.1623286459248883
2021-10-29,54.824928283691406,22.974998474121094,16.260000228881836,17.707499933242797,-1.0031867860282766
2021-11-01,55.81138229370117,23.366029739379883,16.40999984741211,17.379999971389772,-1.0753584146111352
2021-11-02,55.122562408447266,22.296680450439453,16.030000686645508,17.116500043869017,-0.685866274694328
2021-11-03,54.36571502685547,21.754030227661133,15.100000381469727,16.821500062942505,-0.5271696076445573
2021-11-04,54.77390670776367,21.793930053710938,15.4399995803833,16.616499996185304,-0.5051208781951974
2021-11-05,55.29263687133789,22.224863052368164,16.479999542236328,16.501999950408937,-0.6390175814305575
2021-11-08,55.88792037963867,22.360525131225586,17.219999313354492,16.36299991607666,-0.6398546515597603
2021-11-09,56.432167053222656,22.50416374206543,17.780000686645508,16.259499931335448,-0.6489696323995656
2021-11-10,55.32042694091797,22.139217376708984,18.729999542236328,16.263999938964844,-0.5998884101202411
2021-11-11,55.423831939697266,22.131145477294922,17.65999984741211,16.30399990081787,-0.5865613712165224
2021-11-12,55.001548767089844,22.106916427612305,16.290000915527344,16.30349998474121,-0.6166310541106171
2021-11-15,55.47555160522461,22.244178771972656,16.489999771118164,16.3125,-0.6297489235201209
2021-11-16,56.03573226928711,22.341068267822266,16.3700008392334,16.346000051498415,-0.617432347907856
2021-11-17,55.423831939697266,22.147289276123047,17.110000610351562,16.427000093460084,-0.5934360391324848
2021-11-18,54.820560455322266,22.03425407409668,17.59000015258789,16.556000089645387,-0.6029983618543664
2021-11-19,52.28680419921875,21.178394317626953,17.90999984741211,16.680000066757202,-0.48086912887839706
2021-11-22,53.01073455810547,21.52558135986328,19.170000076293945,16.87650008201599,-0.5594780446868673
2021-11-23,54.406883239746094,22.1715087890625,19.3799991607666,17.046500062942506,-0.701011139331834
2021-11-24,54.708534240722656,22.324918746948242,18.579999923706055,17.12650008201599,-0.7374891155878658
2021-11-26,52.78666305541992,20.96039581298828,28.6200008392334,17.731000089645384,-0.3402299984029071
2021-11-29,53.07968521118164,21.13802719116211,22.959999084472656,18.066000032424927,-0.38784768020696697
2021-11-30,51.57148742675781,20.96039581298828,27.190000534057617,18.605000066757203,-0.45644999324444774
2021-12-01,51.52840042114258,20.782764434814453,31.1200008392334,19.359500074386595,-0.3849283907431605
2021-12-02,52.8125114440918,21.84855079650879,27.950000762939453,20.002000093460083,-0.7159693581307106
2021-12-03,52.47639846801758,21.727436065673828,30.670000076293945,20.763500118255614,-0.6965399268538595
2021-12-06,53.07106018066406,22.066547393798828,27.18000030517578,21.29850015640259,-0.7840732011660291
2021-12-07,53.66572189331055,22.236103057861328,21.889999389648438,21.532000160217287,-0.7994029689733069
2021-12-08,53.82085037231445,22.203811645507812,19.899999618530273,21.638000106811525,-0.7708154446564607
2021-12-09,53.95873260498047,21.92928695678711,21.579999923706055,21.78050012588501,-0.6407248521041452
2021-12-10,54.30347442626953,22.131145477294922,18.690000534057617,21.832000160217284,-0.6937129148782477
2021-12-13,53.114158630371094,21.46906280517578,20.309999465942383,22.03300008773804,-0.5255186800418845
2021-12-14,53.036590576171875,21.436769485473633,21.889999389648438,22.303000068664552,-0.5191855543940626
2021-12-15,52.803897857666016,21.493289947509766,19.290000915527344,22.449000072479247,-0.5655090481741369
2021-12-16,52.89008331298828,21.582101821899414,20.56999969482422,22.62200002670288,-0.5950858368414836
2021-12-17,51.73523712158203,21.23491096496582,21.56999969482422,22.821000003814696,-0.5576882987635984
2021-12-20,50.98544692993164,20.710094451904297,22.8700008392334,23.069000053405762,-0.4059109773931468
2021-12-21,52.14029312133789,21.339876174926758,21.010000228881836,23.161000061035157,-0.563646880754713
2021-12-22,52.562583923339844,21.614397048950195,18.6299991607666,23.123500061035156,-0.6401606242865094
2021-12-23,52.588436126708984,21.77587890625,17.959999084472656,23.092500019073487,-0.7064534671626334
2021-12-27,53.33822250366211,21.91313934326172,17.68000030517578,22.545499992370605,-0.6931944510436472
2021-12-28,53.165863037109375,21.856626510620117,17.540000915527344,22.27450008392334,-0.6856135963760963
2021-12-29,52.70048141479492,21.792030334472656,16.950000762939453,21.762500095367432,-0.7026153175114974
2021-12-30,52.39022445678711,21.5498046875,17.329999923706055,21.073000049591066,-0.629139186763096
2021-12-31,52.734954833984375,21.501361846923828,17.219999313354492,20.536499977111816,-0.5755401268284812
2022-01-03,54.76023483276367,22.098846435546875,16.600000381469727,19.832999992370606,-0.6362739157527071
2022-01-04,56.81999206542969,23.051591873168945,16.90999984741211,19.319499969482422,-0.8449944026686217
2022-01-05,57.52668380737305,22.906259536743164,19.729999542236328,19.211499977111817,-0.715517801131055
2022-01-06,58.87975311279297,23.261520385742188,19.610000610351562,19.19700002670288,-0.7373937048168969
2022-01-07,59.36238479614258,23.955890655517578,18.760000228881836,19.05600004196167,-0.9869248916106417
2022-01-10,59.009033203125,23.867074966430664,19.399999618530273,19.091499996185302,-0.9828983793162689
2022-01-11,61.49108123779297,24.658336639404297,18.40999984741211,18.99650001525879,-1.0824645936669004
2022-01-12,61.310096740722656,25.18315315246582,17.6200008392334,18.78300008773804,-1.3232616640927666
2022-01-13,60.87055587768555,25.207378387451172,20.309999465942383,18.834000015258788,-1.3756156314297385
2022-01-14,61.93923568725586,25.869457244873047,19.190000534057617,18.76500005722046,-1.5553459268875858
2022-01-18,62.982025146484375,26.14397621154785,22.790000915527344,18.826000118255614,-1.5725140614090753
2022-01-19,63.00788497924805,25.917898178100586,23.850000381469727,18.875000095367433,-1.4737678478282523
2022-01-20,63.1457633972168,25.320411682128906,25.59000015258789,19.104000091552734,-1.2061477116950505
2022-01-21,62.19777297973633,24.795597076416016,28.850000381469727,19.61500015258789,-1.073327169637485
2022-01-24,62.732086181640625,24.206186294555664,29.899999618530273,20.212000179290772,-0.7712307741786681
2022-01-25,64.5763931274414,25.35271453857422,31.15999984741211,20.886000156402588,-1.0830774142309574
2022-01-26,63.921409606933594,25.433454513549805,31.959999084472656,21.607000064849853,-1.1801026343522898
2022-01-27,64.74015045166016,25.45767593383789,30.489999771118164,22.28400001525879,-1.1121122957906409
2022-01-28,64.87804412841797,25.086265563964844,27.65999984741211,22.800500011444093,-0.9407628545303397
2022-01-31,65.46406555175781,24.96515464782715,24.829999923706055,23.18100004196167,-0.8331416601662567
2022-02-01,69.6611557006836,25.643383026123047,21.959999084472656,23.448999977111818,-0.7205463565660915
2022-02-02,69.48017883300781,25.80486488342285,22.09000015258789,23.707999992370606,-0.806620433531306
2022-02-03,68.67005157470703,25.958274841308594,24.350000381469727,23.939000034332274,-0.9494294293621851
2022-02-04,70.16102600097656,26.54768180847168,23.219999313354492,24.119499969482423,-1.0578246954221908
2022-02-07,71.00558471679688,26.919090270996094,22.860000610351562,24.324499988555907,-1.1352110943866367
2022-02-08,69.169921875,26.49116325378418,21.440000534057617,24.426500034332275,-1.1285465460297566
2022-02-09,68.83879089355469,26.636497497558594,19.959999084472656,24.503999996185303,-1.2221051439282613
2022-02-10,68.17654418945312,26.69301414489746,23.90999984741211,24.818499946594237,-1.309509767729264
2022-02-11,69.89317321777344,26.830272674560547,27.360000610351562,25.171000003814697,-1.203780632641901
2022-02-14,68.82137298583984,26.20049476623535,28.329999923706055,25.62799997329712,-1.038103797316956
2022-02-15,67.95868682861328,25.96634292602539,25.700000762939453,25.773499965667725,-1.0209004130912123
2022-02-16,68.27240753173828,26.22471809387207,24.290000915527344,25.795499992370605,-1.1009223741422431
2022-02-17,68.16783905029297,26.3372745513916,28.110000610351562,25.92150001525879,-1.1588543455792137
2022-02-18,67.40973663330078,25.91314125061035,27.75,25.866499996185304,-1.050746902638669
2022-02-22,66.6255111694336,25.334030151367188,28.809999465942383,25.811999988555907,-0.8791422058715801
2022-02-23,66.8956069946289,25.391124725341797,31.020000457763672,25.805000019073486,-0.8776232355877575
2022-02-24,66.05038452148438,23.792457580566406,30.31999969482422,25.723000049591064,-0.27768504225378965
2022-02-25,67.82801055908203,25.064868927001953,27.59000015258789,25.57800006866455,-0.6495150799756046
2022-02-28,68.3333969116211,23.825075149536133,30.149999618530273,25.70250005722046,-0.07322646496631584
2022-03-01,68.9869384765625,23.237812042236328,33.31999969482422,26.127000045776366,0.23935842502552523
2022-03-02,70.17201232910156,24.559165954589844,30.739999771118164,26.566000080108644,-0.20998527504367626
2022-03-03,70.61642456054688,23.441726684570312,30.479999542236328,26.985500049591064,0.3083683574921737
2022-03-04,73.27410888671875,22.84630012512207,31.979999542236328,27.367000007629393,0.8161067676913117
2022-03-07,75.91439056396484,23.245969772338867,36.45000076293945,28.028500080108643,0.8984294660562113
2022-03-08,76.4894790649414,24.26552391052246,35.130001068115234,28.642000102996825,0.5192647448494235
2022-03-09,72.14131927490234,23.678266525268555,32.45000076293945,29.192500114440918,0.35348202035832527
2022-03-10,74.38076782226562,23.678266525268555,30.229999542236328,29.706000137329102,0.5676639809601918
2022-03-11,73.9973373413086,23.058374404907227,30.75,30.048000144958497,0.794967078432254
2022-03-14,71.3483657836914,22.723955154418945,31.770000457763672,30.268500137329102,0.6840270765080073
2022-03-15,67.28775024414062,22.878923416137695,29.829999923706055,30.3435001373291,0.22967619522751012
2022-03-16,67.03504943847656,23.335691452026367,26.670000076293945,30.392000102996825,0.010997874196296305
2022-03-17,68.82137298583984,23.686420440673828,25.670000076293945,30.461000061035158,0.03248846465873092
2022-03-18,68.55123901367188,23.441726684570312,23.8700008392334,30.249000072479248,0.1108529959728756
2022-03-21,71.6272201538086,24.30631446838379,23.530000686645508,30.038000106811523,0.036865678437763706
2022-03-22,71.31350708007812,24.20027732849121,22.940000534057617,29.744500160217285,0.05201681295564845
2022-03-23,72.43759155273438,25.089336395263672,23.56999969482422,29.37200012207031,-0.2190717019022879
2022-03-24,72.65541076660156,25.073020935058594,21.670000076293945,28.9395001411438,-0.1912915970296016
2022-03-25,74.24132537841797,25.32587242126465,20.809999465942383,28.600500106811523,-0.14728810482537646
2022-03-28,72.15874481201172,24.412349700927734,19.6299991607666,28.07450008392334,0.04254696321970841
2022-03-29,71.77535247802734,24.15134048461914,18.899999618530273,27.353500080108642,0.11702717721889047
2022-03-30,73.00398254394531,24.526535034179688,19.329999923706055,26.78300008773804,0.07476128552005312
2022-03-31,71.96702575683594,23.98005485534668,20.559999465942383,26.28700008392334,0.20829909798310306
2022-04-01,72.42886352539062,24.338939666748047,19.6299991607666,25.669500064849853,0.09964214524222624
2022-04-04,72.46373748779297,24.29815673828125,18.56999969482422,24.77550001144409,0.1203444917823633
2022-04-05,72.08904266357422,24.224746704101562,21.030000686645508,24.070499992370607,0.11576938990043437
2022-04-06,72.89069366455078,24.13502311706543,22.100000381469727,23.55299997329712,0.23064753725082893
2022-04-07,74.11062622070312,24.355249404907227,21.549999237060547,23.11899995803833,0.2535414251965369
2022-04-08,75.67037963867188,24.85279655456543,21.15999984741211,22.639499950408936,0.19084175844379284
2022-04-11,73.06497955322266,24.44497299194336,24.3700008392334,22.26949996948242,0.115327412285982
2022-04-12,74.58988189697266,24.90989112854004,24.260000228881836,21.99099998474121,0.06318929566462878
2022-04-13,75.64424896240234,25.456375122070312,21.81999969482422,21.748499965667726,-0.06868501366510091
2022-04-14,76.53306579589844,25.521629333496094,22.700000762939453,21.6,-0.011465958096698248
2022-04-18,77.16045379638672,25.48900032043457,22.170000076293945,21.51499996185303,0.06243246287948888
2022-04-19,76.4720458984375,25.6195068359375,21.3700008392334,21.40699996948242,-0.05898204201804841
2022-04-20,76.64632415771484,25.61134910583496,20.31999969482422,21.27599992752075,-0.03884009951824648
2022-04-21,75.83595275878906,25.130117416381836,22.68000030517578,21.23149995803833,0.08858306402086513
2022-04-22,74.18034362792969,24.37156105041504,28.209999084472656,21.558499908447267,0.25326308864669517
2022-04-25,71.67949676513672,23.43356704711914,27.020000457763672,21.86899995803833,0.41351580232295887
2022-04-26,71.70561981201172,23.12361717224121,33.52000045776367,22.563500022888185,0.5480031364599484
2022-04-27,73.75335693359375,23.32753562927246,31.600000381469727,23.198500061035155,0.6570131794413392
2022-04-28,75.98408508300781,23.93927001953125,29.989999771118164,23.73150005340576,0.6098604236819011
2022-04-29,74.28491973876953,23.425411224365234,33.400001525878906,24.37350015640259,0.6661728089021234
2022-05-02,75.29570770263672,23.53960609436035,32.34000015258789,25.00900020599365,0.7142163756925087
2022-05-03,76.84675598144531,25.431909561157227,29.25,25.54300022125244,0.05674175240061644
2022-05-04,79.90528106689453,25.978391647338867,25.420000076293945,25.762500190734862,0.11654691412819373
2022-05-05,78.6940689086914,25.46453094482422,31.200000762939453,26.21750020980835,0.2195281942979772
2022-05-06,79.89656066894531,25.986549377441406,30.190000534057617,26.6495002746582,0.11223900691983116
2022-05-09,73.59651947021484,24.208436965942383,34.75,27.3290002822876,0.2668905446247832
2022-05-10,74.08448028564453,24.37972068786621,32.9900016784668,27.76000032424927,0.24061997515400815
2022-05-11,75.62683868408203,24.648880004882812,32.560001373291016,28.175000381469726,0.2735132104659968
2022-05-12,75.97013854980469,24.416351318359375,31.770000457763672,28.6725004196167,0.40536648809859144
2022-05-13,78.22372436523438,25.141992568969727,28.8700008392334,28.981000423431396,0.31189380539835476
2022-05-16,80.06356048583984,25.579030990600586,27.469999313354492,29.246000385284425,0.3017483951852135
2022-05-17,81.08470153808594,25.958343505859375,26.100000381469727,29.48250036239624,0.23788455952862395
2022-05-18,79.79946899414062,25.65324592590332,30.959999084472656,30.01450033187866,0.24488690088235526
2022-05-19,80.2308120727539,25.5872745513916,29.350000381469727,30.34800033569336,0.3142339850644927
2022-05-20,80.86463165283203,25.793428421020508,29.43000030517578,30.409000396728516,0.2870643318245822
2022-05-23,82.65164947509766,26.477842330932617,28.479999542236328,30.48200035095215,0.16652508868817376
2022-05-24,83.1006088256836,26.453107833862305,29.450000762939453,30.278500366210938,0.21999670874059682
2022-05-25,84.77317810058594,26.692235946655273,28.3700008392334,30.117000389099122,0.278131850609002
2022-05-26,85.0724868774414,26.939617156982422,27.5,29.992500400543214,0.20141318768702562
2022-05-27,85.90876007080078,26.848913192749023,25.719999313354492,29.608500289916993,0.3200201019244481
2022-05-31,84.50906372070312,26.692235946655273,26.190000534057617,29.301000308990478,0.2528718214053614
2022-06-01,86.12883758544922,26.95610809326172,25.690000534057617,29.12300033569336,0.2954205962254057
2022-06-02,85.97918701171875,27.063304901123047,24.719999313354492,29.088000297546387,0.235459302068788
2022-06-03,87.22921752929688,27.19524383544922,24.790000915527344,28.76750030517578,0.2988280201273919
2022-06-06,87.00914764404297,27.2941951751709,25.06999969482422,28.51150026321411,0.23564303476384105
2022-06-07,90.99690246582031,28.193004608154297,24.020000457763672,27.975000286102294,0.23428526917612735
2022-06-08,92.07088470458984,28.135282516479492,23.959999084472656,27.523500156402587,0.3615818079009763
2022-06-09,90.08140563964844,27.640525817871094,26.09000015258789,27.200000095367432,0.38199401800538674
2022-06-10,88.43522644042969,26.76645278930664,27.75,26.999000072479248,0.5967674887462371
2022-06-13,84.37703704833984,25.74394989013672,34.02000045776367,27.256500053405762,0.6440624265025492
2022-06-14,84.59710693359375,25.44709587097168,32.689998626708984,27.517500019073488,0.791522198447436
2022-06-15,83.53195190429688,25.579030990600586,29.6200008392334,27.69350004196167,0.6334670564665653
2022-06-16,80.45088195800781,24.39160919189453,32.95000076293945,27.79300012588501,0.8444431674591066
2022-06-17,75.81169128417969,22.890844345092773,31.1299991607666,27.882000064849855,1.0398337060839702
2022-06-21,80.53011322021484,24.012298583984375,30.190000534057617,27.920000076293945,1.0135463402927705
2022-06-22,77.3434066772461,23.162960052490234,28.950000762939453,27.943500137329103,1.0704500911983774
2022-06-23,75.01061248779297,22.561004638671875,29.049999237060547,27.923500061035156,1.1036769258257664
2022-06-24,76.49832916259766,23.278404235839844,27.229999542236328,27.866499996185304,0.9404657637389767
2022-06-27,78.37336730957031,23.665966033935547,26.950000762939453,27.839000034332276,0.9547561954002115
2022-06-28,80.54771423339844,23.9710636138916,28.360000610351562,27.971000099182127,1.032789190672912
2022-06-29,77.57229614257812,23.72368621826172,28.15999984741211,28.069500064849855,0.8535618180431508
2022-06-30,75.38914489746094,23.377351760864258,28.709999084472656,28.220499992370605,0.7922470661979347
2022-07-01,77.07051086425781,23.31963348388672,26.700000762939453,28.319500064849855,0.9776324589801412
2022-07-05,74.65847778320312,22.387834548950195,27.540000915527344,28.457000064849854,1.143741261347981
2022-07-06,73.31163024902344,22.033260345458984,26.729999542236328,28.54000005722046,1.1659198174863041
2022-07-07,75.65324401855469,22.907333374023438,26.079999923706055,28.643000030517577,1.0176580511180402
2022-07-08,75.77647399902344,22.956806182861328,24.639999389648438,28.677000045776367,1.0083763487553699
2022-07-11,75.38914489746094,22.643461227416992,26.170000076293945,28.68100004196167,1.104766675605411
2022-07-12,74.3855972290039,22.165197372436523,27.290000915527344,28.65800008773804,1.212450544432026
2022-07-13,74.6849136352539,22.27239418029785,26.81999969482422,28.298000049591064,1.195428673077033
2022-07-14,73.18839263916016,21.45604133605957,26.399999618530273,27.98350009918213,1.3999359910602365
2022-07-15,74.42080688476562,21.98378562927246,24.229999542236328,27.714000034332276,1.2930703070396712
2022-07-18,75.79408264160156,22.536264419555664,25.299999237060547,27.33149995803833,1.1891437603098078
2022-07-19,77.70433807373047,23.138221740722656,24.5,27.0,1.1155042988705886
2022-07-20,78.55821990966797,23.204187393188477,23.8799991607666,26.68449993133545,1.1690791943613907
2022-07-21,77.24658203125,22.907333374023438,23.110000610351562,26.392499923706055,1.1700456823776944
2022-07-22,76.65676879882812,22.71767807006836,23.030000686645508,26.091499996185302,1.1943983826857114
2022-07-25,79.20965576171875,23.18769645690918,23.360000610351562,25.898000049591065,1.2384053324470377
2022-07-26,78.90154266357422,23.146469116210938,24.690000534057617,25.785000038146972,1.2264934761107693
2022-07-27,80.60932922363281,23.71544075012207,23.239999771118164,25.528999996185302,1.1475364021450989
2022-07-28,81.55127716064453,23.476306915283203,22.329999923706055,25.2375,1.3394574091170581
2022-07-29,85.3277587890625,24.2266902923584,21.329999923706055,24.86850004196167,1.381099055219909
2022-08-01,83.17102813720703,23.954572677612305,22.84000015258789,24.675500011444093,1.2907067155490868
2022-08-02,82.81009674072266,24.210201263427734,23.93000030517578,24.494999980926515,1.147330299083042
2022-08-03,80.12518310546875,24.482315063476562,21.950000762939453,24.25600004196167,0.774667022092772
2022-08-04,76.75360107421875,24.201953887939453,21.440000534057617,24.024000072479247,0.5715961331001524
2022-08-05,77.86278533935547,24.457576751708984,21.149999618530273,23.84950008392334,0.5688247383002598
2022-08-08,78.30294036865234,24.8698787689209,21.290000915527344,23.60550012588501,0.4353468791984873
2022-08-09,79.74663543701172,25.207962036132812,21.770000457763672,23.329500102996825,0.4294533616356766
2022-08-10,80.5036849975586,25.397619247436523,19.739999771118164,22.975500106811523,0.42109441378467855
2022-08-11,82.83251190185547,26.215282440185547,20.200000762939453,22.665500164031982,0.2956312440426698
2022-08-12,83.55248260498047,26.42386817932129,19.530000686645508,22.43050022125244,0.27566554038713814
2022-08-15,82.0592041015625,25.831480026245117,19.950000762939453,22.163000297546386,0.38510995022230354
2022-08-16,81.29479217529297,25.806455612182617,19.690000534057617,21.922500324249267,0.3226576026469656
2022-08-17,81.95255279541016,26.1068172454834,19.899999618530273,21.723500347137453,0.2576602912192006
2022-08-18,83.89024353027344,26.632455825805664,19.559999465942383,21.546000289916993,0.21914429335528637
2022-08-19,83.62358856201172,26.290374755859375,20.600000381469727,21.424500274658204,0.33931292753935105
2022-08-22,83.56136322021484,26.457242965698242,23.799999237060547,21.44650020599365,0.2623025830163688
2022-08-23,87.10790252685547,27.158098220825195,24.110000610351562,21.41750020980835,0.30304346517948216
2022-08-24,87.62345123291016,26.9411678314209,22.81999969482422,21.396500205993654,0.44472833490910507
2022-08-25,88.0767593383789,27.25821876525879,21.780000686645508,21.369000244140626,0.353070120300535
2022-08-26,86.99235534667969,26.974544525146484,25.559999465942383,21.580500221252443,0.37015689792438505
2022-08-29,88.99227905273438,27.091354370117188,26.209999084472656,21.74900016784668,0.5116883338815043
2022-08-30,85.60572814941406,26.215282440185547,26.209999084472656,21.863000106811523,0.5608630100389872
2022-08-31,84.96575164794922,25.73135757446289,25.8700008392334,22.059000110626222,0.705729686336457
2022-09-01,83.43692779541016,25.52277183532715,25.559999465942383,22.26500005722046,0.6483362769261959
2022-09-02,84.96575164794922,25.97332000732422,25.469999313354492,22.48100004196167,0.6026925144929827
2022-09-06,84.39688873291016,25.97332000732422,26.90999984741211,22.761999988555907,0.5482861854883652
2022-09-07,83.67691802978516,25.589521408081055,24.639999389648438,22.905499935150146,0.6428644534274671
2022-09-08,84.36133575439453,25.614553451538086,23.610000610351562,23.098999977111816,0.697662867310881
2022-09-09,85.77462005615234,26.440555572509766,22.790000915527344,23.228499984741212,0.481085707344363
2022-09-12,86.7612533569336,26.807674407958984,23.8700008392334,23.445499992370607,0.4191140844022562
2022-09-13,84.73465728759766,26.507305145263672,27.270000457763672,23.811499977111815,0.35319854906667497
2022-09-14,86.81458282470703,26.76595687866211,26.15999984741211,24.13499994277954,0.44197951454432227
2022-09-15,84.29022216796875,26.282032012939453,26.270000457763672,24.45349998474121,0.40662276334721736
2022-09-16,82.85028839111328,25.873197555541992,26.299999237060547,24.79049997329712,0.44300466717798254
2022-09-19,82.84139251708984,25.781417846679688,25.760000228881836,25.048499965667723,0.4812372906933421
2022-09-20,82.1658706665039,25.864856719970703,27.15999984741211,25.216499996185302,0.3810984769556519
2022-09-21,80.84146881103516,25.464370727539062,27.989999771118164,25.41049995422363,0.42497480406911314
2022-09-22,80.50370788574219,25.68964195251465,27.350000381469727,25.636999988555907,0.2967417875328835
2022-09-23,76.21942901611328,23.428552627563477,29.920000076293945,26.04399995803833,0.8498524940244132
2022-09-26,74.64613342285156,22.744386672973633,32.2599983215332,26.37899990081787,0.9907266470865608
2022-09-27,76.21053314208984,22.986347198486328,32.599998474121094,26.698499870300292,1.0373102461069148
2022-09-28,78.9837646484375,23.829038619995117,30.18000030517578,26.89699993133545,0.9436921415989511
2022-09-29,78.82377624511719,23.987565994262695,31.84000015258789,27.195499897003174,0.8608835473927996
2022-09-30,77.60602569580078,23.820697784423828,31.6200008392334,27.498499965667726,0.8154763680996869
2022-10-03,81.70365905761719,25.11393928527832,30.100000381469727,27.730000019073486,0.6566626685838636
2022-10-04,84.68132781982422,26.09847640991211,29.06999969482422,27.83800001144409,0.5221935343826649
2022-10-05,88.10343170166016,26.18190574645996,28.549999237060547,28.033500003814698,0.8139577223418266
2022-10-06,90.71665954589844,25.981666564941406,30.520000457763672,28.378999996185303,1.1491578803074178
2022-10-07,89.80113983154297,25.931604385375977,31.360000610351562,28.807499980926515,1.082915580173785
2022-10-10,87.85454559326172,25.322528839111328,32.45000076293945,29.236499977111816,1.1561108020412596
2022-10-11,87.10790252685547,24.871978759765625,33.630001068115234,29.554500007629393,1.276563531821008
2022-10-12,87.49011993408203,24.988784790039062,33.56999969482422,29.925,1.2633783660954852
2022-10-13,90.54778289794922,25.990007400512695,31.940000534057617,30.2085000038147,1.1294545770228235
2022-10-14,88.1656494140625,25.30584144592285,32.02000045776367,30.494500064849852,1.192971076377271
2022-10-17,89.43669128417969,25.430994033813477,31.3700008392334,30.77500009536743,1.261239225192751
2022-10-18,89.5967025756836,25.430994033813477,30.5,30.942000102996825,1.2765427838179735
2022-10-19,92.2543716430664,25.781417846679688,30.760000228881836,31.08050012588501,1.3814992443246685
2022-10-20,92.37881469726562,25.831480026245117,29.979999542236328,31.21200008392334,1.3720825835689638
2022-10-21,94.09432220458984,26.16521644592285,29.690000534057617,31.200500106811525,1.3940364009345305
2022-10-24,94.75205993652344,26.532333374023438,29.850000381469727,31.08000020980835,1.3006098562363146
2022-10-25,94.11209869384766,26.76595687866211,28.459999084472656,30.87300024032593,1.1399175217452642
2022-10-26,95.23204040527344,26.957855224609375,27.280000686645508,30.728000259399415,1.1653113939499236
2022-10-27,95.59648132324219,27.725454330444336,27.389999389648438,30.50550022125244,0.8732926501346489
2022-10-28,98.39637756347656,27.658710479736328,25.75,30.212000179290772,1.1694982746402316
2022-10-31,98.49414825439453,27.767173767089844,25.8799991607666,30.001000118255615,1.1326611548870607
2022-11-01,99.4719009399414,27.70042610168457,25.809999465942383,29.838000106811524,1.254597698001734
2022-11-02,97.4275131225586,27.333309173583984,25.860000610351562,29.703500175476073,1.2154043464670412
2022-11-03,98.75191497802734,27.56692886352539,25.299999237060547,29.442500114440918,1.2425862893554587
2022-11-04,99.82743072509766,28.301156997680664,24.549999237060547,29.102000045776368,1.0327857712874444
2022-11-07,101.0096206665039,28.643247604370117,24.350000381469727,28.69700002670288,1.0001752911426816
2022-11-08,101.32960510253906,28.14263153076172,25.540000915527344,28.292500019073486,1.2439608800237636
2022-11-09,96.79643249511719,27.265546798706055,26.09000015258789,27.91850004196167,1.1839033835984272
2022-11-10,98.21859741210938,27.788423538208008,23.530000686645508,27.498000049591063,1.0972583439711847
2022-11-11,101.28515625,28.53900909423828,22.520000457763672,27.023000049591065,1.0709165293998426
2022-11-14,101.58085632324219,28.29443359375,23.729999542236328,26.64099998474121,1.2033473492203113
2022-11-15,102.26179504394531,28.598041534423828,24.540000915527344,26.34300003051758,1.1391843966850286
2022-11-16,101.16868591308594,28.64864158630371,24.110000610351562,26.010500049591066,1.0130913987644499
2022-11-17,101.3030776977539,28.969112396240234,23.93000030517578,25.708000087738036,0.8894755518919512
2022-11-18,100.42498016357422,28.707677841186523,23.1200008392334,25.379500102996825,0.9168230432674666
2022-11-21,99.43040466308594,27.94022560119629,22.360000610351562,25.005000114440918,1.148512864377993
2022-11-22,102.30661010742188,29.424524307250977,21.290000915527344,24.646500205993654,0.7915214850849792
2022-11-23,101.79589080810547,29.500425338745117,20.350000381469727,24.300000190734863,0.7103543795195217
2022-11-25,101.4374771118164,29.74500274658203,20.5,23.955500221252443,0.5719247857190243
2022-11-28,98.39103698730469,29.289588928222656,22.209999084472656,23.778500175476076,0.47449496604457714
2022-11-29,99.04512786865234,29.77873420715332,21.889999389648438,23.579000186920165,0.3287551376066329
2022-11-30,99.76194763183594,30.27631378173828,20.579999923706055,23.31750020980835,0.18542307367501584
2022-12-01,99.27809143066406,30.124507904052734,19.84000015258789,23.016500186920165,0.2037917741824586
2022-12-02,98.43583679199219,29.820898056030273,19.059999465942383,22.704500198364258,0.25252720520017774
2022-12-05,95.73884582519531,29.517297744750977,20.75,22.514500236511232,0.12387068037251421
2022-12-06,93.07769012451172,28.985979080200195,22.170000076293945,22.405500221252442,0.09561293752230247
2022-12-07,92.87159729003906,28.598041534423828,22.68000030517578,22.262500190734862,0.24110126468412751
2022-12-08,93.56153869628906,28.614906311035156,22.290000915527344,22.072500228881836,0.2999059113781136
2022-12-09,92.77305603027344,28.429367065429688,22.829999923706055,22.037500190734864,0.3035049889296647
2022-12-12,95.05787658691406,28.75827407836914,25.0,22.16150016784668,0.38196473872214864
2022-12-13,96.09725189208984,29.52572250366211,22.549999237060547,22.10250015258789,0.15456121741684517
2022-12-14,95.389404296875,29.348621368408203,21.139999389648438,21.932500076293945,0.16227899174601207
2022-12-15,94.4754638671875,28.910076141357422,22.829999923706055,21.86850004196167,0.2616191785963263
2022-12-16,93.81243133544922,28.40407371520996,22.6200008392334,21.803000068664552,0.4136822630605512
2022-12-19,94.23355102539062,28.631772994995117,22.420000076293945,21.768000030517577,0.3569950000902617
2022-12-20,95.59549713134766,28.741411209106445,21.479999542236328,21.723999977111816,0.440563908575908
2022-12-21,96.82301330566406,29.5425968170166,20.06999969482422,21.66299991607666,0.21678764610798656
2022-12-22,94.86972045898438,29.019718170166016,21.969999313354492,21.743999862670897,0.25263616151505397
2022-12-23,97.37855529785156,29.52572250366211,20.8700008392334,21.76249990463257,0.2771057053868899
2022-12-27,98.73152160644531,29.551027297973633,21.649999618530273,21.73449993133545,0.39572828658664316
2022-12-28,97.1097412109375,29.1630916595459,22.139999389648438,21.74699993133545,0.4058187468432006
2022-12-29,97.84446716308594,29.2642879486084,21.440000534057617,21.789999961853027,0.43299491680896296
2022-12-30,98.83009338378906,29.458263397216797,21.670000076293945,21.88149995803833,0.444658276966204
2023-01-03,95.43418884277344,28.943815231323242,22.899999618530273,22.073499965667725,0.3389446681818578
2023-01-04,95.71197509765625,28.4884033203125,22.010000228881836,22.136499977111818,0.5594446823169645
2023-01-05,97.85343933105469,28.589609146118164,22.459999084472656,22.15099992752075,0.7211579323205841
2023-01-06,99.03616333007812,29.06188201904297,21.1299991607666,22.073499870300292,0.6331617729429299
2023-01-09,97.19039154052734,29.323326110839844,21.969999313354492,22.05749979019165,0.34529801851625647
2023-01-10,98.64191436767578,29.39078712463379,20.579999923706055,21.944999790191652,0.45539480838735874
2023-01-11,99.788818359375,29.551027297973633,21.09000015258789,21.749499797821045,0.4968486680962312
2023-01-12,101.4464340209961,29.77873420715332,18.829999923706055,21.56349983215332,0.5584172391627785
2023-01-13,101.38372039794922,29.98957061767578,18.350000381469727,21.423999881744386,0.46263679669330565
2023-01-17,101.18659210205078,30.099206924438477,19.360000610351562,21.25049991607666,0.3970958747379534
2023-01-18,99.10784912109375,29.804035186767578,20.34000015258789,21.136499881744385,0.32397967144373796
2023-01-19,99.74402618408203,29.972707748413086,20.520000457763672,21.041499900817872,0.3129965120932847
2023-01-20,101.56291961669922,29.93897247314453,19.850000381469727,20.95999994277954,0.5013221888644949
2023-01-23,101.0342788696289,30.00643539428711,19.809999465942383,20.946999931335448,0.4220343482769787
2023-01-24,101.97508239746094,29.761863708496094,19.200000762939453,20.808500003814697,0.6161615553566896
2023-01-25,101.4374771118164,29.71969985961914,19.079999923706055,20.71899995803833,0.5826997555409951
2023-01-26,105.51432800292969,30.571481704711914,18.729999542236328,20.572999954223633,0.6098893883866328
2023-01-27,103.58790588378906,30.630516052246094,18.510000228881836,20.391499996185303,0.40050626977246034
2023-01-30,101.7510757446289,30.50401496887207,19.940000534057617,20.316499996185303,0.2787000953082246
2023-01-31,103.94632720947266,30.55462074279785,19.399999618530273,20.202999973297118,0.4671050855544766
2023-02-01,102.8083724975586,30.73171615600586,17.8700008392334,19.951500034332277,0.28285630733819084
2023-02-02,99.59171295166016,29.685964584350586,18.729999542236328,19.7875,0.42053577758051686
2023-02-03,100.2816162109375,29.643800735473633,18.329999923706055,19.58100004196167,0.5044734987837183
2023-02-06,100.11138916015625,29.382356643676758,19.43000030517578,19.49600009918213,0.5995261324986466
2023-02-07,102.96965789794922,31.836511611938477,18.65999984741211,19.33050012588501,-0.17218386974735397
2023-02-08,102.07364654541016,32.595523834228516,19.6299991607666,19.28300008773804,-0.5810962541358646
2023-02-09,102.45893096923828,33.354549407958984,20.709999084472656,19.264000034332277,-0.8674705658046699
2023-02-10,106.77771759033203,34.282230377197266,20.530000686645508,19.34900007247925,-0.8494629290847672
2023-02-13,106.36236572265625,34.24849319458008,20.34000015258789,19.448500061035155,-0.8748207595817924
2023-02-14,105.1163558959961,34.59426498413086,18.90999984741211,19.426000022888182,-1.1412330531462829
2023-02-15,104.80033874511719,34.476200103759766,18.229999542236328,19.320499992370607,-1.1211803941909755
2023-02-16,104.49336242675781,34.87390899658203,20.170000076293945,19.30299997329712,-1.3198999334572488
2023-02-17,100.47542572021484,34.08189392089844,20.020000457763672,19.311499977111815,-1.3669060384864997
2023-02-21,100.3760986328125,33.868995666503906,22.8700008392334,19.46450004577637,-1.285745234616091
2023-02-22,99.07591247558594,33.153629302978516,22.290000915527344,19.619000053405763,-1.10546439287154
2023-02-23,99.98784637451172,33.7923469543457,21.139999389648438,19.72200002670288,-1.2902378190117718
2023-02-24,99.99687194824219,33.80937957763672,21.670000076293945,19.869000053405763,-1.2966277732198084
2023-02-27,99.8163070678711,34.25222396850586,20.950000762939453,19.99100008010864,-1.5024777402414131
2023-02-28,99.23843383789062,33.724212646484375,20.700000762939453,20.029000091552735,-1.3328977201073182
2023-03-01,100.123291015625,34.005252838134766,20.579999923706055,20.088000106811524,-1.3679475711777704
2023-03-02,100.58377075195312,34.28628158569336,19.59000015258789,20.17400007247925,-1.4435802161387716
2023-03-03,101.85688018798828,34.25222396850586,18.489999771118164,20.16200008392334,-1.307316323323506
2023-03-06,102.75978088378906,34.42253875732422,18.610000610351562,20.176000118255615,-1.2934892285055533
2023-03-07,100.77337646484375,33.894535064697266,19.59000015258789,20.184000110626222,-1.258625073005284
2023-03-08,99.3016586303711,33.77531433105469,19.110000610351562,20.206500148773195,-1.3486119878618967
2023-03-09,98.53417205810547,33.50278854370117,22.610000610351562,20.35550022125244,-1.3059625243876483
2023-03-10,97.31524658203125,33.221763610839844,24.799999237060547,20.560000228881837,-1.3028696274865161
2023-03-13,96.19564819335938,32.37013244628906,26.520000457763672,20.859500217437745,-1.0472903421288906
2023-03-14,96.55680847167969,32.574527740478516,23.729999542236328,21.029000186920165,-1.0997883941420676
2023-03-15,91.75335693359375,30.5306339263916,26.139999389648438,21.390500164031984,-0.6888220541282214
2023-03-16,91.22062683105469,30.334760665893555,22.989999771118164,21.628500175476074,-0.6563620434274401
2023-03-17,90.14617156982422,29.9515323638916,25.510000228881836,21.89550018310547,-0.5959297081047531
2023-03-20,92.50276947021484,30.48805809020996,24.149999618530273,22.102000141143797,-0.5990173958830831
2023-03-21,96.64710235595703,31.527029037475586,21.3799991607666,22.027500057220458,-0.6450862736104289
2023-03-22,94.43498229980469,31.356708526611328,22.260000228881836,22.026000022888184,-0.7841253153531905
2023-03-23,93.36956024169922,31.06715965270996,22.610000610351562,22.09950008392334,-0.7627214448953809
2023-03-24,93.4779052734375,30.556180953979492,21.739999771118164,22.10300006866455,-0.5347643371949783
2023-03-27,95.52749633789062,31.407808303833008,20.600000381469727,22.085500049591065,-0.7013970411504314
2023-03-28,96.71934509277344,31.87619400024414,19.969999313354492,22.048999977111816,-0.786865190919131
2023-03-29,98.38067626953125,32.09761047363281,19.1200008392334,21.976000022888183,-0.7222625498545397
2023-03-30,98.85921478271484,32.3445930480957,19.020000457763672,21.947500038146973,-0.7816698377209281
2023-03-31,99.01271057128906,32.310516357421875,18.700000762939453,21.958000087738036,-0.7524782226157297
2023-04-03,104.85452270507812,33.84344482421875,18.549999237060547,21.955000019073488,-0.8465459945100929
2023-04-04,103.852294921875,33.494285583496094,19.0,21.925500011444093,-0.7937137411489865
2023-04-05,105.63101959228516,33.97119140625,19.079999923706055,21.923999977111816,-0.8266809963946817
2023-04-06,103.87937927246094,33.64756774902344,18.399999618530273,21.71349992752075,-0.8563969878617463
2023-04-10,103.41889953613281,33.80937957763672,18.969999313354492,21.42199993133545,-0.9693433714991049
2023-04-11,104.15025329589844,33.94563674926758,19.100000381469727,21.050999927520753,-0.9574200298831625
2023-04-12,104.04190063476562,34.23519515991211,19.09000015258789,20.81899995803833,-1.091088352963435
2023-04-13,104.52947998046875,34.45661544799805,17.799999237060547,20.401999950408936,-1.1387455388107601
2023-04-14,104.78228759765625,34.55881118774414,17.06999969482422,20.10599994659424,-1.1580858810673478
2023-04-17,103.56336975097656,34.43106460571289,16.950000762939453,19.67799997329712,-1.22026423736318
2023-04-18,105.58589172363281,34.6184196472168,16.829999923706055,19.311999988555907,-1.106612426328378
2023-04-19,105.25180053710938,34.115962982177734,16.459999084472656,19.06599998474121,-0.9245991550994433
2023-04-20,104.41210174560547,33.94563674926758,17.170000076293945,18.811499977111815,-0.9323767153560913
2023-04-21,104.74617004394531,33.75828552246094,16.770000457763672,18.51949996948242,-0.8206446981704679
2023-04-24,106.7235336303711,34.150020599365234,16.889999389648438,18.276999950408936,-0.7983449582893096
2023-04-25,105.20665740966797,33.698665618896484,18.760000228881836,18.18499994277954,-0.7512149475196437
2023-04-26,104.24053955078125,33.5709228515625,18.84000015258789,18.12849998474121,-0.789217013085532
2023-04-27,105.4865493774414,33.50278854370117,17.030000686645508,18.023999977111817,-0.6410337378555575
2023-04-28,106.84993743896484,34.30331802368164,15.779999732971191,17.86199994087219,-0.851535740981058
2023-05-01,103.53627014160156,34.07337951660156,16.079999923706055,17.73099989891052,-1.070539602432659
2023-05-02,99.40999603271484,31.3226375579834,17.780000686645508,17.692499971389772,-0.29380378913389466
2023-05-03,97.45069122314453,31.050121307373047,18.34000015258789,17.659499979019166,-0.3651444692251621
2023-05-04,95.74419403076172,30.752056121826172,20.09000015258789,17.709999990463256,-0.40142675767987035
2023-05-05,98.12786102294922,31.620716094970703,17.190000534057617,17.649500036239623,-0.5433614401018064
2023-05-08,98.51611328125,31.535545349121094,16.979999542236328,17.550000047683717,-0.46995973165245936
2023-05-09,98.54320526123047,31.50148582458496,17.709999084472656,17.480499982833862,-0.45286474899645773
2023-05-10,97.27912902832031,31.297101974487305,16.940000534057617,17.37300000190735,-0.4867268963501862
2023-05-11,95.51846313476562,30.967357635498047,16.93000030517578,17.32950005531311,-0.5146996698033567
2023-05-12,95.50943756103516,30.829614639282227,17.030000686645508,17.327500104904175,-0.45690646554835596
2023-05-15,95.69158172607422,31.156763076782227,17.1200008392334,17.33600010871887,-0.5787988491441378
2023-05-16,93.36918640136719,30.597169876098633,17.989999771118164,17.39400010108948,-0.5626169674611183
2023-05-17,95.46389770507812,30.99319076538086,16.8700008392334,17.414500188827514,-0.5309191025628135
2023-05-18,96.32909393310547,30.958749771118164,16.049999237060547,17.358500146865843,-0.4335049724858064
2023-05-19,96.77536010742188,31.01901626586914,16.809999465942383,17.36050009727478,-0.41648771265197465
2023-05-22,95.60050964355469,30.89849090576172,17.209999084472656,17.37650008201599,-0.4775265246241752
2023-05-23,96.90287017822266,31.148157119750977,18.530000686645508,17.365000104904176,-0.45928586896673357
2023-05-24,97.98664093017578,31.027624130249023,20.030000686645508,17.424500131607054,-0.3043057879973714
2023-05-25,96.22891998291016,30.44219970703125,19.139999389648438,17.530000066757204,-0.22311821510559285
2023-05-26,95.60050964355469,30.605770111083984,17.950000762939453,17.638500118255614,-0.3528744351791421
2023-05-30,94.7535171508789,30.123661041259766,17.459999084472656,17.707500076293947,-0.2285801078030319
2023-05-31,93.05953216552734,29.02167510986328,17.940000534057617,17.71550006866455,0.07867552043335152
2023-06-01,94.13420104980469,29.89120864868164,15.649999618530273,17.58100004196167,-0.18882438370184162
2023-06-02,96.31999206542969,30.691871643066406,14.600000381469727,17.306500053405763,-0.3207282194893233
2023-06-05,95.8919448852539,30.42498207092285,14.729999542236328,17.183500003814697,-0.24801472890285886
2023-06-06,96.67520904541016,30.390541076660156,13.960000038146973,17.03250002861023,-0.15843662209750206
2023-06-07,98.84274291992188,30.743520736694336,13.9399995803833,16.84400005340576,-0.10144531331306249
2023-06-08,98.53308868408203,30.829614639282227,13.649999618530273,16.679500007629393,-0.16772298487731724
2023-06-09,97.80449676513672,30.536901473999023,13.829999923706055,16.52449998855591,-0.112757033835315
2023-06-12,96.92108154296875,29.93425941467285,15.010000228881836,16.423499965667723,0.05938151894791429
2023-06-13,96.93929290771484,30.201141357421875,14.609999656677246,16.297999906539918,-0.05252562171695756
2023-06-14,95.77355194091797,30.175315856933594,13.880000114440918,16.092499923706054,-0.15302014185514817
2023-06-15,96.43838500976562,30.459423065185547,14.5,15.973999881744385,-0.21041926387232648
2023-06-16,95.74622344970703,30.43359375,13.539999961853027,15.84849991798401,-0.2656187921585612
2023-06-20,93.55134582519531,30.192527770996094,13.880000114440918,15.701999950408936,-0.37288254143304794
2023-06-21,94.59869384765625,30.502466201782227,13.199999809265137,15.50149998664856,-0.4046977011367666
2023-06-22,94.07958221435547,30.338891983032227,12.90999984741211,15.220499944686889,-0.38468942251817834
2023-06-23,93.25990295410156,29.968700408935547,13.4399995803833,14.890999889373779,-0.3054417393977444
2023-06-26,94.98119354248047,30.338891983032227,14.25,14.646499919891358,-0.29845887161490753
2023-06-27,95.2179946899414,30.003124237060547,13.739999771118164,14.435999870300293,-0.1328279098813468
2023-06-28,95.99213409423828,30.037567138671875,13.430000305175781,14.23449993133545,-0.07345598595671347
2023-06-29,97.17608642578125,30.106443405151367,13.539999961853027,14.01449990272522,0.01044755954614592
2023-06-30,97.677001953125,30.381935119628906,13.59000015258789,13.9114999294281,-0.05895989883565256
2023-07-03,97.86824798583984,30.93292808532715,13.569999694824219,13.859999895095825,-0.2753036269307625
2023-07-05,97.36735534667969,30.390541076660156,14.180000305175781,13.832499933242797,-0.09223940939360593
2023-07-06,93.73348236083984,29.951473236083984,15.4399995803833,13.906499910354615,-0.25281236057968015
2023-07-07,93.95206451416016,30.347505569458008,14.829999923706055,13.950999927520751,-0.40055328379533717
2023-07-10,95.34549713134766,30.313058853149414,15.069999694824219,14.021999931335449,-0.2526159289585936
2023-07-11,96.5112533569336,30.91571044921875,14.84000015258789,14.07249994277954,-0.39775531042038303
2023-07-12,96.98482513427734,31.26007843017578,13.539999961853027,13.9989999294281,-0.49910817634612753
2023-07-13,95.20889282226562,31.449481964111328,13.609999656677246,13.948999929428101,-0.7496147305482691
2023-07-14,91.93022155761719,30.5799503326416,13.34000015258789,13.92199993133545,-0.6929075103931432
2023-07-17,92.33094787597656,30.407766342163086,13.479999542236328,13.870999908447265,-0.5812590963725494
2023-07-18,91.9120101928711,30.812400817871094,13.300000190734863,13.858999919891357,-0.7936358626856775
2023-07-19,92.54951477050781,31.122337341308594,13.760000228881836,13.852999925613403,-0.8646478388202616
2023-07-20,94.17977905273438,31.45808982849121,13.989999771118164,13.892499923706055,-0.8517052466971977
2023-07-21,94.61690521240234,31.59583854675293,13.600000381469727,13.926999950408936,-0.868557137013944
2023-07-24,96.1014175415039,32.00907897949219,13.90999984741211,13.950499963760375,-0.9025517647069667
2023-07-25,96.24713897705078,32.052127838134766,13.859999656677246,13.930999946594238,-0.9069468012272363
2023-07-26,95.70980072021484,31.940200805664062,13.1899995803833,13.903499937057495,-0.9106751400534784
2023-07-27,96.01034545898438,31.561397552490234,14.40999984741211,13.952499914169312,-0.7206214891715644
2023-07-28,94.86280822753906,31.60443878173828,13.329999923706055,13.941999912261963,-0.8487011718285938
2023-07-31,97.66788482666016,32.11238479614258,13.630000114440918,13.943999910354615,-0.796725764802411
2023-08-01,97.10323333740234,31.819671630859375,13.930000305175781,13.961999940872193,-0.7260804704266567
2023-08-02,95.8919448852539,31.01901626586914,16.09000015258789,14.057499933242799,-0.5009779790312787
2023-08-03,97.5586166381836,31.389211654663086,15.920000076293945,14.08149995803833,-0.4992205079854657
2023-08-04,97.83182525634766,31.681928634643555,17.100000381469727,14.194999980926514,-0.597741166355457
2023-08-07,97.63145446777344,31.888551712036133,15.770000457763672,14.230000019073486,-0.7048930039915634
2023-08-08,98.11416625976562,31.82828712463379,15.989999771118164,14.2875,-0.6330631664097117
2023-08-09,99.78079986572266,32.2156982421875,15.960000038146973,14.408500003814698,-0.6386404818273541
2023-08-10,100.29082489013672,32.299320220947266,15.850000381469727,14.520500040054321,-0.6254709828465757
2023-08-11,101.84818267822266,32.316741943359375,14.84000015258789,14.595500040054322,-0.48394337627740003
2023-08-14,101.93016052246094,31.95089340209961,14.819999694824219,14.662500047683716,-0.32031019929811766
2023-08-15,99.31327056884766,31.419538497924805,16.459999084472656,14.820499992370605,-0.3443189120603104
2023-08-16,97.64212799072266,31.262746810913086,16.780000686645508,14.971500015258789,-0.4373797098777324
2023-08-17,99.53363800048828,31.436962127685547,17.889999389648438,15.166499996185303,-0.33066253304013077
2023-08-18,101.03949737548828,31.567626953125,17.299999237060547,15.351499938964844,-0.24228365127539628
2023-08-21,99.81828308105469,31.86379051208496,17.1299991607666,15.512499904632568,-0.4851993416953835
2023-08-22,99.25817108154297,31.68086051940918,16.969999313354492,15.667999887466431,-0.4608699043445037
2023-08-23,98.38587951660156,31.35856056213379,15.979999542236328,15.807499885559082,-0.40704823214595387
2023-08-24,97.65131378173828,31.158214569091797,17.200000762939453,15.94699993133545,-0.39198721421618504
2023-08-25,99.39591217041016,31.489227294921875,15.680000305175781,16.064499950408937,-0.3660912741059309
2023-08-28,100.23147583007812,31.916051864624023,15.079999923706055,16.136999940872194,-0.4679363344230846
2023-08-29,100.82830810546875,32.316741943359375,14.449999809265137,16.16299991607666,-0.5814846820678865
2023-08-30,101.81079864501953,32.48224639892578,13.880000114440918,16.05249991416931,-0.5579971453314131
2023-08-31,102.0954360961914,32.38642883300781,13.569999694824219,15.934999895095824,-0.48997137100877625
2023-09-01,104.23485565185547,33.21394729614258,13.09000015258789,15.734499883651733,-0.6377463165766867
2023-09-05,104.24403381347656,33.44913864135742,14.010000228881836,15.646499872207642,-0.7370222876589063
2023-09-06,105.14387512207031,33.823699951171875,14.449999809265137,15.56949987411499,-0.8104640393075736
2023-09-07,104.62968444824219,33.54494857788086,14.399999618530273,15.491499853134155,-0.740938130845663
2023-09-08,106.15391540527344,33.68431854248047,13.84000015258789,15.390999841690064,-0.6545091744210044
2023-09-11,104.82251739501953,33.63206100463867,13.800000190734863,15.338999843597412,-0.7595914089698871
2023-09-12,107.88014221191406,33.187808990478516,14.229999542236328,15.309499835968017,-0.2779785928020735
2023-09-13,106.916015625,33.327186584472656,13.479999542236328,15.160499858856202,-0.42954062474274923
2023-09-14,108.82588195800781,34.05888366699219,12.819999694824219,14.962499809265136,-0.558465620502294
2023-09-15,107.1547622680664,33.75401306152344,13.789999961853027,14.757499837875367,-0.5884663703123916
2023-09-18,108.01786804199219,33.58850860595703,14.0,14.59249987602234,-0.43544016782257283
2023-09-19,107.73323822021484,33.81499099731445,14.109999656677246,14.44149990081787,-0.5591074620232178
2023-09-20,106.87928771972656,33.640777587890625,15.140000343322754,14.349999952316285,-0.566592749266899
2023-09-21,105.37342834472656,33.196529388427734,17.540000915527344,14.428000020980836,-0.5214354303313089
2023-09-22,105.53871154785156,33.483985900878906,17.200000762939453,14.428000020980836,-0.6280380133927346
2023-09-25,106.72320556640625,33.75401306152344,16.899999618530273,14.48899998664856,-0.6297406655317552
2023-09-26,106.88848114013672,33.65819549560547,18.940000534057617,14.682000017166137,-0.5731307198789158
2023-09-27,110.36847686767578,34.389892578125,18.219999313354492,14.870499992370606,-0.5518877680357933
2023-09-28,109.69819641113281,34.34634017944336,17.34000015258789,15.043499994277955,-0.5974473870416881
2023-09-29,107.96278381347656,33.727882385253906,17.520000457763672,15.241000032424926,-0.5000593170205339
2023-10-02,106.17227172851562,32.943912506103516,17.610000610351562,15.467000055313111,-0.33745939843932254
2023-10-03,106.35591125488281,32.75227737426758,19.780000686645508,15.755500078201294,-0.23829020683741672
2023-10-04,102.38008117675781,31.628599166870117,18.579999923706055,15.96200008392334,-0.14003393675995152
2023-10-05,100.07537841796875,31.715702056884766,18.489999771118164,16.166500091552734,-0.39754869712123864
2023-10-06,98.40424346923828,32.46482467651367,17.450000762939453,16.347000122070312,-0.8763828996364486
2023-10-09,101.84751892089844,33.43171310424805,17.700000762939453,16.542000150680543,-0.9588056680144096
2023-10-10,101.41596221923828,33.640777587890625,17.030000686645508,16.682000207901,-1.0891078874148503
2023-10-11,97.77986145019531,33.666908264160156,16.09000015258789,16.81250023841858,-1.4479938287205705
2023-10-12,97.7614974975586,34.22439193725586,16.690000534057617,17.00600028038025,-1.6871487587890894
2023-10-13,100.88340759277344,34.8515625,19.31999969482422,17.28250026702881,-1.6556417675382225
2023-10-16,100.95686340332031,35.034488677978516,17.209999084472656,17.44300022125244,-1.726513617727484
2023-10-17,102.27906036376953,35.54841995239258,17.8799991607666,17.63150019645691,-1.8189103091250383
2023-10-18,103.71147918701172,35.470027923583984,19.219999313354492,17.835500144958495,-1.6485306425709016
2023-10-19,103.7757568359375,35.130306243896484,21.399999618530273,18.028500080108643,-1.4977161717707248
2023-10-20,101.99442291259766,34.503135681152344,21.709999084472656,18.253999996185303,-1.401009798545594
2023-10-23,100.49774932861328,33.884674072265625,20.3700008392334,18.42750005722046,-1.2807869873778182
2023-10-24,99.52445983886719,33.788856506347656,18.969999313354492,18.428999996185304,-1.3330699644292394
2023-10-25,99.70808410644531,34.02404022216797,20.190000534057617,18.527500057220458,-1.4156585752339155
2023-10-26,98.79906463623047,33.81499099731445,20.68000030517578,18.694500064849855,-1.4135762181052327
2023-10-27,96.916748046875,33.65819549560547,21.270000457763672,18.882000064849855,-1.5268321777793228
2023-10-30,97.21976470947266,33.40557861328125,19.75,18.989000034332275,-1.390277257387579
2023-10-31,97.19221496582031,31.86379051208496,18.139999389648438,18.90699996948242,-0.736357787937509
2023-11-01,96.99938201904297,31.436962127685547,16.8700008392334,18.82150001525879,-0.5730400216464422
2023-11-02,100.1855697631836,32.107688903808594,15.65999984741211,18.680000019073486,-0.553933442437647
2023-11-03,98.96435546875,31.532785415649414,14.90999984741211,18.55299997329712,-0.42591433955176256
2023-11-06,97.21057891845703,31.619884490966797,14.890000343322754,18.412499952316285,-0.630736621895905
2023-11-07,95.68635559082031,30.896900177001953,14.8100004196167,18.301499938964845,-0.4686387807939243
2023-11-08,94.51103210449219,30.400390625,14.449999809265137,18.219499921798707,-0.36961389639883513
2023-11-09,94.53858947753906,30.590919494628906,15.289999961853027,18.149499893188477,-0.44811302246526447
2023-11-10,95.26396942138672,30.94375991821289,14.170000076293945,17.891999912261962,-0.5289907325847931
2023-11-13,96.26481628417969,31.490650177001953,14.760000228881836,17.76949996948242,-0.666156744232186
2023-11-14,96.63545989990234,31.622966766357422,14.15999984741211,17.5835000038147,-0.6870538424618654
2023-11-15,96.05171966552734,31.39362335205078,14.180000305175781,17.33150005340576,-0.6452195508570934
2023-11-16,94.93978118896484,30.890832901000977,14.319999694824219,16.97750005722046,-0.5374578377699818
2023-11-17,97.25628662109375,31.41126823425293,13.800000190734863,16.58200011253357,-0.5375280633026112
2023-11-20,96.8300552368164,31.649431228637695,13.40999984741211,16.234000062942506,-0.6797122632468744
2023-11-21,96.79298400878906,31.525930404663086,13.350000381469727,15.953000116348267,-0.630666239282972
2023-11-22,96.37601470947266,31.11135482788086,12.850000381469727,15.586000108718872,-0.4940027139928477
2023-11-24,96.89491271972656,31.59649658203125,12.460000038146973,15.175000095367432,-0.6509675959573938
2023-11-27,96.32967376708984,31.70235252380371,12.6899995803833,14.746000051498413,-0.7501049732881828
2023-11-28,96.27408599853516,31.70235252380371,12.6899995803833,14.393000030517578,-0.7554214148150684
2023-11-29,94.8285903930664,31.817026138305664,12.979999542236328,14.135000038146973,-0.9425018851260856
2023-11-30,95.19923400878906,32.011085510253906,12.920000076293945,13.9375,-0.9896915016813375
2023-12-01,95.43087768554688,31.73763656616211,12.630000114440918,13.78600001335144,-0.8510916130982398
2023-12-04,94.91197967529297,31.39362335205078,13.079999923706055,13.694500017166138,-0.7542248441343902
2023-12-05,93.06804656982422,31.12899398803711,12.850000381469727,13.592500019073487,-0.8178898658811262
2023-12-06,91.83565521240234,30.740873336791992,12.970000267028809,13.500500011444093,-0.7704792607171176
2023-12-07,91.19630432128906,30.5997371673584,13.0600004196167,13.43100004196167,-0.7715257325262722
2023-12-08,92.24336242675781,31.13780975341797,12.350000381469727,13.284000062942505,-0.9005171644680913
2023-12-11,92.3082275390625,30.98786163330078,12.630000114440918,13.207000064849854,-0.8304595942706439
2023-12-12,90.85346221923828,30.661483764648438,12.069999694824219,13.072500038146973,-0.8306094625768816
2023-12-13,91.65959930419922,30.8996524810791,12.1899995803833,12.974000024795533,-0.8549317726235578
2023-12-14,94.1243667602539,31.57886505126953,12.479999542236328,12.88899998664856,-0.9084357712849853
2023-12-15,93.4942855834961,30.70559310913086,12.279999732971191,12.786999988555909,-0.5968233201587578
2023-12-18,94.1892318725586,30.97903823852539,12.5600004196167,12.725,-0.6468020641940603
2023-12-19,95.43087768554688,31.226028442382812,12.529999732971191,12.680999994277954,-0.6332286434504834
2023-12-20,93.83712005615234,30.890832901000977,13.670000076293945,12.696999979019164,-0.642916890885233
2023-12-21,94.26336669921875,31.278949737548828,13.649999618530273,12.736999940872192,-0.7674259486048757
2023-12-22,94.43016052246094,31.16427993774414,13.029999732971191,12.765499925613403,-0.7026427701582669
2023-12-26,94.64326477050781,31.46419334411621,12.989999771118164,12.780499935150146,-0.8099763629763401
2023-12-27,94.19849395751953,31.517114639282227,12.430000305175781,12.767499971389771,-0.8750504424536258
2023-12-28,92.83638763427734,31.16427993774414,12.470000267028809,12.742000007629395,-0.8550719931235252
2023-12-29,92.64180755615234,31.226028442382812,12.449999809265137,12.718499994277954,-0.8999766825037413
2024-01-02,94.84712219238281,31.314231872558594,13.199999809265137,12.746999979019165,-0.7266198143532506
2024-01-03,95.64399719238281,31.755279541015625,14.039999961853027,12.794999980926514,-0.8382218349855374
2024-01-04,94.81006622314453,31.54357147216797,14.130000114440918,12.858999967575073,-0.8278257357777004
2024-01-05,95.09730529785156,31.78173828125,13.350000381469727,12.877999973297118,-0.901774894534309
2024-01-08,93.51282501220703,31.252487182617188,13.079999923706055,12.878999948501587,-0.8279393224246054
2024-01-09,92.35455322265625,30.776159286499023,12.760000228881836,12.899499940872193,-0.7358777524818274
2024-01-10,91.44648742675781,30.608562469482422,12.6899995803833,12.902499914169312,-0.7513562598837764
2024-01-11,91.42794799804688,30.529176712036133,12.4399995803833,12.920999908447266,-0.7193237852896724
2024-01-12,92.61398315429688,30.749696731567383,12.699999809265137,12.946499919891357,-0.6997969439123742
2024-01-16,90.5198974609375,30.238079071044922,13.84000015258789,13.014499950408936,-0.6822092988866306
2024-01-17,89.86198425292969,29.90288734436035,14.789999961853027,13.139999961853027,-0.602394549989049
2024-01-18,89.69520568847656,30.017559051513672,14.130000114440918,13.218499946594239,-0.667177081302038
2024-01-19,89.83418273925781,29.858783721923828,13.300000190734863,13.256999969482422,-0.5862724340065841
2024-01-22,89.71373748779297,30.211620330810547,13.1899995803833,13.23299994468689,-0.7480436573983694
2024-01-23,90.72374725341797,30.211620330810547,12.550000190734863,13.17799997329712,-0.651445826613958
2024-01-24,92.28968811035156,30.48506736755371,13.140000343322754,13.183500003814697,-0.6181230339808061
2024-01-25,94.63399505615234,31.005504608154297,13.449999809265137,13.206500005722045,-0.615535121295416
2024-01-26,95.44014739990234,31.42889976501465,13.260000228881836,13.248000001907348,-0.7187327147362383
2024-01-29,95.56060791015625,31.42889976501465,13.600000381469727,13.304500007629395,-0.7072118122838643
2024-01-30,97.15436553955078,31.658246994018555,13.3100004196167,13.347500038146972,-0.65244916787412
2024-01-31,95.26409149169922,30.96139144897461,14.350000381469727,13.405000066757202,-0.5364872607227998
2024-02-01,94.87491607666016,30.98786163330078,13.880000114440918,13.397000074386597,-0.584980240041111
2024-02-02,94.48574829101562,30.555635452270508,13.850000381469727,13.383000087738036,-0.43814143906105707
2024-02-05,94.09657287597656,30.202804565429688,13.670000076293945,13.399000072479248,-0.3251130235575313
2024-02-06,94.74519348144531,32.09929275512695,13.0600004196167,13.39800009727478,-1.0706782938982486
2024-02-07,94.71739196777344,31.905235290527344,12.829999923706055,13.40150008201599,-0.9906999022913695
2024-02-08,96.33895111083984,31.940519332885742,12.789999961853027,13.406500101089478,-0.8506385287163591
2024-02-09,94.30042266845703,32.07283020019531,12.930000305175781,13.431000137329102,-1.1019475909248793
2024-02-12,95.59767150878906,32.13457107543945,13.930000305175781,13.492500162124633,-1.0041697798504468
2024-02-13,94.77467346191406,31.79056739807129,15.850000381469727,13.593000173568726,-0.9363913490910408
2024-02-14,94.30706787109375,31.54357147216797,14.380000114440918,13.57250018119812,-0.8759327455808901
2024-02-15,97.00984954833984,31.798973083496094,14.010000228881836,13.566500186920166,-0.7261974819950289
2024-02-16,97.00984954833984,31.656091690063477,14.239999771118164,13.613500165939332,-0.6653529347061983
2024-02-20,96.09333038330078,31.59358787536621,15.420000076293945,13.725000190734864,-0.7263926825755564
2024-02-21,98.05728149414062,31.879337310791016,15.34000015258789,13.864500188827515,-0.6602428413198678
2024-02-22,97.97311401367188,31.691804885864258,14.539999961853027,13.934500169754028,-0.5884339384151639
2024-02-23,97.11271667480469,31.59358787536621,13.75,13.949500179290771,-0.6288980762439941
2024-02-26,97.49615478515625,31.540006637573242,13.739999771118164,13.973500156402588,-0.5694088569483001
2024-02-27,97.2904052734375,31.62929916381836,13.430000305175781,13.96500015258789,-0.627111130025884
2024-02-28,97.56161499023438,31.21852684020996,13.84000015258789,13.99150013923645,-0.42624940072924505
2024-02-29,97.7486572265625,31.245325088500977,13.399999618530273,13.944000101089477,-0.4197723430517734
2024-03-01,98.983154296875,31.825759887695312,13.109999656677246,13.905500078201294,-0.5488765256827616
2024-03-04,97.59903717041016,31.852540969848633,13.489999771118164,13.887500047683716,-0.6926586122588935
2024-03-05,98.79609680175781,31.9686336517334,14.460000038146973,13.927000045776367,-0.6276080949158986
2024-03-06,99.85289001464844,32.52227783203125,14.5,13.999000024795532,-0.7622994569703145
2024-03-07,100.41402435302734,32.531211853027344,14.4399995803833,14.079500007629395,-0.7124367522575021
2024-03-08,101.35858154296875,32.51335144042969,14.739999771118164,14.17699999809265,-0.6144931680668873
2024-03-11,101.95712280273438,32.58479309082031,15.220000267028809,14.291499996185303,-0.587671067331193
2024-03-12,101.30247497558594,32.7276725769043,13.84000015258789,14.286999988555909,-0.7111256425898923
2024-03-13,102.43408203125,33.325965881347656,13.75,14.181999969482423,-0.8576751345457239
2024-03-14,104.24839782714844,33.47776794433594,14.399999618530273,14.18299994468689,-0.7487964005428109
2024-03-15,104.06135559082031,33.47776794433594,14.40999984741211,14.202999925613403,-0.7666852120269074
2024-03-18,105.0246353149414,33.745662689208984,14.329999923706055,14.207499933242797,-0.7886368411379557
2024-03-19,105.7634506225586,33.79030990600586,13.819999694824219,14.127499914169311,-0.7369887321105507
2024-03-20,105.66993713378906,33.834957122802734,13.039999961853027,14.012499904632568,-0.7649449585725202
2024-03-21,106.13754272460938,33.69208908081055,12.920000076293945,13.931499910354614,-0.6593840681447394
2024-03-22,106.13754272460938,33.75458526611328,13.0600004196167,13.896999931335449,-0.6859974151360457
2024-03-25,107.2223892211914,34.16536331176758,13.1899995803833,13.869499921798706,-0.7571676978463976
2024-03-26,106.41810607910156,33.5492057800293,13.239999771118164,13.859999895095825,-0.5717054914052924
2024-03-27,107.52165222167969,33.45097732543945,12.779999732971191,13.80699987411499,-0.42433223530428743
2024-03-28,108.7093734741211,33.647430419921875,13.010000228881836,13.787499904632568,-0.3943954864926236
2024-04-01,109.4107894897461,33.87960433959961,13.649999618530273,13.81449990272522,-0.4261805496105089
2024-04-02,111.55242919921875,34.51362609863281,14.609999656677246,13.870499897003175,-0.4913446105209988
2024-04-03,111.5711441040039,34.65650177001953,14.329999923706055,13.863999891281129,-0.5503968184373461
2024-04-04,111.96393585205078,34.29037857055664,16.350000381469727,13.956499910354614,-0.35692028649205293
2024-04-05,113.50703430175781,34.522552490234375,16.030000686645508,14.035999965667724,-0.30820642761054967
2024-04-08,112.74016571044922,34.74580001831055,15.1899995803833,14.058499956130982,-0.4766177422295692
2024-04-09,113.32933807373047,35.08513259887695,14.979999542236328,14.046499919891357,-0.564770238653658
2024-04-10,114.28326416015625,35.20121765136719,15.800000190734863,14.144499921798706,-0.5229698842407794
2024-04-11,113.89981842041016,35.40660095214844,14.90999984741211,14.202499914169312,-0.6471031543515813
2024-04-12,112.57181549072266,35.21907424926758,17.309999465942383,14.347999906539917,-0.6942577222969561
2024-04-15,111.92652130126953,34.888675689697266,19.229999542236328,14.588999891281128,-0.6152772043514738
2024-04-16,111.00065612792969,34.49577331542969,18.399999618530273,14.792499876022339,-0.5365140374219942
2024-04-17,110.94454193115234,34.263587951660156,18.209999084472656,15.01199984550476,-0.44300711759391753
2024-04-18,110.84165954589844,33.861751556396484,18.0,15.259999847412109,-0.28172901258750893
2024-04-19,112.11355590820312,34.39753341674805,18.709999084472656,15.549499797821046,-0.3882413214641533
2024-04-22,112.74951171875,34.74580001831055,16.940000534057617,15.743499803543092,-0.47572388539860094
2024-04-23,113.18905639648438,35.08513259887695,15.6899995803833,15.868499803543092,-0.5781868472667304
2024-04-24,113.20777130126953,35.12977600097656,15.970000267028809,16.004999828338622,-0.5954078705176831
2024-04-25,113.4696273803711,35.37981033325195,15.369999885559082,16.13449983596802,-0.6768383321130232
2024-04-26,110.31793975830078,35.24586486816406,15.029999732971191,16.235499811172485,-0.9212280108829656
2024-04-29,111.88910675048828,35.24586486816406,14.670000076293945,16.28649983406067,-0.7709608269300819
2024-04-30,110.60785675048828,34.62078094482422,15.649999618530273,16.33849983215332,-0.6273147548676363
2024-05-01,108.51297760009766,34.129638671875,15.390000343322754,16.391499853134157,-0.6185222261504838
2024-05-02,108.7093734741211,34.53147888183594,14.680000305175781,16.307999849319458,-0.7708582795428306
2024-05-03,108.48491668701172,34.55826950073242,13.489999771118164,16.18099980354309,-0.8037339419757263
2024-05-06,109.18634033203125,34.86188507080078,13.489999771118164,16.095999813079835,-0.865940955171217
2024-05-07,108.64391326904297,33.55813980102539,13.229999542236328,16.008499813079833,-0.36263265635563946
2024-05-08,108.62521362304688,33.513484954833984,13.0,15.868499803543092,-0.3454053003997734
2024-05-09,110.76685333251953,33.968910217285156,12.6899995803833,15.75749979019165,-0.3345159108165196
2024-05-10,110.31793975830078,33.79030990600586,12.550000190734863,15.519499826431275,-0.30139515092213714
2024-05-13,110.27118682861328,34.022483825683594,13.600000381469727,15.237999868392944,-0.40473545997640836
2024-05-14,110.94058990478516,33.89746856689453,13.420000076293945,14.988999891281129,-0.2874769798314525
2024-05-15,111.79854583740234,33.7188720703125,12.449999809265137,14.700999927520751,-0.1293682019338642
2024-05-16,111.129150390625,33.52553939819336,12.420000076293945,14.42199993133545,-0.11106081497283281
2024-05-17,112.79792022705078,33.868839263916016,11.989999771118164,14.085999965667725,-0.09764950493485049
2024-05-20,111.88339233398438,33.66105270385742,12.149999618530273,13.846499919891357,-0.09663166867644164
2024-05-21,111.11029052734375,33.480369567871094,11.859999656677246,13.654999923706054,-0.09362948166996894
2024-05-22,108.87583923339844,33.02867126464844,12.289999961853027,13.470999908447265,-0.1149825034588377
2024-05-23,107.01848602294922,32.902191162109375,12.770000457763672,13.340999937057495,-0.23876044902515026
2024-05-24,106.93363189697266,33.17321014404297,11.930000305175781,13.185999965667724,-0.36228653879413797
2024-05-28,108.29129028320312,33.78752899169922,12.920000076293945,13.098499965667724,-0.49404068030407816
2024-05-29,107.13162231445312,33.53457260131836,14.279999732971191,13.02999997138977,-0.4972330615588773
2024-05-30,107.47103881835938,33.36293029785156,14.470000267028809,12.983999967575073,-0.39167902009897726
2024-05-31,110.55404663085938,33.94111251831055,12.920000076293945,12.895999956130982,-0.3430314890088836
2024-06-03,107.90473175048828,32.884124755859375,13.109999656677246,12.876999950408935,-0.14630608153794936
2024-06-04,106.22652435302734,32.1252555847168,13.15999984741211,12.860499954223632,0.016345838567668587
2024-06-05,106.65081024169922,31.917470932006836,12.630000114440918,12.830499982833862,0.14540767121804957
2024-06-06,107.45218658447266,32.025882720947266,12.579999923706055,12.809499979019165,0.17588567215609366
2024-06-07,106.30195617675781,31.85423469543457,12.220000267028809,12.78600001335144,0.13897158693970282
2024-06-10,106.61308288574219,32.45048141479492,12.739999771118164,12.795499992370605,-0.08517753209100294
2024-06-11,105.75511932373047,32.224632263183594,12.850000381469727,12.757999992370605,-0.07105808965485456
2024-06-12,104.5860366821289,32.1252555847168,12.039999961853027,12.68899998664856,-0.14055120919433972
2024-06-13,103.74694061279297,31.790996551513672,11.9399995803833,12.663499975204468,-0.07846205603970298
2024-06-14,102.87012481689453,31.51997184753418,12.65999984741211,12.675499963760377,-0.04690811394823269
2024-06-17,102.16301727294922,31.71872329711914,12.75,12.713499975204467,-0.19917245373131026
2024-06-18,103.12467956542969,31.971677780151367,12.300000190734863,12.721000003814698,-0.21491662052479285
2024-06-20,105.3497085571289,32.26076889038086,13.279999732971191,12.792000007629394,-0.12522017959747772
2024-06-21,104.42576599121094,32.08008575439453,13.199999809265137,12.8375,-0.13664447700331012
2024-06-24,107.52762603759766,32.74861145019531,13.329999923706055,12.86549997329712,-0.12466573324787218
2024-06-25,107.82930755615234,32.595035552978516,12.84000015258789,12.910999965667724,-0.030414074529896116
2024-06-26,107.86701965332031,32.269805908203125,12.550000190734863,12.892499971389771,0.11168837230844728
2024-06-27,108.3290023803711,32.49565505981445,12.239999771118164,12.79049997329712,0.05969712804298023
2024-06-28,108.53642272949219,32.61309814453125,12.4399995803833,12.688999938964844,0.02952300272863481
2024-07-01,108.38557434082031,32.91122817993164,12.220000267028809,12.653999948501587,-0.11185976940530055
2024-07-02,107.65017700195312,33.2093505859375,12.029999732971191,12.599999952316285,-0.3091458417639047
2024-07-03,108.1969985961914,33.39906692504883,12.09000015258789,12.546499967575073,-0.33763627467742385
2024-07-05,106.88650512695312,33.471336364746094,12.479999542236328,12.538999938964844,-0.49374769985299904
2024-07-08,105.76455688476562,33.01963424682617,12.369999885559082,12.528499937057495,-0.4086987581087407
2024-07-09,104.59547424316406,31.438663482666016,12.510000228881836,12.542999935150146,0.15272947078007845
2024-07-10,105.51941680908203,31.529008865356445,12.850000381469727,12.548499965667725,0.202623155769053
2024-07-11,106.77336120605469,31.66451644897461,12.920000076293945,12.551999950408936,0.2648465271943088
2024-07-12,106.7922134399414,31.790996551513672,12.460000038146973,12.572999954223633,0.21278933504681663
2024-07-15,108.62126922607422,31.64644432067871,13.119999885559082,12.631999969482422,0.4492771860268034
2024-07-16,109.40380096435547,31.51997184753418,13.1899995803833,12.658499956130981,0.5779758865564794
2024-07-17,110.91230010986328,31.998775482177734,14.479999542236328,12.744999933242799,0.518355965843676
2024-07-18,112.00596618652344,32.1523551940918,15.930000305175781,12.926499938964843,0.5575544130217513
2024-07-19,109.43209075927734,31.962648391723633,16.520000457763672,13.088499975204467,0.3921723591639727
2024-07-22,108.67784118652344,31.917470932006836,14.90999984741211,13.173999977111816,0.33927390782986
2024-07-23,106.92420959472656,31.574180603027344,14.720000267028809,13.243499994277954,0.3177423166443327
2024-07-24,108.43270111083984,31.30315589904785,18.040000915527344,13.503500032424927,0.5774282233331401
2024-07-25,110.71430969238281,31.781959533691406,18.459999084472656,13.798999977111816,0.591748869357078
2024-07-26,110.62003326416016,31.845199584960938,16.389999389648438,14.00649995803833,0.5558021108548139
2024-07-29,109.46036529541016,31.583215713500977,16.600000381469727,14.214499998092652,0.5564539880175771
2024-07-30,111.4119873046875,31.447708129882812,17.690000534057617,14.488000011444091,0.8008125644287538
2024-07-31,111.80796813964844,31.971677780151367,16.360000610351562,14.70450005531311,0.615557369818805
2024-08-01,110.26176452636719,31.40252685546875,18.59000015258789,15.029500055313111,0.7100446653933116
2024-08-02,110.19576263427734,30.7882137298584,23.389999389648438,15.575000047683716,0.9653310326648833
2024-08-05,108.20642852783203,29.803497314453125,38.56999969482422,16.885000038146973,1.194401328581893
2024-08-06,107.63131713867188,29.758317947387695,27.709999084472656,17.644999980926514,1.1586365534650154
2024-08-07,109.06439208984375,29.85770034790039,27.850000381469727,18.394999980926514,1.2533755906700004
2024-08-08,111.14799499511719,30.26422882080078,23.790000915527344,18.938500022888185,1.2795364982713266
2024-08-09,112.0531005859375,30.48419761657715,20.3700008392334,19.334000062942504,1.272429830700182
2024-08-12,112.19451904296875,30.841655731201172,20.709999084472656,19.713500022888184,1.1337353613022103
2024-08-13,111.11972045898438,30.896644592285156,18.1200008392334,19.96000008583069,1.007524664585302
2024-08-14,112.14738464355469,30.887481689453125,16.190000534057617,20.045500135421754,1.1097128990363854
2024-08-15,112.84117889404297,31.27242660522461,15.229999542236328,20.01050009727478,1.0121429553849233
2024-08-16,112.30894470214844,31.263263702392578,14.800000190734863,19.92450008392334,0.965141741833602
2024-08-19,112.6511001586914,31.290760040283203,14.649999618530273,19.91150007247925,0.9861566300328632
2024-08-20,108.89701080322266,30.59419059753418,15.880000114440918,19.969500064849854,0.9237404907262536
2024-08-21,108.20320892333984,30.722503662109375,16.270000457763672,19.88100004196167,0.8027441608841698
2024-08-22,109.0395736694336,30.70417022705078,17.549999237060547,19.835500049591065,0.8905415981964929
2024-08-23,110.55071258544922,31.263263702392578,15.859999656677246,19.809000062942506,0.7969835573594848
2024-08-26,112.91720581054688,31.519899368286133,16.149999618530273,19.786500024795533,0.9140305187372599
2024-08-27,111.84326171875,31.510730743408203,15.430000305175781,19.67350001335144,0.8152223405783386
2024-08-28,110.74078369140625,31.373249053955078,17.110000610351562,19.71100001335144,0.7683259395738161
2024-08-29,112.27093505859375,31.593219757080078,15.649999618530273,19.56399998664856,0.8209981452752692
2024-08-30,112.09036254882812,31.125783920288086,15.0,19.144500017166138,1.002780764763793
2024-09-03,109.74287414550781,30.126750946044922,20.719999313354492,18.25199999809265,1.2036935644334965
2024-09-04,108.40279388427734,29.705141067504883,21.31999969482422,17.932500028610228,1.2550657871157802
2024-09-05,107.55693817138672,29.650146484375,19.899999618530273,17.534999990463255,1.1975865988283236
2024-09-06,107.05323028564453,29.237701416015625,22.3799991607666,17.46449990272522,1.3250471483147785
2024-09-09,109.30567932128906,29.14605140686035,19.450000762939453,17.41849989891052,1.5795006800291558
2024-09-10,105.32351684570312,28.550296783447266,19.079999923706055,17.336999940872193,1.4523405787326604
2024-09-11,104.2780532836914,28.67861557006836,17.690000534057617,17.315499925613402,1.297708715964252
2024-09-12,105.71317291259766,28.944412231445312,17.06999969482422,17.359499883651733,1.3217775343510472
2024-09-13,105.63713836669922,29.18271255493164,16.559999465942383,17.425999879837036,1.2130278521210682
2024-09-16,107.1197738647461,29.604318618774414,17.139999389648438,17.542999839782716,1.1752913068564128
2024-09-17,108.51685333251953,29.833457946777344,17.610000610351562,17.690999889373778,1.2113320876146103
2024-09-18,108.89701080322266,29.723474502563477,18.229999542236328,17.80849986076355,1.2945258347296058
2024-09-19,110.24657440185547,30.025930404663086,16.329999923706055,17.81149983406067,1.294801077980375
2024-09-20,109.55278778076172,29.91594696044922,16.149999618530273,17.741499853134155,1.2752822839080904
2024-09-23,111.53913116455078,30.117584228515625,15.890000343322754,17.742999887466432,1.3793920200752117
2024-09-24,111.24451446533203,30.090091705322266,15.390000343322754,17.704999923706055,1.3629221375606968
2024-09-25,109.07758331298828,29.03606605529785,15.40999984741211,17.70399990081787,1.6045215774511137
2024-09-26,107.2052993774414,28.22034454345703,15.369999885559082,17.616999864578247,1.7728218967764293
2024-09-27,110.07550811767578,28.797761917114258,16.959999084472656,17.682499837875366,1.801442921936744
2024-09-30,111.40607452392578,28.770267486572266,16.729999542236328,17.768999814987183,1.9404071632430528
2024-10-01,113.9816665649414,29.411846160888672,19.260000228881836,17.69599986076355,1.9135284834212514
2024-10-02,115.4927978515625,29.66847801208496,18.899999618530273,17.574999856948853,1.9487698327196594
2024-10-03,116.5002212524414,29.75096893310547,20.489999771118164,17.604499864578248,2.0099924061949332
2024-10-04,118.63863372802734,30.135915756225586,19.209999084472656,17.44599986076355,2.0505856479410522
2024-10-07,119.15184020996094,30.374216079711914,22.639999389648438,17.605499792099,1.9981912674467244
2024-10-08,115.98700714111328,29.356853485107422,21.420000076293945,17.722499799728393,2.128738298431624
2024-10-09,116.0345230102539,29.31102752685547,20.860000610351562,17.88099980354309,2.1527972446497334
2024-10-10,117.03244018554688,29.6409854888916,20.93000030517578,18.07399983406067,2.107729386369544
2024-10-11,117.47913360595703,29.430177688598633,20.459999084472656,18.268999814987183,2.240221662162414
2024-10-14,117.92582702636719,29.320194244384766,19.700000762939453,18.396999883651734,2.3297789402348603
2024-10-15,114.38082885742188,28.174514770507812,20.639999389648438,18.548499822616577,2.4786091952863636
2024-10-16,114.67545318603516,28.34865951538086,19.579999923706055,18.615999841690062,2.432629492413466
2024-10-17,114.38082885742188,28.70611000061035,19.110000610351562,18.75499987602234,2.2522349254151472
2024-10-18,114.05769348144531,28.715274810791016,18.030000686645508,18.8489999294281,2.217427360534642
2024-10-21,114.12422180175781,28.843589782714844,18.3700008392334,18.97299995422363,2.1691485728033038
2024-10-22,114.71346282958984,28.944412231445312,18.200000762939453,19.11349997520447,2.1825696890429978
2024-10-23,114.3047866821289,28.696945190429688,19.239999771118164,19.30499997138977,2.2488649529461893
2024-10-24,113.65853118896484,28.687780380249023,19.079999923706055,19.49049997329712,2.1909594982815266
2024-10-25,113.5634765625,28.88941764831543,20.329999923706055,19.65900001525879,2.096003304957265
2024-10-28,113.00273895263672,28.458641052246094,19.799999237060547,19.8125,2.2258157929605056
2024-10-29,111.46309661865234,26.909687042236328,19.34000015258789,19.816499996185303,2.7381695106430843
2024-10-30,110.90235900878906,26.59806251525879,20.350000381469727,19.889000034332277,2.8172423359915335
2024-10-31,110.98788452148438,26.909687042236328,23.15999984741211,20.022500038146973,2.692719991924292
2024-11-01,109.24866485595703,26.790536880493164,21.8799991607666,20.15600004196167,2.5771190180623544
2024-11-04,112.72712707519531,27.248809814453125,21.979999542236328,20.123000049591063,2.714650118897086
2024-11-05,113.05976867675781,27.459609985351562,20.489999771118164,20.076500034332277,2.6566970768401195
2024-11-06,114.99858093261719,27.642921447753906,16.270000457763672,19.84700002670288,2.7640647652625003
2024-11-07,115.14115142822266,27.76207160949707,15.199999809265137,19.56050000190735,2.7269614271589546
2024-11-08,115.10313415527344,26.942527770996094,14.9399995803833,19.28450002670288,3.072319610166045
2024-11-11,114.49488067626953,26.93321418762207,14.970000267028809,19.048000001907347,3.0181120403366344
2024-11-12,114.38082885742188,26.22542381286621,14.710000038146973,18.751500034332274,3.308609198039591
2024-11-13,115.44527435302734,26.607257843017578,14.020000457763672,18.473500061035157,3.2478132598966942
2024-11-14,115.52193450927734,27.054279327392578,14.3100004196167,18.233500051498414,3.0647856503106863
2024-11-15,114.32417297363281,26.989089965820312,16.139999389648438,18.13899998664856,2.977991355834191
2024-11-18,115.28237915039062,27.39886474609375,15.579999923706055,17.99949994087219,2.895136360715796
2024-11-19,113.67257690429688,27.091535568237305,16.350000381469727,17.906999921798707,2.872046998738012
2024-11-20,115.29196166992188,27.082223892211914,17.15999984741211,17.802999925613403,3.030891034123273
2024-11-21,116.83468627929688,27.491994857788086,16.8700008392334,17.692499971389772,3.003941293860187
2024-11-22,116.70053100585938,27.678253173828125,15.239999771118164,17.437999963760376,2.9117944613301745
2024-11-25,114.95659637451172,27.305734634399414,14.600000381469727,17.178000020980836,2.903636819993405
2024-11-26,113.04017639160156,26.970462799072266,14.100000381469727,16.916000032424925,2.86312147533721
2024-11-27,112.74312591552734,27.1287841796875,14.100000381469727,16.603500032424925,2.767291917318052
2024-11-29,113.03057861328125,27.29642105102539,13.510000228881836,16.121000051498413,2.7233976260346044
2024-12-02,112.92518615722656,26.998403549194336,13.34000015258789,15.694000101089477,2.840225476496307
2024-12-03,112.7527084350586,27.426803588867188,13.300000190734863,15.260000133514405,2.641299945176124
2024-12-04,109.50436401367188,27.1287841796875,13.449999809265137,14.908000135421753,2.457535135953829
2024-12-05,109.98347473144531,27.138099670410156,13.539999961853027,14.77150011062622,2.499390616352402
2024-12-06,108.82403564453125,26.72832679748535,12.770000457763672,14.650000143051148,2.56299878473725
2024-12-09,108.18204498291016,28.02283477783203,14.1899995803833,14.612500143051147,1.9503457952621113
2024-12-10,107.9616470336914,28.032148361206055,14.180000305175781,14.573000144958495,1.9253007349021678
2024-12-11,107.24298858642578,28.24634552001953,13.579999923706055,14.51650013923645,1.765354267284058
2024-12-12,107.14716339111328,28.078710556030273,13.920000076293945,14.511500120162964,1.82757509493359
2024-12-13,106.20811462402344,27.920391082763672,13.8100004196167,14.486500120162964,1.805182701103937
2024-12-16,103.93716430664062,26.96115493774414,14.6899995803833,14.414000129699707,1.996468577388796
2024-12-17,103.49639129638672,27.082223892211914,15.869999885559082,14.428500127792358,1.9027568816348746
2024-12-18,101.97282409667969,26.579320907592773,27.6200008392334,14.992000150680543,1.9711981424137022
2024-12-19,101.10086059570312,26.458248138427734,24.09000015258789,15.338500165939331,1.9393606969782833
2024-12-20,101.4458236694336,26.63519859313965,18.360000610351562,15.41300015449524,1.897000634253141
2024-12-23,101.85784912109375,26.774890899658203,16.780000686645508,15.490000200271606,1.8769204431409234
2024-12-24,101.95365905761719,26.812145233154297,14.270000457763672,15.473500204086303,1.8702193842442933
2024-12-26,102.03990173339844,26.868022918701172,14.729999542236328,15.505000162124634,1.8546727480971201
2024-12-27,102.03031921386719,26.970462799072266,15.949999809265137,15.597500133514405,1.8101333193690299
2024-12-30,101.34040832519531,27.091535568237305,17.399999618530273,15.792000102996827,1.692592329929212
2024-12-31,103.07476806640625,27.529245376586914,17.350000381469727,15.992500114440919,1.6720732038959112
2025-01-02,102.82563018798828,27.87382698059082,17.93000030517578,16.224000120162962,1.5015090618685765
2025-01-03,103.35265350341797,28.37672996520996,16.1299991607666,16.358000087738038,1.337757853820976
2025-01-06,103.23766326904297,28.888944625854492,16.040000915527344,16.483000135421754,1.1086388742150726
2025-01-07,104.20545196533203,29.64329719543457,17.81999969482422,16.73550009727478,0.879965507636622
2025-01-08,102.46151733398438,28.982072830200195,17.700000762939453,16.911000156402586,0.9947502232350698
2025-01-10,102.08781433105469,29.140398025512695,19.540000915527344,17.179000186920167,0.8915879553949383
2025-01-13,104.722900390625,29.075204849243164,19.190000534057617,17.459500217437743,1.1713707146612697
2025-01-14,105.13492584228516,28.95413589477539,18.709999084472656,17.69900016784668,1.2623329797710388
2025-01-15,106.85012817382812,29.149709701538086,16.1200008392334,17.814500188827516,1.3430927139242794
2025-01-16,106.66806030273438,29.59673309326172,16.600000381469727,17.910000228881835,1.1353194163164153
2025-01-17,107.62627410888672,29.512914657592773,15.970000267028809,17.915000247955323,1.2626566604035703
2025-01-21,106.81179809570312,29.354595184326172,15.0600004196167,17.287000226974488,1.25217846603192
2025-01-22,104.9528579711914,28.99138832092285,15.100000381469727,16.837500238418578,1.2290563628968165
2025-01-23,105.54695892333984,29.326656341552734,15.020000457763672,16.670500230789184,1.1431060894822866
2025-01-24,104.11920928955078,29.289403915405273,14.850000381469727,16.574000215530397,1.022418968358168
2025-01-27,105.56611633300781,29.289403915405273,17.899999618530273,16.755500173568727,1.1608018696939246
2025-01-28,103.52513122558594,29.01932716369629,16.40999984741211,16.839500188827515,1.0806104106421015
2025-01-29,104.12879943847656,28.99138832092285,16.559999465942383,16.870000171661378,1.1502429994929682
2025-01-30,104.99119567871094,29.438411712646484,15.84000015258789,16.792000198364256,1.0423627632398442
2025-01-31,102.36569213867188,28.926197052001953,16.43000030517578,16.74600019454956,1.0093795702763892
2025-02-03,102.61483001708984,28.749250411987305,18.6200008392334,16.780500221252442,1.108558115840346
2025-02-04,105.3648910522461,29.466350555419922,17.209999084472656,16.834500217437743,1.0662057085368912
2025-02-05,105.28823852539062,29.49428939819336,15.770000457763672,16.821000194549562,1.0469771591250414
2025-02-06,103.89884185791016,29.764368057250977,15.5,16.70500020980835,0.7990844056766604
2025-02-07,104.33960723876953,30.053070068359375,16.540000915527344,16.647000217437743,0.7182986910178957
2025-02-10,106.33268737792969,32.055362701416016,15.8100004196167,16.46050019264221,0.056262475975253017
2025-02-11,107.00343322753906,32.17643356323242,16.020000457763672,16.302000188827513,0.0688561784841538
2025-02-12,103.78404998779297,32.29750442504883,15.890000343322754,16.16100025177002,-0.2906039785758572
2025-02-13,104.53813934326172,32.12055587768555,15.100000381469727,16.110000228881837,-0.14313081314854303
2025-02-14,104.64449310302734,32.59552001953125,14.770000457763672,16.018500232696532,-0.335217600377491
2025-02-18,106.48137664794922,32.88422393798828,15.350000381469727,15.98750023841858,-0.28247869933211806
2025-02-19,106.63606262207031,32.16712188720703,15.270000457763672,15.998000240325927,0.0376859529397935
2025-02-20,108.27958679199219,32.269569396972656,15.65999984741211,16.026000213623046,0.15124721221740017
2025-02-21,107.01311492919922,32.0051383972168,18.209999084472656,16.185500144958496,0.1427263964148659
2025-02-24,107.5738296508789,31.863481521606445,18.979999542236328,16.392000102996825,0.25667652737763846
2025-02-25,106.08500671386719,31.38184356689453,19.43000030517578,16.4685001373291,0.319385255912021
2025-02-26,105.82396697998047,30.862436294555664,19.100000381469727,16.603000164031982,0.5156034428702905
2025-02-27,106.49104309082031,31.277963638305664,21.1299991607666,16.831500148773195,0.40245495604527964
2025-02-28,107.63184356689453,31.277963638305664,19.6299991607666,17.021000099182128,0.5115616747099271
2025-03-03,104.18043518066406,30.040821075439453,22.780000686645508,17.338500118255617,0.7082915026354671
2025-03-04,103.96773529052734,29.6914005279541,23.510000228881836,17.583000087738036,0.8367458667920543
2025-03-05,101.9375,30.106929779052734,21.93000030517578,17.819000148773192,0.4656243785718108
2025-03-06,104.04508972167969,29.94638442993164,24.8700008392334,18.27400016784668,0.7355618543346075
2025-03-07,105.39857482910156,30.28636360168457,23.3700008392334,18.66750020980835,0.7202332606121752
2025-03-10,108.08623504638672,30.418575286865234,27.860000610351562,19.23350019454956,0.9209814421877376
2025-03-11,105.53392791748047,30.201364517211914,26.920000076293945,19.78900017738342,0.7693744678527246
2025-03-12,105.50492858886719,30.409130096435547,24.229999542236328,20.199500131607056,0.6781261584832051
2025-03-13,105.0602035522461,30.569677352905273,24.65999984741211,20.638000106811525,0.5672250668989546
2025-03-14,108.18291473388672,31.532949447631836,21.770000457763672,20.97150011062622,0.4556833516538463
2025-03-17,109.98112487792969,31.882366180419922,20.510000228881836,21.25850009918213,0.47886959250497774
2025-03-18,109.86510467529297,32.3167839050293,21.700000762939453,21.576000118255614,0.28278111791933813
2025-03-19,111.5763168334961,32.685096740722656,19.899999618530273,21.807500076293945,0.2896001207859884
2025-03-20,112.05004119873047,32.81731033325195,19.799999237060547,22.014500045776366,0.27860557626399457
2025-03-21,111.66332244873047,32.6284294128418,19.280000686645508,22.06800012588501,0.3220525696333277
2025-03-24,111.95336151123047,32.21290588378906,17.479999542236328,21.99300012588501,0.5267383979700488
2025-03-25,112.71710968017578,32.382896423339844,17.149999618530273,21.879000091552733,0.5273949548336286
2025-03-26,114.34130859375,32.50566101074219,18.329999923706055,21.84050006866455,0.6304561220316978
2025-03-27,113.97393035888672,32.4962158203125,18.690000534057617,21.7185001373291,0.5993420225212069
2025-03-28,113.81925964355469,31.976810455322266,21.649999618530273,21.819500160217284,0.8057325825099921
2025-03-31,114.97938537597656,31.910701751708984,22.280000686645508,21.794500160217286,0.9448392783352758
2025-04-01,115.08573913574219,31.929594039916992,21.770000457763672,21.707500171661376,0.9469659208546188
2025-04-02,114.72802734375,31.929594039916992,21.510000228881836,21.68650016784668,0.9127541891184732
2025-04-03,108.69530487060547,29.596961975097656,30.020000457763672,21.944000148773192,1.3291086170050785
2025-04-04,100.87403869628906,26.80158805847168,45.310001373291016,23.041000175476075,1.7714596242897032
2025-04-07,99.52055358886719,25.658885955810547,46.97999954223633,23.99700012207031,2.1286193841009973
2025-04-08,97.4226303100586,24.657838821411133,52.33000183105469,25.26750020980835,2.3542584240747684
2025-04-09,102.28553771972656,26.34828758239746,33.619998931884766,25.73700017929077,2.099489352767478
2025-04-10,96.61052703857422,24.771163940429688,40.720001220703125,26.540000247955323,2.228330150837249
2025-04-11,99.71390533447266,25.11114501953125,37.560001373291016,27.32950029373169,2.3803613901675273
2025-04-14,99.95559692382812,25.413345336914062,30.889999389648438,27.84850025177002,2.274788047593851
2025-04-15,99.67523193359375,25.6966609954834,30.1200008392334,28.269500255584717,2.127326791440528
2025-04-16,100.72901916503906,26.121633529663086,32.63999938964844,28.906500244140624,2.047141410827785
2025-04-17,103.36833190917969,26.744924545288086,29.649999618530273,29.399000263214113,2.034144618616066
2025-04-21,101.8504867553711,26.518274307250977,33.81999969482422,30.126000213623048,1.9854937953100265
2025-04-22,104.70249938964844,27.26433563232422,30.56999969482422,30.780500221252442,1.9405592727382484
2025-04-23,103.80339050292969,27.009353637695312,28.450000762939453,31.3455002784729,1.9631494726391756
2025-04-24,105.02152252197266,27.38710594177246,26.469999313354492,31.75250024795532,1.918790349558903
2025-04-25,104.9635238647461,27.566539764404297,24.84000015258789,32.06000022888183,1.836833312417406
2025-04-28,105.02152252197266,27.50987434387207,25.149999618530273,32.23500022888184,1.8665107093085664
2025-04-29,104.76050567626953,26.508831024169922,24.170000076293945,32.32950019836426,2.267830759626654
2025-04-30,102.1211929321289,25.932756423950195,24.700000762939453,32.476000213623045,2.2607209350780173
2025-05-01,102.2662124633789,26.329397201538086,24.600000381469727,32.63050022125244,2.105685346897832
2025-05-02,102.68192291259766,26.556049346923828,22.68000030517578,32.26350021362305,2.048926652718301
2025-05-05,99.8395767211914,27.55709457397461,23.639999389648438,31.18000011444092,1.3507986228353535
2025-05-06,101.23174285888672,26.820476531982422,24.760000228881836,30.069000148773192,1.7976271674181894
2025-05-07,101.13507080078125,26.565492630004883,23.549999237060547,28.630000019073485,1.8969636325319559
2025-05-08,102.54656982421875,26.999910354614258,22.479999542236328,28.073000049591066,1.8469678480788168
2025-05-09,103.74537658691406,28.11427879333496,21.899999618530273,27.131999969482422,1.4870801698003895
2025-05-12,105.53392791748047,28.510921478271484,18.389999389648438,26.173499870300294,1.4892319590969718
2025-05-13,105.82396697998047,28.860342025756836,18.219999313354492,25.539999866485594,1.3681743514265265
2025-05-14,104.87652587890625,28.671466827392578,18.6200008392334,24.964999866485595,1.3579911466595793
2025-05-15,105.94001770019531,28.43537139892578,17.829999923706055,24.224499893188476,1.5602427969273365
2025-05-16,105.55950164794922,28.56013298034668,17.239999771118164,23.603999900817872,1.4707216397019107
2025-05-19,103.88131713867188,28.214645385742188,18.139999389648438,22.81999988555908,1.4573415271888917
2025-05-20,102.39826965332031,28.022708892822266,18.09000015258789,22.195999908447266,1.3972362846521902
2025-05-21,101.1396484375,27.715608596801758,20.8700008392334,21.816999912261963,1.4076365822110166
2025-05-22,100.46642303466797,27.773193359375,20.280000686645508,21.507499980926514,1.318727104559943
2025-05-23,100.52495574951172,27.917142868041992,22.290000915527344,21.380000019073485,1.2630258092063098
2025-05-27,101.00304412841797,27.9747257232666,18.959999084472656,21.070499992370607,1.2842293601693113
2025-05-28,99.62732696533203,27.773193359375,19.309999465942383,20.82749996185303,1.238475543757043
2025-05-29,100.19322967529297,27.99391746520996,19.18000030517578,20.551499938964845,1.1986057049243855
2025-05-30,99.81270599365234,27.926740646362305,18.56999969482422,20.249999904632567,1.1908187786828657
2025-06-02,100.54447937011719,28.387386322021484,18.360000610351562,20.033999919891357,1.0646448003221831
2025-06-03,101.2762451171875,28.368194580078125,17.690000534057617,19.736499977111816,1.1428038389297166
2025-06-04,99.81270599365234,27.753997802734375,17.610000610351562,19.378999996185303,1.2643795122774977
2025-06-05,99.35413360595703,27.87875747680664,18.479999542236328,19.125500011444093,1.1673938209601042
2025-06-06,101.73480224609375,28.109079360961914,16.770000457763672,18.840000057220458,1.2970019747959558
2025-06-09,102.41779327392578,28.27222442626953,17.15999984741211,18.60300006866455,1.2928499525845518
2025-06-10,104.61308288574219,29.011180877685547,16.950000762939453,18.5310001373291,1.1881316532695856
2025-06-11,106.65225982666016,29.56779670715332,17.260000228881836,18.483000183105467,1.1461305084505389
2025-06-12,107.06206512451172,29.67336082458496,18.020000457763672,18.453000164031984,1.1403711131817147
2025-06-13,109.39395141601562,30.44110679626465,20.81999969482422,18.60250015258789,1.0364572713472167
2025-06-16,109.74520111083984,29.903684616088867,19.110000610351562,18.696000194549562,1.2989065805594107
2025-06-17,111.22823333740234,30.306751251220703,21.600000381469727,18.869000244140626,1.269102800455693
2025-06-18,110.43793487548828,29.884490966796875,20.139999389648438,18.971500205993653,1.3733333933936742
2025-06-20,111.91121673583984,29.990055084228516,20.6200008392334,18.959000205993654,1.4692854196614458
2025-06-23,109.02317810058594,29.097551345825195,19.829999923706055,18.93650016784668,1.57313536815422
2025-06-24,105.70584869384766,28.627307891845703,17.479999542236328,18.69600009918213,1.456112609539543
2025-06-25,105.7351303100586,29.097551345825195,16.760000228881836,18.586000156402587,1.2586648601548502
2025-06-26,107.31573486328125,29.068761825561523,16.59000015258789,18.450000190734862,1.4220943732407887
2025-06-27,106.72056579589844,29.11674690246582,16.31999969482422,18.307000160217285,1.344738167664781
2025-06-30,105.17898559570312,28.723278045654297,16.729999542236328,18.21500015258789,1.3648552772377283
2025-07-01,106.58396911621094,29.270294189453125,16.829999923706055,18.138500118255614,1.2662874875044612
2025-07-02,108.34996032714844,30.038040161132812,16.639999389648438,18.086000061035158,1.108251161814121
2025-07-03,109.47200012207031,29.682958602905273,16.3799991607666,18.02449998855591,1.3667713682043734
2025-07-07,108.40850067138672,29.03037452697754,17.790000915527344,17.99000005722046,1.5429538623214778
2025-07-08,111.41361999511719,30.00925064086914,16.809999465942383,17.992000007629393,1.4135207955542852
2025-07-09,111.0331039428711,30.00925064086914,15.9399995803833,17.930999994277954,1.377128053150577
2025-07-10,112.13562774658203,30.249170303344727,15.779999732971191,17.87249994277954,1.380406692607141
2025-07-11,112.62347412109375,31.32401466369629,16.399999618530273,17.829499912261962,0.9693533285700977
2025-07-14,111.15017700195312,30.8057861328125,17.200000762939453,17.788499927520753,1.0491286681992045
2025-07-15,110.16474914550781,30.575462341308594,17.3799991607666,17.61649990081787,1.0529628414261771
2025-07-16,109.50127410888672,30.63304328918457,17.15999984741211,17.5189998626709,0.9649875180444353
2025-07-17,108.94513702392578,30.79619026184082,16.520000457763672,17.264999866485596,0.8423238614030816
2025-07-18,105.14971160888672,30.70022201538086,16.40999984741211,17.07849988937378,0.5201945820475383
2025-07-21,105.42291259765625,30.930543899536133,16.649999618530273,16.879999828338622,0.4482434930928868
2025-07-22,105.90099334716797,31.208852767944336,16.5,16.71349983215332,0.3754524497848258
2025-07-23,107.25719451904297,31.391189575195312,15.369999885559082,16.60799984931946,0.42751397426654025
2025-07-24,108.0962905883789,30.834577560424805,15.390000343322754,16.539499855041505,0.7447929410920956
2025-07-25,107.71576690673828,30.90175437927246,14.930000305175781,16.4564998626709,0.6797929231681075
2025-07-28,108.73048400878906,31.352802276611328,15.029999732971191,16.391999864578246,0.5847669354299836
2025-07-29,110.13546752929688,31.631113052368164,15.979999542236328,16.354499864578248,0.6006245168371814
2025-07-30,109.1792984008789,30.949737548828125,15.479999542236328,16.28699984550476,0.7993326641470345
2025-07-31,108.92561340332031,30.853771209716797,16.719999313354492,16.290999841690063,0.8159363681936196
2025-08-01,106.9742431640625,30.46989631652832,20.3799991607666,16.490999841690062,0.7927754677793352
2025-08-04,104.75943756103516,31.180063247680664,17.520000457763672,16.47749981880188,0.2785332090481907
2025-08-05,104.63259887695312,32.245304107666016,17.850000381469727,16.52949986457825,-0.18721938613430159
2025-08-06,103.92034149169922,32.51401901245117,16.770000457763672,16.570999908447266,-0.3697694650654476
2025-08-07,103.37396240234375,32.81151580810547,16.56999969482422,16.610499906539918,-0.5487113294408908
2025-08-08,104.20330047607422,32.76353454589844,15.149999618530273,16.547999906539918,-0.44896070936451027
2025-08-11,103.25688171386719,32.581199645996094,16.25,16.500499868392943,-0.4618312548477275
2025-08-12,103.5495834350586,32.69636154174805,14.729999542236328,16.367999887466432,-0.48287760732298324
2025-08-13,104.98384094238281,32.92668151855469,14.489999771118164,16.234499883651733,-0.44378386752221294
2025-08-14,104.7691879272461,33.24337387084961,14.829999923706055,16.149999856948853,-0.5991735140594462
2025-08-15,104.86766815185547,33.42741012573242,15.09000015258789,16.08399987220764,-0.6681247316205182
2025-08-18,105.09416961669922,33.15476989746094,14.989999771118164,16.000999879837035,-0.5303610298895894
2025-08-19,105.78350067138672,32.930816650390625,15.569999694824219,15.954499864578247,-0.3690649203579185
2025-08-20,106.8765869140625,32.98923873901367,15.6899995803833,15.970499849319458,-0.2894000499679181
2025-08-21,107.56593322753906,33.15476989746094,16.600000381469727,16.030999851226806,-0.2939603423465115
2025-08-22,109.58470153808594,33.82663345336914,14.220000267028809,15.995499849319458,-0.3869904177770263
2025-08-25,110.03768157958984,34.05058288574219,14.789999961853027,15.98349986076355,-0.43903370774406286
2025-08-26,109.79148864746094,33.75846481323242,14.619999885559082,15.915499877929687,-0.3381842943569408
2025-08-27,111.03230285644531,33.972686767578125,14.850000381469727,15.883999919891357,-0.3107363922309225
2025-08-28,111.62316131591797,34.420589447021484,14.430000305175781,15.769499969482421,-0.44496107087991493
2025-08-29,112.54883575439453,34.303749084472656,15.359999656677246,15.518499994277954,-0.3066738656696572
2025-09-02,112.9427490234375,34.303749084472656,17.170000076293945,15.500999975204468,-0.2689998068617201
2025-09-03,110.2051010131836,33.553993225097656,16.350000381469727,15.425999975204467,-0.21155411659625178
2025-09-04,110.68763732910156,33.398197174072266,15.300000190734863,15.352499961853027,-0.09905998681689278
2025-09-05,107.56593322753906,33.037925720214844,15.180000305175781,15.282999992370605,-0.24420347130068784
2025-09-08,108.17648315429688,33.01845169067383,15.109999656677246,15.280999994277954,-0.17751736414945837
2025-09-09,108.96429443359375,33.19371795654297,15.039999961853027,15.220499992370605,-0.17680601246041383
2025-09-10,110.7861099243164,33.84610366821289,15.350000381469727,15.251500034332276,-0.28037831616546033
2025-09-11,110.43159484863281,33.56372833251953,14.710000038146973,15.262500047683716,-0.19403772846291698
2025-09-12,110.4512939453125,32.99897766113281,14.760000228881836,15.259000062942505,0.04833947067014441
2025-09-15,110.63839721679688,33.31056213378906,15.6899995803833,15.289000034332275,-0.06645086986892616
2025-09-16,112.93289947509766,33.5247802734375,16.360000610351562,15.357500076293945,0.061773900027007576
2025-09-17,113.53359985351562,33.398197174072266,15.720000267028809,15.365000104904174,0.1731292688800634
2025-09-18,112.19432830810547,33.651363372802734,15.699999809265137,15.365500116348267,-0.0627674988606831
2025-09-19,111.10123443603516,33.222930908203125,15.449999809265137,15.308000087738037,0.015131950497658619
2025-09-22,110.31341552734375,33.46635437011719,16.100000381469727,15.402000093460083,-0.1638747732268336
2025-09-23,112.2140121459961,33.82663345336914,16.639999389648438,15.494500064849854,-0.13552185794048327
2025-09-24,112.81472778320312,34.284271240234375,16.18000030517578,15.572500085830688,-0.27294938495845994
2025-09-25,113.82903289794922,34.33295440673828,16.739999771118164,15.66700005531311,-0.19667196224928357
2025-09-26,115.4342041015625,34.751651763916016,15.289999961853027,15.710000038146973,-0.2214504900440501
2025-09-29,112.47990417480469,33.83636474609375,16.1200008392334,15.74800009727478,-0.11423578276627296
2025-09-30,111.03230285644531,33.553993225097656,16.280000686645508,15.703500127792358,-0.1324401254255798
2025-10-01,110.28387451171875,33.553993225097656,16.290000915527344,15.70050015449524,-0.20402018044951917
2025-10-02,109.59454345703125,32.969764709472656,16.6299991607666,15.767000102996827,-0.02116053745855107
2025-10-03,111.53453063964844,33.261878967285156,16.649999618530273,15.84050006866455,0.03998698885749794
2025-10-06,112.460205078125,33.91426467895508,16.3700008392334,15.903500127792359,-0.1492926858750635
2025-10-07,112.51929473876953,34.05058288574219,17.239999771118164,16.013500118255614,-0.20169100455300126
2025-10-08,112.28295135498047,33.61241149902344,16.299999237060547,16.061000061035156,-0.037704298935082176
2025-10-09,111.18986511230469,33.38846206665039,16.43000030517578,16.147000074386597,-0.04688108090130132
2025-10-10,109.04307556152344,32.609493255615234,21.65999984741211,16.49200005531311,0.07951463304342904
2025-10-13,110.53006744384766,32.81397247314453,19.030000686645508,16.65900011062622,0.13465593153056954
2025-10-14,110.57930755615234,32.23948287963867,20.809999465942383,16.881500053405762,0.38400566607349335
2025-10-15,109.90966796875,32.463436126708984,20.639999389648438,17.127500009536742,0.22459285815874144
2025-10-16,108.9544448852539,31.91815948486328,25.309999465942383,17.607999992370605,0.3654352085975417
2025-10-17,110.53006744384766,32.25895690917969,20.780000686645508,17.874500036239624,0.37100350567164986
2025-10-20,110.9830551147461,32.346595764160156,18.229999542236328,17.980999994277955,0.37700737937257206
2025-10-21,110.99291229248047,32.288169860839844,17.8700008392334,18.042500066757203,0.40283018467145393
2025-10-22,112.96244049072266,33.41767120361328,18.600000381469727,18.1635000705719,0.11021049464172308
2025-10-23,114.21309661865234,34.07979202270508,17.299999237060547,18.19150004386902,-0.052133365156709445
2025-10-24,113.632080078125,33.63188552856445,16.3700008392334,18.245500087738037,0.083034223910159
2025-10-27,114.1737060546875,33.855838775634766,15.789999961853027,18.229000043869018,0.039467450326035186
2025-10-28,113.2775650024414,33.553993225097656,16.420000076293945,18.23600001335144,0.08229785060910125
2025-10-29,114.67593383789062,34.2745361328125,16.920000076293945,18.26749997138977,-0.090797128708673
2025-10-30,112.9427490234375,33.855838775634766,16.90999984741211,18.281500005722044,-0.0782618856215119
2025-10-31,112.6177749633789,34.20637512207031,17.440000534057617,18.321000051498412,-0.2586148021590232
2025-11-03,112.02691650390625,33.95321273803711,17.170000076293945,18.36100001335144,-0.2073182419197396
2025-11-04,112.40113067626953,34.19663619995117,19.0,18.44900002479553,-0.2751875501954336
2025-11-05,111.94813537597656,34.74191665649414,18.010000228881836,18.534500074386596,-0.5507142239782457
2025-11-06,112.7556381225586,34.87823486328125,19.5,18.68800005912781,-0.5315339469903381
2025-11-07,115.4342041015625,35.618255615234375,19.079999923706055,18.559000062942506,-0.5904846780896009
2025-11-10,116.4189682006836,36.1440544128418,17.600000381469727,18.487500047683717,-0.7202072749735845
2025-11-11,117.9552001953125,36.36800765991211,17.280000686645508,18.311000108718872,-0.6686494397665418
2025-11-12,116.32048797607422,35.890892028808594,17.510000228881836,18.15450015068054,-0.6218194181627095
2025-11-13,116.98028564453125,35.530616760253906,20.0,17.889000177383423,-0.4052965888811606
2025-11-14,118.50015258789062,36.062721252441406,19.829999923706055,17.84150013923645,-0.48652690063625403
2025-11-17,116.90081024169922,36.03310775756836,22.3799991607666,18.049000120162965,-0.6268781921801918
2025-11-18,118.24187469482422,36.22067642211914,24.690000534057617,18.390000104904175,-0.5784922826469403
2025-11-19,116.572998046875,35.490142822265625,23.65999984741211,18.643000078201293,-0.4270143717980716
2025-11-20,116.24517822265625,35.263084411621094,26.420000076293945,19.099000120162962,-0.3616767712000539
2025-11-21,116.3047866821289,35.51976013183594,23.43000030517578,19.452000093460082,-0.46527846022286057
2025-11-24,115.20213317871094,35.450653076171875,20.520000457763672,19.688500118255615,-0.5413082666539665
2025-11-25,113.75180053710938,35.23346710205078,18.559999465942383,19.795500087738038,-0.5875324179059533
2025-11-26,114.01007843017578,35.47039794921875,17.190000534057617,19.809000110626222,-0.66372511686329
2025-11-28,115.1524658203125,35.638221740722656,16.350000381469727,19.7810001373291,-0.625932631643071
2025-12-01,115.8577651977539,36.04297637939453,17.239999771118164,19.771000099182128,-0.7308379826413653
2025-12-02,114.61603546142578,35.8948974609375,16.59000015258789,19.742000102996826,-0.7865397664312372
2025-12-03,117.02001953125,36.76364517211914,16.079999923706055,19.596000099182127,-0.9265686758801349
2025-12-04,116.36438751220703,36.75376892089844,15.779999732971191,19.484500074386595,-0.9850679463645564
2025-12-05,115.76836395263672,35.371681213378906,15.40999984741211,19.280000066757204,-0.4535243349550238
2025-12-08,115.21207427978516,35.32231521606445,16.65999984741211,19.159000062942503,-0.48570615915405085
2025-12-09,117.467041015625,35.09526062011719,16.93000030517578,19.12550005912781,-0.17335120598903583
2025-12-10,118.74849700927734,35.42103958129883,15.770000457763672,19.050000047683717,-0.18952168840100625
2025-12-11,118.74849700927734,35.07551574707031,14.850000381469727,18.91700005531311,-0.042383976722335744
2025-12-12,118.03326416015625,34.80896759033203,15.739999771118164,18.70400004386902,0.002717547046154496
2025-12-15,116.98028564453125,34.799095153808594,16.5,18.537500047683714,-0.09378576226570176
2025-12-16,113.9206771850586,33.328155517578125,16.479999542236328,18.242500066757202,0.23997604225857205
2025-12-17,116.63260650634766,34.029075622558594,17.6200008392334,17.88900008201599,0.20086679926566148
2025-12-18,115.76836395263672,32.883914947509766,16.8700008392334,17.549500131607054,0.6058649149028881
2025-12-19,115.91736602783203,33.50585174560547,14.90999984741211,16.974000120162962,0.3552702647618788
2025-12-22,117.3676986694336,33.70329666137695,14.079999923706055,16.50650010108948,0.4099009392806665
2025-12-23,118.62928771972656,34.13766860961914,14.0,16.180500078201295,0.34558718464608146
2025-12-24,118.43061828613281,33.871124267578125,13.470000267028809,15.926000118255615,0.4400914631120573
2025-12-26,118.32134246826172,33.831634521484375,13.600000381469727,15.74650011062622,0.44645656557214847
2025-12-29,119.73194122314453,34.00933074951172,14.199999809265137,15.639000082015992,0.5056968437856733
2025-12-30,120.18889617919922,34.30549240112305,14.329999923706055,15.493500089645385,0.4232828981588183
2025-12-31,119.54319763183594,34.28574752807617,14.949999809265137,15.411500072479248,0.36993611920081465
2026-01-02,121.83790588378906,35.371681213378906,14.510000228881836,15.333000087738037,0.1269696408052353
2026-01-05,124.52996063232422,35.65796661376953,14.899999618530273,15.289000082015992,0.2625274370310173
2026-01-06,120.24850463867188,33.92048263549805,14.75,15.256000089645386,0.5929362632039974
2026-01-07,117.7054443359375,33.23930740356445,15.380000114440918,15.192000102996825,0.6397880744784304
2026-01-08,122.09618377685547,33.693424224853516,15.449999809265137,15.118000078201295,0.8663396546429215
2026-01-09,123.78492736816406,33.85137939453125,14.489999771118164,15.054000043869019,0.9605883650919088
2026-01-12,123.2087631225586,33.96984100341797,15.119999885559082,15.067500019073487,0.8550380958439939
2026-01-13,125.7021484375,34.907691955566406,15.979999542236328,15.079500007629395,0.6941326728963139
2026-01-14,129.33790588378906,35.3618049621582,16.75,15.092000007629395,0.8484790281855599
2026-01-15,128.27500915527344,34.70037841796875,15.84000015258789,15.060000038146972,1.0284846395912233
2026-01-16,129.02996826171875,34.92743682861328,15.859999656677246,14.971999979019165,1.0039988500451156
2026-01-20,129.59620666503906,34.70037841796875,20.09000015258789,15.13299994468689,1.1548446192911725
2026-01-21,132.725341796875,35.46052551269531,16.899999618530273,15.232499933242797,1.1304159509833396
2026-01-22,132.75514221191406,34.9767951965332,15.640000343322754,15.310499954223634,1.339257574126784
2026-01-23,134.0763397216797,36.062721252441406,16.09000015258789,15.414999961853027,1.003187298399248
2026-01-26,133.9471893310547,36.28977966308594,16.149999618530273,15.548999929428101,0.8941448416806786
2026-01-27,135.92401123046875,37.13877868652344,16.350000381469727,15.6864999294281,0.721671704307416
2026-01-28,136.66905212402344,37.21775817871094,16.350000381469727,15.79399995803833,0.7592951909720981
2026-01-29,139.57965087890625,37.553409576416016,16.8799991607666,15.921499919891357,0.8947326497233279
2026-01-30,140.4637451171875,37.39545440673828,17.440000534057617,16.04599995613098,1.0465514148146982
2026-02-02,137.48361206054688,37.21775817871094,16.34000015258789,16.137499952316283,0.8372001039640644
2026-02-03,142.7783203125,38.323429107666016,18.0,16.29249997138977,0.8727502023800294
2026-02-04,146.61276245117188,38.698570251464844,18.639999389648438,16.48699994087219,1.0797282013421803
2026-02-05,145.11277770996094,37.68174362182617,21.770000457763672,16.80649995803833,1.369273910205839
2026-02-06,148.0631103515625,38.5109977722168,20.3700008392334,17.052500009536743,1.2983159667781536
2026-02-09,150.20880126953125,38.71831512451172,17.360000610351562,17.196000051498412,1.415246975021203
2026-02-10,150.58628845214844,36.49709701538086,17.790000915527344,17.329500102996825,2.3972325394370397
2026-02-11,154.52999877929688,38.056884765625,17.649999618530273,17.413000106811523,2.1101916321342844
2026-02-12,149.92999267578125,36.71427917480469,20.81999969482422,17.616500091552734,2.24197933704249
2026-02-13,148.4499969482422,37.17826843261719,20.600000381469727,17.854500102996827,1.902846844161398
2026-02-17,146.19000244140625,37.079551696777344,20.290000915527344,18.07600016593933,1.7287373475703245
2026-02-18,150.67999267578125,38.037139892578125,19.6200008392334,18.052500200271606,1.7503833023823865
2026-02-19,150.97000122070312,38.5109977722168,20.229999542236328,18.21900019645691,1.5763324393339773
2026-02-20,147.27999877929688,38.18000030517578,19.09000015258789,18.391500186920165,1.3643706009259728
2026-02-23,150.75999450683594,38.40999984741211,21.010000228881836,18.637500190734862,1.5992562040695757
2026-02-24,149.25999450683594,38.29999923706055,19.549999237060547,18.807500171661378,1.5026380759015423
2026-02-25,149.05999755859375,38.09000015258789,17.93000030517578,18.88650016784668,1.5729361835693525
2026-02-26,148.5399932861328,37.9900016784668,18.6299991607666,19.000500106811522,1.5657860236981458
2026-02-27,152.5,38.86000061035156,19.860000610351562,19.149500179290772,1.5740430660439726
2026-03-02,154.22000122070312,39.470001220703125,21.440000534057617,19.34950017929077,1.4787824476514946
2026-03-03,151.8300018310547,38.86000061035156,23.56999969482422,19.711000156402587,1.5099641116097098
2026-03-04,149.82000732421875,38.84000015258789,21.149999618530273,19.8685001373291,1.3262442341016714
2026-03-05,150.75999450683594,39.29999923706055,23.75,20.12400016784668,1.2202592706722781
2026-03-06,151.2100067138672,40.439998626708984,29.489999771118164,20.510000133514403,0.7778418403448707
2026-03-09,150.44000244140625,40.650001525878906,25.5,20.766500091552736,0.6147707143592954
2026-03-10,148.1300048828125,39.939998626708984,24.93000030517578,21.145000076293947,0.6961887217643594
2026-03-11,151.5800018310547,41.560001373291016,24.229999542236328,21.467000007629395,0.3362868975320928
2026-03-12,153.52999877929688,42.15999984741211,27.290000915527344,21.949000072479247,0.26728248877278343
2026-03-13,156.1199951171875,42.66999816894531,27.190000534057617,22.267500114440917,0.2978135602920064
2026-03-16,157.22999572753906,42.900001525878906,23.510000228881836,22.413000106811523,0.3060300402340308
2026-03-17,158.80999755859375,43.849998474121094,22.3700008392334,22.517000102996825,0.05259592618920421
2026-03-18,157.58999633789062,44.61000061035156,25.09000015258789,22.79050006866455,-0.3877245530535565
2026-03-19,158.16000366210938,45.86000061035156,24.059999465942383,22.982000064849853,-0.8655082009970431
2026-03-20,159.6699981689453,44.779998779296875,26.780000686645508,23.366500091552734,-0.26118409740951215
2026-03-23,161.1300048828125,43.56999969482422,26.149999618530273,23.623500061035156,0.39371712006314386
2026-03-24,165.3800048828125,44.790000915527344,26.950000762939453,23.9935001373291,0.2806644482008351
2026-03-25,163.25999450683594,45.40999984741211,25.329999923706055,24.363500118255615,-0.1861144487823365
2026-03-26,165.42999267578125,46.16999816894531,27.440000534057617,24.804000186920167,-0.30221209448925285
2026-03-27,170.99000549316406,46.68000030517578,31.049999237060547,25.363500118255615,0.012371189560878834
2026-03-30,171.47000122070312,47.349998474121094,30.610000610351562,25.822000122070314,-0.22703349706264989
2026-03-31,169.66000366210938,47.0,25.25,25.9060001373291,-0.25109936357594953
2026-04-01,160.77999877929688,46.16999816894531,24.540000915527344,26.075500202178954,-0.7469397979715936
2026-04-02,160.69000244140625,47.119998931884766,23.8700008392334,26.081500244140624,-1.1600949827760891
2026-04-06,163.3699951171875,47.47999954223633,24.170000076293945,25.815500259399414,-1.057081660446698
2026-04-07,163.91000366210938,47.2400016784668,25.780000686645508,25.82950029373169,-0.9032343969537269
2026-04-08,156.22000122070312,45.88999938964844,21.040000915527344,25.63500032424927,-1.0638256552023446
2026-04-09,155.0399932861328,45.900001525878906,19.489999771118164,25.39800033569336,-1.1809414996046312
2026-04-10,152.50999450683594,46.439998626708984,19.229999542236328,24.995000267028807,-1.652863945965995
2026-04-13,152.63999938964844,46.439998626708984,19.1200008392334,24.591500282287598,-1.640430215027465
2026-04-14,149.24000549316406,46.16999816894531,18.360000610351562,24.334000301361083,-1.8506304321084768
2026-04-15,149.00999450683594,46.119998931884766,18.170000076293945,24.12400026321411,-1.8513371437154793
2026-04-16,151.97999572753906,47.630001068115234,17.940000534057617,23.7665002822876,-2.210303385781519
2026-04-17,146.44000244140625,44.59000015258789,17.479999542236328,23.437500286102296,-1.4455984679381881
2026-04-20,147.67999267578125,45.119998931884766,18.8700008392334,23.04200029373169,-1.5526996299901865
2026-04-21,148.36000061035156,45.90999984741211,19.5,22.709500312805176,-1.8240769655204614
2026-04-22,149.5,46.369998931884766,18.920000076293945,22.3080002784729,-1.9109326630880878
2026-04-23,150.52999877929688,46.349998474121094,19.309999465942383,22.007000255584718,-1.8039060874092203
2026-04-24,148.91000366210938,46.25,18.709999084472656,21.57050018310547,-1.91625991272969
2026-04-27,148.19000244140625,45.970001220703125,18.020000457763672,20.919000244140626,-1.865886631400745
2026-04-28,150.55999755859375,46.349998474121094,17.829999923706055,20.28000020980835,-1.8010369894015734
2026-04-29,154.6699981689453,46.79999923706055,18.809999465942383,19.95800018310547,-1.599582628674539
2026-04-30,154.3300018310547,47.380001068115234,16.889999389648438,19.575500106811525,-1.8790877603675884
